sample_index,relative_path,body_name,x_start,x_end,y_start,y_end,z_start,z_end,width_x,width_y,thickness_z,top_depth_index,bottom_depth_index,center_x_index,center_y_index,center_z_index,top_depth_m,bottom_depth_m,center_depth_m,width_x_m,width_y_m,thickness_z_m,center_x_m,center_y_m,density_contrast,nonzero_density_cells,gravity_minimum_mgal,gravity_maximum_mgal,gravity_mean_mgal,gravity_std_mgal
0,samples/sample_000000.npz,rectangular_body_000000,20,36,49,54,16,19,16,5,3,16,18,27.5,51.0,17.0,160.0,190.0,175.0,160.0,50.0,30.0,275.0,510.0,0.5823011515635614,240,0.0006356701605933149,0.024898510915076173,0.005772701066005025,0.004689714468269792
1,samples/sample_000001.npz,rectangular_body_000001,46,53,36,45,7,12,7,9,5,7,11,49.0,40.0,9.0,70.0,120.0,95.0,70.0,90.0,50.0,490.0,400.0,0.5125959519207172,315,0.00043028064490243376,0.0890937046566733,0.009303194734685051,0.01173766056766307
2,samples/sample_000002.npz,rectangular_body_000002,50,58,24,40,13,20,8,16,7,13,19,53.5,31.5,16.0,130.0,200.0,165.0,80.0,160.0,70.0,535.0,315.0,0.5030300855112483,896,0.0019646721029022264,0.08972307078315878,0.018483251537052763,0.01648332425005586
3,samples/sample_000003.npz,rectangular_body_000003,25,32,2,14,10,15,7,12,5,10,14,28.0,7.5,12.0,100.0,150.0,125.0,70.0,120.0,50.0,280.0,75.0,0.5888399509141371,420,0.0007469770522709372,0.08222364760669323,0.011140799182641846,0.012854060270882445
4,samples/sample_000004.npz,rectangular_body_000004,49,59,18,30,14,16,10,12,2,14,15,53.5,23.5,14.5,140.0,160.0,150.0,100.0,120.0,20.0,535.0,235.0,0.3684879516949954,240,0.000297252025548483,0.02064613663666052,0.0037434637167788024,0.003688830900460806
5,samples/sample_000005.npz,rectangular_body_000005,51,59,45,52,16,20,8,7,4,16,19,54.5,48.0,17.5,160.0,200.0,180.0,80.0,70.0,40.0,545.0,480.0,0.6378219029684873,224,0.000429089609758201,0.025645463938892797,0.0049075340261025314,0.004859095946794309
6,samples/sample_000006.npz,rectangular_body_000006,24,34,23,36,8,13,10,13,5,8,12,28.5,29.0,10.0,80.0,130.0,105.0,100.0,130.0,50.0,285.0,290.0,0.657265292946634,650,0.002696409249992681,0.17790636993450815,0.026579401379658293,0.025479061251724874
7,samples/sample_000007.npz,rectangular_body_000007,45,59,37,51,15,20,14,14,5,15,19,51.5,43.5,17.0,150.0,200.0,175.0,140.0,140.0,50.0,515.0,435.0,0.9073043414323758,980,0.00324968134818425,0.15380539479519378,0.03453557709782322,0.030122151320429495
8,samples/sample_000008.npz,rectangular_body_000008,13,26,45,58,13,16,13,13,3,13,15,19.0,51.0,14.0,130.0,160.0,145.0,130.0,130.0,30.0,190.0,510.0,0.9925207538285843,507,0.0015940224359793872,0.12004068123873815,0.022027052885170484,0.021891145885008078
9,samples/sample_000009.npz,rectangular_body_000009,42,53,33,37,14,17,11,4,3,14,16,47.0,34.5,15.0,140.0,170.0,155.0,110.0,40.0,30.0,470.0,345.0,0.5473759913336271,132,0.0003602358551662131,0.016774496872837937,0.003440471454801847,0.0028731111553060252
10,samples/sample_000010.npz,rectangular_body_000010,13,29,42,58,10,17,16,16,7,10,16,20.5,49.5,13.0,100.0,170.0,135.0,160.0,160.0,70.0,205.0,495.0,0.7524312741276036,1792,0.004440035053971933,0.34133007415082156,0.06359713850825517,0.062274017541699284
11,samples/sample_000011.npz,rectangular_body_000011,55,60,9,21,7,15,5,12,8,7,14,57.0,14.5,10.5,70.0,150.0,110.0,50.0,120.0,80.0,570.0,145.0,0.8188030068467509,480,0.0007225540904016834,0.17359239127592355,0.016480581299675938,0.024392140341712793
12,samples/sample_000012.npz,rectangular_body_000012,14,29,21,30,10,16,15,9,6,10,15,21.0,25.0,12.5,100.0,160.0,130.0,150.0,90.0,60.0,210.0,250.0,0.8109834552387294,810,0.003128840900589764,0.19430039117130632,0.03564918180557667,0.03139285079720913
13,samples/sample_000013.npz,rectangular_body_000013,2,13,48,58,5,12,11,10,7,5,11,7.0,52.5,8.0,50.0,120.0,85.0,110.0,100.0,70.0,70.0,525.0,0.7933045807495349,770,0.0008397009859409831,0.3758435395175507,0.02742956343334498,0.048276237369322614
14,samples/sample_000014.npz,rectangular_body_000014,22,27,4,13,15,20,5,9,5,15,19,24.0,8.0,17.0,150.0,200.0,175.0,50.0,90.0,50.0,240.0,80.0,0.20754495623670338,225,0.0001691072898601594,0.008913845621811725,0.0017556342436244356,0.0016189966235253138
15,samples/sample_000015.npz,rectangular_body_000015,19,32,23,31,14,17,13,8,3,14,16,25.0,26.5,15.0,140.0,170.0,155.0,130.0,80.0,30.0,250.0,265.0,0.6645448098260138,312,0.0013716546797482394,0.04623830242241202,0.01056904606383063,0.007703381318090405
16,samples/sample_000016.npz,rectangular_body_000016,17,33,19,34,4,10,16,15,6,4,9,24.5,26.0,6.5,40.0,100.0,70.0,160.0,150.0,60.0,245.0,260.0,0.9019100585343176,1440,0.004519544554805358,0.7544925176865213,0.08983070366220824,0.10795230573804476
17,samples/sample_000017.npz,rectangular_body_000017,50,57,15,25,6,13,7,10,7,6,12,53.0,19.5,9.0,60.0,130.0,95.0,70.0,100.0,70.0,530.0,195.0,0.455060168177182,490,0.00046850375705208893,0.12534872268811323,0.011723078518110915,0.01648357903224516
18,samples/sample_000018.npz,rectangular_body_000018,36,47,15,26,13,17,11,11,4,13,16,41.0,20.0,14.5,130.0,170.0,150.0,110.0,110.0,40.0,410.0,200.0,0.7556496255102603,484,0.0016911753148870173,0.08642814530636445,0.017977768598959748,0.014899222894407784
19,samples/sample_000019.npz,rectangular_body_000019,25,36,38,44,12,20,11,6,8,12,19,30.0,40.5,15.5,120.0,200.0,160.0,110.0,60.0,80.0,300.0,405.0,0.26977642699442983,528,0.0009739182261916095,0.0323139308208336,0.007127638697771581,0.005278181937959147
20,samples/sample_000020.npz,rectangular_body_000020,25,38,19,27,6,11,13,8,5,6,10,31.0,22.5,8.0,60.0,110.0,85.0,130.0,80.0,50.0,310.0,225.0,0.527739747723183,520,0.0012139080891815889,0.1612427975018807,0.018044350207133027,0.020844618137810793
21,samples/sample_000021.npz,rectangular_body_000021,30,36,6,16,3,8,6,10,5,3,7,32.5,10.5,5.0,30.0,80.0,55.0,60.0,100.0,50.0,325.0,105.0,0.39044082342939723,300,0.00021354832935023711,0.1436947392736844,0.0076300105833654345,0.013711152069975398
22,samples/sample_000022.npz,rectangular_body_000022,20,29,46,62,7,15,9,16,8,7,14,24.0,53.5,10.5,70.0,150.0,110.0,90.0,160.0,80.0,240.0,535.0,0.4605694393624532,1152,0.0014105947183862965,0.20566227929661823,0.02622380370573702,0.031788400333269046
23,samples/sample_000023.npz,rectangular_body_000023,29,43,29,34,5,13,14,5,8,5,12,35.5,31.0,8.5,50.0,130.0,90.0,140.0,50.0,80.0,355.0,310.0,0.225758546632446,560,0.0007306614478711823,0.07439424641285869,0.008320424825126465,0.009269484226393804
24,samples/sample_000024.npz,rectangular_body_000024,28,39,8,13,15,17,11,5,2,15,16,33.0,10.0,15.5,150.0,170.0,160.0,110.0,50.0,20.0,330.0,100.0,0.9409740811696254,110,0.0004342958478911904,0.022562814784389162,0.004378269672862098,0.004003775227989368
25,samples/sample_000025.npz,rectangular_body_000025,18,29,14,23,5,9,11,9,4,5,8,23.0,18.0,6.5,50.0,90.0,70.0,110.0,90.0,40.0,230.0,180.0,0.33140491519502346,396,0.000315072688099066,0.10266567662399011,0.008715832636758148,0.0121402178236333
26,samples/sample_000026.npz,rectangular_body_000026,42,55,34,42,7,9,13,8,2,7,8,48.0,37.5,7.5,70.0,90.0,80.0,130.0,80.0,20.0,480.0,375.0,0.4725149145015195,208,0.00025600929791467136,0.06075178638919231,0.006109993966803799,0.007992498790625066
27,samples/sample_000027.npz,rectangular_body_000027,17,33,6,22,15,17,16,16,2,15,16,24.5,13.5,15.5,150.0,170.0,160.0,160.0,160.0,20.0,245.0,135.0,0.7789084607655188,512,0.0016823059337108407,0.07581515015980461,0.01747480261319952,0.014504137304995812
28,samples/sample_000028.npz,rectangular_body_000028,24,37,45,53,10,18,13,8,8,10,17,30.0,48.5,13.5,100.0,180.0,140.0,130.0,80.0,80.0,300.0,485.0,0.37916968038695953,832,0.0014242488308761013,0.08765491917109672,0.015646654687456633,0.014479100458546706
29,samples/sample_000029.npz,rectangular_body_000029,25,32,19,28,5,8,7,9,3,5,7,28.0,23.0,6.0,50.0,80.0,65.0,70.0,90.0,30.0,280.0,230.0,0.8378726965056633,189,0.0005161000169147365,0.15054856852360687,0.011207671049614648,0.015742254993874875
30,samples/sample_000030.npz,rectangular_body_000030,49,55,24,39,15,22,6,15,7,15,21,51.5,31.0,18.0,150.0,220.0,185.0,60.0,150.0,70.0,515.0,310.0,0.32340379562796207,630,0.001026164842980491,0.033861993184541014,0.008110047737012424,0.00638995432916255
31,samples/sample_000031.npz,rectangular_body_000031,7,16,33,40,7,9,9,7,2,7,8,11.0,36.0,7.5,70.0,90.0,80.0,90.0,70.0,20.0,110.0,360.0,0.2199793810711709,126,6.422476959644155e-05,0.019269691925470116,0.001631034839699582,0.0023426297676159076
32,samples/sample_000032.npz,rectangular_body_000032,38,49,16,32,9,14,11,16,5,9,13,43.0,23.5,11.0,90.0,140.0,115.0,110.0,160.0,50.0,430.0,235.0,0.8991662605211204,880,0.0031460168025114676,0.26827441636178534,0.0447049525671885,0.04308798008885796
33,samples/sample_000033.npz,rectangular_body_000033,29,38,22,32,4,9,9,10,5,4,8,33.0,26.5,6.0,40.0,90.0,65.0,90.0,100.0,50.0,330.0,265.0,0.6624796009659032,450,0.001221346512957841,0.2691361670432101,0.021368004226131034,0.029203394106332395
34,samples/sample_000034.npz,rectangular_body_000034,28,36,16,30,9,17,8,14,8,9,16,31.5,22.5,12.5,90.0,170.0,130.0,80.0,140.0,80.0,315.0,225.0,0.4793614613190729,896,0.0026956817557918684,0.13337111683025552,0.02393330529222371,0.020634195643882393
35,samples/sample_000035.npz,rectangular_body_000035,38,53,48,61,7,11,15,13,4,7,10,45.0,54.0,8.5,70.0,110.0,90.0,150.0,130.0,40.0,450.0,540.0,0.7844032018316711,780,0.0011546331163985043,0.2836978417470033,0.031095200982264412,0.04347166411163624
36,samples/sample_000036.npz,rectangular_body_000036,43,59,39,50,10,15,16,11,5,10,14,50.5,44.0,12.0,100.0,150.0,125.0,160.0,110.0,50.0,505.0,440.0,0.3513652492027719,880,0.0008847717315520465,0.09254886195511768,0.014764458062394674,0.015965016956195816
37,samples/sample_000037.npz,rectangular_body_000037,31,39,25,33,16,19,8,8,3,16,18,34.5,28.5,17.0,160.0,190.0,175.0,80.0,80.0,30.0,345.0,285.0,0.7490368234415601,192,0.0012566311486047765,0.026890484382350643,0.006953178719670585,0.004462782881129965
38,samples/sample_000038.npz,rectangular_body_000038,23,35,24,34,8,10,12,10,2,8,9,28.5,28.5,8.5,80.0,100.0,90.0,120.0,100.0,20.0,285.0,285.0,0.6932820169050666,240,0.0009136555596128332,0.08600684398982227,0.010913370545123837,0.01162985620411789
39,samples/sample_000039.npz,rectangular_body_000039,38,42,26,34,6,10,4,8,4,6,9,39.5,29.5,7.5,60.0,100.0,80.0,40.0,80.0,40.0,395.0,295.0,0.6625174941681033,128,0.00035119981099668816,0.06434839036400646,0.005716040172185457,0.007160997863339756
40,samples/sample_000040.npz,rectangular_body_000040,29,40,32,48,9,12,11,16,3,9,11,34.0,39.5,10.0,90.0,120.0,105.0,110.0,160.0,30.0,340.0,395.0,0.6522510296859483,528,0.0017802653746405786,0.13097730473944205,0.020996577043636555,0.020017004355887904
41,samples/sample_000041.npz,rectangular_body_000041,24,39,21,25,3,8,15,4,5,3,7,31.0,22.5,5.0,30.0,80.0,55.0,150.0,40.0,50.0,310.0,225.0,0.20777721073326233,300,0.00019331262562025754,0.06591713859846626,0.0045721283417937,0.006862946118191221
42,samples/sample_000042.npz,rectangular_body_000042,22,28,40,49,2,7,6,9,5,2,6,24.5,44.0,4.0,20.0,70.0,45.0,60.0,90.0,50.0,245.0,440.0,0.3092615172089288,270,0.00015188863222137777,0.13842665869014567,0.006199625506528369,0.011336435880071528
43,samples/sample_000043.npz,rectangular_body_000043,29,36,28,43,5,8,7,15,3,5,7,32.0,35.0,6.0,50.0,80.0,65.0,70.0,150.0,30.0,320.0,350.0,0.9297482914906869,315,0.0013532576247085515,0.22982639341315408,0.021009263008871668,0.02730607759003712
44,samples/sample_000044.npz,rectangular_body_000044,22,29,18,32,13,20,7,14,7,13,19,25.0,24.5,16.0,130.0,200.0,165.0,70.0,140.0,70.0,250.0,245.0,0.8129409408729518,686,0.003567842530389497,0.11426730558103615,0.02723071030847997,0.019365777290753866
45,samples/sample_000045.npz,rectangular_body_000045,33,39,10,19,4,11,6,9,7,4,10,35.5,14.0,7.0,40.0,110.0,75.0,60.0,90.0,70.0,355.0,140.0,0.585696214499613,378,0.0005513481111734062,0.19140264733775586,0.014051773919063818,0.02054750003127184
46,samples/sample_000046.npz,rectangular_body_000046,26,42,47,61,6,8,16,14,2,6,7,33.5,53.5,6.5,60.0,80.0,70.0,160.0,140.0,20.0,335.0,535.0,0.5160173040865819,448,0.0004877304460241287,0.1335079691913505,0.013583351570395853,0.01952396965609873
47,samples/sample_000047.npz,rectangular_body_000047,9,14,53,62,6,8,5,9,2,6,7,11.0,57.0,6.5,60.0,80.0,70.0,50.0,90.0,20.0,110.0,570.0,0.8157948341691554,90,8.421473054873682e-05,0.06456094987539558,0.0034754399686622783,0.006915304902629058
48,samples/sample_000048.npz,rectangular_body_000048,38,50,14,18,8,11,12,4,3,8,10,43.5,15.5,9.0,80.0,110.0,95.0,120.0,40.0,30.0,435.0,155.0,0.33976363172654256,144,0.0001239281739052527,0.025527081867554008,0.002808745981318944,0.0035106311612829273
49,samples/sample_000049.npz,rectangular_body_000049,13,27,18,23,3,8,14,5,5,3,7,19.5,20.0,5.0,30.0,80.0,55.0,140.0,50.0,50.0,195.0,200.0,0.7705323508373183,350,0.0005066527029206518,0.29145095404277177,0.01892349164558746,0.030282717647886245
50,samples/sample_000050.npz,rectangular_body_000050,28,44,29,39,6,14,16,10,8,6,13,35.5,33.5,9.5,60.0,140.0,100.0,160.0,100.0,80.0,355.0,335.0,0.34452026054367046,1280,0.002626757669506277,0.1932390321284937,0.027890032977470634,0.027687972427208062
51,samples/sample_000051.npz,rectangular_body_000051,17,22,42,55,3,9,5,13,6,3,8,19.0,48.0,5.5,30.0,90.0,60.0,50.0,130.0,60.0,190.0,480.0,0.9579506174671706,390,0.0006247974407577614,0.3880170024270727,0.024596126099680524,0.040480004150614944
52,samples/sample_000052.npz,rectangular_body_000052,10,16,16,28,14,16,6,12,2,14,15,12.5,21.5,14.5,140.0,160.0,150.0,60.0,120.0,20.0,125.0,215.0,0.8023777904824065,144,0.00040669329413139433,0.027746243601866664,0.005150344058491548,0.004916415651590809
53,samples/sample_000053.npz,rectangular_body_000053,43,48,20,32,11,15,5,12,4,11,14,45.0,25.5,12.5,110.0,150.0,130.0,50.0,120.0,40.0,450.0,255.0,0.734401532534041,240,0.0007569391239957452,0.0551406284420656,0.009375368622658697,0.008730880624070283
54,samples/sample_000054.npz,rectangular_body_000054,10,19,5,18,16,19,9,13,3,16,18,14.0,11.0,17.0,160.0,190.0,175.0,90.0,130.0,30.0,140.0,110.0,0.589703997106479,351,0.0006400529689899183,0.03721864113006064,0.007478669156204446,0.00722695709551087
55,samples/sample_000055.npz,rectangular_body_000055,21,29,35,40,8,13,8,5,5,8,12,24.5,37.0,10.0,80.0,130.0,105.0,80.0,50.0,50.0,245.0,370.0,0.47082622661936213,200,0.00044429952400336847,0.04555154189938746,0.005778436099994474,0.0059928952042535
56,samples/sample_000056.npz,rectangular_body_000056,13,25,49,53,5,9,12,4,4,5,8,18.5,50.5,6.5,50.0,90.0,70.0,120.0,40.0,40.0,185.0,505.0,0.486115979181251,192,0.0001605591981948764,0.07809969680078857,0.005686326355821557,0.008954916404224356
57,samples/sample_000057.npz,rectangular_body_000057,24,36,5,12,13,16,12,7,3,13,15,29.5,8.0,14.0,130.0,160.0,145.0,120.0,70.0,30.0,295.0,80.0,0.5594899990243611,252,0.0005035075875970069,0.03587406132938557,0.005999688443266621,0.0061215877551370245
58,samples/sample_000058.npz,rectangular_body_000058,10,18,45,53,7,11,8,8,4,7,10,13.5,48.5,8.5,70.0,110.0,90.0,80.0,80.0,40.0,135.0,485.0,0.34211798854958697,256,0.00017078976874081414,0.05171304252684846,0.004756127964814225,0.0068013518452092565
59,samples/sample_000059.npz,rectangular_body_000059,49,58,32,41,3,11,9,9,8,3,10,53.0,36.0,6.5,30.0,110.0,70.0,90.0,90.0,80.0,530.0,360.0,0.9400558586085401,648,0.0012093096988436713,0.5601690999228461,0.036851906531737456,0.05988222684089232
60,samples/sample_000060.npz,rectangular_body_000060,33,41,25,32,6,14,8,7,8,6,13,36.5,28.0,9.5,60.0,140.0,100.0,80.0,70.0,80.0,365.0,280.0,0.36709982204022884,448,0.0008697643567638703,0.0902647669684174,0.010412076863483466,0.011162001042161645
61,samples/sample_000061.npz,rectangular_body_000061,13,27,51,58,8,13,14,7,5,8,12,19.5,54.0,10.0,80.0,130.0,105.0,140.0,70.0,50.0,195.0,540.0,0.6081998361800318,490,0.000661668753239496,0.126983493338217,0.014565804689487608,0.01908577245647035
62,samples/sample_000062.npz,rectangular_body_000062,3,16,28,43,2,7,13,15,5,2,6,9.0,35.0,4.0,20.0,70.0,45.0,130.0,150.0,50.0,90.0,350.0,0.9681046825162396,975,0.001303135160020283,0.8829894946782578,0.0614489914694988,0.11065515505125881
63,samples/sample_000063.npz,rectangular_body_000063,36,47,5,16,8,13,11,11,5,8,12,41.0,10.0,10.0,80.0,130.0,105.0,110.0,110.0,50.0,410.0,100.0,0.532191217820781,605,0.0007917930912163607,0.13701385498365576,0.016348274320619107,0.02052896553861287
64,samples/sample_000064.npz,rectangular_body_000064,30,37,17,24,14,19,7,7,5,14,18,33.0,20.0,16.0,140.0,190.0,165.0,70.0,70.0,50.0,330.0,200.0,0.33894776967550994,245,0.0005257862046820431,0.017725087102384324,0.003999581690973036,0.0029801126098086147
65,samples/sample_000065.npz,rectangular_body_000065,41,47,22,26,4,6,6,4,2,4,5,43.5,23.5,4.5,40.0,60.0,50.0,60.0,40.0,20.0,435.0,235.0,0.3186383439866961,48,2.9781277917846395e-05,0.02423574089083202,0.0011149857602483094,0.001956514603837225
66,samples/sample_000066.npz,rectangular_body_000066,38,53,3,10,4,7,15,7,3,4,6,45.0,6.0,5.0,40.0,70.0,55.0,150.0,70.0,30.0,450.0,60.0,0.4180529396309754,315,0.00014825461737756938,0.12494624560890052,0.007287551451048797,0.01413471152627114
67,samples/sample_000067.npz,rectangular_body_000067,31,47,36,49,8,16,16,13,8,8,15,38.5,42.0,11.5,80.0,160.0,120.0,160.0,130.0,80.0,385.0,420.0,0.602553111985221,1664,0.004419663840610836,0.3204482474200625,0.056321229153570976,0.051934444812714475
68,samples/sample_000068.npz,rectangular_body_000068,21,34,6,15,12,16,13,9,4,12,15,27.0,10.0,13.5,120.0,160.0,140.0,130.0,90.0,40.0,270.0,100.0,0.8692397290182241,468,0.0014377010312588319,0.10764934095645523,0.018382932231697895,0.01847268065188995
69,samples/sample_000069.npz,rectangular_body_000069,38,52,40,52,8,13,14,12,5,8,12,44.5,45.5,10.0,80.0,130.0,105.0,140.0,120.0,50.0,445.0,455.0,0.5565470437089544,840,0.0013421211993897733,0.18448899171703773,0.025941915456971703,0.029027215600515265
70,samples/sample_000070.npz,rectangular_body_000070,46,55,43,50,2,4,9,7,2,2,3,50.0,46.0,2.5,20.0,40.0,30.0,90.0,70.0,20.0,500.0,460.0,0.22753479532929888,126,2.438772811054697e-05,0.06345401111584087,0.0020865365593165488,0.004806104509772502
71,samples/sample_000071.npz,rectangular_body_000071,50,60,41,57,6,11,10,16,5,6,10,54.5,48.5,8.0,60.0,110.0,85.0,100.0,160.0,50.0,545.0,485.0,0.950196374718226,800,0.0012208958232624999,0.3968827491092355,0.037691973178721395,0.05801500501653034
72,samples/sample_000072.npz,rectangular_body_000072,24,39,47,59,10,17,15,12,7,10,16,31.0,52.5,13.0,100.0,170.0,135.0,150.0,120.0,70.0,310.0,525.0,0.9044379796086117,1260,0.004411454106984315,0.30943323973642384,0.05327802018806578,0.05331222242341075
73,samples/sample_000073.npz,rectangular_body_000073,44,50,2,9,7,13,6,7,6,7,12,46.5,5.0,9.5,70.0,130.0,100.0,60.0,70.0,60.0,465.0,50.0,0.960857141891585,252,0.00041885971407776035,0.1304359282776658,0.010474718279957091,0.016431445387315866
74,samples/sample_000074.npz,rectangular_body_000074,13,23,39,52,15,21,10,13,6,15,20,17.5,45.0,17.5,150.0,210.0,180.0,100.0,130.0,60.0,175.0,450.0,0.2936956257509941,780,0.0009829460025839157,0.03954163183430477,0.0094703110364661,0.007535343253928046
75,samples/sample_000075.npz,rectangular_body_000075,14,25,34,42,13,17,11,8,4,13,16,19.0,37.5,14.5,130.0,170.0,150.0,110.0,80.0,40.0,190.0,375.0,0.7011835364614531,352,0.001229895055350057,0.05975088828484101,0.01227128064642105,0.010082124835728656
76,samples/sample_000076.npz,rectangular_body_000076,42,51,42,49,13,17,9,7,4,13,16,46.0,45.0,14.5,130.0,170.0,150.0,90.0,70.0,40.0,460.0,450.0,0.34369209335569,252,0.00031823364340260606,0.021525271749403635,0.004007201868395912,0.0037273831867987266
77,samples/sample_000077.npz,rectangular_body_000077,10,24,40,45,15,21,14,5,6,15,20,16.5,42.0,17.5,150.0,210.0,180.0,140.0,50.0,60.0,165.0,420.0,0.5529939983760436,420,0.0010555779213345842,0.040766132664556885,0.009770463209952531,0.007617599804627146
78,samples/sample_000078.npz,rectangular_body_000078,24,35,38,48,8,11,11,10,3,8,10,29.0,42.5,9.0,80.0,110.0,95.0,110.0,100.0,30.0,290.0,425.0,0.3314512381757112,330,0.000454914878607696,0.05383561863155096,0.006831005834466509,0.007441969947512545
79,samples/sample_000079.npz,rectangular_body_000079,6,14,2,6,3,6,8,4,3,3,5,9.5,3.5,4.0,30.0,60.0,45.0,80.0,40.0,30.0,95.0,35.0,0.9637463281967422,96,6.588692425357297e-05,0.16048057640723126,0.0044184938138978344,0.012052120864210283
80,samples/sample_000080.npz,rectangular_body_000080,34,47,35,43,3,8,13,8,5,3,7,40.0,38.5,5.0,30.0,80.0,55.0,130.0,80.0,50.0,400.0,385.0,0.4787336263885227,520,0.0006249150792406294,0.25462762694365915,0.018103306771031717,0.027378480567918837
81,samples/sample_000081.npz,rectangular_body_000081,34,42,8,23,2,5,8,15,3,2,4,37.5,15.0,3.0,20.0,50.0,35.0,80.0,150.0,30.0,375.0,150.0,0.5745234338916141,360,0.0002770784305989198,0.28282304232229283,0.015406515252374936,0.02903098161499377
82,samples/sample_000082.npz,rectangular_body_000082,19,23,24,30,16,19,4,6,3,16,18,20.5,26.5,17.0,160.0,190.0,175.0,40.0,60.0,30.0,205.0,265.0,0.49145527256784505,72,0.00021289434926844672,0.006796402694240405,0.001637705004123228,0.0011719702663314261
83,samples/sample_000083.npz,rectangular_body_000083,4,16,29,39,5,11,12,10,6,5,10,9.5,33.5,7.5,50.0,110.0,80.0,120.0,100.0,60.0,95.0,335.0,0.22406604491713944,720,0.00037703374299636266,0.10300663638117494,0.009191402392797116,0.01333002938327089
84,samples/sample_000084.npz,rectangular_body_000084,44,53,43,51,13,15,9,8,2,13,14,48.0,46.5,13.5,130.0,150.0,140.0,90.0,80.0,20.0,480.0,465.0,0.6772901445738391,144,0.00030523584536419575,0.02684407062210245,0.004489967743560112,0.004602119817378235
85,samples/sample_000085.npz,rectangular_body_000085,6,10,37,45,8,14,4,8,6,8,13,7.5,40.5,10.5,80.0,140.0,110.0,40.0,80.0,60.0,75.0,405.0,0.9953341064435577,192,0.00045055514233843715,0.08712102770134313,0.009041050618762994,0.012028158969928277
86,samples/sample_000086.npz,rectangular_body_000086,44,48,5,12,7,14,4,7,7,7,13,45.5,8.0,10.0,70.0,140.0,105.0,40.0,70.0,70.0,455.0,80.0,0.9456680134255657,196,0.00037587029738452384,0.09555529723171244,0.008756736224761554,0.01254654383720345
87,samples/sample_000087.npz,rectangular_body_000087,10,26,24,33,2,4,16,9,2,2,3,17.5,28.0,2.5,20.0,40.0,30.0,160.0,90.0,20.0,175.0,280.0,0.8278355245381428,288,0.00034156471299624623,0.32545115994257207,0.018538109588156045,0.03465462810176139
88,samples/sample_000088.npz,rectangular_body_000088,6,22,18,34,2,7,16,16,5,2,6,13.5,25.5,4.0,20.0,70.0,45.0,160.0,160.0,50.0,135.0,255.0,0.872033054049786,1280,0.001728273781556705,0.8856142808591035,0.0780326784788304,0.12441835967425387
89,samples/sample_000089.npz,rectangular_body_000089,25,40,5,12,5,7,15,7,2,5,6,32.0,8.0,5.5,50.0,70.0,60.0,150.0,70.0,20.0,320.0,80.0,0.32708311713986654,210,0.00012290716355141162,0.05859254915670975,0.004126448396084719,0.0069524863019251575
90,samples/sample_000090.npz,rectangular_body_000090,31,35,42,47,13,15,4,5,2,13,14,32.5,44.0,13.5,130.0,150.0,140.0,40.0,50.0,20.0,325.0,440.0,0.3374063972261927,40,7.413886187991793e-05,0.003922401946573616,0.000707555783471425,0.0006140575195891883
91,samples/sample_000091.npz,rectangular_body_000091,32,38,44,58,15,20,6,14,5,15,19,34.5,50.5,17.0,150.0,200.0,175.0,60.0,140.0,50.0,345.0,505.0,0.314051292974615,420,0.0006309559561844026,0.024067129609936334,0.005509051865127706,0.004446400054331002
92,samples/sample_000092.npz,rectangular_body_000092,10,26,23,28,16,24,16,5,8,16,23,17.5,25.0,19.5,160.0,240.0,200.0,160.0,50.0,80.0,175.0,250.0,0.3527865265552321,640,0.001282416528627493,0.032676423225524366,0.009154651123260103,0.006138139119223212
93,samples/sample_000093.npz,rectangular_body_000093,50,55,43,51,3,5,5,8,2,3,4,52.0,46.5,3.5,30.0,50.0,40.0,50.0,80.0,20.0,520.0,465.0,0.7512071158293232,80,5.875369994763978e-05,0.11504127392910829,0.0040574507681787175,0.008870274265078769
94,samples/sample_000094.npz,rectangular_body_000094,16,26,37,45,6,11,10,8,5,6,10,20.5,40.5,8.0,60.0,110.0,85.0,100.0,80.0,50.0,205.0,405.0,0.22300732516634592,400,0.00027034196565933386,0.056219152828544026,0.005685776659515181,0.007037240554450906
95,samples/sample_000095.npz,rectangular_body_000095,25,31,47,58,5,10,6,11,5,5,9,27.5,52.0,7.0,50.0,100.0,75.0,60.0,110.0,50.0,275.0,520.0,0.4337700634644878,330,0.0003187310676966547,0.1104963512104934,0.008602827333162429,0.012884181217797634
96,samples/sample_000096.npz,rectangular_body_000096,50,59,32,46,6,13,9,14,7,6,12,54.0,38.5,9.0,60.0,130.0,95.0,90.0,140.0,70.0,540.0,385.0,0.30725299857992516,882,0.0006298474916278682,0.13446137351849388,0.014229074034291165,0.019101808275673666
97,samples/sample_000097.npz,rectangular_body_000097,14,19,28,39,13,16,5,11,3,13,15,16.0,33.0,14.0,130.0,160.0,145.0,50.0,110.0,30.0,160.0,330.0,0.38162406129919557,165,0.0003103397619574867,0.016403161317914913,0.003125053413620873,0.0027297475008329778
98,samples/sample_000098.npz,rectangular_body_000098,13,27,32,42,13,20,14,10,7,13,19,19.5,36.5,16.0,130.0,200.0,165.0,140.0,100.0,70.0,195.0,365.0,0.5784619057172555,980,0.0031869622580570243,0.11370563178846263,0.02682965416908517,0.01998985679545948
99,samples/sample_000099.npz,rectangular_body_000099,8,12,13,17,8,11,4,4,3,8,10,9.5,14.5,9.0,80.0,110.0,95.0,40.0,40.0,30.0,95.0,145.0,0.8294001997182849,48,7.17923987542073e-05,0.02353803407458052,0.001969961460560055,0.0029938005576752883
100,samples/sample_000100.npz,rectangular_body_000100,8,12,30,43,3,8,4,13,5,3,7,9.5,36.0,5.0,30.0,80.0,55.0,40.0,130.0,50.0,95.0,360.0,0.8666723554680504,260,0.000359439933982694,0.25853978909972386,0.014418135335354732,0.025902072657636582
101,samples/sample_000101.npz,rectangular_body_000101,9,17,49,62,8,11,8,13,3,8,10,12.5,55.0,9.0,80.0,110.0,95.0,80.0,130.0,30.0,125.0,550.0,0.4764147715662276,312,0.0002446262375854346,0.07260075828583964,0.006754471177749683,0.010405265808741028
102,samples/sample_000102.npz,rectangular_body_000102,40,50,13,24,6,11,10,11,5,6,10,44.5,18.0,8.0,60.0,110.0,85.0,100.0,110.0,50.0,445.0,180.0,0.5703672773877432,550,0.0007642159032083558,0.18586571538581048,0.019074316185085514,0.024671693627741405
103,samples/sample_000103.npz,rectangular_body_000103,44,58,22,29,10,14,14,7,4,10,13,50.5,25.0,11.5,100.0,140.0,120.0,140.0,70.0,40.0,505.0,250.0,0.9970838266696098,392,0.00127673139637197,0.13352471330385304,0.019871506898218257,0.02133772577984344
104,samples/sample_000104.npz,rectangular_body_000104,21,31,39,53,3,6,10,14,3,3,5,25.5,45.5,4.0,30.0,60.0,45.0,100.0,140.0,30.0,255.0,455.0,0.29018999468979223,420,0.0002188804737171724,0.13084280468252973,0.008925849937519775,0.014716170118874026
105,samples/sample_000105.npz,rectangular_body_000105,16,29,30,43,5,8,13,13,3,5,7,22.0,36.0,6.0,50.0,80.0,65.0,130.0,130.0,30.0,220.0,360.0,0.3438520567611396,507,0.0005323502536717697,0.12354742653101956,0.012206495219105449,0.015937124448774497
106,samples/sample_000106.npz,rectangular_body_000106,30,41,23,30,14,16,11,7,2,14,15,35.0,26.0,14.5,140.0,160.0,150.0,110.0,70.0,20.0,350.0,260.0,0.6076186970277863,154,0.0006620821868770305,0.02261543917113763,0.004907195810437275,0.003648340596284734
107,samples/sample_000107.npz,rectangular_body_000107,51,58,47,61,13,16,7,14,3,13,15,54.0,53.5,14.0,130.0,160.0,145.0,70.0,140.0,30.0,540.0,535.0,0.2618071885553499,294,0.0001715513151691225,0.019140764988844317,0.0027412546324763177,0.003369123900309293
108,samples/sample_000108.npz,rectangular_body_000108,34,50,48,60,10,12,16,12,2,10,11,41.5,53.5,10.5,100.0,120.0,110.0,160.0,120.0,20.0,415.0,535.0,0.6914738976110106,384,0.0006622697444975722,0.09258059060307365,0.012906114545591766,0.015393741168228127
109,samples/sample_000109.npz,rectangular_body_000109,28,38,27,34,6,11,10,7,5,6,10,32.5,30.0,8.0,60.0,110.0,85.0,100.0,70.0,50.0,325.0,300.0,0.5369377491873798,350,0.001135306006627408,0.12104371946385534,0.012630862400898517,0.014535768245754284
110,samples/sample_000110.npz,rectangular_body_000110,11,18,24,30,2,7,7,6,5,2,6,14.0,26.5,4.0,20.0,70.0,45.0,70.0,60.0,50.0,140.0,265.0,0.4635946621396003,210,0.0001550023865086631,0.17798730489977257,0.006974736507601007,0.013579661759703978
111,samples/sample_000111.npz,rectangular_body_000111,33,37,21,29,8,16,4,8,8,8,15,34.5,24.5,11.5,80.0,160.0,120.0,40.0,80.0,80.0,345.0,245.0,0.753745409757403,256,0.001102025144182961,0.07808669929902254,0.011300543495645719,0.010679376917053012
112,samples/sample_000112.npz,rectangular_body_000112,4,17,23,28,15,20,13,5,5,15,19,10.0,25.0,17.0,150.0,200.0,175.0,130.0,50.0,50.0,100.0,250.0,0.5648137652792543,325,0.0007330076119478245,0.03399143219912155,0.0072310440892743785,0.006290146869801325
113,samples/sample_000113.npz,rectangular_body_000113,51,61,18,28,9,13,10,10,4,9,12,55.5,22.5,10.5,90.0,130.0,110.0,100.0,100.0,40.0,555.0,225.0,0.5933520521682216,400,0.0005633928395693567,0.09551430898452504,0.01111560998357554,0.01428977277905178
114,samples/sample_000114.npz,rectangular_body_000114,47,62,28,44,15,17,15,16,2,15,16,54.0,35.5,15.5,150.0,170.0,160.0,150.0,160.0,20.0,540.0,355.0,0.6724820537541432,480,0.0012479090202301073,0.06206977292478304,0.013101780175797802,0.011759821780120106
115,samples/sample_000115.npz,rectangular_body_000115,45,57,46,60,7,9,12,14,2,7,8,50.5,52.5,7.5,70.0,90.0,80.0,120.0,140.0,20.0,505.0,525.0,0.735970250652668,336,0.0003797389831068786,0.13664240767432612,0.012711180849832221,0.01983385218297584
116,samples/sample_000116.npz,rectangular_body_000116,47,52,21,34,13,19,5,13,6,13,18,49.0,27.0,15.5,130.0,190.0,160.0,50.0,130.0,60.0,490.0,270.0,0.4886402766409633,390,0.0008602722414695939,0.041750316044397655,0.008639855726515655,0.0073606627758087085
117,samples/sample_000117.npz,rectangular_body_000117,4,8,10,19,3,11,4,9,8,3,10,5.5,14.0,6.5,30.0,110.0,70.0,40.0,90.0,80.0,55.0,140.0,0.29781135205650977,288,0.0001042245310452841,0.090457262021017,0.00424850510592138,0.008564923626279145
118,samples/sample_000118.npz,rectangular_body_000118,28,44,56,62,9,17,16,6,8,9,16,35.5,58.5,12.5,90.0,170.0,130.0,160.0,60.0,80.0,355.0,585.0,0.36265099928464545,768,0.0007629358873158909,0.0852262407890681,0.011241073996707835,0.0133754372425762
119,samples/sample_000119.npz,rectangular_body_000119,6,12,27,37,7,15,6,10,8,7,14,8.5,31.5,10.5,70.0,150.0,110.0,60.0,100.0,80.0,85.0,315.0,0.5049575505079639,480,0.0007357295845499774,0.10960254692231561,0.012063945646636424,0.015234151557916402
120,samples/sample_000120.npz,rectangular_body_000120,48,53,15,29,3,5,5,14,2,3,4,50.0,21.5,3.5,30.0,50.0,40.0,50.0,140.0,20.0,500.0,215.0,0.9033224956910024,140,0.0001534389349769973,0.18158452557305577,0.008993826302684093,0.0172307382024176
121,samples/sample_000121.npz,rectangular_body_000121,42,48,52,61,3,6,6,9,3,3,5,44.5,56.0,4.0,30.0,60.0,45.0,60.0,90.0,30.0,445.0,560.0,0.783173102098575,162,0.00012659442583659505,0.1982721429160002,0.007677099372825432,0.016912277907634367
122,samples/sample_000122.npz,rectangular_body_000122,45,51,31,44,14,22,6,13,8,14,21,47.5,37.0,17.5,140.0,220.0,180.0,60.0,130.0,80.0,475.0,370.0,0.9981855270204449,624,0.0031386056487317385,0.11172553438711201,0.02673000159532134,0.020382761080651426
123,samples/sample_000123.npz,rectangular_body_000123,18,31,11,26,5,9,13,15,4,5,8,24.0,18.0,6.5,50.0,90.0,70.0,130.0,150.0,40.0,240.0,180.0,0.45816516524155326,780,0.0008962666228189585,0.22229052695114698,0.023663847423895094,0.030787865866136334
124,samples/sample_000124.npz,rectangular_body_000124,51,61,37,48,2,10,10,11,8,2,9,55.5,42.0,5.5,20.0,100.0,60.0,100.0,110.0,80.0,555.0,420.0,0.7713258461083334,880,0.0009287847545126409,0.6836347271690681,0.039430698862802226,0.07344402171290222
125,samples/sample_000125.npz,rectangular_body_000125,9,15,14,30,15,21,6,16,6,15,20,11.5,21.5,17.5,150.0,210.0,180.0,60.0,160.0,60.0,115.0,215.0,0.43709402633248157,576,0.0009837030875810768,0.04317100386350638,0.009824127422068984,0.008326529862080018
126,samples/sample_000126.npz,rectangular_body_000126,23,31,49,55,13,15,8,6,2,13,14,26.5,51.5,13.5,130.0,150.0,140.0,80.0,60.0,20.0,265.0,515.0,0.2728927351852563,96,9.626685271723987e-05,0.007368479201137344,0.0012251443120858227,0.0012211368237761387
127,samples/sample_000127.npz,rectangular_body_000127,23,30,53,57,5,13,7,4,8,5,12,26.0,54.5,8.5,50.0,130.0,90.0,70.0,40.0,80.0,260.0,545.0,0.7934138854022472,224,0.00039942019712422866,0.12597188118517733,0.009562594130641472,0.014237798205005198
128,samples/sample_000128.npz,rectangular_body_000128,29,35,44,60,4,11,6,16,7,4,10,31.5,51.5,7.0,40.0,110.0,75.0,60.0,160.0,70.0,315.0,515.0,0.41909458729910204,672,0.0007171820647445368,0.1947669242520173,0.017006370439906437,0.024562259119211567
129,samples/sample_000129.npz,rectangular_body_000129,6,15,19,32,13,15,9,13,2,13,14,10.0,25.0,13.5,130.0,150.0,140.0,90.0,130.0,20.0,100.0,250.0,0.8976451064883175,234,0.000706566423502316,0.055027678200039426,0.009414031907169457,0.009527495054075344
130,samples/sample_000130.npz,rectangular_body_000130,22,30,7,19,9,16,8,12,7,9,15,25.5,12.5,12.0,90.0,160.0,125.0,80.0,120.0,70.0,255.0,125.0,0.5191532330755264,672,0.0011872656757496505,0.11758155866890523,0.01752019061221058,0.01858139314409256
131,samples/sample_000131.npz,rectangular_body_000131,14,18,25,34,6,14,4,9,8,6,13,15.5,29.0,9.5,60.0,140.0,100.0,40.0,90.0,80.0,155.0,290.0,0.21373374187547914,288,0.0002143187765428432,0.03446473866338108,0.003627024395963457,0.004332875758304273
132,samples/sample_000132.npz,rectangular_body_000132,48,58,44,59,15,17,10,15,2,15,16,52.5,51.0,15.5,150.0,170.0,160.0,100.0,150.0,20.0,525.0,510.0,0.9166968828826836,300,0.0007420074346461817,0.05591805583717619,0.010019665194121815,0.010651500711957418
133,samples/sample_000133.npz,rectangular_body_000133,36,44,21,32,10,18,8,11,8,10,17,39.5,26.0,13.5,100.0,180.0,140.0,80.0,110.0,80.0,395.0,260.0,0.7944155083873499,704,0.003166918471340892,0.15939304071976673,0.030002515442594482,0.024906425770603334
134,samples/sample_000134.npz,rectangular_body_000134,15,30,45,57,15,21,15,12,6,15,20,22.0,50.5,17.5,150.0,210.0,180.0,150.0,120.0,60.0,220.0,505.0,0.2745972080013429,1080,0.0012193444891466774,0.04960136756826429,0.011782550654112227,0.009631558435629734
135,samples/sample_000135.npz,rectangular_body_000135,22,27,43,57,7,11,5,14,4,7,10,24.0,49.5,8.5,70.0,110.0,90.0,50.0,140.0,40.0,240.0,495.0,0.21080970244989958,280,0.000153282849719953,0.03213609920616363,0.0034317334651028557,0.00438137171264379
136,samples/sample_000136.npz,rectangular_body_000136,6,11,54,62,2,6,5,8,4,2,5,8.0,57.5,3.5,20.0,60.0,40.0,50.0,80.0,40.0,80.0,575.0,0.7756804210935522,160,8.182003536553896e-05,0.25163407673357807,0.006461799234697734,0.018133026908219527
137,samples/sample_000137.npz,rectangular_body_000137,13,22,17,28,15,19,9,11,4,15,18,17.0,22.0,16.5,150.0,190.0,170.0,90.0,110.0,40.0,170.0,220.0,0.6729958918703116,396,0.001217308187348606,0.05148082490781691,0.011796352835924026,0.009385174182715044
138,samples/sample_000138.npz,rectangular_body_000138,24,36,23,34,5,9,12,11,4,5,8,29.5,28.0,6.5,50.0,90.0,70.0,120.0,110.0,40.0,295.0,280.0,0.3395653771192027,528,0.0008222695961622778,0.1286850212132701,0.012633962026357214,0.01580191468615567
139,samples/sample_000139.npz,rectangular_body_000139,43,54,24,36,14,16,11,12,2,14,15,48.0,29.5,14.5,140.0,160.0,150.0,110.0,120.0,20.0,480.0,295.0,0.9637510996881506,264,0.0012287009493504395,0.058937516430684955,0.012149783233129081,0.010340769960811515
140,samples/sample_000140.npz,rectangular_body_000140,16,22,27,43,15,17,6,16,2,15,16,18.5,34.5,15.5,150.0,170.0,160.0,60.0,160.0,20.0,185.0,345.0,0.5818549545580736,192,0.0006279430087655089,0.023010832735858737,0.005355916490844081,0.00406340066005754
141,samples/sample_000141.npz,rectangular_body_000141,8,13,31,39,6,13,5,8,7,6,12,10.0,34.5,9.0,60.0,130.0,95.0,50.0,80.0,70.0,100.0,345.0,0.6920079636727972,280,0.0005143028442152861,0.11671769548152144,0.010608630427549698,0.014437518736264076
142,samples/sample_000142.npz,rectangular_body_000142,37,50,19,34,5,8,13,15,3,5,7,43.0,26.0,6.0,50.0,80.0,65.0,130.0,150.0,30.0,430.0,260.0,0.5166820864013048,585,0.000823812982996196,0.20134939665549542,0.020854730909189476,0.027217325593188443
143,samples/sample_000143.npz,rectangular_body_000143,28,40,14,28,15,22,12,14,7,15,21,33.5,20.5,18.0,150.0,220.0,185.0,120.0,140.0,70.0,335.0,205.0,0.4306877558372265,1176,0.0035038261158239522,0.08199612217928928,0.02260403695739712,0.01472754981221892
144,samples/sample_000144.npz,rectangular_body_000144,13,17,40,50,13,21,4,10,8,13,20,14.5,44.5,16.5,130.0,210.0,170.0,40.0,100.0,80.0,145.0,445.0,0.5166440440056412,320,0.0006241063931304459,0.03404118107192671,0.006920747375150952,0.006173177297141788
145,samples/sample_000145.npz,rectangular_body_000145,24,34,5,20,12,20,10,15,8,12,19,28.5,12.0,15.5,120.0,200.0,160.0,100.0,150.0,80.0,285.0,120.0,0.9181605701253936,1200,0.004847833099899477,0.233011844315348,0.04817757924399788,0.042000354746849565
146,samples/sample_000146.npz,rectangular_body_000146,3,14,39,52,7,10,11,13,3,7,9,8.0,45.0,8.0,70.0,100.0,85.0,110.0,130.0,30.0,80.0,450.0,0.6663966720060721,429,0.000496063530974459,0.154870076010878,0.014543675187050038,0.021818581467612105
147,samples/sample_000147.npz,rectangular_body_000147,13,26,28,41,9,11,13,13,2,9,10,19.0,34.0,9.5,90.0,110.0,100.0,130.0,130.0,20.0,190.0,340.0,0.7723513030642546,338,0.0010711733995830944,0.10835706567101755,0.01574929109473002,0.01635792378619506
148,samples/sample_000148.npz,rectangular_body_000148,55,59,26,35,11,17,4,9,6,11,16,56.5,30.0,13.5,110.0,170.0,140.0,40.0,90.0,60.0,565.0,300.0,0.8621016645370339,216,0.0006151815535834508,0.05425787331901917,0.007792342333316882,0.008602489566767221
149,samples/sample_000149.npz,rectangular_body_000149,26,41,15,22,2,4,15,7,2,2,3,33.0,18.0,2.5,20.0,40.0,30.0,150.0,70.0,20.0,330.0,180.0,0.7748147902798181,210,0.00025053658204475185,0.2590701929367776,0.012774778008014291,0.02462443927960897
150,samples/sample_000150.npz,rectangular_body_000150,32,41,20,28,9,12,9,8,3,9,11,36.0,23.5,10.0,90.0,120.0,105.0,90.0,80.0,30.0,360.0,235.0,0.5033500607486536,216,0.0005141964673498871,0.048860349887229794,0.006646122252989379,0.0067499254688895265
151,samples/sample_000151.npz,rectangular_body_000151,5,9,25,33,9,12,4,8,3,9,11,6.5,28.5,10.0,90.0,120.0,105.0,40.0,80.0,30.0,65.0,285.0,0.2978229179032972,96,7.236452974131012e-05,0.013554532192381768,0.0013626326621113663,0.0018366946751611976
152,samples/sample_000152.npz,rectangular_body_000152,5,18,19,29,8,14,13,10,6,8,13,11.0,23.5,10.5,80.0,140.0,110.0,130.0,100.0,60.0,110.0,235.0,0.7142023141066649,780,0.0015375744958435107,0.21879033953558763,0.028500427982858158,0.03369765944987136
153,samples/sample_000153.npz,rectangular_body_000153,53,60,50,61,4,12,7,11,8,4,11,56.0,55.0,7.5,40.0,120.0,80.0,70.0,110.0,80.0,560.0,550.0,0.8345949645585902,616,0.0006265309920883279,0.383361757322378,0.02249325598693796,0.04385638048416062
154,samples/sample_000154.npz,rectangular_body_000154,3,15,43,53,13,15,12,10,2,13,14,8.5,47.5,13.5,130.0,150.0,140.0,120.0,100.0,20.0,85.0,475.0,0.35005112444043684,240,0.00021049213324740432,0.022005980577343827,0.003351139217797978,0.00386042177038601
155,samples/sample_000155.npz,rectangular_body_000155,32,38,43,53,14,18,6,10,4,14,17,34.5,47.5,15.5,140.0,180.0,160.0,60.0,100.0,40.0,345.0,475.0,0.3429446631422488,240,0.00041126985137543166,0.0181324145886734,0.0038239974795637307,0.0031510671003100897
156,samples/sample_000156.npz,rectangular_body_000156,15,20,37,52,3,8,5,15,5,3,7,17.0,44.0,5.0,30.0,80.0,55.0,50.0,150.0,50.0,170.0,440.0,0.6496310473277617,375,0.00040649852436903727,0.25334624929824134,0.01668780011021874,0.027183229161586078
157,samples/sample_000157.npz,rectangular_body_000157,16,21,51,60,10,15,5,9,5,10,14,18.0,55.0,12.0,100.0,150.0,125.0,50.0,90.0,50.0,180.0,550.0,0.6124445318328228,225,0.00032867965984127614,0.04848707566415473,0.005984458118665083,0.007468951315825018
158,samples/sample_000158.npz,rectangular_body_000158,42,52,18,28,3,5,10,10,2,3,4,46.5,22.5,3.5,30.0,50.0,40.0,100.0,100.0,20.0,465.0,225.0,0.2984070235870901,200,8.484803035218654e-05,0.08357707871904954,0.004402449590057387,0.008100021209243087
159,samples/sample_000159.npz,rectangular_body_000159,41,57,38,43,8,14,16,5,6,8,13,48.5,40.0,10.5,80.0,140.0,110.0,160.0,50.0,60.0,485.0,400.0,0.32050570099526765,480,0.0004754122048785607,0.060553310577028195,0.008327433289496219,0.009261902825920454
160,samples/sample_000160.npz,rectangular_body_000160,52,61,3,14,11,19,9,11,8,11,18,56.0,8.0,14.5,110.0,190.0,150.0,90.0,110.0,80.0,560.0,80.0,0.7573353552880362,792,0.0012477385396473676,0.14998556350884307,0.019371993788684816,0.02508646755598897
161,samples/sample_000161.npz,rectangular_body_000161,42,56,14,18,16,24,14,4,8,16,23,48.5,15.5,19.5,160.0,240.0,200.0,140.0,40.0,80.0,485.0,155.0,0.8433315989837613,448,0.0014790016259105144,0.05565952448066332,0.01359409838247378,0.011069868134370175
162,samples/sample_000162.npz,rectangular_body_000162,43,52,3,8,13,20,9,5,7,13,19,47.0,5.0,16.0,130.0,200.0,165.0,90.0,50.0,70.0,470.0,50.0,0.605184773503524,315,0.0004934281725674184,0.04131253719298365,0.00639138693561777,0.007127946572934515
163,samples/sample_000163.npz,rectangular_body_000163,49,59,37,51,4,6,10,14,2,4,5,53.5,43.5,4.5,40.0,60.0,50.0,100.0,140.0,20.0,535.0,435.0,0.6152726946197704,280,0.00021001753380208395,0.16693575384006176,0.010847171967880084,0.019672640382021645
164,samples/sample_000164.npz,rectangular_body_000164,19,28,32,44,3,5,9,12,2,3,4,23.0,37.5,3.5,30.0,50.0,40.0,90.0,120.0,20.0,230.0,375.0,0.7952688461787167,216,0.00034774967517210926,0.23056360613614624,0.01322004275517821,0.02278882863275081
165,samples/sample_000165.npz,rectangular_body_000165,21,33,12,23,12,20,12,11,8,12,19,26.5,17.0,15.5,120.0,200.0,160.0,120.0,110.0,80.0,265.0,170.0,0.8130188858516527,1056,0.004285019789391584,0.1859065401180094,0.04042443280758436,0.03250872307331968
166,samples/sample_000166.npz,rectangular_body_000166,3,8,21,31,7,12,5,10,5,7,11,5.0,25.5,9.0,70.0,120.0,95.0,50.0,100.0,50.0,50.0,255.0,0.9228819418882435,250,0.00047431816170777607,0.12792486283237336,0.01078845656222058,0.01611046142672891
167,samples/sample_000167.npz,rectangular_body_000167,46,51,43,54,16,23,5,11,7,16,22,48.0,48.0,19.0,160.0,230.0,195.0,50.0,110.0,70.0,480.0,480.0,0.42255720470714375,385,0.0006248292087177019,0.02543146277755138,0.00597210624848515,0.004980810539067014
168,samples/sample_000168.npz,rectangular_body_000168,24,34,35,46,16,21,10,11,5,16,20,28.5,40.0,18.0,160.0,210.0,185.0,100.0,110.0,50.0,285.0,400.0,0.35402484683168595,550,0.001430626883938622,0.0322902972016551,0.008857857559913897,0.0056333447742541965
169,samples/sample_000169.npz,rectangular_body_000169,24,33,9,22,3,8,9,13,5,3,7,28.0,15.0,5.0,30.0,80.0,55.0,90.0,130.0,50.0,280.0,150.0,0.6766733079869205,585,0.0008144301962701733,0.39273863550994204,0.027397070400224252,0.04363049325244162
170,samples/sample_000170.npz,rectangular_body_000170,56,61,7,17,15,19,5,10,4,15,18,58.0,11.5,16.5,150.0,190.0,170.0,50.0,100.0,40.0,580.0,115.0,0.8953011708452796,200,0.00042672643556696866,0.03554607807091027,0.005480476472965644,0.0062987086381984135
171,samples/sample_000171.npz,rectangular_body_000171,45,54,10,14,6,8,9,4,2,6,7,49.0,11.5,6.5,60.0,80.0,70.0,90.0,40.0,20.0,490.0,115.0,0.6488364763077721,72,6.830153469483087e-05,0.04151335491987598,0.0026786615609321897,0.004573109705217311
172,samples/sample_000172.npz,rectangular_body_000172,44,53,37,45,12,14,9,8,2,12,13,48.0,40.5,12.5,120.0,140.0,130.0,90.0,80.0,20.0,480.0,405.0,0.45921214564720564,144,0.00023317136976659246,0.020677031239261047,0.0033396358920030735,0.0033461844756026574
173,samples/sample_000173.npz,rectangular_body_000173,24,34,22,28,4,11,10,6,7,4,10,28.5,24.5,7.0,40.0,110.0,75.0,100.0,60.0,70.0,285.0,245.0,0.8669425777666184,420,0.0014379905929526914,0.3044994401302916,0.02506048167795171,0.03277947903650649
174,samples/sample_000174.npz,rectangular_body_000174,34,42,41,55,7,12,8,14,5,7,11,37.5,47.5,9.0,70.0,120.0,95.0,80.0,140.0,50.0,375.0,475.0,0.6783989948872378,560,0.0011625045990740126,0.1852375139653749,0.022390865730682576,0.026373351433411348
175,samples/sample_000175.npz,rectangular_body_000175,29,40,39,52,6,12,11,13,6,6,11,34.0,45.0,8.5,60.0,120.0,90.0,110.0,130.0,60.0,340.0,450.0,0.8307043149728166,858,0.0025631022813070283,0.3702685327827907,0.04441009994942414,0.051341229747198694
176,samples/sample_000176.npz,rectangular_body_000176,13,29,32,39,9,13,16,7,4,9,12,20.5,35.0,10.5,90.0,130.0,110.0,160.0,70.0,40.0,205.0,350.0,0.6528667617770079,448,0.0013329745358898614,0.11042590999795254,0.01717751122725192,0.01676570691323139
177,samples/sample_000177.npz,rectangular_body_000177,19,31,36,42,9,15,12,6,6,9,14,24.5,38.5,11.5,90.0,150.0,120.0,120.0,60.0,60.0,245.0,385.0,0.4055537556457042,432,0.0008711553085937925,0.06361135908607637,0.010095842479347462,0.00939117243633248
178,samples/sample_000178.npz,rectangular_body_000178,19,30,44,60,11,14,11,16,3,11,13,24.0,51.5,12.0,110.0,140.0,125.0,110.0,160.0,30.0,240.0,515.0,0.7942484307284456,528,0.0013362725576820372,0.12384092107594591,0.020294823459828443,0.021220156569501325
179,samples/sample_000179.npz,rectangular_body_000179,10,26,25,30,11,14,16,5,3,11,13,17.5,27.0,12.0,110.0,140.0,125.0,160.0,50.0,30.0,175.0,270.0,0.21757411608665045,240,0.00022626624156617042,0.016312073484448325,0.002809799482859597,0.0026352873710508047
180,samples/sample_000180.npz,rectangular_body_000180,27,34,25,31,7,13,7,6,6,7,12,30.0,27.5,9.5,70.0,130.0,100.0,70.0,60.0,60.0,300.0,275.0,0.427615128477047,252,0.0006444693961106376,0.058048563230404374,0.006852493778547511,0.007229570442289527
181,samples/sample_000181.npz,rectangular_body_000181,28,39,36,44,7,14,11,8,7,7,13,33.0,39.5,10.0,70.0,140.0,105.0,110.0,80.0,70.0,330.0,395.0,0.7584924922894787,616,0.0024536557160089413,0.21474289542373998,0.02873751237941517,0.029228556405582903
182,samples/sample_000182.npz,rectangular_body_000182,23,38,29,37,9,15,15,8,6,9,14,30.0,32.5,11.5,90.0,150.0,120.0,150.0,80.0,60.0,300.0,325.0,0.8461974565208115,720,0.004820417347443392,0.2066911003003864,0.0360310506279785,0.031043026070190913
183,samples/sample_000183.npz,rectangular_body_000183,19,32,43,54,16,22,13,11,6,16,21,25.0,48.0,18.5,160.0,220.0,190.0,130.0,110.0,60.0,250.0,480.0,0.5291225751810547,858,0.002284208619280132,0.07080227678699262,0.018464452035524253,0.013476507595058265
184,samples/sample_000184.npz,rectangular_body_000184,11,18,48,52,11,16,7,4,5,11,15,14.0,49.5,13.0,110.0,160.0,135.0,70.0,40.0,50.0,140.0,495.0,0.778815536374533,140,0.00029298965549283575,0.03418569303020646,0.004870089350023416,0.005560118389284469
185,samples/sample_000185.npz,rectangular_body_000185,24,32,36,41,9,17,8,5,8,9,16,27.5,38.0,12.5,90.0,170.0,130.0,80.0,50.0,80.0,275.0,380.0,0.839332843593561,320,0.0016017189622831304,0.0930533628510356,0.015163378937474162,0.013377432172545452
186,samples/sample_000186.npz,rectangular_body_000186,17,21,27,31,5,13,4,4,8,5,12,18.5,28.5,8.5,50.0,130.0,90.0,40.0,40.0,80.0,185.0,285.0,0.7043973114302104,128,0.00031986199590768597,0.06700494601281232,0.005695398175565131,0.007210151687544566
187,samples/sample_000187.npz,rectangular_body_000187,43,48,2,18,15,17,5,16,2,15,16,45.0,9.5,15.5,150.0,170.0,160.0,50.0,160.0,20.0,450.0,95.0,0.6988979174229939,160,0.0003443048317537178,0.02316108544185502,0.004347841770018507,0.0043130476012492374
188,samples/sample_000188.npz,rectangular_body_000188,50,59,49,55,8,13,9,6,5,8,12,54.0,51.5,10.0,80.0,130.0,105.0,90.0,60.0,50.0,540.0,515.0,0.4659665723827107,270,0.00022472052260251837,0.05931660683717667,0.0055789037276681806,0.008351044057040277
189,samples/sample_000189.npz,rectangular_body_000189,30,35,6,18,5,8,5,12,3,5,7,32.0,11.5,6.0,50.0,80.0,65.0,50.0,120.0,30.0,320.0,115.0,0.30328619452394945,180,0.00012117493513558975,0.049220519802909014,0.0034549372414915346,0.005451913161797436
190,samples/sample_000190.npz,rectangular_body_000190,30,35,16,29,2,7,5,13,5,2,6,32.0,22.0,4.0,20.0,70.0,45.0,50.0,130.0,50.0,320.0,220.0,0.3040902232422423,325,0.0002569019791491242,0.14122612945902874,0.007494750639674373,0.012794430576690947
191,samples/sample_000191.npz,rectangular_body_000191,49,61,29,35,15,17,12,6,2,15,16,54.5,31.5,15.5,150.0,170.0,160.0,120.0,60.0,20.0,545.0,315.0,0.516165543280098,144,0.0003072153853933248,0.01595087378465186,0.003027547049371559,0.0028333622684889605
192,samples/sample_000192.npz,rectangular_body_000192,37,51,3,12,8,13,14,9,5,8,12,43.5,7.0,10.0,80.0,130.0,105.0,140.0,90.0,50.0,435.0,70.0,0.9513313457530024,630,0.0012478749206415334,0.2486629165236116,0.027641312464861206,0.03746430403350023
193,samples/sample_000193.npz,rectangular_body_000193,7,17,34,38,15,22,10,4,7,15,21,11.5,35.5,18.0,150.0,220.0,185.0,100.0,40.0,70.0,115.0,355.0,0.8488172315489486,280,0.00110196882727118,0.041320481643354244,0.009438707207674302,0.007628068766673698
194,samples/sample_000194.npz,rectangular_body_000194,36,49,43,50,7,15,13,7,8,7,14,42.0,46.0,10.5,70.0,150.0,110.0,130.0,70.0,80.0,420.0,460.0,0.8483121437621688,728,0.0019424395586505674,0.2620132332365458,0.034377678208225834,0.038172415223071264
195,samples/sample_000195.npz,rectangular_body_000195,29,45,3,11,9,12,16,8,3,9,11,36.5,6.5,10.0,90.0,120.0,105.0,160.0,80.0,30.0,365.0,65.0,0.48673387518577677,384,0.0004540685861764496,0.07401255881073943,0.008791547998018377,0.01132615963278968
196,samples/sample_000196.npz,rectangular_body_000196,18,24,4,15,3,11,6,11,8,3,10,20.5,9.0,6.5,30.0,110.0,70.0,60.0,110.0,80.0,205.0,90.0,0.6511661819687117,528,0.0005553608435896564,0.3213856798538069,0.01980342764629186,0.03397562961023424
197,samples/sample_000197.npz,rectangular_body_000197,34,44,4,9,3,5,10,5,2,3,4,38.5,6.0,3.5,30.0,50.0,40.0,100.0,50.0,20.0,385.0,60.0,0.8976157552747548,100,9.151256749722781e-05,0.15606493603164606,0.00555560441290015,0.012708247522050362
198,samples/sample_000198.npz,rectangular_body_000198,26,37,34,49,5,9,11,15,4,5,8,31.0,41.0,6.5,50.0,90.0,70.0,110.0,150.0,40.0,310.0,410.0,0.9723033483190442,660,0.002406110132285845,0.42204861746725286,0.04429267380014418,0.05539406906541288
199,samples/sample_000199.npz,rectangular_body_000199,17,29,40,55,5,10,12,15,5,5,9,22.5,47.0,7.0,50.0,100.0,75.0,120.0,150.0,50.0,225.0,470.0,0.7603318125376113,900,0.0016052011657880223,0.4087646776233952,0.04331061264925763,0.05702962225218598
200,samples/sample_000200.npz,rectangular_body_000200,2,14,51,62,12,18,12,11,6,12,17,7.5,56.0,14.5,120.0,180.0,150.0,120.0,110.0,60.0,75.0,560.0,0.2744560853477075,792,0.00044785581824420746,0.05157387889293624,0.006885917765430452,0.008834346389300453
201,samples/sample_000201.npz,rectangular_body_000201,38,49,47,51,15,21,11,4,6,15,20,43.0,48.5,17.5,150.0,210.0,180.0,110.0,40.0,60.0,430.0,485.0,0.7861302466790849,264,0.0008547937487949943,0.037438109028950124,0.008459919327593785,0.007008594979455976
202,samples/sample_000202.npz,rectangular_body_000202,15,31,36,48,12,16,16,12,4,12,15,22.5,41.5,13.5,120.0,160.0,140.0,160.0,120.0,40.0,225.0,415.0,0.5662618216826578,768,0.002060153812968878,0.10715705791068926,0.02242308821666129,0.018567783039383074
203,samples/sample_000203.npz,rectangular_body_000203,25,37,22,35,7,15,12,13,8,7,14,30.5,28.0,10.5,70.0,150.0,110.0,120.0,130.0,80.0,305.0,280.0,0.9314094672290456,1248,0.00789414358448079,0.45528166255294344,0.07112226012139058,0.0662678846435859
204,samples/sample_000204.npz,rectangular_body_000204,42,48,20,36,15,21,6,16,6,15,20,44.5,27.5,17.5,150.0,210.0,180.0,60.0,160.0,60.0,445.0,275.0,0.6054736964358632,576,0.0020564144835786176,0.059801565249312336,0.015517921743137923,0.010858499402258411
205,samples/sample_000205.npz,rectangular_body_000205,37,44,44,53,13,21,7,9,8,13,20,40.0,48.0,16.5,130.0,210.0,170.0,70.0,90.0,80.0,400.0,480.0,0.29306944141669233,504,0.0006453523157951919,0.03030144248753111,0.006449485940998014,0.005386142680969704
206,samples/sample_000206.npz,rectangular_body_000206,23,35,7,15,7,10,12,8,3,7,9,28.5,10.5,8.0,70.0,100.0,85.0,120.0,80.0,30.0,285.0,105.0,0.8190743063310679,288,0.0005863800663922247,0.13817195384983533,0.013489779639513583,0.01843525544839547
207,samples/sample_000207.npz,rectangular_body_000207,40,48,37,53,5,9,8,16,4,5,8,43.5,44.5,6.5,50.0,90.0,70.0,80.0,160.0,40.0,435.0,445.0,0.49942213422980236,512,0.0005600724030491721,0.17506118035290547,0.01664842144900576,0.02285054709458608
208,samples/sample_000208.npz,rectangular_body_000208,41,56,47,58,10,12,15,11,2,10,11,48.0,52.0,10.5,100.0,120.0,110.0,150.0,110.0,20.0,480.0,520.0,0.7553410869157671,330,0.0005456706461761001,0.09010039016898645,0.011773959856045561,0.014873744589289493
209,samples/sample_000209.npz,rectangular_body_000209,7,14,15,30,5,11,7,15,6,5,10,10.0,22.0,7.5,50.0,110.0,80.0,70.0,150.0,60.0,100.0,220.0,0.6586920021247377,630,0.0008101472362800877,0.26145307965883674,0.023540148894094157,0.03442104295774212
210,samples/sample_000210.npz,rectangular_body_000210,16,26,19,29,5,11,10,10,6,5,10,20.5,23.5,7.5,50.0,110.0,80.0,100.0,100.0,60.0,205.0,235.0,0.9421818730685152,600,0.0016878151573362806,0.3801532838377345,0.0368875098699407,0.046872136356791674
211,samples/sample_000211.npz,rectangular_body_000211,35,43,16,26,10,12,8,10,2,10,11,38.5,20.5,10.5,100.0,120.0,110.0,80.0,100.0,20.0,385.0,205.0,0.39337745647565997,160,0.00025259383035888935,0.025625903047603496,0.0036737745394384673,0.003738818796031921
212,samples/sample_000212.npz,rectangular_body_000212,29,36,46,62,10,18,7,16,8,10,17,32.0,53.5,13.5,100.0,180.0,140.0,70.0,160.0,80.0,320.0,535.0,0.984051525213357,896,0.0033945197536554873,0.23680451301519084,0.03951132326050369,0.039963110982767926
213,samples/sample_000213.npz,rectangular_body_000213,28,42,9,24,15,19,14,15,4,15,18,34.5,16.0,16.5,150.0,190.0,170.0,140.0,150.0,40.0,345.0,160.0,0.7244764347655686,840,0.0032733445802781854,0.10900053916883172,0.027153881349984615,0.020287876287143392
214,samples/sample_000214.npz,rectangular_body_000214,46,57,12,25,6,8,11,13,2,6,7,51.0,18.0,6.5,60.0,80.0,70.0,110.0,130.0,20.0,510.0,180.0,0.5439830313774974,286,0.00026126031892619386,0.10669344110555004,0.009269535816683801,0.014090885617681728
215,samples/sample_000215.npz,rectangular_body_000215,56,60,41,47,4,6,4,6,2,4,5,57.5,43.5,4.5,40.0,60.0,50.0,40.0,60.0,20.0,575.0,435.0,0.7116632957207709,48,3.6142420865085424e-05,0.054129351454896196,0.0019422073855575187,0.004325510229111239
216,samples/sample_000216.npz,rectangular_body_000216,19,29,39,50,16,23,10,11,7,16,22,23.5,44.0,19.0,160.0,230.0,195.0,100.0,110.0,70.0,235.0,440.0,0.36213539605576045,770,0.0015634265252056942,0.042590815532637556,0.01162789787976538,0.007898360745158655
217,samples/sample_000217.npz,rectangular_body_000217,39,43,29,36,15,20,4,7,5,15,19,40.5,32.0,17.0,150.0,200.0,175.0,40.0,70.0,50.0,405.0,320.0,0.8405318124847987,140,0.0008808658665202165,0.02277357016357595,0.0055785014201828135,0.003820122526437874
218,samples/sample_000218.npz,rectangular_body_000218,23,33,28,44,3,8,10,16,5,3,7,27.5,35.5,5.0,30.0,80.0,55.0,100.0,160.0,50.0,275.0,355.0,0.6132115979220445,800,0.0016759052035256346,0.4170132433239768,0.03627259370857813,0.050724602716942464
219,samples/sample_000219.npz,rectangular_body_000219,27,40,34,42,8,10,13,8,2,8,9,33.0,37.5,8.5,80.0,100.0,90.0,130.0,80.0,20.0,330.0,375.0,0.857707734406314,208,0.0009125322482378343,0.09358378554738006,0.011642750081427098,0.012563323871763492
220,samples/sample_000220.npz,rectangular_body_000220,2,17,51,62,12,16,15,11,4,12,15,9.0,56.0,13.5,120.0,160.0,140.0,150.0,110.0,40.0,90.0,560.0,0.7223231364416982,660,0.0009674838232452758,0.12060710482311618,0.01615882968951251,0.02090749817134846
221,samples/sample_000221.npz,rectangular_body_000221,9,15,35,45,3,5,6,10,2,3,4,11.5,39.5,3.5,30.0,50.0,40.0,60.0,100.0,20.0,115.0,395.0,0.27558642595623506,120,4.015908081308103e-05,0.054950858669968176,0.002322797529671683,0.00470637074609351
222,samples/sample_000222.npz,rectangular_body_000222,44,60,17,28,12,17,16,11,5,12,16,51.5,22.0,14.0,120.0,170.0,145.0,160.0,110.0,50.0,515.0,220.0,0.8427649388781568,880,0.002514672127537184,0.1760350027183217,0.032888434772664656,0.03186355125134462
223,samples/sample_000223.npz,rectangular_body_000223,48,56,43,54,10,13,8,11,3,10,12,51.5,48.0,11.0,100.0,130.0,115.0,80.0,110.0,30.0,515.0,480.0,0.2458987870638194,264,0.0001488947741159889,0.024431459571190688,0.003061984812831179,0.0038478194746720856
224,samples/sample_000224.npz,rectangular_body_000224,31,40,15,23,14,16,9,8,2,14,15,35.0,18.5,14.5,140.0,160.0,150.0,90.0,80.0,20.0,350.0,185.0,0.5412624350821327,144,0.0004110209287317384,0.019018305944232046,0.0038899248481703594,0.0031834073546507975
225,samples/sample_000225.npz,rectangular_body_000225,46,53,21,37,6,9,7,16,3,6,8,49.0,28.5,7.0,60.0,90.0,75.0,70.0,160.0,30.0,490.0,285.0,0.4948974929092671,336,0.0004287257212636432,0.1059403239815282,0.01051250679194429,0.014047577122474734
226,samples/sample_000226.npz,rectangular_body_000226,5,10,51,59,2,8,5,8,6,2,7,7.0,54.5,4.5,20.0,80.0,50.0,50.0,80.0,60.0,70.0,545.0,0.5346681212475293,240,0.00010672830722568376,0.21190046634276688,0.006745574311809674,0.016723615474574936
227,samples/sample_000227.npz,rectangular_body_000227,38,49,11,25,7,10,11,14,3,7,9,43.0,17.5,8.0,70.0,100.0,85.0,110.0,140.0,30.0,430.0,175.0,0.9714772436879422,462,0.0011359194242908177,0.23698598584106778,0.027332351919507683,0.033882527117766355
228,samples/sample_000228.npz,rectangular_body_000228,26,42,24,37,5,8,16,13,3,5,7,33.5,30.0,6.0,50.0,80.0,65.0,160.0,130.0,30.0,335.0,300.0,0.43124807661798414,624,0.0012891627132649967,0.17351198334731685,0.019280263964313156,0.023562501141349192
229,samples/sample_000229.npz,rectangular_body_000229,17,25,58,62,7,12,8,4,5,7,11,20.5,59.5,9.0,70.0,120.0,95.0,80.0,40.0,50.0,205.0,595.0,0.711878377851388,160,0.00019792081517683432,0.06598713775856829,0.00489914989724625,0.007830998685134417
230,samples/sample_000230.npz,rectangular_body_000230,29,40,46,51,12,20,11,5,8,12,19,34.0,48.0,15.5,120.0,200.0,160.0,110.0,50.0,80.0,340.0,480.0,0.9892650556466507,440,0.002146492571607495,0.09937618310636503,0.020192128327821267,0.016983950790365424
231,samples/sample_000231.npz,rectangular_body_000231,5,12,5,18,11,19,7,13,8,11,18,8.0,11.0,14.5,110.0,190.0,150.0,70.0,130.0,80.0,80.0,110.0,0.5114082867809959,728,0.0008600660298963839,0.09248469618021402,0.013203451525642866,0.01602883807362746
232,samples/sample_000232.npz,rectangular_body_000232,50,56,28,44,2,10,6,16,8,2,9,52.5,35.5,5.5,20.0,100.0,60.0,60.0,160.0,80.0,525.0,355.0,0.8081827678497719,768,0.0011191565660893677,0.5894923123313314,0.0397054582680727,0.06605607928785218
233,samples/sample_000233.npz,rectangular_body_000233,37,50,23,34,14,17,13,11,3,14,16,43.0,28.0,15.0,140.0,170.0,155.0,130.0,110.0,30.0,430.0,280.0,0.3702397478733513,429,0.0009159393122862315,0.034640829347409,0.007853866859564625,0.005982064463503995
234,samples/sample_000234.npz,rectangular_body_000234,37,48,17,21,15,21,11,4,6,15,20,42.0,18.5,17.5,150.0,210.0,180.0,110.0,40.0,60.0,420.0,185.0,0.3231823155526301,264,0.0004119323334751077,0.015391005166382452,0.0036859327819832545,0.002805488993980161
235,samples/sample_000235.npz,rectangular_body_000235,7,19,35,50,6,13,12,15,7,6,12,12.5,42.0,9.0,60.0,130.0,95.0,120.0,150.0,70.0,125.0,420.0,0.7500763029041742,1260,0.002271850265326081,0.43137505486339645,0.05215675050389629,0.0654398124237254
236,samples/sample_000236.npz,rectangular_body_000236,3,15,42,51,6,14,12,9,8,6,13,8.5,46.0,9.5,60.0,140.0,100.0,120.0,90.0,80.0,85.0,460.0,0.9700300027104123,864,0.001642975410127391,0.41042040095368426,0.040438169018165916,0.05767874752072587
237,samples/sample_000237.npz,rectangular_body_000237,18,32,48,58,11,14,14,10,3,11,13,24.5,52.5,12.0,110.0,140.0,125.0,140.0,100.0,30.0,245.0,525.0,0.24987819290877306,420,0.0003244496708025967,0.03228976217936049,0.005023225993226167,0.00541288292388328
238,samples/sample_000238.npz,rectangular_body_000238,28,44,3,15,10,17,16,12,7,10,16,35.5,8.5,13.0,100.0,170.0,135.0,160.0,120.0,70.0,355.0,85.0,0.7356040132269086,1344,0.0032596276066607054,0.2642054050870811,0.04384808007927359,0.04586146280541743
239,samples/sample_000239.npz,rectangular_body_000239,18,24,41,55,2,5,6,14,3,2,4,20.5,47.5,3.0,20.0,50.0,35.0,60.0,140.0,30.0,205.0,475.0,0.2558702969888061,252,7.50149022948541e-05,0.10126526005966555,0.004766612453805801,0.009410551128910481
240,samples/sample_000240.npz,rectangular_body_000240,23,38,24,39,5,11,15,15,6,5,10,30.0,31.0,7.5,50.0,110.0,80.0,150.0,150.0,60.0,300.0,310.0,0.870335982659969,1350,0.007081762681483117,0.6104502108932138,0.07994807310351229,0.08729389799104004
241,samples/sample_000241.npz,rectangular_body_000241,28,36,5,17,11,14,8,12,3,11,13,31.5,10.5,12.0,110.0,140.0,125.0,80.0,120.0,30.0,315.0,105.0,0.26463886110946205,288,0.00028163149450062454,0.024643985934695464,0.003705561575988069,0.003968192974488607
242,samples/sample_000242.npz,rectangular_body_000242,41,52,14,28,7,12,11,14,5,7,11,46.0,20.5,9.0,70.0,120.0,95.0,110.0,140.0,50.0,460.0,205.0,0.21822690116421928,770,0.0004649011795407787,0.07793158007854203,0.009829771809871575,0.01154263731263893
243,samples/sample_000243.npz,rectangular_body_000243,38,49,31,44,3,8,11,13,5,3,7,43.0,37.0,5.0,30.0,80.0,55.0,110.0,130.0,50.0,430.0,370.0,0.560567956533323,715,0.0009456825383458711,0.3697663697844097,0.028821297067771284,0.04295398368776069
244,samples/sample_000244.npz,rectangular_body_000244,10,16,45,57,11,15,6,12,4,11,14,12.5,50.5,12.5,110.0,150.0,130.0,60.0,120.0,40.0,125.0,505.0,0.9197806194195024,288,0.0006448840632029651,0.0821783174572174,0.011502435414339306,0.01375113959536793
245,samples/sample_000245.npz,rectangular_body_000245,3,15,26,34,3,6,12,8,3,3,5,8.5,29.5,4.0,30.0,60.0,45.0,120.0,80.0,30.0,85.0,295.0,0.4366408519048685,288,0.00017625145433294382,0.15906645933329933,0.00811931689350192,0.0159206322150115
246,samples/sample_000246.npz,rectangular_body_000246,17,29,44,56,15,19,12,12,4,15,18,22.5,49.5,16.5,150.0,190.0,170.0,120.0,120.0,40.0,225.0,495.0,0.4741696066458017,576,0.0011287995288818587,0.051090497186888975,0.011506856579410965,0.009618144391063094
247,samples/sample_000247.npz,rectangular_body_000247,18,22,29,41,4,8,4,12,4,4,7,19.5,34.5,5.5,40.0,80.0,60.0,40.0,120.0,40.0,195.0,345.0,0.9369144971952845,192,0.0004814720210903423,0.18627198444356985,0.012753314210484956,0.019104274842368964
248,samples/sample_000248.npz,rectangular_body_000248,9,13,26,41,9,12,4,15,3,9,11,10.5,33.0,10.0,90.0,120.0,105.0,40.0,150.0,30.0,105.0,330.0,0.997122192087579,180,0.000550454487167752,0.07548511374169736,0.009487104798322064,0.011315026092150432
249,samples/sample_000249.npz,rectangular_body_000249,24,33,7,23,9,12,9,16,3,9,11,28.0,14.5,10.0,90.0,120.0,105.0,90.0,160.0,30.0,280.0,145.0,0.24927266510384138,432,0.00037289551386962804,0.042177242006830255,0.006025725977034353,0.006563991944212585
250,samples/sample_000250.npz,rectangular_body_000250,17,22,47,57,4,6,5,10,2,4,5,19.0,51.5,4.5,40.0,60.0,50.0,50.0,100.0,20.0,190.0,515.0,0.27292052000803413,100,3.492435830586852e-05,0.03660410236891349,0.0017912001482770792,0.0033941269704714006
251,samples/sample_000251.npz,rectangular_body_000251,22,36,43,58,8,13,14,15,5,8,12,28.5,50.0,10.0,80.0,130.0,105.0,140.0,150.0,50.0,285.0,500.0,0.4771147405213568,1050,0.001655881255995544,0.18730915435875692,0.027401008396475114,0.03021209256069428
252,samples/sample_000252.npz,rectangular_body_000252,20,35,31,35,6,8,15,4,2,6,7,27.0,32.5,6.5,60.0,80.0,70.0,150.0,40.0,20.0,270.0,325.0,0.4152014324367905,120,0.00022831458733827797,0.0370557919706102,0.0035058859727595953,0.004421749912744792
253,samples/sample_000253.npz,rectangular_body_000253,6,19,32,45,11,17,13,13,6,11,16,12.0,38.0,13.5,110.0,170.0,140.0,130.0,130.0,60.0,120.0,380.0,0.279221561359454,1014,0.001026212015975611,0.07293973067912418,0.01319135851477126,0.012759140902686015
254,samples/sample_000254.npz,rectangular_body_000254,38,51,54,61,10,17,13,7,7,10,16,44.0,57.0,13.0,100.0,170.0,135.0,130.0,70.0,70.0,440.0,570.0,0.6441032372161397,637,0.0010035163469246356,0.12100500714787377,0.016299893606006324,0.019640848352451522
255,samples/sample_000255.npz,rectangular_body_000255,35,48,3,11,4,6,13,8,2,4,5,41.0,6.5,4.5,40.0,60.0,50.0,130.0,80.0,20.0,410.0,65.0,0.5203038190406011,208,0.00012673086372637333,0.11707087998790205,0.0063805991734761525,0.012529330933718866
256,samples/sample_000256.npz,rectangular_body_000256,49,53,37,46,11,17,4,9,6,11,16,50.5,41.0,13.5,110.0,170.0,140.0,40.0,90.0,60.0,505.0,410.0,0.5399672178619397,216,0.0003922934058970902,0.03398378048168235,0.005457030682110883,0.005565768131306411
257,samples/sample_000257.npz,rectangular_body_000257,30,37,19,28,16,24,7,9,8,16,23,33.0,23.0,19.5,160.0,240.0,200.0,70.0,90.0,80.0,330.0,230.0,0.8275098231699369,504,0.003338067208001723,0.06295046472785648,0.018105188259114405,0.010910895279963036
258,samples/sample_000258.npz,rectangular_body_000258,30,42,32,46,14,19,12,14,5,14,18,35.5,38.5,16.0,140.0,190.0,165.0,120.0,140.0,50.0,355.0,385.0,0.7515436513309226,840,0.004445579763535048,0.12269268964643018,0.030972072620950607,0.0211001778590312
259,samples/sample_000259.npz,rectangular_body_000259,38,42,42,52,7,10,4,10,3,7,9,39.5,46.5,8.0,70.0,100.0,85.0,40.0,100.0,30.0,395.0,465.0,0.7174683510709243,120,0.0002330530074491924,0.0558555453461982,0.005329408533379482,0.006898028121315226
260,samples/sample_000260.npz,rectangular_body_000260,30,41,12,17,8,12,11,5,4,8,11,35.0,14.0,9.5,80.0,120.0,100.0,110.0,50.0,40.0,350.0,140.0,0.5253266359763402,220,0.00037075985171883404,0.057049536313127,0.006631303748863336,0.00784257441274403
261,samples/sample_000261.npz,rectangular_body_000261,7,15,17,30,14,19,8,13,5,14,18,10.5,23.0,16.0,140.0,190.0,165.0,80.0,130.0,50.0,105.0,230.0,0.5767499382975229,520,0.0011048934259913097,0.06069566016405133,0.012263948069809159,0.011188234722280126
262,samples/sample_000262.npz,rectangular_body_000262,17,28,55,62,6,9,11,7,3,6,8,22.0,58.0,7.0,60.0,90.0,75.0,110.0,70.0,30.0,220.0,580.0,0.20567784608756565,231,7.388036542537306e-05,0.03492829066862079,0.002368989567071792,0.0040583004301182925
263,samples/sample_000263.npz,rectangular_body_000263,16,23,11,20,4,7,7,9,3,4,6,19.0,15.0,5.0,40.0,70.0,55.0,70.0,90.0,30.0,190.0,150.0,0.40722257038956694,189,0.00011967848808200763,0.09148329588686979,0.005185493715725298,0.008922825721670167
264,samples/sample_000264.npz,rectangular_body_000264,22,34,23,37,2,7,12,14,5,2,6,27.5,29.5,4.0,20.0,70.0,45.0,120.0,140.0,50.0,275.0,295.0,0.5834445476172143,840,0.0015510705999539512,0.4967277035017542,0.03762220979664867,0.05784833263282895
265,samples/sample_000265.npz,rectangular_body_000265,23,36,14,27,3,6,13,13,3,3,5,29.0,20.0,4.0,30.0,60.0,45.0,130.0,130.0,30.0,290.0,200.0,0.4105888841758047,507,0.0004658218765241274,0.20712016130545768,0.015577937356857504,0.024426301294324115
266,samples/sample_000266.npz,rectangular_body_000266,24,36,51,58,8,13,12,7,5,8,12,29.5,54.0,10.0,80.0,130.0,105.0,120.0,70.0,50.0,295.0,540.0,0.5332940713888342,420,0.0006398421347144495,0.0991817739719697,0.011440563879505062,0.014330887692014845
267,samples/sample_000267.npz,rectangular_body_000267,15,25,13,27,7,15,10,14,8,7,14,19.5,19.5,10.5,70.0,150.0,110.0,100.0,140.0,80.0,195.0,195.0,0.653172022949642,1120,0.0023960354086910987,0.2902912395294872,0.041086968607464094,0.04411266413053601
268,samples/sample_000268.npz,rectangular_body_000268,5,14,15,30,3,6,9,15,3,3,5,9.0,22.0,4.0,30.0,60.0,45.0,90.0,150.0,30.0,90.0,220.0,0.7162747009473132,405,0.0003411535854891632,0.3124690626819999,0.018764532212767,0.03530985919591135
269,samples/sample_000269.npz,rectangular_body_000269,11,20,5,17,8,13,9,12,5,8,12,15.0,10.5,10.0,80.0,130.0,105.0,90.0,120.0,50.0,150.0,105.0,0.42957357572417765,540,0.0004786024914667194,0.09996176691021202,0.011173139924019533,0.015060460456510756
270,samples/sample_000270.npz,rectangular_body_000270,10,19,40,47,14,19,9,7,5,14,18,14.0,43.0,16.0,140.0,190.0,165.0,90.0,70.0,50.0,140.0,430.0,0.7094088346244332,315,0.0008508398351332047,0.047091864190804765,0.009555315672406967,0.008518452430914376
271,samples/sample_000271.npz,rectangular_body_000271,33,42,40,55,16,19,9,15,3,16,18,37.0,47.0,17.0,160.0,190.0,175.0,90.0,150.0,30.0,370.0,470.0,0.7080067931449348,405,0.0014622634632166114,0.05065059660911232,0.012503620791028375,0.009392539756971298
272,samples/sample_000272.npz,rectangular_body_000272,19,28,19,28,7,15,9,9,8,7,14,23.0,23.0,10.5,70.0,150.0,110.0,90.0,90.0,80.0,230.0,230.0,0.3785920907283837,648,0.0010172333216074052,0.1087376801237251,0.014498646234536975,0.014979456632158975
273,samples/sample_000273.npz,rectangular_body_000273,35,48,15,23,3,5,13,8,2,3,4,41.0,18.5,3.5,30.0,50.0,40.0,130.0,80.0,20.0,410.0,185.0,0.6010788186192544,208,0.00018829829387019746,0.16689183799796528,0.009332230280766332,0.01667074839155557
274,samples/sample_000274.npz,rectangular_body_000274,24,33,46,52,12,14,9,6,2,12,13,28.0,48.5,12.5,120.0,140.0,130.0,90.0,60.0,20.0,280.0,485.0,0.8153378546488377,108,0.0003561333774835544,0.027988048255129103,0.004520844594261843,0.004438747815352995
275,samples/sample_000275.npz,rectangular_body_000275,34,41,56,62,9,13,7,6,4,9,12,37.0,58.5,10.5,90.0,130.0,110.0,70.0,60.0,40.0,370.0,585.0,0.29863442722226186,168,0.00011600497107870339,0.022130129259653502,0.0021730595816005813,0.0029760475654793278
276,samples/sample_000276.npz,rectangular_body_000276,31,44,8,21,3,6,13,13,3,3,5,37.0,14.0,4.0,30.0,60.0,45.0,130.0,130.0,30.0,370.0,140.0,0.48743549353489446,507,0.0003931555505259505,0.2458851656103055,0.01750678289957304,0.029333530461218144
277,samples/sample_000277.npz,rectangular_body_000277,44,50,41,55,9,11,6,14,2,9,10,46.5,47.5,9.5,90.0,110.0,100.0,60.0,140.0,20.0,465.0,475.0,0.5832442591058662,168,0.00023719404134653455,0.04416873459998013,0.005328345976200159,0.006582624902913267
278,samples/sample_000278.npz,rectangular_body_000278,53,60,12,26,10,13,7,14,3,10,12,56.0,18.5,11.0,100.0,130.0,115.0,70.0,140.0,30.0,560.0,185.0,0.8294292067444629,294,0.0005341254647910034,0.08846611750860611,0.010704292763271193,0.01388813598302504
279,samples/sample_000279.npz,rectangular_body_000279,16,30,17,31,13,15,14,14,2,13,14,22.5,23.5,13.5,130.0,150.0,140.0,140.0,140.0,20.0,225.0,235.0,0.3474498467529563,392,0.0006927795736786436,0.03335842942590978,0.007108705553083875,0.00573842265052439
280,samples/sample_000280.npz,rectangular_body_000280,28,42,25,34,12,18,14,9,6,12,17,34.5,29.0,14.5,120.0,180.0,150.0,140.0,90.0,60.0,345.0,290.0,0.6826717955148642,756,0.004201706107389752,0.12192775960802174,0.02727741824399932,0.019732973794568932
281,samples/sample_000281.npz,rectangular_body_000281,52,62,21,31,7,10,10,10,3,7,9,56.5,25.5,8.0,70.0,100.0,85.0,100.0,100.0,30.0,565.0,255.0,0.7466618430629406,300,0.00044523271787356864,0.13194918213155332,0.011400133437836975,0.017157527053389857
282,samples/sample_000282.npz,rectangular_body_000282,40,49,2,16,6,10,9,14,4,6,9,44.0,8.5,7.5,60.0,100.0,80.0,90.0,140.0,40.0,440.0,85.0,0.394310436914898,504,0.00034230136703626953,0.1196633467768649,0.010534562780727764,0.016109216122680146
283,samples/sample_000283.npz,rectangular_body_000283,51,55,5,17,11,15,4,12,4,11,14,52.5,10.5,12.5,110.0,150.0,130.0,40.0,120.0,40.0,525.0,105.0,0.8207551791079548,192,0.00034253101044282085,0.049482803361004545,0.006338692435295801,0.00814528377864343
284,samples/sample_000284.npz,rectangular_body_000284,5,9,49,59,13,17,4,10,4,13,16,6.5,53.5,14.5,130.0,170.0,150.0,40.0,100.0,40.0,65.0,535.0,0.5221968754297813,160,0.00017824532152589513,0.020855348527324492,0.0027569446777026664,0.0035135041564859715
285,samples/sample_000285.npz,rectangular_body_000285,18,31,25,30,12,17,13,5,5,12,16,24.0,27.0,14.0,120.0,170.0,145.0,130.0,50.0,50.0,240.0,270.0,0.8400120091096648,325,0.001684236112630629,0.07053452404210472,0.014420240343144205,0.01132757599460547
286,samples/sample_000286.npz,rectangular_body_000286,30,43,8,24,6,11,13,16,5,6,10,36.0,15.5,8.0,60.0,110.0,85.0,130.0,160.0,50.0,360.0,155.0,0.8926958595448438,1040,0.002732208137845492,0.4546032788077203,0.05685250267271319,0.0680005151331656
287,samples/sample_000287.npz,rectangular_body_000287,10,23,27,41,5,7,13,14,2,5,6,16.0,33.5,5.5,50.0,70.0,60.0,130.0,140.0,20.0,160.0,335.0,0.5153106510874732,364,0.000454110883949802,0.1385050321756783,0.01284183242867426,0.018161771270244473
288,samples/sample_000288.npz,rectangular_body_000288,2,10,42,46,10,16,8,4,6,10,15,5.5,43.5,12.5,100.0,160.0,130.0,80.0,40.0,60.0,55.0,435.0,0.9860890784300471,192,0.0004466536273611623,0.06372307348944833,0.007604139187025705,0.0095973496876437
289,samples/sample_000289.npz,rectangular_body_000289,19,34,39,45,11,16,15,6,5,11,15,26.0,41.5,13.0,110.0,160.0,135.0,150.0,60.0,50.0,260.0,415.0,0.7672946439234274,450,0.0017757669546873312,0.09739116054531288,0.01855959382088751,0.015748199134166006
290,samples/sample_000290.npz,rectangular_body_000290,14,21,8,17,3,11,7,9,8,3,10,17.0,12.0,6.5,30.0,110.0,70.0,70.0,90.0,80.0,170.0,120.0,0.9668653457100038,504,0.0007867812901808576,0.47791329181430736,0.02922430466120542,0.04912744432037673
291,samples/sample_000291.npz,rectangular_body_000291,5,13,37,43,6,14,8,6,8,6,13,8.5,39.5,9.5,60.0,140.0,100.0,80.0,60.0,80.0,85.0,395.0,0.418174515724672,384,0.0003711843552527245,0.08919760727737233,0.008177323280935562,0.01137412623651508
292,samples/sample_000292.npz,rectangular_body_000292,48,57,23,31,15,22,9,8,7,15,21,52.0,26.5,18.0,150.0,220.0,185.0,90.0,80.0,70.0,520.0,265.0,0.65010567883577,504,0.0014549945911741637,0.05645762646861948,0.012841054350530283,0.010506333511546586
293,samples/sample_000293.npz,rectangular_body_000293,26,39,35,44,14,22,13,9,8,14,21,32.0,39.0,17.5,140.0,220.0,180.0,130.0,90.0,80.0,320.0,390.0,0.7280742591172003,936,0.005538619411055231,0.12044430424779021,0.03190834886743847,0.020534994395156075
294,samples/sample_000294.npz,rectangular_body_000294,14,22,3,19,16,22,8,16,6,16,21,17.5,10.5,18.5,160.0,220.0,190.0,80.0,160.0,60.0,175.0,105.0,0.5780618309466061,768,0.0015819526203894548,0.06860161874260501,0.01573576589115129,0.013641979499691361
295,samples/sample_000295.npz,rectangular_body_000295,24,35,7,20,13,20,11,13,7,13,19,29.0,13.0,16.0,130.0,200.0,165.0,110.0,130.0,70.0,290.0,130.0,0.4015858600666298,1001,0.001898793606769334,0.08094550180099178,0.017599693382143806,0.014670421801176501
296,samples/sample_000296.npz,rectangular_body_000296,38,45,9,19,10,18,7,10,8,10,17,41.0,13.5,13.5,100.0,180.0,140.0,70.0,100.0,80.0,410.0,135.0,0.7744369785084133,560,0.0015113114129935061,0.1261503619896368,0.020616117622689382,0.020640138785436395
297,samples/sample_000297.npz,rectangular_body_000297,25,41,48,59,12,20,16,11,8,12,19,32.5,53.0,15.5,120.0,200.0,160.0,160.0,110.0,80.0,325.0,530.0,0.9541568060163397,1408,0.005721650392040452,0.27843481159239825,0.05662480344317318,0.050920223726099716
298,samples/sample_000298.npz,rectangular_body_000298,27,40,15,19,8,14,13,4,6,8,13,33.0,16.5,10.5,80.0,140.0,110.0,130.0,40.0,60.0,330.0,165.0,0.6681809483288637,312,0.0008444995775091495,0.0876327173700975,0.011919538684887314,0.012639323665161734
299,samples/sample_000299.npz,rectangular_body_000299,38,53,8,17,10,15,15,9,5,10,14,45.0,12.0,12.0,100.0,150.0,125.0,150.0,90.0,50.0,450.0,120.0,0.37603494605370236,675,0.0006911943928338248,0.07914013093519084,0.011966600876928489,0.01338236875187768
300,samples/sample_000300.npz,rectangular_body_000300,44,59,32,41,8,15,15,9,7,8,14,51.0,36.0,11.0,80.0,150.0,115.0,150.0,90.0,70.0,510.0,360.0,0.25154805775661143,945,0.0007777594371287389,0.08650621738805131,0.012292875898260818,0.013578386354602377
301,samples/sample_000301.npz,rectangular_body_000301,41,56,23,29,4,12,15,6,8,4,11,48.0,25.5,7.5,40.0,120.0,80.0,150.0,60.0,80.0,480.0,255.0,0.5745756904286867,720,0.001074415764990752,0.27731700090323225,0.025775936018981677,0.03471880925339673
302,samples/sample_000302.npz,rectangular_body_000302,20,30,3,8,8,12,10,5,4,8,11,24.5,5.0,9.5,80.0,120.0,100.0,100.0,50.0,40.0,245.0,50.0,0.7871825875801053,200,0.00033047224643357066,0.0789810458473705,0.007182481296695678,0.010373966450438556
303,samples/sample_000303.npz,rectangular_body_000303,29,33,13,28,3,9,4,15,6,3,8,30.5,20.0,5.5,30.0,90.0,60.0,40.0,150.0,60.0,305.0,200.0,0.3129223223334009,360,0.00033289529162713487,0.10994260286798775,0.007996273144488362,0.011772874863932784
304,samples/sample_000304.npz,rectangular_body_000304,7,18,35,42,14,16,11,7,2,14,15,12.0,38.0,14.5,140.0,160.0,150.0,110.0,70.0,20.0,120.0,380.0,0.49187479679751434,154,0.0002888360133579211,0.01830747548445606,0.0034085724666513863,0.0031919066628197617
305,samples/sample_000305.npz,rectangular_body_000305,3,14,14,26,12,19,11,12,7,12,18,8.0,19.5,15.0,120.0,190.0,155.0,110.0,120.0,70.0,80.0,195.0,0.3224782812991032,924,0.0008817943668236268,0.06747196368339076,0.011627496576573706,0.012090064112337207
306,samples/sample_000306.npz,rectangular_body_000306,52,57,46,53,13,20,5,7,7,13,19,54.0,49.0,16.0,130.0,200.0,165.0,50.0,70.0,70.0,540.0,490.0,0.3901124657729734,245,0.00026434312697688593,0.0209924759322185,0.0034771886986007727,0.0037494558351671165
307,samples/sample_000307.npz,rectangular_body_000307,16,26,10,19,9,17,10,9,8,9,16,20.5,14.0,12.5,90.0,170.0,130.0,100.0,90.0,80.0,205.0,140.0,0.43687966710116016,720,0.0010072017067840671,0.1024605598879207,0.015504280836570333,0.01635450632763308
308,samples/sample_000308.npz,rectangular_body_000308,49,61,13,24,3,7,12,11,4,3,6,54.5,18.0,4.5,30.0,70.0,50.0,120.0,110.0,40.0,545.0,180.0,0.799933393504016,528,0.0004778885200650612,0.4367619450915994,0.025677419311921287,0.049150838274620676
309,samples/sample_000309.npz,rectangular_body_000309,47,51,3,13,12,16,4,10,4,12,15,48.5,7.5,13.5,120.0,160.0,140.0,40.0,100.0,40.0,485.0,75.0,0.5309146974500472,160,0.00020035960964938577,0.023986847470975726,0.003281205005304196,0.003990720001869544
310,samples/sample_000310.npz,rectangular_body_000310,17,22,19,31,10,17,5,12,7,10,16,19.0,24.5,13.0,100.0,170.0,135.0,50.0,120.0,70.0,190.0,245.0,0.7159255896360319,420,0.0013331543221674126,0.09108789341918694,0.015813201512227055,0.014383318196644004
311,samples/sample_000311.npz,rectangular_body_000311,14,24,6,20,16,24,10,14,8,16,23,18.5,12.5,19.5,160.0,240.0,200.0,100.0,140.0,80.0,185.0,125.0,0.8180567472456166,1120,0.0036835524880231355,0.13178482037325173,0.0329766843344406,0.026326501546285293
312,samples/sample_000312.npz,rectangular_body_000312,5,20,28,38,9,16,15,10,7,9,15,12.0,32.5,12.0,90.0,160.0,125.0,150.0,100.0,70.0,120.0,325.0,0.5422781904292155,1050,0.0021861488979060748,0.1790850143487413,0.028463371602827567,0.029369987933328522
313,samples/sample_000313.npz,rectangular_body_000313,16,31,20,27,14,21,15,7,7,14,20,23.0,23.0,17.0,140.0,210.0,175.0,150.0,70.0,70.0,230.0,230.0,0.41705467484153724,735,0.0018081010604592469,0.05606512839245116,0.014139838756387321,0.009899696669983332
314,samples/sample_000314.npz,rectangular_body_000314,23,37,30,46,5,7,14,16,2,5,6,29.5,37.5,5.5,50.0,70.0,60.0,140.0,160.0,20.0,295.0,375.0,0.8053544895882767,448,0.0013306317279484885,0.24140946328156693,0.026091806043063916,0.03316209118106798
315,samples/sample_000315.npz,rectangular_body_000315,26,39,5,11,2,5,13,6,3,2,4,32.0,7.5,3.0,20.0,50.0,35.0,130.0,60.0,30.0,320.0,75.0,0.5076134627199622,234,0.0001350540824300889,0.1965314246808339,0.00794662991868443,0.017550123737614626
316,samples/sample_000316.npz,rectangular_body_000316,49,54,34,38,3,7,5,4,4,3,6,51.0,35.5,4.5,30.0,70.0,50.0,50.0,40.0,40.0,510.0,355.0,0.2884622005312868,80,3.798488902263898e-05,0.040475072810818746,0.001581532908097447,0.003042005330805582
317,samples/sample_000317.npz,rectangular_body_000317,2,10,23,34,6,12,8,11,6,6,11,5.5,28.0,8.5,60.0,120.0,90.0,80.0,110.0,60.0,55.0,280.0,0.6953848158497049,528,0.0007791191453041723,0.2116881074785858,0.017901713237333083,0.026877701062150785
318,samples/sample_000318.npz,rectangular_body_000318,22,28,5,17,8,11,6,12,3,8,10,24.5,10.5,9.0,80.0,110.0,95.0,60.0,120.0,30.0,245.0,105.0,0.9985715127112051,216,0.0005314939371558725,0.11028541041851883,0.011666783709287634,0.01529723970995299
319,samples/sample_000319.npz,rectangular_body_000319,53,57,40,46,14,21,4,6,7,14,20,54.5,42.5,17.0,140.0,210.0,175.0,40.0,60.0,70.0,545.0,425.0,0.514789448191705,168,0.00029088313785021597,0.017089486700295375,0.003230371648077951,0.0030913019357062927
320,samples/sample_000320.npz,rectangular_body_000320,14,19,13,23,7,15,5,10,8,7,14,16.0,17.5,10.5,70.0,150.0,110.0,50.0,100.0,80.0,160.0,175.0,0.6526229382287294,400,0.0007100367291642347,0.11963460019737798,0.014003326793094385,0.016751516919033423
321,samples/sample_000321.npz,rectangular_body_000321,31,43,43,54,10,18,12,11,8,10,17,36.5,48.0,13.5,100.0,180.0,140.0,120.0,110.0,80.0,365.0,480.0,0.9891184220909932,1056,0.004379822227417844,0.28506890482277164,0.05169674013045142,0.047703064435902984
322,samples/sample_000322.npz,rectangular_body_000322,32,44,6,21,3,11,12,15,8,3,10,37.5,13.0,6.5,30.0,110.0,70.0,120.0,150.0,80.0,375.0,130.0,0.6192611690448377,1440,0.0019267932445535796,0.6049061976049206,0.056117499213684585,0.08069829124820184
323,samples/sample_000323.npz,rectangular_body_000323,34,40,23,36,15,19,6,13,4,15,18,36.5,29.0,16.5,150.0,190.0,170.0,60.0,130.0,40.0,365.0,290.0,0.8707647868773136,312,0.0022054760841903045,0.05240528081418504,0.013291047808707563,0.00876396309053377
324,samples/sample_000324.npz,rectangular_body_000324,11,27,10,25,13,20,16,15,7,13,19,18.5,17.0,16.0,130.0,200.0,165.0,160.0,150.0,70.0,185.0,170.0,0.506345175809118,1680,0.003449092002541564,0.15971181128953138,0.03691715257515815,0.030613283947942767
325,samples/sample_000325.npz,rectangular_body_000325,24,33,51,55,14,19,9,4,5,14,18,28.0,52.5,16.0,140.0,190.0,165.0,90.0,40.0,50.0,280.0,525.0,0.31407478056583804,180,0.00023507773951723408,0.012059973534933155,0.0023722901813564568,0.0021345004201815013
326,samples/sample_000326.npz,rectangular_body_000326,45,58,27,31,16,18,13,4,2,16,17,51.0,28.5,16.5,160.0,180.0,170.0,130.0,40.0,20.0,510.0,285.0,0.9485290495058767,104,0.0004535767353735425,0.019017999556881715,0.004159544222911699,0.003473170579989493
327,samples/sample_000327.npz,rectangular_body_000327,35,49,48,58,10,14,14,10,4,10,13,41.5,52.5,11.5,100.0,140.0,120.0,140.0,100.0,40.0,415.0,525.0,0.49715056276693464,560,0.0007685428754872843,0.09188033108728094,0.013376606057109013,0.015178657398384442
328,samples/sample_000328.npz,rectangular_body_000328,6,20,48,54,4,12,14,6,8,4,11,12.5,50.5,7.5,40.0,120.0,80.0,140.0,60.0,80.0,125.0,505.0,0.36427672139458817,672,0.000395415853236497,0.16901286403772453,0.013296516376267577,0.02121172857808856
329,samples/sample_000329.npz,rectangular_body_000329,18,22,54,59,12,16,4,5,4,12,15,19.5,56.0,13.5,120.0,160.0,140.0,40.0,50.0,40.0,195.0,560.0,0.7547140503259662,80,0.0001587200527033506,0.017772251704530402,0.002444978436808792,0.00285123051048033
330,samples/sample_000330.npz,rectangular_body_000330,27,39,3,13,14,21,12,10,7,14,20,32.5,7.5,17.0,140.0,210.0,175.0,120.0,100.0,70.0,325.0,75.0,0.305371344946018,840,0.0010602010088174932,0.04725635291207371,0.009680629720524728,0.008666596112032464
331,samples/sample_000331.npz,rectangular_body_000331,15,25,53,59,8,12,10,6,4,8,11,19.5,55.5,9.5,80.0,120.0,100.0,100.0,60.0,40.0,195.0,555.0,0.46847570818187007,240,0.0002275584414219868,0.05565260576847203,0.0054101565634064736,0.007672835417052534
332,samples/sample_000332.npz,rectangular_body_000332,10,14,13,21,7,11,4,8,4,7,10,11.5,16.5,8.5,70.0,110.0,90.0,40.0,80.0,40.0,115.0,165.0,0.42347174857659864,128,0.0001050935725719589,0.033826224942287264,0.0029247145831984094,0.004265884745055961
333,samples/sample_000333.npz,rectangular_body_000333,5,10,29,34,14,18,5,5,4,14,17,7.0,31.0,15.5,140.0,180.0,160.0,50.0,50.0,40.0,70.0,310.0,0.338816687776381,100,0.00012955061573155939,0.007756925464589225,0.001337168403662302,0.0013190994500128503
334,samples/sample_000334.npz,rectangular_body_000334,3,15,9,20,10,16,12,11,6,10,15,8.5,14.0,12.5,100.0,160.0,130.0,120.0,110.0,60.0,85.0,140.0,0.3734141190778164,792,0.0006690231251539569,0.08915219716789217,0.01204495761847671,0.014978359641781454
335,samples/sample_000335.npz,rectangular_body_000335,34,42,31,40,16,20,8,9,4,16,19,37.5,35.0,17.5,160.0,200.0,180.0,80.0,90.0,40.0,375.0,350.0,0.8195652619424556,288,0.001837740170839547,0.04191727043064702,0.01108766504687577,0.007101399125095355
336,samples/sample_000336.npz,rectangular_body_000336,3,12,6,16,9,15,9,10,6,9,14,7.0,10.5,11.5,90.0,150.0,120.0,90.0,100.0,60.0,70.0,105.0,0.5634030299431099,540,0.0005608069038866308,0.11036816188071284,0.011697799953822901,0.01687001788515828
337,samples/sample_000337.npz,rectangular_body_000337,37,44,37,46,6,14,7,9,8,6,13,40.0,41.0,9.5,60.0,140.0,100.0,70.0,90.0,80.0,400.0,410.0,0.8257844806528294,504,0.0015391501995071746,0.2248488310203813,0.025428609038260448,0.028637950547058765
338,samples/sample_000338.npz,rectangular_body_000338,15,21,30,39,11,15,6,9,4,11,14,17.5,34.0,12.5,110.0,150.0,130.0,60.0,90.0,40.0,175.0,340.0,0.7774267610516181,216,0.0007856977864749198,0.05407573841068401,0.008979077112286243,0.008381073552366185
339,samples/sample_000339.npz,rectangular_body_000339,17,21,40,48,8,11,4,8,3,8,10,18.5,43.5,9.0,80.0,110.0,95.0,40.0,80.0,30.0,185.0,435.0,0.40092542490795086,96,0.00010753450879741673,0.021631448103712245,0.002284788229463208,0.002801434502766496
340,samples/sample_000340.npz,rectangular_body_000340,39,55,52,62,12,15,16,10,3,12,14,46.5,56.5,13.0,120.0,150.0,135.0,160.0,100.0,30.0,465.0,565.0,0.5620909171750054,480,0.0006343505589441112,0.0714815064374398,0.010480034839209408,0.012485705437802315
341,samples/sample_000341.npz,rectangular_body_000341,32,48,37,44,6,10,16,7,4,6,9,39.5,40.0,7.5,60.0,100.0,80.0,160.0,70.0,40.0,395.0,400.0,0.664745408092194,448,0.0009832960007202895,0.17649737947750588,0.0196212711070647,0.023462464792718424
342,samples/sample_000342.npz,rectangular_body_000342,19,34,22,30,9,12,15,8,3,9,11,26.0,25.5,10.0,90.0,120.0,105.0,150.0,80.0,30.0,260.0,255.0,0.40850054079312326,360,0.0007311189467509463,0.05948545493948563,0.009004644056628312,0.00874926694855252
343,samples/sample_000343.npz,rectangular_body_000343,51,60,39,53,7,15,9,14,8,7,14,55.0,45.5,10.5,70.0,150.0,110.0,90.0,140.0,80.0,550.0,455.0,0.7460535669979571,1008,0.0015933066244426049,0.30370448703167685,0.03448412291468278,0.0461860372404092
344,samples/sample_000344.npz,rectangular_body_000344,26,30,13,26,5,8,4,13,3,5,7,27.5,19.0,6.0,50.0,80.0,65.0,40.0,130.0,30.0,275.0,190.0,0.9068952040577587,156,0.00038628601466469297,0.12512939764067693,0.009763774017337145,0.013887815002083782
345,samples/sample_000345.npz,rectangular_body_000345,8,22,9,13,15,21,14,4,6,15,20,14.5,10.5,17.5,150.0,210.0,180.0,140.0,40.0,60.0,145.0,105.0,0.5097485768641463,336,0.0005384659048626189,0.03012512913743086,0.006088132264972422,0.005835601861040591
346,samples/sample_000346.npz,rectangular_body_000346,37,43,13,22,11,14,6,9,3,11,13,39.5,17.0,12.0,110.0,140.0,125.0,60.0,90.0,30.0,395.0,170.0,0.3052611858997152,162,0.0001867139251865525,0.01691843101644742,0.0026300132568407696,0.002615907347638959
347,samples/sample_000347.npz,rectangular_body_000347,23,31,20,32,12,19,8,12,7,12,18,26.5,25.5,15.0,120.0,190.0,155.0,80.0,120.0,70.0,265.0,255.0,0.9165663628258727,672,0.004128077801183998,0.14285635663363178,0.031564191118377244,0.02332271875629246
348,samples/sample_000348.npz,rectangular_body_000348,41,51,29,37,5,8,10,8,3,5,7,45.5,32.5,6.0,50.0,80.0,65.0,100.0,80.0,30.0,455.0,325.0,0.22432557542268167,240,0.00015143067153217194,0.04807029546367935,0.003689362921056671,0.0053233425151311894
349,samples/sample_000349.npz,rectangular_body_000349,49,60,18,29,2,4,11,11,2,2,3,54.0,23.0,2.5,20.0,40.0,30.0,110.0,110.0,20.0,540.0,230.0,0.5722132920249465,242,0.00012227643774129985,0.2193883805473412,0.009630192915533119,0.021258527694220763
350,samples/sample_000350.npz,rectangular_body_000350,7,11,40,49,9,11,4,9,2,9,10,8.5,44.0,9.5,90.0,110.0,100.0,40.0,90.0,20.0,85.0,440.0,0.5426040553001996,72,8.060473103155325e-05,0.019702632149689685,0.001926827017964925,0.0026993915114176276
351,samples/sample_000351.npz,rectangular_body_000351,36,52,34,39,2,8,16,5,6,2,7,43.5,36.0,4.5,20.0,80.0,50.0,160.0,50.0,60.0,435.0,360.0,0.5538418402703627,480,0.0005904134385015434,0.3044036925410257,0.019436147449955102,0.0312812925178671
352,samples/sample_000352.npz,rectangular_body_000352,31,40,22,33,7,15,9,11,8,7,14,35.0,27.0,10.5,70.0,150.0,110.0,90.0,110.0,80.0,350.0,270.0,0.6082255932719172,792,0.002816215518467385,0.20636927900094623,0.029391228982041186,0.028469699188332902
353,samples/sample_000353.npz,rectangular_body_000353,5,9,51,58,7,9,4,7,2,7,8,6.5,54.0,7.5,70.0,90.0,80.0,40.0,70.0,20.0,65.0,540.0,0.4920386840399596,56,3.4025172614833025e-05,0.020787087726666598,0.001215863630386868,0.002343259463430828
354,samples/sample_000354.npz,rectangular_body_000354,25,38,10,21,6,14,13,11,8,6,13,31.0,15.0,9.5,60.0,140.0,100.0,130.0,110.0,80.0,310.0,150.0,0.3816796227602353,1144,0.0015922767955331121,0.2017216567354489,0.02541939236460838,0.02902719551611311
355,samples/sample_000355.npz,rectangular_body_000355,19,32,28,42,3,5,13,14,2,3,4,25.0,34.5,3.5,30.0,50.0,40.0,130.0,140.0,20.0,250.0,345.0,0.591368352740427,364,0.0005368142865876515,0.22197055877912997,0.016699502303881092,0.026359903075306664
356,samples/sample_000356.npz,rectangular_body_000356,27,39,38,49,5,7,12,11,2,5,6,32.5,43.0,5.5,50.0,70.0,60.0,120.0,110.0,20.0,325.0,430.0,0.47158621273453494,264,0.0003676421470556381,0.10459475515256164,0.008833798222946738,0.01242925855262584
357,samples/sample_000357.npz,rectangular_body_000357,43,57,8,14,2,8,14,6,6,2,7,49.5,10.5,4.5,20.0,80.0,50.0,140.0,60.0,60.0,495.0,105.0,0.6556696365438632,504,0.0003501764658695313,0.39562304250582525,0.020347163947847323,0.04053044966867322
358,samples/sample_000358.npz,rectangular_body_000358,5,14,42,51,4,8,9,9,4,4,7,9.0,46.0,5.5,40.0,80.0,60.0,90.0,90.0,40.0,90.0,460.0,0.29503093423958965,324,0.00012381490366240348,0.09715293631886665,0.005613448675749636,0.010313487966146727
359,samples/sample_000359.npz,rectangular_body_000359,31,37,19,24,14,21,6,5,7,14,20,33.5,21.0,17.0,140.0,210.0,175.0,60.0,50.0,70.0,335.0,210.0,0.8424756691068065,210,0.0011877099953186026,0.03487825910768931,0.00829936086754233,0.0058697708604135345
360,samples/sample_000360.npz,rectangular_body_000360,8,21,17,22,11,18,13,5,7,11,17,14.0,19.0,14.0,110.0,180.0,145.0,130.0,50.0,70.0,140.0,190.0,0.23510802135108363,455,0.0003587562246439908,0.028218840535582178,0.004891240806817544,0.004838418130063626
361,samples/sample_000361.npz,rectangular_body_000361,21,36,16,24,7,15,15,8,8,7,14,28.0,19.5,10.5,70.0,150.0,110.0,150.0,80.0,80.0,280.0,195.0,0.46174022389864144,960,0.0019152435062863237,0.17778863320153496,0.025975638059339442,0.026218058645017663
362,samples/sample_000362.npz,rectangular_body_000362,13,21,37,52,5,12,8,15,7,5,11,16.5,44.0,8.0,50.0,120.0,85.0,80.0,150.0,70.0,165.0,440.0,0.49735349311795063,840,0.0009839965669062507,0.2412878673665108,0.025134532118705772,0.03277623845460633
363,samples/sample_000363.npz,rectangular_body_000363,22,26,30,35,15,17,4,5,2,15,16,23.5,32.0,15.5,150.0,170.0,160.0,40.0,50.0,20.0,235.0,320.0,0.8163838604631841,40,0.00024080714575430828,0.007421118251724573,0.0016444294374098043,0.0012015108268786877
364,samples/sample_000364.npz,rectangular_body_000364,26,36,52,60,2,6,10,8,4,2,5,30.5,55.5,3.5,20.0,60.0,40.0,100.0,80.0,40.0,305.0,555.0,0.4516506584311656,320,0.00018037146290662593,0.22914110684587177,0.009412275388809826,0.0203163605935308
365,samples/sample_000365.npz,rectangular_body_000365,46,61,58,62,5,8,15,4,3,5,7,53.0,59.5,6.0,50.0,80.0,65.0,150.0,40.0,30.0,530.0,595.0,0.802561997019702,180,0.00014170406744454228,0.11944221933780572,0.006135606544472852,0.013166255247157905
366,samples/sample_000366.npz,rectangular_body_000366,23,38,54,60,5,12,15,6,7,5,11,30.0,56.5,8.0,50.0,120.0,85.0,150.0,60.0,70.0,300.0,565.0,0.8759416352854703,630,0.0012100539656055894,0.33045821685877985,0.028585513282566803,0.04283229566027175
367,samples/sample_000367.npz,rectangular_body_000367,28,32,50,58,7,9,4,8,2,7,8,29.5,53.5,7.5,70.0,90.0,80.0,40.0,80.0,20.0,295.0,535.0,0.28488295367735594,64,4.242531778937173e-05,0.01344144736869633,0.0010444526177723055,0.0015639154902276453
368,samples/sample_000368.npz,rectangular_body_000368,24,29,8,20,8,10,5,12,2,8,9,26.0,13.5,8.5,80.0,100.0,90.0,50.0,120.0,20.0,260.0,135.0,0.35119494460946304,120,0.0001157154938083857,0.023556932684399578,0.0024720005344244953,0.0031449769505085185
369,samples/sample_000369.npz,rectangular_body_000369,35,47,8,23,12,18,12,15,6,12,17,40.5,15.0,14.5,120.0,180.0,150.0,120.0,150.0,60.0,405.0,150.0,0.7001497346255863,1080,0.0030032460054755486,0.17162978869647177,0.03509246284023091,0.03101873971877871
370,samples/sample_000370.npz,rectangular_body_000370,2,12,22,36,4,11,10,14,7,4,10,6.5,28.5,7.0,40.0,110.0,75.0,100.0,140.0,70.0,65.0,285.0,0.38988554942310377,980,0.0007322978665552512,0.25576753097562543,0.020481164602924276,0.032597086671340716
371,samples/sample_000371.npz,rectangular_body_000371,5,11,5,21,3,5,6,16,2,3,4,7.5,12.5,3.5,30.0,50.0,40.0,60.0,160.0,20.0,75.0,125.0,0.3385376605575223,192,5.138703399865984e-05,0.0817680238497305,0.003856160435482538,0.008570958008663906
372,samples/sample_000372.npz,rectangular_body_000372,36,45,23,34,7,9,9,11,2,7,8,40.0,28.0,7.5,70.0,90.0,80.0,90.0,110.0,20.0,400.0,280.0,0.8503371364057841,198,0.0006526517944244925,0.10753355165026682,0.011263562971086648,0.013495306077254184
373,samples/sample_000373.npz,rectangular_body_000373,48,53,10,14,14,21,5,4,7,14,20,50.0,11.5,17.0,140.0,210.0,175.0,50.0,40.0,70.0,500.0,115.0,0.7757885161461189,140,0.0003284828007732169,0.021576850816753278,0.0039520376267479194,0.003982177689331679
374,samples/sample_000374.npz,rectangular_body_000374,39,54,34,40,10,13,15,6,3,10,12,46.0,36.5,11.0,100.0,130.0,115.0,150.0,60.0,30.0,460.0,365.0,0.901959485063887,270,0.0009526852518324485,0.08757098557943568,0.013534897012471033,0.013624442353223125
375,samples/sample_000375.npz,rectangular_body_000375,36,42,2,18,10,17,6,16,7,10,16,38.5,9.5,13.0,100.0,170.0,135.0,60.0,160.0,70.0,385.0,95.0,0.6594562509508131,672,0.0014109197836687294,0.12562528332391598,0.01991649466058152,0.0210911453118959
376,samples/sample_000376.npz,rectangular_body_000376,31,44,26,41,3,10,13,15,7,3,9,37.0,33.0,6.0,30.0,100.0,65.0,130.0,150.0,70.0,370.0,330.0,0.8006917780458849,1365,0.004428578854020815,0.7641557903375676,0.07801372365187578,0.09976237072774614
377,samples/sample_000377.npz,rectangular_body_000377,17,26,41,50,7,13,9,9,6,7,12,21.0,45.0,9.5,70.0,130.0,100.0,90.0,90.0,60.0,210.0,450.0,0.5447437845687415,486,0.0007977519303448323,0.1323429136041348,0.015481573036692127,0.018062640455631853
378,samples/sample_000378.npz,rectangular_body_000378,11,23,8,17,8,13,12,9,5,8,12,16.5,12.0,10.0,80.0,130.0,105.0,120.0,90.0,50.0,165.0,120.0,0.8820852455976098,540,0.0010731748366818066,0.2052612371055056,0.024111759915305835,0.03095888507898018
379,samples/sample_000379.npz,rectangular_body_000379,27,43,43,54,3,5,16,11,2,3,4,34.5,48.0,3.5,30.0,50.0,40.0,160.0,110.0,20.0,345.0,480.0,0.9597595667381016,352,0.0005482999798424786,0.3489117204249588,0.02482101427258507,0.04185345637007728
380,samples/sample_000380.npz,rectangular_body_000380,25,36,44,48,13,19,11,4,6,13,18,30.0,45.5,15.5,130.0,190.0,160.0,110.0,40.0,60.0,300.0,455.0,0.6441069422589201,264,0.000952505877372835,0.038085194347877396,0.008138968691105775,0.0064700416763301604
381,samples/sample_000381.npz,rectangular_body_000381,42,52,39,54,4,8,10,15,4,4,7,46.5,46.0,5.5,40.0,80.0,60.0,100.0,150.0,40.0,465.0,460.0,0.2865033742690541,600,0.00028549732709420367,0.13717460271037962,0.01125205894719673,0.017324029845179778
382,samples/sample_000382.npz,rectangular_body_000382,19,24,44,59,11,17,5,15,6,11,16,21.0,51.0,13.5,110.0,170.0,140.0,50.0,150.0,60.0,210.0,510.0,0.6187145232367622,450,0.0009039574762314473,0.07516500968964493,0.012695962712121507,0.012893226998616931
383,samples/sample_000383.npz,rectangular_body_000383,5,14,12,24,12,15,9,12,3,12,14,9.0,17.5,13.0,120.0,150.0,135.0,90.0,120.0,30.0,90.0,175.0,0.4126553250275675,324,0.00034740348732302626,0.03776866874999431,0.005655881148518685,0.006467416603271624
384,samples/sample_000384.npz,rectangular_body_000384,26,38,41,54,11,13,12,13,2,11,12,31.5,47.0,11.5,110.0,130.0,120.0,120.0,130.0,20.0,315.0,470.0,0.6742780120460952,312,0.000947930467598091,0.06798579276106134,0.011408040251676091,0.011042268983230342
385,samples/sample_000385.npz,rectangular_body_000385,7,21,11,25,8,12,14,14,4,8,11,13.5,17.5,9.5,80.0,120.0,100.0,140.0,140.0,40.0,135.0,175.0,0.9106792757326654,784,0.001680133400274149,0.28786149732210586,0.0378906157452646,0.04632231836951839
386,samples/sample_000386.npz,rectangular_body_000386,14,27,3,19,12,20,13,16,8,12,19,20.0,10.5,15.5,120.0,200.0,160.0,130.0,160.0,80.0,200.0,105.0,0.8451600176022716,1664,0.00471065235306705,0.2859514695326011,0.056945390277837696,0.0538917839294231
387,samples/sample_000387.npz,rectangular_body_000387,44,53,20,24,6,14,9,4,8,6,13,48.0,21.5,9.5,60.0,140.0,100.0,90.0,40.0,80.0,480.0,215.0,0.6281035382871898,288,0.0004966009677805922,0.10128220317872337,0.010306323640162745,0.012886790106318477
388,samples/sample_000388.npz,rectangular_body_000388,19,27,41,56,15,21,8,15,6,15,20,22.5,48.0,17.5,150.0,210.0,180.0,80.0,150.0,60.0,225.0,480.0,0.6120977051006158,720,0.0019968421556391114,0.07563938795102673,0.01831792628591472,0.014301699071403527
389,samples/sample_000389.npz,rectangular_body_000389,5,18,12,22,9,17,13,10,8,9,16,11.0,16.5,12.5,90.0,170.0,130.0,130.0,100.0,80.0,110.0,165.0,0.5463011145762704,1040,0.0014809123612194094,0.17541502064012446,0.025413696645556885,0.029321471162317488
390,samples/sample_000390.npz,rectangular_body_000390,31,45,14,22,5,12,14,8,7,5,11,37.5,17.5,8.0,50.0,120.0,85.0,140.0,80.0,70.0,375.0,175.0,0.8660556632691239,784,0.0020318997604674384,0.40244217997161963,0.04276132578820309,0.05290042395225278
391,samples/sample_000391.npz,rectangular_body_000391,4,16,32,38,12,16,12,6,4,12,15,9.5,34.5,13.5,120.0,160.0,140.0,120.0,60.0,40.0,95.0,345.0,0.24639238878913794,288,0.0002560715585739191,0.019395014112977976,0.0031809615638005,0.003247356484029035
392,samples/sample_000392.npz,rectangular_body_000392,11,16,33,42,10,14,5,9,4,10,13,13.0,37.0,11.5,100.0,140.0,120.0,50.0,90.0,40.0,130.0,370.0,0.9902477274390338,180,0.0006035267829753709,0.06665373073474587,0.00925943056312059,0.010041949839439013
393,samples/sample_000393.npz,rectangular_body_000393,35,43,30,45,3,11,8,15,8,3,10,38.5,37.0,6.5,30.0,110.0,70.0,80.0,150.0,80.0,385.0,370.0,0.863742494584296,960,0.002836978949306053,0.635616754753129,0.057677335315937654,0.07575321340110182
394,samples/sample_000394.npz,rectangular_body_000394,12,21,41,53,8,10,9,12,2,8,9,16.0,46.5,8.5,80.0,100.0,90.0,90.0,120.0,20.0,160.0,465.0,0.5022714726663857,216,0.00024416795016690565,0.05723721792868459,0.00619768780633331,0.008066097467855884
395,samples/sample_000395.npz,rectangular_body_000395,15,24,12,27,2,10,9,15,8,2,9,19.0,19.0,5.5,20.0,100.0,60.0,90.0,150.0,80.0,190.0,190.0,0.8590554994415078,1080,0.0017790377753831776,0.830128011575556,0.06320995914930012,0.09702138035159355
396,samples/sample_000396.npz,rectangular_body_000396,8,23,37,48,5,12,15,11,7,5,11,15.0,42.0,8.0,50.0,120.0,85.0,150.0,110.0,70.0,150.0,420.0,0.6643696271346302,1155,0.00183499156677364,0.4160917942963883,0.045793790353692694,0.058993842697891034
397,samples/sample_000397.npz,rectangular_body_000397,51,56,33,43,13,17,5,10,4,13,16,53.0,37.5,14.5,130.0,170.0,150.0,50.0,100.0,40.0,530.0,375.0,0.9545901800588512,200,0.0006827560470134277,0.047517327338074976,0.008304828539047486,0.008160805631462235
398,samples/sample_000398.npz,rectangular_body_000398,55,61,49,62,2,7,6,13,5,2,6,57.5,55.0,4.0,20.0,70.0,45.0,60.0,130.0,50.0,575.0,550.0,0.7087067228446473,390,0.0002006871959809465,0.37746656729563843,0.013772158448569919,0.035104101028489175
399,samples/sample_000399.npz,rectangular_body_000399,31,44,53,62,11,16,13,9,5,11,15,37.0,57.0,13.0,110.0,160.0,135.0,130.0,90.0,50.0,370.0,570.0,0.5329963653451448,585,0.0009033677805382012,0.0883454296333133,0.012882150720340952,0.014490549341712497
400,samples/sample_000400.npz,rectangular_body_000400,19,23,44,52,15,21,4,8,6,15,20,20.5,47.5,17.5,150.0,210.0,180.0,40.0,80.0,60.0,205.0,475.0,0.786518605869515,192,0.0006508993561765001,0.02774868273572803,0.006280921605050594,0.005108275336643026
401,samples/sample_000401.npz,rectangular_body_000401,52,62,32,36,4,12,10,4,8,4,11,56.5,33.5,7.5,40.0,120.0,80.0,100.0,40.0,80.0,565.0,335.0,0.5031663394713132,320,0.0003324320737849725,0.1302529463811033,0.008503018554071155,0.013962674684262077
402,samples/sample_000402.npz,rectangular_body_000402,42,47,44,53,7,11,5,9,4,7,10,44.0,48.0,8.5,70.0,110.0,90.0,50.0,90.0,40.0,440.0,480.0,0.43354287545025444,180,0.00018267498114048122,0.04756911529431977,0.004535690541134741,0.006034695507457984
403,samples/sample_000403.npz,rectangular_body_000403,14,26,4,12,15,18,12,8,3,15,17,19.5,7.5,16.0,150.0,180.0,165.0,120.0,80.0,30.0,195.0,75.0,0.21565806432900284,288,0.0001899850168341691,0.012536067100802926,0.002304633936321571,0.0023072284305941707
404,samples/sample_000404.npz,rectangular_body_000404,15,28,39,48,13,16,13,9,3,13,15,21.0,43.0,14.0,130.0,160.0,145.0,130.0,90.0,30.0,210.0,430.0,0.655977825494131,351,0.001005240774673436,0.05712965192475261,0.011444108384523718,0.009810322567059403
405,samples/sample_000405.npz,rectangular_body_000405,25,38,52,60,9,13,13,8,4,9,12,31.0,55.5,10.5,90.0,130.0,110.0,130.0,80.0,40.0,310.0,555.0,0.5919073841731999,416,0.0007150849277186842,0.0971162202073764,0.011820519191652933,0.014632065784845046
406,samples/sample_000406.npz,rectangular_body_000406,38,43,13,29,5,10,5,16,5,5,9,40.0,20.5,7.0,50.0,100.0,75.0,50.0,160.0,50.0,400.0,205.0,0.21008842483278445,400,0.00023529414094389313,0.05693351841851556,0.005556852930856867,0.007166289786366374
407,samples/sample_000407.npz,rectangular_body_000407,12,26,31,36,10,12,14,5,2,10,11,18.5,33.0,10.5,100.0,120.0,110.0,140.0,50.0,20.0,185.0,330.0,0.32256682372431683,140,0.00020166220591408848,0.017780378671301375,0.0026192084533304353,0.00264601184447898
408,samples/sample_000408.npz,rectangular_body_000408,44,60,20,26,10,18,16,6,8,10,17,51.5,22.5,13.5,100.0,180.0,140.0,160.0,60.0,80.0,515.0,225.0,0.8352757934058033,768,0.0021340447607695874,0.17327016266233808,0.029267739264369094,0.02964025956601636
409,samples/sample_000409.npz,rectangular_body_000409,7,15,44,59,2,10,8,15,8,2,9,10.5,51.0,5.5,20.0,100.0,60.0,80.0,150.0,80.0,105.0,510.0,0.21014345627864844,960,0.00023819147922334545,0.18646990235551653,0.01153358066860712,0.0216466599385143
410,samples/sample_000410.npz,rectangular_body_000410,38,50,13,23,8,12,12,10,4,8,11,43.5,17.5,9.5,80.0,120.0,100.0,120.0,100.0,40.0,435.0,175.0,0.30070250929708897,480,0.0004095812135345631,0.06507255747601405,0.008271171475235668,0.009580102905964344
411,samples/sample_000411.npz,rectangular_body_000411,25,37,4,8,2,6,12,4,4,2,5,30.5,5.5,3.5,20.0,60.0,40.0,120.0,40.0,40.0,305.0,55.0,0.37354739383965285,192,8.23627297958243e-05,0.12143543075746403,0.004408453453061295,0.010086395613488362
412,samples/sample_000412.npz,rectangular_body_000412,26,36,23,32,14,16,10,9,2,14,15,30.5,27.0,14.5,140.0,160.0,150.0,100.0,90.0,20.0,305.0,270.0,0.2021828894095138,180,0.00029458535116594006,0.008739626670923269,0.0019213437931394671,0.0014044955310214943
413,samples/sample_000413.npz,rectangular_body_000413,51,60,28,42,9,14,9,14,5,9,13,55.0,34.5,11.0,90.0,140.0,115.0,90.0,140.0,50.0,550.0,345.0,0.8990083770992705,630,0.0016431757423206626,0.20440559705511158,0.02693890596492235,0.03200387858326495
414,samples/sample_000414.npz,rectangular_body_000414,31,43,35,50,12,20,12,15,8,12,19,36.5,42.0,15.5,120.0,200.0,160.0,120.0,150.0,80.0,365.0,420.0,0.3241290269433445,1440,0.002720870894175622,0.09695557147324774,0.022768035936581273,0.016869890377844574
415,samples/sample_000415.npz,rectangular_body_000415,6,16,13,21,12,20,10,8,8,12,19,10.5,16.5,15.5,120.0,200.0,160.0,100.0,80.0,80.0,105.0,165.0,0.439146502862248,640,0.0008492505978637778,0.06346291201970833,0.011110886866752797,0.011399183321028038
416,samples/sample_000416.npz,rectangular_body_000416,51,59,36,45,11,19,8,9,8,11,18,54.5,40.0,14.5,110.0,190.0,150.0,80.0,90.0,80.0,545.0,400.0,0.8252370179511368,576,0.0015134052919328956,0.12207582406790166,0.019770929001215257,0.02059531691977021
417,samples/sample_000417.npz,rectangular_body_000417,30,45,30,37,11,16,15,7,5,11,15,37.0,33.0,13.0,110.0,160.0,135.0,150.0,70.0,50.0,370.0,330.0,0.21134271803286275,525,0.0007909544884870624,0.031120386727116083,0.006154491835946209,0.004906547865668704
418,samples/sample_000418.npz,rectangular_body_000418,23,36,31,47,13,21,13,16,8,13,20,29.0,38.5,16.5,130.0,210.0,170.0,130.0,160.0,80.0,290.0,385.0,0.5609443448135512,1664,0.007067330825242902,0.17155176913048356,0.0451031926975267,0.029673395534281753
419,samples/sample_000419.npz,rectangular_body_000419,48,56,2,11,10,13,8,9,3,10,12,51.5,6.0,11.0,100.0,130.0,115.0,80.0,90.0,30.0,515.0,60.0,0.41957986452536505,216,0.00016089475671464613,0.03505674290544479,0.003514827095204909,0.005194994336547274
420,samples/sample_000420.npz,rectangular_body_000420,22,35,29,45,8,14,13,16,6,8,13,28.0,36.5,10.5,80.0,140.0,110.0,130.0,160.0,60.0,280.0,365.0,0.3800568563877542,1248,0.002767599681663467,0.16776506098220997,0.02869774857199318,0.026011458086253925
421,samples/sample_000421.npz,rectangular_body_000421,35,49,15,22,5,8,14,7,3,5,7,41.5,18.0,6.0,50.0,80.0,65.0,140.0,70.0,30.0,415.0,180.0,0.9147633290094612,294,0.000579294200712794,0.21772456618422253,0.01807050814770104,0.025966171848089168
422,samples/sample_000422.npz,rectangular_body_000422,10,16,31,41,2,6,6,10,4,2,5,12.5,35.5,3.5,20.0,60.0,40.0,60.0,100.0,40.0,125.0,355.0,0.42342203819465435,240,0.00014314368525700878,0.17642512609069572,0.007305679214281293,0.014650311243737578
423,samples/sample_000423.npz,rectangular_body_000423,4,19,34,48,12,18,15,14,6,12,17,11.0,40.5,14.5,120.0,180.0,150.0,150.0,140.0,60.0,110.0,405.0,0.5194297851936738,1260,0.002269057734677576,0.14536258914638986,0.028286392087013678,0.026827658678158384
424,samples/sample_000424.npz,rectangular_body_000424,33,45,31,45,16,19,12,14,3,16,18,38.5,37.5,17.0,160.0,190.0,175.0,120.0,140.0,30.0,385.0,375.0,0.7866528553092669,504,0.002705736223247,0.06911143872013446,0.018601706706422923,0.01218261723729301
425,samples/sample_000425.npz,rectangular_body_000425,17,22,30,46,7,15,5,16,8,7,14,19.0,37.5,10.5,70.0,150.0,110.0,50.0,160.0,80.0,190.0,375.0,0.7817372920045089,640,0.0019538023154578566,0.20353856810321697,0.029011293473510058,0.029889700174089245
426,samples/sample_000426.npz,rectangular_body_000426,46,61,21,33,11,17,15,12,6,11,16,53.0,26.5,13.5,110.0,170.0,140.0,150.0,120.0,60.0,530.0,265.0,0.9283226504553199,1080,0.003524819724012776,0.254375680310003,0.044963868160245134,0.04468575038280076
427,samples/sample_000427.npz,rectangular_body_000427,27,38,7,16,15,21,11,9,6,15,20,32.0,11.0,17.5,150.0,210.0,180.0,110.0,90.0,60.0,320.0,110.0,0.263656390702372,594,0.0007619857872461368,0.027655390788012463,0.006286934798885958,0.005132230066776948
428,samples/sample_000428.npz,rectangular_body_000428,35,50,6,19,10,14,15,13,4,10,13,42.0,12.0,11.5,100.0,140.0,120.0,150.0,130.0,40.0,420.0,120.0,0.25232017717556093,780,0.0005665829606564504,0.061523237751510404,0.009661323379175937,0.010512222603501622
429,samples/sample_000429.npz,rectangular_body_000429,29,45,17,31,4,9,16,14,5,4,8,36.5,23.5,6.0,40.0,90.0,65.0,160.0,140.0,50.0,365.0,235.0,0.9384024551434884,1120,0.003366250745895755,0.6679861294144748,0.07387653666613349,0.09291296393945225
430,samples/sample_000430.npz,rectangular_body_000430,16,24,19,25,7,13,8,6,6,7,12,19.5,21.5,9.5,70.0,130.0,100.0,80.0,60.0,60.0,195.0,215.0,0.572326344208516,288,0.0005304610944850353,0.08719375730720755,0.009814581405348344,0.011385788615550617
431,samples/sample_000431.npz,rectangular_body_000431,50,60,49,58,13,15,10,9,2,13,14,54.5,53.0,13.5,130.0,150.0,140.0,100.0,90.0,20.0,545.0,530.0,0.9215554754229345,180,0.00035854662425269495,0.04484603741257494,0.006035938814460109,0.00765276556324043
432,samples/sample_000432.npz,rectangular_body_000432,35,43,52,59,4,6,8,7,2,4,5,38.5,55.0,4.5,40.0,60.0,50.0,80.0,70.0,20.0,385.0,550.0,0.7811988803087455,112,0.00011479381737601209,0.11913162834740967,0.005468287438059881,0.010844056990304411
433,samples/sample_000433.npz,rectangular_body_000433,12,28,34,44,14,16,16,10,2,14,15,19.5,38.5,14.5,140.0,160.0,150.0,160.0,100.0,20.0,195.0,385.0,0.6913400198225484,320,0.0010983658500986727,0.04938925419845531,0.010925502826474448,0.008707314194688264
434,samples/sample_000434.npz,rectangular_body_000434,24,34,15,27,5,10,10,12,5,5,9,28.5,20.5,7.0,50.0,100.0,75.0,100.0,120.0,50.0,285.0,205.0,0.5922204950511614,600,0.0011998505576127768,0.2430135757373473,0.023899291471330443,0.03032710054682221
435,samples/sample_000435.npz,rectangular_body_000435,18,34,48,54,7,11,16,6,4,7,10,25.5,50.5,8.5,70.0,110.0,90.0,160.0,60.0,40.0,255.0,505.0,0.5277638828293317,384,0.0005267094801771207,0.10351209059485536,0.011709018582793888,0.014774794774349958
436,samples/sample_000436.npz,rectangular_body_000436,35,50,24,33,15,19,15,9,4,15,18,42.0,28.0,16.5,150.0,190.0,170.0,150.0,90.0,40.0,420.0,280.0,0.3126353765488687,540,0.0010792506609797203,0.03147185124896526,0.007960461485301914,0.005540621402706973
437,samples/sample_000437.npz,rectangular_body_000437,31,39,23,39,8,12,8,16,4,8,11,34.5,30.5,9.5,80.0,120.0,100.0,80.0,160.0,40.0,345.0,305.0,0.7737800451645176,512,0.002572890020621615,0.16967474231640245,0.025093060775169738,0.024451325735267863
438,samples/sample_000438.npz,rectangular_body_000438,52,60,22,37,12,16,8,15,4,12,15,55.5,29.0,13.5,120.0,160.0,140.0,80.0,150.0,40.0,555.0,290.0,0.7253384418588682,480,0.0011748994276337254,0.0904350301969053,0.014847223841382139,0.015517801967932
439,samples/sample_000439.npz,rectangular_body_000439,45,60,38,44,4,8,15,6,4,4,7,52.0,40.5,5.5,40.0,80.0,60.0,150.0,60.0,40.0,520.0,405.0,0.5372151522358461,360,0.0003140993472042423,0.172426234294502,0.012102293803207084,0.020005652867641124
440,samples/sample_000440.npz,rectangular_body_000440,15,24,42,54,6,13,9,12,7,6,12,19.0,47.5,9.0,60.0,130.0,95.0,90.0,120.0,70.0,190.0,475.0,0.4932605548462191,756,0.0009306531975108313,0.1937581051014906,0.021309302963191168,0.026843886270159118
441,samples/sample_000441.npz,rectangular_body_000441,29,44,29,36,13,16,15,7,3,13,15,36.0,32.0,14.0,130.0,160.0,145.0,150.0,70.0,30.0,360.0,320.0,0.6994560891584871,315,0.0017904165163657704,0.05417345061998235,0.011819678905463699,0.008757337627541956
442,samples/sample_000442.npz,rectangular_body_000442,34,47,16,20,5,7,13,4,2,5,6,40.0,17.5,5.5,50.0,70.0,60.0,130.0,40.0,20.0,400.0,175.0,0.9104269377863292,104,0.00019628421588964868,0.09178224869528054,0.0065204985711227945,0.009928576198411176
443,samples/sample_000443.npz,rectangular_body_000443,39,51,43,52,7,13,12,9,6,7,12,44.5,47.0,9.5,70.0,130.0,100.0,120.0,90.0,60.0,445.0,470.0,0.5669255990716129,648,0.0009583619908508453,0.17322668337995595,0.020589697091584497,0.0249499652587899
444,samples/sample_000444.npz,rectangular_body_000444,11,21,34,40,9,13,10,6,4,9,12,15.5,36.5,10.5,90.0,130.0,110.0,100.0,60.0,40.0,155.0,365.0,0.39800444080404723,240,0.00033737154427288386,0.04038597589358449,0.005348796168172306,0.005842952831274678
445,samples/sample_000445.npz,rectangular_body_000445,12,16,43,50,8,14,4,7,6,8,13,13.5,46.0,10.5,80.0,140.0,110.0,40.0,70.0,60.0,135.0,460.0,0.7246848909783559,168,0.00030131092444580794,0.056372721453682426,0.0062812448702141595,0.007875720589456861
446,samples/sample_000446.npz,rectangular_body_000446,29,45,2,11,12,17,16,9,5,12,16,36.5,6.0,14.0,120.0,170.0,145.0,160.0,90.0,50.0,365.0,60.0,0.4870567154309393,720,0.0010891508043302642,0.08478389050838538,0.013958473365178848,0.014717326996831037
447,samples/sample_000447.npz,rectangular_body_000447,2,13,39,47,7,11,11,8,4,7,10,7.0,42.5,8.5,70.0,110.0,90.0,110.0,80.0,40.0,70.0,425.0,0.5434582464349951,352,0.0003586756002244781,0.10678374153360531,0.00946452761550826,0.01414197463883709
448,samples/sample_000448.npz,rectangular_body_000448,40,54,2,14,11,14,14,12,3,11,13,46.5,7.5,12.0,110.0,140.0,125.0,140.0,120.0,30.0,465.0,75.0,0.7511212929935864,504,0.0008618247352749292,0.113648164492116,0.01573922750255682,0.019340538196200633
449,samples/sample_000449.npz,rectangular_body_000449,6,14,21,31,13,18,8,10,5,13,17,9.5,25.5,15.0,130.0,180.0,155.0,80.0,100.0,50.0,95.0,255.0,0.991799094182706,400,0.0014318672167708988,0.09203820991562606,0.016722414361300723,0.016146270975335938
450,samples/sample_000450.npz,rectangular_body_000450,21,30,41,51,5,10,9,10,5,5,9,25.0,45.5,7.0,50.0,100.0,75.0,90.0,100.0,50.0,250.0,455.0,0.8452482301553059,450,0.0010110083997266765,0.28260705448252255,0.024861267211520908,0.03359437440819888
451,samples/sample_000451.npz,rectangular_body_000451,36,43,48,57,11,18,7,9,7,11,17,39.0,52.0,14.0,110.0,180.0,145.0,70.0,90.0,70.0,390.0,520.0,0.7482315196018712,441,0.0011453792092006956,0.08979887287345201,0.014861376094383271,0.014950182683665925
452,samples/sample_000452.npz,rectangular_body_000452,15,28,37,47,10,14,13,10,4,10,13,21.0,41.5,11.5,100.0,140.0,120.0,130.0,100.0,40.0,210.0,415.0,0.5806054362460584,520,0.0011982002344501043,0.10134732702146025,0.016704766982560664,0.016051491009569447
453,samples/sample_000453.npz,rectangular_body_000453,25,39,35,47,11,17,14,12,6,11,16,31.5,40.5,13.5,110.0,170.0,140.0,140.0,120.0,60.0,315.0,405.0,0.5956389732063034,1008,0.0039888718708519875,0.15419848464105151,0.032134515599962284,0.025415889560040247
454,samples/sample_000454.npz,rectangular_body_000454,40,46,50,61,3,9,6,11,6,3,8,42.5,55.0,5.5,30.0,90.0,60.0,60.0,110.0,60.0,425.0,550.0,0.7560702542927682,396,0.0004119054319185724,0.3254150979802086,0.01751799192154916,0.032690532683507814
455,samples/sample_000455.npz,rectangular_body_000455,40,51,2,9,2,9,11,7,7,2,8,45.0,5.0,5.0,20.0,90.0,55.0,110.0,70.0,70.0,450.0,50.0,0.2894138458678411,539,0.00016920632954819177,0.19127668093414635,0.008403667279060044,0.01792612449938167
456,samples/sample_000456.npz,rectangular_body_000456,21,34,30,43,15,20,13,13,5,15,19,27.0,36.0,17.0,150.0,200.0,175.0,130.0,130.0,50.0,270.0,360.0,0.2827657670020758,845,0.0018831216275519858,0.042123275061976245,0.011402058085085676,0.007239388078914675
457,samples/sample_000457.npz,rectangular_body_000457,47,56,17,32,10,13,9,15,3,10,12,51.0,24.0,11.0,100.0,130.0,115.0,90.0,150.0,30.0,510.0,240.0,0.2057312981236633,405,0.00025056016060451063,0.029106988727531313,0.00426958146628195,0.004713112624974816
458,samples/sample_000458.npz,rectangular_body_000458,51,59,43,53,15,18,8,10,3,15,17,54.5,47.5,16.0,150.0,180.0,165.0,80.0,100.0,30.0,545.0,475.0,0.4513462102813877,240,0.0003085445651557525,0.022221586670684884,0.003947110937296867,0.004110040139992435
459,samples/sample_000459.npz,rectangular_body_000459,17,28,8,16,16,22,11,8,6,16,21,22.0,11.5,18.5,160.0,220.0,190.0,110.0,80.0,60.0,220.0,115.0,0.717596288713876,528,0.001556931885464036,0.0609134454137027,0.014352463643709783,0.011727121517045826
460,samples/sample_000460.npz,rectangular_body_000460,38,51,23,38,11,13,13,15,2,11,12,44.0,30.0,11.5,110.0,130.0,120.0,130.0,150.0,20.0,440.0,300.0,0.24594474373964925,390,0.0004698646378906809,0.02967949552326079,0.005361661641041725,0.0048697796253277656
461,samples/sample_000461.npz,rectangular_body_000461,15,25,49,57,8,16,10,8,8,8,15,19.5,52.5,11.5,80.0,160.0,120.0,100.0,80.0,80.0,195.0,525.0,0.590281469719621,640,0.000980537251732417,0.14309477018664019,0.018073193328700367,0.02178149190036735
462,samples/sample_000462.npz,rectangular_body_000462,20,24,47,62,9,17,4,15,8,9,16,21.5,54.0,12.5,90.0,170.0,130.0,40.0,150.0,80.0,215.0,540.0,0.8378234009253662,480,0.0011254603592476449,0.12695074972491632,0.01797696333415685,0.020463392367310144
463,samples/sample_000463.npz,rectangular_body_000463,37,50,27,40,16,19,13,13,3,16,18,43.0,33.0,17.0,160.0,190.0,175.0,130.0,130.0,30.0,430.0,330.0,0.8911703468401846,507,0.003013416510176491,0.0789362361857022,0.02078936676217148,0.014147971884116059
464,samples/sample_000464.npz,rectangular_body_000464,10,21,5,14,14,19,11,9,5,14,18,15.0,9.0,16.0,140.0,190.0,165.0,110.0,90.0,50.0,150.0,90.0,0.21133258429818824,495,0.00029855412907695944,0.02143493876666289,0.0038295547301836,0.003978597360664902
465,samples/sample_000465.npz,rectangular_body_000465,11,21,12,27,6,8,10,15,2,6,7,15.5,19.0,6.5,60.0,80.0,70.0,100.0,150.0,20.0,155.0,190.0,0.8933957877778471,300,0.0005218076156944106,0.17737856534990618,0.01689672516016509,0.023856859574708313
466,samples/sample_000466.npz,rectangular_body_000466,40,55,26,41,12,16,15,15,4,12,15,47.0,33.0,13.5,120.0,160.0,140.0,150.0,150.0,40.0,470.0,330.0,0.9248373283387281,900,0.0040638845809581395,0.2009194795271734,0.04162469166917871,0.03555682621539712
467,samples/sample_000467.npz,rectangular_body_000467,47,59,32,40,3,8,12,8,5,3,7,52.5,35.5,5.0,30.0,80.0,55.0,120.0,80.0,50.0,525.0,355.0,0.766185004648491,480,0.000622496259787415,0.39039196760152084,0.02378222925330153,0.041519094972238185
468,samples/sample_000468.npz,rectangular_body_000468,19,24,24,36,12,20,5,12,8,12,19,21.0,29.5,15.5,120.0,200.0,160.0,50.0,120.0,80.0,210.0,295.0,0.8096885987257403,480,0.0024620779006143834,0.08776415309483446,0.019227717859721057,0.01451455687676627
469,samples/sample_000469.npz,rectangular_body_000469,23,35,25,39,14,22,12,14,8,14,21,28.5,31.5,17.5,140.0,220.0,180.0,120.0,140.0,80.0,285.0,315.0,0.3256019665527752,1344,0.00437383883480379,0.07492590706449714,0.02078188734234697,0.012668201308625187
470,samples/sample_000470.npz,rectangular_body_000470,32,37,7,18,3,10,5,11,7,3,9,34.0,12.0,6.0,30.0,100.0,65.0,50.0,110.0,70.0,340.0,120.0,0.7072032847103074,385,0.0005814620393495859,0.28272610090511413,0.01746389347801982,0.028405700014356976
471,samples/sample_000471.npz,rectangular_body_000471,39,47,32,48,5,8,8,16,3,5,7,42.5,39.5,6.0,50.0,80.0,65.0,80.0,160.0,30.0,425.0,395.0,0.6847876333625573,384,0.0006667663754791744,0.19400495683679014,0.01809624107253046,0.024494565574707538
472,samples/sample_000472.npz,rectangular_body_000472,38,43,36,42,16,19,5,6,3,16,18,40.0,38.5,17.0,160.0,190.0,175.0,50.0,60.0,30.0,400.0,385.0,0.20591182702988214,90,0.00011433115703216855,0.003551725469759241,0.0008657793875663043,0.0006078558355489774
473,samples/sample_000473.npz,rectangular_body_000473,41,56,14,29,8,12,15,15,4,8,11,48.0,21.0,9.5,80.0,120.0,100.0,150.0,150.0,40.0,480.0,210.0,0.5145206303520617,900,0.0012760784404543925,0.17994394628121374,0.025816510079130238,0.02924455769118945
474,samples/sample_000474.npz,rectangular_body_000474,47,62,34,40,10,17,15,6,7,10,16,54.0,36.5,13.0,100.0,170.0,135.0,150.0,60.0,70.0,540.0,365.0,0.9103422504531367,630,0.001883702488103902,0.16528062885624825,0.025706080104884982,0.027331043625866632
475,samples/sample_000475.npz,rectangular_body_000475,31,35,36,41,4,11,4,5,7,4,10,32.5,38.0,7.0,40.0,110.0,75.0,40.0,50.0,70.0,325.0,380.0,0.5716542306861375,140,0.00034643326517146773,0.08006193943855035,0.0055370404874840904,0.007506441520416125
476,samples/sample_000476.npz,rectangular_body_000476,13,23,23,34,7,9,10,11,2,7,8,17.5,28.0,7.5,70.0,90.0,80.0,100.0,110.0,20.0,175.0,280.0,0.8823248728458906,220,0.0006005386168047417,0.12102027597359882,0.01250434407021846,0.015684305223150754
477,samples/sample_000477.npz,rectangular_body_000477,5,19,43,52,6,10,14,9,4,6,9,11.5,47.0,7.5,60.0,100.0,80.0,140.0,90.0,40.0,115.0,470.0,0.8602604637656712,504,0.0007564393955777984,0.26106751758230934,0.023988773148022266,0.03570298733308514
478,samples/sample_000478.npz,rectangular_body_000478,40,53,26,32,11,16,13,6,5,11,15,46.0,28.5,13.0,110.0,160.0,135.0,130.0,60.0,50.0,460.0,285.0,0.5716903981579067,390,0.0010450196796402858,0.0646679231707426,0.011575550065156558,0.010484677337781419
479,samples/sample_000479.npz,rectangular_body_000479,28,34,5,19,12,19,6,14,7,12,18,30.5,11.5,15.0,120.0,190.0,155.0,60.0,140.0,70.0,305.0,115.0,0.20853482627828335,588,0.0005430069410111982,0.028180102549013146,0.005435402239806835,0.004930567285425518
480,samples/sample_000480.npz,rectangular_body_000480,50,60,3,17,3,10,10,14,7,3,9,54.5,9.5,6.0,30.0,100.0,65.0,100.0,140.0,70.0,545.0,95.0,0.4176842022431137,980,0.00045592248452288545,0.3257859812952665,0.020639294852624952,0.04008788360076301
481,samples/sample_000481.npz,rectangular_body_000481,28,36,38,48,13,15,8,10,2,13,14,31.5,42.5,13.5,130.0,150.0,140.0,80.0,100.0,20.0,315.0,425.0,0.3627184633664139,160,0.0003526007003286488,0.015801913396132176,0.003071080824842893,0.002547486317737436
482,samples/sample_000482.npz,rectangular_body_000482,35,44,55,61,5,12,9,6,7,5,11,39.0,57.5,8.0,50.0,120.0,85.0,90.0,60.0,70.0,390.0,575.0,0.5938732441491112,378,0.00041235308730607883,0.15793907101624816,0.011115787640684875,0.018027335754464243
483,samples/sample_000483.npz,rectangular_body_000483,19,29,30,44,16,21,10,14,5,16,20,23.5,36.5,18.0,160.0,210.0,185.0,100.0,140.0,50.0,235.0,365.0,0.23537409625117267,700,0.0011570335953508034,0.02669231049237208,0.007459317524932727,0.004722343173744592
484,samples/sample_000484.npz,rectangular_body_000484,12,19,15,25,9,16,7,10,7,9,15,15.0,19.5,12.0,90.0,160.0,125.0,70.0,100.0,70.0,150.0,195.0,0.6058340754582439,490,0.0009241725757240165,0.1041664987323903,0.015030082555308702,0.01619316049700889
485,samples/sample_000485.npz,rectangular_body_000485,38,54,42,58,10,14,16,16,4,10,13,45.5,49.5,11.5,100.0,140.0,120.0,160.0,160.0,40.0,455.0,495.0,0.957242072042549,1024,0.0026957838402787582,0.287006681951952,0.04757234293914102,0.05146823583748278
486,samples/sample_000486.npz,rectangular_body_000486,15,31,28,42,12,15,16,14,3,12,14,22.5,34.5,13.0,120.0,150.0,135.0,160.0,140.0,30.0,225.0,345.0,0.5915232119731689,672,0.002351147449687286,0.10060500861791899,0.0214961175784873,0.017058050313238912
487,samples/sample_000487.npz,rectangular_body_000487,36,47,25,34,4,8,11,9,4,4,7,41.0,29.0,5.5,40.0,80.0,60.0,110.0,90.0,40.0,410.0,290.0,0.7659968940768513,396,0.0009241711849992683,0.28815929848427946,0.02176600215582874,0.03134798701601197
488,samples/sample_000488.npz,rectangular_body_000488,29,42,3,7,3,8,13,4,5,3,7,35.0,4.5,5.0,30.0,80.0,55.0,130.0,40.0,50.0,350.0,45.0,0.31216451569906956,260,0.00010962932800010377,0.09312279218829016,0.004444890098866521,0.00898709683650542
489,samples/sample_000489.npz,rectangular_body_000489,54,61,22,30,3,10,7,8,7,3,9,57.0,25.5,6.0,30.0,100.0,65.0,70.0,80.0,70.0,570.0,255.0,0.8575387846652047,392,0.000520079983204776,0.36630112471377413,0.018577010595571403,0.03490625371666308
490,samples/sample_000490.npz,rectangular_body_000490,33,45,52,60,7,12,12,8,5,7,11,38.5,55.5,9.0,70.0,120.0,95.0,120.0,80.0,50.0,385.0,555.0,0.993257167571491,480,0.0010498236361252862,0.24285061615205705,0.02403618320314315,0.03350849513614381
491,samples/sample_000491.npz,rectangular_body_000491,9,15,48,57,10,16,6,9,6,10,15,11.5,52.0,12.5,100.0,160.0,130.0,60.0,90.0,60.0,115.0,520.0,0.8346908351103428,324,0.0006112955724667874,0.08903453830037192,0.01127357672564581,0.014297062528143816
492,samples/sample_000492.npz,rectangular_body_000492,39,43,37,51,5,11,4,14,6,5,10,40.5,43.5,7.5,50.0,110.0,80.0,40.0,140.0,60.0,405.0,435.0,0.20605537655574802,336,0.00019286678999678262,0.04685106517661341,0.004462168392133191,0.005761941754276103
493,samples/sample_000493.npz,rectangular_body_000493,30,46,2,11,15,19,16,9,4,15,18,37.5,6.0,16.5,150.0,190.0,170.0,160.0,90.0,40.0,375.0,60.0,0.539508916805949,576,0.0010684717694912273,0.057301349862798535,0.011269828755659576,0.010616677404969858
494,samples/sample_000494.npz,rectangular_body_000494,23,32,26,35,11,15,9,9,4,11,14,27.0,30.0,12.5,110.0,150.0,130.0,90.0,90.0,40.0,270.0,300.0,0.3507058918603136,324,0.0008159721480714571,0.03568062010139772,0.0064569881261311805,0.005376509829913897
495,samples/sample_000495.npz,rectangular_body_000495,6,10,40,53,11,18,4,13,7,11,17,7.5,46.0,14.0,110.0,180.0,145.0,40.0,130.0,70.0,75.0,460.0,0.7799148127091096,364,0.0007330599454960692,0.07513096246885993,0.01112585132172817,0.012788287338803966
496,samples/sample_000496.npz,rectangular_body_000496,10,23,24,29,6,9,13,5,3,6,8,16.0,26.0,7.0,60.0,90.0,75.0,130.0,50.0,30.0,160.0,260.0,0.27945419759864243,195,0.00014171893290964294,0.03922921150269017,0.003507315564037149,0.00476084977726121
497,samples/sample_000497.npz,rectangular_body_000497,27,40,21,35,8,16,13,14,8,8,15,33.0,27.5,11.5,80.0,160.0,120.0,130.0,140.0,80.0,330.0,275.0,0.5828963611978588,1456,0.005918387261171925,0.2809419194731205,0.04994292945353822,0.04310383190936813
498,samples/sample_000498.npz,rectangular_body_000498,34,50,14,28,14,20,16,14,6,14,19,41.5,20.5,16.5,140.0,200.0,170.0,160.0,140.0,60.0,415.0,205.0,0.3257523080293681,1344,0.0022338079142478467,0.07843060523377277,0.019854476854260502,0.014582123616744295
499,samples/sample_000499.npz,rectangular_body_000499,12,18,6,18,3,7,6,12,4,3,6,14.5,11.5,4.5,30.0,70.0,50.0,60.0,120.0,40.0,145.0,115.0,0.9400228725959769,288,0.00030453230182937756,0.3348089643507498,0.01710689425090047,0.033281981388064534
500,samples/sample_000500.npz,rectangular_body_000500,51,55,25,36,15,22,4,11,7,15,21,52.5,30.0,18.0,150.0,220.0,185.0,40.0,110.0,70.0,525.0,300.0,0.3681131252764252,308,0.0005360111760989632,0.019595203749031488,0.004439691465201948,0.0036303599123634358
501,samples/sample_000501.npz,rectangular_body_000501,47,52,45,54,12,18,5,9,6,12,17,49.0,49.0,14.5,120.0,180.0,150.0,50.0,90.0,60.0,490.0,490.0,0.6253856070991004,270,0.0005015189549847659,0.04320769809145407,0.007147805969535192,0.007507034078575286
502,samples/sample_000502.npz,rectangular_body_000502,30,34,16,20,7,12,4,4,5,7,11,31.5,17.5,9.0,70.0,120.0,95.0,40.0,40.0,50.0,315.0,175.0,0.5367094321244399,80,0.00016809469684242603,0.026264725591321033,0.002636832883262309,0.0031601029895870028
503,samples/sample_000503.npz,rectangular_body_000503,40,49,54,59,13,15,9,5,2,13,14,44.0,56.0,13.5,130.0,150.0,140.0,90.0,50.0,20.0,440.0,560.0,0.9223726822011269,90,0.00021597184206413708,0.02335018475652435,0.0033345866222518382,0.0038584996761810795
504,samples/sample_000504.npz,rectangular_body_000504,47,52,19,34,9,13,5,15,4,9,12,49.0,26.0,10.5,90.0,130.0,110.0,50.0,150.0,40.0,490.0,260.0,0.23397286450087043,300,0.0002307068433535543,0.027559971926224235,0.003840358036388943,0.004205528150747307
505,samples/sample_000505.npz,rectangular_body_000505,31,36,23,35,16,24,5,12,8,16,23,33.0,28.5,19.5,160.0,240.0,200.0,50.0,120.0,80.0,330.0,285.0,0.4994810018238613,480,0.0023728629687419607,0.035766908251408325,0.010637291431951561,0.006027692345355904
506,samples/sample_000506.npz,rectangular_body_000506,10,18,22,31,8,16,8,9,8,8,15,13.5,26.0,11.5,80.0,160.0,120.0,80.0,90.0,80.0,135.0,260.0,0.23898751306789068,576,0.0004740832140034892,0.05298754484861571,0.007222371400098068,0.00784563253729243
507,samples/sample_000507.npz,rectangular_body_000507,27,40,27,35,8,16,13,8,8,8,15,33.0,30.5,11.5,80.0,160.0,120.0,130.0,80.0,80.0,330.0,305.0,0.33239658872140276,832,0.0021704054800392495,0.1000095128483311,0.016400491179706756,0.014496544584338246
508,samples/sample_000508.npz,rectangular_body_000508,51,58,54,61,5,11,7,7,6,5,10,54.0,57.0,7.5,50.0,110.0,80.0,70.0,70.0,60.0,540.0,570.0,0.22968057353148197,294,8.218042726480844e-05,0.052641190317976524,0.0029378922747170287,0.005766239067942245
509,samples/sample_000509.npz,rectangular_body_000509,22,38,33,42,14,17,16,9,3,14,16,29.5,37.0,15.0,140.0,170.0,155.0,160.0,90.0,30.0,295.0,370.0,0.5896529355006255,432,0.0019616712527654383,0.05457753936950775,0.013094693490729432,0.00915126843887287
510,samples/sample_000510.npz,rectangular_body_000510,25,39,43,57,9,11,14,14,2,9,10,31.5,49.5,9.5,90.0,110.0,100.0,140.0,140.0,20.0,315.0,495.0,0.31102336386489987,392,0.0004287366807513135,0.04857254337099641,0.006876587394879713,0.007682453756435199
511,samples/sample_000511.npz,rectangular_body_000511,21,25,37,41,16,22,4,4,6,16,21,22.5,38.5,18.5,160.0,220.0,190.0,40.0,40.0,60.0,225.0,385.0,0.9959708295933525,96,0.0006090412818569,0.016109602360333354,0.004225538597852467,0.002809022987540859
512,samples/sample_000512.npz,rectangular_body_000512,20,31,15,22,10,12,11,7,2,10,11,25.0,18.0,10.5,100.0,120.0,110.0,110.0,70.0,20.0,250.0,180.0,0.9259319727849817,154,0.0005291682069474269,0.05807014422873387,0.008166919681516283,0.008534221147574976
513,samples/sample_000513.npz,rectangular_body_000513,13,18,34,42,14,17,5,8,3,14,16,15.0,37.5,15.0,140.0,170.0,155.0,50.0,80.0,30.0,150.0,375.0,0.8253846157307698,120,0.00043471221484175167,0.02346953765952743,0.0046248600154788055,0.0040247996040642595
514,samples/sample_000514.npz,rectangular_body_000514,3,11,9,21,4,11,8,12,7,4,10,6.5,14.5,7.0,40.0,110.0,75.0,80.0,120.0,70.0,65.0,145.0,0.4765289166125758,672,0.0004325606749885852,0.24024176674642328,0.015917685469327803,0.02858608405318657
515,samples/sample_000515.npz,rectangular_body_000515,31,46,33,48,16,20,15,15,4,16,19,38.0,40.0,17.5,160.0,200.0,180.0,150.0,150.0,40.0,380.0,400.0,0.3763551204477902,900,0.0022025930087143627,0.054749954489637556,0.015387163102961347,0.009933393584089014
516,samples/sample_000516.npz,rectangular_body_000516,34,49,13,20,12,14,15,7,2,12,13,41.0,16.0,12.5,120.0,140.0,130.0,150.0,70.0,20.0,410.0,160.0,0.9073154556809881,210,0.000687712577268998,0.0557736376299018,0.009685274134385056,0.009372599519005683
517,samples/sample_000517.npz,rectangular_body_000517,16,25,11,20,8,10,9,9,2,8,9,20.0,15.0,8.5,80.0,100.0,90.0,90.0,90.0,20.0,200.0,150.0,0.5936596550282052,162,0.00023280253647346374,0.05395857562527322,0.005613915931721822,0.007239634335449459
518,samples/sample_000518.npz,rectangular_body_000518,28,43,2,14,14,16,15,12,2,14,15,35.0,7.5,14.5,140.0,160.0,150.0,150.0,120.0,20.0,350.0,75.0,0.35363900544852706,360,0.00044606288209927643,0.02827324123829624,0.005193577306781954,0.005099800092302973
519,samples/sample_000519.npz,rectangular_body_000519,6,22,18,30,14,20,16,12,6,14,19,13.5,23.5,16.5,140.0,200.0,170.0,160.0,120.0,60.0,135.0,235.0,0.42143967619140493,1152,0.00207178483220427,0.08851640095735386,0.020507344227129395,0.01680788165185297
520,samples/sample_000520.npz,rectangular_body_000520,10,26,25,38,16,19,16,13,3,16,18,17.5,31.0,17.0,160.0,190.0,175.0,160.0,130.0,30.0,175.0,310.0,0.3056079098195601,624,0.001193101604187884,0.03240661592999125,0.008528562246357535,0.005996785185585757
521,samples/sample_000521.npz,rectangular_body_000521,3,17,28,40,4,9,14,12,5,4,8,9.5,33.5,6.0,40.0,90.0,65.0,140.0,120.0,50.0,95.0,335.0,0.6070123556796079,840,0.0010080680795728678,0.36764778172616863,0.03074267929944761,0.04792756445332331
522,samples/sample_000522.npz,rectangular_body_000522,40,54,46,55,16,24,14,9,8,16,23,46.5,50.0,19.5,160.0,240.0,200.0,140.0,90.0,80.0,465.0,500.0,0.700062267631653,1008,0.002722729979282258,0.10212156455857806,0.025068265694151517,0.020496726105745464
523,samples/sample_000523.npz,rectangular_body_000523,13,17,26,35,2,5,4,9,3,2,4,14.5,30.0,3.0,20.0,50.0,35.0,40.0,90.0,30.0,145.0,300.0,0.3735156890767337,108,5.957749055097048e-05,0.09025209650787248,0.003036788872225478,0.006421094672295922
524,samples/sample_000524.npz,rectangular_body_000524,32,44,42,48,13,18,12,6,5,13,17,37.5,44.5,15.0,130.0,180.0,155.0,120.0,60.0,50.0,375.0,445.0,0.7028447766571804,360,0.0012637827796920745,0.058336669932675236,0.012303962647516504,0.009966883656574162
525,samples/sample_000525.npz,rectangular_body_000525,50,58,51,60,13,19,8,9,6,13,18,53.5,55.0,15.5,130.0,190.0,160.0,80.0,90.0,60.0,535.0,550.0,0.438744733108525,432,0.00044369272444485435,0.04228092454627311,0.00627710937309749,0.0074598559496086864
526,samples/sample_000526.npz,rectangular_body_000526,47,52,57,61,3,11,5,4,8,3,10,49.0,58.5,6.5,30.0,110.0,70.0,50.0,40.0,80.0,490.0,585.0,0.4206099086966944,160,7.92735395910446e-05,0.08108296188756592,0.003211924905263677,0.006782341009199084
527,samples/sample_000527.npz,rectangular_body_000527,47,62,20,36,11,14,15,16,3,11,13,54.0,27.5,12.0,110.0,140.0,125.0,150.0,160.0,30.0,540.0,275.0,0.7190546973564536,720,0.0016494975135947828,0.14479436547941424,0.02394905183816722,0.0253948651653929
528,samples/sample_000528.npz,rectangular_body_000528,18,28,47,61,6,14,10,14,8,6,13,22.5,53.5,9.5,60.0,140.0,100.0,100.0,140.0,80.0,225.0,535.0,0.6892271632061312,1120,0.0018164365360399618,0.3541998824127941,0.03960952108188682,0.0518117554963916
529,samples/sample_000529.npz,rectangular_body_000529,44,48,3,14,5,8,4,11,3,5,7,45.5,8.0,6.0,50.0,80.0,65.0,40.0,110.0,30.0,455.0,80.0,0.36309521270407824,132,6.519842563799263e-05,0.04529442137310278,0.0026779264109673445,0.004850573565728205
530,samples/sample_000530.npz,rectangular_body_000530,35,42,45,50,14,21,7,5,7,14,20,38.0,47.0,17.0,140.0,210.0,175.0,70.0,50.0,70.0,380.0,470.0,0.7778351902664096,245,0.0009299454698134585,0.03742528639284461,0.008377141910307542,0.006611390121411883
531,samples/sample_000531.npz,rectangular_body_000531,7,13,12,23,5,9,6,11,4,5,8,9.5,17.0,6.5,50.0,90.0,70.0,60.0,110.0,40.0,95.0,170.0,0.5727035537809515,264,0.00022617857799917817,0.12637908540927037,0.008589349287211966,0.014510959782323795
532,samples/sample_000532.npz,rectangular_body_000532,12,19,22,38,10,16,7,16,6,10,15,15.0,29.5,12.5,100.0,160.0,130.0,70.0,160.0,60.0,150.0,295.0,0.3273979011607977,672,0.0009471882900025017,0.0652075360407316,0.011374667271831743,0.010766675031355295
533,samples/sample_000533.npz,rectangular_body_000533,32,43,33,48,13,17,11,15,4,13,16,37.0,40.0,14.5,130.0,170.0,150.0,110.0,150.0,40.0,370.0,400.0,0.7074398447219277,660,0.0027667191075921005,0.10566933887038474,0.0238729521952726,0.01800227877944264
534,samples/sample_000534.npz,rectangular_body_000534,26,41,45,59,9,15,15,14,6,9,14,33.0,51.5,11.5,90.0,150.0,120.0,150.0,140.0,60.0,330.0,515.0,0.995476651600552,1260,0.004514264696231599,0.39214391399385573,0.06313965381973044,0.06608094634219178
535,samples/sample_000535.npz,rectangular_body_000535,20,24,14,26,5,11,4,12,6,5,10,21.5,19.5,7.5,50.0,110.0,80.0,40.0,120.0,60.0,215.0,195.0,0.4032354232113307,288,0.0003117932750960538,0.0832650215591847,0.007461401461044525,0.00985090425205835
536,samples/sample_000536.npz,rectangular_body_000536,25,30,40,53,16,22,5,13,6,16,21,27.0,46.0,18.5,160.0,220.0,190.0,50.0,130.0,60.0,270.0,460.0,0.2640367971945088,390,0.0005880108831562095,0.016533883670179682,0.004344084648717404,0.0030364810531028725
537,samples/sample_000537.npz,rectangular_body_000537,38,51,10,19,7,12,13,9,5,7,11,44.0,14.0,9.0,70.0,120.0,95.0,130.0,90.0,50.0,440.0,140.0,0.5188715671325614,585,0.0007221754679126568,0.14949503552317228,0.016963322701906848,0.021502702520384536
538,samples/sample_000538.npz,rectangular_body_000538,25,30,34,39,8,13,5,5,5,8,12,27.0,36.0,10.0,80.0,130.0,105.0,50.0,50.0,50.0,270.0,360.0,0.6630566753095939,125,0.0004471082442972618,0.041696056317871405,0.005147040614751822,0.005301026895105486
539,samples/sample_000539.npz,rectangular_body_000539,28,43,3,18,6,13,15,15,7,6,12,35.0,10.0,9.0,60.0,130.0,95.0,150.0,150.0,70.0,350.0,100.0,0.7898640875162031,1575,0.0033164333215680557,0.532496748152496,0.06673163943803488,0.08314993679006279
540,samples/sample_000540.npz,rectangular_body_000540,52,61,27,33,5,12,9,6,7,5,11,56.0,29.5,8.0,50.0,120.0,85.0,90.0,60.0,70.0,560.0,295.0,0.2631246076980083,378,0.00022028180454227282,0.0699773165052402,0.00522655737234317,0.008079431595850242
541,samples/sample_000541.npz,rectangular_body_000541,40,48,5,17,16,21,8,12,5,16,20,43.5,10.5,18.0,160.0,210.0,185.0,80.0,120.0,50.0,435.0,105.0,0.5434351276615765,480,0.0009571329204271096,0.043403859736472435,0.009646207300515554,0.008398361126835766
542,samples/sample_000542.npz,rectangular_body_000542,22,33,20,31,9,11,11,11,2,9,10,27.0,25.0,9.5,90.0,110.0,100.0,110.0,110.0,20.0,270.0,250.0,0.7388505428755143,242,0.0008697548146555898,0.07978906784349285,0.011173291429131248,0.01130460747118484
543,samples/sample_000543.npz,rectangular_body_000543,4,20,5,14,16,21,16,9,5,16,20,11.5,9.0,18.0,160.0,210.0,185.0,160.0,90.0,50.0,115.0,90.0,0.36409367480358057,720,0.0007489187186026415,0.04202009084532983,0.008378452946302645,0.008314856135397439
544,samples/sample_000544.npz,rectangular_body_000544,9,19,41,54,9,13,10,13,4,9,12,13.5,47.0,10.5,90.0,130.0,110.0,100.0,130.0,40.0,135.0,470.0,0.8338196318994746,520,0.0010515479219004174,0.16654846781494909,0.021837176056797986,0.026449516255438413
545,samples/sample_000545.npz,rectangular_body_000545,33,38,23,32,6,9,5,9,3,6,8,35.0,27.0,7.0,60.0,90.0,75.0,50.0,90.0,30.0,350.0,270.0,0.5017896004809055,135,0.0002926528062331147,0.054355462336107906,0.004685356755832249,0.005965685408656165
546,samples/sample_000546.npz,rectangular_body_000546,54,60,35,47,2,6,6,12,4,2,5,56.5,40.5,3.5,20.0,60.0,40.0,60.0,120.0,40.0,565.0,405.0,0.8080713821354963,288,0.00023004538190286145,0.36530041227162435,0.01456475118773409,0.03248211810295386
547,samples/sample_000547.npz,rectangular_body_000547,12,26,36,50,7,10,14,14,3,7,9,18.5,42.5,8.0,70.0,100.0,85.0,140.0,140.0,30.0,185.0,425.0,0.8249632485210536,588,0.0012961362454164463,0.23901652449534086,0.02984321962096443,0.03565725964129207
548,samples/sample_000548.npz,rectangular_body_000548,45,50,3,11,9,14,5,8,5,9,13,47.0,6.5,11.0,90.0,140.0,115.0,50.0,80.0,50.0,470.0,65.0,0.20031821571278732,200,8.075682527490923e-05,0.016512471324298134,0.0017002781812587757,0.00237077909637754
549,samples/sample_000549.npz,rectangular_body_000549,9,22,47,59,16,23,13,12,7,16,22,15.0,52.5,19.0,160.0,230.0,195.0,130.0,120.0,70.0,150.0,525.0,0.6770994582526503,1092,0.002507728786321995,0.1100196699973112,0.024987520373740798,0.022144493172991168
550,samples/sample_000550.npz,rectangular_body_000550,2,16,33,38,16,18,14,5,2,16,17,8.5,35.0,16.5,160.0,180.0,170.0,140.0,50.0,20.0,85.0,350.0,0.601535771593086,140,0.0003369347473549248,0.016038477127849483,0.0032890569095701573,0.0029394051433238727
551,samples/sample_000551.npz,rectangular_body_000551,56,62,32,39,15,21,6,7,6,15,20,58.5,35.0,17.5,150.0,210.0,180.0,60.0,70.0,60.0,585.0,350.0,0.7551066160132327,252,0.0006804397225993398,0.03493656448173015,0.006494253137420399,0.006134379010077072
552,samples/sample_000552.npz,rectangular_body_000552,9,17,28,35,11,17,8,7,6,11,16,12.5,31.0,13.5,110.0,170.0,140.0,80.0,70.0,60.0,125.0,310.0,0.7725030168486076,336,0.0011115150115847692,0.07493322128362549,0.012480596057284726,0.01214631799113853
553,samples/sample_000553.npz,rectangular_body_000553,26,40,49,53,6,9,14,4,3,6,8,32.5,50.5,7.0,60.0,90.0,75.0,140.0,40.0,30.0,325.0,505.0,0.21099612919691194,168,9.036661085380778e-05,0.024969082272236584,0.002203290130953513,0.003098505747474751
554,samples/sample_000554.npz,rectangular_body_000554,4,20,47,56,12,20,16,9,8,12,19,11.5,51.0,15.5,120.0,200.0,160.0,160.0,90.0,80.0,115.0,510.0,0.35985246336345655,1152,0.001146725208536037,0.08735118076217681,0.015487500571081472,0.01639092176528829
555,samples/sample_000555.npz,rectangular_body_000555,7,16,31,35,3,8,9,4,5,3,7,11.0,32.5,5.0,30.0,80.0,55.0,90.0,40.0,50.0,110.0,325.0,0.7777255756859138,180,0.0002600278715779596,0.18969049817185596,0.009224806615552488,0.01675215886039029
556,samples/sample_000556.npz,rectangular_body_000556,12,23,39,54,14,16,11,15,2,14,15,17.0,46.0,14.5,140.0,160.0,150.0,110.0,150.0,20.0,170.0,460.0,0.25366871035336036,330,0.000300992155753131,0.01878771280151216,0.003791355290026492,0.0034616965158942676
557,samples/sample_000557.npz,rectangular_body_000557,46,51,38,46,3,7,5,8,4,3,6,48.0,41.5,4.5,30.0,70.0,50.0,50.0,80.0,40.0,480.0,415.0,0.35698655625703624,160,8.84786544658718e-05,0.08689166990094058,0.003993982486878472,0.007301270275055204
558,samples/sample_000558.npz,rectangular_body_000558,44,52,35,45,6,10,8,10,4,6,9,47.5,39.5,7.5,60.0,100.0,80.0,80.0,100.0,40.0,475.0,395.0,0.5268464554764605,320,0.00041828881843381654,0.11440098967045062,0.010531534130139871,0.014154950441190108
559,samples/sample_000559.npz,rectangular_body_000559,35,46,11,23,13,15,11,12,2,13,14,40.0,16.5,13.5,130.0,150.0,140.0,110.0,120.0,20.0,400.0,165.0,0.8055140269916039,264,0.0008546756542137435,0.05521869430931257,0.010517621485708579,0.009512143276152301
560,samples/sample_000560.npz,rectangular_body_000560,28,41,5,16,10,12,13,11,2,10,11,34.0,10.0,10.5,100.0,120.0,110.0,130.0,110.0,20.0,340.0,100.0,0.26962295720489227,286,0.00023686301709685968,0.028863951372857695,0.0039195877836048325,0.00453904497994561
561,samples/sample_000561.npz,rectangular_body_000561,42,50,47,56,10,12,8,9,2,10,11,45.5,51.0,10.5,100.0,120.0,110.0,80.0,90.0,20.0,455.0,510.0,0.45620509253796976,144,0.00015818561047207548,0.027173979142707257,0.0032946814626891503,0.0040948867618385365
562,samples/sample_000562.npz,rectangular_body_000562,52,56,49,62,10,13,4,13,3,10,12,53.5,55.0,11.0,100.0,130.0,115.0,40.0,130.0,30.0,535.0,550.0,0.6237369551850175,156,0.00017356704544759996,0.03673913770278411,0.0038274466197215553,0.005609422101578015
563,samples/sample_000563.npz,rectangular_body_000563,38,44,6,21,2,5,6,15,3,2,4,40.5,13.0,3.0,20.0,50.0,35.0,60.0,150.0,30.0,405.0,130.0,0.9994605795635301,270,0.000306011612559119,0.40415033108341036,0.019496822072539707,0.03885223512202273
564,samples/sample_000564.npz,rectangular_body_000564,17,28,33,44,13,18,11,11,5,13,17,22.0,38.0,15.0,130.0,180.0,155.0,110.0,110.0,50.0,220.0,380.0,0.9794557452842021,605,0.003324202584087981,0.13328358658812975,0.029545098558941163,0.02259911867997263
565,samples/sample_000565.npz,rectangular_body_000565,42,54,7,21,15,19,12,14,4,15,18,47.5,13.5,16.5,150.0,190.0,170.0,120.0,140.0,40.0,475.0,135.0,0.3253709882536769,672,0.0007434984822624439,0.04019091931380987,0.008574956117634456,0.00783511008714307
566,samples/sample_000566.npz,rectangular_body_000566,26,40,24,37,14,19,14,13,5,14,18,32.5,30.0,16.0,140.0,190.0,165.0,140.0,130.0,50.0,325.0,300.0,0.8435192348082015,910,0.0075263460290109115,0.14799424672815364,0.03845367367693311,0.024840682853068098
567,samples/sample_000567.npz,rectangular_body_000567,41,55,45,50,16,20,14,5,4,16,19,47.5,47.0,17.5,160.0,200.0,180.0,140.0,50.0,40.0,475.0,470.0,0.6456333736629063,280,0.000687752523829497,0.0313544592571171,0.007118718729720946,0.0060617705190921896
568,samples/sample_000568.npz,rectangular_body_000568,12,26,14,24,2,7,14,10,5,2,6,18.5,18.5,4.0,20.0,70.0,45.0,140.0,100.0,50.0,185.0,185.0,0.9255400591414178,700,0.0009536760540509433,0.7152497412058036,0.04652513732123442,0.07981065152717175
569,samples/sample_000569.npz,rectangular_body_000569,27,34,3,8,4,7,7,5,3,4,6,30.0,5.0,5.0,40.0,70.0,55.0,70.0,50.0,30.0,300.0,50.0,0.49903094237844475,105,7.548449973499072e-05,0.07074229524744097,0.0029286160006252128,0.006043615543203057
570,samples/sample_000570.npz,rectangular_body_000570,29,42,35,42,14,16,13,7,2,14,15,35.0,38.0,14.5,140.0,160.0,150.0,130.0,70.0,20.0,350.0,380.0,0.5031015199028817,182,0.0006242704069741462,0.021683089530967564,0.004776104865572948,0.0035493629344530674
571,samples/sample_000571.npz,rectangular_body_000571,6,17,43,52,13,20,11,9,7,13,19,11.0,47.0,16.0,130.0,200.0,165.0,110.0,90.0,70.0,110.0,470.0,0.6433157999871895,693,0.001385083420821792,0.09288816991782914,0.017303949258011084,0.01717912427282565
572,samples/sample_000572.npz,rectangular_body_000572,2,12,33,42,10,13,10,9,3,10,12,6.5,37.0,11.0,100.0,130.0,115.0,100.0,90.0,30.0,65.0,370.0,0.7515427497732228,270,0.000525616048091652,0.07655165260854177,0.009178528623695833,0.011472960296910636
573,samples/sample_000573.npz,rectangular_body_000573,37,42,36,52,16,22,5,16,6,16,21,39.0,43.5,18.5,160.0,220.0,190.0,50.0,160.0,60.0,390.0,435.0,0.5417249888124629,480,0.0014881889402570713,0.0406948201909673,0.011090672788500781,0.007514706329139078
574,samples/sample_000574.npz,rectangular_body_000574,40,48,14,24,13,16,8,10,3,13,15,43.5,18.5,14.0,130.0,160.0,145.0,80.0,100.0,30.0,435.0,185.0,0.9916066981495095,240,0.0009385539204997764,0.061261805606982134,0.011556336025975477,0.010462039799187046
575,samples/sample_000575.npz,rectangular_body_000575,44,49,43,49,3,9,5,6,6,3,8,46.0,45.5,5.5,30.0,90.0,60.0,50.0,60.0,60.0,460.0,455.0,0.781008167084076,180,0.0002380237409337404,0.1896218203047655,0.00939888312395095,0.016209899002865374
576,samples/sample_000576.npz,rectangular_body_000576,34,46,40,51,5,11,12,11,6,5,10,39.5,45.0,7.5,50.0,110.0,80.0,120.0,110.0,60.0,395.0,450.0,0.6899710355253418,792,0.0014916056874080446,0.34118325795989923,0.034930669280712714,0.04457781919760988
577,samples/sample_000577.npz,rectangular_body_000577,14,29,17,28,16,21,15,11,5,16,20,21.0,22.0,18.0,160.0,210.0,185.0,150.0,110.0,50.0,210.0,220.0,0.34220106547226914,825,0.0015714237027439938,0.04513736028199421,0.012239921068564814,0.008383715539879308
578,samples/sample_000578.npz,rectangular_body_000578,46,61,35,42,14,17,15,7,3,14,16,53.0,38.0,15.0,140.0,170.0,155.0,150.0,70.0,30.0,530.0,380.0,0.9498295960006204,315,0.0010960799750167486,0.06577984719818444,0.012621664479443573,0.011849545054891003
579,samples/sample_000579.npz,rectangular_body_000579,38,52,20,30,9,16,14,10,7,9,15,44.5,24.5,12.0,90.0,160.0,125.0,140.0,100.0,70.0,445.0,245.0,0.987291407477463,980,0.004001251228718351,0.30891914021852573,0.05232788707324673,0.04951347979059478
580,samples/sample_000580.npz,rectangular_body_000580,3,8,33,45,3,11,5,12,8,3,10,5.0,38.5,6.5,30.0,110.0,70.0,50.0,120.0,80.0,50.0,385.0,0.48169906707608734,480,0.00035807070633671773,0.21435280847064916,0.012045152420192388,0.022044339569639908
581,samples/sample_000581.npz,rectangular_body_000581,31,45,46,54,12,17,14,8,5,12,16,37.5,49.5,14.0,120.0,170.0,145.0,140.0,80.0,50.0,375.0,495.0,0.5126756274343216,560,0.0011389007419035316,0.07169872663276217,0.013552299988325014,0.012484788200573008
582,samples/sample_000582.npz,rectangular_body_000582,24,29,52,57,5,9,5,5,4,5,8,26.0,54.0,6.5,50.0,90.0,70.0,50.0,50.0,40.0,260.0,540.0,0.7174329205398098,100,0.00013358005452483254,0.07181944595987842,0.004237073575347905,0.00711478299223361
583,samples/sample_000583.npz,rectangular_body_000583,16,31,37,49,8,15,15,12,7,8,14,23.0,42.5,11.0,80.0,150.0,115.0,150.0,120.0,70.0,230.0,425.0,0.810900741530657,1260,0.004058600024399363,0.35518405092129457,0.057894979894045795,0.05629894884665832
584,samples/sample_000584.npz,rectangular_body_000584,8,12,12,16,10,14,4,4,4,10,13,9.5,13.5,11.5,100.0,140.0,120.0,40.0,40.0,40.0,95.0,135.0,0.44624603982937283,64,6.102028650341577e-05,0.01121495516082228,0.0012483390119649735,0.0016712194288080436
585,samples/sample_000585.npz,rectangular_body_000585,42,58,9,14,3,11,16,5,8,3,10,49.5,11.0,6.5,30.0,110.0,70.0,160.0,50.0,80.0,495.0,110.0,0.37629007366688205,640,0.0003424776577313491,0.19314307502740524,0.013550770300170345,0.023091243266598137
586,samples/sample_000586.npz,rectangular_body_000586,4,15,12,21,15,18,11,9,3,15,17,9.0,16.0,16.0,150.0,180.0,165.0,110.0,90.0,30.0,90.0,160.0,0.5132554007789782,297,0.00044724691723516976,0.030892863268515935,0.0056461884306776835,0.005754258594274298
587,samples/sample_000587.npz,rectangular_body_000587,45,54,51,61,10,12,9,10,2,10,11,49.0,55.5,10.5,100.0,120.0,110.0,90.0,100.0,20.0,490.0,555.0,0.8015129751857422,180,0.0002752604177991832,0.05811925949187214,0.006222585051531611,0.00877371485597291
588,samples/sample_000588.npz,rectangular_body_000588,47,57,33,48,12,15,10,15,3,12,14,51.5,40.0,13.0,120.0,150.0,135.0,100.0,150.0,30.0,515.0,400.0,0.6263653728569858,450,0.0009235671512182256,0.07581773514437799,0.013126612283831801,0.01326881957508494
589,samples/sample_000589.npz,rectangular_body_000589,25,32,36,52,9,15,7,16,6,9,14,28.0,43.5,11.5,90.0,150.0,120.0,70.0,160.0,60.0,280.0,435.0,0.33794747713197887,672,0.0010622173012974343,0.07652274794877828,0.012753254225036044,0.011960569334637627
590,samples/sample_000590.npz,rectangular_body_000590,19,31,15,26,15,19,12,11,4,15,18,24.5,20.0,16.5,150.0,190.0,170.0,120.0,110.0,40.0,245.0,200.0,0.5760261258422612,528,0.0016691041465746017,0.0574021430443976,0.01406459760236213,0.01026237179239044
591,samples/sample_000591.npz,rectangular_body_000591,47,62,24,38,2,9,15,14,7,2,8,54.0,30.5,5.0,20.0,90.0,55.0,150.0,140.0,70.0,540.0,305.0,0.4387264829201265,1470,0.001117014848865588,0.5074853496142991,0.0400923490604982,0.06707411015823382
592,samples/sample_000592.npz,rectangular_body_000592,53,59,51,62,3,8,6,11,5,3,7,55.5,56.0,5.0,30.0,80.0,55.0,60.0,110.0,50.0,555.0,560.0,0.8359351119551097,330,0.00024233295264147286,0.32605654911723664,0.013511522569171507,0.03144359383684986
593,samples/sample_000593.npz,rectangular_body_000593,13,26,11,24,13,20,13,13,7,13,19,19.0,17.0,16.0,130.0,200.0,165.0,130.0,130.0,70.0,190.0,170.0,0.7271331040210047,1183,0.003522055369482643,0.17010511632773798,0.037734113249504625,0.03163796766076806
594,samples/sample_000594.npz,rectangular_body_000594,10,21,37,41,16,24,11,4,8,16,23,15.0,38.5,19.5,160.0,240.0,200.0,110.0,40.0,80.0,150.0,385.0,0.5715414040098381,352,0.0010271374807810751,0.030286320783214672,0.007924200801630775,0.0057046416846453715
595,samples/sample_000595.npz,rectangular_body_000595,9,21,18,27,8,14,12,9,6,8,13,14.5,22.0,10.5,80.0,140.0,110.0,120.0,90.0,60.0,145.0,220.0,0.626198776171768,648,0.0012117469894729292,0.1646839281051273,0.02194224158606404,0.024803056346381656
596,samples/sample_000596.npz,rectangular_body_000596,25,36,16,32,15,17,11,16,2,15,16,30.0,23.5,15.5,150.0,170.0,160.0,110.0,160.0,20.0,300.0,235.0,0.7808468299355138,352,0.00200084011088238,0.054858105475464644,0.01368888009583229,0.009464000415238528
597,samples/sample_000597.npz,rectangular_body_000597,5,9,5,11,12,18,4,6,6,12,17,6.5,7.5,14.5,120.0,180.0,150.0,40.0,60.0,60.0,65.0,75.0,0.41162237939580515,144,0.0001198522131598111,0.015533213582444671,0.0018737121576416658,0.0024986283049606506
598,samples/sample_000598.npz,rectangular_body_000598,41,54,26,40,14,18,13,14,4,14,17,47.0,32.5,15.5,140.0,180.0,160.0,130.0,140.0,40.0,470.0,325.0,0.6831077411176192,728,0.00270033889222286,0.10034548485057518,0.023149624500388266,0.018163055312812443
599,samples/sample_000599.npz,rectangular_body_000599,12,23,49,60,11,18,11,11,7,11,17,17.0,54.0,14.0,110.0,180.0,145.0,110.0,110.0,70.0,170.0,540.0,0.8641197358352617,847,0.0019860348203752662,0.1881527570959876,0.02967684626274745,0.03283349751304613
600,samples/sample_000600.npz,rectangular_body_000600,18,33,41,50,8,16,15,9,8,8,15,25.0,45.0,11.5,80.0,160.0,120.0,150.0,90.0,80.0,250.0,450.0,0.7228532840355799,1080,0.0031049864688818497,0.26964019472740963,0.0430163371526013,0.04215581490969274
601,samples/sample_000601.npz,rectangular_body_000601,8,18,10,18,10,18,10,8,8,10,17,12.5,13.5,13.5,100.0,180.0,140.0,100.0,80.0,80.0,125.0,135.0,0.6294322040203926,640,0.0010682938256140109,0.11597485399076228,0.017179388542289398,0.01955646883954396
602,samples/sample_000602.npz,rectangular_body_000602,40,56,50,54,13,15,16,4,2,13,14,47.5,51.5,13.5,130.0,150.0,140.0,160.0,40.0,20.0,475.0,515.0,0.4931487326538526,128,0.0001730408208332272,0.016390235216542703,0.0026921920004517766,0.0029306227720447982
603,samples/sample_000603.npz,rectangular_body_000603,22,30,15,26,6,10,8,11,4,6,9,25.5,20.0,7.5,60.0,100.0,80.0,80.0,110.0,40.0,255.0,200.0,0.7050412549954324,352,0.000780103916169127,0.16476625858287852,0.016238520259577907,0.020382369856982052
604,samples/sample_000604.npz,rectangular_body_000604,33,45,26,35,8,16,12,9,8,8,15,38.5,30.0,11.5,80.0,160.0,120.0,120.0,90.0,80.0,385.0,300.0,0.7954423058739879,864,0.00418350561049227,0.24968475701749718,0.04017305825407137,0.03651603020119094
605,samples/sample_000605.npz,rectangular_body_000605,21,37,47,60,14,19,16,13,5,14,18,28.5,53.0,16.0,140.0,190.0,165.0,160.0,130.0,50.0,285.0,530.0,0.5062161284209181,1040,0.0022018100744117027,0.09943922216345022,0.021607742372642964,0.0187558511433625
606,samples/sample_000606.npz,rectangular_body_000606,35,43,40,48,4,6,8,8,2,4,5,38.5,43.5,4.5,40.0,60.0,50.0,80.0,80.0,20.0,385.0,435.0,0.5822437058773803,128,0.00015072967697709257,0.0974727566472823,0.005439450463014224,0.009100051307053278
607,samples/sample_000607.npz,rectangular_body_000607,7,19,47,62,8,12,12,15,4,8,11,12.5,54.0,9.5,80.0,120.0,100.0,120.0,150.0,40.0,125.0,540.0,0.5163489815578075,720,0.0006605562577843215,0.15277322921955386,0.016818912005593222,0.024131848172342197
608,samples/sample_000608.npz,rectangular_body_000608,18,32,46,59,2,7,14,13,5,2,6,24.5,52.0,4.0,20.0,70.0,45.0,140.0,130.0,50.0,245.0,520.0,0.6054941159424501,910,0.0007482535141463783,0.5364460358372658,0.037212579097273865,0.06569990707981774
609,samples/sample_000609.npz,rectangular_body_000609,2,11,13,20,10,12,9,7,2,10,11,6.0,16.0,10.5,100.0,120.0,110.0,90.0,70.0,20.0,60.0,160.0,0.2647386177022919,126,6.394809298690108e-05,0.013987187101903002,0.0014149050884279014,0.0020152871300606946
610,samples/sample_000610.npz,rectangular_body_000610,43,58,38,43,12,20,15,5,8,12,19,50.0,40.0,15.5,120.0,200.0,160.0,150.0,50.0,80.0,500.0,400.0,0.35138754619669377,600,0.0008283229424907612,0.046110084849054246,0.009209009540196933,0.008237679512070798
611,samples/sample_000611.npz,rectangular_body_000611,19,33,40,51,12,17,14,11,5,12,16,25.5,45.0,14.0,120.0,170.0,145.0,140.0,110.0,50.0,255.0,450.0,0.3918753844894856,770,0.0014180605542977083,0.07346103870722068,0.015084762698120004,0.01267456498549886
612,samples/sample_000612.npz,rectangular_body_000612,33,48,43,56,2,8,15,13,6,2,7,40.0,49.0,4.5,20.0,80.0,50.0,150.0,130.0,60.0,400.0,490.0,0.9286193600795973,1170,0.0017192093390398643,0.9495671422487975,0.07482542050155097,0.12103950022641873
613,samples/sample_000613.npz,rectangular_body_000613,27,37,31,38,7,11,10,7,4,7,10,31.5,34.0,8.5,70.0,110.0,90.0,100.0,70.0,40.0,315.0,340.0,0.9292675186676127,280,0.0016420321948646395,0.1508234334969711,0.017161714438989926,0.01887627915115842
614,samples/sample_000614.npz,rectangular_body_000614,3,9,36,51,7,13,6,15,6,7,12,5.5,43.0,9.5,70.0,130.0,100.0,60.0,150.0,60.0,55.0,430.0,0.25979223244406324,540,0.0002694613858431388,0.06467438555317982,0.00633996940637889,0.009164160865144952
615,samples/sample_000615.npz,rectangular_body_000615,23,32,13,22,3,6,9,9,3,3,5,27.0,17.0,4.0,30.0,60.0,45.0,90.0,90.0,30.0,270.0,170.0,0.3374234791244367,243,0.0001501029239351414,0.1143099855694685,0.006026991548329785,0.010619591490132701
616,samples/sample_000616.npz,rectangular_body_000616,22,38,35,43,7,14,16,8,7,7,13,29.5,38.5,10.0,70.0,140.0,105.0,160.0,80.0,70.0,295.0,385.0,0.8355732509900407,896,0.004055487137446912,0.31005576271138147,0.0460845890934995,0.04500429194279769
617,samples/sample_000617.npz,rectangular_body_000617,35,49,16,30,6,10,14,14,4,6,9,41.5,22.5,7.5,60.0,100.0,80.0,140.0,140.0,40.0,415.0,225.0,0.46718307355550615,784,0.0011092189953879465,0.19556913548297822,0.023774695235714724,0.02810762726275024
618,samples/sample_000618.npz,rectangular_body_000618,33,39,35,50,7,14,6,15,7,7,13,35.5,42.0,10.0,70.0,140.0,105.0,60.0,150.0,70.0,355.0,420.0,0.9109080603625692,630,0.0025117397081109677,0.2494070193442816,0.034550298504653285,0.03557708438718857
619,samples/sample_000619.npz,rectangular_body_000619,6,10,2,14,6,12,4,12,6,6,11,7.5,7.5,8.5,60.0,120.0,90.0,40.0,120.0,60.0,75.0,75.0,0.31911354587067636,288,0.00012406652134856752,0.05471031462714011,0.0038118320795853806,0.006877722246577881
620,samples/sample_000620.npz,rectangular_body_000620,18,34,6,12,13,17,16,6,4,13,16,25.5,8.5,14.5,130.0,170.0,150.0,160.0,60.0,40.0,255.0,85.0,0.5263346199807393,384,0.0006871768327983683,0.046792782128072447,0.008444264159294812,0.008361461817835996
621,samples/sample_000621.npz,rectangular_body_000621,13,28,32,48,5,12,15,16,7,5,11,20.0,39.5,8.0,50.0,120.0,85.0,150.0,160.0,70.0,200.0,395.0,0.6572442424867952,1680,0.0034473761903711917,0.5272826832238153,0.06991109935041898,0.07981470258000295
622,samples/sample_000622.npz,rectangular_body_000622,17,27,36,48,15,20,10,12,5,15,19,21.5,41.5,17.0,150.0,200.0,175.0,100.0,120.0,50.0,215.0,415.0,0.7808863344386516,600,0.002501551655393045,0.08506110275243373,0.021159360360705357,0.01536280544129567
623,samples/sample_000623.npz,rectangular_body_000623,43,58,22,28,2,6,15,6,4,2,5,50.0,24.5,3.5,20.0,60.0,40.0,150.0,60.0,40.0,500.0,245.0,0.4461172108199186,360,0.0002141902120377254,0.21863689450286541,0.011421709379775062,0.02164441868848018
624,samples/sample_000624.npz,rectangular_body_000624,52,60,35,39,13,19,8,4,6,13,18,55.5,36.5,15.5,130.0,190.0,160.0,80.0,40.0,60.0,555.0,365.0,0.3576136168351773,192,0.00024186352969735112,0.01573549306814845,0.0027239253325244085,0.0026957884778402896
625,samples/sample_000625.npz,rectangular_body_000625,38,45,3,8,13,21,7,5,8,13,20,41.0,5.0,16.5,130.0,210.0,170.0,70.0,50.0,80.0,410.0,50.0,0.473199334512512,280,0.000403488855629253,0.027807800027968427,0.0046337974322922405,0.004759474527724192
626,samples/sample_000626.npz,rectangular_body_000626,49,55,15,20,7,15,6,5,8,7,14,51.5,17.0,10.5,70.0,150.0,110.0,60.0,50.0,80.0,515.0,170.0,0.7925831669946424,240,0.0004411806916017808,0.09255235033316439,0.009509105749345916,0.012510770269083553
627,samples/sample_000627.npz,rectangular_body_000627,20,33,7,21,11,18,13,14,7,11,17,26.0,13.5,14.0,110.0,180.0,145.0,130.0,140.0,70.0,260.0,135.0,0.6250443963162207,1274,0.0032206851533948767,0.1930351362365539,0.037508462461070195,0.034126323421092106
628,samples/sample_000628.npz,rectangular_body_000628,10,15,25,36,2,9,5,11,7,2,8,12.0,30.0,5.0,20.0,90.0,55.0,50.0,110.0,70.0,120.0,300.0,0.7641038552117401,385,0.0005588505870426024,0.3884700627387746,0.01981127371195686,0.03516716345422606
629,samples/sample_000629.npz,rectangular_body_000629,18,25,2,15,9,11,7,13,2,9,10,21.0,8.0,9.5,90.0,110.0,100.0,70.0,130.0,20.0,210.0,80.0,0.6220451831853288,182,0.00024377668525544857,0.05168249599794892,0.005522467685836816,0.007474336077068673
630,samples/sample_000630.npz,rectangular_body_000630,29,33,11,15,3,10,4,4,7,3,9,30.5,12.5,6.0,30.0,100.0,65.0,40.0,40.0,70.0,305.0,125.0,0.3121400030792367,112,7.863434832753631e-05,0.046596174746970795,0.0022801762817224788,0.003859183776072207
631,samples/sample_000631.npz,rectangular_body_000631,4,14,3,17,12,15,10,14,3,12,14,8.5,9.5,13.0,120.0,150.0,135.0,100.0,140.0,30.0,85.0,95.0,0.926431996661732,420,0.0008076406351934634,0.1059726215525359,0.014187652235379737,0.018300518566944434
632,samples/sample_000632.npz,rectangular_body_000632,31,42,43,50,7,11,11,7,4,7,10,36.0,46.0,8.5,70.0,110.0,90.0,110.0,70.0,40.0,360.0,460.0,0.7501212138578439,308,0.0007445329934355235,0.13144386954453385,0.014259856485457783,0.017167244076167144
633,samples/sample_000633.npz,rectangular_body_000633,50,58,10,25,8,11,8,15,3,8,10,53.5,17.0,9.0,80.0,110.0,95.0,80.0,150.0,30.0,535.0,170.0,0.4600789339648607,360,0.00032220063925643975,0.07745366910320048,0.008321539084221221,0.011564059859638985
634,samples/sample_000634.npz,rectangular_body_000634,41,54,18,23,5,7,13,5,2,5,6,47.0,20.0,5.5,50.0,70.0,60.0,130.0,50.0,20.0,470.0,200.0,0.31309163991319516,130,7.287504387961448e-05,0.03896259778890132,0.0027178501322625667,0.004277861012431291
635,samples/sample_000635.npz,rectangular_body_000635,29,40,37,45,8,12,11,8,4,8,11,34.0,40.5,9.5,80.0,120.0,100.0,110.0,80.0,40.0,340.0,405.0,0.7244495665995669,352,0.0011972129440796916,0.12105637156655666,0.015850225451082563,0.016582097745267733
636,samples/sample_000636.npz,rectangular_body_000636,7,18,41,46,11,13,11,5,2,11,12,12.0,43.0,11.5,110.0,130.0,120.0,110.0,50.0,20.0,120.0,430.0,0.3469654351730709,110,0.00010608906626531147,0.01370025330705439,0.0018760295592111522,0.0021468424738931443
637,samples/sample_000637.npz,rectangular_body_000637,16,21,16,24,6,14,5,8,8,6,13,18.0,19.5,9.5,60.0,140.0,100.0,50.0,80.0,80.0,180.0,195.0,0.917835598934656,320,0.0008381966039267162,0.16586991601815484,0.01707891804808545,0.020898741563362962
638,samples/sample_000638.npz,rectangular_body_000638,9,25,50,57,6,8,16,7,2,6,7,16.5,53.0,6.5,60.0,80.0,70.0,160.0,70.0,20.0,165.0,530.0,0.5295323386960036,224,0.00017877590527335627,0.08162781926592641,0.006718764777474252,0.01075953527741101
639,samples/sample_000639.npz,rectangular_body_000639,46,53,40,44,15,20,7,4,5,15,19,49.0,41.5,17.0,150.0,200.0,175.0,70.0,40.0,50.0,490.0,415.0,0.9348656969372713,140,0.0005417003077976576,0.025329475044482165,0.005468042007793751,0.004616243172090596
640,samples/sample_000640.npz,rectangular_body_000640,15,27,10,24,6,10,12,14,4,6,9,20.5,16.5,7.5,60.0,100.0,80.0,120.0,140.0,40.0,205.0,165.0,0.8922297771099654,672,0.0014168921720655108,0.33639896094117594,0.037001408230296046,0.04764425267935089
641,samples/sample_000641.npz,rectangular_body_000641,56,61,17,24,9,15,5,7,6,9,14,58.0,20.0,11.5,90.0,150.0,120.0,50.0,70.0,60.0,580.0,200.0,0.2900819621940969,210,0.0001337367538097429,0.023931935571710316,0.002513342760685922,0.003376604870026464
642,samples/sample_000642.npz,rectangular_body_000642,55,62,28,37,7,12,7,9,5,7,11,58.0,32.0,9.0,70.0,120.0,95.0,70.0,90.0,50.0,580.0,320.0,0.9611058655144433,315,0.0007042371742945835,0.16704869290226695,0.01426002677134926,0.02100124837932035
643,samples/sample_000643.npz,rectangular_body_000643,13,21,31,42,6,14,8,11,8,6,13,16.5,36.0,9.5,60.0,140.0,100.0,80.0,110.0,80.0,165.0,360.0,0.6011652483150601,704,0.0014524179246755483,0.2153611348958252,0.02505469152170233,0.028942417609092132
644,samples/sample_000644.npz,rectangular_body_000644,15,29,8,13,3,10,14,5,7,3,9,21.5,10.0,6.0,30.0,100.0,65.0,140.0,50.0,70.0,215.0,100.0,0.7542157301291621,490,0.0005962488930436452,0.3416925393074883,0.022470971927360625,0.03767502752517673
645,samples/sample_000645.npz,rectangular_body_000645,28,41,31,45,10,15,13,14,5,10,14,34.0,37.5,12.0,100.0,150.0,125.0,130.0,140.0,50.0,340.0,375.0,0.31386083374228946,910,0.0018245081890474915,0.08586240367418471,0.0163459831640872,0.013644462060958137
646,samples/sample_000646.npz,rectangular_body_000646,24,38,25,31,5,12,14,6,7,5,11,30.5,27.5,8.0,50.0,120.0,85.0,140.0,60.0,70.0,305.0,275.0,0.20228533281732855,588,0.0006433573822878598,0.07313247509838888,0.007962280333439977,0.009113657856639187
647,samples/sample_000647.npz,rectangular_body_000647,18,27,30,41,2,5,9,11,3,2,4,22.0,35.0,3.0,20.0,50.0,35.0,90.0,110.0,30.0,220.0,350.0,0.46638670472259736,297,0.0002655836177675017,0.2210483395081369,0.010865560831168759,0.02016983815379618
648,samples/sample_000648.npz,rectangular_body_000648,36,43,25,37,9,17,7,12,8,9,16,39.0,30.5,12.5,90.0,170.0,130.0,70.0,120.0,80.0,390.0,305.0,0.8083479007884711,672,0.0034803358723325406,0.1758628994001647,0.03058807857090024,0.026353961775960142
649,samples/sample_000649.npz,rectangular_body_000649,20,30,53,61,7,9,10,8,2,7,8,24.5,56.5,7.5,70.0,90.0,80.0,100.0,80.0,20.0,245.0,565.0,0.6568491671652941,160,0.00019337367759151227,0.06971598690027826,0.005463093901508725,0.0086138153234961
650,samples/sample_000650.npz,rectangular_body_000650,40,56,9,21,7,12,16,12,5,7,11,47.5,14.5,9.0,70.0,120.0,95.0,160.0,120.0,50.0,475.0,145.0,0.5055519479448038,960,0.0010627190691277536,0.21072645669833046,0.02613175155928565,0.03325308863736842
651,samples/sample_000651.npz,rectangular_body_000651,18,23,42,54,11,13,5,12,2,11,12,20.0,47.5,11.5,110.0,130.0,120.0,50.0,120.0,20.0,200.0,475.0,0.7002715627220188,120,0.0002626939814062936,0.029693950677139223,0.004362315353683873,0.004672509708387368
652,samples/sample_000652.npz,rectangular_body_000652,17,21,38,54,6,8,4,16,2,6,7,18.5,45.5,6.5,60.0,80.0,70.0,40.0,160.0,20.0,185.0,455.0,0.8141227414707517,128,0.00021323687948527874,0.0750138335541049,0.006682885090579764,0.009461749774059572
653,samples/sample_000653.npz,rectangular_body_000653,24,36,14,27,2,4,12,13,2,2,3,29.5,20.0,2.5,20.0,40.0,30.0,120.0,130.0,20.0,295.0,200.0,0.20871106214101243,312,0.00010855529017503533,0.08800799651087689,0.005152398861412475,0.009463532301529133
654,samples/sample_000654.npz,rectangular_body_000654,50,54,37,44,11,18,4,7,7,11,17,51.5,40.0,14.0,110.0,180.0,145.0,40.0,70.0,70.0,515.0,400.0,0.9584753659975587,196,0.0006438451358108462,0.05287215247567012,0.008531499016410345,0.00865497516253251
655,samples/sample_000655.npz,rectangular_body_000655,28,37,28,39,6,14,9,11,8,6,13,32.0,33.0,9.5,60.0,140.0,100.0,90.0,110.0,80.0,320.0,330.0,0.321017593127058,792,0.0017769546719360388,0.12744896646326892,0.016213824851171794,0.01666298786059431
656,samples/sample_000656.npz,rectangular_body_000656,18,34,24,28,16,23,16,4,7,16,22,25.5,25.5,19.0,160.0,230.0,195.0,160.0,40.0,70.0,255.0,255.0,0.2069483026886615,448,0.0006950172727051712,0.01396789256750953,0.004081722067231811,0.0024559982990602675
657,samples/sample_000657.npz,rectangular_body_000657,26,42,34,48,4,7,16,14,3,4,6,33.5,40.5,5.0,40.0,70.0,55.0,160.0,140.0,30.0,335.0,405.0,0.20415349760142984,672,0.0004117278451359937,0.09950854414128789,0.010000724776416968,0.013483366856273679
658,samples/sample_000658.npz,rectangular_body_000658,2,7,51,58,16,24,5,7,8,16,23,4.0,54.0,19.5,160.0,240.0,200.0,50.0,70.0,80.0,40.0,540.0,0.9701657858238921,280,0.0006719558702582153,0.041685198132523305,0.0070093094808730185,0.007520187765566913
659,samples/sample_000659.npz,rectangular_body_000659,3,13,50,61,15,17,10,11,2,15,16,7.5,55.0,15.5,150.0,170.0,160.0,100.0,110.0,20.0,75.0,550.0,0.9585736500126483,220,0.00047038960555220185,0.04456024187775613,0.006610078630076038,0.007954008850190824
660,samples/sample_000660.npz,rectangular_body_000660,38,46,5,21,4,8,8,16,4,4,7,41.5,12.5,5.5,40.0,80.0,60.0,80.0,160.0,40.0,415.0,125.0,0.6302189171032114,512,0.0005383037488568062,0.26328334226987893,0.020607261885570202,0.032622246508125834
661,samples/sample_000661.npz,rectangular_body_000661,9,25,30,41,11,15,16,11,4,11,14,16.5,35.0,12.5,110.0,150.0,130.0,160.0,110.0,40.0,165.0,350.0,0.7233990512589537,704,0.0022611682432166587,0.14250565314382452,0.026578421373087118,0.02414890862836589
662,samples/sample_000662.npz,rectangular_body_000662,49,60,4,10,2,7,11,6,5,2,6,54.0,6.5,4.0,20.0,70.0,45.0,110.0,60.0,50.0,540.0,65.0,0.24603727046787444,330,6.212012895903806e-05,0.12200441283063734,0.0043295399347446075,0.010761361077559612
663,samples/sample_000663.npz,rectangular_body_000663,23,33,24,31,16,19,10,7,3,16,18,27.5,27.0,17.0,160.0,190.0,175.0,100.0,70.0,30.0,275.0,270.0,0.5427535896836335,210,0.0009074020290838548,0.02118126107903864,0.0054725719196688696,0.0035524340545872203
664,samples/sample_000664.npz,rectangular_body_000664,14,22,35,44,4,12,8,9,8,4,11,17.5,39.0,7.5,40.0,120.0,80.0,80.0,90.0,80.0,175.0,390.0,0.8710281464132474,576,0.0013542167261385003,0.3854064954573774,0.03217621513131596,0.04359824252267217
665,samples/sample_000665.npz,rectangular_body_000665,35,41,2,14,9,17,6,12,8,9,16,37.5,7.5,12.5,90.0,170.0,130.0,60.0,120.0,80.0,375.0,75.0,0.6992931562554752,576,0.0011791262239684538,0.13129456112701451,0.017745479793815116,0.02044569447962316
666,samples/sample_000666.npz,rectangular_body_000666,19,26,47,54,4,11,7,7,7,4,10,22.0,50.0,7.0,40.0,110.0,75.0,70.0,70.0,70.0,220.0,500.0,0.8188329405618346,343,0.0005740500004462582,0.25180226050836363,0.017303172420381714,0.0264522996098755
667,samples/sample_000667.npz,rectangular_body_000667,54,60,12,16,11,17,6,4,6,11,16,56.5,13.5,13.5,110.0,170.0,140.0,60.0,40.0,60.0,565.0,135.0,0.776299037995793,144,0.0002487290432474372,0.03335227827363359,0.004159697651567381,0.005310992877239746
668,samples/sample_000668.npz,rectangular_body_000668,12,22,20,35,12,17,10,15,5,12,16,16.5,27.0,14.0,120.0,170.0,145.0,100.0,150.0,50.0,165.0,270.0,0.7135220265984652,750,0.0024845524245661332,0.12989200892260194,0.026436530549372304,0.02256074166184646
669,samples/sample_000669.npz,rectangular_body_000669,25,33,7,19,3,9,8,12,6,3,8,28.5,12.5,5.5,30.0,90.0,60.0,80.0,120.0,60.0,285.0,125.0,0.3501105332433234,576,0.0004072577722444641,0.19782517173126263,0.013263580503424455,0.021529875666314726
670,samples/sample_000670.npz,rectangular_body_000670,24,30,26,37,13,20,6,11,7,13,19,26.5,31.0,16.0,130.0,200.0,165.0,60.0,110.0,70.0,265.0,310.0,0.3442004096739167,462,0.0013540195699251463,0.033709026371534,0.007964702477694374,0.005475802957389145
671,samples/sample_000671.npz,rectangular_body_000671,46,51,50,55,8,13,5,5,5,8,12,48.0,52.0,10.0,80.0,130.0,105.0,50.0,50.0,50.0,480.0,520.0,0.9843161406267344,125,0.000256089334427851,0.06189833271364622,0.006058913626119178,0.008389533506218945
672,samples/sample_000672.npz,rectangular_body_000672,34,43,46,55,12,15,9,9,3,12,14,38.0,50.0,13.0,120.0,150.0,135.0,90.0,90.0,30.0,380.0,500.0,0.8588758319039331,243,0.0007583871781073881,0.061001043118116,0.010145932591824149,0.01006918527533567
673,samples/sample_000673.npz,rectangular_body_000673,22,35,18,25,7,10,13,7,3,7,9,28.0,21.0,8.0,70.0,100.0,85.0,130.0,70.0,30.0,280.0,210.0,0.8073328876283863,273,0.0008251178048910503,0.12882577270409984,0.014323873450994703,0.0167531804520091
674,samples/sample_000674.npz,rectangular_body_000674,6,14,7,13,11,18,8,6,7,11,17,9.5,9.5,14.0,110.0,180.0,145.0,80.0,60.0,70.0,95.0,95.0,0.9180695118826783,336,0.0006923214691926994,0.08504352248456627,0.01125936076023942,0.014166181501759887
675,samples/sample_000675.npz,rectangular_body_000675,40,48,47,55,3,10,8,8,7,3,9,43.5,50.5,6.0,30.0,100.0,65.0,80.0,80.0,70.0,435.0,505.0,0.7579770966827317,448,0.000563655371580612,0.35634494421144564,0.0213619431533446,0.035926531344571126
676,samples/sample_000676.npz,rectangular_body_000676,22,29,46,50,14,21,7,4,7,14,20,25.0,47.5,17.0,140.0,210.0,175.0,70.0,40.0,70.0,250.0,475.0,0.47891897750158297,196,0.0004498256647078245,0.018477308010692226,0.004100562453449436,0.003271451512426056
677,samples/sample_000677.npz,rectangular_body_000677,36,50,8,20,16,18,14,12,2,16,17,42.5,13.5,16.5,160.0,180.0,170.0,140.0,120.0,20.0,425.0,135.0,0.23668703147470993,336,0.00031159497805214426,0.014515818647739927,0.0032916961166941333,0.002789795511977243
678,samples/sample_000678.npz,rectangular_body_000678,47,57,18,24,14,21,10,6,7,14,20,51.5,20.5,17.0,140.0,210.0,175.0,100.0,60.0,70.0,515.0,205.0,0.7736526054432986,420,0.0012078440577958944,0.06222504677743451,0.012887897611506851,0.011514684157631632
679,samples/sample_000679.npz,rectangular_body_000679,14,27,46,57,14,16,13,11,2,14,15,20.0,51.0,14.5,140.0,160.0,150.0,130.0,110.0,20.0,200.0,510.0,0.54842092365412,286,0.0005236074708211355,0.0359994058201816,0.006809668599208085,0.006570325308050909
680,samples/sample_000680.npz,rectangular_body_000680,45,55,28,36,9,15,10,8,6,9,14,49.5,31.5,11.5,90.0,150.0,120.0,100.0,80.0,60.0,495.0,315.0,0.3065040468621786,480,0.0005911194574510948,0.0539102444988587,0.00775634713727681,0.0081947194963665
681,samples/sample_000681.npz,rectangular_body_000681,46,61,2,10,2,8,15,8,6,2,7,53.0,5.5,4.5,20.0,80.0,50.0,150.0,80.0,60.0,530.0,55.0,0.476006886510213,720,0.0002859793519589584,0.3651417029934379,0.01725424958370127,0.039511222645793674
682,samples/sample_000682.npz,rectangular_body_000682,52,62,43,54,8,14,10,11,6,8,13,56.5,48.0,10.5,80.0,140.0,110.0,100.0,110.0,60.0,565.0,480.0,0.4276439818335924,660,0.0005357671798040186,0.11477984526232503,0.012002730490482828,0.017074721068253123
683,samples/sample_000683.npz,rectangular_body_000683,12,19,21,34,7,13,7,13,6,7,12,15.0,27.0,9.5,70.0,130.0,100.0,70.0,130.0,60.0,150.0,270.0,0.6719691228375764,546,0.0011909700577360067,0.17499487421144924,0.021280175322617487,0.024616378184736082
684,samples/sample_000684.npz,rectangular_body_000684,48,53,42,52,9,13,5,10,4,9,12,50.0,46.5,10.5,90.0,130.0,110.0,50.0,100.0,40.0,500.0,465.0,0.23200087146750842,200,0.00011180569392802532,0.019843003906839997,0.0023501928981571507,0.00293162311879304
685,samples/sample_000685.npz,rectangular_body_000685,45,58,10,15,15,23,13,5,8,15,22,51.0,12.0,18.5,150.0,230.0,190.0,130.0,50.0,80.0,510.0,120.0,0.71913712413714,520,0.0011920245506720174,0.06099404466290172,0.012699795079670286,0.01193643901883425
686,samples/sample_000686.npz,rectangular_body_000686,28,41,31,39,13,15,13,8,2,13,14,34.0,34.5,13.5,130.0,150.0,140.0,130.0,80.0,20.0,340.0,345.0,0.5950981252348511,208,0.0009631786257210994,0.03265465248090922,0.006781101859473582,0.005183523658553436
687,samples/sample_000687.npz,rectangular_body_000687,4,17,8,20,2,8,13,12,6,2,7,10.0,13.5,4.5,20.0,80.0,50.0,130.0,120.0,60.0,100.0,135.0,0.5462186085486792,936,0.0005355881556340526,0.5036589981570794,0.03086085000287021,0.05967642717834071
688,samples/sample_000688.npz,rectangular_body_000688,55,62,30,35,6,11,7,5,5,6,10,58.0,32.0,8.0,60.0,110.0,85.0,70.0,50.0,50.0,580.0,320.0,0.7147904412452688,175,0.0002649740275278735,0.0889107633638734,0.0061392995094634905,0.009881502105420286
689,samples/sample_000689.npz,rectangular_body_000689,6,11,53,61,15,18,5,8,3,15,17,8.0,56.5,16.0,150.0,180.0,165.0,50.0,80.0,30.0,80.0,565.0,0.5230594024161972,120,0.00013932003874231352,0.013270090338416703,0.001895740608977728,0.002303341419625362
690,samples/sample_000690.npz,rectangular_body_000690,51,61,5,16,6,14,10,11,8,6,13,55.5,10.0,9.5,60.0,140.0,100.0,100.0,110.0,80.0,555.0,100.0,0.7741724899248938,880,0.001075719694586403,0.3343238703300973,0.028724725616011013,0.04642426133639174
691,samples/sample_000691.npz,rectangular_body_000691,43,59,15,20,7,11,16,5,4,7,10,50.5,17.0,8.5,70.0,110.0,90.0,160.0,50.0,40.0,505.0,170.0,0.48619529018348673,320,0.00031878568936763235,0.08065790161453852,0.008461367393346922,0.011523136452135164
692,samples/sample_000692.npz,rectangular_body_000692,20,35,48,56,6,9,15,8,3,6,8,27.0,51.5,7.0,60.0,90.0,75.0,150.0,80.0,30.0,270.0,515.0,0.443020092264929,360,0.00035756429874969425,0.10239074419216122,0.009660832337705524,0.013596767726530264
693,samples/sample_000693.npz,rectangular_body_000693,5,18,24,37,13,19,13,13,6,13,18,11.0,30.0,15.5,130.0,190.0,160.0,130.0,130.0,60.0,110.0,300.0,0.9747211266214688,1014,0.004344124152536728,0.20422472863562183,0.04242866365720049,0.03727608226509872
694,samples/sample_000694.npz,rectangular_body_000694,43,51,11,25,15,17,8,14,2,15,16,46.5,17.5,15.5,150.0,170.0,160.0,80.0,140.0,20.0,465.0,175.0,0.8867452844329518,224,0.0007476306705155767,0.041343813579066455,0.00868547057343109,0.007674693750743012
695,samples/sample_000695.npz,rectangular_body_000695,22,33,31,40,15,22,11,9,7,15,21,27.0,35.0,18.0,150.0,220.0,185.0,110.0,90.0,70.0,270.0,350.0,0.7077526270231702,693,0.004104308485732605,0.08303794887092841,0.02275796104149908,0.014040113799900882
696,samples/sample_000696.npz,rectangular_body_000696,47,52,49,60,11,17,5,11,6,11,16,49.0,54.0,13.5,110.0,170.0,140.0,50.0,110.0,60.0,490.0,540.0,0.537379033513,330,0.0004312587520538465,0.05040227469216363,0.007069976197369052,0.008448678286882916
697,samples/sample_000697.npz,rectangular_body_000697,7,19,25,40,2,4,12,15,2,2,3,12.5,32.0,2.5,20.0,40.0,30.0,120.0,150.0,20.0,125.0,320.0,0.6349520843526795,360,0.0002880545681691333,0.28005093748396526,0.017020862954019604,0.03251039405699764
698,samples/sample_000698.npz,rectangular_body_000698,17,32,50,62,4,7,15,12,3,4,6,24.0,55.5,5.0,40.0,70.0,55.0,150.0,120.0,30.0,240.0,555.0,0.5128659833886331,540,0.00038415099386253913,0.22310242159739324,0.01638847558056636,0.02852207759073416
699,samples/sample_000699.npz,rectangular_body_000699,16,32,46,55,4,12,16,9,8,4,11,23.5,50.0,7.5,40.0,120.0,80.0,160.0,90.0,80.0,235.0,500.0,0.948907291181345,1152,0.002477475506210903,0.6662587329399172,0.06598163226574924,0.08997852057293494
700,samples/sample_000700.npz,rectangular_body_000700,9,23,44,52,16,18,14,8,2,16,17,15.5,47.5,16.5,160.0,180.0,170.0,140.0,80.0,20.0,155.0,475.0,0.22939794559676746,224,0.00018502102931792805,0.009640212966879553,0.0020816863882364743,0.0018503906339368838
701,samples/sample_000701.npz,rectangular_body_000701,19,27,49,57,11,14,8,8,3,11,13,22.5,52.5,12.0,110.0,140.0,125.0,80.0,80.0,30.0,225.0,525.0,0.44351486133000595,192,0.0002485322299839279,0.02887595027908013,0.0040594157504698514,0.00457123729225382
702,samples/sample_000702.npz,rectangular_body_000702,42,57,42,53,3,11,15,11,8,3,10,49.0,47.0,6.5,30.0,110.0,70.0,150.0,110.0,80.0,490.0,470.0,0.8101595266123609,1320,0.0018017013928096975,0.7506871702734732,0.06465171763923835,0.09891116473676836
703,samples/sample_000703.npz,rectangular_body_000703,45,58,42,47,5,13,13,5,8,5,12,51.0,44.0,8.5,50.0,130.0,90.0,130.0,50.0,80.0,510.0,440.0,0.46856007884381445,520,0.0005166912140881084,0.14759172497907558,0.01351240350306944,0.018949212213433944
704,samples/sample_000704.npz,rectangular_body_000704,52,57,37,42,6,14,5,5,8,6,13,54.0,39.0,9.5,60.0,140.0,100.0,50.0,50.0,80.0,540.0,390.0,0.4904938753776973,200,0.00023317739793132992,0.058241750143210376,0.005088896138962051,0.0070774580847732275
705,samples/sample_000705.npz,rectangular_body_000705,4,19,10,16,3,5,15,6,2,3,4,11.0,12.5,3.5,30.0,50.0,40.0,150.0,60.0,20.0,110.0,125.0,0.38898646084360583,180,6.144052710881366e-05,0.09220207181743498,0.00446789611878201,0.009401680307773757
706,samples/sample_000706.npz,rectangular_body_000706,52,58,45,55,7,9,6,10,2,7,8,54.5,49.5,7.5,70.0,90.0,80.0,60.0,100.0,20.0,545.0,495.0,0.9388518453644126,120,0.00016639024922212832,0.0773963965651245,0.005710460449194616,0.009600255556384074
707,samples/sample_000707.npz,rectangular_body_000707,23,33,45,57,12,16,10,12,4,12,15,27.5,50.5,13.5,120.0,160.0,140.0,100.0,120.0,40.0,275.0,505.0,0.7195062785151767,480,0.001361536893549177,0.09137652273835939,0.01640553026476032,0.015641318362557208
708,samples/sample_000708.npz,rectangular_body_000708,50,54,11,20,10,17,4,9,7,10,16,51.5,15.0,13.0,100.0,170.0,135.0,40.0,90.0,70.0,515.0,150.0,0.7854081604015835,252,0.0005152993689988333,0.06250980197011952,0.008668850124963757,0.010115603947267236
709,samples/sample_000709.npz,rectangular_body_000709,48,60,28,33,16,19,12,5,3,16,18,53.5,30.0,17.0,160.0,190.0,175.0,120.0,50.0,30.0,535.0,300.0,0.9478367850790304,180,0.0007553018475793919,0.0315048194807643,0.006738763597635089,0.005788919572958343
710,samples/sample_000710.npz,rectangular_body_000710,20,36,9,21,15,18,16,12,3,15,17,27.5,14.5,16.0,150.0,180.0,165.0,160.0,120.0,30.0,275.0,145.0,0.9740196351316368,576,0.0027060227653941974,0.10581356130967949,0.024938212393950172,0.019762686409224246
711,samples/sample_000711.npz,rectangular_body_000711,26,41,31,40,6,8,15,9,2,6,7,33.0,35.0,6.5,60.0,80.0,70.0,150.0,90.0,20.0,330.0,350.0,0.4169360212155231,270,0.0005293282532930058,0.07655037196989661,0.007926102053907966,0.009705179315003745
712,samples/sample_000712.npz,rectangular_body_000712,33,40,47,55,5,13,7,8,8,5,12,36.0,50.5,8.5,50.0,130.0,90.0,70.0,80.0,80.0,360.0,505.0,0.5373812791912248,448,0.0006475432906566995,0.1591412229441689,0.01406680356074488,0.018997789706077902
713,samples/sample_000713.npz,rectangular_body_000713,30,38,33,45,2,6,8,12,4,2,5,33.5,38.5,3.5,20.0,60.0,40.0,80.0,120.0,40.0,335.0,385.0,0.6627547295620151,384,0.0006381819535498236,0.36591722001823085,0.01978865063446836,0.03452295458864484
714,samples/sample_000714.npz,rectangular_body_000714,38,51,15,31,2,10,13,16,8,2,9,44.0,22.5,5.5,20.0,100.0,60.0,130.0,160.0,80.0,440.0,225.0,0.3489564831877836,1664,0.0012603394211292253,0.4303351460979386,0.04019089679971245,0.0572729700957401
715,samples/sample_000715.npz,rectangular_body_000715,14,27,30,41,3,9,13,11,6,3,8,20.0,35.0,5.5,30.0,90.0,60.0,130.0,110.0,60.0,200.0,350.0,0.7705257989090761,858,0.001793328855901939,0.5673086132820271,0.046824523426809705,0.0670328997832695
716,samples/sample_000716.npz,rectangular_body_000716,45,55,24,37,16,24,10,13,8,16,23,49.5,30.0,19.5,160.0,240.0,200.0,100.0,130.0,80.0,495.0,300.0,0.7618692041070769,1040,0.004435544588043261,0.11488405491444302,0.030905867181209818,0.02192970810234582
717,samples/sample_000717.npz,rectangular_body_000717,42,46,26,42,2,7,4,16,5,2,6,43.5,33.5,4.0,20.0,70.0,45.0,40.0,160.0,50.0,435.0,335.0,0.847234221891185,320,0.0005961405396651341,0.34526959676237823,0.02031804548639661,0.03401771999622416
718,samples/sample_000718.npz,rectangular_body_000718,25,34,32,39,5,10,9,7,5,5,9,29.0,35.0,7.0,50.0,100.0,75.0,90.0,70.0,50.0,290.0,350.0,0.9392299566771183,315,0.001388359061825682,0.23740246893725592,0.020533306224388183,0.026078024681941706
719,samples/sample_000719.npz,rectangular_body_000719,25,36,37,41,3,6,11,4,3,3,5,30.0,38.5,4.0,30.0,60.0,45.0,110.0,40.0,30.0,300.0,385.0,0.991752460632525,132,0.0003642815757277809,0.19875941928306412,0.010019089016138552,0.01714014635989669
720,samples/sample_000720.npz,rectangular_body_000720,34,48,36,48,14,18,14,12,4,14,17,40.5,41.5,15.5,140.0,180.0,160.0,140.0,120.0,40.0,405.0,415.0,0.5598010444066082,672,0.0019600681511793214,0.07654067084324279,0.018023837424379317,0.013640233632786668
721,samples/sample_000721.npz,rectangular_body_000721,45,55,47,55,9,14,10,8,5,9,13,49.5,50.5,11.0,90.0,140.0,115.0,100.0,80.0,50.0,495.0,505.0,0.6377382717180937,400,0.0005765957357965943,0.09912732440639302,0.012024294265840105,0.015336189642896717
722,samples/sample_000722.npz,rectangular_body_000722,6,13,22,27,14,18,7,5,4,14,17,9.0,24.0,15.5,140.0,180.0,160.0,70.0,50.0,40.0,90.0,240.0,0.4754965438980574,140,0.0002327893179528016,0.015084430859911967,0.0027101434581009057,0.0026331774024344378
723,samples/sample_000723.npz,rectangular_body_000723,9,19,15,27,11,19,10,12,8,11,18,13.5,20.5,14.5,110.0,190.0,150.0,100.0,120.0,80.0,135.0,205.0,0.27923364948848955,960,0.0009474854774269871,0.06553585101515641,0.012084339582640938,0.011524304083356345
724,samples/sample_000724.npz,rectangular_body_000724,14,28,3,16,11,14,14,13,3,11,13,20.5,9.0,12.0,110.0,140.0,125.0,140.0,130.0,30.0,205.0,90.0,0.514557717565234,546,0.0007455803421292617,0.08332682240581094,0.01261863406593084,0.014315943850013033
725,samples/sample_000725.npz,rectangular_body_000725,41,45,48,52,4,9,4,4,5,4,8,42.5,49.5,6.0,40.0,90.0,65.0,40.0,40.0,50.0,425.0,495.0,0.2932506738427237,80,4.140487576023353e-05,0.028298099430631742,0.0015090206073944535,0.0025399238343002573
726,samples/sample_000726.npz,rectangular_body_000726,30,42,41,46,11,18,12,5,7,11,17,35.5,43.0,14.0,110.0,180.0,145.0,120.0,50.0,70.0,355.0,430.0,0.7374766686711276,420,0.0016543706455706812,0.0826005824224505,0.01599512164530721,0.013315536795674932
727,samples/sample_000727.npz,rectangular_body_000727,30,37,44,51,15,21,7,7,6,15,20,33.0,47.0,17.5,150.0,210.0,180.0,70.0,70.0,60.0,330.0,470.0,0.37092334437344743,294,0.0006251015245399697,0.019951115164016507,0.004761556300491085,0.0035544885201099423
728,samples/sample_000728.npz,rectangular_body_000728,31,38,46,56,11,15,7,10,4,11,14,34.0,50.5,12.5,110.0,150.0,130.0,70.0,100.0,40.0,340.0,505.0,0.3723096655628615,280,0.0004019949695488017,0.032945273066363946,0.005181132944169534,0.00526758145377739
729,samples/sample_000729.npz,rectangular_body_000729,13,24,37,42,12,14,11,5,2,12,13,18.0,39.0,12.5,120.0,140.0,130.0,110.0,50.0,20.0,180.0,390.0,0.8498630603219948,110,0.0003841933054853044,0.02929232514755207,0.004933617239685603,0.004647845921873313
730,samples/sample_000730.npz,rectangular_body_000730,40,54,38,51,14,16,14,13,2,14,15,46.5,44.0,14.5,140.0,160.0,150.0,140.0,130.0,20.0,465.0,440.0,0.7111567760805151,364,0.0009751998292084187,0.05756487449574818,0.011896760161289734,0.010596748318051715
731,samples/sample_000731.npz,rectangular_body_000731,7,12,40,49,6,12,5,9,6,6,11,9.0,44.0,8.5,60.0,120.0,90.0,50.0,90.0,60.0,90.0,440.0,0.9690675144746734,270,0.0005010788408094944,0.16591226227138173,0.013700032309596467,0.020502763451313827
732,samples/sample_000732.npz,rectangular_body_000732,8,12,42,56,6,10,4,14,4,6,9,9.5,48.5,7.5,60.0,100.0,80.0,40.0,140.0,40.0,95.0,485.0,0.6181349560285376,224,0.0002168078980538308,0.09024617617443138,0.007280408165199627,0.0116833272815895
733,samples/sample_000733.npz,rectangular_body_000733,48,60,13,22,8,12,12,9,4,8,11,53.5,17.0,9.5,80.0,120.0,100.0,120.0,90.0,40.0,535.0,170.0,0.9284607790371397,432,0.0008141966026064325,0.18416322524226764,0.019731094383137214,0.02705934019319163
734,samples/sample_000734.npz,rectangular_body_000734,16,29,5,9,6,9,13,4,3,6,8,22.0,6.5,7.0,60.0,90.0,75.0,130.0,40.0,30.0,220.0,65.0,0.5679926404981004,156,0.00014490558463941026,0.06437512633529618,0.004680978597397908,0.007734923002842419
735,samples/sample_000735.npz,rectangular_body_000735,31,36,13,24,4,8,5,11,4,4,7,33.0,18.0,5.5,40.0,80.0,60.0,50.0,110.0,40.0,330.0,180.0,0.6874952191887824,220,0.00040071920365995,0.16059432085185277,0.01060821050780698,0.01618872474526945
736,samples/sample_000736.npz,rectangular_body_000736,6,19,38,53,11,16,13,15,5,11,15,12.0,45.0,13.0,110.0,160.0,135.0,130.0,150.0,50.0,120.0,450.0,0.48824554328422476,975,0.0013855602924679833,0.12547313324867718,0.02144297213162657,0.02253198961678701
737,samples/sample_000737.npz,rectangular_body_000737,37,42,2,18,6,9,5,16,3,6,8,39.0,9.5,7.0,60.0,90.0,75.0,50.0,160.0,30.0,390.0,95.0,0.38759692470780654,240,0.00018012380785347142,0.0612489834272513,0.005284658570197024,0.007922900114987252
738,samples/sample_000738.npz,rectangular_body_000738,55,61,20,27,14,16,6,7,2,14,15,57.5,23.0,14.5,140.0,160.0,150.0,60.0,70.0,20.0,575.0,230.0,0.9922618527609379,84,0.00024037894512651884,0.020903021656410073,0.003179701264109677,0.003471724405470859
739,samples/sample_000739.npz,rectangular_body_000739,37,42,44,48,12,17,5,4,5,12,16,39.0,45.5,14.0,120.0,170.0,145.0,50.0,40.0,50.0,390.0,455.0,0.6672243888479821,100,0.0002907090121593093,0.018569551727363288,0.0033264405870932342,0.002986899982083161
740,samples/sample_000740.npz,rectangular_body_000740,20,30,17,24,6,12,10,7,6,6,11,24.5,20.0,8.5,60.0,120.0,90.0,100.0,70.0,60.0,245.0,200.0,0.916980882447175,420,0.0012825704206110384,0.23124561288617607,0.02424315407396932,0.028999745784765035
741,samples/sample_000741.npz,rectangular_body_000741,23,29,46,60,6,14,6,14,8,6,13,25.5,52.5,9.5,60.0,140.0,100.0,60.0,140.0,80.0,255.0,525.0,0.8190743671204124,672,0.0014519709097011147,0.2692896286414487,0.029312513154463975,0.03757692756878722
742,samples/sample_000742.npz,rectangular_body_000742,7,20,18,25,9,11,13,7,2,9,10,13.0,21.0,9.5,90.0,110.0,100.0,130.0,70.0,20.0,130.0,210.0,0.47952902908173095,182,0.0002227444983425169,0.03984157170712084,0.004756175627124707,0.005841009218618977
743,samples/sample_000743.npz,rectangular_body_000743,17,32,7,14,7,11,15,7,4,7,10,24.0,10.0,8.5,70.0,110.0,90.0,150.0,70.0,40.0,240.0,100.0,0.5860019691360712,420,0.0005602441182156693,0.12762601203122548,0.01346610704976022,0.018062092606437725
744,samples/sample_000744.npz,rectangular_body_000744,23,36,41,53,15,22,13,12,7,15,21,29.0,46.5,18.0,150.0,220.0,185.0,130.0,120.0,70.0,290.0,465.0,0.35602086098161323,1092,0.002267396903491632,0.06350590619944704,0.016643269412011358,0.011751841413993876
745,samples/sample_000745.npz,rectangular_body_000745,28,36,11,20,12,15,8,9,3,12,14,31.5,15.0,13.0,120.0,150.0,135.0,80.0,90.0,30.0,315.0,150.0,0.7490721204183324,216,0.0007587073461076871,0.047656918890392246,0.008226206461278354,0.007715762900945584
746,samples/sample_000746.npz,rectangular_body_000746,46,51,16,23,3,11,5,7,8,3,10,48.0,19.0,6.5,30.0,110.0,70.0,50.0,70.0,80.0,480.0,190.0,0.7774293857266039,280,0.0004103557669733343,0.24215645724166643,0.013858249843235998,0.022393763318447217
747,samples/sample_000747.npz,rectangular_body_000747,46,57,12,22,7,9,11,10,2,7,8,51.0,16.5,7.5,70.0,90.0,80.0,110.0,100.0,20.0,510.0,165.0,0.31583891735888453,220,0.0001247325389289932,0.043320677378659384,0.0039140872606208445,0.005779381452033514
748,samples/sample_000748.npz,rectangular_body_000748,20,32,36,49,15,19,12,13,4,15,18,25.5,42.0,16.5,150.0,190.0,170.0,120.0,130.0,40.0,255.0,420.0,0.948660560729907,624,0.003486350181152626,0.1098953350527839,0.027686819228304904,0.019572957253210618
749,samples/sample_000749.npz,rectangular_body_000749,7,15,14,21,13,21,8,7,8,13,20,10.5,17.0,16.5,130.0,210.0,170.0,80.0,70.0,80.0,105.0,170.0,0.7338402756415843,448,0.0010533623413434073,0.06782657434893448,0.012616986901229294,0.012372681535883561
750,samples/sample_000750.npz,rectangular_body_000750,25,32,36,46,4,9,7,10,5,4,8,28.0,40.5,6.0,40.0,90.0,65.0,70.0,100.0,50.0,280.0,405.0,0.8242162536378241,350,0.0009202457670227901,0.27591544254541267,0.02037789006403373,0.028855215083745948
751,samples/sample_000751.npz,rectangular_body_000751,12,27,32,38,4,6,15,6,2,4,5,19.0,34.5,4.5,40.0,60.0,50.0,150.0,60.0,20.0,190.0,345.0,0.6287837055814998,180,0.000259635445151267,0.12016437694739229,0.008257800225101695,0.012989699194717376
752,samples/sample_000752.npz,rectangular_body_000752,33,40,47,57,9,12,7,10,3,9,11,36.0,51.5,10.0,90.0,120.0,105.0,70.0,100.0,30.0,360.0,515.0,0.7938310901719376,210,0.0004940233798138842,0.07473022264735757,0.008932544033926203,0.010736759572452792
753,samples/sample_000753.npz,rectangular_body_000753,13,19,15,24,3,10,6,9,7,3,9,15.5,19.0,6.0,30.0,100.0,65.0,60.0,90.0,70.0,155.0,190.0,0.4427226196891796,378,0.00030248221812276456,0.18123201101532602,0.010909743510073282,0.01774802070793895
754,samples/sample_000754.npz,rectangular_body_000754,19,34,13,21,11,18,15,8,7,11,17,26.0,16.5,14.0,110.0,180.0,145.0,150.0,80.0,70.0,260.0,165.0,0.5996963368042991,840,0.002261269126576377,0.12671128259296863,0.024885701607920703,0.021649327291035223
755,samples/sample_000755.npz,rectangular_body_000755,24,31,43,49,9,12,7,6,3,9,11,27.0,45.5,10.0,90.0,120.0,105.0,70.0,60.0,30.0,270.0,455.0,0.7637272287967505,126,0.00035781944108559047,0.04550395720216352,0.0056418877723932535,0.006208242566311593
756,samples/sample_000756.npz,rectangular_body_000756,40,49,12,23,10,17,9,11,7,10,16,44.0,17.0,13.0,100.0,170.0,135.0,90.0,110.0,70.0,440.0,170.0,0.3216634995503858,693,0.0007781340156305443,0.06623696834998383,0.011043344140140255,0.010896438833721628
757,samples/sample_000757.npz,rectangular_body_000757,12,20,58,62,12,18,8,4,6,12,17,15.5,59.5,14.5,120.0,180.0,150.0,80.0,40.0,60.0,155.0,595.0,0.9104342261106211,192,0.0003960620913233516,0.045177223555319654,0.0058387251092641606,0.007192823715638692
758,samples/sample_000758.npz,rectangular_body_000758,3,10,11,27,2,6,7,16,4,2,5,6.0,18.5,3.5,20.0,60.0,40.0,70.0,160.0,40.0,60.0,185.0,0.7515434845464,448,0.00029679829219139757,0.4224885780449854,0.02022823777119458,0.043981185894809295
759,samples/sample_000759.npz,rectangular_body_000759,29,45,20,34,15,21,16,14,6,15,20,36.5,26.5,17.5,150.0,210.0,180.0,160.0,140.0,60.0,365.0,265.0,0.9940995475069252,1344,0.010372098613996385,0.21771023877013093,0.062220850364800934,0.03828379238647415
760,samples/sample_000760.npz,rectangular_body_000760,4,18,15,21,15,20,14,6,5,15,19,10.5,17.5,17.0,150.0,200.0,175.0,140.0,60.0,50.0,105.0,175.0,0.33724461685653195,420,0.00047371009322018403,0.025844536257834463,0.005316611110317624,0.004942518681977776
761,samples/sample_000761.npz,rectangular_body_000761,8,15,15,19,10,17,7,4,7,10,16,11.0,16.5,13.0,100.0,170.0,135.0,70.0,40.0,70.0,110.0,165.0,0.9991389798346451,196,0.0005231513757796472,0.06308231732998808,0.008665680698939887,0.010035709552887464
762,samples/sample_000762.npz,rectangular_body_000762,48,56,48,54,14,19,8,6,5,14,18,51.5,50.5,16.0,140.0,190.0,165.0,80.0,60.0,50.0,515.0,505.0,0.5363143664405516,240,0.0003680432884142208,0.027389172444531873,0.004798644192344204,0.005027419552445211
763,samples/sample_000763.npz,rectangular_body_000763,11,24,2,9,14,20,13,7,6,14,19,17.0,5.0,16.5,140.0,200.0,170.0,130.0,70.0,60.0,170.0,50.0,0.2291078440305226,546,0.0003406369713694633,0.02435645742509527,0.004148191840433754,0.004392614861059374
764,samples/sample_000764.npz,rectangular_body_000764,20,26,46,62,7,15,6,16,8,7,14,22.5,53.5,10.5,70.0,150.0,110.0,60.0,160.0,80.0,225.0,535.0,0.4760820397306571,768,0.000933316728167917,0.14691005938283955,0.017963149073524552,0.022218989180274835
765,samples/sample_000765.npz,rectangular_body_000765,11,17,49,61,15,21,6,12,6,15,20,13.5,54.5,17.5,150.0,210.0,180.0,60.0,120.0,60.0,135.0,545.0,0.753509776199252,432,0.0009418406999699917,0.05782003813701263,0.010920017987582194,0.01101595586223736
766,samples/sample_000766.npz,rectangular_body_000766,15,28,36,49,16,18,13,13,2,16,17,21.0,42.0,16.5,160.0,180.0,170.0,130.0,130.0,20.0,210.0,420.0,0.8409306219228256,338,0.0014475319185533776,0.052000961905557974,0.0129150688573265,0.009550909631169993
767,samples/sample_000767.npz,rectangular_body_000767,29,38,10,23,12,15,9,13,3,12,14,33.0,16.0,13.0,120.0,150.0,135.0,90.0,130.0,30.0,330.0,160.0,0.5330092011632006,351,0.0008828157040888119,0.052263966156710716,0.009591044355382057,0.00868435196999578
768,samples/sample_000768.npz,rectangular_body_000768,6,18,45,52,11,17,12,7,6,11,16,11.5,48.0,13.5,110.0,170.0,140.0,120.0,70.0,60.0,115.0,480.0,0.39643754851002133,504,0.0005383943447132987,0.05530900451718607,0.008512719046529664,0.009511050206659655
769,samples/sample_000769.npz,rectangular_body_000769,32,44,29,36,12,16,12,7,4,12,15,37.5,32.0,13.5,120.0,160.0,140.0,120.0,70.0,40.0,375.0,320.0,0.31400517967214764,336,0.0007803428364318836,0.028684410968785084,0.005749404213606863,0.0045139442396291965
770,samples/sample_000770.npz,rectangular_body_000770,11,20,30,41,7,15,9,11,8,7,14,15.0,35.0,10.5,70.0,150.0,110.0,90.0,110.0,80.0,150.0,350.0,0.22518270400792872,792,0.0006428857499041715,0.07640387395737772,0.009981665954386355,0.010984765232368217
771,samples/sample_000771.npz,rectangular_body_000771,52,61,8,16,2,6,9,8,4,2,5,56.0,11.5,3.5,20.0,60.0,40.0,90.0,80.0,40.0,560.0,115.0,0.2685217637472205,288,5.8404982489253926e-05,0.12937884809565356,0.004503034342697102,0.011041653501099603
772,samples/sample_000772.npz,rectangular_body_000772,32,44,18,29,5,7,12,11,2,5,6,37.5,23.0,5.5,50.0,70.0,60.0,120.0,110.0,20.0,375.0,230.0,0.2464567914489879,264,0.00018268662607264427,0.054662510888235885,0.00465177960719071,0.006480462836879133
773,samples/sample_000773.npz,rectangular_body_000773,40,47,31,44,14,18,7,13,4,14,17,43.0,37.0,15.5,140.0,180.0,160.0,70.0,130.0,40.0,430.0,370.0,0.3024024095513668,364,0.0006052714951330061,0.02352832677103572,0.005328406669904415,0.004059163195496357
774,samples/sample_000774.npz,rectangular_body_000774,47,52,46,52,10,16,5,6,6,10,15,49.0,48.5,12.5,100.0,160.0,130.0,50.0,60.0,60.0,490.0,485.0,0.9811483314456215,180,0.00047345512552118265,0.06028453386733286,0.008186489727516446,0.009468922995995782
775,samples/sample_000775.npz,rectangular_body_000775,41,57,30,35,11,19,16,5,8,11,18,48.5,32.0,14.5,110.0,190.0,150.0,160.0,50.0,80.0,485.0,320.0,0.32970629012970487,640,0.0010432561135863742,0.050997610903020754,0.010025561901393712,0.008752520006485378
776,samples/sample_000776.npz,rectangular_body_000776,11,24,37,51,6,9,13,14,3,6,8,17.0,43.5,7.0,60.0,90.0,75.0,130.0,140.0,30.0,170.0,435.0,0.5883193049142594,546,0.000709677435087497,0.1884609833321913,0.02018251244653735,0.026633784211415486
777,samples/sample_000777.npz,rectangular_body_000777,45,51,41,51,15,17,6,10,2,15,16,47.5,45.5,15.5,150.0,170.0,160.0,60.0,100.0,20.0,475.0,455.0,0.5416093625676883,120,0.00023608323735681391,0.014187987411804813,0.0028198713498278844,0.002575598778255389
778,samples/sample_000778.npz,rectangular_body_000778,17,32,43,55,6,11,15,12,5,6,10,24.0,48.5,8.0,60.0,110.0,85.0,150.0,120.0,50.0,240.0,485.0,0.6554467734138336,900,0.0015181488970615505,0.3030115214152989,0.03548467370196339,0.04425198473728056
779,samples/sample_000779.npz,rectangular_body_000779,6,22,34,48,13,20,16,14,7,13,19,13.5,40.5,16.0,130.0,200.0,165.0,160.0,140.0,70.0,135.0,405.0,0.42504932626724656,1568,0.002706857429613036,0.12629944301041507,0.02848698481660515,0.024018961457715014
780,samples/sample_000780.npz,rectangular_body_000780,28,32,42,47,12,19,4,5,7,12,18,29.5,44.0,15.0,120.0,190.0,155.0,40.0,50.0,70.0,295.0,440.0,0.6748241563187967,140,0.0005395696349044141,0.023706980060655122,0.0046922793704881425,0.0038145159688324853
781,samples/sample_000781.npz,rectangular_body_000781,24,31,52,57,16,23,7,5,7,16,22,27.0,54.0,19.0,160.0,230.0,195.0,70.0,50.0,70.0,270.0,540.0,0.9170940521775226,245,0.0009731191239920644,0.03589064038466028,0.00818594649271086,0.006723082381994126
782,samples/sample_000782.npz,rectangular_body_000782,29,45,44,53,13,20,16,9,7,13,19,36.5,48.0,16.0,130.0,200.0,165.0,160.0,90.0,70.0,365.0,480.0,0.6420899454401168,1008,0.003071648471087851,0.12812966889077107,0.029059498333420475,0.023374143876323666
783,samples/sample_000783.npz,rectangular_body_000783,15,31,27,37,10,17,16,10,7,10,16,22.5,31.5,13.0,100.0,170.0,135.0,160.0,100.0,70.0,225.0,315.0,0.29183923663434536,1120,0.0021254395161572457,0.08939372988200016,0.01781306674290027,0.01454044825010166
784,samples/sample_000784.npz,rectangular_body_000784,30,44,4,19,8,12,14,15,4,8,11,36.5,11.0,9.5,80.0,120.0,100.0,140.0,150.0,40.0,365.0,110.0,0.39941817118454487,840,0.0009347372706617821,0.1327911724232993,0.01792463404340456,0.0212242626135837
785,samples/sample_000785.npz,rectangular_body_000785,28,35,21,31,6,9,7,10,3,6,8,31.0,25.5,7.0,60.0,90.0,75.0,70.0,100.0,30.0,310.0,255.0,0.6136927817921671,210,0.0005897431759012185,0.09698972922378954,0.008896350853507293,0.011158808867077607
786,samples/sample_000786.npz,rectangular_body_000786,53,61,12,26,6,12,8,14,6,6,11,56.5,18.5,8.5,60.0,120.0,90.0,80.0,140.0,60.0,565.0,185.0,0.23017956042012902,672,0.0002707500577439223,0.08285134418297534,0.007447066295603395,0.011356270684302283
787,samples/sample_000787.npz,rectangular_body_000787,21,29,18,32,12,19,8,14,7,12,18,24.5,24.5,15.0,120.0,190.0,155.0,80.0,140.0,70.0,245.0,245.0,0.821874410077412,784,0.0038820688541023585,0.1462182056256685,0.032555152542434,0.024452755364173486
788,samples/sample_000788.npz,rectangular_body_000788,12,23,11,25,4,9,11,14,5,4,8,17.0,17.5,6.0,40.0,90.0,65.0,110.0,140.0,50.0,170.0,175.0,0.6434816574962512,770,0.0009074467500607259,0.36939959168170866,0.032065753334988414,0.047392905543981234
789,samples/sample_000789.npz,rectangular_body_000789,23,32,37,48,12,16,9,11,4,12,15,27.0,42.0,13.5,120.0,160.0,140.0,90.0,110.0,40.0,270.0,420.0,0.5656464877128407,396,0.0012013045707012198,0.06065928971059279,0.01181869631919514,0.009829012860676016
790,samples/sample_000790.npz,rectangular_body_000790,44,57,27,43,7,12,13,16,5,7,11,50.0,34.5,9.0,70.0,120.0,95.0,130.0,160.0,50.0,500.0,345.0,0.6139119474717903,1040,0.0019380803494157604,0.27221748978786275,0.03642566756083313,0.04248591213876295
791,samples/sample_000791.npz,rectangular_body_000791,6,19,25,32,13,17,13,7,4,13,16,12.0,28.0,14.5,130.0,170.0,150.0,130.0,70.0,40.0,120.0,280.0,0.2975324681415827,364,0.0004479645907313286,0.02588962086077062,0.004913612386927341,0.00451335292392238
792,samples/sample_000792.npz,rectangular_body_000792,26,33,11,26,7,9,7,15,2,7,8,29.0,18.0,7.5,70.0,90.0,80.0,70.0,150.0,20.0,290.0,180.0,0.8739898589377948,210,0.0006028458709533533,0.10989533158671495,0.011849604287737597,0.014580862252146425
793,samples/sample_000793.npz,rectangular_body_000793,39,45,34,44,11,19,6,10,8,11,18,41.5,38.5,14.5,110.0,190.0,150.0,60.0,100.0,80.0,415.0,385.0,0.37880675544033227,480,0.0009531824869943614,0.046861516412051045,0.009238611489376488,0.0075665559129599585
794,samples/sample_000794.npz,rectangular_body_000794,49,58,41,54,10,13,9,13,3,10,12,53.0,47.0,11.0,100.0,130.0,115.0,90.0,130.0,30.0,530.0,470.0,0.7164767838166379,351,0.0005675364007225855,0.0908621762420781,0.011603884301616858,0.014619130441468384
795,samples/sample_000795.npz,rectangular_body_000795,40,56,49,62,2,10,16,13,8,2,9,47.5,55.0,5.5,20.0,100.0,60.0,160.0,130.0,80.0,475.0,550.0,0.7681634194362383,1664,0.0015484565464952023,0.9473035508553304,0.07130580395551736,0.12772034365311352
796,samples/sample_000796.npz,rectangular_body_000796,5,20,4,20,7,10,15,16,3,7,9,12.0,11.5,8.0,70.0,100.0,85.0,150.0,160.0,30.0,120.0,115.0,0.3239403502110828,720,0.0003844922581044231,0.10722804492147153,0.011735910055848642,0.017143227947968156
797,samples/sample_000797.npz,rectangular_body_000797,37,42,17,31,3,8,5,14,5,3,7,39.0,23.5,5.0,30.0,80.0,55.0,50.0,140.0,50.0,390.0,235.0,0.25452309713968735,350,0.00022350144356284902,0.0962723991879063,0.006481811489706346,0.009900776210413683
798,samples/sample_000798.npz,rectangular_body_000798,23,28,37,46,15,22,5,9,7,15,21,25.0,41.0,18.0,150.0,220.0,185.0,50.0,90.0,70.0,250.0,410.0,0.8089863870005485,315,0.0015981780520297553,0.044532358375405645,0.011439577949182104,0.007750406889689018
799,samples/sample_000799.npz,rectangular_body_000799,26,41,40,52,9,17,15,12,8,9,16,33.0,45.5,12.5,90.0,170.0,130.0,150.0,120.0,80.0,330.0,455.0,0.20791135295818491,1440,0.0014530298145338403,0.08734729692098142,0.01594909746133126,0.014398926701245648
800,samples/sample_000800.npz,rectangular_body_000800,36,49,22,34,4,7,13,12,3,4,6,42.0,27.5,5.0,40.0,70.0,55.0,130.0,120.0,30.0,420.0,275.0,0.2456081229247923,468,0.00029890861422597544,0.09947089541689677,0.008320965873782225,0.012001716756244838
801,samples/sample_000801.npz,rectangular_body_000801,31,35,38,44,6,8,4,6,2,6,7,32.5,40.5,6.5,60.0,80.0,70.0,40.0,60.0,20.0,325.0,405.0,0.8897893272377273,48,0.00015765972114882606,0.04060413613852493,0.0029736846880127755,0.004103374417341776
802,samples/sample_000802.npz,rectangular_body_000802,17,31,17,28,12,20,14,11,8,12,19,23.5,22.0,15.5,120.0,200.0,160.0,140.0,110.0,80.0,235.0,220.0,0.9508857626515719,1232,0.006387074768957773,0.24843460877454385,0.05690723196853613,0.043052811096820055
803,samples/sample_000803.npz,rectangular_body_000803,15,30,33,39,7,10,15,6,3,7,9,22.0,35.5,8.0,70.0,100.0,85.0,150.0,60.0,30.0,220.0,355.0,0.2725273051990533,270,0.0002841183227164964,0.0413851395572004,0.004793482174803871,0.005513905162297195
804,samples/sample_000804.npz,rectangular_body_000804,30,46,36,50,14,21,16,14,7,14,20,37.5,42.5,17.0,140.0,210.0,175.0,160.0,140.0,70.0,375.0,425.0,0.8844410681965011,1568,0.00819899992081221,0.23844914172134737,0.06327208462412111,0.043549545057270135
805,samples/sample_000805.npz,rectangular_body_000805,45,59,33,42,15,22,14,9,7,15,21,51.5,37.0,18.0,150.0,220.0,185.0,140.0,90.0,70.0,515.0,370.0,0.7275265101791379,882,0.002883673484878001,0.10604378382235533,0.02520229358747877,0.020127469568170707
806,samples/sample_000806.npz,rectangular_body_000806,27,31,25,36,7,9,4,11,2,7,8,28.5,30.0,7.5,70.0,90.0,80.0,40.0,110.0,20.0,285.0,300.0,0.6096422455765143,88,0.00028340653872234374,0.037042741510555754,0.0036608321625356626,0.004367385817773762
807,samples/sample_000807.npz,rectangular_body_000807,15,30,5,17,4,8,15,12,4,4,7,22.0,10.5,5.5,40.0,80.0,60.0,150.0,120.0,40.0,220.0,105.0,0.433048630005721,720,0.0004906338181272061,0.23356918987657185,0.01932779199743559,0.03083103274920354
808,samples/sample_000808.npz,rectangular_body_000808,45,55,33,41,9,13,10,8,4,9,12,49.5,36.5,10.5,90.0,130.0,110.0,100.0,80.0,40.0,495.0,365.0,0.9234045075940904,320,0.0009677825964637077,0.12218702636310223,0.016063559038069615,0.01805291791256194
809,samples/sample_000809.npz,rectangular_body_000809,24,37,53,59,2,9,13,6,7,2,8,30.0,55.5,5.0,20.0,90.0,55.0,130.0,60.0,70.0,300.0,555.0,0.6467563580665783,546,0.0005601580390646952,0.4089784209096786,0.021593072402715914,0.04079119577241905
810,samples/sample_000810.npz,rectangular_body_000810,29,42,27,37,14,21,13,10,7,14,20,35.0,31.5,17.0,140.0,210.0,175.0,130.0,100.0,70.0,350.0,315.0,0.6298409543044314,910,0.005519957305648682,0.1047875472166748,0.02771638680332447,0.017519535966610884
811,samples/sample_000811.npz,rectangular_body_000811,4,17,48,58,10,12,13,10,2,10,11,10.0,52.5,10.5,100.0,120.0,110.0,130.0,100.0,20.0,100.0,525.0,0.984205069931291,260,0.0004787461659211342,0.0970026513733633,0.010981249315669427,0.015409741541550443
812,samples/sample_000812.npz,rectangular_body_000812,20,27,26,33,2,7,7,7,5,2,6,23.0,29.0,4.0,20.0,70.0,45.0,70.0,70.0,50.0,230.0,290.0,0.6399675614159568,245,0.0003923410401455039,0.2758912605984068,0.011949747400626968,0.02142590058965908
813,samples/sample_000813.npz,rectangular_body_000813,37,41,12,26,6,9,4,14,3,6,8,38.5,18.5,7.0,60.0,90.0,75.0,40.0,140.0,30.0,385.0,185.0,0.36301710657315733,168,0.00016653486623472477,0.042959100128720756,0.0040008252358824745,0.005275970310310372
814,samples/sample_000814.npz,rectangular_body_000814,35,39,32,47,4,9,4,15,5,4,8,36.5,39.0,6.0,40.0,90.0,65.0,40.0,150.0,50.0,365.0,390.0,0.3585183930159592,300,0.0003473856053000772,0.09215830411455056,0.007605115295413788,0.010390479464667566
815,samples/sample_000815.npz,rectangular_body_000815,7,17,37,52,6,13,10,15,7,6,12,11.5,44.0,9.0,60.0,130.0,95.0,100.0,150.0,70.0,115.0,440.0,0.6973370841455098,1050,0.00160418101291407,0.3478888407528748,0.03921111921028679,0.051615546517277365
816,samples/sample_000816.npz,rectangular_body_000816,31,47,6,19,4,8,16,13,4,4,7,38.5,12.0,5.5,40.0,80.0,60.0,160.0,130.0,40.0,385.0,120.0,0.5395951384955013,832,0.0008018002626904977,0.31503233002729314,0.028826623632777253,0.043361130265916516
817,samples/sample_000817.npz,rectangular_body_000817,55,60,2,10,12,16,5,8,4,12,15,57.0,5.5,13.5,120.0,160.0,140.0,50.0,80.0,40.0,570.0,55.0,0.32174927645924156,160,9.239309773067248e-05,0.014762622070834782,0.0015633684889634694,0.00224848152318104
818,samples/sample_000818.npz,rectangular_body_000818,17,26,24,39,7,12,9,15,5,7,11,21.0,31.0,9.0,70.0,120.0,95.0,90.0,150.0,50.0,210.0,310.0,0.60578727663395,675,0.0018568779261604455,0.19254322191488393,0.02564504331170486,0.027331671417225655
819,samples/sample_000819.npz,rectangular_body_000819,32,39,28,35,7,14,7,7,7,7,13,35.0,31.0,10.0,70.0,140.0,105.0,70.0,70.0,70.0,350.0,310.0,0.6556601256157557,343,0.0014845101697786981,0.11236580912228851,0.014073111974083452,0.014304183251503661
820,samples/sample_000820.npz,rectangular_body_000820,39,43,20,25,6,12,4,5,6,6,11,40.5,22.0,8.5,60.0,120.0,90.0,40.0,50.0,60.0,405.0,220.0,0.20554319402380408,120,8.207921310425329e-05,0.016945475873294733,0.0015628444196832138,0.0019254415329486945
821,samples/sample_000821.npz,rectangular_body_000821,26,31,46,58,5,7,5,12,2,5,6,28.0,51.5,5.5,50.0,70.0,60.0,50.0,120.0,20.0,280.0,515.0,0.9633843569407692,120,0.00022182284025267497,0.1143457043799716,0.007451917347024459,0.012252238447456897
822,samples/sample_000822.npz,rectangular_body_000822,41,57,19,26,3,8,16,7,5,3,7,48.5,22.0,5.0,30.0,80.0,55.0,160.0,70.0,50.0,485.0,220.0,0.3964306842011639,560,0.0003751917248096346,0.20930240783937315,0.014971038445038817,0.024155944263354108
823,samples/sample_000823.npz,rectangular_body_000823,50,56,12,24,16,21,6,12,5,16,20,52.5,17.5,18.0,160.0,210.0,185.0,60.0,120.0,50.0,525.0,175.0,0.7523554527281304,360,0.0009406923933803954,0.04547160807328963,0.00983097580648003,0.008833583327827563
824,samples/sample_000824.npz,rectangular_body_000824,26,31,9,23,12,19,5,14,7,12,18,28.0,15.5,15.0,120.0,190.0,155.0,50.0,140.0,70.0,280.0,155.0,0.61632496482893,490,0.0014586936828397262,0.06985386599332227,0.014258114575024275,0.012037674322887406
825,samples/sample_000825.npz,rectangular_body_000825,45,59,29,35,15,21,14,6,6,15,20,51.5,31.5,17.5,150.0,210.0,180.0,140.0,60.0,60.0,515.0,315.0,0.9665410155168954,504,0.0024634075763970242,0.08509595790635346,0.01969089395098598,0.015826280864921362
826,samples/sample_000826.npz,rectangular_body_000826,11,21,8,23,5,12,10,15,7,5,11,15.5,15.0,8.0,50.0,120.0,85.0,100.0,150.0,70.0,155.0,150.0,0.30810055895362,1050,0.0006522021911417441,0.1790810553048347,0.018431763979484844,0.025348354491916466
827,samples/sample_000827.npz,rectangular_body_000827,57,61,23,31,13,16,4,8,3,13,15,58.5,26.5,14.0,130.0,160.0,145.0,40.0,80.0,30.0,585.0,265.0,0.24520678312898925,96,6.900398613307653e-05,0.006312747340001031,0.0008996791523384602,0.0010063241402165756
828,samples/sample_000828.npz,rectangular_body_000828,31,40,32,45,15,20,9,13,5,15,19,35.0,38.0,17.0,150.0,200.0,175.0,90.0,130.0,50.0,350.0,380.0,0.6249895857699019,585,0.002759984316690663,0.06638206042447717,0.01740419049342408,0.011337479608598338
829,samples/sample_000829.npz,rectangular_body_000829,52,59,33,38,9,12,7,5,3,9,11,55.0,35.0,10.0,90.0,120.0,105.0,70.0,50.0,30.0,550.0,350.0,0.24361318371169294,105,6.783638299637011e-05,0.012246481076537271,0.0012711467792290705,0.0016648753644354737
830,samples/sample_000830.npz,rectangular_body_000830,40,46,27,36,9,13,6,9,4,9,12,42.5,31.0,10.5,90.0,130.0,110.0,60.0,90.0,40.0,425.0,310.0,0.471146006787809,216,0.0005040272622613901,0.04374715252348106,0.006039099472300961,0.006106904402268037
831,samples/sample_000831.npz,rectangular_body_000831,11,25,4,9,12,15,14,5,3,12,14,17.5,6.0,13.0,120.0,150.0,135.0,140.0,50.0,30.0,175.0,60.0,0.9024406168026535,210,0.00044771218349706754,0.05378369484439989,0.007388477382708253,0.008953944348570577
832,samples/sample_000832.npz,rectangular_body_000832,14,19,34,38,9,13,5,4,4,9,12,16.0,35.5,10.5,90.0,130.0,110.0,50.0,40.0,40.0,160.0,355.0,0.20206290796128867,80,5.9609329746113916e-05,0.007402700919531775,0.0009169553645801962,0.001011150305135471
833,samples/sample_000833.npz,rectangular_body_000833,33,41,33,45,11,13,8,12,2,11,12,36.5,38.5,11.5,110.0,130.0,120.0,80.0,120.0,20.0,365.0,385.0,0.4683268118301402,192,0.0004841671758979145,0.030908722379677137,0.005206064760828907,0.004684101738439879
834,samples/sample_000834.npz,rectangular_body_000834,29,44,17,23,10,15,15,6,5,10,14,36.0,19.5,12.0,100.0,150.0,125.0,150.0,60.0,50.0,360.0,195.0,0.4163028699796832,450,0.0008685562871552854,0.05996353022920641,0.010330338301211854,0.009467224406196652
835,samples/sample_000835.npz,rectangular_body_000835,40,53,29,42,12,19,13,13,7,12,18,46.0,35.0,15.0,120.0,190.0,155.0,130.0,130.0,70.0,460.0,350.0,0.6597694970481107,1183,0.003998723952398471,0.1715908206162712,0.037464531455950974,0.030160233566303703
836,samples/sample_000836.npz,rectangular_body_000836,46,58,2,9,7,12,12,7,5,7,11,51.5,5.0,9.0,70.0,120.0,95.0,120.0,70.0,50.0,515.0,50.0,0.9467465359947937,420,0.0005828812620030978,0.20619255668025555,0.016222989263780994,0.027366041243910365
837,samples/sample_000837.npz,rectangular_body_000837,4,10,42,53,9,14,6,11,5,9,13,6.5,47.0,11.0,90.0,140.0,115.0,60.0,110.0,50.0,65.0,470.0,0.28062282284395385,330,0.00018684418720871102,0.03627486630885688,0.003921093460275931,0.005405311650476781
838,samples/sample_000838.npz,rectangular_body_000838,15,21,22,29,10,12,6,7,2,10,11,17.5,25.0,10.5,100.0,120.0,110.0,60.0,70.0,20.0,175.0,250.0,0.8393704937790987,84,0.00025594968835149483,0.03055053302592176,0.0040280281725318026,0.004322722002129319
839,samples/sample_000839.npz,rectangular_body_000839,19,32,18,33,16,23,13,15,7,16,22,25.0,25.0,19.0,160.0,230.0,195.0,130.0,150.0,70.0,250.0,250.0,0.2603060565117746,1365,0.0025877780340110698,0.051746670279831625,0.01551292324856587,0.009267327857766043
840,samples/sample_000840.npz,rectangular_body_000840,48,60,30,43,8,10,12,13,2,8,9,53.5,36.0,8.5,80.0,100.0,90.0,120.0,130.0,20.0,535.0,360.0,0.9913513756057273,312,0.0007516813262985254,0.1507919675526613,0.016755262753673224,0.0220829219754351
841,samples/sample_000841.npz,rectangular_body_000841,45,61,9,17,3,7,16,8,4,3,6,52.5,12.5,4.5,30.0,70.0,50.0,160.0,80.0,40.0,525.0,125.0,0.37520529345546594,512,0.00019894605899886496,0.18874929360672885,0.011480846530581948,0.022141379229627608
842,samples/sample_000842.npz,rectangular_body_000842,31,41,15,25,4,6,10,10,2,4,5,35.5,19.5,4.5,40.0,60.0,50.0,100.0,100.0,20.0,355.0,195.0,0.6430621334443736,200,0.0002890984718567584,0.14523208359704584,0.009430066688018608,0.015079671163172683
843,samples/sample_000843.npz,rectangular_body_000843,47,56,41,51,13,16,9,10,3,13,15,51.0,45.5,14.0,130.0,160.0,145.0,90.0,100.0,30.0,510.0,455.0,0.6444002540239926,270,0.0005255277662003677,0.04448563523857847,0.0075561332154110575,0.00783315826141974
844,samples/sample_000844.npz,rectangular_body_000844,8,19,41,57,2,4,11,16,2,2,3,13.0,48.5,2.5,20.0,40.0,30.0,110.0,160.0,20.0,130.0,485.0,0.6122217548647133,352,0.00017166036893075302,0.26529770649698725,0.015194445430133841,0.0309083217690642
845,samples/sample_000845.npz,rectangular_body_000845,16,28,7,19,11,18,12,12,7,11,17,21.5,12.5,14.0,110.0,180.0,145.0,120.0,120.0,70.0,215.0,125.0,0.2732774716321024,1008,0.0009462560151810934,0.06909711623415386,0.012496597312979687,0.012171881750207145
846,samples/sample_000846.npz,rectangular_body_000846,50,55,55,60,14,20,5,5,6,14,19,52.0,57.0,16.5,140.0,200.0,170.0,50.0,50.0,60.0,520.0,570.0,0.8000054664784522,150,0.0002895296042311327,0.02489902561460525,0.003766414737783632,0.00435895992354825
847,samples/sample_000847.npz,rectangular_body_000847,2,13,37,52,16,21,11,15,5,16,20,7.0,44.0,18.0,160.0,210.0,185.0,110.0,150.0,50.0,70.0,440.0,0.4341219710943576,825,0.0011660704930143149,0.05726200830608628,0.012108734533071822,0.01115743649448475
848,samples/sample_000848.npz,rectangular_body_000848,10,15,2,7,9,17,5,5,8,9,16,12.0,4.0,12.5,90.0,170.0,130.0,50.0,50.0,80.0,120.0,40.0,0.9327707840459223,200,0.00034943519746624457,0.06657082256877,0.006498116417111578,0.009397513280242248
849,samples/sample_000849.npz,rectangular_body_000849,4,18,19,32,11,16,14,13,5,11,15,10.5,25.0,13.0,110.0,160.0,135.0,140.0,130.0,50.0,105.0,250.0,0.6497918233281481,910,0.001978062005487717,0.157824127168696,0.02717869754137438,0.027566142643695512
850,samples/sample_000850.npz,rectangular_body_000850,40,45,42,48,3,6,5,6,3,3,5,42.0,44.5,4.0,30.0,60.0,45.0,50.0,60.0,30.0,420.0,445.0,0.7408868250907474,90,0.00010571426660271505,0.12293267107747362,0.004881840783021438,0.009241539764399027
851,samples/sample_000851.npz,rectangular_body_000851,48,52,8,16,2,9,4,8,7,2,8,49.5,11.5,5.0,20.0,90.0,55.0,40.0,80.0,70.0,495.0,115.0,0.6441402151811921,224,0.00016942789412675507,0.2232471599615728,0.008906359658444942,0.018113213187761778
852,samples/sample_000852.npz,rectangular_body_000852,43,52,4,8,10,16,9,4,6,10,15,47.0,5.5,12.5,100.0,160.0,130.0,90.0,40.0,60.0,470.0,55.0,0.4484542584088386,216,0.00020958730269174505,0.0323096112682087,0.003755397345843329,0.004929833884645468
853,samples/sample_000853.npz,rectangular_body_000853,21,35,50,60,11,17,14,10,6,11,16,27.5,54.5,13.5,110.0,170.0,140.0,140.0,100.0,60.0,275.0,545.0,0.9158932679154612,840,0.0026039869085163524,0.20190794545266183,0.0335888523559087,0.03470044263338104
854,samples/sample_000854.npz,rectangular_body_000854,40,52,7,22,8,14,12,15,6,8,13,45.5,14.0,10.5,80.0,140.0,110.0,120.0,150.0,60.0,455.0,140.0,0.8614795680222909,1080,0.0024036742982795354,0.34106341986976707,0.04784615120815401,0.05564537209944536
855,samples/sample_000855.npz,rectangular_body_000855,37,51,33,38,3,8,14,5,5,3,7,43.5,35.0,5.0,30.0,80.0,55.0,140.0,50.0,50.0,435.0,350.0,0.49864983192062406,350,0.00043181528488548147,0.18861241402206314,0.012557905852502228,0.019452633107670852
856,samples/sample_000856.npz,rectangular_body_000856,2,16,40,54,14,20,14,14,6,14,19,8.5,46.5,16.5,140.0,200.0,170.0,140.0,140.0,60.0,85.0,465.0,0.9639892290892973,1176,0.0034107923036903434,0.2071346000784337,0.04075225289237308,0.04005728592972583
857,samples/sample_000857.npz,rectangular_body_000857,15,31,42,47,16,22,16,5,6,16,21,22.5,44.0,18.5,160.0,220.0,190.0,160.0,50.0,60.0,225.0,440.0,0.6369491029339129,480,0.0016376252442766104,0.04784813503430504,0.012870800758003412,0.008955183745368632
858,samples/sample_000858.npz,rectangular_body_000858,38,48,55,62,4,10,10,7,6,4,9,42.5,58.0,6.5,40.0,100.0,70.0,100.0,70.0,60.0,425.0,580.0,0.37112925616492903,420,0.00022003341068721862,0.13773535186882635,0.00792275927158256,0.014588622948586092
859,samples/sample_000859.npz,rectangular_body_000859,44,57,56,61,11,18,13,5,7,11,17,50.0,58.0,14.0,110.0,180.0,145.0,130.0,50.0,70.0,500.0,580.0,0.6925826987346471,455,0.0006842645546609959,0.08312724376217367,0.010826022249062418,0.013702187723702365
860,samples/sample_000860.npz,rectangular_body_000860,12,28,20,35,4,7,16,15,3,4,6,19.5,27.0,5.0,40.0,70.0,55.0,160.0,150.0,30.0,195.0,270.0,0.3977659218144628,720,0.0006951215423088727,0.20108575645843899,0.02044724667581715,0.028031375852155337
861,samples/sample_000861.npz,rectangular_body_000861,16,20,17,32,4,6,4,15,2,4,5,17.5,24.0,4.5,40.0,60.0,50.0,40.0,150.0,20.0,175.0,240.0,0.8105009507743453,120,0.00017978982645661806,0.10837457673363274,0.006985287595414268,0.011353444099055527
862,samples/sample_000862.npz,rectangular_body_000862,18,24,11,27,5,8,6,16,3,5,7,20.5,18.5,6.0,50.0,80.0,65.0,60.0,160.0,30.0,205.0,185.0,0.4634578840201816,288,0.0002841995418868059,0.10293992029016621,0.00892582702373609,0.012706777144609669
863,samples/sample_000863.npz,rectangular_body_000863,8,15,47,55,14,22,7,8,8,14,21,11.0,50.5,17.5,140.0,220.0,180.0,70.0,80.0,80.0,110.0,505.0,0.30839614963243334,448,0.0004159169698123114,0.025582610286744842,0.004836583966918741,0.004824666844917248
864,samples/sample_000864.npz,rectangular_body_000864,38,52,4,18,16,24,14,14,8,16,23,44.5,10.5,19.5,160.0,240.0,200.0,140.0,140.0,80.0,445.0,105.0,0.33037472608047314,1568,0.001963878183411357,0.07260109210332423,0.017907377778026215,0.014701761062744737
865,samples/sample_000865.npz,rectangular_body_000865,44,60,50,62,11,18,16,12,7,11,17,51.5,55.5,14.0,110.0,180.0,145.0,160.0,120.0,70.0,515.0,555.0,0.9147554662050614,1344,0.002777073223516741,0.29336041144034003,0.043773429122849185,0.052834699360298616
866,samples/sample_000866.npz,rectangular_body_000866,17,33,6,20,2,10,16,14,8,2,9,24.5,12.5,5.5,20.0,100.0,60.0,160.0,140.0,80.0,245.0,125.0,0.7315906911879995,1792,0.0023795535080207058,0.9350233416865636,0.08512142917655915,0.12925505073993002
867,samples/sample_000867.npz,rectangular_body_000867,28,42,36,42,15,23,14,6,8,15,22,34.5,38.5,18.5,150.0,230.0,190.0,140.0,60.0,80.0,345.0,385.0,0.5498405164575504,672,0.0029037993881055935,0.05946498021743022,0.016685766404116665,0.010259313811879299
868,samples/sample_000868.npz,rectangular_body_000868,38,54,46,55,5,12,16,9,7,5,11,45.5,50.0,8.0,50.0,120.0,85.0,160.0,90.0,70.0,455.0,500.0,0.7772955884891037,1008,0.0015733246730937707,0.43186482275485916,0.04437951172901952,0.0612354258946189
869,samples/sample_000869.npz,rectangular_body_000869,7,13,25,41,12,14,6,16,2,12,13,9.5,32.5,12.5,120.0,140.0,130.0,60.0,160.0,20.0,95.0,325.0,0.5662102160407441,192,0.0003863912821613551,0.03149284383974811,0.0050755809884422375,0.005322223370677454
870,samples/sample_000870.npz,rectangular_body_000870,26,40,16,32,15,21,14,16,6,15,20,32.5,23.5,17.5,150.0,210.0,180.0,140.0,160.0,60.0,325.0,235.0,0.2775814730231587,1344,0.0029702993203131814,0.060791024922626655,0.01727229554011225,0.010764280674593188
871,samples/sample_000871.npz,rectangular_body_000871,40,52,24,37,8,13,12,13,5,8,12,45.5,30.0,10.0,80.0,130.0,105.0,120.0,130.0,50.0,455.0,300.0,0.6668171053906173,780,0.002141287561645614,0.209488563500485,0.03045039129682008,0.03170513839886138
872,samples/sample_000872.npz,rectangular_body_000872,37,46,26,37,16,24,9,11,8,16,23,41.0,31.0,19.5,160.0,240.0,200.0,90.0,110.0,80.0,410.0,310.0,0.2027574015716418,792,0.0012779777331259597,0.02374117661801736,0.0069145402844492405,0.00418086165187961
873,samples/sample_000873.npz,rectangular_body_000873,18,33,20,34,13,19,15,14,6,13,18,25.0,26.5,15.5,130.0,190.0,160.0,150.0,140.0,60.0,250.0,265.0,0.4827610411692571,1260,0.004139937022363273,0.12173077983632925,0.030321991076071815,0.021020523399297268
874,samples/sample_000874.npz,rectangular_body_000874,27,38,26,42,13,19,11,16,6,13,18,32.0,33.5,15.5,130.0,190.0,160.0,110.0,160.0,60.0,320.0,335.0,0.4233451623135978,1056,0.004302284951497218,0.09102758381142176,0.022804195192614132,0.01518223395442195
875,samples/sample_000875.npz,rectangular_body_000875,21,25,3,16,10,13,4,13,3,10,12,22.5,9.0,11.0,100.0,130.0,115.0,40.0,130.0,30.0,225.0,90.0,0.28759883144777043,156,0.00011667568802503686,0.016940045207135726,0.0021373176326066924,0.002593867205293951
876,samples/sample_000876.npz,rectangular_body_000876,30,41,10,18,14,18,11,8,4,14,17,35.0,13.5,15.5,140.0,180.0,160.0,110.0,80.0,40.0,350.0,135.0,0.4100880371348381,352,0.0006590548483841501,0.031207590013135382,0.006496785405856065,0.005540095258113278
877,samples/sample_000877.npz,rectangular_body_000877,37,42,8,23,9,17,5,15,8,9,16,39.0,15.0,12.5,90.0,170.0,130.0,50.0,150.0,80.0,390.0,150.0,0.20512106415608786,600,0.00045440134813087873,0.03869267098446803,0.006257795082579432,0.00621812857926107
878,samples/sample_000878.npz,rectangular_body_000878,49,57,57,62,2,8,8,5,6,2,7,52.5,59.0,4.5,20.0,80.0,50.0,80.0,50.0,60.0,525.0,590.0,0.36062493602872386,240,6.973081636149896e-05,0.14292340611681104,0.004224717990524169,0.010890241779754426
879,samples/sample_000879.npz,rectangular_body_000879,26,40,19,34,2,4,14,15,2,2,3,32.5,26.0,2.5,20.0,40.0,30.0,140.0,150.0,20.0,325.0,260.0,0.8811692009680876,420,0.0008459776872895462,0.41132634617355024,0.02979983975540263,0.05032883835044696
880,samples/sample_000880.npz,rectangular_body_000880,17,28,6,21,11,18,11,15,7,11,17,22.0,13.0,14.0,110.0,180.0,145.0,110.0,150.0,70.0,220.0,130.0,0.5630450748041451,1155,0.0023122684972282388,0.15931365630347227,0.029761235795307147,0.028320158245620296
881,samples/sample_000881.npz,rectangular_body_000881,2,10,9,16,10,18,8,7,8,10,17,5.5,12.0,13.5,100.0,180.0,140.0,80.0,70.0,80.0,55.0,120.0,0.7892529313481693,448,0.0007364280015940002,0.1049882209156656,0.012434531160988603,0.016488519865167
882,samples/sample_000882.npz,rectangular_body_000882,52,56,11,17,12,14,4,6,2,12,13,53.5,13.5,12.5,120.0,140.0,130.0,40.0,60.0,20.0,535.0,135.0,0.6695469272963848,48,7.350242016271986e-05,0.010600451572746963,0.0013432974770381514,0.0016941106280826451
883,samples/sample_000883.npz,rectangular_body_000883,17,25,22,38,2,10,8,16,8,2,9,20.5,29.5,5.5,20.0,100.0,60.0,80.0,160.0,80.0,205.0,295.0,0.831446686643954,1024,0.002463899452764164,0.7558031295844567,0.06070940087285825,0.08753134705996883
884,samples/sample_000884.npz,rectangular_body_000884,35,44,25,36,12,15,9,11,3,12,14,39.0,30.0,13.0,120.0,150.0,135.0,90.0,110.0,30.0,390.0,300.0,0.8309609271591929,297,0.0016099117349849933,0.07062948272891134,0.013591732583575789,0.011093193336117224
885,samples/sample_000885.npz,rectangular_body_000885,23,30,10,19,11,17,7,9,6,11,16,26.0,14.0,13.5,110.0,170.0,140.0,70.0,90.0,60.0,260.0,140.0,0.7365196202102029,378,0.0011065472789250257,0.07975127876846867,0.013586583639884558,0.01299547107081648
886,samples/sample_000886.npz,rectangular_body_000886,7,13,19,33,6,12,6,14,6,6,11,9.5,25.5,8.5,60.0,120.0,90.0,60.0,140.0,60.0,95.0,255.0,0.847318051094075,504,0.0009892360211312629,0.23610686815182363,0.02332105107833896,0.03200871522867605
887,samples/sample_000887.npz,rectangular_body_000887,32,42,23,34,4,12,10,11,8,4,11,36.5,28.0,7.5,40.0,120.0,80.0,100.0,110.0,80.0,365.0,280.0,0.7836249568452158,880,0.0030738239205024553,0.4747531217696617,0.04679883279748077,0.05686014456378199
888,samples/sample_000888.npz,rectangular_body_000888,38,54,48,62,3,11,16,14,8,3,10,45.5,54.5,6.5,30.0,110.0,70.0,160.0,140.0,80.0,455.0,545.0,0.36584377232758636,1792,0.0009699668975710579,0.40336041474683837,0.03592227356536419,0.05786748110112603
889,samples/sample_000889.npz,rectangular_body_000889,39,49,20,32,15,23,10,12,8,15,22,43.5,25.5,18.5,150.0,230.0,190.0,100.0,120.0,80.0,435.0,255.0,0.8802924380629988,960,0.005033952023913728,0.13539470958005906,0.03644841495009832,0.024605998001306667
890,samples/sample_000890.npz,rectangular_body_000890,13,23,23,32,9,16,10,9,7,9,15,17.5,27.0,12.0,90.0,160.0,125.0,100.0,90.0,70.0,175.0,270.0,0.7473973598736983,630,0.002014603614151092,0.1616368898921392,0.025542532366770093,0.024724885897060164
891,samples/sample_000891.npz,rectangular_body_000891,45,55,34,48,14,21,10,14,7,14,20,49.5,40.5,17.0,140.0,210.0,175.0,100.0,140.0,70.0,495.0,405.0,0.6593654865379621,980,0.00271823164269888,0.11696928494579222,0.0267969209118459,0.022079610152185528
892,samples/sample_000892.npz,rectangular_body_000892,18,27,32,38,14,18,9,6,4,14,17,22.0,34.5,15.5,140.0,180.0,160.0,90.0,60.0,40.0,220.0,345.0,0.9433901782515008,216,0.0013070670923241727,0.04529158620363655,0.010118735509077414,0.0075085091560878415
893,samples/sample_000893.npz,rectangular_body_000893,46,54,23,29,5,8,8,6,3,5,7,49.5,25.5,6.0,50.0,80.0,65.0,80.0,60.0,30.0,495.0,255.0,0.20231299872838335,144,5.9810868313690215e-05,0.028936877231135336,0.0019010188336661324,0.002993849999845271
894,samples/sample_000894.npz,rectangular_body_000894,21,34,2,17,13,15,13,15,2,13,14,27.0,9.0,13.5,130.0,150.0,140.0,130.0,150.0,20.0,270.0,90.0,0.7883134562367515,390,0.0010581290999738522,0.07541356823866457,0.013445722888001128,0.013425638639366405
895,samples/sample_000895.npz,rectangular_body_000895,27,40,7,21,8,12,13,14,4,8,11,33.0,13.5,9.5,80.0,120.0,100.0,130.0,140.0,40.0,330.0,135.0,0.9542290726522507,728,0.002341567198960025,0.28601031941697486,0.03921967728815382,0.044347996964883646
896,samples/sample_000896.npz,rectangular_body_000896,13,24,8,16,15,21,11,8,6,15,20,18.0,11.5,17.5,150.0,210.0,180.0,110.0,80.0,60.0,180.0,115.0,0.42852718082060753,528,0.0008044391101517767,0.04014589097289657,0.008581909074888528,0.007685742571282424
897,samples/sample_000897.npz,rectangular_body_000897,7,22,45,55,14,19,15,10,5,14,18,14.0,49.5,16.0,140.0,190.0,165.0,150.0,100.0,50.0,140.0,495.0,0.4951626292318766,750,0.0011809108684958138,0.07267223862502986,0.014544567642382777,0.013971141152400673
898,samples/sample_000898.npz,rectangular_body_000898,48,58,17,26,8,10,10,9,2,8,9,52.5,21.0,8.5,80.0,100.0,90.0,100.0,90.0,20.0,525.0,210.0,0.21022787558249265,180,8.094109384414178e-05,0.0207885044451125,0.002058361378397423,0.00283704430943604
899,samples/sample_000899.npz,rectangular_body_000899,9,20,18,23,7,13,11,5,6,7,12,14.0,20.0,9.5,70.0,130.0,100.0,110.0,50.0,60.0,140.0,200.0,0.9538208441863378,330,0.0008022485960507606,0.16034865455286604,0.017427707302523375,0.021875992333058425
900,samples/sample_000900.npz,rectangular_body_000900,46,57,19,31,14,17,11,12,3,14,16,51.0,24.5,15.0,140.0,170.0,155.0,110.0,120.0,30.0,510.0,245.0,0.858979847478875,396,0.0013143763939798543,0.07484395390361011,0.014948168677762969,0.013549936751150146
901,samples/sample_000901.npz,rectangular_body_000901,12,22,11,21,13,17,10,10,4,13,16,16.5,15.5,14.5,130.0,170.0,150.0,100.0,100.0,40.0,165.0,155.0,0.967586651571946,400,0.0013003803424243617,0.09294138996392304,0.017221821258141444,0.01662416640355825
902,samples/sample_000902.npz,rectangular_body_000902,4,15,48,61,12,14,11,13,2,12,13,9.0,54.0,12.5,120.0,140.0,130.0,110.0,130.0,20.0,90.0,540.0,0.2392892315964706,286,0.00013769423555789448,0.01980883835834127,0.0025458074381603064,0.0033614589835149846
903,samples/sample_000903.npz,rectangular_body_000903,23,32,7,23,13,17,9,16,4,13,16,27.0,14.5,14.5,130.0,170.0,150.0,90.0,160.0,40.0,270.0,145.0,0.4196551002453636,576,0.001075451426149915,0.054925835096907696,0.011354268723279371,0.00978759379180882
904,samples/sample_000904.npz,rectangular_body_000904,29,43,38,54,8,15,14,16,7,8,14,35.5,45.5,11.0,80.0,150.0,115.0,140.0,160.0,70.0,355.0,455.0,0.21656058388513985,1568,0.0014016907346163351,0.11197283654106312,0.01898026264156234,0.018382614934219953
905,samples/sample_000905.npz,rectangular_body_000905,56,60,15,31,13,19,4,16,6,13,18,57.5,22.5,15.5,130.0,190.0,160.0,40.0,160.0,60.0,575.0,225.0,0.7059335191206824,384,0.0008129146272000246,0.057538423845060284,0.009917708947204283,0.010231922265164154
906,samples/sample_000906.npz,rectangular_body_000906,35,39,21,30,6,8,4,9,2,6,7,36.5,25.0,6.5,60.0,80.0,70.0,40.0,90.0,20.0,365.0,250.0,0.7479121588528366,72,0.0001909595563556601,0.04785233816434203,0.0037610808218553893,0.005067650093857905
907,samples/sample_000907.npz,rectangular_body_000907,8,18,37,50,12,15,10,13,3,12,14,12.5,43.0,13.0,120.0,150.0,135.0,100.0,130.0,30.0,125.0,430.0,0.9963697880244762,390,0.0012114872343616525,0.10734078316963763,0.018085576067273033,0.0186284687617285
908,samples/sample_000908.npz,rectangular_body_000908,38,54,25,33,9,17,16,8,8,9,16,45.5,28.5,12.5,90.0,170.0,130.0,160.0,80.0,80.0,455.0,285.0,0.6262676339088955,1024,0.0029876455996130456,0.19278531815119632,0.03406711923715003,0.03125123531810202
909,samples/sample_000909.npz,rectangular_body_000909,20,35,38,42,11,14,15,4,3,11,13,27.0,39.5,12.0,110.0,140.0,125.0,150.0,40.0,30.0,270.0,395.0,0.570001167730128,180,0.0005573414170400557,0.03273303325150583,0.005810585465651721,0.005077838839104551
910,samples/sample_000910.npz,rectangular_body_000910,5,9,33,42,10,18,4,9,8,10,17,6.5,37.0,13.5,100.0,180.0,140.0,40.0,90.0,80.0,65.0,370.0,0.8212730468249296,288,0.0007127065850092737,0.07092905710696913,0.009836242719192237,0.011096455987335068
911,samples/sample_000911.npz,rectangular_body_000911,47,54,27,40,5,11,7,13,6,5,10,50.0,33.0,7.5,50.0,110.0,80.0,70.0,130.0,60.0,500.0,330.0,0.2951559015605616,546,0.00043653644237447566,0.10756106730576653,0.009893156440720884,0.01347702222310825
912,samples/sample_000912.npz,rectangular_body_000912,2,12,25,30,2,7,10,5,5,2,6,6.5,27.0,4.0,20.0,70.0,45.0,100.0,50.0,50.0,65.0,270.0,0.8485955710020092,250,0.000257581798149982,0.3499408385589536,0.012987271241130027,0.028482390238367253
913,samples/sample_000913.npz,rectangular_body_000913,10,25,16,26,12,17,15,10,5,12,16,17.0,20.5,14.0,120.0,170.0,145.0,150.0,100.0,50.0,170.0,205.0,0.9801120088922544,750,0.0028639358764451766,0.17842297184945377,0.03522324726439721,0.03159470330940921
914,samples/sample_000914.npz,rectangular_body_000914,13,24,18,32,14,16,11,14,2,14,15,18.0,24.5,14.5,140.0,160.0,150.0,110.0,140.0,20.0,180.0,245.0,0.3902534153593651,308,0.0005628662899053467,0.027260354278128947,0.0058609421818937085,0.004810774876140906
915,samples/sample_000915.npz,rectangular_body_000915,6,19,9,21,15,21,13,12,6,15,20,12.0,14.5,17.5,150.0,210.0,180.0,130.0,120.0,60.0,120.0,145.0,0.5256862449745667,936,0.0016220015625358969,0.0837341592006782,0.0179136655222729,0.016512317344370555
916,samples/sample_000916.npz,rectangular_body_000916,18,23,8,12,8,11,5,4,3,8,10,20.0,9.5,9.0,80.0,110.0,95.0,50.0,40.0,30.0,200.0,95.0,0.5847888789024132,60,7.345356019734346e-05,0.020604720337407408,0.0018314800577313517,0.0026109592307173067
917,samples/sample_000917.npz,rectangular_body_000917,27,38,13,28,15,20,11,15,5,15,19,32.0,20.0,17.0,150.0,200.0,175.0,110.0,150.0,50.0,320.0,200.0,0.7989226403710872,825,0.004537185213608477,0.11594480178142974,0.030358990052908267,0.020705313283357462
918,samples/sample_000918.npz,rectangular_body_000918,41,45,16,23,8,14,4,7,6,8,13,42.5,19.0,10.5,80.0,140.0,110.0,40.0,70.0,60.0,425.0,190.0,0.20835932236038293,168,0.00011561927298365068,0.016208122700687236,0.0019853770265336446,0.0022084967999141973
919,samples/sample_000919.npz,rectangular_body_000919,40,45,43,49,16,22,5,6,6,16,21,42.0,45.5,18.5,160.0,220.0,190.0,50.0,60.0,60.0,420.0,455.0,0.8502090215597908,180,0.0007406885039238033,0.025570189070169856,0.00631829041924795,0.004724901953987877
920,samples/sample_000920.npz,rectangular_body_000920,31,46,37,51,10,17,15,14,7,10,16,38.0,43.5,13.0,100.0,170.0,135.0,150.0,140.0,70.0,380.0,435.0,0.8124476281943622,1470,0.005553432718651345,0.3159156630829695,0.06267196122269897,0.05382201732599199
921,samples/sample_000921.npz,rectangular_body_000921,32,48,25,35,12,17,16,10,5,12,16,39.5,29.5,14.0,120.0,170.0,145.0,160.0,100.0,50.0,395.0,295.0,0.5938519789169319,800,0.0031698558741951877,0.11370837493101632,0.025036162090998747,0.018982507463672305
922,samples/sample_000922.npz,rectangular_body_000922,32,48,4,8,8,14,16,4,6,8,13,39.5,5.5,10.5,80.0,140.0,110.0,160.0,40.0,60.0,395.0,55.0,0.21714173293470315,384,0.00018851827634014433,0.03298826718857127,0.003700963191979089,0.004905546556993558
923,samples/sample_000923.npz,rectangular_body_000923,26,31,45,58,16,19,5,13,3,16,18,28.0,51.0,17.0,160.0,190.0,175.0,50.0,130.0,30.0,280.0,510.0,0.409582839053503,195,0.00037004249830185204,0.01464047856488829,0.003303460484736078,0.002701663088401092
924,samples/sample_000924.npz,rectangular_body_000924,20,28,27,31,8,11,8,4,3,8,10,23.5,28.5,9.0,80.0,110.0,95.0,80.0,40.0,30.0,235.0,285.0,0.85843206219658,96,0.0003788936657939362,0.04631566659559967,0.005249919427080486,0.005812093286292825
925,samples/sample_000925.npz,rectangular_body_000925,12,20,42,53,8,11,8,11,3,8,10,15.5,47.0,9.0,80.0,110.0,95.0,80.0,110.0,30.0,155.0,470.0,0.604486334258421,264,0.0003634951182084475,0.08117847339114515,0.008842934437178662,0.011453797214441092
926,samples/sample_000926.npz,rectangular_body_000926,13,27,4,15,9,13,14,11,4,9,12,19.5,9.0,10.5,90.0,130.0,110.0,140.0,110.0,40.0,195.0,90.0,0.5054183348891013,616,0.0007217855407055315,0.11581639241712596,0.014801122931060028,0.018529640671401608
927,samples/sample_000927.npz,rectangular_body_000927,29,34,43,52,12,15,5,9,3,12,14,31.0,47.0,13.0,120.0,150.0,135.0,50.0,90.0,30.0,310.0,470.0,0.7263964545243506,135,0.0004722574792573635,0.02956774496239532,0.005058051066503366,0.004694195697999497
928,samples/sample_000928.npz,rectangular_body_000928,27,32,50,62,6,12,5,12,6,6,11,29.0,55.5,8.5,60.0,120.0,90.0,50.0,120.0,60.0,290.0,555.0,0.4935792532811751,360,0.00041831498068802507,0.10495419547263124,0.009211727734414399,0.013311881302020222
929,samples/sample_000929.npz,rectangular_body_000929,54,61,18,29,12,19,7,11,7,12,18,57.0,23.0,15.0,120.0,190.0,155.0,70.0,110.0,70.0,570.0,230.0,0.7622384936955864,539,0.001234957606615549,0.09715576755745599,0.015641692235468775,0.016544243866404653
930,samples/sample_000930.npz,rectangular_body_000930,22,37,16,31,7,10,15,15,3,7,9,29.0,23.0,8.0,70.0,100.0,85.0,150.0,150.0,30.0,290.0,230.0,0.44681484937779214,675,0.0012939068336401789,0.14221644269235853,0.019721844344669413,0.021150182560019895
931,samples/sample_000931.npz,rectangular_body_000931,4,10,19,27,11,15,6,8,4,11,14,6.5,22.5,12.5,110.0,150.0,130.0,60.0,80.0,40.0,65.0,225.0,0.7562544920287844,192,0.0003809458603952159,0.04715752041148222,0.006137860320242669,0.0073386429692553325
932,samples/sample_000932.npz,rectangular_body_000932,42,49,27,34,13,21,7,7,8,13,20,45.0,30.0,16.5,130.0,210.0,170.0,70.0,70.0,80.0,450.0,300.0,0.5222350894513712,392,0.0012175532166074851,0.042541475937889144,0.009516776422918977,0.0072360311990111266
933,samples/sample_000933.npz,rectangular_body_000933,34,39,15,24,12,20,5,9,8,12,19,36.0,19.0,15.5,120.0,200.0,160.0,50.0,90.0,80.0,360.0,190.0,0.4125926996193302,360,0.0008060093897368928,0.03451489921507572,0.007192863177346491,0.005717618114089337
934,samples/sample_000934.npz,rectangular_body_000934,9,21,27,43,12,15,12,16,3,12,14,14.5,34.5,13.0,120.0,150.0,135.0,120.0,160.0,30.0,145.0,345.0,0.47705718295944505,576,0.0011730392309693624,0.07125301942100037,0.013718451832314394,0.012486383022476063
935,samples/sample_000935.npz,rectangular_body_000935,21,35,36,47,12,14,14,11,2,12,13,27.5,41.0,12.5,120.0,140.0,130.0,140.0,110.0,20.0,275.0,410.0,0.6464779450368596,308,0.0010749460239205342,0.056789576028772284,0.010955968248818665,0.009247122339119673
936,samples/sample_000936.npz,rectangular_body_000936,48,57,36,47,7,11,9,11,4,7,10,52.0,41.0,8.5,70.0,110.0,90.0,90.0,110.0,40.0,520.0,410.0,0.908694497549394,396,0.0008040980681051096,0.19786685688314187,0.01992505789797067,0.026988453206647913
937,samples/sample_000937.npz,rectangular_body_000937,42,49,44,49,8,13,7,5,5,8,12,45.0,46.0,10.0,80.0,130.0,105.0,70.0,50.0,50.0,450.0,460.0,0.7449614360689776,175,0.0003583231627665634,0.06409454344240184,0.007244039369829533,0.00870574609666097
938,samples/sample_000938.npz,rectangular_body_000938,11,23,8,23,5,11,12,15,6,5,10,16.5,15.0,7.5,50.0,110.0,80.0,120.0,150.0,60.0,165.0,150.0,0.6060286263389267,1080,0.0012970503844501147,0.3670865337347077,0.0384018483371661,0.05280128112644045
939,samples/sample_000939.npz,rectangular_body_000939,14,27,11,25,3,6,13,14,3,3,5,20.0,17.5,4.0,30.0,60.0,45.0,130.0,140.0,30.0,200.0,175.0,0.5567362327179519,546,0.00045683006496352114,0.28983612597212327,0.02179292152198985,0.03562947452639959
940,samples/sample_000940.npz,rectangular_body_000940,32,40,9,15,11,19,8,6,8,11,18,35.5,11.5,14.5,110.0,190.0,150.0,80.0,60.0,80.0,355.0,115.0,0.80215126990303,384,0.0012191688520570257,0.0808378977500038,0.013972037473028281,0.013425483196213662
941,samples/sample_000941.npz,rectangular_body_000941,26,38,19,35,11,16,12,16,5,11,15,31.5,26.5,13.0,110.0,160.0,135.0,120.0,160.0,50.0,315.0,265.0,0.6132266000738589,960,0.004572512448146701,0.15449545503633794,0.032625576897166816,0.025205960101248995
942,samples/sample_000942.npz,rectangular_body_000942,52,60,46,56,14,17,8,10,3,14,16,55.5,50.5,15.0,140.0,170.0,155.0,80.0,100.0,30.0,555.0,505.0,0.7353361859825305,240,0.0004300487724975146,0.040433340373484054,0.006215332617473191,0.0072025080712056905
943,samples/sample_000943.npz,rectangular_body_000943,29,45,38,52,8,10,16,14,2,8,9,36.5,44.5,8.5,80.0,100.0,90.0,160.0,140.0,20.0,365.0,445.0,0.9611971023769339,448,0.001473854715386459,0.1880980213432329,0.026656701585211585,0.029106470999471695
944,samples/sample_000944.npz,rectangular_body_000944,38,50,3,16,3,7,12,13,4,3,6,43.5,9.0,4.5,30.0,70.0,50.0,120.0,130.0,40.0,435.0,90.0,0.836431647425957,624,0.0006264932385708576,0.49878850234127303,0.032320385505224654,0.05940669980196812
945,samples/sample_000945.npz,rectangular_body_000945,16,21,17,21,7,15,5,4,8,7,14,18.0,18.5,10.5,70.0,150.0,110.0,50.0,40.0,80.0,180.0,185.0,0.8919004693052588,160,0.00042577660872356114,0.07087387326515453,0.007919656754968044,0.009287995198155137
946,samples/sample_000946.npz,rectangular_body_000946,26,33,39,44,2,4,7,5,2,2,3,29.0,41.0,2.5,20.0,40.0,30.0,70.0,50.0,20.0,290.0,410.0,0.8937473575282957,70,0.00010995324162181817,0.1742772763770736,0.005008853503749886,0.010912085138142357
947,samples/sample_000947.npz,rectangular_body_000947,29,40,11,26,16,24,11,15,8,16,23,34.0,18.0,19.5,160.0,240.0,200.0,110.0,150.0,80.0,340.0,180.0,0.9878608694437623,1320,0.008473295697456258,0.18531800886017796,0.05376127620045925,0.03446183271572471
948,samples/sample_000948.npz,rectangular_body_000948,56,60,29,36,9,12,4,7,3,9,11,57.5,32.0,10.0,90.0,120.0,105.0,40.0,70.0,30.0,575.0,320.0,0.25308457216550606,84,5.473979123916457e-05,0.010234851467955258,0.0009824154707093683,0.0013516248516655413
949,samples/sample_000949.npz,rectangular_body_000949,14,29,18,22,7,9,15,4,2,7,8,21.0,19.5,7.5,70.0,90.0,80.0,150.0,40.0,20.0,210.0,195.0,0.6494763144469811,120,0.00020695708772879427,0.04844549478141774,0.004973038561215455,0.006313098887378817
950,samples/sample_000950.npz,rectangular_body_000950,47,58,19,28,12,20,11,9,8,12,19,52.0,23.0,15.5,120.0,200.0,160.0,110.0,90.0,80.0,520.0,230.0,0.31857337168049615,792,0.0009221937203350821,0.056174327771637306,0.010654256838782392,0.009979517254279913
951,samples/sample_000951.npz,rectangular_body_000951,17,29,5,11,12,16,12,6,4,12,15,22.5,7.5,13.5,120.0,160.0,140.0,120.0,60.0,40.0,225.0,75.0,0.9802774650436217,288,0.000814762541532259,0.07716348700408657,0.011792460736253875,0.012971850846586754
952,samples/sample_000952.npz,rectangular_body_000952,12,28,3,12,2,8,16,9,6,2,7,19.5,7.0,4.5,20.0,80.0,50.0,160.0,90.0,60.0,195.0,70.0,0.6474430164850574,864,0.0006255818201340153,0.551323186513041,0.033143943706248624,0.06411793431788816
953,samples/sample_000953.npz,rectangular_body_000953,13,18,18,30,12,18,5,12,6,12,17,15.0,23.5,14.5,120.0,180.0,150.0,50.0,120.0,60.0,150.0,235.0,0.8934598116187342,360,0.0013008745821113856,0.07982430641283933,0.015158048616522332,0.013677087266828772
954,samples/sample_000954.npz,rectangular_body_000954,26,39,29,42,14,22,13,13,8,14,21,32.0,35.0,17.5,140.0,220.0,180.0,130.0,130.0,80.0,320.0,350.0,0.3597666653564333,1352,0.004677792737062113,0.0834693618778481,0.023071881429015978,0.014110917721322749
955,samples/sample_000955.npz,rectangular_body_000955,43,55,9,16,15,19,12,7,4,15,18,48.5,12.0,16.5,150.0,190.0,170.0,120.0,70.0,40.0,485.0,120.0,0.7508415264674235,336,0.0007939493226458889,0.048861434006774764,0.009570524873369013,0.009290518021599125
956,samples/sample_000956.npz,rectangular_body_000956,38,47,27,39,3,7,9,12,4,3,6,42.0,32.5,4.5,30.0,70.0,50.0,90.0,120.0,40.0,420.0,325.0,0.8979767628774495,432,0.0010280813702036862,0.4336180654511307,0.028762756598062728,0.04531879938800689
957,samples/sample_000957.npz,rectangular_body_000957,36,44,28,40,3,6,8,12,3,3,5,39.5,33.5,4.0,30.0,60.0,45.0,80.0,120.0,30.0,395.0,335.0,0.2580464566091729,288,0.00019519221088324577,0.09400525409025041,0.00566268243856859,0.009309518111805455
958,samples/sample_000958.npz,rectangular_body_000958,23,31,15,29,7,14,8,14,7,7,13,26.5,21.5,10.0,70.0,140.0,105.0,80.0,140.0,70.0,265.0,215.0,0.256654875664467,784,0.0008669563862854863,0.0869634265761563,0.012129343378506189,0.01246079612796273
959,samples/sample_000959.npz,rectangular_body_000959,39,54,37,53,15,23,15,16,8,15,22,46.0,44.5,18.5,150.0,230.0,190.0,150.0,160.0,80.0,460.0,445.0,0.684178240371618,1920,0.005886367924094249,0.19655458553646593,0.05198578064316216,0.03897791180200399
960,samples/sample_000960.npz,rectangular_body_000960,5,18,17,32,12,14,13,15,2,12,13,11.0,24.0,12.5,120.0,140.0,130.0,130.0,150.0,20.0,110.0,240.0,0.5205721800609728,390,0.0006542303912427285,0.055783067049749516,0.009553431889816503,0.009792445631155725
961,samples/sample_000961.npz,rectangular_body_000961,44,48,38,50,9,15,4,12,6,9,14,45.5,43.5,11.5,90.0,150.0,120.0,40.0,120.0,60.0,455.0,435.0,0.7670377788938159,288,0.0007236544967303578,0.08139885939342592,0.01174283750696941,0.012430949982161266
962,samples/sample_000962.npz,rectangular_body_000962,32,48,33,44,7,10,16,11,3,7,9,39.5,38.0,8.0,70.0,100.0,85.0,160.0,110.0,30.0,395.0,380.0,0.5855065272662064,528,0.0011627391055565855,0.15542853035719245,0.02010432344188257,0.022291987132552326
963,samples/sample_000963.npz,rectangular_body_000963,5,15,40,55,2,8,10,15,6,2,7,9.5,47.0,4.5,20.0,80.0,50.0,100.0,150.0,60.0,95.0,470.0,0.26389730262846733,900,0.0002625769108405356,0.23370344767148826,0.014621630603636856,0.027631444851737984
964,samples/sample_000964.npz,rectangular_body_000964,20,25,44,53,14,21,5,9,7,14,20,22.0,48.0,17.0,140.0,210.0,175.0,50.0,90.0,70.0,220.0,480.0,0.6927991957939571,315,0.0009468362701062741,0.042347596421495895,0.009288334738854806,0.007656390501482579
965,samples/sample_000965.npz,rectangular_body_000965,44,53,41,53,8,11,9,12,3,8,10,48.0,46.5,9.0,80.0,110.0,95.0,90.0,120.0,30.0,480.0,465.0,0.9380579850317419,324,0.0006930940172302224,0.14926649993611388,0.016798341927991595,0.02157206643656985
966,samples/sample_000966.npz,rectangular_body_000966,25,35,27,41,4,12,10,14,8,4,11,29.5,33.5,7.5,40.0,120.0,80.0,100.0,140.0,80.0,295.0,335.0,0.9201610442955819,1120,0.0055878847494301,0.6483383938512495,0.07032577534895651,0.08238078238530126
967,samples/sample_000967.npz,rectangular_body_000967,29,40,34,47,16,22,11,13,6,16,21,34.0,40.0,18.5,160.0,220.0,190.0,110.0,130.0,60.0,340.0,400.0,0.25938833192273497,858,0.0016930161358210852,0.034708939814102446,0.009936442385539215,0.006112850486962149
968,samples/sample_000968.npz,rectangular_body_000968,10,25,21,30,7,15,15,9,8,7,14,17.0,25.0,10.5,70.0,150.0,110.0,150.0,90.0,80.0,170.0,250.0,0.2219280994774958,1080,0.0008600859339396211,0.09498355208289402,0.013552356373503398,0.014330063905407897
969,samples/sample_000969.npz,rectangular_body_000969,41,45,14,23,14,19,4,9,5,14,18,42.5,18.0,16.0,140.0,190.0,165.0,40.0,90.0,50.0,425.0,180.0,0.8593242347945205,180,0.0006798375981382988,0.032996686852710656,0.007006915455369366,0.005812686920292917
970,samples/sample_000970.npz,rectangular_body_000970,13,28,29,37,5,8,15,8,3,5,7,20.0,32.5,6.0,50.0,80.0,65.0,150.0,80.0,30.0,200.0,325.0,0.7469486838616419,360,0.0008526118611539921,0.20527580036129625,0.018694171912344903,0.025207341320856103
971,samples/sample_000971.npz,rectangular_body_000971,23,38,39,44,13,18,15,5,5,13,17,30.0,41.0,15.0,130.0,180.0,155.0,150.0,50.0,50.0,300.0,410.0,0.9680249985908793,375,0.002396050122995903,0.08158465027661232,0.01835174447228952,0.013651861924593549
972,samples/sample_000972.npz,rectangular_body_000972,49,54,45,57,12,14,5,12,2,12,13,51.0,50.5,12.5,120.0,140.0,130.0,50.0,120.0,20.0,510.0,505.0,0.7231699501718767,120,0.00020832974899665999,0.026815914208942877,0.003731766590556202,0.004491790822330491
973,samples/sample_000973.npz,rectangular_body_000973,56,61,37,51,10,14,5,14,4,10,13,58.0,43.5,11.5,100.0,140.0,120.0,50.0,140.0,40.0,580.0,435.0,0.8402518377497079,280,0.0005123007511336316,0.08169417592895761,0.00959543792306874,0.012542796732303513
974,samples/sample_000974.npz,rectangular_body_000974,35,39,18,32,16,20,4,14,4,16,19,36.5,24.5,17.5,160.0,200.0,180.0,40.0,140.0,40.0,365.0,245.0,0.5005034222154676,224,0.000801445261205923,0.01948445080816209,0.0052070406848457335,0.003372044250512329
975,samples/sample_000975.npz,rectangular_body_000975,47,62,33,38,7,12,15,5,5,7,11,54.0,35.0,9.0,70.0,120.0,95.0,150.0,50.0,50.0,540.0,350.0,0.2921848938515961,375,0.0002808100553553948,0.05453762635443188,0.00574648029850632,0.00761275092991142
976,samples/sample_000976.npz,rectangular_body_000976,40,52,20,30,4,6,12,10,2,4,5,45.5,24.5,4.5,40.0,60.0,50.0,120.0,100.0,20.0,455.0,245.0,0.23190540291392356,240,0.0001049617438922323,0.058247082352834934,0.003993825275933831,0.006420684356465766
977,samples/sample_000977.npz,rectangular_body_000977,3,15,37,53,3,6,12,16,3,3,5,8.5,44.5,4.0,30.0,60.0,45.0,120.0,160.0,30.0,85.0,445.0,0.813360580789096,576,0.0004953355244846208,0.4283168728942566,0.029126717853036957,0.0544770321457446
978,samples/sample_000978.npz,rectangular_body_000978,21,25,29,37,10,17,4,8,7,10,16,22.5,32.5,13.0,100.0,170.0,135.0,40.0,80.0,70.0,225.0,325.0,0.9785005957691788,224,0.0013498594893189175,0.0698285537019038,0.012045731892078738,0.010395202022382121
979,samples/sample_000979.npz,rectangular_body_000979,5,21,39,53,8,15,16,14,7,8,14,12.5,45.5,11.0,80.0,150.0,115.0,160.0,140.0,70.0,125.0,455.0,0.872079533643006,1568,0.0035010217990825614,0.45090947647905083,0.06697135657601144,0.07713166745349147
980,samples/sample_000980.npz,rectangular_body_000980,10,23,27,43,5,10,13,16,5,5,9,16.0,34.5,7.0,50.0,100.0,75.0,130.0,160.0,50.0,160.0,345.0,0.9036125081850517,1040,0.002651025920380969,0.531533478269778,0.06057213493233599,0.07634817184756043
981,samples/sample_000981.npz,rectangular_body_000981,6,15,53,61,4,12,9,8,8,4,11,10.0,56.5,7.5,40.0,120.0,80.0,90.0,80.0,80.0,100.0,565.0,0.740783722138481,576,0.0005402345732286444,0.32777686630394587,0.019339787891532692,0.036938870121731186
982,samples/sample_000982.npz,rectangular_body_000982,40,46,11,25,7,9,6,14,2,7,8,42.5,17.5,7.5,70.0,90.0,80.0,60.0,140.0,20.0,425.0,175.0,0.37709363389662054,168,0.0001544590717000727,0.039380875566636775,0.003959765602364777,0.005170711210954933
983,samples/sample_000983.npz,rectangular_body_000983,32,47,40,46,4,8,15,6,4,4,7,39.0,42.5,5.5,40.0,80.0,60.0,150.0,60.0,40.0,390.0,425.0,0.8165969443983097,360,0.0007073027262182618,0.2620974607035884,0.02069986684669044,0.02996128913046902
984,samples/sample_000984.npz,rectangular_body_000984,33,40,40,47,16,20,7,7,4,16,19,36.0,43.0,17.5,160.0,200.0,180.0,70.0,70.0,40.0,360.0,430.0,0.7810422627378169,196,0.0009372737423526017,0.027644654444328565,0.006929737101638944,0.004839665967528987
985,samples/sample_000985.npz,rectangular_body_000985,47,58,19,33,4,11,11,14,7,4,10,52.0,25.5,7.0,40.0,110.0,75.0,110.0,140.0,70.0,520.0,255.0,0.6562668182189669,1078,0.0014945232282852752,0.4619007295272073,0.04229264430727207,0.06118977192763837
986,samples/sample_000986.npz,rectangular_body_000986,49,54,46,57,12,15,5,11,3,12,14,51.0,51.0,13.0,120.0,150.0,135.0,50.0,110.0,30.0,510.0,510.0,0.40078226366392244,165,0.00016129448718850815,0.019515383618420964,0.0027656613154468804,0.0032928538187525494
987,samples/sample_000987.npz,rectangular_body_000987,25,29,30,41,14,19,4,11,5,14,18,26.5,35.0,16.0,140.0,190.0,165.0,40.0,110.0,50.0,265.0,350.0,0.41387426790984166,220,0.0006965205889367259,0.019122285415112864,0.00453828065729539,0.0031337824459361672
988,samples/sample_000988.npz,rectangular_body_000988,31,43,21,35,11,18,12,14,7,11,17,36.5,27.5,14.0,110.0,180.0,145.0,120.0,140.0,70.0,365.0,275.0,0.9867455222147938,1176,0.008067838444249374,0.28421530213391283,0.06187156605906548,0.04653025576232837
989,samples/sample_000989.npz,rectangular_body_000989,41,46,36,46,5,11,5,10,6,5,10,43.0,40.5,7.5,50.0,110.0,80.0,50.0,100.0,60.0,430.0,405.0,0.7687722808852782,300,0.0006504677873559745,0.1730132894363259,0.014970035744527235,0.019735143055331635
990,samples/sample_000990.npz,rectangular_body_000990,20,31,7,17,15,18,11,10,3,15,17,25.0,11.5,16.0,150.0,180.0,165.0,110.0,100.0,30.0,250.0,115.0,0.9703049627549292,330,0.001288847319513092,0.06436512042513012,0.013479568562650892,0.011817484960792336
991,samples/sample_000991.npz,rectangular_body_000991,5,13,46,54,16,20,8,8,4,16,19,8.5,49.5,17.5,160.0,200.0,180.0,80.0,80.0,40.0,85.0,495.0,0.4619771002191011,256,0.00034189623677889516,0.02110163886235166,0.003970010525180303,0.004013881235464724
992,samples/sample_000992.npz,rectangular_body_000992,39,46,11,24,2,10,7,13,8,2,9,42.0,17.0,5.5,20.0,100.0,60.0,70.0,130.0,80.0,420.0,170.0,0.6094851097787979,728,0.0008454136032172903,0.46343674356238446,0.030186488713048486,0.04833188302955757
993,samples/sample_000993.npz,rectangular_body_000993,16,32,41,47,14,21,16,6,7,14,20,23.5,43.5,17.0,140.0,210.0,175.0,160.0,60.0,70.0,235.0,435.0,0.9587634215723835,672,0.003422948720479341,0.11698250195241021,0.029007505107281575,0.021184507633299824
994,samples/sample_000994.npz,rectangular_body_000994,2,15,7,22,15,21,13,15,6,15,20,8.0,14.0,17.5,150.0,210.0,180.0,130.0,150.0,60.0,80.0,140.0,0.33611185311229513,1170,0.0011424203834550818,0.0653157123738545,0.013017533498817473,0.01284151228595115
995,samples/sample_000995.npz,rectangular_body_000995,30,46,51,61,5,7,16,10,2,5,6,37.5,55.5,5.5,50.0,70.0,60.0,160.0,100.0,20.0,375.0,555.0,0.9785821094310558,320,0.00048359888374465006,0.2367571725055277,0.018273391597855213,0.030556804022135023
996,samples/sample_000996.npz,rectangular_body_000996,32,47,30,41,2,4,15,11,2,2,3,39.0,35.0,2.5,20.0,40.0,30.0,150.0,110.0,20.0,390.0,350.0,0.5289617898344134,330,0.00032877923857715105,0.22555168739375783,0.013982389890447925,0.0248891920853285
997,samples/sample_000997.npz,rectangular_body_000997,57,62,45,57,11,18,5,12,7,11,17,59.0,50.5,14.0,110.0,180.0,145.0,50.0,120.0,70.0,590.0,505.0,0.2923434147585715,420,0.0002558679262357448,0.03274372938976598,0.004047660548155733,0.005252040055441251
998,samples/sample_000998.npz,rectangular_body_000998,15,26,33,47,15,18,11,14,3,15,17,20.0,39.5,16.0,150.0,180.0,165.0,110.0,140.0,30.0,200.0,395.0,0.35472131183717104,462,0.0008554036340839936,0.031830403851414356,0.007662985313964209,0.005729740983055951
999,samples/sample_000999.npz,rectangular_body_000999,12,22,3,9,15,20,10,6,5,15,19,16.5,5.5,17.0,150.0,200.0,175.0,100.0,60.0,50.0,165.0,55.0,0.5786393448726141,300,0.0004844745530668878,0.03271627943161092,0.005721790104936179,0.0059570769214287046
