experiment,sample_id,sample_path,prediction_path,mse,mae,correlation,iou,dice,true_occupied_cells,predicted_occupied_cells,volume_ratio,true_mass_proxy,predicted_mass_proxy,mass_ratio,true_body_mean_density,predicted_mean_density_in_true_body,peak_predicted_density,true_top_depth_m,true_bottom_depth_m,true_thickness_m,true_width_x_m,true_width_y_m,true_center_x_m,true_center_y_m,gravity_mse,gravity_rmse,gravity_mae,gravity_relative_l2,gravity_correlation,gravity_max_abs_residual,gravity_mean_residual,gravity_residual_std,manifest_top_depth_m,manifest_thickness_m,predicted_top_depth_m,top_depth_error_m,absolute_top_depth_error_m,predicted_bottom_depth_m,bottom_depth_error_m,absolute_bottom_depth_error_m,predicted_thickness_m,thickness_error_m,absolute_thickness_error_m,predicted_width_x_m,width_x_error_m,absolute_width_x_error_m,predicted_width_y_m,width_y_error_m,absolute_width_y_error_m,predicted_center_x_m,predicted_center_y_m,lateral_center_error_m
E05,sample_000796,samples/sample_000796.npz,sample_000796_prediction.npz,0.01642467826604843,0.03471913933753967,0.3138180918931396,0.09007881896659577,0.16527028577986916,720,7993,11.10138888888889,233.237042427063,3646.186974756898,15.632966945621941,0.32394033670425415,0.5091685351398256,0.6247381567955017,40.0,70.0,30.0,150.0,160.0,175.0,170.0,0.06870543179989849,0.26211721004142113,0.14921639559868966,7.989367990175929,0.9560531653518126,1.0696468521216227,0.14921639559868966,0.21549918580921332,40.0,30.0,20.0,-20.0,20.0,240.0,170.0,170.0,220.0,190.0,190.0,240.0,90.0,90.0,220.0,60.0,60.0,190.0,180.0,18.027756377319946
E05,sample_001763,samples/sample_001763.npz,sample_001763_prediction.npz,0.011239723302423954,0.02256091497838497,0.28589182764511045,0.05707297187117815,0.10798303123794832,280,4906,17.521428571428572,142.34578132629395,2360.146296245155,16.580374031844887,0.5083777904510498,0.6018764497978347,0.6464431285858154,40.0,110.0,70.0,80.0,50.0,510.0,495.0,0.03542610190627225,0.18821822947385372,0.09699048460378899,9.602697579005236,0.9130247681375544,0.9439655434297098,0.09699048460378899,0.1613038989069837,40.0,70.0,10.0,-30.0,30.0,230.0,120.0,120.0,220.0,150.0,150.0,180.0,100.0,100.0,170.0,120.0,120.0,480.0,475.0,36.05551275463989
E05,sample_000998,samples/sample_000998.npz,sample_000998_prediction.npz,0.006821356248110533,0.018984118476510048,0.3497496923689043,0.08424507658643327,0.15539858728557013,462,5484,11.87012987012987,163.88124418258667,2028.8652312985039,12.380094143281362,0.3547213077545166,0.4562628512065132,0.5191108584403992,80.0,110.0,30.0,110.0,140.0,235.0,380.0,0.024176574228021434,0.15548818034828704,0.08559840517441938,9.553439015316696,0.9950868556160989,0.7503674228723154,0.08559840517441938,0.12980557484028707,80.0,30.0,20.0,-60.0,60.0,240.0,130.0,130.0,220.0,190.0,190.0,180.0,70.0,70.0,190.0,50.0,50.0,240.0,375.0,7.0710678118654755
E05,sample_001629,samples/sample_001629.npz,sample_001629_prediction.npz,0.011618539690971375,0.025465011596679688,0.3571596251495098,0.08112023177209078,0.15006699419383654,504,6213,12.327380952380953,287.289128780365,2784.070244662974,9.690830476190484,0.5700181126594543,0.5862932873387185,0.6104876399040222,70.0,130.0,60.0,60.0,140.0,440.0,210.0,0.04062831811989458,0.2015646747818044,0.11231038429780603,7.128245968947368,0.9900198466156912,0.9108272490467713,0.11231038429780603,0.16737591134561058,70.0,60.0,20.0,-50.0,50.0,230.0,100.0,100.0,210.0,150.0,150.0,170.0,110.0,110.0,230.0,90.0,90.0,435.0,205.0,7.0710678118654755
E05,sample_001922,samples/sample_001922.npz,sample_001922_prediction.npz,0.019248442724347115,0.034028060734272,0.3897185352998313,0.11000293341155765,0.1982029598308668,750,6818,9.090666666666667,600.9497344493866,3774.102003279555,6.280229088939582,0.8012663125991821,0.6866381134986878,0.7289323806762695,60.0,110.0,50.0,150.0,100.0,455.0,270.0,0.06439250722627583,0.25375678754720205,0.14318261641446092,3.8450103074401483,0.9865876652397342,1.0926942202793017,0.14318261641446092,0.20950237607956904,60.0,50.0,10.0,-50.0,50.0,220.0,110.0,110.0,210.0,160.0,160.0,230.0,80.0,80.0,170.0,70.0,70.0,445.0,275.0,11.180339887498949
E05,sample_001409,samples/sample_001409.npz,sample_001409_prediction.npz,0.009167001582682133,0.014497014693915844,0.34707564016733417,0.08658678005411674,0.15937388829598007,224,2587,11.549107142857142,206.4456329345703,1552.997023720184,7.5225472277845755,0.9216322898864746,0.7462683796350446,0.8977651596069336,20.0,90.0,70.0,40.0,80.0,480.0,290.0,0.01591394985589188,0.12615050477858533,0.061990367532807705,3.213396943178155,0.9037872665636552,0.8302395725571705,0.061990367532807705,0.10986875893100502,20.0,70.0,20.0,0.0,0.0,220.0,130.0,130.0,200.0,130.0,130.0,130.0,90.0,90.0,130.0,50.0,50.0,455.0,295.0,25.495097567963924
E05,sample_000992,samples/sample_000992.npz,sample_000992_prediction.npz,0.012320811860263348,0.01999007910490036,0.48257970751756046,0.18889465490399585,0.31776516804888694,728,3854,5.293956043956044,443.7051453590393,2408.095028452012,5.427241612227459,0.6094850897789001,0.7192200352693652,0.8578747510910034,20.0,100.0,80.0,70.0,130.0,395.0,215.0,0.027065194650460398,0.16451502864620118,0.08952788509043873,2.314031609006195,0.9492494519601395,0.8228995296044563,0.08952788509043873,0.1380215651327487,20.0,80.0,20.0,0.0,0.0,220.0,120.0,120.0,200.0,120.0,120.0,130.0,60.0,60.0,190.0,60.0,60.0,385.0,225.0,14.142135623730951
E05,sample_002128,samples/sample_002128.npz,sample_002128_prediction.npz,0.0038478514179587364,0.010386005975306034,0.3543107385150576,0.07389989922741015,0.1376290272130122,220,2977,13.531818181818181,101.6027420759201,1117.9514525271672,11.00316221477375,0.46183064579963684,0.5005736295472492,0.575664758682251,60.0,100.0,40.0,50.0,110.0,295.0,285.0,0.00779447125796774,0.0882863027766354,0.046965806737494585,7.08208078834274,0.9921415567306896,0.5079700189054247,0.046965806737494585,0.07475750300447472,60.0,40.0,20.0,-40.0,40.0,240.0,140.0,140.0,220.0,180.0,180.0,120.0,70.0,70.0,150.0,40.0,40.0,300.0,295.0,11.180339887498949
E05,sample_001888,samples/sample_001888.npz,sample_001888_prediction.npz,0.011158697307109833,0.023081190884113312,0.3409123014536517,0.07331264546159814,0.1366100469822913,378,5156,13.640211640211641,311.36883294582367,2428.525525442343,7.799513851358695,0.8237270712852478,0.6229116331647944,0.6454350352287292,70.0,140.0,70.0,90.0,60.0,355.0,480.0,0.032036782095372036,0.17898821775572837,0.09599348009597082,5.902858357419334,0.9878926878756876,0.8669911221858333,0.09599348009597082,0.15106963253558436,70.0,70.0,20.0,-50.0,50.0,230.0,90.0,90.0,210.0,140.0,140.0,170.0,80.0,80.0,180.0,120.0,120.0,345.0,470.0,14.142135623730951
E05,sample_001536,samples/sample_001536.npz,sample_001536_prediction.npz,0.011867995373904705,0.021393226459622383,0.3008555913760277,0.066746126340882,0.12513966480446928,280,4195,14.982142857142858,223.28286409378052,2244.9556637381456,10.054312375692417,0.7974388003349304,0.6521403438278607,0.7102802991867065,40.0,80.0,40.0,70.0,100.0,455.0,380.0,0.030259786606440037,0.17395340354945643,0.09238191093940003,4.943726242459467,0.9473312422128937,0.90260895580849,0.09238191093940003,0.14739528193814347,40.0,40.0,20.0,-20.0,20.0,220.0,140.0,140.0,200.0,160.0,160.0,160.0,90.0,90.0,170.0,70.0,70.0,440.0,375.0,15.811388300841896
E05,sample_000503,samples/sample_000503.npz,sample_000503_prediction.npz,0.006551090162247419,0.017620861530303955,0.17712056119590214,0.018947368421052633,0.0371900826446281,90,4750,52.77777777777778,83.0135428905487,1735.780296497941,20.909603855680803,0.9223726987838745,0.481070433722602,0.5677598714828491,70.0,90.0,20.0,90.0,50.0,415.0,505.0,0.019508967855980303,0.13967450682204072,0.0738083724346057,13.650051608284386,0.9533508246342133,0.7078236805944292,0.0738083724346057,0.11858031883299537,70.0,20.0,20.0,-50.0,50.0,240.0,150.0,150.0,220.0,200.0,200.0,180.0,90.0,90.0,170.0,120.0,120.0,400.0,485.0,25.0
E05,sample_001208,samples/sample_001208.npz,sample_001208_prediction.npz,0.00678987754508853,0.012680638581514359,0.32476517609648053,0.07061592781482935,0.131916452913155,180,2549,14.161111111111111,107.92141556739807,1352.8954389129538,12.535931184742996,0.5995634198188782,0.6662741406096353,0.735527515411377,20.0,70.0,50.0,40.0,90.0,250.0,475.0,0.013823473226038368,0.11757326748048796,0.057670316609671,5.0557945600725995,0.8971308155191842,0.6944437019818888,0.057670316609671,0.1024578342938141,20.0,50.0,20.0,0.0,0.0,230.0,160.0,160.0,210.0,160.0,160.0,120.0,80.0,80.0,160.0,70.0,70.0,260.0,450.0,26.92582403567252
E05,sample_000155,samples/sample_000155.npz,sample_000155_prediction.npz,0.0036359664518386126,0.011318531818687916,0.3312933986475468,0.07021650087770626,0.13121924548933844,240,3418,14.241666666666667,82.30671644210815,1192.3729479591975,14.486945895817307,0.3429446518421173,0.4316521012534698,0.5053759813308716,70.0,110.0,40.0,60.0,100.0,340.0,440.0,0.00934420890676764,0.09666544836066111,0.05097134681628847,10.64636054835929,0.9884296418421173,0.5385885675943404,0.05097134681628847,0.08213483250425047,70.0,40.0,20.0,-50.0,50.0,240.0,130.0,130.0,220.0,180.0,180.0,130.0,70.0,70.0,170.0,70.0,70.0,335.0,425.0,15.811388300841896
E05,sample_000172,samples/sample_000172.npz,sample_000172_prediction.npz,0.004712663125246763,0.013240273110568523,0.23289068718888434,0.03753910323253389,0.07236180904522613,144,3836,26.63888888888889,66.12655019760132,1357.1822005268154,20.52401337240856,0.45921215415000916,0.43500359780672526,0.5563893914222717,60.0,80.0,20.0,90.0,80.0,445.0,390.0,0.01231399658229205,0.11096844858919155,0.05891390238993044,12.29200552605888,0.9700414283306827,0.5971368684516437,0.05891390238993044,0.09403801724558955,60.0,20.0,20.0,-40.0,40.0,240.0,160.0,160.0,220.0,200.0,200.0,160.0,70.0,70.0,140.0,60.0,60.0,430.0,390.0,15.0
E05,sample_000676,samples/sample_000676.npz,sample_000676_prediction.npz,0.0031828712671995163,0.010660388506948948,0.32641466793272916,0.05715952172645086,0.10813793103448276,196,3429,17.494897959183675,93.86811804771423,1126.3236477508783,11.999001057828337,0.47891896963119507,0.4393694946656422,0.4716240465641022,80.0,150.0,70.0,70.0,40.0,265.0,450.0,0.008546379062838973,0.09244662818534256,0.047599328304282026,10.928150093592645,0.9804562859226721,0.5269905705796715,0.047599328304282026,0.0792507602980574,80.0,70.0,20.0,-60.0,60.0,240.0,90.0,90.0,220.0,150.0,150.0,170.0,100.0,100.0,150.0,110.0,110.0,275.0,435.0,18.027756377319946
E05,sample_000167,samples/sample_000167.npz,sample_000167_prediction.npz,0.006223950069397688,0.017564771696925163,0.3374848736750344,0.07499026100506427,0.1395180286283747,385,5134,13.335064935064935,162.68452391028404,1878.5795925505954,11.547377386595048,0.42255720496177673,0.45895274974309,0.5366926789283752,80.0,150.0,70.0,50.0,110.0,445.0,445.0,0.02111003122126357,0.14529291524800364,0.07765246158055024,10.10879808055904,0.9879848045155365,0.7238407486258334,0.07765246158055024,0.12280116624749433,80.0,70.0,20.0,-60.0,60.0,240.0,90.0,90.0,220.0,150.0,150.0,220.0,170.0,170.0,220.0,110.0,110.0,460.0,450.0,15.811388300841896
E05,sample_000352,samples/sample_000352.npz,sample_000352_prediction.npz,0.009676373563706875,0.017220513895154,0.5309935765008615,0.20550077841203945,0.340938441670254,792,3854,4.866161616161616,481.7146625518799,2170.9289480828616,4.506669854270952,0.6082255840301514,0.6941563017440565,0.7594729065895081,40.0,120.0,80.0,90.0,110.0,345.0,285.0,0.02064667662409843,0.14368951466303456,0.0777813553506435,2.4036585309901324,0.9904778648682844,0.7501943168131402,0.0777813553506435,0.12081695818019651,40.0,80.0,20.0,-20.0,20.0,220.0,100.0,100.0,200.0,120.0,120.0,150.0,60.0,60.0,160.0,50.0,50.0,345.0,290.0,5.0
E05,sample_001467,samples/sample_001467.npz,sample_001467_prediction.npz,0.009630654938519001,0.021602489054203033,0.4081485731277573,0.09939652112176074,0.1808201485308363,560,5634,10.060714285714285,347.71613597869873,2436.927777906654,7.008382774781384,0.6209216713905334,0.5902078278362751,0.6181122064590454,70.0,150.0,80.0,50.0,140.0,355.0,200.0,0.029830410705765274,0.17271482480020434,0.09538878041582508,5.429845371011724,0.995989418618188,0.8132179742007951,0.09538878041582508,0.1439839965987428,70.0,80.0,20.0,-50.0,50.0,230.0,80.0,80.0,210.0,130.0,130.0,150.0,100.0,100.0,230.0,90.0,90.0,355.0,195.0,5.0
E05,sample_002010,samples/sample_002010.npz,sample_002010_prediction.npz,0.009500556625425816,0.02340804785490036,0.21394483201300699,0.028737598357851522,0.0558696375124709,168,5846,34.79761904761905,156.31246948242188,2318.539377790182,14.832721826142688,0.9304313659667969,0.5171043846224036,0.5857901573181152,80.0,100.0,20.0,60.0,140.0,170.0,470.0,0.031546080308712955,0.17761216261481913,0.09604965748470928,10.68812089795114,0.9687189161854332,0.8309963849589025,0.09604965748470928,0.1494006144759217,80.0,20.0,20.0,-60.0,60.0,240.0,140.0,140.0,220.0,200.0,200.0,170.0,110.0,110.0,210.0,70.0,70.0,195.0,455.0,29.154759474226502
E05,sample_002098,samples/sample_002098.npz,sample_002098_prediction.npz,0.01116820890456438,0.019548991695046425,0.49866365627153575,0.19712825504989048,0.32933523073795484,810,4109,5.07283950617284,470.3172558546066,2387.8180842966294,5.077036945960573,0.580638587474823,0.6782917557307232,0.7418308854103088,40.0,100.0,60.0,150.0,90.0,325.0,305.0,0.025421539226258925,0.15944133474811018,0.08819859233530356,2.590011797981832,0.9910957360962431,0.7960415249208326,0.08819859233530356,0.13282525187753214,40.0,60.0,0.0,-40.0,40.0,220.0,120.0,120.0,220.0,160.0,160.0,190.0,40.0,40.0,140.0,50.0,50.0,325.0,310.0,5.0
E05,sample_001451,samples/sample_001451.npz,sample_001451_prediction.npz,0.003996561747044325,0.008931595832109451,0.47323024142700415,0.18622327790973872,0.31397677212655184,392,2105,5.369897959183674,94.30146908760071,972.2489385853519,10.310008401695077,0.2405649721622467,0.5208391615626763,0.6483287215232849,20.0,90.0,70.0,80.0,70.0,390.0,335.0,0.0063970839685547325,0.07998177272700782,0.04090188307069632,4.633781265342055,0.9499896034744478,0.5017777989422749,0.04090188307069632,0.06873223355766797,20.0,70.0,20.0,0.0,0.0,230.0,140.0,140.0,210.0,140.0,140.0,130.0,50.0,50.0,100.0,30.0,30.0,375.0,330.0,15.811388300841896
E05,sample_000316,samples/sample_000316.npz,sample_000316_prediction.npz,0.0018724388210102916,0.005601156502962112,0.23547763406929006,0.05037783375314862,0.09592326139088729,80,1588,19.85,23.076975345611572,573.1031537149236,24.834413744949796,0.28846219182014465,0.3696559999138117,0.5697503089904785,20.0,60.0,40.0,50.0,40.0,475.0,350.0,0.0026865828794510153,0.05183225713251368,0.02537780129821957,8.891751901695192,0.852117526219692,0.37457674431718807,0.02537780129821957,0.045194580213993585,20.0,40.0,20.0,0.0,0.0,240.0,180.0,180.0,220.0,180.0,180.0,120.0,70.0,70.0,100.0,60.0,60.0,460.0,340.0,18.027756377319946
E05,sample_001723,samples/sample_001723.npz,sample_001723_prediction.npz,0.006148445885628462,0.012219869531691074,0.41512225916343815,0.13177159590043924,0.23285899094437257,360,2732,7.588888888888889,184.5861268043518,1381.006144196308,7.481635635922284,0.5127392411231995,0.5961453707681762,0.6749535799026489,30.0,90.0,60.0,50.0,120.0,255.0,300.0,0.010933030514338046,0.10456113290481338,0.05537250039976274,3.532258525142567,0.9647081858715338,0.6002347960333281,0.05537250039976274,0.08869564089523407,30.0,60.0,20.0,-10.0,10.0,230.0,140.0,140.0,210.0,150.0,150.0,120.0,70.0,70.0,160.0,40.0,40.0,260.0,300.0,5.0
E05,sample_001111,samples/sample_001111.npz,sample_001111_prediction.npz,0.010655100457370281,0.01874493807554245,0.37364520392480693,0.10366182014001077,0.18785069529153453,385,3714,9.646753246753248,306.5526646375656,2053.2715845923717,6.697940750310997,0.7962406873703003,0.6715869648115975,0.7252638339996338,40.0,90.0,50.0,70.0,110.0,375.0,255.0,0.02198732786565619,0.14828124583256033,0.0803651592175536,3.292945672835613,0.9714584047180681,0.7463847445465781,0.0803651592175536,0.12461448170093815,40.0,50.0,20.0,-20.0,20.0,230.0,140.0,140.0,210.0,160.0,160.0,130.0,60.0,60.0,160.0,50.0,50.0,365.0,260.0,11.180339887498949
E05,sample_000562,samples/sample_000562.npz,sample_000562_prediction.npz,0.009276255033910275,0.021674005314707756,0.19867851654676705,0.02960713607895236,0.05751152073732719,156,5269,33.77564102564103,97.30296850204468,2189.0213932553047,22.49696414153393,0.6237369775772095,0.49898332519791067,0.592332661151886,50.0,80.0,30.0,40.0,130.0,490.0,495.0,0.029739214605424127,0.17245061497548836,0.09158352363108309,12.294981618369288,0.9199195353065259,0.8210244148241648,0.09158352363108309,0.14612211606987827,50.0,30.0,20.0,-30.0,30.0,230.0,150.0,150.0,210.0,180.0,180.0,180.0,140.0,140.0,200.0,70.0,70.0,470.0,470.0,32.01562118716424
E05,sample_002168,samples/sample_002168.npz,sample_002168_prediction.npz,0.006719430908560753,0.013816296122968197,0.1751977427106419,0.030942334739803096,0.06002728512960437,88,2844,32.31818181818182,75.48128128051758,1368.9787266591852,18.136665189499524,0.8577418327331543,0.4901302314617417,0.6552354097366333,30.0,50.0,20.0,110.0,40.0,415.0,420.0,0.013301480598608778,0.11533204497713885,0.059721579561732976,6.995306508446458,0.8901793877039104,0.6689885822974159,0.059721579561732976,0.09866515865927737,30.0,20.0,20.0,-10.0,10.0,230.0,180.0,180.0,210.0,190.0,190.0,160.0,50.0,50.0,120.0,80.0,80.0,400.0,410.0,18.027756377319946
E05,sample_001196,samples/sample_001196.npz,sample_001196_prediction.npz,0.00845241267234087,0.018092986196279526,0.18439235620654723,0.02262443438914027,0.04424778761061947,90,3978,44.2,88.26255083084106,1793.3209979910366,20.318028213664622,0.9806950092315674,0.5720582448773914,0.6187272071838379,50.0,80.0,30.0,60.0,50.0,110.0,525.0,0.02188277441208606,0.14792827455252108,0.0733233684213525,10.9039891134617,0.876251657286479,0.802001993853434,0.0733233684213525,0.12847746127407975,50.0,30.0,20.0,-30.0,30.0,240.0,160.0,160.0,220.0,190.0,190.0,160.0,100.0,100.0,160.0,110.0,110.0,140.0,500.0,39.05124837953327
E05,sample_001899,samples/sample_001899.npz,sample_001899_prediction.npz,0.006975409109145403,0.02012372575700283,0.3363071225046783,0.07606190319394139,0.14137086903304774,462,6074,13.147186147186147,150.69104826450348,2128.4801035716014,14.12479459188275,0.3261711001396179,0.4415312749353838,0.5083115100860596,80.0,110.0,30.0,110.0,140.0,165.0,350.0,0.02671444843192192,0.16344555188784404,0.08936272129487609,10.932176222473235,0.9901492239452889,0.7698017508171917,0.08936272129487609,0.13685303239130736,80.0,30.0,20.0,-60.0,60.0,240.0,130.0,130.0,220.0,190.0,190.0,200.0,90.0,90.0,190.0,50.0,50.0,180.0,355.0,15.811388300841896
E05,sample_000775,samples/sample_000775.npz,sample_000775_prediction.npz,0.007703620940446854,0.01905656047165394,0.46370083840909554,0.12663237039968342,0.2247980330172111,640,5054,7.896875,211.01202011108398,2084.3481836543033,9.877864694897621,0.3297062814235687,0.5635923199355602,0.6028544902801514,60.0,140.0,80.0,160.0,50.0,440.0,325.0,0.02352653662863806,0.1533836256861796,0.08527844457926488,7.356824759058608,0.9946294157290411,0.72072949666373,0.08527844457926488,0.1274916605852293,60.0,80.0,20.0,-40.0,40.0,230.0,90.0,90.0,210.0,130.0,130.0,240.0,80.0,80.0,130.0,80.0,80.0,440.0,325.0,0.0
E05,sample_001971,samples/sample_001971.npz,sample_001971_prediction.npz,0.010048597119748592,0.021159837022423744,0.22471506377560133,0.034957395674022285,0.06755330377876292,160,4577,28.60625,147.76297569274902,2116.683759355245,14.324858777591023,0.9235185980796814,0.5760938407853246,0.6226345300674438,50.0,70.0,20.0,160.0,50.0,240.0,195.0,0.025854942000376007,0.16079472006373843,0.08900403229011673,7.409946031885931,0.9574517712988198,0.7680426199554484,0.08900403229011673,0.13391498884171205,50.0,20.0,20.0,-30.0,30.0,240.0,170.0,170.0,220.0,200.0,200.0,210.0,50.0,50.0,130.0,80.0,80.0,245.0,205.0,11.180339887498949
E05,sample_002064,samples/sample_002064.npz,sample_002064_prediction.npz,0.017033221200108528,0.033225566148757935,0.36864625245953,0.10203268234356318,0.18517179023508137,768,7527,9.80078125,498.9137878417969,3691.3232508786377,7.398719660257492,0.6496273279190063,0.6015827395409966,0.6483989357948303,80.0,120.0,40.0,160.0,120.0,170.0,440.0,0.06384616768530223,0.25267799208736447,0.14223823118293258,5.424929195972006,0.9821991185707601,1.0743309638389924,0.14223823118293258,0.20884073662782568,80.0,40.0,20.0,-60.0,60.0,230.0,110.0,110.0,210.0,170.0,170.0,240.0,80.0,80.0,190.0,70.0,70.0,190.0,425.0,25.0
E05,sample_001548,samples/sample_001548.npz,sample_001548_prediction.npz,0.011303100734949112,0.02092912793159485,0.3548896018467471,0.09006140550375256,0.1652409764239516,396,4397,11.103535353535353,281.8826107978821,2286.5149815999694,8.111585794979975,0.7118247747421265,0.6451775759759576,0.6864551305770874,50.0,90.0,40.0,90.0,110.0,455.0,335.0,0.028374422074554435,0.16844708983700027,0.09115147630125801,4.4493960800299766,0.9704404837180646,0.8523884688398489,0.09115147630125801,0.14165391079195674,50.0,40.0,10.0,-40.0,40.0,220.0,130.0,130.0,210.0,170.0,170.0,170.0,80.0,80.0,160.0,50.0,50.0,435.0,330.0,20.615528128088304
E05,sample_000381,samples/sample_000381.npz,sample_000381_prediction.npz,0.011638030409812927,0.023387469351291656,0.32741755021105917,0.11591962905718702,0.2077562326869806,600,5176,8.626666666666667,171.90202474594116,2470.055628500832,14.368973443747372,0.2865033745765686,0.48676969928046065,0.6336391568183899,30.0,70.0,40.0,100.0,150.0,440.0,425.0,0.035129838727568106,0.18742955670749506,0.10389776253393375,6.682262771684465,0.9370912038032383,0.855707452864805,0.10389776253393375,0.15599709506273002,30.0,40.0,0.0,-30.0,30.0,230.0,160.0,160.0,230.0,190.0,190.0,160.0,60.0,60.0,190.0,40.0,40.0,430.0,415.0,14.142135623730951
E05,sample_000114,samples/sample_000114.npz,sample_000114_prediction.npz,0.01818123832345009,0.03613058477640152,0.28626820271910575,0.059940059940059943,0.11310084825636192,480,8008,16.683333333333334,322.79139518737793,3797.84884125112,11.765644617157461,0.6724820733070374,0.5925616246337692,0.6519507765769958,80.0,100.0,20.0,150.0,160.0,485.0,350.0,0.07415738994067754,0.27231854498119945,0.15548097663190524,8.49923286228855,0.9917261099074361,1.1249938170323375,0.15548097663190524,0.2235689062599414,80.0,20.0,20.0,-60.0,60.0,240.0,140.0,140.0,220.0,200.0,200.0,210.0,60.0,60.0,220.0,60.0,60.0,465.0,350.0,20.0
E05,sample_000761,samples/sample_000761.npz,sample_000761_prediction.npz,0.009787401184439659,0.019919423386454582,0.265493784261747,0.04681155958920468,0.08943645904631531,196,4187,21.362244897959183,195.83123445510864,2000.8985655397373,10.217463884692068,0.9991389513015747,0.6085984828520794,0.6478534936904907,50.0,120.0,70.0,70.0,40.0,155.0,200.0,0.024300934777976766,0.15588757095412312,0.08091949574779629,6.4807981331465445,0.9532041523539969,0.8464041011574969,0.08091949574779629,0.13324027163699098,50.0,70.0,0.0,-50.0,50.0,230.0,110.0,110.0,230.0,160.0,160.0,180.0,110.0,110.0,140.0,100.0,100.0,180.0,210.0,26.92582403567252
E05,sample_001580,samples/sample_001580.npz,sample_001580_prediction.npz,0.01976427249610424,0.03158503398299217,0.33477476451029997,0.08518189884649512,0.15699100572363042,480,5635,11.739583333333334,401.34976387023926,3403.32970572185,8.479710247997513,0.8361453413963318,0.7289005115628242,0.7649484872817993,40.0,120.0,80.0,120.0,50.0,500.0,525.0,0.06434758670603276,0.2536682611325918,0.13096055114197594,5.0124410077552,0.9188363037958829,1.2013380871763282,0.13096055114197594,0.21724852301137207,40.0,80.0,10.0,-30.0,30.0,220.0,100.0,100.0,210.0,130.0,130.0,220.0,100.0,100.0,180.0,130.0,130.0,470.0,490.0,46.09772228646444
E05,sample_001591,samples/sample_001591.npz,sample_001591_prediction.npz,0.00955087598413229,0.022362010553479195,0.5686092046764654,0.23040670274044336,0.37452120868208255,1320,5729,4.340151515151515,381.7951512336731,2579.9606564532305,6.757447411568087,0.28923875093460083,0.562563012043635,0.6117141842842102,70.0,150.0,80.0,110.0,150.0,395.0,325.0,0.03297848121856249,0.18159978309062622,0.10129433947043733,5.355348399288708,0.9969866034446564,0.8650022967442086,0.10129433947043733,0.1507247093538757,70.0,80.0,20.0,-50.0,50.0,230.0,80.0,80.0,210.0,130.0,130.0,180.0,70.0,70.0,180.0,30.0,30.0,390.0,330.0,7.0710678118654755
E05,sample_000709,samples/sample_000709.npz,sample_000709_prediction.npz,0.009231890551745892,0.021102597936987877,0.24167716103628284,0.03624647603705195,0.06995724834823164,180,4966,27.58888888888889,170.6106162071228,2105.005153327607,12.338066646287192,0.9478367567062378,0.5587388300233417,0.5925000309944153,80.0,110.0,30.0,120.0,50.0,480.0,315.0,0.02523131444235774,0.15884367926473417,0.08682946414508011,9.002486001236367,0.9911038836893385,0.757895799774349,0.08682946414508011,0.1330111220862225,80.0,30.0,20.0,-60.0,60.0,230.0,120.0,120.0,210.0,180.0,180.0,210.0,90.0,90.0,150.0,100.0,100.0,465.0,315.0,15.0
E05,sample_000703,samples/sample_000703.npz,sample_000703_prediction.npz,0.011651527136564255,0.021732674911618233,0.3917116636525442,0.11646136618141098,0.2086258776328987,520,4465,8.586538461538462,243.65123629570007,2380.0603293050676,9.768308035246651,0.4685600697994232,0.6382583567156241,0.704460859298706,30.0,110.0,80.0,130.0,50.0,465.0,415.0,0.033108413820900955,0.18195717578842818,0.09675786086174157,5.261233271125078,0.9536011782496905,0.8954492285534414,0.09675786086174157,0.15409844315359197,30.0,80.0,0.0,-30.0,30.0,220.0,110.0,110.0,220.0,140.0,140.0,210.0,80.0,80.0,150.0,100.0,100.0,455.0,405.0,14.142135623730951
E05,sample_001400,samples/sample_001400.npz,sample_001400_prediction.npz,0.009023808874189854,0.01766054704785347,0.2252395454013707,0.06373452725836186,0.11983164149541965,242,3797,15.690082644628099,134.1245481967926,1819.9664352875761,13.569226959238309,0.5542336702346802,0.4524469455042161,0.6636106967926025,30.0,50.0,20.0,110.0,110.0,425.0,365.0,0.02051113971192725,0.1432171069108968,0.07753547849552236,5.470327915648688,0.9238115357524836,0.7329379544277841,0.07753547849552236,0.120413409911013,30.0,20.0,10.0,-20.0,20.0,230.0,180.0,180.0,220.0,200.0,200.0,150.0,40.0,40.0,150.0,40.0,40.0,405.0,355.0,22.360679774997898
E05,sample_001887,samples/sample_001887.npz,sample_001887_prediction.npz,0.006837379653006792,0.013495557010173798,0.3690331411733015,0.10230179028132992,0.18561484918793503,320,3128,9.775,185.7793426513672,1492.7065956225774,8.034836243466449,0.5805604457855225,0.5822079264558851,0.7298476696014404,20.0,70.0,50.0,40.0,160.0,380.0,240.0,0.012725846749270705,0.11280889481450788,0.06055882540138793,3.1949741604754065,0.9333539150783692,0.598185148515112,0.06055882540138793,0.09517602332139602,20.0,50.0,20.0,0.0,0.0,230.0,160.0,160.0,210.0,160.0,160.0,100.0,60.0,60.0,210.0,50.0,50.0,370.0,245.0,11.180339887498949
E05,sample_001331,samples/sample_001331.npz,sample_001331_prediction.npz,0.0020282589830458164,0.00635986914858222,0.17951298423667386,0.0580168776371308,0.10967098703888335,110,1896,17.236363636363638,28.615364134311676,649.0486340261592,22.681823337271737,0.26013967394828796,0.24969694790515032,0.5755286812782288,20.0,40.0,20.0,50.0,110.0,375.0,195.0,0.0031424934642081803,0.0560579473777642,0.028600663997505313,7.426450450429791,0.8737935514231411,0.3438074435399821,0.028600663997505313,0.04821302192468321,20.0,20.0,20.0,0.0,0.0,240.0,200.0,200.0,220.0,200.0,200.0,100.0,50.0,50.0,160.0,50.0,50.0,370.0,210.0,15.811388300841896
E05,sample_001596,samples/sample_001596.npz,sample_001596_prediction.npz,0.009899250231683254,0.021890951320528984,0.27726865114843985,0.049910873440285206,0.09507640067911714,252,5049,20.035714285714285,230.43040251731873,2207.2523665430995,9.578824419131093,0.9144063591957092,0.5668948001804806,0.6010028123855591,80.0,100.0,20.0,140.0,90.0,390.0,355.0,0.026322640365652936,0.16224253562383983,0.09070937154629423,6.7077226932012,0.9956420508502813,0.7826943248503339,0.09070937154629423,0.1345156135150462,80.0,20.0,20.0,-60.0,60.0,230.0,130.0,130.0,210.0,190.0,190.0,200.0,60.0,60.0,150.0,60.0,60.0,390.0,355.0,0.0
E05,sample_002009,samples/sample_002009.npz,sample_002009_prediction.npz,0.0071642459370195866,0.02029278874397278,0.3729918731920258,0.10121590535655603,0.18382572366457775,616,6086,9.87987012987013,175.44790244102478,2170.188427634934,12.369417915180966,0.28481802344322205,0.43479468963749995,0.5387393236160278,80.0,120.0,40.0,140.0,110.0,360.0,135.0,0.026998024353354137,0.16431075544027585,0.08905580330788021,9.848753391134498,0.9849478850299894,0.77837149691348,0.08905580330788021,0.138083627742547,80.0,40.0,20.0,-60.0,60.0,240.0,120.0,120.0,220.0,180.0,180.0,240.0,100.0,100.0,180.0,70.0,70.0,370.0,160.0,26.92582403567252
E05,sample_002116,samples/sample_002116.npz,sample_002116_prediction.npz,0.018419582396745682,0.029809491708874702,0.3996264745671359,0.12720045428733673,0.2256926952141058,672,5283,7.861607142857143,638.236249923706,3264.7788163300966,5.115313987133078,0.9497563242912292,0.7236775801117931,0.7906911373138428,40.0,110.0,70.0,60.0,160.0,190.0,340.0,0.04630738081022094,0.21519149799706525,0.1193730537264657,2.668913777230112,0.9665030749492662,1.0297842640765702,0.1193730537264657,0.1790459573803309,40.0,70.0,20.0,-20.0,20.0,220.0,110.0,110.0,200.0,130.0,130.0,150.0,90.0,90.0,210.0,50.0,50.0,205.0,345.0,15.811388300841896
E05,sample_000238,samples/sample_000238.npz,sample_000238_prediction.npz,0.023047281429171562,0.03626216575503349,0.4767620857172449,0.18778817940477854,0.31619809434184215,1344,7157,5.325148809523809,988.6517601013184,4473.373288255765,4.524720906578195,0.7356039881706238,0.7250796732537094,0.8098350763320923,50.0,120.0,70.0,160.0,120.0,350.0,150.0,0.07663081845495756,0.27682272026507787,0.15578831164051896,2.577393803042669,0.9732155304477093,1.2305407613631785,0.15578831164051896,0.22882486842813676,50.0,70.0,10.0,-40.0,40.0,220.0,100.0,100.0,210.0,140.0,140.0,230.0,70.0,70.0,200.0,80.0,80.0,345.0,170.0,20.615528128088304
E05,sample_000737,samples/sample_000737.npz,sample_000737_prediction.npz,0.005446774419397116,0.01438396330922842,0.2675145376399697,0.06109979633401222,0.11516314779270634,240,3928,16.366666666666667,93.02326440811157,1499.3028149152135,16.11750377128751,0.3875969350337982,0.42154096327722074,0.5914629697799683,40.0,70.0,30.0,50.0,160.0,375.0,160.0,0.013551974149034625,0.11641294665557875,0.0630738799496754,7.928654301362143,0.9460694105804033,0.5746471331940203,0.0630738799496754,0.09784508069968852,40.0,30.0,20.0,-20.0,20.0,240.0,170.0,170.0,220.0,190.0,190.0,130.0,80.0,80.0,210.0,50.0,50.0,365.0,175.0,18.027756377319946
E05,sample_000271,samples/sample_000271.npz,sample_000271_prediction.npz,0.011495664715766907,0.024887435138225555,0.3144863825272516,0.06810156381368758,0.12751889168765743,405,5947,14.683950617283951,286.7427536845207,2615.2442685486776,9.120524354822978,0.7080067992210388,0.5622871429096034,0.6074667572975159,80.0,110.0,30.0,90.0,150.0,365.0,435.0,0.03621993054821595,0.19031534501509842,0.1062546280668215,6.657836874493629,0.9906701588645772,0.8811008610553102,0.1062546280668215,0.15789200284560764,80.0,30.0,20.0,-60.0,60.0,230.0,120.0,120.0,210.0,180.0,180.0,160.0,70.0,70.0,210.0,60.0,60.0,360.0,425.0,11.180339887498949
E05,sample_001280,samples/sample_001280.npz,sample_001280_prediction.npz,0.006431201007217169,0.014843545854091644,0.1563400974333257,0.056451612903225805,0.10687022900763359,210,3720,17.714285714285715,63.227905333042145,1505.7774442459088,23.81507716117566,0.3010852634906769,0.28498927216444697,0.6169984936714172,20.0,40.0,20.0,70.0,150.0,415.0,485.0,0.01498657500777374,0.12241966756928292,0.0649330840067171,8.367511008112139,0.8663062461995078,0.6273608145536652,0.0649330840067171,0.10377990946782695,20.0,20.0,20.0,0.0,0.0,240.0,200.0,200.0,220.0,200.0,200.0,120.0,50.0,50.0,210.0,60.0,60.0,400.0,465.0,25.0
E05,sample_000473,samples/sample_000473.npz,sample_000473_prediction.npz,0.018248645588755608,0.03354678303003311,0.40158754794661755,0.1268141468226011,0.22508440665249468,900,7097,7.885555555555555,463.0685806274414,3751.9259752582975,8.102311692524186,0.5145206451416016,0.6340185552835464,0.6923180818557739,50.0,90.0,40.0,150.0,150.0,445.0,245.0,0.0668553341429202,0.25856398462067415,0.14816998984654586,4.587731982927963,0.979206241501806,1.0944273018607782,0.14816998984654586,0.21189853291562616,50.0,40.0,0.0,-50.0,50.0,220.0,130.0,130.0,220.0,180.0,180.0,200.0,50.0,50.0,190.0,40.0,40.0,430.0,255.0,18.027756377319946
E05,sample_001502,samples/sample_001502.npz,sample_001502_prediction.npz,0.0038889299612492323,0.013113804161548615,0.3156727353230483,0.059574468085106386,0.11244979919678715,252,4230,16.785714285714285,71.70944917201996,1360.8488119117537,18.977259309959088,0.28456130623817444,0.4121133918090472,0.46259939670562744,70.0,140.0,70.0,60.0,60.0,160.0,450.0,0.012608826887304556,0.11228903280064602,0.0579349912835174,15.886128467444134,0.9739789026125423,0.5961861724674017,0.0579349912835174,0.09618920767052466,70.0,70.0,20.0,-50.0,50.0,240.0,100.0,100.0,220.0,150.0,150.0,170.0,110.0,110.0,160.0,100.0,100.0,175.0,430.0,25.0
E05,sample_000960,samples/sample_000960.npz,sample_000960_prediction.npz,0.010830376297235489,0.02573947049677372,0.2912128345005282,0.05930656934306569,0.1119724375538329,390,6576,16.861538461538462,203.0231523513794,2708.645347480305,13.341558911430733,0.5205721855163574,0.5141247078394279,0.5887930393218994,70.0,90.0,20.0,130.0,150.0,165.0,265.0,0.04042067458317978,0.201048935792209,0.11231400155074284,8.8884313811688,0.9854524241833954,0.8986626669672522,0.11231400155074284,0.16675203038895664,70.0,20.0,20.0,-50.0,50.0,240.0,150.0,150.0,220.0,200.0,200.0,210.0,80.0,80.0,190.0,40.0,40.0,175.0,265.0,10.0
E05,sample_001604,samples/sample_001604.npz,sample_001604_prediction.npz,0.008078091777861118,0.018839968368411064,0.3460829211579761,0.06695961498221385,0.12551480682486763,320,4779,14.934375,209.39214706420898,2018.6643259951052,9.64059232544233,0.6543504595756531,0.5875193182379007,0.6033526659011841,70.0,150.0,80.0,50.0,80.0,265.0,500.0,0.02364063220714215,0.15375510465393386,0.08134907218206296,7.7889230669909075,0.9842882357260261,0.771296019252214,0.08134907218206296,0.13047206851376142,70.0,80.0,20.0,-50.0,50.0,240.0,90.0,90.0,220.0,140.0,140.0,160.0,110.0,110.0,170.0,90.0,90.0,270.0,485.0,15.811388300841896
E05,sample_001049,samples/sample_001049.npz,sample_001049_prediction.npz,0.00852688867598772,0.020278260111808777,0.43471819000598144,0.12622720897615708,0.22415940224159403,630,4991,7.9222222222222225,164.42838996648788,2157.8625574020652,13.123418394121957,0.2609974443912506,0.5479014213123019,0.5982376337051392,50.0,110.0,60.0,70.0,150.0,215.0,405.0,0.027117758923409223,0.16467470638628515,0.09071626853095885,8.4316884257292,0.9799557502406646,0.7855674649403056,0.09071626853095885,0.13743477561093548,50.0,60.0,20.0,-30.0,30.0,240.0,130.0,130.0,220.0,160.0,160.0,160.0,90.0,90.0,200.0,50.0,50.0,230.0,400.0,15.811388300841896
E05,sample_001954,samples/sample_001954.npz,sample_001954_prediction.npz,0.004740378353744745,0.015201098285615444,0.21433604155800123,0.02920317062995411,0.05674908796108634,140,4794,34.24285714285714,69.94698226451874,1537.9073352389728,21.986757476156203,0.49962130188941956,0.4054476982780865,0.49505048990249634,80.0,100.0,20.0,100.0,70.0,400.0,495.0,0.016062178686389886,0.12673665091988934,0.06625675611741168,16.644906823369684,0.9807915465855807,0.6463034532569473,0.06625675611741168,0.1080380532737781,80.0,20.0,10.0,-70.0,70.0,240.0,140.0,140.0,230.0,210.0,210.0,180.0,80.0,80.0,160.0,90.0,90.0,390.0,480.0,18.027756377319946
E05,sample_001051,samples/sample_001051.npz,sample_001051_prediction.npz,0.012428480200469494,0.02326960675418377,0.2722442872790365,0.05732899022801303,0.10844115834873691,264,4605,17.443181818181817,169.32887077331543,2442.3611030011252,14.423772460342997,0.64139723777771,0.6193299198692496,0.6766809225082397,40.0,80.0,40.0,110.0,60.0,165.0,520.0,0.03755827727797992,0.19379958018009202,0.09969505818541191,7.288028419201909,0.9083455948490494,0.9703081099591262,0.09969505818541191,0.16619017014067725,40.0,40.0,0.0,-40.0,40.0,230.0,150.0,150.0,230.0,190.0,190.0,200.0,90.0,90.0,150.0,90.0,90.0,180.0,495.0,29.154759474226502
E05,sample_000519,samples/sample_000519.npz,sample_000519_prediction.npz,0.013601909391582012,0.02845888026058674,0.48688164968563713,0.16941176470588235,0.289738430583501,1152,6800,5.902777777777778,485.49850845336914,3281.5751239093784,6.759186829148756,0.42143967747688293,0.605797786420832,0.6481468677520752,70.0,130.0,60.0,160.0,120.0,190.0,260.0,0.05035457320386602,0.22439824688233645,0.126636900055201,4.903546171192248,0.9904691608550682,0.9899463371395767,0.126636900055201,0.18525028676975117,70.0,60.0,20.0,-50.0,50.0,230.0,100.0,100.0,210.0,150.0,150.0,230.0,70.0,70.0,190.0,70.0,70.0,205.0,265.0,15.811388300841896
E05,sample_002133,samples/sample_002133.npz,sample_002133_prediction.npz,0.005597012583166361,0.011633899994194508,0.3916154202591845,0.13284132841328414,0.23452768729641693,360,2710,7.527777777777778,119.72476601600647,1263.1918595619063,10.550798315137449,0.33256879448890686,0.525871501945787,0.6687689423561096,20.0,80.0,60.0,120.0,50.0,250.0,245.0,0.010252594082948242,0.10125509410863358,0.05292923170009822,4.499716342430073,0.9382084848636048,0.5878427165941481,0.05292923170009822,0.08631969945838297,20.0,60.0,0.0,-20.0,20.0,230.0,150.0,150.0,230.0,170.0,170.0,170.0,50.0,50.0,100.0,50.0,50.0,255.0,250.0,7.0710678118654755
E05,sample_000492,samples/sample_000492.npz,sample_000492_prediction.npz,0.004268874879926443,0.01149406936019659,0.3487007150598468,0.1087378640776699,0.19614711033274956,336,3090,9.196428571428571,69.23460531234741,1199.0232689964212,17.318265390365205,0.20605537295341492,0.4142031268704505,0.5855210423469543,30.0,90.0,60.0,40.0,140.0,390.0,410.0,0.00948302270415263,0.09738081281316474,0.05199866265428165,8.94236185696433,0.9490797216101402,0.5338635750176578,0.05199866265428165,0.08233566533598209,30.0,60.0,20.0,-10.0,10.0,240.0,150.0,150.0,220.0,160.0,160.0,110.0,70.0,70.0,180.0,40.0,40.0,375.0,400.0,18.027756377319946
E05,sample_000901,samples/sample_000901.npz,sample_000901_prediction.npz,0.014476049691438675,0.02803480438888073,0.31563963451852667,0.06845798391237377,0.12814352074323243,400,5843,14.6075,387.03465461730957,2872.3566457459583,7.421445628909056,0.9675866365432739,0.6293222393095493,0.6685169339179993,70.0,110.0,40.0,100.0,100.0,200.0,200.0,0.04212896783970553,0.20525342345428865,0.1122011511916092,4.914604947810686,0.9776562052731522,0.9442269236860612,0.1122011511916092,0.1718716658177932,70.0,40.0,0.0,-70.0,70.0,230.0,120.0,120.0,230.0,190.0,190.0,190.0,90.0,90.0,180.0,80.0,80.0,215.0,210.0,18.027756377319946
E05,sample_000728,samples/sample_000728.npz,sample_000728_prediction.npz,0.005800438579171896,0.015072486363351345,0.3418341751523235,0.06872852233676977,0.12861736334405144,280,4074,14.55,104.24670338630676,1585.7260514751292,15.211282467119444,0.3723096549510956,0.5218628989798683,0.5912011861801147,60.0,100.0,40.0,70.0,100.0,335.0,470.0,0.01589900129230835,0.1260912419334045,0.0673051950004014,9.88993072801758,0.9794613795659123,0.6573619225656991,0.0673051950004014,0.10662556925178074,60.0,40.0,20.0,-40.0,40.0,240.0,140.0,140.0,220.0,180.0,180.0,140.0,70.0,70.0,190.0,90.0,90.0,330.0,455.0,15.811388300841896
E05,sample_000044,samples/sample_000044.npz,sample_000044_prediction.npz,0.012578415684401989,0.024853184819221497,0.43284831073723434,0.12642830814596387,0.2244764397905759,686,5426,7.909620991253644,557.6774952411652,2778.9863998359383,4.983142449802781,0.8129409551620483,0.651236555232251,0.6794488430023193,70.0,140.0,70.0,70.0,140.0,275.0,260.0,0.03474696942779765,0.18640539001809375,0.1026479722578795,3.5407257337520925,0.9964538930107969,0.8868788674648516,0.1026479722578795,0.15559679694371362,70.0,70.0,10.0,-60.0,60.0,220.0,80.0,80.0,210.0,140.0,140.0,170.0,100.0,100.0,190.0,50.0,50.0,275.0,265.0,5.0
E05,sample_000653,samples/sample_000653.npz,sample_000653_prediction.npz,0.0053749047219753265,0.012882954441010952,0.16993149194864296,0.09289127837514935,0.16999180103853512,312,3347,10.727564102564102,65.11785006523132,1326.804136952398,20.37542909698772,0.20871105790138245,0.2340739488076323,0.5884847640991211,20.0,40.0,20.0,120.0,130.0,300.0,235.0,0.011451457137953423,0.10701148133706692,0.058056441370439985,7.60558625317788,0.9376110738739962,0.5757051070248815,0.058056441370439985,0.08989386382481336,20.0,20.0,20.0,0.0,0.0,240.0,200.0,200.0,220.0,200.0,200.0,130.0,10.0,10.0,150.0,20.0,20.0,305.0,245.0,11.180339887498949
E05,sample_001330,samples/sample_001330.npz,sample_001330_prediction.npz,0.017313214018940926,0.030421866104006767,0.5251046298808163,0.2057356608478803,0.34126163391933817,1320,6416,4.86060606060606,743.6322569847107,3734.223379740716,5.021599513289393,0.5633577704429626,0.7111502222039483,0.7557417750358582,50.0,130.0,80.0,150.0,110.0,365.0,405.0,0.06000209844150901,0.24495325766665976,0.137341797518518,3.1027766454862333,0.9943363178690948,1.0969577890255984,0.137341797518518,0.20282832419534358,50.0,80.0,20.0,-30.0,30.0,220.0,90.0,90.0,200.0,120.0,120.0,210.0,60.0,60.0,180.0,70.0,70.0,365.0,400.0,5.0
E05,sample_000517,samples/sample_000517.npz,sample_000517_prediction.npz,0.00650407187640667,0.015323975123465061,0.25092853110926067,0.042286609240407204,0.0811419984973704,162,3831,23.64814814814815,96.17286157608032,1579.0482992332784,16.418855312775804,0.5936596393585205,0.5210287523122481,0.5990017056465149,50.0,70.0,20.0,90.0,90.0,235.0,195.0,0.015670765312366292,0.1251829273997309,0.06719015577905775,8.45089463492814,0.9539152829040153,0.6491100580410574,0.06719015577905775,0.10562314272332671,50.0,20.0,20.0,-30.0,30.0,230.0,160.0,160.0,210.0,190.0,190.0,160.0,70.0,70.0,150.0,60.0,60.0,240.0,205.0,11.180339887498949
E05,sample_001265,samples/sample_001265.npz,sample_001265_prediction.npz,0.020602582022547722,0.03529326245188713,0.422563200114572,0.13941908713692946,0.24471959213401312,1008,7230,7.1726190476190474,680.8959245681763,4126.359174154751,6.060190735862731,0.675491988658905,0.6793862997539459,0.7310782670974731,60.0,120.0,60.0,120.0,140.0,180.0,480.0,0.0775778526436111,0.27852801051889037,0.15305241850676488,3.9137862546906237,0.9712457263507808,1.2032217329192583,0.15305241850676488,0.2327075629042623,60.0,60.0,10.0,-50.0,50.0,220.0,100.0,100.0,210.0,150.0,150.0,200.0,80.0,80.0,210.0,70.0,70.0,200.0,465.0,25.0
E05,sample_001292,samples/sample_001292.npz,sample_001292_prediction.npz,0.008052720688283443,0.015866970643401146,0.38681667840824085,0.12048192771084337,0.21505376344086022,400,3320,8.3,147.53621816635132,1707.3230585566637,11.572230058327834,0.3688405454158783,0.5905239154398442,0.6786655187606812,30.0,80.0,50.0,100.0,80.0,360.0,420.0,0.01877305998247306,0.13701481665306514,0.07216848464690158,5.478633096635273,0.9526919104149921,0.7329495495671382,0.07216848464690158,0.11646789173949612,30.0,50.0,10.0,-20.0,20.0,220.0,140.0,140.0,210.0,160.0,160.0,150.0,50.0,50.0,150.0,70.0,70.0,355.0,405.0,15.811388300841896
E05,sample_001298,samples/sample_001298.npz,sample_001298_prediction.npz,0.007217293605208397,0.017434563487768173,0.25936649831405584,0.044444444444444446,0.0851063829787234,196,4410,22.5,110.08473920822144,1805.6203160684634,16.402094686832076,0.5616568326950073,0.5179118431952535,0.5964741706848145,50.0,70.0,20.0,70.0,140.0,235.0,210.0,0.019813161164739558,0.1407592311883649,0.07691971066248485,8.629633299476016,0.9627539712128946,0.6910511546502015,0.07691971066248485,0.11788349874490144,50.0,20.0,20.0,-30.0,30.0,240.0,170.0,170.0,220.0,200.0,200.0,150.0,80.0,80.0,200.0,60.0,60.0,245.0,210.0,10.0
E05,sample_001513,samples/sample_001513.npz,sample_001513_prediction.npz,0.007771829608827829,0.01917710155248642,0.3118457493779501,0.05924170616113744,0.11185682326621924,300,5064,16.88,185.75980067253113,2017.703799461528,10.861896880576767,0.6191993355751038,0.5304629610478878,0.5901679992675781,80.0,130.0,50.0,50.0,120.0,355.0,490.0,0.02383109615335824,0.15437323651902307,0.08262899203304365,8.757625820946544,0.9873261314037777,0.7644547645622793,0.08262899203304365,0.13039764502843387,80.0,50.0,20.0,-60.0,60.0,240.0,110.0,110.0,220.0,170.0,170.0,160.0,110.0,110.0,190.0,70.0,70.0,340.0,475.0,21.213203435596427
E05,sample_000392,samples/sample_000392.npz,sample_000392_prediction.npz,0.008410974405705929,0.016785314306616783,0.278204154547693,0.050761421319796954,0.0966183574879227,180,3546,19.7,178.24459075927734,1694.376013230134,9.505904252199274,0.9902477264404297,0.6182141794098748,0.6492930054664612,50.0,90.0,40.0,50.0,90.0,175.0,355.0,0.017506146833472454,0.1323107963602081,0.06915753509682154,5.261451040109723,0.9575590972235849,0.7383655405066402,0.06915753509682154,0.11279797060587725,50.0,40.0,0.0,-50.0,50.0,230.0,140.0,140.0,230.0,190.0,190.0,150.0,100.0,100.0,140.0,50.0,50.0,195.0,350.0,20.615528128088304
E05,sample_001800,samples/sample_001800.npz,sample_001800_prediction.npz,0.011846368201076984,0.02064288966357708,0.3400995543588693,0.09923664122137404,0.18055555555555555,390,3930,10.076923076923077,191.56806975603104,2220.0416263012044,11.58878736486988,0.49120017886161804,0.6333994075273857,0.7259405255317688,20.0,70.0,50.0,60.0,130.0,210.0,405.0,0.03103168464237584,0.17615812397495564,0.09349156252317217,4.719462893686458,0.9176778149477239,0.8652818305718397,0.09349156252317217,0.14930174941825575,20.0,50.0,20.0,0.0,0.0,230.0,160.0,160.0,210.0,160.0,160.0,140.0,80.0,80.0,190.0,60.0,60.0,220.0,395.0,14.142135623730951
E05,sample_002073,samples/sample_002073.npz,sample_002073_prediction.npz,0.004038022365421057,0.015030808746814728,0.31440282279243875,0.07185516983949235,0.13407626675953335,385,5358,13.916883116883117,95.07418975234032,1572.662787465523,16.54142719030441,0.24694594740867615,0.34106091678916634,0.4512723982334137,80.0,130.0,50.0,70.0,110.0,395.0,165.0,0.016144666360589303,0.127061663614913,0.06709229386699894,14.091424612300461,0.9961711095664566,0.6176909137519163,0.06709229386699894,0.10790407992403978,80.0,50.0,20.0,-60.0,60.0,240.0,110.0,110.0,220.0,170.0,170.0,200.0,130.0,130.0,190.0,80.0,80.0,400.0,175.0,11.180339887498949
E05,sample_000911,samples/sample_000911.npz,sample_000911_prediction.npz,0.008484303019940853,0.0173769760876894,0.3995380099677276,0.1465771812080537,0.25567782720674315,546,3725,6.822344322344322,161.15512830018997,1869.183959516486,11.598662600638336,0.29515591263771057,0.5373593236664276,0.6456853151321411,30.0,90.0,60.0,70.0,130.0,465.0,325.0,0.02136371679289936,0.14616332232437576,0.07782686151511745,5.845659463504337,0.9444656490242366,0.7707240545244208,0.07782686151511745,0.12372023447927218,30.0,60.0,0.0,-30.0,30.0,230.0,140.0,140.0,230.0,170.0,170.0,140.0,70.0,70.0,160.0,30.0,30.0,450.0,320.0,15.811388300841896
E05,sample_000923,samples/sample_000923.npz,sample_000923_prediction.npz,0.003617138834670186,0.012451686896383762,0.28026088153608447,0.04695400915001204,0.08969641214351426,195,4153,21.297435897435896,79.86865639686584,1295.4172529184889,16.21934450082126,0.40958285331726074,0.39856616793534694,0.4600617289543152,80.0,110.0,30.0,50.0,130.0,295.0,465.0,0.011212016278503817,0.10588680880309793,0.05559071866623267,12.9007469100308,0.9941646979940436,0.5575713845020658,0.05559071866623267,0.09012040987853744,80.0,30.0,20.0,-60.0,60.0,240.0,130.0,130.0,220.0,190.0,190.0,130.0,80.0,80.0,200.0,70.0,70.0,305.0,460.0,11.180339887498949
E05,sample_000595,samples/sample_000595.npz,sample_000595_prediction.npz,0.013301972299814224,0.022800907492637634,0.42378425448410184,0.14096149662823582,0.2470924690181125,648,4597,7.094135802469136,405.7768020629883,2643.8711733328064,6.515579894886158,0.6261987686157227,0.676180444749785,0.7448487281799316,40.0,100.0,60.0,120.0,90.0,190.0,245.0,0.03470851283215959,0.18630220833946007,0.10131874688237284,3.3958191033730856,0.9677621532217906,0.9080005967400511,0.10131874688237284,0.15634265049034204,40.0,60.0,0.0,-40.0,40.0,220.0,120.0,120.0,220.0,160.0,160.0,190.0,70.0,70.0,150.0,60.0,60.0,205.0,255.0,18.027756377319946
E05,sample_001302,samples/sample_001302.npz,sample_001302_prediction.npz,0.016432397067546844,0.0287436842918396,0.38295341152382245,0.09950922321881875,0.18100661843927968,588,5909,10.049319727891156,388.9803864955902,3212.54719604966,8.258892498390995,0.6615312695503235,0.700307138213495,0.755895733833313,60.0,120.0,60.0,70.0,140.0,525.0,280.0,0.055263945121977895,0.23508284735807056,0.1259938455587266,5.609598367070827,0.9685623735392112,1.0742931594003493,0.1259938455587266,0.19846787146362418,60.0,60.0,10.0,-50.0,50.0,220.0,100.0,100.0,210.0,150.0,150.0,170.0,100.0,100.0,220.0,80.0,80.0,495.0,290.0,31.622776601683793
E05,sample_001319,samples/sample_001319.npz,sample_001319_prediction.npz,0.004199814051389694,0.008656180463731289,0.3251845405541424,0.07903055848261328,0.146484375,150,1898,12.653333333333334,78.23321521282196,926.8027712601152,11.846666006745146,0.5215547680854797,0.5742080928881963,0.6612906455993652,20.0,50.0,30.0,50.0,100.0,295.0,360.0,0.006177415122071058,0.07859653377898454,0.039967330597787384,4.090854263040705,0.921451200875587,0.45695531504372244,0.039967330597787384,0.06767590122752873,20.0,30.0,20.0,0.0,0.0,240.0,190.0,190.0,220.0,190.0,190.0,100.0,50.0,50.0,140.0,40.0,40.0,300.0,350.0,11.180339887498949
E05,sample_002162,samples/sample_002162.npz,sample_002162_prediction.npz,0.010213415138423443,0.021641740575432777,0.3657183430538749,0.11340623734305387,0.2037104401600582,560,4938,8.817857142857143,161.06433391571045,2288.177793764899,14.206607621538158,0.2876148819923401,0.5284598584153822,0.6586827635765076,30.0,100.0,70.0,100.0,80.0,170.0,140.0,0.03227625496120375,0.1796559349456726,0.09364155056984655,7.39447157930764,0.9221106115451021,0.932285755354129,0.09364155056984655,0.15332160633152334,30.0,70.0,0.0,-30.0,30.0,240.0,140.0,140.0,240.0,170.0,170.0,200.0,100.0,100.0,160.0,80.0,80.0,190.0,160.0,28.284271247461902
E05,sample_001201,samples/sample_001201.npz,sample_001201_prediction.npz,0.0030698103364557028,0.011113938875496387,0.1958668581902885,0.0225867168593708,0.04417565080199842,84,3719,44.273809523809526,47.15975260734558,1109.301440986177,23.522206535353895,0.5614256262779236,0.3804553218540691,0.46635475754737854,70.0,90.0,20.0,60.0,70.0,270.0,175.0,0.008788454003424439,0.09374675462875735,0.04845479865186109,15.980994907285522,0.9772922835196726,0.5079632341479108,0.04845479865186109,0.080253264675227,70.0,20.0,20.0,-50.0,50.0,240.0,150.0,150.0,220.0,200.0,200.0,140.0,80.0,80.0,180.0,110.0,110.0,290.0,180.0,20.615528128088304
E05,sample_000860,samples/sample_000860.npz,sample_000860_prediction.npz,0.014704215340316296,0.026312172412872314,0.30464151533011496,0.13395348837209303,0.23625922887612796,720,5375,7.465277777777778,286.3914728164673,2853.1219852927366,9.962314719897918,0.3977659344673157,0.4697145898102058,0.6970322132110596,20.0,50.0,30.0,160.0,150.0,230.0,285.0,0.041635338646173685,0.20404739313741227,0.11716681684585332,3.9602439504834495,0.9575140161409024,0.9169895698893178,0.11716681684585332,0.16705470863278277,20.0,30.0,10.0,-10.0,10.0,230.0,180.0,180.0,220.0,190.0,190.0,190.0,30.0,30.0,180.0,30.0,30.0,235.0,280.0,7.0710678118654755
E05,sample_001867,samples/sample_001867.npz,sample_001867_prediction.npz,0.0027968359645456076,0.009108567610383034,0.3377281850003365,0.07929515418502203,0.1469387755102041,234,2951,12.61111111111111,69.58212214708328,961.6782714014164,13.820766624056287,0.29735949635505676,0.3912791665802654,0.47919535636901855,60.0,90.0,30.0,60.0,130.0,330.0,315.0,0.006159983655988982,0.07848556336033387,0.04139666931170634,8.93179896298675,0.9954139068876093,0.45859984268399556,0.04139666931170634,0.0666805775761294,60.0,30.0,20.0,-40.0,40.0,240.0,150.0,150.0,220.0,190.0,190.0,120.0,60.0,60.0,150.0,20.0,20.0,330.0,315.0,0.0
E05,sample_000363,samples/sample_000363.npz,sample_000363_prediction.npz,0.001073507941327989,0.004727203864604235,0.20678520457858393,0.024360535931790498,0.04756242568370987,40,1642,41.05,32.65535354614258,458.33464632797626,14.035513217774277,0.8163838386535645,0.3285869598388672,0.3845081329345703,80.0,100.0,20.0,40.0,50.0,260.0,325.0,0.0017179694558239033,0.04144839509346415,0.02007702468764362,11.217615438051094,0.985354717579636,0.302378692209046,0.02007702468764362,0.0362613090706286,80.0,20.0,20.0,-60.0,60.0,230.0,130.0,130.0,210.0,190.0,190.0,110.0,70.0,70.0,110.0,60.0,60.0,275.0,325.0,15.0
E05,sample_000263,samples/sample_000263.npz,sample_000263_prediction.npz,0.005777889396995306,0.012814071029424667,0.25885826515386584,0.062171052631578946,0.11706410653453081,189,3040,16.084656084656086,76.96506553888321,1333.888757098513,17.331093630065507,0.40722256898880005,0.470887447318072,0.6284257769584656,30.0,60.0,30.0,70.0,90.0,225.0,195.0,0.012397241629642406,0.11134290111921104,0.05746840613822312,7.227828125986576,0.9169321155169764,0.6274761343705006,0.05746840613822312,0.09536573769218504,30.0,30.0,20.0,-10.0,10.0,230.0,170.0,170.0,210.0,180.0,180.0,140.0,70.0,70.0,150.0,60.0,60.0,240.0,205.0,18.027756377319946
E05,sample_000442,samples/sample_000442.npz,sample_000442_prediction.npz,0.0072205341421067715,0.014542016200721264,0.20043731337405446,0.03491104397448808,0.06746675316250406,104,2979,28.64423076923077,94.6843991279602,1446.3116973029869,15.275079217098739,0.910426914691925,0.5358551242030584,0.6468371152877808,30.0,50.0,20.0,130.0,40.0,385.0,210.0,0.013999201350953326,0.11831822070566024,0.062313981593804434,5.9372772732054635,0.9081230876212693,0.6583791952068716,0.062313981593804434,0.10057916806615738,30.0,20.0,20.0,-10.0,10.0,240.0,190.0,190.0,220.0,200.0,200.0,180.0,50.0,50.0,110.0,70.0,70.0,380.0,225.0,15.811388300841896
E05,sample_001230,samples/sample_001230.npz,sample_001230_prediction.npz,0.017696043476462364,0.030453599989414215,0.3267840961931604,0.12188365650969529,0.21728395061728395,704,5776,8.204545454545455,288.421838760376,3267.33200600041,11.328310019945976,0.40969011187553406,0.5589682722083208,0.7209595441818237,20.0,60.0,40.0,110.0,160.0,475.0,420.0,0.05853319875492147,0.24193635269409489,0.13417785773090207,4.6174263547029115,0.9083676401102991,1.0659761705731994,0.13417785773090207,0.20131940107616866,20.0,40.0,20.0,0.0,0.0,230.0,170.0,170.0,210.0,170.0,170.0,170.0,60.0,60.0,210.0,50.0,50.0,455.0,405.0,25.0
E05,sample_001272,samples/sample_001272.npz,sample_001272_prediction.npz,0.012623034417629242,0.027506180107593536,0.3488932909652735,0.07451102142191866,0.13868824039295002,480,6442,13.420833333333333,406.4982604980469,2875.9166644827314,7.074856017733315,0.8468713760375977,0.6025496075550715,0.6285080313682556,80.0,130.0,50.0,60.0,160.0,320.0,200.0,0.03944001927220865,0.198595113918265,0.11213433975139331,5.2858045623022845,0.9972471051584699,0.8838706436370631,0.11213433975139331,0.1639082338405479,80.0,50.0,20.0,-60.0,60.0,230.0,100.0,100.0,210.0,160.0,160.0,180.0,120.0,120.0,240.0,80.0,80.0,330.0,200.0,10.0
E05,sample_001600,samples/sample_001600.npz,sample_001600_prediction.npz,0.01097416877746582,0.022484948858618736,0.4531884514147025,0.13795620437956205,0.24246311738293777,756,5480,7.248677248677248,485.2165160179138,2659.4412356575053,5.48093716488274,0.6418207883834839,0.6179222805947854,0.6421163082122803,80.0,150.0,70.0,120.0,90.0,380.0,275.0,0.03255028104367518,0.18041696440100966,0.10040371952374898,4.276865681344446,0.9973350771036744,0.8622877681181933,0.10040371952374898,0.14989787906929014,80.0,70.0,20.0,-60.0,60.0,230.0,80.0,80.0,210.0,140.0,140.0,200.0,80.0,80.0,170.0,80.0,80.0,380.0,275.0,0.0
E05,sample_000593,samples/sample_000593.npz,sample_000593_prediction.npz,0.019037386402487755,0.03364359587430954,0.4694858301721021,0.15930514408833826,0.27482866767336506,1183,7426,6.277261200338123,860.1984516978264,4069.972548296551,4.731434403611628,0.7271330952644348,0.6860813443074263,0.7361397743225098,70.0,140.0,70.0,130.0,130.0,225.0,205.0,0.06977166425660057,0.264143264643641,0.14644197514814244,3.3355040421444464,0.9911074020353527,1.1685434568205,0.14644197514814244,0.21983269131617209,70.0,70.0,10.0,-60.0,60.0,220.0,80.0,80.0,210.0,140.0,140.0,210.0,80.0,80.0,200.0,70.0,70.0,235.0,210.0,11.180339887498949
E05,sample_000367,samples/sample_000367.npz,sample_000367_prediction.npz,0.0014954867074266076,0.0056198532693088055,0.22898888772903642,0.0334553058024046,0.06474456246838645,64,1913,29.890625,18.23250961303711,569.565793839565,31.239023366936742,0.28488296270370483,0.3580817827023566,0.45557263493537903,40.0,60.0,20.0,40.0,80.0,310.0,490.0,0.002581118088548193,0.05080470537802766,0.02518077354433974,14.570394052442358,0.9343583027096735,0.34123132989667515,0.02518077354433974,0.04412535248875495,40.0,20.0,20.0,-20.0,20.0,240.0,180.0,180.0,220.0,200.0,200.0,90.0,50.0,50.0,140.0,60.0,60.0,315.0,470.0,20.615528128088304
E05,sample_000985,samples/sample_000985.npz,sample_000985_prediction.npz,0.02198685146868229,0.0336926095187664,0.46014704651141053,0.17032706588718596,0.2910760091805049,1078,6329,5.871057513914657,707.4556195735931,4017.176512378822,5.678344197477867,0.6562668085098267,0.7509326513490341,0.8333311676979065,30.0,100.0,70.0,110.0,140.0,475.0,280.0,0.0688126173895089,0.2623215915427262,0.14826503145359624,2.6679621660457844,0.9606028498016819,1.1359650046211565,0.14826503145359624,0.2164026289987555,30.0,70.0,20.0,-10.0,10.0,230.0,130.0,130.0,210.0,140.0,140.0,190.0,80.0,80.0,200.0,60.0,60.0,465.0,280.0,10.0
E05,sample_000252,samples/sample_000252.npz,sample_000252_prediction.npz,0.003086286364123225,0.008657513186335564,0.24253083849832474,0.04786597526924611,0.09135896459840122,120,2507,20.891666666666666,49.82417106628418,890.9892759428769,17.88267133952994,0.41520142555236816,0.40154732490579287,0.5712284445762634,40.0,60.0,20.0,150.0,40.0,285.0,330.0,0.005272693163243597,0.07261331257588788,0.03901508478066177,8.4493799335316,0.9653044261258855,0.41195169124985537,0.03901508478066177,0.061241459182496384,40.0,20.0,20.0,-20.0,20.0,240.0,180.0,180.0,220.0,200.0,200.0,190.0,40.0,40.0,90.0,50.0,50.0,285.0,325.0,5.0
E05,sample_000452,samples/sample_000452.npz,sample_000452_prediction.npz,0.012633218429982662,0.023824436590075493,0.3764442165455586,0.1014832162373146,0.18426647767540752,520,5124,9.853846153846154,301.9148325920105,2643.335612407983,8.755236003856847,0.5806054472923279,0.6387928569546113,0.6740390062332153,50.0,90.0,40.0,130.0,100.0,245.0,400.0,0.036990336899684104,0.19232872094329567,0.10701702742957066,4.882252348387836,0.9790028223610201,0.8844633555731058,0.10701702742957066,0.1598051711923698,50.0,40.0,10.0,-40.0,40.0,230.0,140.0,140.0,220.0,180.0,180.0,200.0,70.0,70.0,160.0,60.0,60.0,250.0,400.0,5.0
E05,sample_001622,samples/sample_001622.npz,sample_001622_prediction.npz,0.01100621372461319,0.0214750524610281,0.4969505695036102,0.2118270079435128,0.34959941733430444,960,4532,4.720833333333333,321.500244140625,2432.5706152626767,7.566310320432181,0.3348960876464844,0.6002161732874811,0.6885761022567749,30.0,110.0,80.0,80.0,150.0,170.0,295.0,0.0311189240369838,0.17640556691041187,0.09557459387112097,4.062194586782776,0.9623071176179967,0.8811614332542099,0.09557459387112097,0.1482714437892681,30.0,80.0,10.0,-20.0,20.0,220.0,110.0,110.0,210.0,130.0,130.0,160.0,80.0,80.0,180.0,30.0,30.0,190.0,290.0,20.615528128088304
E05,sample_001585,samples/sample_001585.npz,sample_001585_prediction.npz,0.007578887045383453,0.014737763442099094,0.2219127427042594,0.03638814016172507,0.07022106631989597,108,2968,27.48148148148148,87.97479701042175,1490.892500335488,16.94681375802291,0.8145814538002014,0.6022515451466596,0.6740717887878418,30.0,60.0,30.0,60.0,60.0,420.0,460.0,0.016163432114028698,0.12713548723322177,0.06434477062491997,6.790698790842115,0.8870050070554604,0.727311705281351,0.06434477062491997,0.10965027408654816,30.0,30.0,20.0,-10.0,10.0,230.0,170.0,170.0,210.0,180.0,180.0,140.0,80.0,80.0,140.0,80.0,80.0,410.0,440.0,22.360679774997898
E05,sample_000222,samples/sample_000222.npz,sample_000222_prediction.npz,0.024637022987008095,0.039537280797958374,0.3927664127177437,0.1222052492709346,0.2177948273728499,880,7201,8.182954545454546,741.6331243515015,4424.259626912698,5.9655636751410706,0.8427649140357971,0.726829530434175,0.7778180241584778,60.0,110.0,50.0,160.0,110.0,470.0,245.0,0.08664523052820179,0.29435561915513314,0.16550355680928197,3.672041085815277,0.9838797686062773,1.23057636161262,0.16550355680928197,0.24342104102085868,60.0,50.0,10.0,-50.0,50.0,220.0,110.0,110.0,210.0,160.0,160.0,230.0,70.0,70.0,200.0,90.0,90.0,455.0,260.0,21.213203435596427
E05,sample_001459,samples/sample_001459.npz,sample_001459_prediction.npz,0.005064125172793865,0.012573386542499065,0.22083526795297642,0.028284098051539912,0.0550122249388753,90,3182,35.355555555555554,68.3198869228363,1263.9156593516977,18.49996708541429,0.7591098546981812,0.5345633112721973,0.5951799750328064,50.0,70.0,20.0,50.0,90.0,295.0,495.0,0.0107193066805858,0.10353408463199835,0.05389990577616081,9.482468216485683,0.9474933511714196,0.5760663007358141,0.05389990577616081,0.08839743682882885,50.0,20.0,20.0,-30.0,30.0,230.0,160.0,160.0,210.0,190.0,190.0,130.0,80.0,80.0,170.0,80.0,80.0,295.0,475.0,20.0
E05,sample_001967,samples/sample_001967.npz,sample_001967_prediction.npz,0.004275105427950621,0.011542200110852718,0.15409765189871708,0.023106546854942234,0.0451693851944793,72,3116,43.27777777777778,34.3732488155365,1155.2058688001143,33.60770100607913,0.47740623354911804,0.38226692958010566,0.5967015624046326,20.0,40.0,20.0,90.0,40.0,195.0,120.0,0.010513487799229695,0.10253530025912878,0.05008432339031715,10.55784169647301,0.7944012121835623,0.6090171099883337,0.05008432339031715,0.08947093578231888,20.0,20.0,20.0,0.0,0.0,240.0,200.0,200.0,220.0,200.0,200.0,170.0,80.0,80.0,130.0,90.0,90.0,215.0,135.0,25.0
E05,sample_001694,samples/sample_001694.npz,sample_001694_prediction.npz,0.007600553799420595,0.015265294350683689,0.36981115665879477,0.09122502172024327,0.16719745222929935,315,3453,10.961904761904762,200.4263225197792,1690.0669914182324,8.432360431357248,0.6362740397453308,0.619771088683416,0.6565572619438171,50.0,100.0,50.0,90.0,70.0,305.0,215.0,0.01678752859456766,0.12956669554545125,0.06855202996072501,4.904192596927023,0.9775886442134067,0.7036112462821156,0.06855202996072501,0.10994611308650941,50.0,50.0,10.0,-40.0,40.0,220.0,120.0,120.0,210.0,160.0,160.0,150.0,60.0,60.0,140.0,70.0,70.0,305.0,230.0,15.0
E05,sample_001125,samples/sample_001125.npz,sample_001125_prediction.npz,0.006441119592636824,0.016389617696404457,0.18711970056373364,0.022878932316491896,0.04473438956197577,96,4196,43.708333333333336,81.36629676818848,1624.0262054772345,19.95944598663577,0.8475655913352966,0.4907683227211237,0.5935805439949036,60.0,80.0,20.0,80.0,60.0,450.0,180.0,0.01712713481123273,0.1308706797232777,0.06919052603685756,11.515411877639536,0.9523898503669083,0.6745257322903672,0.06919052603685756,0.11108467904250191,60.0,20.0,20.0,-40.0,40.0,240.0,160.0,160.0,220.0,200.0,200.0,170.0,90.0,90.0,170.0,110.0,110.0,435.0,185.0,15.811388300841896
E05,sample_001461,samples/sample_001461.npz,sample_001461_prediction.npz,0.005950306076556444,0.012953565455973148,0.39859728172333686,0.10246557796990073,0.1858844031367993,320,3123,9.759375,154.81274604797363,1427.889582948453,9.223333474790094,0.4837898313999176,0.5913819324225187,0.6393784284591675,40.0,120.0,80.0,50.0,80.0,365.0,240.0,0.012803691560296133,0.11315339835946657,0.05896554435218131,5.575284541442034,0.978974082050627,0.642571466415837,0.05896554435218131,0.0965751320969693,40.0,80.0,10.0,-30.0,30.0,230.0,110.0,110.0,220.0,140.0,140.0,130.0,80.0,80.0,140.0,60.0,60.0,355.0,250.0,14.142135623730951
E06,sample_000796,samples/sample_000796.npz,sample_000796_prediction.npz,0.0023044489789754152,0.00864411797374487,0.5610094155500784,0.20594965675057209,0.3415559772296015,720,3496,4.855555555555555,233.237042427063,1068.0078645357205,4.57906622988372,0.32394033670425415,0.38211247662289277,0.5436723232269287,40.0,70.0,30.0,150.0,160.0,175.0,170.0,0.00871910105163575,0.09337612677572223,0.04391356121507563,2.846116964966457,0.9570574670749658,0.39662877564821064,0.04391356121507563,0.08240570485740387,40.0,30.0,20.0,-20.0,20.0,130.0,60.0,60.0,110.0,80.0,80.0,230.0,80.0,80.0,220.0,60.0,60.0,195.0,180.0,22.360679774997898
E06,sample_001763,samples/sample_001763.npz,sample_001763_prediction.npz,0.006014909129589796,0.011291193775832653,0.393046144392987,0.11447260834014718,0.20542920029347028,280,2446,8.735714285714286,142.34578132629395,1250.6604141735083,8.786072917093804,0.5083777904510498,0.6247620621962207,0.7558636665344238,40.0,110.0,70.0,80.0,50.0,510.0,495.0,0.016570156364446077,0.12872511939961864,0.05633157427190425,6.567421210322198,0.9024338223951153,0.7182773974958732,0.05633157427190425,0.11574502194260887,40.0,70.0,20.0,-20.0,20.0,140.0,30.0,30.0,120.0,50.0,50.0,170.0,90.0,90.0,180.0,130.0,130.0,485.0,470.0,35.35533905932738
E06,sample_000998,samples/sample_000998.npz,sample_000998_prediction.npz,0.0018961509922519326,0.007208662107586861,0.5489766497309475,0.16359773371104816,0.28119293974437004,462,2824,6.112554112554113,163.88124418258667,871.6179875818868,5.318595132282388,0.3547213077545166,0.41770756376899165,0.47118425369262695,80.0,110.0,30.0,110.0,140.0,235.0,380.0,0.0038087440713192515,0.06171502306018569,0.034546194890898926,3.791868345321741,0.9801114870433696,0.2640713436699079,0.034546194890898926,0.05114004780873088,80.0,30.0,50.0,-30.0,30.0,160.0,50.0,50.0,110.0,80.0,80.0,250.0,140.0,140.0,210.0,70.0,70.0,215.0,365.0,25.0
E06,sample_001629,samples/sample_001629.npz,sample_001629_prediction.npz,0.005496627185493708,0.011227012611925602,0.5299703336764128,0.1785967399007796,0.30306674684305474,504,2822,5.599206349206349,287.289128780365,1389.5848611797499,4.836886334958047,0.5700181126594543,0.650664375119266,0.7054857015609741,70.0,130.0,60.0,60.0,140.0,440.0,210.0,0.010102683883078821,0.10051210814165039,0.05330342177277139,3.5545664460635877,0.9756079629724617,0.47209111445974616,0.05330342177277139,0.08521401944746453,70.0,60.0,50.0,-20.0,20.0,160.0,30.0,30.0,110.0,50.0,50.0,160.0,100.0,100.0,230.0,90.0,90.0,420.0,195.0,25.0
E06,sample_001922,samples/sample_001922.npz,sample_001922_prediction.npz,0.007709642872214317,0.01416896004229784,0.5803271908115719,0.22334723049434188,0.36514118792599803,750,3358,4.477333333333333,600.9497344493866,1874.5765243545195,3.1193566065422744,0.8012663125991821,0.7217737972736359,0.7857688069343567,60.0,110.0,50.0,150.0,100.0,455.0,270.0,0.015451407042945798,0.12430368877449212,0.06430254181265968,1.883492336148249,0.9828223598856918,0.5407928367990715,0.06430254181265968,0.10637946305268207,60.0,50.0,20.0,-40.0,40.0,150.0,40.0,40.0,130.0,80.0,80.0,220.0,70.0,70.0,180.0,80.0,80.0,440.0,270.0,15.0
E06,sample_001409,samples/sample_001409.npz,sample_001409_prediction.npz,0.008504225872457027,0.011263838969171047,0.412541869043121,0.12770809578107184,0.22649140546006066,224,1754,7.830357142857143,206.4456329345703,1294.3285819180248,6.269585670180981,0.9216322898864746,0.8804298953286239,0.9601500630378723,20.0,90.0,70.0,40.0,80.0,480.0,290.0,0.025591105801717765,0.15997220321580172,0.0599598049993278,4.074927719943576,0.8807881088008775,1.0197231799969277,0.0599598049993278,0.1483102410023001,20.0,70.0,0.0,-20.0,20.0,110.0,20.0,20.0,110.0,40.0,40.0,150.0,110.0,110.0,180.0,100.0,100.0,455.0,290.0,25.0
E06,sample_000992,samples/sample_000992.npz,sample_000992_prediction.npz,0.004136090632528067,0.0075831287540495396,0.6326027306177419,0.36879432624113473,0.538860103626943,728,1974,2.7115384615384617,443.7051453590393,1136.1035891730926,2.5604922572033173,0.6094850897789001,0.6160667788769517,0.7772303223609924,20.0,100.0,80.0,70.0,130.0,395.0,215.0,0.010086352198729416,0.10043083290867111,0.038695250018027615,1.412637640353661,0.9422897609849207,0.6258835022171684,0.038695250018027615,0.09267701885997279,20.0,80.0,0.0,-20.0,20.0,100.0,0.0,0.0,100.0,20.0,20.0,160.0,90.0,90.0,320.0,190.0,190.0,390.0,160.0,55.226805085936306
E06,sample_002128,samples/sample_002128.npz,sample_002128_prediction.npz,0.001615346991457045,0.004987043794244528,0.5124979443201577,0.12948793407886994,0.2292860865033872,220,1699,7.722727272727273,101.6027420759201,587.576105502708,5.7830733058725565,0.46183064579963684,0.5080251275138421,0.5975873470306396,60.0,100.0,40.0,50.0,110.0,295.0,285.0,0.0028227869377742253,0.05312990624661618,0.02524893761631602,4.2619327855146025,0.9902831610527373,0.2831336911396863,0.02524893761631602,0.046746958050996296,60.0,40.0,40.0,-20.0,20.0,140.0,40.0,40.0,100.0,60.0,60.0,140.0,90.0,90.0,180.0,70.0,70.0,300.0,280.0,7.0710678118654755
E06,sample_001888,samples/sample_001888.npz,sample_001888_prediction.npz,0.008032628335058689,0.012867859564721584,0.4634679053170149,0.1487603305785124,0.2589928057553957,378,2541,6.722222222222222,311.36883294582367,1526.6357529668287,4.90298190259927,0.8237270712852478,0.7618122794640758,0.8747683763504028,70.0,140.0,70.0,90.0,60.0,355.0,480.0,0.012385733150570602,0.11129120877486506,0.05881289033338423,3.6702764576412314,0.9634322890042334,0.5428954321244729,0.05881289033338423,0.09448162298142386,70.0,70.0,40.0,-30.0,30.0,170.0,30.0,30.0,130.0,60.0,60.0,160.0,70.0,70.0,190.0,130.0,130.0,350.0,455.0,25.495097567963924
E06,sample_001536,samples/sample_001536.npz,sample_001536_prediction.npz,0.004770589992403984,0.009454918093979359,0.46805943441051434,0.12968967114404817,0.22960229602296023,280,2159,7.710714285714285,223.28286409378052,1090.9149205855838,4.885797775002524,0.7974388003349304,0.6870383288179125,0.7529411315917969,40.0,80.0,40.0,70.0,100.0,455.0,380.0,0.013387040238326509,0.1157023778421451,0.04689546523304753,3.2882419658466104,0.9273470950689484,0.6930617735860262,0.04689546523304753,0.10577265988384021,40.0,40.0,0.0,-40.0,40.0,130.0,50.0,50.0,130.0,90.0,90.0,180.0,110.0,110.0,180.0,80.0,80.0,430.0,360.0,32.01562118716424
E06,sample_000503,samples/sample_000503.npz,sample_000503_prediction.npz,0.003761355532333255,0.009572699666023254,0.28027754606073013,0.03487020534676482,0.06739049045301385,90,2581,28.677777777777777,83.0135428905487,963.549840070457,11.607140311320931,0.9223726987838745,0.586270491944419,0.6272870302200317,70.0,90.0,20.0,90.0,50.0,415.0,505.0,0.008016530339539881,0.08953507882131942,0.043889944717590786,8.750046622466135,0.9280281550235754,0.4442480790018927,0.043889944717590786,0.07803975328143156,70.0,20.0,40.0,-30.0,30.0,150.0,60.0,60.0,110.0,90.0,90.0,210.0,120.0,120.0,180.0,130.0,130.0,415.0,470.0,35.0
E06,sample_001208,samples/sample_001208.npz,sample_001208_prediction.npz,0.0033349667210131884,0.006883885245770216,0.419582718334853,0.11049723756906077,0.19900497512437812,180,1629,9.05,107.92141556739807,779.8279485461051,7.225886951594831,0.5995634198188782,0.6267334340347184,0.7437639236450195,20.0,70.0,50.0,40.0,90.0,250.0,475.0,0.010492944298327837,0.10243507357505942,0.03736150800124957,4.404833673839755,0.8464948627777001,0.6678511271993797,0.03736150800124957,0.09537851968971,20.0,50.0,0.0,-20.0,20.0,100.0,30.0,30.0,100.0,50.0,50.0,220.0,180.0,180.0,220.0,130.0,130.0,220.0,420.0,62.64982043070834
E06,sample_000155,samples/sample_000155.npz,sample_000155_prediction.npz,0.002341492800042033,0.006802143529057503,0.46048726700398257,0.11390602752728998,0.20451640391989775,240,2107,8.779166666666667,82.30671644210815,750.741875788476,9.121271121494967,0.3429446518421173,0.5036338984966278,0.600608229637146,70.0,110.0,40.0,60.0,100.0,340.0,440.0,0.003959318940618041,0.06292311928550619,0.0329416946152814,6.930110252439916,0.95983746275159,0.30730917981549316,0.0329416946152814,0.053611227336180074,70.0,40.0,40.0,-30.0,30.0,160.0,50.0,50.0,120.0,80.0,80.0,160.0,100.0,100.0,180.0,80.0,80.0,330.0,410.0,31.622776601683793
E06,sample_000172,samples/sample_000172.npz,sample_000172_prediction.npz,0.0022207696456462145,0.006514443550258875,0.34869963614778954,0.0693307655272027,0.12967131922557407,144,2077,14.42361111111111,66.12655019760132,697.9303233516418,10.55446445135979,0.45921215415000916,0.46058189910319114,0.5963503122329712,60.0,80.0,20.0,90.0,80.0,445.0,390.0,0.004381910618505869,0.06619600152959293,0.032213017648896634,7.33254926918039,0.9367458385205747,0.3401551744964331,0.032213017648896634,0.05782933608868204,60.0,20.0,40.0,-20.0,20.0,150.0,70.0,70.0,110.0,90.0,90.0,210.0,120.0,120.0,160.0,80.0,80.0,435.0,370.0,22.360679774997898
E06,sample_000676,samples/sample_000676.npz,sample_000676_prediction.npz,0.0022989220451563597,0.00651629688218236,0.44827826958797057,0.09712586719524281,0.17705510388437218,196,2018,10.295918367346939,93.86811804771423,733.8523219976618,7.817908116839376,0.47891896963119507,0.5397440809376386,0.5952141880989075,80.0,150.0,70.0,70.0,40.0,265.0,450.0,0.0035112114485976787,0.05925547610641297,0.03126214327956266,7.004611736189242,0.9624595797698146,0.2926198962298768,0.03126214327956266,0.05033775765929363,80.0,70.0,50.0,-30.0,30.0,160.0,10.0,10.0,110.0,40.0,40.0,180.0,110.0,110.0,170.0,130.0,130.0,270.0,415.0,35.35533905932738
E06,sample_000167,samples/sample_000167.npz,sample_000167_prediction.npz,0.0028794368263334036,0.009114997461438179,0.4854799525224434,0.12304250559284116,0.21912350597609562,385,3129,8.127272727272727,162.68452391028404,1055.873866296868,6.4903153718490945,0.42255720496177673,0.478378207807417,0.5738469362258911,80.0,150.0,70.0,50.0,110.0,445.0,445.0,0.006104818957761566,0.07813334088442377,0.04299059392377185,5.436150585952129,0.9760578498710566,0.3339917587048437,0.04299059392377185,0.06524283709222735,80.0,70.0,50.0,-30.0,30.0,160.0,10.0,10.0,110.0,40.0,40.0,220.0,170.0,170.0,240.0,130.0,130.0,450.0,420.0,25.495097567963924
E06,sample_000352,samples/sample_000352.npz,sample_000352_prediction.npz,0.0049153040163218975,0.009362971410155296,0.6822469408744886,0.33403627161535215,0.5007903888713247,792,2371,2.9936868686868685,481.7146625518799,1393.258252239467,2.892289482862514,0.6082255840301514,0.7264983068511943,0.8365334868431091,40.0,120.0,80.0,90.0,110.0,345.0,285.0,0.011489611402934776,0.10718960492013568,0.04851112914202603,1.7930828766730331,0.9900226667285253,0.5506951024125886,0.04851112914202603,0.0955838990222749,40.0,80.0,20.0,-20.0,20.0,140.0,20.0,20.0,120.0,40.0,40.0,320.0,230.0,230.0,170.0,60.0,60.0,260.0,285.0,85.0
E06,sample_001467,samples/sample_001467.npz,sample_001467_prediction.npz,0.005796818062663078,0.010908854193985462,0.5669664930707697,0.21341463414634146,0.35175879396984927,560,2624,4.685714285714286,347.71613597869873,1418.8477783128644,4.080477238478757,0.6209216713905334,0.6981148793229035,0.7819563746452332,70.0,150.0,80.0,50.0,140.0,355.0,200.0,0.008699044592223877,0.09326866886700955,0.05135445661019253,2.93220023523631,0.9907461526454294,0.41122598925827814,0.05135445661019253,0.0778573334920721,70.0,80.0,50.0,-20.0,20.0,160.0,10.0,10.0,110.0,30.0,30.0,150.0,100.0,100.0,230.0,90.0,90.0,345.0,185.0,18.027756377319946
E06,sample_002010,samples/sample_002010.npz,sample_002010_prediction.npz,0.004946378991007805,0.012451059184968472,0.32535320285969976,0.05188387893761581,0.09864944216089254,168,3238,19.273809523809526,156.31246948242188,1261.3212293181155,8.069229751756673,0.9304313659667969,0.5763242487751302,0.6280876398086548,80.0,100.0,20.0,60.0,140.0,170.0,470.0,0.009594568828392927,0.09795186995863288,0.05273814263551225,5.894424193058646,0.9466516829409829,0.42759602636946803,0.05273814263551225,0.0825424565890142,80.0,20.0,40.0,-40.0,40.0,160.0,60.0,60.0,120.0,100.0,100.0,180.0,120.0,120.0,240.0,100.0,100.0,190.0,440.0,36.05551275463989
E06,sample_002098,samples/sample_002098.npz,sample_002098_prediction.npz,0.004009844269603491,0.008735728450119495,0.6819389291585112,0.31310398144569,0.47689137474241977,810,2587,3.1938271604938273,470.3172558546066,1324.0180517913009,2.8151594169885326,0.580638587474823,0.6523809937415299,0.7762032151222229,40.0,100.0,60.0,150.0,90.0,325.0,305.0,0.01001168784576005,0.10005842216305458,0.045546181380653555,1.6253783518506941,0.990488758897997,0.5074721771898746,0.045546181380653555,0.08909115111727232,40.0,60.0,20.0,-20.0,20.0,130.0,30.0,30.0,110.0,50.0,50.0,210.0,60.0,60.0,150.0,60.0,60.0,325.0,295.0,10.0
E06,sample_001451,samples/sample_001451.npz,sample_001451_prediction.npz,0.0011940542608499527,0.003925275523215532,0.5741116557536522,0.2774239207360226,0.4343490304709141,392,1413,3.604591836734694,94.30146908760071,479.59252455050637,5.08573757323963,0.2405649721622467,0.3742886990384788,0.5648989677429199,20.0,90.0,70.0,80.0,70.0,390.0,335.0,0.0036037479057635254,0.06003122442332428,0.021616149850067375,3.4779369546833387,0.9170129717558752,0.41086579359885883,0.021616149850067375,0.056004374573982676,20.0,70.0,0.0,-20.0,20.0,100.0,10.0,10.0,100.0,30.0,30.0,150.0,70.0,70.0,140.0,70.0,70.0,375.0,320.0,21.213203435596427
E06,sample_000316,samples/sample_000316.npz,sample_000316_prediction.npz,0.001303353812545538,0.003921873401850462,0.3256780217832745,0.06672226855713094,0.12509773260359655,80,1199,14.9875,23.076975345611572,408.03161820997565,17.681330074635145,0.28846219182014465,0.4345460306853056,0.5631939172744751,20.0,60.0,40.0,50.0,40.0,475.0,350.0,0.00377240154869727,0.06141987910031466,0.021399177413033134,10.536495167398979,0.833038478721785,0.42484744274653724,0.021399177413033134,0.057571492552675775,20.0,40.0,0.0,-20.0,20.0,100.0,40.0,40.0,100.0,60.0,60.0,150.0,100.0,100.0,130.0,90.0,90.0,445.0,335.0,33.54101966249684
E06,sample_001723,samples/sample_001723.npz,sample_001723_prediction.npz,0.0016495183808729053,0.004690299741923809,0.5971120322779107,0.23285899094437257,0.3777544596012592,360,1546,4.294444444444444,184.5861268043518,615.9451057770983,3.3368981539439115,0.5127392411231995,0.5018857299453683,0.6204286217689514,30.0,90.0,60.0,50.0,120.0,255.0,300.0,0.004112700046913079,0.06413033640105967,0.024108961583518572,2.1664352822106405,0.978745192331671,0.3724116854942763,0.024108961583518572,0.05942607187318967,30.0,60.0,0.0,-30.0,30.0,110.0,20.0,20.0,110.0,50.0,50.0,150.0,100.0,100.0,180.0,60.0,60.0,265.0,290.0,14.142135623730951
E06,sample_001111,samples/sample_001111.npz,sample_001111_prediction.npz,0.0063399262726306915,0.010268679820001125,0.5134331022748994,0.18246445497630331,0.30861723446893785,385,2110,5.48051948051948,306.5526646375656,1284.9757226223273,4.191696471278572,0.7962406873703003,0.7664977194426896,0.8639190196990967,40.0,90.0,50.0,70.0,110.0,375.0,255.0,0.014057924274376622,0.11856611773342594,0.05181696186735788,2.633048988380362,0.9749782518226657,0.6652984387122055,0.05181696186735788,0.10664392498972175,40.0,50.0,0.0,-40.0,40.0,130.0,40.0,40.0,130.0,80.0,80.0,150.0,80.0,80.0,170.0,60.0,60.0,365.0,255.0,10.0
E06,sample_000562,samples/sample_000562.npz,sample_000562_prediction.npz,0.0032357554882764816,0.009084445424377918,0.3402832248125379,0.05788497217068646,0.1094352858646089,156,2695,17.275641025641026,97.30296850204468,957.428417080662,9.839662980688438,0.6237369775772095,0.5182500626796331,0.60163813829422,50.0,80.0,30.0,40.0,130.0,490.0,495.0,0.010364356006497493,0.10180548122030313,0.04450370433221218,7.258289687344864,0.9142427601865863,0.5465683858308462,0.04450370433221218,0.09156296362180798,50.0,30.0,20.0,-30.0,30.0,130.0,50.0,50.0,110.0,80.0,80.0,180.0,140.0,140.0,220.0,90.0,90.0,470.0,460.0,40.311288741492746
E06,sample_002168,samples/sample_002168.npz,sample_002168_prediction.npz,0.002185764955356717,0.005959476809948683,0.30154229598944826,0.053495440729483285,0.10155799192152337,88,1645,18.693181818181817,75.48128128051758,595.1591161557016,7.884857093825164,0.8577418327331543,0.48181801627982745,0.5962086319923401,30.0,50.0,20.0,110.0,40.0,415.0,420.0,0.005922574176799055,0.07695826256354191,0.028879678109077416,4.667797532734179,0.8291517359198451,0.4980430940149084,0.028879678109077416,0.0713339916807908,30.0,20.0,0.0,-30.0,30.0,100.0,50.0,50.0,100.0,80.0,80.0,180.0,70.0,70.0,140.0,100.0,100.0,390.0,390.0,39.05124837953327
E06,sample_001196,samples/sample_001196.npz,sample_001196_prediction.npz,0.005035681184381247,0.010351625271141529,0.2588183515142128,0.0390625,0.07518796992481203,90,2304,25.6,88.26255083084106,1041.8576808360547,11.804073993202612,0.9806950092315674,0.6250787463453081,0.698163628578186,50.0,80.0,30.0,60.0,50.0,110.0,525.0,0.01408189581170654,0.11866716399959401,0.04861096114427754,8.747113885368409,0.8220430887945344,0.713892079468978,0.04861096114427754,0.10825373096727925,50.0,30.0,10.0,-40.0,40.0,130.0,50.0,50.0,120.0,90.0,90.0,170.0,110.0,110.0,170.0,120.0,120.0,155.0,485.0,60.207972893961475
E06,sample_001899,samples/sample_001899.npz,sample_001899_prediction.npz,0.001965712523087859,0.007450294215232134,0.5175290778368813,0.15924006908462868,0.27473182359952325,462,2894,6.264069264069264,150.69104826450348,872.8567344114552,5.792359562588986,0.3261711001396179,0.3920913814885534,0.5003634095191956,80.0,110.0,30.0,110.0,140.0,165.0,350.0,0.0041226656784307085,0.06420798765286691,0.03490544307741602,4.2945985853025315,0.9575046084973924,0.2807198132911036,0.03490544307741602,0.05389133253130766,80.0,30.0,50.0,-30.0,30.0,160.0,50.0,50.0,110.0,80.0,80.0,220.0,110.0,110.0,200.0,60.0,60.0,180.0,320.0,33.54101966249684
E06,sample_000775,samples/sample_000775.npz,sample_000775_prediction.npz,0.0027700811624526978,0.00779568450525403,0.6328151723653223,0.26370004120313145,0.41734594065862407,640,2427,3.7921875,211.01202011108398,973.4292406117028,4.61314592457461,0.3297062814235687,0.5150293188169599,0.6516765356063843,60.0,140.0,80.0,160.0,50.0,440.0,325.0,0.004916012989325543,0.07011428520155892,0.037617859117813214,3.3629307367520536,0.9828803378118122,0.3220455912638192,0.037617859117813214,0.059168485401587735,60.0,80.0,40.0,-20.0,20.0,160.0,20.0,20.0,120.0,40.0,40.0,250.0,90.0,90.0,130.0,80.0,80.0,435.0,315.0,11.180339887498949
E06,sample_001971,samples/sample_001971.npz,sample_001971_prediction.npz,0.002070494694635272,0.00630060164257884,0.39886761257061343,0.08154943934760449,0.15080113100848255,160,1962,12.2625,147.76297569274902,614.4633374444321,4.158439112123165,0.9235185980796814,0.4464124789461493,0.5719868540763855,50.0,70.0,20.0,160.0,50.0,240.0,195.0,0.003632732362001423,0.06027215245867218,0.025290333712282197,2.77753770003969,0.9599057795083523,0.3345412585580708,0.025290333712282197,0.05470951820956592,50.0,20.0,20.0,-30.0,30.0,120.0,50.0,50.0,100.0,80.0,80.0,220.0,60.0,60.0,140.0,90.0,90.0,250.0,210.0,18.027756377319946
E06,sample_002064,samples/sample_002064.npz,sample_002064_prediction.npz,0.00925737340003252,0.01817404292523861,0.49602408787289154,0.17192746809939558,0.2934097421203438,768,4467,5.81640625,498.9137878417969,2253.4500597474816,4.516712335202168,0.6496273279190063,0.6312250045593828,0.6871731877326965,80.0,120.0,40.0,160.0,120.0,170.0,440.0,0.019265233999688287,0.13879925792196543,0.08162607991958241,2.979983102049404,0.9665115932104168,0.5227348538694891,0.08162607991958241,0.11226048760205093,80.0,40.0,50.0,-30.0,30.0,160.0,40.0,40.0,110.0,70.0,70.0,240.0,80.0,80.0,240.0,120.0,120.0,190.0,430.0,22.360679774997898
E06,sample_001548,samples/sample_001548.npz,sample_001548_prediction.npz,0.005467988085001707,0.01063318271189928,0.49443848936867757,0.15480844409695074,0.26811103588354773,396,2558,6.459595959595959,281.8826107978821,1291.9684257751003,4.583356249319965,0.7118247747421265,0.6673821684989062,0.7203233242034912,50.0,90.0,40.0,90.0,110.0,455.0,335.0,0.013289517188926776,0.11528016823776228,0.05275749447030556,3.0450340766268824,0.9626018019462012,0.6171766519947922,0.05275749447030556,0.10249958032178694,50.0,40.0,20.0,-30.0,30.0,140.0,50.0,50.0,120.0,80.0,80.0,190.0,100.0,100.0,170.0,60.0,60.0,435.0,325.0,22.360679774997898
E06,sample_000381,samples/sample_000381.npz,sample_000381_prediction.npz,0.00168971240054816,0.006343142595142126,0.6070591449146012,0.2356637863315004,0.3814367450731087,600,2546,4.243333333333333,171.90202474594116,794.6875517928812,4.62290978228658,0.2865033745765686,0.3960791612416506,0.5975096225738525,30.0,70.0,40.0,100.0,150.0,440.0,425.0,0.006203432457952468,0.07876187185404158,0.03400524068976385,2.808028431395198,0.9254864490553139,0.38799450824504,0.03400524068976385,0.07104277629417152,30.0,40.0,0.0,-30.0,30.0,110.0,40.0,40.0,110.0,70.0,70.0,180.0,80.0,80.0,220.0,70.0,70.0,420.0,400.0,32.01562118716424
E06,sample_000114,samples/sample_000114.npz,sample_000114_prediction.npz,0.0057402122765779495,0.013872972689568996,0.4521416288437793,0.1259863229879011,0.22377949077318385,480,3801,7.91875,322.79139518737793,1571.1768481406214,4.8674681901869326,0.6724820733070374,0.5522912939467157,0.6348885297775269,80.0,100.0,20.0,150.0,160.0,485.0,350.0,0.010526086711864367,0.10259671881626803,0.058959816435208035,3.2021080466128553,0.9697762809576775,0.4050700698857058,0.058959816435208035,0.08396324647005342,80.0,20.0,50.0,-30.0,30.0,160.0,60.0,60.0,110.0,90.0,90.0,230.0,80.0,80.0,220.0,60.0,60.0,455.0,340.0,31.622776601683793
E06,sample_000761,samples/sample_000761.npz,sample_000761_prediction.npz,0.005919290706515312,0.009927286766469479,0.4096607563781756,0.10453333333333334,0.18928054080154516,196,1875,9.566326530612244,195.83123445510864,1082.397528081673,5.5271955522998875,0.9991389513015747,0.7712672714676175,0.8399578928947449,50.0,120.0,70.0,70.0,40.0,155.0,200.0,0.010426362553697902,0.10210956151946741,0.04508831363039967,4.24505591832287,0.929022653217819,0.6201140861774339,0.04508831363039967,0.09161553649717179,50.0,70.0,20.0,-30.0,30.0,150.0,30.0,30.0,130.0,60.0,60.0,160.0,90.0,90.0,150.0,110.0,110.0,190.0,215.0,38.07886552931954
E06,sample_001580,samples/sample_001580.npz,sample_001580_prediction.npz,0.01122087612748146,0.016694607213139534,0.42143086472237834,0.15780730897009967,0.27259684361549497,480,3005,6.260416666666667,401.34976387023926,1923.0427394423054,4.791438571928613,0.8361453413963318,0.7117223442532122,0.893834114074707,40.0,120.0,80.0,120.0,50.0,500.0,525.0,0.030759141567083766,0.17538284285266836,0.07742318654147957,3.4655346697547613,0.8825673128911629,0.9672280669722182,0.07742318654147957,0.15736833148015208,40.0,80.0,20.0,-20.0,20.0,140.0,20.0,20.0,120.0,40.0,40.0,200.0,80.0,80.0,170.0,120.0,120.0,470.0,485.0,50.0
E06,sample_001591,samples/sample_001591.npz,sample_001591_prediction.npz,0.0026566192973405123,0.008029662072658539,0.7812508051654234,0.48015122873345933,0.648786717752235,1320,2595,1.9659090909090908,381.7951512336731,1132.542085298314,2.966360577495012,0.28923875093460083,0.49738251223834873,0.6508381366729736,70.0,150.0,80.0,110.0,150.0,395.0,325.0,0.004310402406070723,0.06565365493307074,0.03649006783145089,1.9361157258531008,0.9876766761821819,0.2952491987645625,0.03649006783145089,0.05457909266126394,70.0,80.0,60.0,-10.0,10.0,160.0,10.0,10.0,100.0,20.0,20.0,190.0,80.0,80.0,190.0,40.0,40.0,385.0,305.0,22.360679774997898
E06,sample_000709,samples/sample_000709.npz,sample_000709_prediction.npz,0.004221855662763119,0.009748728014528751,0.38373342358890483,0.07544006705783739,0.1402961808261886,180,2386,13.255555555555556,170.6106162071228,1010.681699230572,5.9239086154146205,0.9478367567062378,0.6193148222234514,0.6562672853469849,80.0,110.0,30.0,120.0,50.0,480.0,315.0,0.005926855540096725,0.07698607367632619,0.04079482707251276,4.363195651028652,0.9727941416696364,0.36126144320857334,0.04079482707251276,0.06528887825824935,80.0,30.0,50.0,-30.0,30.0,160.0,50.0,50.0,110.0,80.0,80.0,210.0,90.0,90.0,160.0,110.0,110.0,455.0,310.0,25.495097567963924
E06,sample_000703,samples/sample_000703.npz,sample_000703_prediction.npz,0.004593560937792063,0.00939720869064331,0.5415884677277452,0.2225557461406518,0.36408277797264116,520,2331,4.482692307692307,243.65123629570007,1157.6127943182712,4.751105768711835,0.4685600697994232,0.5996759520843625,0.7496293187141418,30.0,110.0,80.0,130.0,50.0,465.0,415.0,0.01322576769294989,0.1150033377469971,0.04874885693294781,3.3252845578812025,0.9153121038486735,0.6651914790936586,0.04874885693294781,0.10416005299864661,30.0,80.0,10.0,-20.0,20.0,130.0,20.0,20.0,120.0,40.0,40.0,210.0,80.0,80.0,140.0,90.0,90.0,445.0,390.0,32.01562118716424
E06,sample_001400,samples/sample_001400.npz,sample_001400_prediction.npz,0.0018353182822465897,0.006270214915275574,0.4044345978145343,0.11442080378250591,0.20534577853203226,242,2115,8.739669421487603,134.1245481967926,664.3873961858541,4.9535107861913525,0.5542336702346802,0.3762908137041675,0.513093113899231,30.0,50.0,20.0,110.0,110.0,425.0,365.0,0.0053579555255948,0.07319805684302555,0.029359255573256665,2.7958767102366036,0.8865272430893807,0.43078301863875657,0.029359255573256665,0.06705214118713135,30.0,20.0,0.0,-30.0,30.0,100.0,50.0,50.0,100.0,80.0,80.0,180.0,70.0,70.0,180.0,70.0,70.0,410.0,350.0,21.213203435596427
E06,sample_001887,samples/sample_001887.npz,sample_001887_prediction.npz,0.002984213875606656,0.006632423494011164,0.5114737881574176,0.17777777777777778,0.3018867924528302,320,1800,5.625,185.7793426513672,818.5348281479719,4.405951794565402,0.5805604457855225,0.5732836754061281,0.6944537162780762,20.0,70.0,50.0,40.0,160.0,380.0,240.0,0.008272613718051528,0.09095390985576995,0.03527762536879834,2.575997152185752,0.9213255050592863,0.5452544810462744,0.03527762536879834,0.08383378117674428,20.0,50.0,0.0,-20.0,20.0,100.0,30.0,30.0,100.0,50.0,50.0,130.0,90.0,90.0,230.0,70.0,70.0,365.0,245.0,15.811388300841896
E06,sample_001331,samples/sample_001331.npz,sample_001331_prediction.npz,0.0008266943041235209,0.003314763540402055,0.2695148656139064,0.08533747090768037,0.15725518227305219,110,1289,11.718181818181819,28.615364134311676,346.5567748282488,12.110863702506752,0.26013967394828796,0.2423503570935943,0.4074496626853943,20.0,40.0,20.0,50.0,110.0,375.0,195.0,0.0022808203272155383,0.04775793470425138,0.01757122866575006,6.326880527856564,0.8655452045694814,0.31187764276686464,0.01757122866575006,0.04440802011339237,20.0,20.0,0.0,-20.0,20.0,100.0,60.0,60.0,100.0,80.0,80.0,130.0,80.0,80.0,170.0,60.0,60.0,355.0,205.0,22.360679774997898
E06,sample_001596,samples/sample_001596.npz,sample_001596_prediction.npz,0.0038648962508887053,0.009318436495959759,0.4380625739095332,0.1065989847715736,0.1926605504587156,252,2364,9.380952380952381,230.43040251731873,977.4296001775999,4.241756250476271,0.9144063591957092,0.5790087331145529,0.6460372805595398,80.0,100.0,20.0,140.0,90.0,390.0,355.0,0.005014663425534213,0.07081428828657542,0.037200885067381964,2.927731662454105,0.9760956578467165,0.34663096182467484,0.037200885067381964,0.06025576798728609,80.0,20.0,40.0,-40.0,40.0,160.0,60.0,60.0,120.0,100.0,100.0,200.0,60.0,60.0,150.0,60.0,60.0,380.0,335.0,22.360679774997898
E06,sample_002009,samples/sample_002009.npz,sample_002009_prediction.npz,0.0014896778156980872,0.006184982601553202,0.6208113042474395,0.23198792908336477,0.37660747091243113,616,2650,4.3019480519480515,175.44790244102478,780.381937643261,4.447941108361665,0.28481802344322205,0.3811404007886137,0.47780609130859375,80.0,120.0,40.0,140.0,110.0,360.0,135.0,0.002981741158962467,0.05460532170917471,0.02898809849748822,3.273031920011492,0.9903546934578636,0.2389639718364785,0.02898809849748822,0.046275601611025945,80.0,40.0,40.0,-40.0,40.0,160.0,40.0,40.0,120.0,80.0,80.0,200.0,60.0,60.0,180.0,70.0,70.0,350.0,150.0,18.027756377319946
E06,sample_002116,samples/sample_002116.npz,sample_002116_prediction.npz,0.00793573446571827,0.013385501690208912,0.5985212531378675,0.24181360201511334,0.3894523326572008,672,2779,4.135416666666667,638.236249923706,1759.4051480662888,2.756667532244691,0.9497563242912292,0.8049055162285056,0.8861116766929626,40.0,110.0,70.0,60.0,160.0,190.0,340.0,0.018570644298149985,0.13627415124721923,0.05964997726336177,1.6901409355354904,0.9486956058603463,0.7666887318753095,0.05964997726336177,0.12252560757094988,40.0,70.0,20.0,-20.0,20.0,130.0,20.0,20.0,110.0,40.0,40.0,150.0,90.0,90.0,210.0,50.0,50.0,215.0,325.0,29.154759474226502
E06,sample_000238,samples/sample_000238.npz,sample_000238_prediction.npz,0.007881256751716137,0.013779129832983017,0.6937934172318142,0.35118892082571207,0.5198220847031522,1344,3827,2.847470238095238,988.6517601013184,2301.7302399533783,2.3281506520733792,0.7356039881706238,0.7415280601098424,0.8890593647956848,50.0,120.0,70.0,160.0,120.0,350.0,150.0,0.018950461561977595,0.13766067543775018,0.06770068692347986,1.2817075544094543,0.9881376697838442,0.6169183083191174,0.06770068692347986,0.11986274880907145,50.0,70.0,20.0,-30.0,30.0,150.0,30.0,30.0,130.0,60.0,60.0,220.0,60.0,60.0,260.0,140.0,140.0,340.0,130.0,22.360679774997898
E06,sample_000737,samples/sample_000737.npz,sample_000737_prediction.npz,0.00107240816578269,0.00445976946502924,0.4517832750263437,0.12917115177610333,0.22878932316491898,240,1858,7.741666666666666,93.02326440811157,506.07853969993516,5.440343799156175,0.3875969350337982,0.33641389223436513,0.49108290672302246,40.0,70.0,30.0,50.0,160.0,375.0,160.0,0.0029184047451633597,0.05402226157023935,0.02235583360637484,3.6793488084743275,0.9727688558903133,0.28980846405207583,0.02235583360637484,0.04917948199124754,40.0,30.0,20.0,-20.0,20.0,110.0,40.0,40.0,90.0,60.0,60.0,150.0,100.0,100.0,220.0,60.0,60.0,365.0,170.0,14.142135623730951
E06,sample_000271,samples/sample_000271.npz,sample_000271_prediction.npz,0.005725611466914415,0.012255948968231678,0.4681859394035967,0.13331138907175774,0.23525994772001163,405,3038,7.501234567901235,286.7427536845207,1427.2248216409273,4.9773701455458035,0.7080067992210388,0.6285911243638874,0.6936850547790527,80.0,110.0,30.0,90.0,150.0,365.0,435.0,0.009448393760688645,0.09720284852147412,0.05483581004476559,3.400465207578229,0.9824209923661659,0.41604782660555406,0.05483581004476559,0.08025850545221379,80.0,30.0,50.0,-30.0,30.0,160.0,50.0,50.0,110.0,80.0,80.0,160.0,70.0,70.0,250.0,100.0,100.0,360.0,425.0,11.180339887498949
E06,sample_001280,samples/sample_001280.npz,sample_001280_prediction.npz,0.0016858881572261453,0.005778903607279062,0.27759718530892524,0.10228933268387726,0.1855943437914273,210,2053,9.776190476190477,63.227905333042145,608.1178980111578,9.617871963462985,0.3010852634906769,0.2599012550853548,0.5454121828079224,20.0,40.0,20.0,70.0,150.0,415.0,485.0,0.005503874956389959,0.07418810522172647,0.029794309028035294,5.070833791984085,0.8273006769068009,0.42265231778293616,0.029794309028035294,0.06794243229331647,20.0,20.0,0.0,-20.0,20.0,100.0,60.0,60.0,100.0,80.0,80.0,150.0,80.0,80.0,220.0,70.0,70.0,395.0,450.0,40.311288741492746
E06,sample_000473,samples/sample_000473.npz,sample_000473_prediction.npz,0.004745689686387777,0.011879467405378819,0.6348124933019305,0.2459016393442623,0.39473684210526316,900,3660,4.066666666666666,463.0685806274414,1619.6514626472535,3.4976492260664362,0.5145206451416016,0.5939583615793123,0.675199568271637,50.0,90.0,40.0,150.0,150.0,445.0,245.0,0.015210324409959208,0.12333014396310096,0.06005970338439808,2.1882616279629685,0.9821546470130219,0.5714876700808094,0.06005970338439808,0.1077179485477575,50.0,40.0,20.0,-30.0,30.0,140.0,50.0,50.0,120.0,80.0,80.0,220.0,70.0,70.0,200.0,50.0,50.0,430.0,250.0,15.811388300841896
E06,sample_001502,samples/sample_001502.npz,sample_001502_prediction.npz,0.0022815600968897343,0.007100105285644531,0.4678947959883249,0.11160318866253321,0.200796812749004,252,2258,8.96031746031746,71.70944917201996,769.6781566424523,10.733287809757297,0.28456130623817444,0.4898248047582687,0.5896307229995728,70.0,140.0,70.0,60.0,60.0,160.0,450.0,0.004304275185783072,0.06560697513056879,0.0337449267730275,9.28176874704216,0.9395269058426952,0.3174917592512634,0.0337449267730275,0.056263266016701195,70.0,70.0,40.0,-30.0,30.0,160.0,20.0,20.0,120.0,50.0,50.0,190.0,130.0,130.0,180.0,120.0,120.0,185.0,420.0,39.05124837953327
E06,sample_000960,samples/sample_000960.npz,sample_000960_prediction.npz,0.0031747433822602034,0.009442376904189587,0.4682820439548205,0.12512030798845045,0.22241231822070145,390,3117,7.992307692307692,203.0231523513794,1089.8037508854252,5.367879171727484,0.5205721855163574,0.4773186688239758,0.576365053653717,70.0,90.0,20.0,130.0,150.0,165.0,265.0,0.0064210775849051,0.08013162662086112,0.043115258845028315,3.542642301857754,0.9747491671647164,0.34837396624704986,0.043115258845028315,0.06754370466321276,70.0,20.0,40.0,-30.0,30.0,160.0,70.0,70.0,120.0,100.0,100.0,220.0,90.0,90.0,190.0,40.0,40.0,180.0,255.0,18.027756377319946
E06,sample_001604,samples/sample_001604.npz,sample_001604_prediction.npz,0.005255913827568293,0.01008540391921997,0.45848150035975777,0.1381692573402418,0.24279210925644917,320,2316,7.2375,209.39214706420898,1192.927689552971,5.697098512424948,0.6543504595756531,0.6603420292958617,0.7263766527175903,70.0,150.0,80.0,50.0,80.0,265.0,500.0,0.007959399090567884,0.08921546441378805,0.04714518545993365,4.519475241286443,0.9678241386599219,0.426302665142389,0.04714518545993365,0.07574120792881735,70.0,80.0,50.0,-20.0,20.0,160.0,10.0,10.0,110.0,30.0,30.0,270.0,220.0,220.0,190.0,110.0,110.0,225.0,475.0,47.16990566028302
E06,sample_001049,samples/sample_001049.npz,sample_001049_prediction.npz,0.0020159119740128517,0.006251834332942963,0.6553616659282306,0.30230326295585414,0.4642593957258659,630,2084,3.3079365079365077,164.42838996648788,776.3011632864609,4.721211242442249,0.2609974443912506,0.4586571218475463,0.6039358973503113,50.0,110.0,60.0,70.0,150.0,215.0,405.0,0.0041758679268830935,0.06462095578744634,0.03142415806741525,3.3087277149561585,0.9526597897486164,0.3337746939340237,0.03142415806741525,0.056465832293850014,50.0,60.0,40.0,-10.0,10.0,140.0,30.0,30.0,100.0,40.0,40.0,140.0,70.0,70.0,210.0,60.0,60.0,240.0,385.0,32.01562118716424
E06,sample_001954,samples/sample_001954.npz,sample_001954_prediction.npz,0.002746106358245015,0.008180977776646614,0.3646929661661809,0.05417956656346749,0.1027900146842878,140,2584,18.457142857142856,69.94698226451874,873.3668356278573,12.486126025066286,0.49962130188941956,0.5455171806471688,0.5863939523696899,80.0,100.0,20.0,100.0,70.0,400.0,495.0,0.0052947489639024,0.07276502569162194,0.03855377896758579,9.55656523859646,0.9491787320201437,0.33258058187734224,0.03855377896758579,0.06171187155824186,80.0,20.0,50.0,-30.0,30.0,160.0,60.0,60.0,110.0,90.0,90.0,210.0,110.0,110.0,190.0,120.0,120.0,385.0,465.0,33.54101966249684
E06,sample_001051,samples/sample_001051.npz,sample_001051_prediction.npz,0.005965177435427904,0.011418607085943222,0.40582225729455584,0.10084033613445378,0.183206106870229,264,2618,9.916666666666666,169.32887077331543,1287.941039796667,7.60615147266212,0.64139723777771,0.6667419436077276,0.7624930143356323,40.0,80.0,40.0,110.0,60.0,165.0,520.0,0.018456933831727848,0.1358562984617491,0.05771771985960876,5.109012946244318,0.8731585729026018,0.7706597129605609,0.05771771985960876,0.12298617258023593,40.0,40.0,20.0,-20.0,20.0,130.0,50.0,50.0,110.0,70.0,70.0,190.0,80.0,80.0,170.0,110.0,110.0,195.0,485.0,46.09772228646444
E06,sample_000519,samples/sample_000519.npz,sample_000519_prediction.npz,0.00542764738202095,0.012355413287878036,0.7047508481035761,0.35511713933415534,0.5241128298453139,1152,3244,2.8159722222222223,485.49850845336914,1700.085039279116,3.501730715290971,0.42143967747688293,0.6455648878796233,0.7144078612327576,70.0,130.0,60.0,160.0,120.0,190.0,260.0,0.010088200164783756,0.10044003268012092,0.05741672179053273,2.1948136606489657,0.9916712801712045,0.42055372424958426,0.05741672179053273,0.08241068027635934,70.0,60.0,50.0,-20.0,20.0,160.0,30.0,30.0,110.0,50.0,50.0,240.0,80.0,80.0,170.0,50.0,50.0,200.0,255.0,11.180339887498949
E06,sample_002133,samples/sample_002133.npz,sample_002133_prediction.npz,0.001567447674460709,0.004655684810131788,0.5703425647602919,0.23106546854942234,0.3753910323253389,360,1558,4.3277777777777775,119.72476601600647,575.9215757563694,4.8103796308891695,0.33256879448890686,0.44937781708108054,0.6099224090576172,20.0,80.0,60.0,120.0,50.0,250.0,245.0,0.0045543171253922005,0.06748568089152099,0.025498658649013375,2.999023642818436,0.9527571475645888,0.3852650440908125,0.025498658649013375,0.06248308197018851,20.0,60.0,0.0,-20.0,20.0,100.0,20.0,20.0,100.0,40.0,40.0,200.0,80.0,80.0,130.0,80.0,80.0,260.0,255.0,14.142135623730951
E06,sample_000492,samples/sample_000492.npz,sample_000492_prediction.npz,0.0012774564092978835,0.004661741200834513,0.5219658206155776,0.19255014326647565,0.3229216722729457,336,1745,5.193452380952381,69.23460531234741,527.4971395313219,7.618980958316334,0.20605537295341492,0.3636274579912424,0.5688393115997314,30.0,90.0,60.0,40.0,140.0,390.0,410.0,0.004028949678228557,0.06347400789479546,0.025238971864534606,5.828741111414691,0.9403181774531425,0.3831722819037917,0.025238971864534606,0.058240398156690056,30.0,60.0,0.0,-30.0,30.0,110.0,20.0,20.0,110.0,50.0,50.0,130.0,90.0,90.0,210.0,70.0,70.0,375.0,385.0,29.154759474226502
E06,sample_000901,samples/sample_000901.npz,sample_000901_prediction.npz,0.007953949272632599,0.013301439583301544,0.49313774996039217,0.1554001554001554,0.26899798251513113,400,2574,6.435,387.03465461730957,1554.5466925395874,4.016556848318105,0.9675866365432739,0.792495915144682,0.8527780175209045,70.0,110.0,40.0,100.0,100.0,200.0,200.0,0.011735080962885069,0.10832857869872137,0.05647428152800456,2.593828448277271,0.9779977052055783,0.5236293579811465,0.05647428152800456,0.09244315274145919,70.0,40.0,40.0,-30.0,30.0,170.0,60.0,60.0,130.0,90.0,90.0,190.0,90.0,90.0,180.0,80.0,80.0,215.0,200.0,15.0
E06,sample_000728,samples/sample_000728.npz,sample_000728_prediction.npz,0.003426544601097703,0.008669995702803135,0.46961119092971115,0.11814345991561181,0.21132075471698114,280,2370,8.464285714285714,104.24670338630676,956.5419595632056,9.17575259927933,0.3723096549510956,0.5764277477349554,0.6373649835586548,60.0,100.0,40.0,70.0,100.0,335.0,470.0,0.007484066863160674,0.08651050146173396,0.04295712482153377,6.785426597308726,0.9490602994484301,0.43518641870528874,0.04295712482153377,0.07509162596606789,60.0,40.0,40.0,-20.0,20.0,150.0,50.0,50.0,110.0,70.0,70.0,160.0,90.0,90.0,200.0,100.0,100.0,330.0,440.0,30.4138126514911
E06,sample_000044,samples/sample_000044.npz,sample_000044_prediction.npz,0.006583604961633682,0.011007742024958134,0.6274953025538655,0.26880877742946707,0.4237183446571958,686,2552,3.7201166180758016,557.6774952411652,1599.6041575043425,2.868331914330882,0.8129409551620483,0.7891357602774228,0.8590011596679688,70.0,140.0,70.0,70.0,140.0,275.0,260.0,0.009326704898158294,0.09657486680373054,0.051470969594927043,1.8344164623805026,0.9967874804009116,0.4564528436862265,0.051470969594927043,0.08171563000501429,70.0,70.0,40.0,-30.0,30.0,170.0,30.0,30.0,130.0,60.0,60.0,270.0,200.0,200.0,270.0,130.0,130.0,225.0,215.0,67.26812023536856
E06,sample_000653,samples/sample_000653.npz,sample_000653_prediction.npz,0.0011462810216471553,0.004821004346013069,0.33778684480976673,0.1518987341772152,0.26373626373626374,312,2054,6.583333333333333,65.11785006523132,525.8731694995129,8.075714554038921,0.20871105790138245,0.21860252043757683,0.38615038990974426,20.0,40.0,20.0,120.0,130.0,300.0,235.0,0.003693971283541715,0.06077804935617558,0.025382465911818856,4.319655151976478,0.9393806546379532,0.30605511658412293,0.025382465911818856,0.05522410440900847,20.0,20.0,20.0,0.0,0.0,100.0,60.0,60.0,80.0,60.0,60.0,190.0,70.0,70.0,180.0,50.0,50.0,295.0,250.0,15.811388300841896
E06,sample_001330,samples/sample_001330.npz,sample_001330_prediction.npz,0.005626445170491934,0.011533769778907299,0.7424636325087619,0.425621168118748,0.5971027614305116,1320,3098,2.346969696969697,743.6322569847107,1863.29996142556,2.505673932140722,0.5633577704429626,0.7077147091767102,0.8172795176506042,50.0,130.0,80.0,150.0,110.0,365.0,405.0,0.012712216649434263,0.1127484662841773,0.057513277986701,1.4281635252918403,0.9745653717835827,0.535238301806798,0.057513277986701,0.09697648944284751,50.0,80.0,30.0,-20.0,20.0,150.0,20.0,20.0,120.0,40.0,40.0,370.0,220.0,220.0,180.0,70.0,70.0,275.0,390.0,91.2414379544733
E06,sample_000517,samples/sample_000517.npz,sample_000517_prediction.npz,0.0017376147443428636,0.005711015779525042,0.4359873413371323,0.08320493066255778,0.15362731152204837,162,1947,12.018518518518519,96.17286157608032,626.1888806071296,6.511076725233602,0.5936596393585205,0.4967473370057565,0.5840385556221008,50.0,70.0,20.0,90.0,90.0,235.0,195.0,0.004577325280515329,0.06765593307696915,0.02831923343990541,4.567341359860587,0.9524430975746783,0.3696524023628645,0.02831923343990541,0.06144384670486926,50.0,20.0,20.0,-30.0,30.0,130.0,60.0,60.0,110.0,90.0,90.0,170.0,80.0,80.0,160.0,70.0,70.0,255.0,210.0,25.0
E06,sample_001265,samples/sample_001265.npz,sample_001265_prediction.npz,0.01012782659381628,0.017651081085205078,0.5804312911921067,0.2446601941747573,0.39313572542901715,1008,4120,4.087301587301587,680.8959245681763,2407.191655687136,3.535329804204329,0.675491988658905,0.7181961542616287,0.8151954412460327,60.0,120.0,60.0,120.0,140.0,180.0,480.0,0.02436019085119048,0.1560775155209439,0.08363556396762477,2.193151179926671,0.9565193988747379,0.6784647102660845,0.08363556396762477,0.13177740053213916,60.0,60.0,40.0,-20.0,20.0,160.0,40.0,40.0,120.0,60.0,60.0,220.0,100.0,100.0,230.0,90.0,90.0,190.0,455.0,26.92582403567252
E06,sample_001292,samples/sample_001292.npz,sample_001292_prediction.npz,0.0025111299473792315,0.00644051656126976,0.5848749242262951,0.21798365122615804,0.3579418344519016,400,1835,4.5875,147.53621816635132,780.1006529990526,5.287519652425052,0.3688405454158783,0.5536108919233084,0.6625338792800903,30.0,80.0,50.0,100.0,80.0,360.0,420.0,0.007521136602157291,0.08672448675061324,0.03452586035784117,3.4677391468084546,0.9233579186655517,0.5411275532714482,0.03452586035784117,0.07955565076541166,30.0,50.0,0.0,-30.0,30.0,120.0,40.0,40.0,120.0,70.0,70.0,170.0,70.0,70.0,160.0,80.0,80.0,355.0,390.0,30.4138126514911
E06,sample_001298,samples/sample_001298.npz,sample_001298_prediction.npz,0.0013452867278829217,0.004980070516467094,0.4691194768344155,0.10687022900763359,0.19310344827586207,196,1834,9.357142857142858,110.08473920822144,548.9655774306198,4.986754579962901,0.5616568326950073,0.4323710274635529,0.5504052639007568,50.0,70.0,20.0,70.0,140.0,235.0,210.0,0.00303240215135133,0.055067251169377704,0.02346296783292951,3.3760498717554253,0.9631121303006918,0.31997303537174404,0.02346296783292951,0.04981858379984567,50.0,20.0,20.0,-30.0,30.0,130.0,60.0,60.0,110.0,90.0,90.0,150.0,80.0,80.0,190.0,50.0,50.0,255.0,215.0,20.615528128088304
E06,sample_001513,samples/sample_001513.npz,sample_001513_prediction.npz,0.004195855464786291,0.009602724574506283,0.45640428462276833,0.11673151750972763,0.20905923344947736,300,2570,8.566666666666666,185.75980067253113,1116.8513627552966,6.012341522287437,0.6191993355751038,0.6053262729446093,0.6578814387321472,80.0,130.0,50.0,50.0,120.0,355.0,490.0,0.006669460858362242,0.0816667671599791,0.04438023571093341,4.632972689571931,0.9754600061574963,0.3659899498602832,0.04438023571093341,0.0685554923883144,80.0,50.0,50.0,-30.0,30.0,160.0,30.0,30.0,110.0,60.0,60.0,180.0,130.0,130.0,210.0,90.0,90.0,350.0,455.0,35.35533905932738
E06,sample_000392,samples/sample_000392.npz,sample_000392_prediction.npz,0.005568686872720718,0.009903154335916042,0.40096765198272505,0.09193054136874361,0.16838166510757718,180,1958,10.877777777777778,178.24459075927734,1069.0864921006907,5.997862193442448,0.9902477264404297,0.7605871071418127,0.7994407415390015,50.0,90.0,40.0,50.0,90.0,175.0,355.0,0.01169989473657745,0.10816605168248239,0.04649937335776152,4.3013147890062635,0.9238990781024848,0.6819551039548186,0.04649937335776152,0.09766116430758416,50.0,40.0,10.0,-40.0,40.0,140.0,50.0,50.0,130.0,90.0,90.0,160.0,110.0,110.0,160.0,70.0,70.0,200.0,340.0,29.154759474226502
E06,sample_001800,samples/sample_001800.npz,sample_001800_prediction.npz,0.0034552114084362984,0.0077031515538692474,0.5492532544371928,0.19677093844601412,0.3288364249578415,390,1982,5.082051282051282,191.56806975603104,948.658471065504,4.952069894913361,0.49120017886161804,0.6119759487035947,0.7411643266677856,20.0,70.0,50.0,60.0,130.0,210.0,405.0,0.011584057091061627,0.10762925759783734,0.042074016279105696,2.88350191320288,0.8864129596849291,0.6502537025612556,0.042074016279105696,0.09906479821413446,20.0,50.0,0.0,-20.0,20.0,100.0,30.0,30.0,100.0,50.0,50.0,180.0,120.0,120.0,200.0,70.0,70.0,210.0,380.0,25.0
E06,sample_002073,samples/sample_002073.npz,sample_002073_prediction.npz,0.0010919737396761775,0.004972465801984072,0.5395059033727525,0.17281728172817282,0.29470452801227937,385,2221,5.768831168831169,95.07418975234032,582.1496394070812,6.123109131127264,0.24694594740867615,0.3354611552090614,0.4183312952518463,80.0,130.0,50.0,70.0,110.0,395.0,165.0,0.0020182406834749283,0.044924833705590146,0.02351613885712592,4.982265219673684,0.9803514587146128,0.21114817570486055,0.02351613885712592,0.038278347622739683,80.0,50.0,50.0,-30.0,30.0,160.0,30.0,30.0,110.0,60.0,60.0,180.0,110.0,110.0,200.0,90.0,90.0,370.0,160.0,25.495097567963924
E06,sample_000911,samples/sample_000911.npz,sample_000911_prediction.npz,0.0014677904546260834,0.005089506506919861,0.5817419335257674,0.267515923566879,0.4221105527638191,546,2041,3.738095238095238,161.15512830018997,655.1322259891003,4.065227293100843,0.29515591263771057,0.36699265257997826,0.5523940324783325,30.0,90.0,60.0,70.0,130.0,465.0,325.0,0.004774955053510343,0.06910104958327581,0.027325477161419285,2.7636290555718515,0.9260701523076185,0.41051022532520964,0.027325477161419285,0.06346868008247135,30.0,60.0,0.0,-30.0,30.0,110.0,20.0,20.0,110.0,50.0,50.0,160.0,90.0,90.0,190.0,60.0,60.0,440.0,315.0,26.92582403567252
E06,sample_000923,samples/sample_000923.npz,sample_000923_prediction.npz,0.001923805451951921,0.00693058455362916,0.4013730774633475,0.07647058823529412,0.14207650273224043,195,2550,13.076923076923077,79.86865639686584,758.7012686662152,9.499361863510549,0.40958285331726074,0.43340922853885555,0.5216245651245117,80.0,110.0,30.0,50.0,130.0,295.0,465.0,0.0037223171523566895,0.061010795375545546,0.0330169379765493,7.4332661340584565,0.9713969166980844,0.26871540728971754,0.0330169379765493,0.0513049603743087,80.0,30.0,50.0,-30.0,30.0,160.0,50.0,50.0,110.0,80.0,80.0,170.0,120.0,120.0,230.0,100.0,100.0,295.0,445.0,20.0
E06,sample_000595,samples/sample_000595.npz,sample_000595_prediction.npz,0.0038653919473290443,0.00839474331587553,0.6409189419270894,0.25602528644804423,0.40767536961308587,648,2531,3.9058641975308643,405.7768020629883,1220.4193219422953,3.0076123517599482,0.6261987686157227,0.6439468990321513,0.7108051180839539,40.0,100.0,60.0,120.0,90.0,190.0,245.0,0.010460292597812258,0.10227557185277557,0.043631905256633734,1.8642255709241606,0.9625704180025134,0.5684460296318596,0.043631905256633734,0.09250161858847873,40.0,60.0,10.0,-30.0,30.0,130.0,30.0,30.0,120.0,60.0,60.0,190.0,70.0,70.0,160.0,70.0,70.0,215.0,250.0,25.495097567963924
E06,sample_001302,samples/sample_001302.npz,sample_001302_prediction.npz,0.006958342622965574,0.01196069736033678,0.5441061353625622,0.2143638352169158,0.35304713299309515,588,2743,4.664965986394558,388.9803864955902,1558.3921129229757,4.006351392065993,0.6615312695503235,0.7057716066942734,0.7928013801574707,60.0,120.0,60.0,70.0,140.0,525.0,280.0,0.013423943009295518,0.11586174092121833,0.05750106112745556,2.7647182258588416,0.9454083260861608,0.5845412995499132,0.05750106112745556,0.1005861371090079,60.0,60.0,40.0,-20.0,20.0,150.0,30.0,30.0,110.0,50.0,50.0,160.0,90.0,90.0,200.0,60.0,60.0,490.0,280.0,35.0
E06,sample_001319,samples/sample_001319.npz,sample_001319_prediction.npz,0.003171039978042245,0.006432108581066132,0.41864839539992876,0.10323468685478321,0.18714909544603867,150,1453,9.686666666666667,78.23321521282196,710.5351537803577,9.082269619719083,0.5215547680854797,0.6639492603143057,0.7568538784980774,20.0,50.0,30.0,50.0,100.0,295.0,360.0,0.009447549431013356,0.09719850529207409,0.03540495571839699,5.0590643202332215,0.9020731337476576,0.6171764361853188,0.03540495571839699,0.09052092874905618,20.0,30.0,0.0,-20.0,20.0,100.0,50.0,50.0,100.0,70.0,70.0,130.0,80.0,80.0,170.0,70.0,70.0,295.0,345.0,15.0
E06,sample_002162,samples/sample_002162.npz,sample_002162_prediction.npz,0.0030769158620387316,0.007993730716407299,0.6013385786354407,0.24295010845986983,0.39092495636998253,560,2305,4.116071428571429,161.06433391571045,946.7052086823276,5.877807865133974,0.2876148819923401,0.5269165734627417,0.6627006530761719,30.0,100.0,70.0,100.0,80.0,170.0,140.0,0.010084816253158553,0.10042318583453999,0.04127908784387809,4.133325146099896,0.9343859141584894,0.5658985166280953,0.04127908784387809,0.09154699973202808,30.0,70.0,20.0,-10.0,10.0,130.0,30.0,30.0,110.0,40.0,40.0,180.0,80.0,80.0,180.0,100.0,100.0,190.0,160.0,28.284271247461902
E06,sample_001201,samples/sample_001201.npz,sample_001201_prediction.npz,0.001130973338149488,0.004087765701115131,0.3203517794215062,0.059743954480796585,0.11275167785234899,84,1406,16.738095238095237,47.15975260734558,419.5142941475678,8.895599975692503,0.5614256262779236,0.385895013099625,0.5585536360740662,70.0,90.0,20.0,60.0,70.0,270.0,175.0,0.0016795071382781376,0.04098179032543768,0.01903978922311393,6.986159521743692,0.9695192644075866,0.22778749975450907,0.01903978922311393,0.03629040595829058,70.0,20.0,40.0,-30.0,30.0,150.0,60.0,60.0,110.0,90.0,90.0,170.0,110.0,110.0,140.0,70.0,70.0,275.0,190.0,15.811388300841896
E06,sample_000860,samples/sample_000860.npz,sample_000860_prediction.npz,0.00287611479870975,0.008669639937579632,0.5873487709142715,0.23848956608148394,0.38512971382722655,720,3019,4.1930555555555555,286.3914728164673,1112.7313607352385,3.8853508793131124,0.3977659344673157,0.45727955487867195,0.6332823038101196,20.0,50.0,30.0,160.0,150.0,230.0,285.0,0.009924216745541014,0.09962036310685188,0.04540243148501762,1.93347699410789,0.960706741640526,0.4084498973347339,0.04540243148501762,0.08867263366331969,20.0,30.0,0.0,-20.0,20.0,100.0,50.0,50.0,100.0,70.0,70.0,220.0,60.0,60.0,200.0,50.0,50.0,240.0,280.0,11.180339887498949
E06,sample_001867,samples/sample_001867.npz,sample_001867_prediction.npz,0.0016774022951722145,0.0053621013648808,0.4486321439817547,0.13028953229398663,0.23054187192118228,234,1796,7.6752136752136755,69.58212214708328,593.5176176894561,8.529742976721426,0.29735949635505676,0.41922845182001084,0.5835764408111572,60.0,90.0,30.0,60.0,130.0,330.0,315.0,0.002887551247246411,0.05373593999593206,0.02671875353793647,6.115247092350649,0.9772252053177516,0.28138394337429784,0.02671875353793647,0.046622520916670934,60.0,30.0,40.0,-20.0,20.0,160.0,70.0,70.0,120.0,90.0,90.0,160.0,100.0,100.0,170.0,40.0,40.0,330.0,305.0,10.0
E06,sample_000363,samples/sample_000363.npz,sample_000363_prediction.npz,0.0005185394547879696,0.002308746101334691,0.28494979915427215,0.04499437570303712,0.0861141011840689,40,889,22.225,32.65535354614258,218.2062697584041,6.682097912370628,0.8163838386535645,0.29878297708928586,0.33134081959724426,80.0,100.0,20.0,40.0,50.0,260.0,325.0,0.0004702683078791571,0.021685670565586786,0.00973141181231267,5.869021282307155,0.9836480014907786,0.1295964820776519,0.00973141181231267,0.01937957512481475,80.0,20.0,40.0,-40.0,40.0,140.0,40.0,40.0,100.0,80.0,80.0,150.0,110.0,110.0,130.0,80.0,80.0,265.0,315.0,11.180339887498949
E06,sample_000263,samples/sample_000263.npz,sample_000263_prediction.npz,0.0012756919022649527,0.004313644487410784,0.4686513092028896,0.12154340836012861,0.21674311926605505,189,1555,8.227513227513228,76.96506553888321,496.94532996893406,6.4567648515529985,0.40722256898880005,0.4335243555288466,0.5461039543151855,30.0,60.0,30.0,70.0,90.0,225.0,195.0,0.003753934719152013,0.061269361994001646,0.023106572410293787,3.9773026697711042,0.9265858763158865,0.3781385258750382,0.023106572410293787,0.05674522914395415,30.0,30.0,0.0,-30.0,30.0,100.0,40.0,40.0,100.0,70.0,70.0,200.0,130.0,130.0,290.0,200.0,200.0,220.0,145.0,50.24937810560445
E06,sample_000442,samples/sample_000442.npz,sample_000442_prediction.npz,0.002190222032368183,0.006150597240775824,0.3283748337966634,0.05919180421172453,0.11176786673831274,104,1757,16.89423076923077,94.6843991279602,609.6346714410082,6.43859682329635,0.910426914691925,0.479282512401159,0.5981395840644836,30.0,50.0,20.0,130.0,40.0,385.0,210.0,0.005472738930668277,0.07397796246632019,0.02860808077295447,3.7122572723773,0.8917734275076039,0.4482140551427042,0.02860808077295447,0.06822255232074209,30.0,20.0,0.0,-30.0,30.0,100.0,50.0,50.0,100.0,80.0,80.0,200.0,70.0,70.0,140.0,100.0,100.0,370.0,230.0,25.0
E06,sample_001230,samples/sample_001230.npz,sample_001230_prediction.npz,0.004173279274255037,0.01014589425176382,0.5554235775474913,0.23505843071786311,0.3806434171397675,704,2995,4.254261363636363,288.421838760376,1276.4231777767702,4.425542751071761,0.40969011187553406,0.5111202588304877,0.6810017824172974,20.0,60.0,40.0,110.0,160.0,475.0,420.0,0.01595035160695052,0.12629470142072674,0.05419450606639713,2.410371472933396,0.8681542240025028,0.6517997257660831,0.05419450606639713,0.1140758831619101,20.0,40.0,0.0,-20.0,20.0,100.0,40.0,40.0,100.0,60.0,60.0,180.0,70.0,70.0,230.0,70.0,70.0,450.0,395.0,35.35533905932738
E06,sample_001272,samples/sample_001272.npz,sample_001272_prediction.npz,0.0068808202631771564,0.013485291041433811,0.49864315693812855,0.16134453781512606,0.2778581765557164,480,2975,6.197916666666667,406.4982604980469,1574.410329648677,3.873104715675017,0.8468713760375977,0.6825526495774586,0.74934321641922,80.0,130.0,50.0,60.0,160.0,320.0,200.0,0.00975142674845071,0.09874931264799118,0.055766664124054295,2.628310218819338,0.9944800643159546,0.4153778485552906,0.055766664124054295,0.08149543496985352,80.0,50.0,50.0,-30.0,30.0,160.0,30.0,30.0,110.0,60.0,60.0,310.0,250.0,250.0,240.0,80.0,80.0,245.0,190.0,75.66372975210778
E06,sample_001600,samples/sample_001600.npz,sample_001600_prediction.npz,0.0051002404652535915,0.009866212494671345,0.6456208567307054,0.293136874757658,0.4533733133433283,756,2579,3.4113756613756614,485.2165160179138,1454.6882171470188,2.998018758894252,0.6418207883834839,0.6931604187955301,0.7418307065963745,80.0,150.0,70.0,120.0,90.0,380.0,275.0,0.007265632220681043,0.08523867796183282,0.047309280841358596,2.0206213850702266,0.9946794008982166,0.37905760437276903,0.047309280841358596,0.07090461315707534,80.0,70.0,50.0,-30.0,30.0,160.0,10.0,10.0,110.0,40.0,40.0,200.0,80.0,80.0,160.0,70.0,70.0,370.0,270.0,11.180339887498949
E06,sample_000593,samples/sample_000593.npz,sample_000593_prediction.npz,0.00794760137796402,0.013637986965477467,0.6989548702950632,0.3440954043048284,0.5120103873620429,1183,3438,2.9061707523245985,860.1984516978264,2193.443194586415,2.5499269270446625,0.7271330952644348,0.8003896650175674,0.8820784687995911,70.0,140.0,70.0,130.0,130.0,225.0,205.0,0.01393480989854833,0.11804579576820316,0.06454477334320415,1.4906389132208313,0.9880277065617594,0.5224445133335415,0.06454477334320415,0.09883714955735386,70.0,70.0,50.0,-20.0,20.0,170.0,30.0,30.0,120.0,50.0,50.0,260.0,130.0,130.0,230.0,100.0,100.0,210.0,195.0,18.027756377319946
E06,sample_000367,samples/sample_000367.npz,sample_000367_prediction.npz,0.0006563795614056289,0.0029769178945571184,0.24648938440606913,0.05233033524121014,0.09945609945609946,64,1223,19.109375,18.23250961303711,306.36237234297596,16.803083000922282,0.28488296270370483,0.256610298063606,0.34446796774864197,40.0,60.0,20.0,40.0,80.0,310.0,490.0,0.0017511325420007287,0.041846535603329564,0.015687491843502238,12.001260689010238,0.8524406109500506,0.2903414861382587,0.015687491843502238,0.03879478240254454,40.0,20.0,0.0,-40.0,40.0,100.0,40.0,40.0,100.0,80.0,80.0,140.0,100.0,100.0,150.0,70.0,70.0,300.0,455.0,36.40054944640259
E06,sample_000985,samples/sample_000985.npz,sample_000985_prediction.npz,0.006135012488812208,0.011218835599720478,0.6769503831969131,0.3560105680317041,0.5250852411105699,1078,3028,2.8089053803339517,707.4556195735931,1784.2091705253063,2.522008619566423,0.6562668085098267,0.6950926692233679,0.8168297410011292,30.0,100.0,70.0,110.0,140.0,475.0,280.0,0.018023393079053998,0.13425123120125937,0.05849705703210441,1.3654125971238869,0.95435092610179,0.7152112182059915,0.05849705703210441,0.12083661447440805,30.0,70.0,0.0,-30.0,30.0,130.0,30.0,30.0,130.0,60.0,60.0,190.0,80.0,80.0,200.0,60.0,60.0,455.0,280.0,20.0
E06,sample_000252,samples/sample_000252.npz,sample_000252_prediction.npz,0.0007734974496997893,0.003435971913859248,0.36427791575150426,0.08633093525179857,0.15894039735099338,120,1390,11.583333333333334,49.82417106628418,362.3208528589737,7.271989580658669,0.41520142555236816,0.30989679930110775,0.4552638530731201,40.0,60.0,20.0,150.0,40.0,285.0,330.0,0.0018421964527869702,0.0429208160778307,0.017213054436660043,4.994322242492581,0.9536634484137114,0.25610071722642863,0.017213054436660043,0.03931802652407097,40.0,20.0,20.0,-20.0,20.0,110.0,50.0,50.0,90.0,70.0,70.0,220.0,70.0,70.0,110.0,70.0,70.0,290.0,315.0,15.811388300841896
E06,sample_000452,samples/sample_000452.npz,sample_000452_prediction.npz,0.003087145509198308,0.007882903330028057,0.6011508487431781,0.20733652312599682,0.34346103038309117,520,2508,4.823076923076923,301.9148325920105,1050.67904642232,3.4800511038228596,0.5806054472923279,0.5783859735498061,0.6499715447425842,50.0,90.0,40.0,130.0,100.0,245.0,400.0,0.007876938335964732,0.08875211736045925,0.03967196152468553,2.25296685426015,0.9523200209198466,0.49819822474809605,0.03967196152468553,0.07939190012053246,50.0,40.0,20.0,-30.0,30.0,130.0,40.0,40.0,110.0,70.0,70.0,200.0,70.0,70.0,180.0,80.0,80.0,260.0,380.0,25.0
E06,sample_001622,samples/sample_001622.npz,sample_001622_prediction.npz,0.0022768217604607344,0.006667628418654203,0.7403326929265771,0.41585903083700443,0.5874299937772246,960,2254,2.347916666666667,321.500244140625,952.1527052289188,2.961592479576609,0.3348960876464844,0.5029133606372246,0.6847422122955322,30.0,110.0,80.0,80.0,150.0,170.0,295.0,0.007299348136746606,0.08543622262686129,0.034462532079530706,1.9673900724814357,0.9521812101159467,0.5033539704101072,0.034462532079530706,0.07817724745355213,30.0,80.0,20.0,-10.0,10.0,130.0,20.0,20.0,110.0,30.0,30.0,150.0,70.0,70.0,200.0,50.0,50.0,195.0,290.0,25.495097567963924
E06,sample_001585,samples/sample_001585.npz,sample_001585_prediction.npz,0.0029634127859026194,0.006665844935923815,0.3472608133738017,0.06775407779171895,0.12690951821386603,108,1594,14.75925925925926,87.97479701042175,698.1368353618196,7.935645879115996,0.8145814538002014,0.6057050741381116,0.6423806548118591,30.0,60.0,30.0,60.0,60.0,420.0,460.0,0.008621076625003504,0.09284975296145652,0.03377230593124874,4.959391896683527,0.8242286116687799,0.630096704042954,0.03377230593124874,0.08648992991724323,30.0,30.0,0.0,-30.0,30.0,100.0,40.0,40.0,100.0,70.0,70.0,160.0,100.0,100.0,150.0,90.0,90.0,400.0,425.0,40.311288741492746
E06,sample_000222,samples/sample_000222.npz,sample_000222_prediction.npz,0.008393430151045322,0.015080916695296764,0.6033502533645877,0.2549246813441483,0.40627885503231764,880,3452,3.922727272727273,741.6331243515015,2037.6434207582947,2.7475086452483497,0.8427649140357971,0.7367967031896114,0.810762345790863,60.0,110.0,50.0,160.0,110.0,470.0,245.0,0.01599231416451165,0.12646072182504595,0.06522844679750858,1.57757805886726,0.9787201859532635,0.5567208076958464,0.06522844679750858,0.10834003827254375,60.0,50.0,30.0,-30.0,30.0,150.0,40.0,40.0,120.0,70.0,70.0,220.0,60.0,60.0,180.0,70.0,70.0,450.0,250.0,20.615528128088304
E06,sample_001459,samples/sample_001459.npz,sample_001459_prediction.npz,0.0018334680935367942,0.006041861604899168,0.34776425525648147,0.045754956786985254,0.08750607681088965,90,1967,21.855555555555554,68.3198869228363,618.9239003752967,9.059205573251878,0.7591098546981812,0.5183589080969493,0.5668435096740723,50.0,70.0,20.0,50.0,90.0,295.0,495.0,0.005334929108746178,0.07304059904427249,0.029646544269391607,6.689634253416976,0.9305365322085655,0.4174719802415281,0.029646544269391607,0.06675336337316032,50.0,20.0,20.0,-30.0,30.0,110.0,40.0,40.0,90.0,70.0,70.0,150.0,100.0,100.0,190.0,100.0,100.0,305.0,465.0,31.622776601683793
E06,sample_001967,samples/sample_001967.npz,sample_001967_prediction.npz,0.0015535579295828938,0.004570858087390661,0.2904806566550643,0.05183585313174946,0.09856262833675565,72,1389,19.291666666666668,34.3732488155365,475.0693216379183,13.82090253346055,0.47740623354911804,0.4437725819233391,0.6091523170471191,20.0,40.0,20.0,90.0,40.0,195.0,120.0,0.0046921044608723315,0.06849893766236329,0.02411874112840062,7.053189861326979,0.7785534370190939,0.4730938233467705,0.02411874112840062,0.06411232944803619,20.0,20.0,0.0,-20.0,20.0,110.0,70.0,70.0,110.0,90.0,90.0,210.0,120.0,120.0,220.0,180.0,180.0,195.0,110.0,10.0
E06,sample_001694,samples/sample_001694.npz,sample_001694_prediction.npz,0.004597750026732683,0.008201878517866135,0.5261322150398028,0.1763717805151176,0.29985721085197525,315,1786,5.66984126984127,200.4263225197792,1006.686880173873,5.022727890816474,0.6362740397453308,0.7422197919043284,0.8420845866203308,50.0,100.0,50.0,90.0,70.0,305.0,215.0,0.008261717952439148,0.09089399293924295,0.04154091875275844,3.4404029940039775,0.9768336707435812,0.5163009422801098,0.04154091875275844,0.08084596478251632,50.0,50.0,0.0,-50.0,50.0,150.0,50.0,50.0,150.0,100.0,100.0,160.0,70.0,70.0,140.0,70.0,70.0,310.0,230.0,15.811388300841896
E06,sample_001125,samples/sample_001125.npz,sample_001125_prediction.npz,0.0030475184321403503,0.007689743768423796,0.30661812625988494,0.048,0.0916030534351145,96,2000,20.833333333333332,81.36629676818848,782.884459088387,9.621729022752683,0.8475655913352966,0.5641567166894674,0.6532732248306274,60.0,80.0,20.0,80.0,60.0,450.0,180.0,0.006182054342468258,0.07862604112168091,0.03595375650707361,6.918365899366038,0.9354656218214362,0.4252275205602295,0.03595375650707361,0.0699241141202255,60.0,20.0,30.0,-30.0,30.0,140.0,60.0,60.0,110.0,90.0,90.0,200.0,120.0,120.0,150.0,90.0,90.0,440.0,195.0,18.027756377319946
E06,sample_001461,samples/sample_001461.npz,sample_001461_prediction.npz,0.003209843533113599,0.006561619695276022,0.5536631941186158,0.20552344251766216,0.3409696323921151,320,1557,4.865625,154.81274604797363,799.5822636755663,5.164834834903003,0.4837898313999176,0.6537674481980502,0.7453896403312683,40.0,120.0,80.0,50.0,80.0,365.0,240.0,0.00616856336457411,0.07854020221882618,0.033922229927645264,3.869826109166248,0.9782330391710137,0.4858602233966385,0.033922229927645264,0.0708367537462727,40.0,80.0,20.0,-20.0,20.0,140.0,20.0,20.0,120.0,40.0,40.0,130.0,80.0,80.0,160.0,80.0,80.0,355.0,250.0,14.142135623730951
E07,sample_000796,samples/sample_000796.npz,sample_000796_prediction.npz,0.0034316962119191885,0.010039068758487701,0.5105876619695635,0.22079116835326587,0.3617181612660136,720,3261,4.529166666666667,233.237042427063,1198.6508566026698,5.139195919008051,0.32394033670425415,0.40894145976959,0.6307838559150696,40.0,70.0,30.0,150.0,160.0,175.0,170.0,0.009470555543513252,0.09731677935234628,0.048604952229009755,2.9662285881258414,0.9787699992338683,0.4195320862331583,0.048604952229009755,0.08430963267817583,40.0,30.0,20.0,-20.0,20.0,160.0,90.0,90.0,140.0,110.0,110.0,240.0,90.0,90.0,230.0,70.0,70.0,180.0,185.0,15.811388300841896
E07,sample_001763,samples/sample_001763.npz,sample_001763_prediction.npz,0.004123410675674677,0.008869895711541176,0.4673544552020476,0.1276207839562443,0.22635408245755861,280,2194,7.835714285714285,142.34578132629395,1012.7056406902096,7.114405718626969,0.5083777904510498,0.6362306319177151,0.764930009841919,40.0,110.0,70.0,80.0,50.0,510.0,495.0,0.011354834366887497,0.10655906515584443,0.04459545323546169,5.436532262860508,0.9239077948177853,0.6456004028263336,0.04459545323546169,0.09677850958560608,40.0,70.0,20.0,-20.0,20.0,150.0,40.0,40.0,130.0,60.0,60.0,190.0,110.0,110.0,160.0,110.0,110.0,495.0,480.0,21.213203435596427
E07,sample_000998,samples/sample_000998.npz,sample_000998_prediction.npz,0.0026735635474324226,0.008131482638418674,0.5178947703215063,0.18110544884359076,0.30667109193494857,462,2551,5.521645021645021,163.88124418258667,962.2439748630104,5.871593053021588,0.3547213077545166,0.4561261884319834,0.5126897692680359,80.0,110.0,30.0,110.0,140.0,235.0,380.0,0.0049439029700240784,0.07031289334129323,0.03893999196871706,4.320135054779503,0.9893210276375132,0.31515901028549553,0.03893999196871706,0.058545537793245436,80.0,30.0,40.0,-40.0,40.0,160.0,50.0,50.0,120.0,90.0,90.0,170.0,60.0,60.0,220.0,80.0,80.0,245.0,360.0,22.360679774997898
E07,sample_001629,samples/sample_001629.npz,sample_001629_prediction.npz,0.00554371252655983,0.012323937378823757,0.5335279801953468,0.15745079662605435,0.2720647773279352,504,3201,6.351190476190476,287.289128780365,1495.0572096841806,5.204015954349476,0.5700181126594543,0.6587017060272278,0.7516053318977356,70.0,130.0,60.0,60.0,140.0,440.0,210.0,0.01385400169570017,0.11770302330739076,0.05954821104972818,4.162515591246676,0.9961191338651003,0.5869643587533279,0.05954821104972818,0.1015283815318515,70.0,60.0,30.0,-40.0,40.0,160.0,30.0,30.0,130.0,70.0,70.0,290.0,230.0,230.0,320.0,180.0,180.0,495.0,160.0,74.33034373659252
E07,sample_001922,samples/sample_001922.npz,sample_001922_prediction.npz,0.0067204018123447895,0.012683750130236149,0.6135540580071933,0.23786869647954328,0.3843197540353574,750,3153,4.204,600.9497344493866,1743.7956117124088,2.9017328933677655,0.8012663125991821,0.7342466413974762,0.8302890658378601,60.0,110.0,50.0,150.0,100.0,455.0,270.0,0.014126315227436192,0.11885417631465961,0.05774535578423248,1.8009194450696926,0.9929504009057524,0.601838510171591,0.05774535578423248,0.10388353629323852,60.0,50.0,20.0,-40.0,40.0,160.0,50.0,50.0,140.0,90.0,90.0,300.0,150.0,150.0,360.0,260.0,260.0,490.0,180.0,96.56603957913983
E07,sample_001409,samples/sample_001409.npz,sample_001409_prediction.npz,0.00426081009209156,0.00640549510717392,0.5277514519699588,0.1830065359477124,0.30939226519337015,224,1224,5.464285714285714,206.4456329345703,804.8578043864245,3.898642916033547,0.9216322898864746,0.8518250832068068,0.8931229114532471,20.0,90.0,70.0,40.0,80.0,480.0,290.0,0.008029034308042634,0.08960487881830226,0.03247153594442796,2.2824803134474667,0.9316820335409645,0.6889807990627626,0.03247153594442796,0.08351427220213535,20.0,70.0,20.0,0.0,0.0,120.0,30.0,30.0,100.0,30.0,30.0,140.0,100.0,100.0,140.0,60.0,60.0,460.0,300.0,22.360679774997898
E07,sample_000992,samples/sample_000992.npz,sample_000992_prediction.npz,0.002583095571026206,0.005717578809708357,0.7403122088934356,0.4034406215316315,0.5749308026888098,728,1801,2.473901098901099,443.7051453590393,964.3324301305993,2.17336318998572,0.6094850897789001,0.6528800604557925,0.7993913292884827,20.0,100.0,80.0,70.0,130.0,395.0,215.0,0.005165663903900895,0.07187255320288055,0.02862726716696488,1.0109432633605504,0.973515810641627,0.45183509477090544,0.02862726716696488,0.06592528709419557,20.0,80.0,20.0,0.0,0.0,120.0,20.0,20.0,100.0,20.0,20.0,130.0,60.0,60.0,210.0,80.0,80.0,385.0,215.0,10.0
E07,sample_002128,samples/sample_002128.npz,sample_002128_prediction.npz,0.0008691070252098143,0.003023632103577256,0.6118867743682715,0.19730941704035873,0.3295880149812734,220,1115,5.068181818181818,101.6027420759201,395.0304885124064,3.887990426648424,0.46183064579963684,0.482897834750739,0.5645226240158081,60.0,100.0,40.0,50.0,110.0,295.0,285.0,0.0012276262564859283,0.03503749786280305,0.015427215307623606,2.8106102836081837,0.9974651269718776,0.23467361426412564,0.015427215307623606,0.031458342046874505,60.0,40.0,30.0,-30.0,30.0,150.0,50.0,50.0,120.0,80.0,80.0,120.0,70.0,70.0,160.0,50.0,50.0,300.0,280.0,7.0710678118654755
E07,sample_001888,samples/sample_001888.npz,sample_001888_prediction.npz,0.006744697690010071,0.012132436037063599,0.5068936237396323,0.14130841121495327,0.247625286603341,378,2675,7.076719576719577,311.36883294582367,1473.6802122950444,4.732908552062614,0.8237270712852478,0.7835876709885068,0.8253398537635803,70.0,140.0,70.0,90.0,60.0,355.0,480.0,0.013869177264752498,0.11776747116565124,0.057403908992203725,3.8838573293747247,0.9877724290792769,0.6587412589427019,0.057403908992203725,0.10282980354531117,70.0,70.0,30.0,-40.0,40.0,160.0,20.0,20.0,130.0,60.0,60.0,180.0,90.0,90.0,190.0,130.0,130.0,350.0,475.0,7.0710678118654755
E07,sample_001536,samples/sample_001536.npz,sample_001536_prediction.npz,0.0037757002282887697,0.00785138364881277,0.5103608506176391,0.14606155451225875,0.25489303595812474,280,1917,6.8464285714285715,223.28286409378052,931.1567883654866,4.170301165495591,0.7974388003349304,0.6832450159958431,0.7555858492851257,40.0,80.0,40.0,70.0,100.0,455.0,380.0,0.008467588222724252,0.09201949914406322,0.03784550472355511,2.6151785676739827,0.9594901965874161,0.5636069074333092,0.03784550472355511,0.0838767309505063,40.0,40.0,20.0,-20.0,20.0,140.0,60.0,60.0,120.0,80.0,80.0,150.0,80.0,80.0,170.0,70.0,70.0,445.0,375.0,11.180339887498949
E07,sample_000503,samples/sample_000503.npz,sample_000503_prediction.npz,0.0026894044131040573,0.007478699553757906,0.3155330287300278,0.044709388971684055,0.08559201141226819,90,2013,22.366666666666667,83.0135428905487,752.7527732925412,9.06783094759643,0.9223726987838745,0.5587788489129808,0.6307501196861267,70.0,90.0,20.0,90.0,50.0,415.0,505.0,0.005397577840121739,0.07346820972449063,0.033751445822030726,7.179870379533771,0.9745164561186803,0.40369950501053825,0.033751445822030726,0.06525655327278836,70.0,20.0,30.0,-40.0,40.0,160.0,70.0,70.0,130.0,110.0,110.0,190.0,100.0,100.0,170.0,120.0,120.0,425.0,485.0,22.360679774997898
E07,sample_001208,samples/sample_001208.npz,sample_001208_prediction.npz,0.0022112522274255753,0.004809853155165911,0.5097447666325162,0.1483924154987634,0.25843503230437903,180,1213,6.738888888888889,107.92141556739807,577.9186540031093,5.354995122744595,0.5995634198188782,0.6524007424712182,0.7513942718505859,20.0,70.0,50.0,40.0,90.0,250.0,475.0,0.005021581472061067,0.0708631178545022,0.025771216618649482,3.04720089384292,0.9193234955713926,0.5007381963368628,0.025771216618649482,0.066010801131752,20.0,50.0,10.0,-10.0,10.0,120.0,50.0,50.0,110.0,60.0,60.0,110.0,70.0,70.0,180.0,90.0,90.0,265.0,460.0,21.213203435596427
E07,sample_000155,samples/sample_000155.npz,sample_000155_prediction.npz,0.0014722618507221341,0.004820642992854118,0.549503306315629,0.1532567049808429,0.26578073089701,240,1566,6.525,82.30671644210815,556.1952232853155,6.7575921787200075,0.3429446518421173,0.5015260272969803,0.6092382669448853,70.0,110.0,40.0,60.0,100.0,340.0,440.0,0.002258301534164711,0.047521590189772804,0.023686244171993567,5.2338450974132025,0.9925993503553884,0.25597122370981257,0.023686244171993567,0.041197856390708144,70.0,40.0,40.0,-30.0,30.0,160.0,50.0,50.0,120.0,80.0,80.0,130.0,70.0,70.0,190.0,90.0,90.0,345.0,425.0,15.811388300841896
E07,sample_000172,samples/sample_000172.npz,sample_000172_prediction.npz,0.0013315255055204034,0.004280891735106707,0.4320678671324606,0.10442349528643945,0.18910045961917268,144,1379,9.57638888888889,66.12655019760132,481.248547174151,7.277690212721967,0.45921215415000916,0.45826101758413845,0.5722607374191284,60.0,80.0,20.0,90.0,80.0,445.0,390.0,0.0023403187708926202,0.04837684126617425,0.02154892681791221,5.358715993034136,0.9848777816801471,0.2876948623070098,0.02154892681791221,0.04331238303174837,60.0,20.0,40.0,-20.0,20.0,160.0,80.0,80.0,120.0,100.0,100.0,170.0,80.0,80.0,150.0,70.0,70.0,445.0,385.0,5.0
E07,sample_000676,samples/sample_000676.npz,sample_000676_prediction.npz,0.001979294465854764,0.006102574989199638,0.41641870923470786,0.1037037037037037,0.18791946308724833,196,1890,9.642857142857142,93.86811804771423,684.827559369711,7.2956353404422725,0.47891896963119507,0.45851648659730443,0.5186535120010376,80.0,150.0,70.0,70.0,40.0,265.0,450.0,0.003034610487987874,0.05508729879008295,0.02904497020993159,6.511889954728048,0.9839277809369894,0.2684105360912852,0.02904497020993159,0.04680812102073807,80.0,70.0,50.0,-30.0,30.0,160.0,10.0,10.0,110.0,40.0,40.0,160.0,90.0,90.0,200.0,160.0,160.0,270.0,430.0,20.615528128088304
E07,sample_000167,samples/sample_000167.npz,sample_000167_prediction.npz,0.003726257709786296,0.010362201370298862,0.4459122079337069,0.12919463087248323,0.2288261515601783,385,2980,7.740259740259741,162.68452391028404,1180.3405334652682,7.255395320308359,0.42255720496177673,0.48914572689440344,0.5730560421943665,80.0,150.0,70.0,50.0,110.0,445.0,445.0,0.007953462063381543,0.08918218467486397,0.04871458312494746,6.204877200808411,0.9893563671665668,0.38666374510669765,0.04871458312494746,0.07470175000857829,80.0,70.0,50.0,-30.0,30.0,160.0,10.0,10.0,110.0,40.0,40.0,210.0,160.0,160.0,250.0,140.0,140.0,455.0,435.0,14.142135623730951
E07,sample_000352,samples/sample_000352.npz,sample_000352_prediction.npz,0.0018335602944716811,0.004811731167137623,0.847606576833577,0.47739602169981915,0.6462668298653611,792,1659,2.0946969696969697,481.7146625518799,946.1910682502722,1.9642147972781896,0.6082255840301514,0.7373217897809515,0.8601363301277161,40.0,120.0,80.0,90.0,110.0,345.0,285.0,0.00357040606167901,0.05975287492396504,0.02468179440994326,0.9995545457787246,0.9971954641877943,0.40699930655645,0.02468179440994326,0.05441704775513188,40.0,80.0,20.0,-20.0,20.0,150.0,30.0,30.0,130.0,50.0,50.0,120.0,30.0,30.0,150.0,40.0,40.0,340.0,295.0,11.180339887498949
E07,sample_001467,samples/sample_001467.npz,sample_001467_prediction.npz,0.003870208514854312,0.009394743479788303,0.5938673318912817,0.20441988950276244,0.3394495412844037,560,2710,4.839285714285714,347.71613597869873,1222.8730293126137,3.5168716742772257,0.6209216713905334,0.6127263339535732,0.7543752193450928,70.0,150.0,80.0,50.0,140.0,355.0,200.0,0.0075830438699534064,0.08708067449183778,0.043896470696565215,2.7376607528685324,0.9971473781823939,0.4565440933432521,0.043896470696565215,0.0752073382745261,70.0,80.0,30.0,-40.0,40.0,160.0,10.0,10.0,130.0,50.0,50.0,170.0,120.0,120.0,240.0,100.0,100.0,355.0,190.0,10.0
E07,sample_002010,samples/sample_002010.npz,sample_002010_prediction.npz,0.0043062190525233746,0.011501170694828033,0.32870979766769987,0.05459863503412415,0.10354391371340524,168,3077,18.31547619047619,156.31246948242188,1155.3617727837004,7.391360245342594,0.9304313659667969,0.5388789879424232,0.6348983645439148,80.0,100.0,20.0,60.0,140.0,170.0,470.0,0.009188647510044178,0.09585743325399537,0.04883384957847454,5.768387820421156,0.9792729458289188,0.4424737297681831,0.04883384957847454,0.08248577238161198,80.0,20.0,40.0,-40.0,40.0,160.0,60.0,60.0,120.0,100.0,100.0,180.0,120.0,120.0,250.0,110.0,110.0,180.0,455.0,18.027756377319946
E07,sample_002098,samples/sample_002098.npz,sample_002098_prediction.npz,0.0014988373732194304,0.004530363716185093,0.8111043684265803,0.4352498656636217,0.6065144140771247,810,1861,2.297530864197531,470.3172558546066,859.1523883755802,1.8267507255595523,0.580638587474823,0.5944997843952826,0.7493106722831726,40.0,100.0,60.0,150.0,90.0,325.0,305.0,0.0024531067436537666,0.04952884759060892,0.02085943589545757,0.8045611246467668,0.9968498990315544,0.3072183407886704,0.02085943589545757,0.04492205113056463,40.0,60.0,20.0,-20.0,20.0,140.0,40.0,40.0,120.0,60.0,60.0,180.0,30.0,30.0,140.0,50.0,50.0,320.0,310.0,7.0710678118654755
E07,sample_001451,samples/sample_001451.npz,sample_001451_prediction.npz,0.0008232815307565033,0.0027947910130023956,0.7342945459164206,0.3923923923923924,0.5636232925952552,392,999,2.548469387755102,94.30146908760071,368.65870469010076,3.909363324421147,0.2405649721622467,0.44207509561460845,0.6284673810005188,20.0,90.0,70.0,80.0,70.0,390.0,335.0,0.0017034111340089462,0.041272401602147485,0.015134409366258175,2.391135815062087,0.9795090873393824,0.2829233568310664,0.015134409366258175,0.03839740599498179,20.0,70.0,20.0,0.0,0.0,120.0,30.0,30.0,100.0,30.0,30.0,130.0,50.0,50.0,120.0,50.0,50.0,385.0,330.0,7.0710678118654755
E07,sample_000316,samples/sample_000316.npz,sample_000316_prediction.npz,0.0006352526252157986,0.002024861518293619,0.47045771352592813,0.12965964343598055,0.22955523672883787,80,617,7.7125,23.076975345611572,222.1289678475992,9.625566805046672,0.28846219182014465,0.46253512389957907,0.5410139560699463,20.0,60.0,40.0,50.0,40.0,475.0,350.0,0.0011781865854327406,0.034324722656312034,0.011040218609495353,5.888358617571574,0.9067948745487237,0.3028025803456575,0.011040218609495353,0.032500771659874375,20.0,40.0,20.0,0.0,0.0,110.0,50.0,50.0,90.0,50.0,50.0,110.0,60.0,60.0,90.0,50.0,50.0,455.0,345.0,20.615528128088304
E07,sample_001723,samples/sample_001723.npz,sample_001723_prediction.npz,0.0013693602522835135,0.0038360662292689085,0.6858276116796675,0.27842227378190254,0.4355716878402904,360,1293,3.591666666666667,184.5861268043518,554.2764533795578,3.002806673369616,0.5127392411231995,0.5751843658586343,0.6952173709869385,30.0,90.0,60.0,50.0,120.0,255.0,300.0,0.002670240074896815,0.051674365742569256,0.020188828724715075,1.745650738995797,0.9881737385969492,0.33131932134318764,0.020188828724715075,0.047567334060476155,30.0,60.0,20.0,-10.0,10.0,130.0,40.0,40.0,110.0,50.0,50.0,110.0,60.0,60.0,170.0,50.0,50.0,265.0,305.0,11.180339887498949
E07,sample_001111,samples/sample_001111.npz,sample_001111_prediction.npz,0.0027758379001170397,0.006157663185149431,0.6409390734378666,0.22903033908387865,0.3727008712487899,385,1681,4.3662337662337665,306.5526646375656,838.826331209153,2.736320469440021,0.7962406873703003,0.7013714745447233,0.7716554999351501,40.0,90.0,50.0,70.0,110.0,375.0,255.0,0.004791151781014252,0.06921814632749314,0.028575912883327625,1.5371572726614526,0.9882262175854629,0.4287544345501264,0.028575912883327625,0.06304418279190176,40.0,50.0,20.0,-20.0,20.0,140.0,50.0,50.0,120.0,70.0,70.0,120.0,50.0,50.0,180.0,70.0,70.0,370.0,260.0,7.0710678118654755
E07,sample_000562,samples/sample_000562.npz,sample_000562_prediction.npz,0.0026697206776589155,0.00723290117457509,0.35696533197525265,0.07734258800198314,0.14358030372756558,156,2017,12.929487179487179,97.30296850204468,768.0432626890437,7.893317896800902,0.6237369775772095,0.4960398335869496,0.6736813187599182,50.0,80.0,30.0,40.0,130.0,490.0,495.0,0.005960417003176253,0.07720373697675685,0.034173293943743535,5.504291922261698,0.9354003956375745,0.425266036926142,0.034173293943743535,0.06922862835713817,50.0,30.0,30.0,-20.0,20.0,160.0,80.0,80.0,130.0,100.0,100.0,160.0,120.0,120.0,220.0,90.0,90.0,480.0,480.0,18.027756377319946
E07,sample_002168,samples/sample_002168.npz,sample_002168_prediction.npz,0.0013773300452157855,0.0038044173270463943,0.4024922016291737,0.08437200383509108,0.15561450044208666,88,1043,11.852272727272727,75.48128128051758,391.228818795449,5.183123711711937,0.8577418327331543,0.5268217995762825,0.6083800792694092,30.0,50.0,20.0,110.0,40.0,415.0,420.0,0.002465292542762577,0.04965171238499813,0.01755498283508446,3.011556301382991,0.9301554363264819,0.3532969184844866,0.01755498283508446,0.04644475342191481,30.0,20.0,20.0,-10.0,10.0,100.0,50.0,50.0,80.0,60.0,60.0,160.0,50.0,50.0,110.0,70.0,70.0,400.0,405.0,21.213203435596427
E07,sample_001196,samples/sample_001196.npz,sample_001196_prediction.npz,0.003685211995616555,0.008551239036023617,0.28291281789021455,0.04396678065461651,0.08423022929340196,90,2047,22.744444444444444,88.26255083084106,857.2941156569752,9.712999540428147,0.9806950092315674,0.5829759412341647,0.6814238429069519,50.0,80.0,30.0,60.0,50.0,110.0,525.0,0.009093588397605311,0.09536030829231473,0.03906417028590919,7.0291346709825495,0.8846685156341821,0.5789269350406299,0.03906417028590919,0.08699183293550494,50.0,30.0,20.0,-30.0,30.0,140.0,60.0,60.0,120.0,90.0,90.0,160.0,100.0,100.0,190.0,140.0,140.0,140.0,495.0,42.42640687119285
E07,sample_001899,samples/sample_001899.npz,sample_001899_prediction.npz,0.002963440492749214,0.009390338324010372,0.4916032183361408,0.15430861723446893,0.2673611111111111,462,2994,6.48051948051948,150.69104826450348,1073.3453962880146,7.122821220302374,0.3261711001396179,0.4469363864237096,0.5165054798126221,80.0,110.0,30.0,110.0,140.0,165.0,350.0,0.006553055120744481,0.08095094267977662,0.044359021947387105,5.414463474404687,0.9860985390758902,0.35778597619025093,0.044359021947387105,0.06771508172198944,80.0,30.0,40.0,-40.0,40.0,160.0,50.0,50.0,120.0,90.0,90.0,210.0,100.0,100.0,210.0,70.0,70.0,165.0,335.0,15.0
E07,sample_000775,samples/sample_000775.npz,sample_000775_prediction.npz,0.0018114937702193856,0.005854205694049597,0.6736152998530407,0.3096067695370831,0.47282402128468265,640,1991,3.1109375,211.01202011108398,765.1942789184184,3.6263065891487782,0.3297062814235687,0.46728479839803183,0.6882902383804321,60.0,140.0,80.0,160.0,50.0,440.0,325.0,0.003274299738062021,0.05722149716725368,0.028107645253662775,2.7445467221628244,0.9981183845078991,0.2945145451784512,0.028107645253662775,0.04984235163348806,60.0,80.0,40.0,-20.0,20.0,160.0,20.0,20.0,120.0,40.0,40.0,220.0,60.0,60.0,140.0,90.0,90.0,440.0,320.0,5.0
E07,sample_001971,samples/sample_001971.npz,sample_001971_prediction.npz,0.0022890360560268164,0.006298671942204237,0.42154749631925115,0.09345794392523364,0.17094017094017094,160,1712,10.7,147.76297569274902,637.9644148955845,4.3174848902754634,0.9235185980796814,0.5204459683969617,0.687835693359375,50.0,70.0,20.0,160.0,50.0,240.0,195.0,0.0036301661916248677,0.060250860505264715,0.026010758410077165,2.776556497263876,0.9772529790474856,0.34284174116681304,0.026010758410077165,0.05434709411327773,50.0,20.0,20.0,-30.0,30.0,140.0,70.0,70.0,120.0,100.0,100.0,200.0,40.0,40.0,130.0,80.0,80.0,240.0,215.0,20.0
E07,sample_002064,samples/sample_002064.npz,sample_002064_prediction.npz,0.007271192967891693,0.016606364399194717,0.5211421033305975,0.17006200177147918,0.2906888720666162,768,4516,5.880208333333333,498.9137878417969,2046.5252994700693,4.101961800500516,0.6496273279190063,0.595947481963473,0.6932821273803711,80.0,120.0,40.0,160.0,120.0,170.0,440.0,0.018579358363000446,0.13630612004968978,0.07434785459826945,2.926456095913407,0.9890096655981195,0.5744607899026068,0.07434785459826945,0.11424427722925569,80.0,40.0,30.0,-50.0,50.0,160.0,40.0,40.0,130.0,90.0,90.0,240.0,80.0,80.0,270.0,150.0,150.0,180.0,445.0,11.180339887498949
E07,sample_001548,samples/sample_001548.npz,sample_001548_prediction.npz,0.004067773465067148,0.008262584917247295,0.5588581514426133,0.18384401114206128,0.31058823529411766,396,2154,5.4393939393939394,281.8826107978821,1063.7749901599573,3.773822681537154,0.7118247747421265,0.6808806368798921,0.8228604197502136,50.0,90.0,40.0,90.0,110.0,455.0,335.0,0.008587514691191693,0.09266884423144434,0.04074263136512413,2.4477739132405514,0.9787305357139076,0.548543051759128,0.04074263136512413,0.08323192104377561,50.0,40.0,20.0,-30.0,30.0,160.0,70.0,70.0,140.0,100.0,100.0,160.0,70.0,70.0,160.0,50.0,50.0,440.0,330.0,15.811388300841896
E07,sample_000381,samples/sample_000381.npz,sample_000381_prediction.npz,0.00206392933614552,0.006309937685728073,0.6051659822179032,0.28328611898017,0.44150110375275936,600,2118,3.53,171.90202474594116,780.928643421392,4.5428705367231625,0.2865033745765686,0.43156493375698723,0.628718912601471,30.0,70.0,40.0,100.0,150.0,440.0,425.0,0.005362000655741968,0.07322568303363218,0.03236337808261751,2.6106515122928857,0.9675177782457409,0.37146010422400155,0.03236337808261751,0.06568570936530656,30.0,40.0,20.0,-10.0,10.0,130.0,60.0,60.0,110.0,70.0,70.0,150.0,50.0,50.0,200.0,50.0,50.0,435.0,410.0,15.811388300841896
E07,sample_000114,samples/sample_000114.npz,sample_000114_prediction.npz,0.005609036888927221,0.013890772126615047,0.4471742911839143,0.1309328968903437,0.23154848046309695,480,3666,7.6375,322.79139518737793,1558.1525346035094,4.8271191792427235,0.6724820733070374,0.5376169498388966,0.7050808072090149,80.0,100.0,20.0,150.0,160.0,485.0,350.0,0.011120952027763682,0.10545592457403084,0.058779167134909945,3.2913456544962987,0.9911367564584527,0.4324485170536505,0.058779167134909945,0.08755547692000772,80.0,20.0,30.0,-50.0,50.0,160.0,60.0,60.0,130.0,110.0,110.0,240.0,90.0,90.0,240.0,80.0,80.0,480.0,340.0,11.180339887498949
E07,sample_000761,samples/sample_000761.npz,sample_000761_prediction.npz,0.00450139818713069,0.008680724538862705,0.4437362744325878,0.10520665593129361,0.19038368139873726,196,1863,9.505102040816327,195.83123445510864,945.9370224160393,4.830368480534095,0.9991389513015747,0.7357609779859076,0.8270140290260315,50.0,120.0,70.0,70.0,40.0,155.0,200.0,0.008629104707460578,0.0928929744784856,0.038768402747478815,3.8618897702868855,0.9726841722991723,0.594850869761392,0.038768402747478815,0.08441632339701756,50.0,70.0,20.0,-30.0,30.0,140.0,20.0,20.0,120.0,50.0,50.0,160.0,90.0,90.0,140.0,100.0,100.0,170.0,220.0,25.0
E07,sample_001580,samples/sample_001580.npz,sample_001580_prediction.npz,0.008673811331391335,0.014082935638725758,0.48114261834678984,0.16759776536312848,0.28708133971291866,480,2864,5.966666666666667,401.34976387023926,1689.5474085438948,4.209663392477151,0.8361453413963318,0.7370205858101447,0.8999324440956116,40.0,120.0,80.0,120.0,50.0,500.0,525.0,0.021443550780590716,0.1464361662315383,0.06426191504873865,2.8935533415185852,0.9244317465780624,0.8349602032184635,0.06426191504873865,0.13158251044443334,40.0,80.0,20.0,-20.0,20.0,160.0,40.0,40.0,140.0,60.0,60.0,200.0,80.0,80.0,170.0,120.0,120.0,480.0,505.0,28.284271247461902
E07,sample_001591,samples/sample_001591.npz,sample_001591_prediction.npz,0.002361779799684882,0.007915832102298737,0.8076385035185883,0.47372236317506344,0.6428922774225283,1320,2746,2.08030303030303,381.7951512336731,1145.8260006391195,3.001153883009453,0.28923875093460083,0.500812383936577,0.6429498195648193,70.0,150.0,80.0,110.0,150.0,395.0,325.0,0.005226678812467541,0.07229577313002152,0.0379620985215979,2.131990723325842,0.9990558590007863,0.3608108762048591,0.0379620985215979,0.0615268875232937,70.0,80.0,40.0,-30.0,30.0,160.0,10.0,10.0,120.0,40.0,40.0,180.0,70.0,70.0,190.0,40.0,40.0,400.0,325.0,5.0
E07,sample_000709,samples/sample_000709.npz,sample_000709_prediction.npz,0.003491058712825179,0.008868779987096786,0.38784656954903607,0.07982261640798226,0.14784394250513347,180,2255,12.527777777777779,170.6106162071228,903.0278592679485,5.292917166254559,0.9478367567062378,0.5605611893865797,0.6949179172515869,80.0,110.0,30.0,120.0,50.0,480.0,315.0,0.005629436737468609,0.07502957241960405,0.03652804065758739,4.2523106900621706,0.9972966229416992,0.3905977209592244,0.03652804065758739,0.06553730985618995,80.0,30.0,40.0,-40.0,40.0,160.0,50.0,50.0,120.0,90.0,90.0,220.0,100.0,100.0,170.0,120.0,120.0,480.0,305.0,10.0
E07,sample_000703,samples/sample_000703.npz,sample_000703_prediction.npz,0.0023302638437598944,0.005893605295568705,0.6129819703399187,0.28745163073521285,0.44654358093602403,520,1809,3.478846153846154,243.65123629570007,780.9045199378517,3.2050094709559778,0.4685600697994232,0.5171182486586846,0.7443605661392212,30.0,110.0,80.0,130.0,50.0,465.0,415.0,0.005065164807341365,0.07116997124729899,0.02899307452122295,2.0578568501562646,0.9727232087376311,0.4126292235498672,0.02899307452122295,0.06499666481557478,30.0,80.0,20.0,-10.0,10.0,130.0,20.0,20.0,110.0,30.0,30.0,190.0,60.0,60.0,140.0,90.0,90.0,455.0,410.0,11.180339887498949
E07,sample_001400,samples/sample_001400.npz,sample_001400_prediction.npz,0.001695255865342915,0.005022888537496328,0.4564146653638959,0.15191462649089768,0.26376021798365124,242,1593,6.582644628099174,134.1245481967926,564.2299535166879,4.206761261099112,0.5542336702346802,0.42269518318747684,0.5731209516525269,30.0,50.0,20.0,110.0,110.0,425.0,365.0,0.0033662296371821786,0.05801921782635628,0.023517806918070667,2.2161050014582457,0.9549622551519094,0.33938214392394395,0.023517806918070667,0.053039064800828886,30.0,20.0,20.0,-10.0,10.0,110.0,60.0,60.0,90.0,70.0,70.0,160.0,50.0,50.0,160.0,50.0,50.0,410.0,360.0,15.811388300841896
E07,sample_001887,samples/sample_001887.npz,sample_001887_prediction.npz,0.0018330194288864732,0.004271059762686491,0.6196129224631756,0.25477707006369427,0.40609137055837563,320,1256,3.925,185.7793426513672,587.3314446784947,3.16144645737432,0.5805604457855225,0.5946331798098982,0.7530343532562256,20.0,70.0,50.0,40.0,160.0,380.0,240.0,0.003247737522005225,0.0569889245556119,0.022049986434039895,1.6140406453573917,0.9557152399565702,0.384065951482769,0.022049986434039895,0.052550315130014985,20.0,50.0,20.0,0.0,0.0,120.0,50.0,50.0,100.0,50.0,50.0,100.0,60.0,60.0,220.0,60.0,60.0,370.0,240.0,10.0
E07,sample_001331,samples/sample_001331.npz,sample_001331_prediction.npz,0.0006383100990206003,0.0022807547356933355,0.18809531390950876,0.08854166666666667,0.16267942583732056,110,726,6.6,28.615364134311676,225.73319408575742,7.888531245880205,0.26013967394828796,0.14463677131994204,0.4985154867172241,20.0,40.0,20.0,50.0,110.0,375.0,195.0,0.0008225318400598455,0.028679815900034045,0.010748841070610757,3.7994475658153526,0.8699374427283599,0.22365012304226856,0.010748841070610757,0.02658936358205282,20.0,20.0,20.0,0.0,0.0,110.0,70.0,70.0,90.0,70.0,70.0,80.0,30.0,30.0,180.0,70.0,70.0,360.0,200.0,15.811388300841896
E07,sample_001596,samples/sample_001596.npz,sample_001596_prediction.npz,0.0037748494651168585,0.009659653529524803,0.4473465003648852,0.1000396982929734,0.18188379646337063,252,2519,9.996031746031745,230.43040251731873,1015.2907734743468,4.406062578474381,0.9144063591957092,0.5875764315327009,0.686540424823761,80.0,100.0,20.0,140.0,90.0,390.0,355.0,0.005773135971120609,0.07598115536842415,0.03916602860681216,3.141349573715215,0.9970025291761138,0.38790851116638847,0.03916602860681216,0.06510881794573588,80.0,20.0,40.0,-40.0,40.0,170.0,70.0,70.0,130.0,110.0,110.0,210.0,70.0,70.0,160.0,70.0,70.0,395.0,350.0,7.0710678118654755
E07,sample_002009,samples/sample_002009.npz,sample_002009_prediction.npz,0.0027411102782934904,0.008646284230053425,0.5626398353833655,0.22408148417606402,0.36612184249628527,616,2749,4.462662337662338,175.44790244102478,1025.379214419645,5.844351514913761,0.28481802344322205,0.44138660785052686,0.5359326601028442,80.0,120.0,40.0,140.0,110.0,360.0,135.0,0.005606305121328066,0.07487526374796998,0.04035246025849158,4.488008139053027,0.990862416220133,0.3263556182824281,0.04035246025849158,0.06307126185843219,80.0,40.0,40.0,-40.0,40.0,160.0,40.0,40.0,120.0,80.0,80.0,220.0,80.0,80.0,240.0,130.0,130.0,360.0,120.0,15.0
E07,sample_002116,samples/sample_002116.npz,sample_002116_prediction.npz,0.0061266436241567135,0.01111494842916727,0.6344759595033869,0.2762022194821208,0.43285024154589374,672,2433,3.6205357142857144,638.236249923706,1487.9111569704608,2.331285879089951,0.9497563242912292,0.7689758089504072,0.850300669670105,40.0,110.0,70.0,60.0,160.0,190.0,340.0,0.011183707192120364,0.1057530481457644,0.045395984534881625,1.311602780813205,0.989301409527807,0.6059908291364429,0.045395984534881625,0.09551393500547002,40.0,70.0,20.0,-20.0,20.0,140.0,30.0,30.0,120.0,50.0,50.0,140.0,80.0,80.0,210.0,50.0,50.0,200.0,345.0,11.180339887498949
E07,sample_000238,samples/sample_000238.npz,sample_000238_prediction.npz,0.009021680802106857,0.01555688213557005,0.696241711942587,0.3346613545816733,0.5014925373134328,1344,4016,2.988095238095238,988.6517601013184,2502.5290200390004,2.5312543010923663,0.7356039881706238,0.7963635391954865,0.8924211859703064,50.0,120.0,70.0,160.0,120.0,350.0,150.0,0.02345098697384638,0.15313715086107088,0.07575624592450957,1.4258032840186872,0.9891877195880158,0.7085480780163813,0.07575624592450957,0.13308635608983968,50.0,70.0,20.0,-30.0,30.0,160.0,40.0,40.0,140.0,70.0,70.0,400.0,240.0,240.0,270.0,150.0,150.0,440.0,135.0,91.2414379544733
E07,sample_000737,samples/sample_000737.npz,sample_000737_prediction.npz,0.0011216304264962673,0.0037274679634720087,0.5240934282378977,0.18045112781954886,0.3057324840764331,240,1330,5.541666666666667,93.02326440811157,452.8836053303405,4.868498307514237,0.3875969350337982,0.4183715624113878,0.5173508524894714,40.0,70.0,30.0,50.0,160.0,375.0,160.0,0.0019308302928284548,0.04394121405728857,0.018919698486882013,2.992748709240752,0.9716267295844364,0.2635336286011488,0.018919698486882013,0.039659491953300784,40.0,30.0,20.0,-20.0,20.0,130.0,60.0,60.0,110.0,80.0,80.0,130.0,80.0,80.0,210.0,50.0,50.0,365.0,175.0,18.027756377319946
E07,sample_000271,samples/sample_000271.npz,sample_000271_prediction.npz,0.005102783907204866,0.012037869542837143,0.48278058561909504,0.12902198152277797,0.22855530474040633,405,3139,7.750617283950617,286.7427536845207,1395.666936604363,4.867313711229472,0.7080067992210388,0.6160973924177664,0.6946246027946472,80.0,110.0,30.0,90.0,150.0,365.0,435.0,0.010515536832367224,0.10254529161481392,0.0544243657264772,3.587360881302802,0.9958745091012834,0.48499063171598666,0.0544243657264772,0.08691101913818454,80.0,30.0,40.0,-40.0,40.0,170.0,60.0,60.0,130.0,100.0,100.0,180.0,90.0,90.0,250.0,100.0,100.0,360.0,435.0,5.0
E07,sample_001280,samples/sample_001280.npz,sample_001280_prediction.npz,0.001286169863305986,0.003994285594671965,0.3314738785381639,0.15825169555388094,0.27325959661678595,210,1327,6.319047619047619,63.227905333042145,435.7968572506737,6.89247658854407,0.3010852634906769,0.2750282558656874,0.5064082741737366,20.0,40.0,20.0,70.0,150.0,415.0,485.0,0.0025293465369037346,0.05029260916778662,0.020117839500276534,3.437551899901807,0.9234791594478778,0.2863111101406826,0.020117839500276534,0.046093590343396426,20.0,20.0,20.0,0.0,0.0,110.0,70.0,70.0,90.0,70.0,70.0,110.0,40.0,40.0,210.0,60.0,60.0,405.0,465.0,22.360679774997898
E07,sample_000473,samples/sample_000473.npz,sample_000473_prediction.npz,0.005024951416999102,0.011228525079786777,0.6275785033395057,0.27607361963190186,0.4326923076923077,900,3260,3.6222222222222222,463.0685806274414,1549.3674276768777,3.3458703364791886,0.5145206451416016,0.5998772976630263,0.8285021185874939,50.0,90.0,40.0,150.0,150.0,445.0,245.0,0.012711468952269146,0.1127451504600936,0.05536392920366865,2.000450810829743,0.9900676700948077,0.5268328876949504,0.05536392920366865,0.09821560107946348,50.0,40.0,20.0,-30.0,30.0,160.0,70.0,70.0,140.0,100.0,100.0,310.0,160.0,160.0,350.0,200.0,200.0,485.0,175.0,80.62257748298549
E07,sample_001502,samples/sample_001502.npz,sample_001502_prediction.npz,0.0023819301277399063,0.007515931036323309,0.4358984794207004,0.10834425513324596,0.1955065037445802,252,2285,9.067460317460318,71.70944917201996,807.7070982979519,11.263607622482033,0.28456130623817444,0.46159082955666003,0.5763444304466248,70.0,140.0,70.0,60.0,60.0,160.0,450.0,0.00503319231753691,0.07094499501400299,0.03592144874970662,10.036966895204666,0.9725565591073306,0.34469370214591555,0.03592144874970662,0.061178769497752326,70.0,70.0,40.0,-30.0,30.0,160.0,20.0,20.0,120.0,50.0,50.0,190.0,130.0,130.0,210.0,150.0,150.0,165.0,425.0,25.495097567963924
E07,sample_000960,samples/sample_000960.npz,sample_000960_prediction.npz,0.003297244431450963,0.009522044099867344,0.4744184901458634,0.130609511051574,0.23104265402843602,390,2986,7.656410256410257,203.0231523513794,1114.707970812551,5.490546067786822,0.5205721855163574,0.49487409652807773,0.6039109230041504,70.0,90.0,20.0,130.0,150.0,165.0,265.0,0.007579263420388091,0.0870589651924952,0.04504821138378213,3.8489019361376955,0.9915316346818336,0.40362096499427313,0.04504821138378213,0.07449779910514252,70.0,20.0,40.0,-30.0,30.0,160.0,70.0,70.0,120.0,100.0,100.0,210.0,80.0,80.0,200.0,50.0,50.0,175.0,260.0,11.180339887498949
E07,sample_001604,samples/sample_001604.npz,sample_001604_prediction.npz,0.004102893639355898,0.009383323602378368,0.4658313937809472,0.12515387771850636,0.2224653537563822,320,2422,7.56875,209.39214706420898,1080.7328498720124,5.161286442803471,0.6543504595756531,0.5942468682216713,0.7453844547271729,70.0,150.0,80.0,50.0,80.0,265.0,500.0,0.008335845637816839,0.09130085233893953,0.04333126277452417,4.625116781776404,0.9929175264002377,0.5026398617598188,0.04333126277452417,0.0803632210913797,70.0,80.0,30.0,-40.0,40.0,160.0,10.0,10.0,130.0,50.0,50.0,180.0,130.0,130.0,200.0,120.0,120.0,260.0,490.0,11.180339887498949
E07,sample_001049,samples/sample_001049.npz,sample_001049_prediction.npz,0.002154942834749818,0.006799878552556038,0.6580116523804952,0.2876712328767123,0.44680851063829785,630,2190,3.4761904761904763,164.42838996648788,832.7853373846731,5.064729622143736,0.2609974443912506,0.4743699408003262,0.6610367894172668,50.0,110.0,60.0,70.0,150.0,215.0,405.0,0.005277907328756355,0.07264920735119107,0.03454227081099158,3.719790939384087,0.9862192294663397,0.38633689315326003,0.03454227081099158,0.0639119617597244,50.0,60.0,30.0,-20.0,20.0,160.0,50.0,50.0,130.0,70.0,70.0,140.0,70.0,70.0,220.0,70.0,70.0,230.0,400.0,15.811388300841896
E07,sample_001954,samples/sample_001954.npz,sample_001954_prediction.npz,0.0023280850145965815,0.006915246602147818,0.34303618479253006,0.06669842782277274,0.12505582849486377,140,2099,14.992857142857142,69.94698226451874,740.8318414355284,10.591333856747703,0.49962130188941956,0.4692369365266391,0.5283663868904114,80.0,100.0,20.0,100.0,70.0,400.0,495.0,0.003951259090512122,0.062859041438063,0.03242358564629342,8.255566800516542,0.9750468688598974,0.2997352086716512,0.03242358564629342,0.05385137123926927,80.0,20.0,40.0,-40.0,40.0,160.0,60.0,60.0,120.0,100.0,100.0,170.0,70.0,70.0,190.0,120.0,120.0,405.0,465.0,30.4138126514911
E07,sample_001051,samples/sample_001051.npz,sample_001051_prediction.npz,0.0038912612944841385,0.008756601251661777,0.4570461193528529,0.11277231952157198,0.20268714011516314,264,2341,8.867424242424242,169.32887077331543,1012.4919548753585,5.97944077847661,0.64139723777771,0.6219765209790432,0.7785769701004028,40.0,80.0,40.0,110.0,60.0,165.0,520.0,0.010911625652727911,0.10445872702999932,0.04371369972788665,3.928275647041333,0.9167414284122698,0.6103489809968035,0.04371369972788665,0.09487221990039062,40.0,40.0,20.0,-20.0,20.0,130.0,50.0,50.0,110.0,70.0,70.0,190.0,80.0,80.0,170.0,110.0,110.0,185.0,495.0,32.01562118716424
E07,sample_000519,samples/sample_000519.npz,sample_000519_prediction.npz,0.004322065506130457,0.012006382457911968,0.7047360278012547,0.31126722507430427,0.47475788172264577,1152,3701,3.212673611111111,485.49850845336914,1665.664329845452,3.4308330527145885,0.42143967747688293,0.5866007656117694,0.7064151167869568,70.0,130.0,60.0,160.0,120.0,190.0,260.0,0.011932753281151967,0.10923714240656411,0.05799119453119474,2.387047933046279,0.9985096254332784,0.4915904499051872,0.05799119453119474,0.09257307728490556,70.0,60.0,30.0,-40.0,40.0,160.0,30.0,30.0,130.0,70.0,70.0,230.0,70.0,70.0,190.0,70.0,70.0,185.0,265.0,7.0710678118654755
E07,sample_002133,samples/sample_002133.npz,sample_002133_prediction.npz,0.0007833566050976515,0.0025972158182412386,0.6885806755124017,0.36885245901639346,0.5389221556886228,360,976,2.7111111111111112,119.72476601600647,372.06982046703286,3.1077097316464113,0.33256879448890686,0.43075736131933,0.5993492603302002,20.0,80.0,60.0,120.0,50.0,250.0,245.0,0.0015148615285607205,0.03892122208462525,0.014010067691386782,1.72963603089087,0.9589385577503623,0.29024252248351645,0.014010067691386782,0.03631225043760688,20.0,60.0,20.0,0.0,0.0,110.0,30.0,30.0,90.0,30.0,30.0,160.0,40.0,40.0,100.0,50.0,50.0,250.0,260.0,15.0
E07,sample_000492,samples/sample_000492.npz,sample_000492_prediction.npz,0.0009222523658536375,0.003350521670654416,0.5749070366500106,0.2630691399662732,0.4165554072096128,336,1162,3.4583333333333335,69.23460531234741,388.39600478418896,5.609853671180267,0.20605537295341492,0.3520557896089962,0.5133180022239685,30.0,90.0,60.0,40.0,140.0,390.0,410.0,0.0016134862622873346,0.040168224534914844,0.017022888919372377,3.6885993099293772,0.9641157789162238,0.2593897111073805,0.017022888919372377,0.03638279146967758,30.0,60.0,20.0,-10.0,10.0,130.0,40.0,40.0,110.0,50.0,50.0,110.0,70.0,70.0,190.0,50.0,50.0,385.0,405.0,7.0710678118654755
E07,sample_000901,samples/sample_000901.npz,sample_000901_prediction.npz,0.00866993423551321,0.015323299914598465,0.47008759828227503,0.1306762495916367,0.23114706732158335,400,3061,7.6525,387.03465461730957,1741.1459425852247,4.498682280290449,0.9675866365432739,0.7772986409068108,0.8278712630271912,70.0,110.0,40.0,100.0,100.0,200.0,200.0,0.018611783618630327,0.1364250109717068,0.06696423352638589,3.2665717464926796,0.9885109552833755,0.7103898043035476,0.06696423352638589,0.11885947604988835,70.0,40.0,20.0,-50.0,50.0,160.0,50.0,50.0,140.0,100.0,100.0,170.0,70.0,70.0,220.0,120.0,120.0,205.0,200.0,5.0
E07,sample_000728,samples/sample_000728.npz,sample_000728_prediction.npz,0.001573215238749981,0.004889864474534988,0.5939946703001351,0.18087855297157623,0.3063457330415755,280,1548,5.5285714285714285,104.24670338630676,584.9399887693515,5.611112579759388,0.3723096549510956,0.5368126801082066,0.6821566224098206,60.0,100.0,40.0,70.0,100.0,335.0,470.0,0.003016994332815181,0.05492717299129076,0.024678116705949892,4.308197204184968,0.9894226748834026,0.3333100644009404,0.024678116705949892,0.049071222612267346,60.0,40.0,30.0,-30.0,30.0,160.0,60.0,60.0,130.0,90.0,90.0,130.0,60.0,60.0,190.0,90.0,90.0,345.0,455.0,18.027756377319946
E07,sample_000044,samples/sample_000044.npz,sample_000044_prediction.npz,0.005760801490396261,0.010453703813254833,0.6599301664793527,0.25965177895533686,0.41225961538461536,686,2642,3.8513119533527695,557.6774952411652,1565.4620332501054,2.807109927527429,0.8129409551620483,0.8037190970804532,0.8291130661964417,70.0,140.0,70.0,70.0,140.0,275.0,260.0,0.011190452924506001,0.10578493713429149,0.051230226357297584,2.0093595422234105,0.9981955043650874,0.5854491090141763,0.051230226357297584,0.09255223839479007,70.0,70.0,30.0,-40.0,40.0,160.0,20.0,20.0,130.0,60.0,60.0,140.0,70.0,70.0,200.0,60.0,60.0,280.0,270.0,11.180339887498949
E07,sample_000653,samples/sample_000653.npz,sample_000653_prediction.npz,0.0009675569017417729,0.0033846942242234945,0.22593770700291438,0.13676588897827835,0.24062278839348902,312,1101,3.5288461538461537,65.11785006523132,343.10702010844227,5.269016402794892,0.20871105790138245,0.12938346034393478,0.477415531873703,20.0,40.0,20.0,120.0,130.0,300.0,235.0,0.0011990896251581902,0.0346278735292566,0.014917176362757637,2.4610936658407994,0.973164339459134,0.20513487225883947,0.014917176362757637,0.03125007959222784,20.0,20.0,20.0,0.0,0.0,120.0,80.0,80.0,100.0,80.0,80.0,130.0,10.0,10.0,160.0,30.0,30.0,305.0,240.0,7.0710678118654755
E07,sample_001330,samples/sample_001330.npz,sample_001330_prediction.npz,0.005377490073442459,0.011606521904468536,0.7730404130302709,0.4266321913380737,0.5980969642048029,1320,3094,2.3439393939393938,743.6322569847107,1875.470818832688,2.522040701189282,0.5633577704429626,0.7461874487725171,0.850628137588501,50.0,130.0,80.0,150.0,110.0,365.0,405.0,0.013091590115250512,0.11441848677224548,0.05713070090112946,1.4493173593629631,0.9949095189507302,0.5918590159859729,0.05713070090112946,0.0991346212470507,50.0,80.0,20.0,-30.0,30.0,160.0,30.0,30.0,140.0,60.0,60.0,190.0,40.0,40.0,410.0,300.0,300.0,365.0,285.0,120.0
E07,sample_000517,samples/sample_000517.npz,sample_000517_prediction.npz,0.0018862982979044318,0.00517995422706008,0.4601684175479439,0.10657894736842105,0.19262782401902498,162,1520,9.382716049382717,96.17286157608032,591.4450673962901,6.149812511593101,0.5936596393585205,0.5558943538754074,0.638514518737793,50.0,70.0,20.0,90.0,90.0,235.0,195.0,0.0039451407085513155,0.06281035510607559,0.026219183236355217,4.240224318200491,0.9776789788128775,0.39598933545764375,0.026219183236355217,0.05707622218551035,50.0,20.0,20.0,-30.0,30.0,130.0,60.0,60.0,110.0,90.0,90.0,130.0,40.0,40.0,190.0,100.0,100.0,245.0,195.0,10.0
E07,sample_001265,samples/sample_001265.npz,sample_001265_prediction.npz,0.011429940350353718,0.019707435742020607,0.5891943458563077,0.22929936305732485,0.37305699481865284,1008,4396,4.361111111111111,680.8959245681763,2605.018689956387,3.8258691173816146,0.675491988658905,0.7771070749454555,0.8528146743774414,60.0,120.0,60.0,120.0,140.0,180.0,480.0,0.03476681790446666,0.18645862249964912,0.093945971552377,2.6200567492230045,0.981021970492038,0.8683605606341591,0.093945971552377,0.16106201393732364,60.0,60.0,20.0,-40.0,40.0,160.0,40.0,40.0,140.0,80.0,80.0,210.0,90.0,90.0,230.0,90.0,90.0,175.0,475.0,7.0710678118654755
E07,sample_001292,samples/sample_001292.npz,sample_001292_prediction.npz,0.001745237852446735,0.0050002457574009895,0.6503835987911586,0.2530044275774826,0.4038364462392731,400,1581,3.9525,147.53621816635132,636.9349051763618,4.317142685995918,0.3688405454158783,0.5429008758813143,0.6740339398384094,30.0,80.0,50.0,100.0,80.0,360.0,420.0,0.004235873226744151,0.06508358646190412,0.026451164720482024,2.602412640822481,0.9690606155770276,0.4024330809393345,0.026451164720482024,0.059466033259955024,30.0,50.0,20.0,-10.0,10.0,130.0,50.0,50.0,110.0,60.0,60.0,150.0,50.0,50.0,140.0,60.0,60.0,355.0,410.0,11.180339887498949
E07,sample_001298,samples/sample_001298.npz,sample_001298_prediction.npz,0.0016480166232213378,0.005119697656482458,0.46012052379485047,0.12311557788944724,0.21923937360178972,196,1592,8.122448979591837,110.08473920822144,577.709649610167,5.247863180358264,0.5616568326950073,0.4706827354978542,0.5614166855812073,50.0,70.0,20.0,70.0,140.0,235.0,210.0,0.0030332111904099843,0.0550745965977962,0.024557533479067375,3.3765002035250995,0.9882207228930814,0.31281157538627025,0.024557533479067375,0.04929643739495249,50.0,20.0,20.0,-30.0,30.0,140.0,70.0,70.0,120.0,100.0,100.0,130.0,60.0,60.0,240.0,100.0,100.0,245.0,200.0,14.142135623730951
E07,sample_001513,samples/sample_001513.npz,sample_001513_prediction.npz,0.0035677694249898195,0.009262260980904102,0.4601390050958001,0.1125703564727955,0.20236087689713322,300,2665,8.883333333333333,185.75980067253113,1060.6563862160049,5.709827327419433,0.6191993355751038,0.5630286199847857,0.6663543581962585,80.0,130.0,50.0,50.0,120.0,355.0,490.0,0.0069129439008343155,0.08314411525077596,0.0426362999113514,4.716782954085588,0.995200374516543,0.40944162894744907,0.0426362999113514,0.07137989794545528,80.0,50.0,40.0,-40.0,40.0,160.0,30.0,30.0,120.0,70.0,70.0,180.0,130.0,130.0,230.0,110.0,110.0,350.0,475.0,15.811388300841896
E07,sample_000392,samples/sample_000392.npz,sample_000392_prediction.npz,0.003780332626774907,0.00790687371045351,0.4448493969685171,0.10078387458006718,0.18311291963377416,180,1786,9.922222222222222,178.24459075927734,851.7271434290816,4.778417902057712,0.9902477264404297,0.7019287255075243,0.7833641767501831,50.0,90.0,40.0,50.0,90.0,175.0,355.0,0.007007900692209557,0.08371320500500239,0.03536015596054957,3.3289266005578417,0.9814608376105761,0.5255378824890008,0.03536015596054957,0.07587858764272809,50.0,40.0,20.0,-30.0,30.0,140.0,50.0,50.0,120.0,80.0,80.0,130.0,80.0,80.0,170.0,80.0,80.0,185.0,355.0,10.0
E07,sample_001800,samples/sample_001800.npz,sample_001800_prediction.npz,0.001937630120664835,0.005088447127491236,0.6586798044355835,0.25573770491803277,0.4073107049608355,390,1525,3.91025641025641,191.56806975603104,689.548186375277,3.5994943586028816,0.49120017886161804,0.6058905608378924,0.743131160736084,20.0,70.0,50.0,60.0,130.0,210.0,405.0,0.004946424936746652,0.07033082494004071,0.027411948025691406,1.8842373607138878,0.9571584211496124,0.42199660789837323,0.027411948025691406,0.06476889718208459,20.0,50.0,10.0,-10.0,10.0,120.0,50.0,50.0,110.0,60.0,60.0,120.0,60.0,60.0,200.0,70.0,70.0,220.0,400.0,11.180339887498949
E07,sample_002073,samples/sample_002073.npz,sample_002073_prediction.npz,0.0017978264950215816,0.0063852849416434765,0.5025760947539953,0.17381489841986456,0.29615384615384616,385,2215,5.753246753246753,95.07418975234032,722.7732517745069,7.602202592073263,0.24694594740867615,0.3879973994447039,0.470689594745636,80.0,130.0,50.0,70.0,110.0,395.0,165.0,0.0033089465517005434,0.05752344349654794,0.030352425770890253,6.379479415035719,0.9938643002517572,0.2579626381917318,0.030352425770890253,0.048863859871311234,80.0,50.0,40.0,-40.0,40.0,160.0,30.0,30.0,120.0,70.0,70.0,180.0,110.0,110.0,210.0,100.0,100.0,390.0,165.0,5.0
E07,sample_000911,samples/sample_000911.npz,sample_000911_prediction.npz,0.0013871697010472417,0.004370296373963356,0.7187987724910407,0.3606340819022457,0.5300970873786408,546,1514,2.772893772893773,161.15512830018997,588.5178698534552,3.651871808616601,0.29515591263771057,0.4817686874023724,0.6696296334266663,30.0,90.0,60.0,70.0,130.0,465.0,325.0,0.0034050328466022893,0.058352659293320036,0.023101035262445703,2.3337576732254766,0.9667492841549064,0.3788781409956967,0.023101035262445703,0.053585212665487575,30.0,60.0,20.0,-10.0,10.0,120.0,30.0,30.0,100.0,40.0,40.0,130.0,60.0,60.0,170.0,40.0,40.0,445.0,325.0,20.0
E07,sample_000923,samples/sample_000923.npz,sample_000923_prediction.npz,0.0016609610756859183,0.005460895597934723,0.43015926140458427,0.10998307952622674,0.19817073170731708,195,1773,9.092307692307692,79.86865639686584,612.1838808578547,7.664882677078284,0.40958285331726074,0.4378177666511291,0.4926929473876953,80.0,110.0,30.0,50.0,130.0,295.0,465.0,0.0023422811292404437,0.0483971190179792,0.025905729683391644,5.89647559203164,0.9826080297281041,0.22910959057785757,0.025905729683391644,0.04087999876237137,80.0,30.0,50.0,-30.0,30.0,160.0,50.0,50.0,110.0,80.0,80.0,130.0,80.0,80.0,230.0,100.0,100.0,305.0,435.0,31.622776601683793
E07,sample_000595,samples/sample_000595.npz,sample_000595_prediction.npz,0.004995139315724373,0.009968509897589684,0.641570586065796,0.25362035225048923,0.4046206681236341,648,2555,3.942901234567901,405.7768020629883,1385.2003256555015,3.413700139123474,0.6261987686157227,0.7283778570500421,0.8480204343795776,40.0,100.0,60.0,120.0,90.0,190.0,245.0,0.01309977998420394,0.11445427027509257,0.05105130833852021,2.08621250884262,0.9903205157642652,0.5990490380419035,0.05105130833852021,0.10243800027884806,40.0,60.0,20.0,-20.0,20.0,140.0,40.0,40.0,120.0,60.0,60.0,190.0,70.0,70.0,170.0,80.0,80.0,195.0,255.0,11.180339887498949
E07,sample_001302,samples/sample_001302.npz,sample_001302_prediction.npz,0.00697806291282177,0.012618438340723515,0.5563747579433211,0.20516399162595952,0.3404748118123914,588,2866,4.874149659863946,388.9803864955902,1618.3326563889057,4.160447962347974,0.6615312695503235,0.7284525122468163,0.8289434313774109,60.0,120.0,60.0,70.0,140.0,525.0,280.0,0.016976433017355422,0.13029364150777054,0.061063156663442954,3.109095397030077,0.9729924261366573,0.7016594988110686,0.061063156663442954,0.11509875722896075,60.0,60.0,20.0,-40.0,40.0,160.0,40.0,40.0,140.0,80.0,80.0,210.0,140.0,140.0,390.0,250.0,250.0,535.0,195.0,85.58621384311844
E07,sample_001319,samples/sample_001319.npz,sample_001319_prediction.npz,0.0007358010043390095,0.002249151235446334,0.618691376928092,0.20134228187919462,0.33519553072625696,150,745,4.966666666666667,78.23321521282196,297.9463630547061,3.8084381709761876,0.5215547680854797,0.547297811905543,0.6236569285392761,20.0,50.0,30.0,50.0,100.0,295.0,360.0,0.001154402962197098,0.033976506032802986,0.012234358278131624,1.7684359330447323,0.9665254781357517,0.23684083777560694,0.012234358278131624,0.031697372757366025,20.0,30.0,20.0,0.0,0.0,100.0,50.0,50.0,80.0,50.0,50.0,90.0,40.0,40.0,150.0,50.0,50.0,295.0,355.0,5.0
E07,sample_002162,samples/sample_002162.npz,sample_002162_prediction.npz,0.0025660614483058453,0.007111576851457357,0.6151282830332866,0.26653974297953353,0.4208944006012777,560,2101,3.7517857142857145,161.06433391571045,852.5302699633977,5.293103999111008,0.2876148819923401,0.5002468165010214,0.6716906428337097,30.0,100.0,70.0,100.0,80.0,170.0,140.0,0.00708389078551778,0.08416585284732628,0.0357145583532086,3.4641884055538905,0.9532062869367077,0.4852527826925641,0.0357145583532086,0.07621260464747966,30.0,70.0,20.0,-10.0,10.0,140.0,40.0,40.0,120.0,50.0,50.0,180.0,80.0,80.0,170.0,90.0,90.0,180.0,155.0,18.027756377319946
E07,sample_001201,samples/sample_001201.npz,sample_001201_prediction.npz,0.0011999763082712889,0.0042839753441512585,0.35169920518983616,0.056833558863328824,0.10755441741357234,84,1478,17.595238095238095,47.15975260734558,448.5863096143618,9.512058160044084,0.5614256262779236,0.44413171069962637,0.5136746764183044,70.0,90.0,20.0,60.0,70.0,270.0,175.0,0.0019011273983009726,0.04360191966302599,0.020427733838408638,7.432812568734434,0.9803856218949135,0.23869578435504157,0.020427733838408638,0.038520580064792725,70.0,20.0,40.0,-30.0,30.0,150.0,60.0,60.0,110.0,90.0,90.0,120.0,60.0,60.0,190.0,120.0,120.0,280.0,175.0,10.0
E07,sample_000860,samples/sample_000860.npz,sample_000860_prediction.npz,0.002831009915098548,0.007626018021255732,0.5720854179783345,0.28092079594225516,0.4386232104782211,720,2563,3.5597222222222222,286.3914728164673,996.0423848678529,3.477905173196837,0.3977659344673157,0.437586709494806,0.829246461391449,20.0,50.0,30.0,160.0,150.0,230.0,285.0,0.006993217680122277,0.08362546071695078,0.038348187712642916,1.6230407054878173,0.9759234115768439,0.37680953195544187,0.038348187712642916,0.07431442780024737,20.0,30.0,0.0,-20.0,20.0,160.0,110.0,110.0,160.0,130.0,130.0,210.0,50.0,50.0,190.0,40.0,40.0,225.0,285.0,5.0
E07,sample_001867,samples/sample_001867.npz,sample_001867_prediction.npz,0.0006717279902659357,0.0026185663882642984,0.636846835616989,0.23470411233701102,0.380178716490658,234,997,4.260683760683761,69.58212214708328,326.6727966641861,4.69478059283191,0.29735949635505676,0.42662219773245674,0.5367410182952881,60.0,90.0,30.0,60.0,130.0,330.0,315.0,0.0007889395512029084,0.028088067772684334,0.013236978461128517,3.1964728781083753,0.9982587022420808,0.17301186798320164,0.013236978461128517,0.024773412207899987,60.0,30.0,40.0,-20.0,20.0,160.0,70.0,70.0,120.0,90.0,90.0,100.0,40.0,40.0,160.0,30.0,30.0,330.0,310.0,5.0
E07,sample_000363,samples/sample_000363.npz,sample_000363_prediction.npz,0.0005531944334506989,0.002246117452159524,0.35581311501309376,0.056022408963585436,0.10610079575596817,40,714,17.85,32.65535354614258,221.54248672194444,6.784262384692944,0.8163838386535645,0.41744352132081985,0.4343714118003845,80.0,100.0,20.0,40.0,50.0,260.0,325.0,0.00036861625361713494,0.0191993815946539,0.00954160244095556,5.196130728139694,0.992069615079425,0.11415250425605028,0.00954160244095556,0.016660554506854983,80.0,20.0,50.0,-30.0,30.0,160.0,60.0,60.0,110.0,90.0,90.0,100.0,60.0,60.0,130.0,80.0,80.0,270.0,315.0,14.142135623730951
E07,sample_000263,samples/sample_000263.npz,sample_000263_prediction.npz,0.0012158271856606007,0.0036880234256386757,0.5007264599434411,0.15869017632241814,0.27391304347826084,189,1191,6.301587301587301,76.96506553888321,434.63518151248644,5.647174837951722,0.40722256898880005,0.4605784591228243,0.6150050163269043,30.0,60.0,30.0,70.0,90.0,225.0,195.0,0.0026029250214549826,0.051018869268683154,0.01942746972571473,3.3118915938916156,0.9482841902030841,0.3439228960477424,0.01942746972571473,0.04717518883387135,30.0,30.0,20.0,-10.0,10.0,110.0,50.0,50.0,90.0,60.0,60.0,120.0,50.0,50.0,160.0,70.0,70.0,240.0,200.0,15.811388300841896
E07,sample_000442,samples/sample_000442.npz,sample_000442_prediction.npz,0.0015621082857251167,0.004218451678752899,0.39681282416493335,0.09252669039145907,0.16938110749185667,104,1124,10.807692307692308,94.6843991279602,422.99964816089414,4.46746931972643,0.910426914691925,0.49516026647045064,0.6233389377593994,30.0,50.0,20.0,130.0,40.0,385.0,210.0,0.002477220664976736,0.04977168537408329,0.018191585252904104,2.4975721799925665,0.9447384400436393,0.33870081791956613,0.018191585252904104,0.046328035690746255,30.0,20.0,20.0,-10.0,10.0,110.0,60.0,60.0,90.0,70.0,70.0,170.0,40.0,40.0,110.0,70.0,70.0,375.0,225.0,18.027756377319946
E07,sample_001230,samples/sample_001230.npz,sample_001230_prediction.npz,0.002813484286889434,0.007741854060441256,0.609547891413053,0.27672955974842767,0.43349753694581283,704,2544,3.6136363636363638,288.421838760376,1021.1928813824484,3.540622602544555,0.40969011187553406,0.4831202290105549,0.6996791362762451,20.0,60.0,40.0,110.0,160.0,475.0,420.0,0.008075832452959078,0.08986563555085492,0.039522924286338516,1.7151120505619344,0.9377869352689829,0.45322710112382425,0.039522924286338516,0.08070793584781755,20.0,40.0,20.0,0.0,0.0,120.0,60.0,60.0,100.0,60.0,60.0,170.0,60.0,60.0,210.0,50.0,50.0,455.0,415.0,20.615528128088304
E07,sample_001272,samples/sample_001272.npz,sample_001272_prediction.npz,0.004860954359173775,0.011236694641411304,0.561537148974355,0.17015242821694435,0.2908209633444411,480,2821,5.877083333333333,406.4982604980469,1342.1127519915142,3.3016445146582925,0.8468713760375977,0.6708323917041222,0.7359403967857361,80.0,130.0,50.0,60.0,160.0,320.0,200.0,0.007883313749914972,0.08878802706398521,0.046187961000935085,2.363180791677415,0.9983636572851701,0.4441377360185611,0.046187961000935085,0.07582866218318157,80.0,50.0,30.0,-50.0,50.0,160.0,30.0,30.0,130.0,80.0,80.0,180.0,120.0,120.0,250.0,90.0,90.0,320.0,195.0,5.0
E07,sample_001600,samples/sample_001600.npz,sample_001600_prediction.npz,0.004203820135444403,0.009564537554979324,0.6901036301798568,0.271356783919598,0.4268774703557312,756,2786,3.685185185185185,485.2165160179138,1421.2983848604624,2.929204464276705,0.6418207883834839,0.7071004840668547,0.772931694984436,80.0,150.0,70.0,120.0,90.0,380.0,275.0,0.008826609966825083,0.09395003973828368,0.04709042671483802,2.2271281531181986,0.998351335746246,0.51413972643942,0.04709042671483802,0.08129638170693423,80.0,70.0,30.0,-50.0,50.0,170.0,20.0,20.0,140.0,70.0,70.0,190.0,70.0,70.0,180.0,90.0,90.0,385.0,270.0,7.0710678118654755
E07,sample_000593,samples/sample_000593.npz,sample_000593_prediction.npz,0.008604615926742554,0.01608714461326599,0.6868237438649386,0.2931119920713578,0.4533435524046752,1183,4036,3.411665257819104,860.1984516978264,2437.1537532592747,2.8332459195304467,0.7271330952644348,0.8048788711164124,0.8288125395774841,70.0,140.0,70.0,130.0,130.0,225.0,205.0,0.0244311067008763,0.1563045319268648,0.07882625920804208,1.9737561688385998,0.995900248401856,0.7483350812418423,0.07882625920804208,0.13497232145941201,70.0,70.0,20.0,-50.0,50.0,160.0,20.0,20.0,140.0,70.0,70.0,200.0,70.0,70.0,230.0,100.0,100.0,230.0,205.0,5.0
E07,sample_000367,samples/sample_000367.npz,sample_000367_prediction.npz,0.00047572763287462294,0.0018475539982318878,0.421342555917514,0.11307420494699646,0.20317460317460317,64,566,8.84375,18.23250961303711,199.85446031463098,10.961434523074407,0.28488296270370483,0.3944445108063519,0.4826287627220154,40.0,60.0,20.0,40.0,80.0,310.0,490.0,0.0005346970923953199,0.023123518166475444,0.009540260308738042,6.631645022983823,0.9592652968779237,0.16019289617336244,0.009540260308738042,0.021063725350394157,40.0,20.0,30.0,-10.0,10.0,120.0,60.0,60.0,90.0,70.0,70.0,90.0,50.0,50.0,160.0,80.0,80.0,325.0,470.0,25.0
E07,sample_000985,samples/sample_000985.npz,sample_000985_prediction.npz,0.005285998340696096,0.01019385177642107,0.7238767702143014,0.3783783783783784,0.5490196078431373,1078,2849,2.642857142857143,707.4556195735931,1687.9374601875186,2.385926994551113,0.6562668085098267,0.7314929582302999,0.8914919495582581,30.0,100.0,70.0,110.0,140.0,475.0,280.0,0.013477981611005496,0.1160947096598527,0.051634972363478394,1.1807502814731439,0.9782856732167794,0.6381633835368035,0.051634972363478394,0.1039798597807687,30.0,70.0,20.0,-10.0,10.0,140.0,40.0,40.0,120.0,50.0,50.0,270.0,160.0,160.0,380.0,240.0,240.0,505.0,190.0,94.86832980505137
E07,sample_000252,samples/sample_000252.npz,sample_000252_prediction.npz,0.0007032214780338109,0.0024358013179153204,0.43642259538921235,0.15286624203821655,0.26519337016574585,120,785,6.541666666666667,49.82417106628418,276.8645112034107,5.556831258368167,0.41520142555236816,0.3685790188610554,0.4758906066417694,40.0,60.0,20.0,150.0,40.0,285.0,330.0,0.0008120282330983628,0.028496109087002786,0.012141055236281601,3.3158444885958946,0.9861445794507856,0.18628018473049918,0.012141055236281601,0.025780283374081094,40.0,20.0,30.0,-10.0,10.0,120.0,60.0,60.0,90.0,70.0,70.0,170.0,20.0,20.0,100.0,60.0,60.0,285.0,330.0,0.0
E07,sample_000452,samples/sample_000452.npz,sample_000452_prediction.npz,0.0035820703487843275,0.008373442105948925,0.6139419733841246,0.21337710299548626,0.35170781197159284,520,2437,4.686538461538461,301.9148325920105,1119.551463052162,3.7081697955696544,0.5806054472923279,0.6421821010800508,0.8197984099388123,50.0,90.0,40.0,130.0,100.0,245.0,400.0,0.008756532046367416,0.09357634341203666,0.04276125112972073,2.3754295257423346,0.9899554399683848,0.5071940750058724,0.04276125112972073,0.08323465292886355,50.0,40.0,20.0,-30.0,30.0,160.0,70.0,70.0,140.0,100.0,100.0,170.0,40.0,40.0,170.0,70.0,70.0,245.0,395.0,5.0
E07,sample_001622,samples/sample_001622.npz,sample_001622_prediction.npz,0.0020310485269874334,0.005938162561506033,0.7813154265752338,0.47880299251870323,0.6475548060708263,960,2005,2.0885416666666665,321.500244140625,896.0060451589542,2.7869529230187426,0.3348960876464844,0.5237355481289948,0.7458122372627258,30.0,110.0,80.0,80.0,150.0,170.0,295.0,0.005463611942829355,0.07391624951814962,0.030826065548401407,1.7021128863830095,0.98460517269375,0.4460791011770673,0.030826065548401407,0.06718158695382995,30.0,80.0,20.0,-10.0,10.0,130.0,20.0,20.0,110.0,30.0,30.0,140.0,60.0,60.0,190.0,40.0,40.0,180.0,295.0,10.0
E07,sample_001585,samples/sample_001585.npz,sample_001585_prediction.npz,0.001810478512197733,0.004381275735795498,0.4432608009031336,0.09773755656108597,0.17807089859851608,108,1105,10.231481481481481,87.97479701042175,478.713336665467,5.441482707925513,0.8145814538002014,0.6295888263870169,0.7118228673934937,30.0,60.0,30.0,60.0,60.0,420.0,460.0,0.003629157012943683,0.060242485115935274,0.021399652854344687,3.217737075122539,0.9172556556501695,0.4537558892617345,0.021399652854344687,0.05631351410325252,30.0,30.0,10.0,-20.0,20.0,120.0,60.0,60.0,110.0,80.0,80.0,120.0,60.0,60.0,140.0,80.0,80.0,410.0,440.0,22.360679774997898
E07,sample_000222,samples/sample_000222.npz,sample_000222_prediction.npz,0.009632659144699574,0.016732556745409966,0.5939047429479342,0.22546758903407635,0.36796989337236047,880,3903,4.435227272727273,741.6331243515015,2264.032057213424,3.052765556006062,0.8427649140357971,0.773174883831631,0.841866135597229,60.0,110.0,50.0,160.0,110.0,470.0,245.0,0.02264224523020276,0.15047340373036944,0.0755685507420783,1.8771325731994295,0.9922344009265354,0.6982527091706736,0.0755685507420783,0.1301216329783203,60.0,50.0,20.0,-40.0,40.0,160.0,50.0,50.0,140.0,90.0,90.0,290.0,130.0,130.0,350.0,240.0,240.0,495.0,175.0,74.33034373659252
E07,sample_001459,samples/sample_001459.npz,sample_001459_prediction.npz,0.001619204063899815,0.004612014163285494,0.37742107809754905,0.0701480904130943,0.13109978150036417,90,1283,14.255555555555556,68.3198869228363,481.4767847436025,7.047388490080568,0.7591098546981812,0.5356513301531474,0.5987284779548645,50.0,70.0,20.0,50.0,90.0,295.0,495.0,0.0027740889156454705,0.052669620424353455,0.021722598670000894,4.823899331543807,0.9666338301305999,0.3401095730396554,0.021722598670000894,0.04798142997731044,50.0,20.0,20.0,-30.0,30.0,130.0,60.0,60.0,110.0,90.0,90.0,120.0,70.0,70.0,180.0,90.0,90.0,300.0,480.0,15.811388300841896
E07,sample_001967,samples/sample_001967.npz,sample_001967_prediction.npz,0.0014104107394814491,0.003946469631046057,0.2936535098320711,0.06293706293706294,0.11842105263157894,72,1144,15.88888888888889,34.3732488155365,415.09778822662315,12.076187224962032,0.47740623354911804,0.4277697876095772,0.6196068525314331,20.0,40.0,20.0,90.0,40.0,195.0,120.0,0.003636555900520136,0.060303863064650645,0.02082196051814623,6.209360467208301,0.8470209810085623,0.4362019375293813,0.02082196051814623,0.05659506922604562,20.0,20.0,20.0,0.0,0.0,110.0,70.0,70.0,90.0,70.0,70.0,150.0,60.0,60.0,140.0,100.0,100.0,205.0,140.0,22.360679774997898
E07,sample_001694,samples/sample_001694.npz,sample_001694_prediction.npz,0.002552393591031432,0.0057778009213507175,0.5987573223678435,0.19160583941605838,0.3215926493108729,315,1644,5.219047619047619,200.4263225197792,763.6554603135473,3.8101555260446665,0.6362740397453308,0.6692927822234138,0.7438005805015564,50.0,100.0,50.0,90.0,70.0,305.0,215.0,0.005058369441190082,0.07112221482202366,0.02979145366660419,2.6920269745157297,0.9862587915701743,0.4615851824053827,0.02979145366660419,0.0645820310118895,50.0,50.0,20.0,-30.0,30.0,140.0,40.0,40.0,120.0,70.0,70.0,130.0,40.0,40.0,150.0,80.0,80.0,305.0,235.0,20.0
E07,sample_001125,samples/sample_001125.npz,sample_001125_prediction.npz,0.0022575859911739826,0.006215101107954979,0.35159975472161925,0.057210965435041714,0.10822998872604284,96,1678,17.479166666666668,81.36629676818848,637.6191679030242,7.836403931711343,0.8475655913352966,0.5625842002530893,0.6243292689323425,60.0,80.0,20.0,80.0,60.0,450.0,180.0,0.004587683825714362,0.06773244293331196,0.028991145025321078,5.959829806836951,0.968170235963883,0.4098521883590327,0.028991145025321078,0.06121435563521977,60.0,20.0,30.0,-30.0,30.0,140.0,60.0,60.0,110.0,90.0,90.0,170.0,90.0,90.0,190.0,130.0,130.0,445.0,185.0,7.0710678118654755
E07,sample_001461,samples/sample_001461.npz,sample_001461_prediction.npz,0.0013892370043322444,0.0037716177757829428,0.6737440563050382,0.2629416598192276,0.41639557579700714,320,1217,3.803125,154.81274604797363,520.9984733540136,3.365346114282901,0.4837898313999176,0.589605942601338,0.723795473575592,40.0,120.0,80.0,50.0,80.0,365.0,240.0,0.002484201377680985,0.04984176338855784,0.019700322846246458,2.455799091916447,0.9885763576670177,0.35392638671236387,0.019700322846246458,0.04578317002387061,40.0,80.0,20.0,-20.0,20.0,140.0,20.0,20.0,120.0,40.0,40.0,100.0,50.0,50.0,160.0,80.0,80.0,360.0,250.0,11.180339887498949
