sample_index,sample_id,relative_path,x_start,x_end,y_start,y_end,z_start,z_end,width_x,width_y,thickness_z,top_depth_m,bottom_depth_m,width_x_m,width_y_m,thickness_z_m,center_x_m,center_y_m,center_depth_m,density_contrast,gravity_minimum_mgal,gravity_maximum_mgal,gravity_mean_mgal,gravity_std_mgal
0,sample_000000,samples/sample_000000.npz,21,37,45,50,8,11,16,5,3,80.0,110.0,160.0,50.0,30.0,285.0,470.0,95.0,0.5823011515635614,0.0002504959120415151,0.0775640606880188,0.006884544622153044,0.012253970839083195
1,sample_000001,samples/sample_000001.npz,42,49,34,43,4,9,7,9,5,40.0,90.0,70.0,90.0,50.0,450.0,380.0,65.0,0.5125959519207172,0.00019461796910036355,0.19944466650485992,0.008701467886567116,0.022626616060733795
2,sample_000002,samples/sample_000002.npz,45,53,24,40,7,14,8,16,7,70.0,140.0,80.0,160.0,70.0,485.0,315.0,105.0,0.5030300855112483,0.0009074941044673324,0.2171403467655182,0.021442636847496033,0.03580484166741371
3,sample_000003,samples/sample_000003.npz,26,33,8,20,6,11,7,12,5,60.0,110.0,70.0,120.0,50.0,290.0,135.0,85.0,0.5888399509141371,0.00037186589906923473,0.18181265890598297,0.012413053773343563,0.02547895535826683
4,sample_000004,samples/sample_000004.npz,44,54,20,32,7,9,10,12,2,70.0,90.0,100.0,120.0,20.0,485.0,255.0,80.0,0.3684879516949954,0.00011886026913998649,0.06407105177640915,0.004513144493103027,0.009303226135671139
5,sample_000005,samples/sample_000005.npz,46,54,42,49,8,12,8,7,4,80.0,120.0,80.0,70.0,40.0,495.0,450.0,100.0,0.6378219029684873,0.00018984402413479984,0.0860166847705841,0.006739589851349592,0.012640558183193207
6,sample_000006,samples/sample_000006.npz,25,35,24,37,5,10,10,13,5,50.0,100.0,100.0,130.0,50.0,295.0,300.0,75.0,0.657265292946634,0.0010251702042296529,0.3393673300743103,0.022763224318623543,0.04792112112045288
7,sample_000007,samples/sample_000007.npz,40,54,34,48,8,13,14,14,5,80.0,130.0,140.0,140.0,50.0,465.0,405.0,105.0,0.9073043414323758,0.001528947614133358,0.38849031925201416,0.042208150029182434,0.06798525154590607
8,sample_000008,samples/sample_000008.npz,16,29,40,53,7,10,13,13,3,70.0,100.0,130.0,130.0,30.0,220.0,460.0,85.0,0.9925207538285843,0.000708435254637152,0.30260464549064636,0.025384731590747833,0.048169318586587906
9,sample_000009,samples/sample_000009.npz,39,50,32,36,7,10,11,4,3,70.0,100.0,110.0,40.0,30.0,440.0,335.0,85.0,0.5473759913336271,0.0001324499025940895,0.05564504861831665,0.003700348548591137,0.007508568000048399
10,sample_000010,samples/sample_000010.npz,16,32,37,53,5,12,16,16,7,50.0,120.0,160.0,160.0,70.0,235.0,445.0,85.0,0.7524312741276036,0.0020780088379979134,0.71918785572052,0.06842699646949768,0.1241547167301178
11,sample_000011,samples/sample_000011.npz,50,55,13,25,4,12,5,12,8,40.0,120.0,50.0,120.0,80.0,520.0,185.0,80.0,0.8188030068467509,0.00039729499258100986,0.36302483081817627,0.019572248682379723,0.04556519538164139
12,sample_000012,samples/sample_000012.npz,16,31,23,32,5,11,15,9,6,50.0,110.0,150.0,90.0,60.0,230.0,270.0,80.0,0.8109834552387294,0.0012152647832408547,0.4673852026462555,0.0343012697994709,0.06892715394496918
13,sample_000013,samples/sample_000013.npz,8,19,43,53,3,10,11,10,7,30.0,100.0,110.0,100.0,70.0,130.0,475.0,65.0,0.7933045807495349,0.0004955983022227883,0.6609764695167542,0.03192697837948799,0.08308525383472443
14,sample_000014,samples/sample_000014.npz,23,28,10,19,8,13,5,9,5,80.0,130.0,50.0,90.0,50.0,250.0,140.0,105.0,0.20754495623670338,7.868149259593338e-05,0.026306351646780968,0.002208447316661477,0.003921746741980314
15,sample_000015,samples/sample_000015.npz,21,34,24,32,7,10,13,8,3,70.0,100.0,130.0,80.0,30.0,270.0,275.0,85.0,0.6645448098260138,0.00047133516636677086,0.14106634259223938,0.010737570933997631,0.020604906603693962
16,sample_000016,samples/sample_000016.npz,19,35,21,36,3,9,16,15,6,30.0,90.0,160.0,150.0,60.0,265.0,280.0,60.0,0.9019100585343176,0.002132441382855177,1.0076147317886353,0.07169325649738312,0.16090071201324463
17,sample_000017,samples/sample_000017.npz,45,52,18,28,4,11,7,10,7,40.0,110.0,70.0,100.0,70.0,480.0,225.0,75.0,0.455060168177182,0.0002630185626912862,0.22601784765720367,0.011555436998605728,0.027414189651608467
18,sample_000018,samples/sample_000018.npz,34,45,17,28,7,11,11,11,4,70.0,110.0,110.0,110.0,40.0,390.0,220.0,90.0,0.7556496255102603,0.0006681477534584701,0.22660768032073975,0.018500447273254395,0.034307949244976044
19,sample_000019,samples/sample_000019.npz,26,37,36,42,6,14,11,6,8,60.0,140.0,110.0,60.0,80.0,310.0,385.0,100.0,0.26977642699442983,0.00038293845136649907,0.08934824168682098,0.007089873775839806,0.012688162736594677
20,sample_000020,samples/sample_000020.npz,25,38,21,29,4,9,13,8,5,40.0,90.0,130.0,80.0,50.0,310.0,245.0,65.0,0.527739747723183,0.0004937695921398699,0.2813532054424286,0.014962141402065754,0.036049745976924896
21,sample_000021,samples/sample_000021.npz,30,36,11,21,2,7,6,10,5,20.0,70.0,60.0,100.0,50.0,325.0,155.0,45.0,0.39044082342939723,0.00010497693438082933,0.24379059672355652,0.006647004280239344,0.023144874721765518
22,sample_000022,samples/sample_000022.npz,22,31,40,56,4,12,9,16,8,40.0,120.0,90.0,160.0,80.0,260.0,475.0,80.0,0.4605694393624532,0.0007469336269423366,0.3816881775856018,0.02717491053044796,0.05646428465843201
23,sample_000023,samples/sample_000023.npz,28,42,29,34,3,11,14,5,8,30.0,110.0,140.0,50.0,80.0,345.0,310.0,70.0,0.225758546632446,0.0002820245863404125,0.13453370332717896,0.006826428230851889,0.016369862481951714
24,sample_000024,samples/sample_000024.npz,28,39,13,18,8,10,11,5,2,80.0,100.0,110.0,50.0,20.0,330.0,150.0,90.0,0.9409740811696254,0.0001765594643075019,0.07044381648302078,0.005161119159311056,0.010044917464256287
25,sample_000025,samples/sample_000025.npz,20,31,17,26,3,7,11,9,4,30.0,70.0,110.0,90.0,40.0,250.0,210.0,50.0,0.33140491519502346,0.0001350975362583995,0.1890653818845749,0.007395285181701183,0.02183510549366474
26,sample_000026,samples/sample_000026.npz,38,51,33,41,4,6,13,8,2,40.0,60.0,130.0,80.0,20.0,440.0,365.0,50.0,0.4725149145015195,9.933827823260799e-05,0.13159169256687164,0.005525615531951189,0.015797564759850502
27,sample_000027,samples/sample_000027.npz,19,35,11,27,8,10,16,16,2,80.0,100.0,160.0,160.0,20.0,265.0,185.0,90.0,0.7789084607655188,0.0007081360090523958,0.19070497155189514,0.020001757889986038,0.03385680168867111
28,sample_000028,samples/sample_000028.npz,24,37,41,49,5,13,13,8,8,50.0,130.0,130.0,80.0,80.0,300.0,445.0,90.0,0.37916968038695953,0.0006060661398805678,0.21575239300727844,0.01592537760734558,0.03086014837026596
29,sample_000029,samples/sample_000029.npz,26,33,21,30,3,6,7,9,3,30.0,60.0,70.0,90.0,30.0,290.0,250.0,45.0,0.8378726965056633,0.00018971352255903184,0.3079783022403717,0.009085971862077713,0.030367545783519745
30,sample_000030,samples/sample_000030.npz,45,51,24,39,8,15,6,15,7,80.0,150.0,60.0,150.0,70.0,475.0,310.0,115.0,0.32340379562796207,0.00045546379988081753,0.08865233510732651,0.009463057853281498,0.0148067157715559
31,sample_000031,samples/sample_000031.npz,12,21,32,39,4,6,9,7,2,40.0,60.0,90.0,70.0,20.0,160.0,350.0,50.0,0.2199793810711709,2.629693699418567e-05,0.04637809470295906,0.0015520346350967884,0.004818938672542572
32,sample_000032,samples/sample_000032.npz,35,46,18,34,5,10,11,16,5,50.0,100.0,110.0,160.0,50.0,400.0,255.0,75.0,0.8991662605211204,0.0013175326166674495,0.5518571734428406,0.04180332273244858,0.08484755456447601
33,sample_000033,samples/sample_000033.npz,29,38,24,34,3,8,9,10,5,30.0,80.0,90.0,100.0,50.0,330.0,285.0,55.0,0.6624796009659032,0.0005094661028124392,0.4129982590675354,0.01671278290450573,0.04700622335076332
34,sample_000034,samples/sample_000034.npz,28,36,18,32,5,13,8,14,8,50.0,130.0,80.0,140.0,80.0,315.0,245.0,90.0,0.4793614613190729,0.0010709849884733558,0.2854642868041992,0.021936213597655296,0.041467729955911636
35,sample_000035,samples/sample_000035.npz,35,50,42,55,4,8,15,13,4,40.0,80.0,150.0,130.0,40.0,420.0,480.0,60.0,0.7844032018316711,0.0005638320581056178,0.5199990272521973,0.03297004848718643,0.07813763618469238
36,sample_000036,samples/sample_000036.npz,38,54,36,47,6,11,16,11,5,60.0,110.0,160.0,110.0,50.0,455.0,410.0,85.0,0.3513652492027719,0.00044226570753380656,0.18412475287914276,0.015616945922374725,0.029550600796937943
37,sample_000037,samples/sample_000037.npz,30,38,25,33,8,11,8,8,3,80.0,110.0,80.0,80.0,30.0,335.0,285.0,95.0,0.7490368234415601,0.0004065495159011334,0.09221988171339035,0.007274566683918238,0.013182466849684715
38,sample_000038,samples/sample_000038.npz,23,35,25,35,5,7,12,10,2,50.0,70.0,120.0,100.0,20.0,285.0,295.0,60.0,0.6932820169050666,0.0003057856811210513,0.17517828941345215,0.009206175804138184,0.02271617390215397
39,sample_000039,samples/sample_000039.npz,36,40,26,34,4,8,4,8,4,40.0,80.0,40.0,80.0,40.0,375.0,295.0,60.0,0.6625174941681033,0.00013875594595447183,0.13352450728416443,0.004689081106334925,0.013225612230598927
40,sample_000040,samples/sample_000040.npz,29,40,30,46,5,8,11,16,3,50.0,80.0,110.0,160.0,30.0,340.0,375.0,65.0,0.6522510296859483,0.0006088422378525138,0.2768651247024536,0.018765151500701904,0.04130212217569351
41,sample_000041,samples/sample_000041.npz,24,39,23,27,2,7,15,4,5,20.0,70.0,150.0,40.0,50.0,310.0,245.0,45.0,0.20777721073326233,7.824067142792046e-05,0.1090286374092102,0.003575469134375453,0.01150782871991396
42,sample_000042,samples/sample_000042.npz,24,30,37,46,2,7,6,9,5,20.0,70.0,60.0,90.0,50.0,265.0,410.0,45.0,0.3092615172089288,8.340544445673004e-05,0.18382975459098816,0.004777435213327408,0.016815682873129845
43,sample_000043,samples/sample_000043.npz,29,36,27,42,3,6,7,15,3,30.0,60.0,70.0,150.0,30.0,320.0,340.0,45.0,0.9297482914906869,0.0004369426751509309,0.418952614068985,0.01682567037642002,0.0503733791410923
44,sample_000044,samples/sample_000044.npz,24,31,19,33,7,14,7,14,7,70.0,140.0,70.0,140.0,70.0,270.0,255.0,105.0,0.8129409408729518,0.0014410336734727025,0.28588467836380005,0.02733580954372883,0.044992946088314056
45,sample_000045,samples/sample_000045.npz,32,38,14,23,3,10,6,9,7,30.0,100.0,60.0,90.0,70.0,345.0,180.0,65.0,0.585696214499613,0.0002932729839812964,0.30761438608169556,0.011958864517509937,0.03237229585647583
46,sample_000046,samples/sample_000046.npz,25,41,42,56,4,6,16,14,2,40.0,60.0,160.0,140.0,20.0,325.0,485.0,50.0,0.5160173040865819,0.0002245403011329472,0.21055971086025238,0.012879413552582264,0.03231678903102875
47,sample_000047,samples/sample_000047.npz,13,18,47,56,3,5,5,9,2,30.0,50.0,50.0,90.0,20.0,150.0,510.0,40.0,0.8157948341691554,3.5435263271210715e-05,0.1781754344701767,0.004144212231040001,0.015895027667284012
48,sample_000048,samples/sample_000048.npz,35,47,17,21,5,8,12,4,3,50.0,80.0,120.0,40.0,30.0,405.0,185.0,65.0,0.33976363172654256,5.5971737310756e-05,0.05611920729279518,0.0026316128205507994,0.006635699421167374
49,sample_000049,samples/sample_000049.npz,16,30,21,26,2,7,14,5,5,20.0,70.0,140.0,50.0,50.0,225.0,230.0,45.0,0.7705323508373183,0.00024709824356250465,0.4685242176055908,0.015397194772958755,0.050063349306583405
50,sample_000050,samples/sample_000050.npz,27,43,28,38,3,11,16,10,8,30.0,110.0,160.0,100.0,80.0,345.0,325.0,70.0,0.34452026054367046,0.0009735554340295494,0.3658110499382019,0.023792309686541557,0.05259916931390762
51,sample_000051,samples/sample_000051.npz,20,25,38,51,2,8,5,13,6,20.0,80.0,50.0,130.0,60.0,220.0,440.0,50.0,0.9579506174671706,0.00033086593612097204,0.6226570010185242,0.0209495946764946,0.0657922700047493
52,sample_000052,samples/sample_000052.npz,14,20,18,30,7,9,6,12,2,70.0,90.0,60.0,120.0,20.0,165.0,235.0,80.0,0.8023777904824065,0.00015645765233784914,0.09166626632213593,0.005930584389716387,0.012523068115115166
53,sample_000053,samples/sample_000053.npz,40,45,22,34,6,10,5,12,4,60.0,100.0,50.0,120.0,40.0,420.0,275.0,80.0,0.734401532534041,0.00030776296625845134,0.1455484926700592,0.009185442700982094,0.019371885806322098
54,sample_000054,samples/sample_000054.npz,14,23,10,23,8,11,9,13,3,80.0,110.0,90.0,130.0,30.0,180.0,160.0,95.0,0.589703997106479,0.0002819417277351022,0.11626449227333069,0.010007387958467007,0.018336862325668335
55,sample_000055,samples/sample_000055.npz,23,31,34,39,4,9,8,5,5,40.0,90.0,80.0,50.0,50.0,265.0,360.0,65.0,0.47082622661936213,0.00015883029846008867,0.12938985228538513,0.005139509681612253,0.013587003573775291
56,sample_000056,samples/sample_000056.npz,16,28,45,49,3,7,12,4,4,30.0,70.0,120.0,40.0,40.0,215.0,465.0,50.0,0.486115979181251,7.555402407888323e-05,0.16013896465301514,0.005210479721426964,0.016346754506230354
57,sample_000057,samples/sample_000057.npz,25,37,10,17,7,10,12,7,3,70.0,100.0,120.0,70.0,30.0,305.0,130.0,85.0,0.5594899990243611,0.00021560840832535177,0.10050405561923981,0.00706881657242775,0.014339725486934185
58,sample_000058,samples/sample_000058.npz,14,22,41,49,4,8,8,8,4,40.0,80.0,80.0,80.0,40.0,175.0,445.0,60.0,0.34211798854958697,8.040695684030652e-05,0.12014316767454147,0.004740975797176361,0.013144833035767078
59,sample_000059,samples/sample_000059.npz,44,53,31,40,2,10,9,9,8,20.0,100.0,90.0,90.0,80.0,480.0,350.0,60.0,0.9400558586085401,0.0006661443621851504,0.868538498878479,0.03311600908637047,0.09507834911346436
60,sample_000060,samples/sample_000060.npz,32,40,26,33,4,12,8,7,8,40.0,120.0,80.0,70.0,80.0,355.0,290.0,80.0,0.36709982204022884,0.00037344908923842013,0.1660802662372589,0.008652760647237301,0.019441120326519012
61,sample_000061,samples/sample_000061.npz,16,30,46,53,4,9,14,7,5,40.0,90.0,140.0,70.0,50.0,225.0,490.0,65.0,0.6081998361800318,0.000297862890874967,0.30267035961151123,0.01583677902817726,0.039166562259197235
62,sample_000062,samples/sample_000062.npz,9,22,27,42,2,7,13,15,5,20.0,70.0,130.0,150.0,50.0,150.0,340.0,45.0,0.9681046825162396,0.0008064212743192911,1.0362740755081177,0.05342817306518555,0.14952969551086426
63,sample_000063,samples/sample_000063.npz,34,45,10,21,5,10,11,11,5,50.0,100.0,110.0,110.0,50.0,390.0,150.0,75.0,0.532191217820781,0.00039693067083135247,0.26378771662712097,0.01668698899447918,0.03673500567674637
64,sample_000064,samples/sample_000064.npz,30,37,20,27,7,12,7,7,5,70.0,120.0,70.0,70.0,50.0,330.0,230.0,95.0,0.33894776967550994,0.0001961874804692343,0.05672403797507286,0.004177785012871027,0.00781450979411602
65,sample_000065,samples/sample_000065.npz,39,45,24,28,3,5,6,4,2,30.0,50.0,60.0,40.0,20.0,415.0,255.0,40.0,0.3186383439866961,1.2968533155799378e-05,0.047645773738622665,0.0008856370695866644,0.003553139977157116
66,sample_000066,samples/sample_000066.npz,34,49,9,16,3,6,15,7,3,30.0,60.0,150.0,70.0,30.0,410.0,120.0,45.0,0.4180529396309754,8.535249799024314e-05,0.1883782595396042,0.007378367707133293,0.022704511880874634
67,sample_000067,samples/sample_000067.npz,29,45,34,47,5,13,16,13,8,50.0,130.0,160.0,130.0,80.0,365.0,400.0,90.0,0.602553111985221,0.0020459555089473724,0.5496573448181152,0.05092039704322815,0.09067167341709137
68,sample_000068,samples/sample_000068.npz,22,35,11,20,6,10,13,9,4,60.0,100.0,130.0,90.0,40.0,280.0,150.0,80.0,0.8692397290182241,0.0005914088105782866,0.29817304015159607,0.020848330110311508,0.0431111603975296
69,sample_000069,samples/sample_000069.npz,35,49,36,48,4,9,14,12,5,40.0,90.0,140.0,120.0,50.0,415.0,415.0,65.0,0.5565470437089544,0.0005722062778659165,0.4003434479236603,0.025210045278072357,0.057801585644483566
70,sample_000070,samples/sample_000070.npz,41,50,40,47,2,4,9,7,2,20.0,40.0,90.0,70.0,20.0,450.0,430.0,30.0,0.22753479532929888,1.4033774277777411e-05,0.08335504680871964,0.0016926223179325461,0.007390530314296484
71,sample_000071,samples/sample_000071.npz,44,54,36,52,3,8,10,16,5,30.0,80.0,100.0,160.0,50.0,485.0,435.0,55.0,0.950196374718226,0.0006078750593587756,0.7745826244354248,0.04146457463502884,0.10781200975179672
72,sample_000072,samples/sample_000072.npz,24,39,42,54,5,12,15,12,7,50.0,120.0,150.0,120.0,70.0,310.0,475.0,85.0,0.9044379796086117,0.0019304364686831832,0.7017310857772827,0.057686977088451385,0.11081361025571823
73,sample_000073,samples/sample_000073.npz,40,46,8,15,4,10,6,7,6,40.0,100.0,60.0,70.0,60.0,425.0,110.0,70.0,0.960857141891585,0.0002256446605315432,0.3062729239463806,0.01249866932630539,0.032983340322971344
74,sample_000074,samples/sample_000074.npz,16,26,36,49,8,14,10,13,6,80.0,140.0,100.0,130.0,60.0,205.0,420.0,110.0,0.2936956257509941,0.0004420211771503091,0.10404569655656815,0.010847634635865688,0.01731172762811184
75,sample_000075,samples/sample_000075.npz,17,28,32,40,7,11,11,8,4,70.0,110.0,110.0,80.0,40.0,220.0,355.0,90.0,0.7011835364614531,0.0004995742347091436,0.1639825701713562,0.012536474503576756,0.023676209151744843
76,sample_000076,samples/sample_000076.npz,39,48,39,46,7,11,9,7,4,70.0,110.0,90.0,70.0,40.0,430.0,420.0,90.0,0.34369209335569,0.00013584637781605124,0.06134062632918358,0.0043448940850794315,0.008523869328200817
77,sample_000077,samples/sample_000077.npz,14,28,37,42,8,14,14,5,6,80.0,140.0,140.0,50.0,60.0,205.0,390.0,110.0,0.5529939983760436,0.00048810525913722813,0.11069215834140778,0.01107189804315567,0.01782139390707016
78,sample_000078,samples/sample_000078.npz,25,36,36,46,4,7,11,10,3,40.0,70.0,110.0,100.0,30.0,300.0,405.0,55.0,0.3314512381757112,0.00015123639605008066,0.13372598588466644,0.006105348933488131,0.01640794612467289
79,sample_000079,samples/sample_000079.npz,11,19,8,12,2,5,8,4,3,20.0,50.0,80.0,40.0,30.0,145.0,95.0,35.0,0.9637463281967422,3.611523061408661e-05,0.31449389457702637,0.0052723693661391735,0.023585524410009384
80,sample_000080,samples/sample_000080.npz,32,45,33,41,2,7,13,8,5,20.0,70.0,130.0,80.0,50.0,380.0,365.0,45.0,0.4787336263885227,0.0002760804782155901,0.3911345601081848,0.014267809689044952,0.044789958745241165
81,sample_000081,samples/sample_000081.npz,33,41,12,27,2,5,8,15,3,20.0,50.0,80.0,150.0,30.0,365.0,190.0,35.0,0.5745234338916141,0.0001472732110414654,0.3516024351119995,0.012095091864466667,0.04157901555299759
82,sample_000082,samples/sample_000082.npz,22,26,25,31,8,11,4,6,3,80.0,110.0,40.0,60.0,30.0,235.0,275.0,95.0,0.49145527256784505,7.878812175476924e-05,0.024948833510279655,0.0017796456813812256,0.0033520066644996405
83,sample_000083,samples/sample_000083.npz,9,21,29,39,3,9,12,10,6,30.0,90.0,120.0,100.0,60.0,145.0,335.0,60.0,0.22406604491713944,0.00018125100177712739,0.18081018328666687,0.008749316446483135,0.022880151867866516
84,sample_000084,samples/sample_000084.npz,40,49,39,47,7,9,9,8,2,70.0,90.0,90.0,80.0,20.0,440.0,425.0,80.0,0.6772901445738391,0.0001309915242018178,0.0803525522351265,0.005016267765313387,0.010718083009123802
85,sample_000085,samples/sample_000085.npz,11,15,35,43,5,11,4,8,6,50.0,110.0,40.0,80.0,60.0,125.0,385.0,80.0,0.9953341064435577,0.00023355524172075093,0.19267027080059052,0.009687349200248718,0.02250000461935997
86,sample_000086,samples/sample_000086.npz,41,45,10,17,4,11,4,7,7,40.0,110.0,40.0,70.0,70.0,425.0,130.0,75.0,0.9456680134255657,0.00019545273971743882,0.2277006357908249,0.009510106407105923,0.02409433014690876
87,sample_000087,samples/sample_000087.npz,14,30,25,34,2,4,16,9,2,20.0,40.0,160.0,90.0,20.0,215.0,290.0,30.0,0.8278355245381428,0.00017107765597756952,0.3955526351928711,0.014157643541693687,0.04977313056588173
88,sample_000088,samples/sample_000088.npz,11,27,19,35,2,7,16,16,5,20.0,70.0,160.0,160.0,50.0,185.0,265.0,45.0,0.872033054049786,0.0010086444672197104,1.0238852500915527,0.06348108500242233,0.1644914448261261
89,sample_000089,samples/sample_000089.npz,25,40,10,17,3,5,15,7,2,30.0,50.0,150.0,70.0,20.0,320.0,130.0,40.0,0.32708311713986654,5.093942309031263e-05,0.1084960326552391,0.003930317237973213,0.012782356701791286
90,sample_000090,samples/sample_000090.npz,31,35,39,44,7,9,4,5,2,70.0,90.0,40.0,50.0,20.0,325.0,410.0,80.0,0.3374063972261927,2.6544272259343415e-05,0.013144530355930328,0.000705835351254791,0.0015606054803356528
91,sample_000091,samples/sample_000091.npz,31,37,40,54,8,13,6,14,5,80.0,130.0,60.0,140.0,50.0,335.0,465.0,105.0,0.314051292974615,0.0002719032927416265,0.06643277406692505,0.006322049535810947,0.010596765205264091
92,sample_000092,samples/sample_000092.npz,14,30,25,30,8,16,16,5,8,80.0,160.0,160.0,50.0,80.0,215.0,270.0,120.0,0.3527865265552321,0.000579022744204849,0.09173300117254257,0.010532079264521599,0.01554416585713625
93,sample_000093,samples/sample_000093.npz,46,51,39,47,2,4,5,8,2,20.0,40.0,50.0,80.0,20.0,480.0,425.0,30.0,0.7512071158293232,2.7273739760858007e-05,0.21804477274417877,0.0035381666384637356,0.01667553000152111
94,sample_000094,samples/sample_000094.npz,18,28,35,43,4,9,10,8,5,40.0,90.0,100.0,80.0,50.0,225.0,385.0,65.0,0.22300732516634592,0.00012244482059031725,0.10322016477584839,0.0048395865596830845,0.012201785109937191
95,sample_000095,samples/sample_000095.npz,26,32,42,53,3,8,6,11,5,30.0,80.0,60.0,110.0,50.0,285.0,470.0,55.0,0.4337700634644878,0.00015115416317712516,0.2160525619983673,0.007906044833362103,0.023183897137641907
96,sample_000096,samples/sample_000096.npz,45,54,30,44,3,10,9,14,7,30.0,100.0,90.0,140.0,70.0,490.0,365.0,65.0,0.30725299857992516,0.0002996442199219018,0.2691423296928406,0.014454620890319347,0.03569471836090088
97,sample_000097,samples/sample_000097.npz,17,22,27,38,7,10,5,11,3,70.0,100.0,50.0,110.0,30.0,190.0,320.0,85.0,0.38162406129919557,0.00011992922372883186,0.047624703496694565,0.0032271649688482285,0.006513329688459635
98,sample_000098,samples/sample_000098.npz,16,30,31,41,7,14,14,10,7,70.0,140.0,140.0,100.0,70.0,225.0,355.0,105.0,0.5784619057172555,0.0013504476519301534,0.2764545679092407,0.027646822854876518,0.0449642613530159
99,sample_000099,samples/sample_000099.npz,13,17,17,21,4,7,4,4,3,40.0,70.0,40.0,40.0,30.0,145.0,185.0,55.0,0.8294001997182849,3.07567861455027e-05,0.08229729533195496,0.002173603279516101,0.007030193228274584
100,sample_000100,samples/sample_000100.npz,13,17,29,42,2,7,4,13,5,20.0,70.0,40.0,130.0,50.0,145.0,350.0,45.0,0.8666723554680504,0.0001828296371968463,0.43813419342041016,0.012759475968778133,0.04327434301376343
101,sample_000101,samples/sample_000101.npz,13,21,43,56,5,8,8,13,3,50.0,80.0,80.0,130.0,30.0,165.0,490.0,65.0,0.4764147715662276,0.0001274786191061139,0.1472640037536621,0.007805453147739172,0.01930030807852745
102,sample_000102,samples/sample_000102.npz,37,47,16,27,4,9,10,11,5,40.0,90.0,100.0,110.0,50.0,415.0,210.0,65.0,0.5703672773877432,0.0003765998990274966,0.32336828112602234,0.016919098794460297,0.04140661284327507
103,sample_000103,samples/sample_000103.npz,39,53,23,30,6,10,14,7,4,60.0,100.0,140.0,70.0,40.0,455.0,260.0,80.0,0.9970838266696098,0.0005865316488780081,0.29165521264076233,0.020153457298874855,0.04158401861786842
104,sample_000104,samples/sample_000104.npz,23,33,36,50,2,5,10,14,3,20.0,50.0,100.0,140.0,30.0,275.0,425.0,35.0,0.29018999468979223,9.389359911438078e-05,0.19380928575992584,0.007140288595110178,0.023956410586833954
105,sample_000105,samples/sample_000105.npz,18,31,29,42,3,6,13,13,3,30.0,60.0,130.0,130.0,30.0,240.0,350.0,45.0,0.3438520567611396,0.00019724402227438986,0.20600174367427826,0.009985488839447498,0.028063956648111343
106,sample_000106,samples/sample_000106.npz,29,40,25,32,7,9,11,7,2,70.0,90.0,110.0,70.0,20.0,340.0,280.0,80.0,0.6076186970277863,0.00021803057461511344,0.0744275152683258,0.004918867722153664,0.010129044763743877
107,sample_000107,samples/sample_000107.npz,46,53,41,55,7,10,7,14,3,70.0,100.0,70.0,140.0,30.0,490.0,475.0,85.0,0.2618071885553499,8.351422002306208e-05,0.0518588162958622,0.003778764046728611,0.007707278244197369
108,sample_000108,samples/sample_000108.npz,31,47,43,55,5,7,16,12,2,50.0,70.0,160.0,120.0,20.0,385.0,485.0,60.0,0.6914738976110106,0.0002641415339894593,0.22300460934638977,0.01434231735765934,0.03352121263742447
109,sample_000109,samples/sample_000109.npz,28,38,27,34,4,9,10,7,5,40.0,90.0,100.0,70.0,50.0,325.0,300.0,65.0,0.5369377491873798,0.00040497450390830636,0.2240285873413086,0.010280712507665157,0.025955965742468834
110,sample_000110,samples/sample_000110.npz,15,22,25,31,2,7,7,6,5,20.0,70.0,70.0,60.0,50.0,180.0,275.0,45.0,0.4635946621396003,8.749558037379757e-05,0.24214915931224823,0.005547264125198126,0.02037854492664337
111,sample_000111,samples/sample_000111.npz,33,37,23,31,5,13,4,8,8,50.0,130.0,40.0,80.0,80.0,345.0,265.0,90.0,0.753745409757403,0.00046475278213620186,0.16694959998130798,0.009883159771561623,0.020214583724737167
112,sample_000112,samples/sample_000112.npz,9,22,25,30,8,13,13,5,5,80.0,130.0,130.0,50.0,50.0,150.0,270.0,105.0,0.5648137652792543,0.0003371283528394997,0.09522973001003265,0.008728922344744205,0.01495867595076561
113,sample_000113,samples/sample_000113.npz,45,55,20,30,5,9,10,10,4,50.0,90.0,100.0,100.0,40.0,495.0,245.0,70.0,0.5933520521682216,0.0002643454063218087,0.22579079866409302,0.012425080873072147,0.029354151338338852
114,sample_000114,samples/sample_000114.npz,41,56,27,43,8,10,15,16,2,80.0,100.0,150.0,160.0,20.0,480.0,345.0,90.0,0.6724820537541432,0.0005374311585910618,0.1580159068107605,0.016011083498597145,0.02775302529335022
115,sample_000115,samples/sample_000115.npz,40,52,40,54,4,6,12,14,2,40.0,60.0,120.0,140.0,20.0,455.0,465.0,50.0,0.735970250652668,0.00018085871124640107,0.2667333781719208,0.013703348115086555,0.03687179088592529
116,sample_000116,samples/sample_000116.npz,44,49,22,35,7,13,5,13,6,70.0,130.0,50.0,130.0,60.0,460.0,280.0,100.0,0.4886402766409633,0.0003644969256129116,0.10945853590965271,0.009297286160290241,0.01651213876903057
117,sample_000117,samples/sample_000117.npz,9,13,14,23,2,10,4,9,8,20.0,100.0,40.0,90.0,80.0,105.0,180.0,60.0,0.29781135205650977,6.365642911987379e-05,0.15807725489139557,0.00454799784347415,0.014373719692230225
118,sample_000118,samples/sample_000118.npz,27,43,50,56,5,13,16,6,8,50.0,130.0,160.0,60.0,80.0,345.0,525.0,90.0,0.36265099928464545,0.00039405832649208605,0.18171808123588562,0.013564832508563995,0.026922648772597313
119,sample_000119,samples/sample_000119.npz,11,17,27,37,4,12,6,10,8,40.0,120.0,60.0,100.0,80.0,135.0,315.0,80.0,0.5049575505079639,0.00036235435982234776,0.23622043430805206,0.012388325296342373,0.028429750353097916
120,sample_000120,samples/sample_000120.npz,44,49,17,31,2,4,5,14,2,20.0,40.0,50.0,140.0,20.0,460.0,235.0,30.0,0.9033224956910024,6.630988355027512e-05,0.3049165904521942,0.007473171688616276,0.030280182138085365
121,sample_000121,samples/sample_000121.npz,39,45,46,55,2,5,6,9,3,20.0,50.0,60.0,90.0,30.0,415.0,500.0,35.0,0.783173102098575,6.501402094727382e-05,0.35091230273246765,0.007342236582189798,0.030363094061613083
122,sample_000122,samples/sample_000122.npz,41,47,29,42,8,16,6,13,8,80.0,160.0,60.0,130.0,80.0,435.0,350.0,120.0,0.9981855270204449,0.0015296308556571603,0.266976922750473,0.028957422822713852,0.04379551485180855
123,sample_000123,samples/sample_000123.npz,20,33,14,29,3,7,13,15,4,30.0,70.0,130.0,150.0,40.0,260.0,210.0,50.0,0.45816516524155326,0.0003821337304543704,0.3577044904232025,0.02012818306684494,0.05213175341486931
124,sample_000124,samples/sample_000124.npz,45,55,35,46,2,10,10,11,8,20.0,100.0,100.0,110.0,80.0,495.0,400.0,60.0,0.7713258461083334,0.0006243939860723913,0.8383616209030151,0.036592986434698105,0.10113731026649475
125,sample_000125,samples/sample_000125.npz,13,19,17,33,8,14,6,16,6,80.0,140.0,60.0,160.0,60.0,155.0,245.0,110.0,0.43709402633248157,0.0004594297206494957,0.11376170814037323,0.011795383878052235,0.019015073776245117
126,sample_000126,samples/sample_000126.npz,24,32,44,50,7,9,8,6,2,70.0,90.0,80.0,60.0,20.0,275.0,465.0,80.0,0.2728927351852563,3.9361730159725994e-05,0.023205352947115898,0.001350618782453239,0.002943058032542467
127,sample_000127,samples/sample_000127.npz,24,31,48,52,3,11,7,4,8,30.0,110.0,70.0,40.0,80.0,270.0,495.0,70.0,0.7934138854022472,0.00020895048510283232,0.2669292390346527,0.009348166175186634,0.025558238849043846
128,sample_000128,samples/sample_000128.npz,29,35,39,55,3,10,6,16,7,30.0,100.0,60.0,160.0,70.0,315.0,465.0,65.0,0.41909458729910204,0.0003875955007970333,0.2892051935195923,0.015136281959712505,0.037248395383358
129,sample_000129,samples/sample_000129.npz,11,20,21,34,7,9,9,13,2,70.0,90.0,90.0,130.0,20.0,150.0,270.0,80.0,0.8976451064883175,0.0002979579148814082,0.1508033722639084,0.01075506117194891,0.022048775106668472
130,sample_000130,samples/sample_000130.npz,23,31,11,23,5,12,8,12,7,50.0,120.0,80.0,120.0,70.0,265.0,165.0,85.0,0.5191532330755264,0.0005421735113486648,0.263307124376297,0.017707761377096176,0.03632936626672745
131,sample_000131,samples/sample_000131.npz,18,22,26,35,4,12,4,9,8,40.0,120.0,40.0,90.0,80.0,195.0,300.0,80.0,0.21373374187547914,0.00010891523561440408,0.0651402547955513,0.003205789253115654,0.007375799119472504
132,sample_000132,samples/sample_000132.npz,43,53,39,54,8,10,10,15,2,80.0,100.0,100.0,150.0,20.0,475.0,460.0,90.0,0.9166968828826836,0.0003423767921049148,0.1552332639694214,0.01342062558978796,0.025059638544917107
133,sample_000133,samples/sample_000133.npz,34,42,22,33,6,14,8,11,8,60.0,140.0,80.0,110.0,80.0,375.0,270.0,100.0,0.7944155083873499,0.0013754721730947495,0.3378963768482208,0.027811657637357712,0.04924086481332779
134,sample_000134,samples/sample_000134.npz,18,33,40,52,8,14,15,12,6,80.0,140.0,150.0,120.0,60.0,250.0,455.0,110.0,0.2745972080013429,0.0005860489327460527,0.12448462098836899,0.014001029543578625,0.021768659353256226
135,sample_000135,samples/sample_000135.npz,23,28,38,52,4,8,5,14,4,40.0,80.0,50.0,140.0,40.0,250.0,445.0,60.0,0.21080970244989958,6.722809484926984e-05,0.06922582536935806,0.003224451094865799,0.008406129665672779
136,sample_000136,samples/sample_000136.npz,11,16,48,56,2,6,5,8,4,20.0,60.0,50.0,80.0,40.0,130.0,515.0,40.0,0.7756804210935522,5.616525231744163e-05,0.34352022409439087,0.006972843315452337,0.028270188719034195
137,sample_000137,samples/sample_000137.npz,16,25,19,30,8,12,9,11,4,80.0,120.0,90.0,110.0,40.0,200.0,240.0,100.0,0.6729958918703116,0.0005045150173828006,0.14584992825984955,0.01305487472563982,0.022640064358711243
138,sample_000138,samples/sample_000138.npz,24,36,24,35,3,7,12,11,4,30.0,70.0,120.0,110.0,40.0,295.0,290.0,50.0,0.3395653771192027,0.00028075845330022275,0.22496329247951508,0.010173275135457516,0.028382543474435806
139,sample_000139,samples/sample_000139.npz,39,50,25,37,7,9,11,12,2,70.0,90.0,110.0,120.0,20.0,440.0,305.0,80.0,0.9637510996881506,0.00045415485510602593,0.179059237241745,0.013202749192714691,0.026432961225509644
140,sample_000140,samples/sample_000140.npz,19,25,26,42,8,10,6,16,2,80.0,100.0,60.0,160.0,20.0,215.0,335.0,90.0,0.5818549545580736,0.00023630671785213053,0.06613358855247498,0.005670476239174604,0.010250621475279331
141,sample_000141,samples/sample_000141.npz,12,17,30,38,4,11,5,8,7,40.0,110.0,50.0,80.0,70.0,140.0,335.0,75.0,0.6920079636727972,0.00026379755581729114,0.2236366719007492,0.010067518800497055,0.02473446913063526
142,sample_000142,samples/sample_000142.npz,34,47,20,35,3,6,13,15,3,30.0,60.0,130.0,150.0,30.0,400.0,270.0,45.0,0.5166820864013048,0.00032100817770697176,0.3258752226829529,0.017289889976382256,0.046986985951662064
143,sample_000143,samples/sample_000143.npz,28,40,17,31,8,15,12,14,7,80.0,150.0,120.0,140.0,70.0,335.0,235.0,115.0,0.4306877558372265,0.0014427403220906854,0.20561863481998444,0.02409762144088745,0.035594649612903595
144,sample_000144,samples/sample_000144.npz,17,21,37,47,7,15,4,10,8,70.0,150.0,40.0,100.0,80.0,185.0,415.0,110.0,0.5166440440056412,0.0003029408399015665,0.09101636707782745,0.007813136093318462,0.013387808576226234
145,sample_000145,samples/sample_000145.npz,25,35,10,25,7,15,10,15,8,70.0,150.0,100.0,150.0,80.0,295.0,170.0,110.0,0.9181605701253936,0.0024117829743772745,0.49523377418518066,0.05215628445148468,0.08320071548223495
146,sample_000146,samples/sample_000146.npz,8,19,35,48,4,7,11,13,3,40.0,70.0,110.0,130.0,30.0,130.0,410.0,55.0,0.6663966720060721,0.00023316656006500125,0.307295560836792,0.01557554118335247,0.04115040600299835
147,sample_000147,samples/sample_000147.npz,16,29,27,40,5,7,13,13,2,50.0,70.0,130.0,130.0,20.0,220.0,330.0,60.0,0.7723513030642546,0.0003883343015331775,0.23540544509887695,0.014364815317094326,0.033810004591941833
148,sample_000148,samples/sample_000148.npz,50,54,26,35,6,12,4,9,6,60.0,120.0,40.0,90.0,60.0,515.0,300.0,90.0,0.8621016645370339,0.0002813160535879433,0.14553077518939972,0.009138214401900768,0.019000079482793808
149,sample_000149,samples/sample_000149.npz,25,40,18,25,2,4,15,7,2,20.0,40.0,150.0,70.0,20.0,320.0,210.0,30.0,0.7748147902798181,0.00012072015670128167,0.3243577778339386,0.009664326906204224,0.036390066146850586
150,sample_000150,samples/sample_000150.npz,31,40,22,30,5,8,9,8,3,50.0,80.0,90.0,80.0,30.0,350.0,255.0,65.0,0.5033500607486536,0.00018390463083051145,0.12463442236185074,0.00593002000823617,0.014756595715880394
151,sample_000151,samples/sample_000151.npz,10,14,26,34,5,8,4,8,3,50.0,80.0,40.0,80.0,30.0,115.0,295.0,65.0,0.2978229179032972,3.122025736956857e-05,0.038188859820365906,0.0015136479632928967,0.004077306017279625
152,sample_000152,samples/sample_000152.npz,10,23,21,31,4,10,13,10,6,40.0,100.0,130.0,100.0,60.0,160.0,255.0,70.0,0.7142023141066649,0.0006899957661516964,0.49402952194213867,0.029424456879496574,0.06767365336418152
153,sample_000153,samples/sample_000153.npz,47,54,45,56,2,10,7,11,8,20.0,100.0,70.0,110.0,80.0,500.0,500.0,60.0,0.8345949645585902,0.0003609043196775019,0.7315500378608704,0.027145667001605034,0.08029564470052719
154,sample_000154,samples/sample_000154.npz,8,20,39,49,7,9,12,10,2,70.0,90.0,120.0,100.0,20.0,135.0,435.0,80.0,0.35005112444043684,9.40505342441611e-05,0.060865338891744614,0.004228205885738134,0.008860073983669281
155,sample_000155,samples/sample_000155.npz,31,37,39,49,7,11,6,10,4,70.0,110.0,60.0,100.0,40.0,335.0,435.0,90.0,0.3429446631422488,0.0001618575770407915,0.05833286792039871,0.004163586068898439,0.008068765513598919
156,sample_000156,samples/sample_000156.npz,18,23,34,49,2,7,5,15,5,20.0,70.0,50.0,150.0,50.0,200.0,410.0,45.0,0.6496310473277617,0.00020077462249901146,0.40154555439949036,0.013861235231161118,0.04438873752951622
157,sample_000157,samples/sample_000157.npz,19,24,45,54,5,10,5,9,5,50.0,100.0,50.0,90.0,50.0,210.0,490.0,75.0,0.6124445318328228,0.00015194063598755747,0.1422172486782074,0.007095731794834137,0.01695583574473858
158,sample_000158,samples/sample_000158.npz,38,48,20,30,2,4,10,10,2,20.0,40.0,100.0,100.0,20.0,425.0,245.0,30.0,0.2984070235870901,3.596752867451869e-05,0.1326839178800583,0.0035390756092965603,0.013941382057964802
159,sample_000159,samples/sample_000159.npz,36,52,36,41,5,11,16,5,6,50.0,110.0,160.0,50.0,60.0,435.0,380.0,80.0,0.32050570099526765,0.00023934734053909779,0.11624101549386978,0.007966306991875172,0.016470415517687798
160,sample_000160,samples/sample_000160.npz,46,55,9,20,6,14,9,11,8,60.0,140.0,90.0,110.0,80.0,500.0,140.0,100.0,0.7573353552880362,0.0007103929528966546,0.35377827286720276,0.02777976356446743,0.053270623087882996
161,sample_000161,samples/sample_000161.npz,38,52,17,21,8,16,14,4,8,80.0,160.0,140.0,40.0,80.0,445.0,185.0,120.0,0.8433315989837613,0.0006931616808287799,0.16194787621498108,0.01715092733502388,0.026741690933704376
162,sample_000162,samples/sample_000162.npz,39,48,9,14,7,14,9,5,7,70.0,140.0,90.0,50.0,70.0,430.0,110.0,105.0,0.605184773503524,0.0002593235985841602,0.1122245043516159,0.00878091249614954,0.016365617513656616
163,sample_000163,samples/sample_000163.npz,44,54,34,48,3,5,10,14,2,30.0,50.0,100.0,140.0,20.0,485.0,405.0,40.0,0.6152726946197704,0.00010871833364944905,0.24628885090351105,0.009854272939264774,0.030940193682909012
164,sample_000164,samples/sample_000164.npz,21,30,31,43,2,4,9,12,2,20.0,40.0,90.0,120.0,20.0,250.0,365.0,30.0,0.7952688461787167,0.00012766978761646897,0.3576403558254242,0.010217804461717606,0.03918964043259621
165,sample_000165,samples/sample_000165.npz,22,34,16,27,6,14,12,11,8,60.0,140.0,120.0,110.0,80.0,275.0,210.0,100.0,0.8130188858516527,0.0018533985130488873,0.4732630252838135,0.04234704747796059,0.07345569133758545
166,sample_000166,samples/sample_000166.npz,9,14,22,32,4,9,5,10,5,40.0,90.0,50.0,100.0,50.0,110.0,265.0,65.0,0.9228819418882435,0.00023105817672330886,0.2924319803714752,0.012172659859061241,0.03260853886604309
167,sample_000167,samples/sample_000167.npz,42,47,39,50,8,15,5,11,7,80.0,150.0,50.0,110.0,70.0,440.0,440.0,115.0,0.42255720470714375,0.0002946863241959363,0.07746104896068573,0.007527640089392662,0.012243993580341339
168,sample_000168,samples/sample_000168.npz,25,35,33,44,8,13,10,11,5,80.0,130.0,100.0,110.0,50.0,295.0,380.0,105.0,0.35402484683168595,0.0005359118804335594,0.09802132099866867,0.009552104398608208,0.015560771338641644
169,sample_000169,samples/sample_000169.npz,25,34,13,26,2,7,9,13,5,20.0,70.0,90.0,130.0,50.0,290.0,190.0,45.0,0.6766733079869205,0.0003866087063215673,0.5865548849105835,0.02257501892745495,0.06997562199831009
170,sample_000170,samples/sample_000170.npz,50,55,11,21,8,12,5,10,4,80.0,120.0,50.0,100.0,40.0,520.0,155.0,100.0,0.8953011708452796,0.00020900863455608487,0.10660325735807419,0.008246151730418205,0.015849702060222626
171,sample_000171,samples/sample_000171.npz,41,50,14,18,3,5,9,4,2,30.0,50.0,90.0,40.0,20.0,450.0,155.0,40.0,0.6488364763077721,2.679255703696981e-05,0.12026525288820267,0.0026685078628361225,0.010252695530653
172,sample_000172,samples/sample_000172.npz,40,49,35,43,6,8,9,8,2,60.0,80.0,90.0,80.0,20.0,440.0,385.0,70.0,0.45921214564720564,8.740594785194844e-05,0.06700266897678375,0.0035185031592845917,0.008313805796205997
173,sample_000173,samples/sample_000173.npz,25,35,24,30,3,10,10,6,7,30.0,100.0,100.0,60.0,70.0,295.0,265.0,65.0,0.8669425777666184,0.0006666496046818793,0.48539668321609497,0.0198938250541687,0.05244208872318268
174,sample_000174,samples/sample_000174.npz,32,40,37,51,4,9,8,14,5,40.0,90.0,80.0,140.0,50.0,355.0,435.0,65.0,0.6783989948872378,0.0005191160598769784,0.37525513768196106,0.020542141050100327,0.04928513988852501
175,sample_000175,samples/sample_000175.npz,29,40,36,49,3,9,11,13,6,30.0,90.0,110.0,130.0,60.0,340.0,420.0,60.0,0.8307043149728166,0.0009895008988678455,0.73023921251297,0.039181508123874664,0.0980120301246643
176,sample_000176,samples/sample_000176.npz,16,32,31,38,5,9,16,7,4,50.0,90.0,160.0,70.0,40.0,235.0,340.0,70.0,0.6528667617770079,0.0005162354209460318,0.24545614421367645,0.01570545881986618,0.03448934108018875
177,sample_000177,samples/sample_000177.npz,21,33,35,41,5,11,12,6,6,50.0,110.0,120.0,60.0,60.0,265.0,375.0,80.0,0.4055537556457042,0.00034439170849509537,0.1490754336118698,0.009182307869195938,0.01947636343538761
178,sample_000178,samples/sample_000178.npz,21,32,39,55,6,9,11,16,3,60.0,90.0,110.0,160.0,30.0,260.0,465.0,75.0,0.7942484307284456,0.0005756571772508323,0.2862851023674011,0.021835580468177795,0.044548399746418
179,sample_000179,samples/sample_000179.npz,13,29,26,31,6,9,16,5,3,60.0,90.0,160.0,50.0,30.0,205.0,280.0,75.0,0.21757411608665045,8.62426677485928e-05,0.04108876734972,0.0027523108292371035,0.0058179935440421104
180,sample_000180,samples/sample_000180.npz,28,35,26,32,4,10,7,6,6,40.0,100.0,70.0,60.0,60.0,310.0,285.0,70.0,0.427615128477047,0.00023919693194329739,0.136302188038826,0.005821268539875746,0.014597587287425995
181,sample_000181,samples/sample_000181.npz,27,38,34,42,4,11,11,8,7,40.0,110.0,110.0,80.0,70.0,320.0,375.0,75.0,0.7584924922894787,0.0009964703349396586,0.4432697296142578,0.024860452860593796,0.056015368551015854
182,sample_000182,samples/sample_000182.npz,23,38,28,36,5,11,15,8,6,50.0,110.0,150.0,80.0,60.0,300.0,315.0,80.0,0.8461974565208115,0.0016700378619134426,0.4465150535106659,0.03205609321594238,0.06438855826854706
183,sample_000183,samples/sample_000183.npz,21,34,39,50,8,14,13,11,6,80.0,140.0,130.0,110.0,60.0,270.0,440.0,110.0,0.5291225751810547,0.0009914227994158864,0.2020961493253708,0.021620871499180794,0.03401615470647812
184,sample_000184,samples/sample_000184.npz,15,22,44,48,6,11,7,4,5,60.0,110.0,70.0,40.0,50.0,180.0,455.0,85.0,0.778815536374533,0.00013820196909364313,0.09690666198730469,0.00548043567687273,0.011928260326385498
185,sample_000185,samples/sample_000185.npz,25,33,35,40,5,13,8,5,8,50.0,130.0,80.0,50.0,80.0,285.0,370.0,90.0,0.839332843593561,0.0006360242841765285,0.22703348100185394,0.013749773614108562,0.02800019644200802
186,sample_000186,samples/sample_000186.npz,19,23,28,32,3,11,4,4,8,30.0,110.0,40.0,40.0,80.0,205.0,295.0,70.0,0.7043973114302104,0.00014297633606474847,0.15418052673339844,0.004834041465073824,0.013332200236618519
187,sample_000187,samples/sample_000187.npz,40,45,8,24,8,10,5,16,2,80.0,100.0,50.0,160.0,20.0,420.0,155.0,90.0,0.6988979174229939,0.00015479350986424834,0.06686930358409882,0.005514754448086023,0.01037810929119587
188,sample_000188,samples/sample_000188.npz,45,54,45,51,4,9,9,6,5,40.0,90.0,90.0,60.0,50.0,490.0,475.0,65.0,0.4659665723827107,0.00010466468665981665,0.1615903377532959,0.006603611167520285,0.01786128617823124
189,sample_000189,samples/sample_000189.npz,30,35,11,23,3,6,5,12,3,30.0,60.0,50.0,120.0,30.0,320.0,165.0,45.0,0.30328619452394945,5.151729783392511e-05,0.09935560077428818,0.003102279035374522,0.010215786285698414
190,sample_000190,samples/sample_000190.npz,30,35,18,31,2,7,5,13,5,20.0,70.0,50.0,130.0,50.0,320.0,240.0,45.0,0.3040902232422423,0.00012205902021378279,0.18080779910087585,0.005667256191372871,0.018695369362831116
191,sample_000191,samples/sample_000191.npz,43,55,29,35,8,10,12,6,2,80.0,100.0,120.0,60.0,20.0,485.0,315.0,90.0,0.516165543280098,0.0001300209405599162,0.04893014580011368,0.00369284232147038,0.007120659574866295
192,sample_000192,samples/sample_000192.npz,34,48,9,18,5,10,14,9,5,50.0,100.0,140.0,90.0,50.0,405.0,130.0,75.0,0.9513313457530024,0.0006691029411740601,0.4735645651817322,0.030763424932956696,0.0675463080406189
193,sample_000193,samples/sample_000193.npz,11,21,33,37,8,15,10,4,7,80.0,150.0,100.0,40.0,70.0,155.0,345.0,115.0,0.8488172315489486,0.0004989588633179665,0.11696412414312363,0.011034974828362465,0.018032869324088097
194,sample_000194,samples/sample_000194.npz,33,46,40,47,4,12,13,7,8,40.0,120.0,130.0,70.0,80.0,390.0,430.0,80.0,0.8483121437621688,0.0009423427400179207,0.5215795040130615,0.0320303849875927,0.06927532702684402
195,sample_000195,samples/sample_000195.npz,28,44,9,17,5,8,16,8,3,50.0,80.0,160.0,80.0,30.0,355.0,125.0,65.0,0.48673387518577677,0.00020233176473993808,0.16592495143413544,0.009910764172673225,0.023282896727323532
196,sample_000196,samples/sample_000196.npz,20,26,10,21,2,10,6,11,8,20.0,100.0,60.0,110.0,80.0,225.0,150.0,60.0,0.6511661819687117,0.000326302251778543,0.5170174241065979,0.018613826483488083,0.054310332983732224
197,sample_000197,samples/sample_000197.npz,32,42,10,15,2,4,10,5,2,20.0,40.0,100.0,50.0,20.0,365.0,120.0,30.0,0.8976157552747548,4.327797796577215e-05,0.28065118193626404,0.005273523740470409,0.023665156215429306
198,sample_000198,samples/sample_000198.npz,26,37,32,47,3,7,11,15,4,30.0,70.0,110.0,150.0,40.0,310.0,390.0,50.0,0.9723033483190442,0.0008858543587848544,0.7016744613647461,0.036312803626060486,0.09665972739458084
199,sample_000199,samples/sample_000199.npz,19,31,36,51,3,8,12,15,5,30.0,80.0,120.0,150.0,50.0,245.0,430.0,55.0,0.7603318125376113,0.0007431764388456941,0.666732132434845,0.03795040026307106,0.09546204656362534
200,sample_000200,samples/sample_000200.npz,8,20,45,56,6,12,12,11,6,60.0,120.0,120.0,110.0,60.0,135.0,500.0,90.0,0.2744560853477075,0.0002304860099684447,0.13568350672721863,0.010361970402300358,0.020744668319821358
201,sample_000201,samples/sample_000201.npz,35,46,44,48,8,14,11,4,6,80.0,140.0,110.0,40.0,60.0,400.0,455.0,110.0,0.7861302466790849,0.0003854645474348217,0.10652320086956024,0.009795671328902245,0.016390196979045868
202,sample_000202,samples/sample_000202.npz,17,33,33,45,6,10,16,12,4,60.0,100.0,160.0,120.0,40.0,245.0,385.0,80.0,0.5662618216826578,0.0007852364215068519,0.27001461386680603,0.022679118439555168,0.0431729331612587
203,sample_000203,samples/sample_000203.npz,25,37,23,36,4,12,12,13,8,40.0,120.0,120.0,130.0,80.0,305.0,290.0,80.0,0.9314094672290456,0.002959300996735692,0.8432368040084839,0.06114906817674637,0.1236157938838005
204,sample_000204,samples/sample_000204.npz,39,45,21,37,8,14,6,16,6,80.0,140.0,60.0,160.0,60.0,415.0,285.0,110.0,0.6054736964358632,0.0008617779240012169,0.15758559107780457,0.016752121970057487,0.026145089417696
205,sample_000205,samples/sample_000205.npz,35,42,40,49,7,15,7,9,8,70.0,150.0,70.0,90.0,80.0,380.0,440.0,110.0,0.29306944141669233,0.0003030164516530931,0.07935509830713272,0.007034681271761656,0.011867011897265911
206,sample_000206,samples/sample_000206.npz,24,36,12,20,4,7,12,8,3,40.0,70.0,120.0,80.0,30.0,295.0,155.0,55.0,0.8190743063310679,0.000251424266025424,0.3006225526332855,0.013015351258218288,0.03587455675005913
207,sample_000207,samples/sample_000207.npz,37,45,33,49,3,7,8,16,4,30.0,70.0,80.0,160.0,40.0,405.0,405.0,50.0,0.49942213422980236,0.00025712428032420576,0.3075268566608429,0.014393751509487629,0.03971701115369797
208,sample_000208,samples/sample_000208.npz,37,52,42,53,6,8,15,11,2,60.0,80.0,150.0,110.0,20.0,440.0,470.0,70.0,0.7553410869157671,0.0002604517212603241,0.1891547292470932,0.013031632639467716,0.028441810980439186
209,sample_000209,samples/sample_000209.npz,12,19,17,32,3,9,7,15,6,30.0,90.0,70.0,150.0,60.0,150.0,240.0,60.0,0.6586920021247377,0.0004109682631678879,0.45870721340179443,0.02248299866914749,0.05850519612431526
210,sample_000210,samples/sample_000210.npz,18,28,21,31,3,9,10,10,6,30.0,90.0,100.0,100.0,60.0,225.0,255.0,60.0,0.9421818730685152,0.0007402676274068654,0.69141685962677,0.031100895255804062,0.08240890502929688
211,sample_000211,samples/sample_000211.npz,34,42,19,29,6,8,8,10,2,60.0,80.0,80.0,100.0,20.0,375.0,235.0,70.0,0.39337745647565997,9.901285375235602e-05,0.06200600787997246,0.0033758466597646475,0.007820592261850834
212,sample_000212,samples/sample_000212.npz,29,36,40,56,6,14,7,16,8,60.0,140.0,70.0,160.0,80.0,320.0,475.0,100.0,0.984051525213357,0.0017454603221267462,0.47520771622657776,0.04270261153578758,0.07506908476352692
213,sample_000213,samples/sample_000213.npz,27,41,13,28,8,12,14,15,4,80.0,120.0,140.0,150.0,40.0,335.0,200.0,100.0,0.7244764347655686,0.0013592394534498453,0.2756572961807251,0.029893837869167328,0.048062801361083984
214,sample_000214,samples/sample_000214.npz,41,52,15,28,4,6,11,13,2,40.0,60.0,110.0,130.0,20.0,460.0,210.0,50.0,0.5439830313774974,0.00012682228407356888,0.1822356879711151,0.008677957579493523,0.023928912356495857
215,sample_000215,samples/sample_000215.npz,50,54,38,44,2,4,4,6,2,20.0,40.0,40.0,60.0,20.0,515.0,405.0,30.0,0.7116632957207709,1.4687783732370008e-05,0.15898892283439636,0.002002397086471319,0.010210320353507996
216,sample_000216,samples/sample_000216.npz,21,31,36,47,8,15,10,11,7,80.0,150.0,100.0,110.0,70.0,255.0,410.0,115.0,0.36213539605576045,0.0006673157913610339,0.12414897978305817,0.013193191960453987,0.020342625677585602
217,sample_000217,samples/sample_000217.npz,37,41,29,36,8,13,4,7,5,80.0,130.0,40.0,70.0,50.0,385.0,320.0,105.0,0.8405318124847987,0.00033087687916122377,0.0695321261882782,0.005779206287115812,0.009938707575201988
218,sample_000218,samples/sample_000218.npz,24,34,27,43,2,7,10,16,5,20.0,70.0,100.0,160.0,50.0,285.0,345.0,45.0,0.6132115979220445,0.0006595207378268242,0.5992018580436707,0.028164807707071304,0.08051253110170364
219,sample_000219,samples/sample_000219.npz,27,40,33,41,5,7,13,8,2,50.0,70.0,130.0,80.0,20.0,330.0,365.0,60.0,0.857707734406314,0.00031001120805740356,0.19344462454319,0.009863403625786304,0.024610325694084167
220,sample_000220,samples/sample_000220.npz,8,23,45,56,7,11,15,11,4,70.0,110.0,150.0,110.0,40.0,150.0,500.0,90.0,0.7223231364416982,0.0005268246168270707,0.2667631506919861,0.022826168686151505,0.04359203949570656
221,sample_000221,samples/sample_000221.npz,13,19,33,43,2,4,6,10,2,20.0,40.0,60.0,100.0,20.0,155.0,375.0,30.0,0.27558642595623506,1.7407784980605356e-05,0.09745485335588455,0.0019528006669133902,0.008517547510564327
222,sample_000222,samples/sample_000222.npz,39,55,19,30,6,11,16,11,5,60.0,110.0,160.0,110.0,50.0,465.0,240.0,85.0,0.8427649388781568,0.0010868539102375507,0.4416312873363495,0.037443965673446655,0.07087865471839905
223,sample_000223,samples/sample_000223.npz,44,52,39,50,6,9,8,11,3,60.0,90.0,80.0,110.0,30.0,475.0,440.0,75.0,0.2458987870638194,7.113984611351043e-05,0.056441742926836014,0.0033443341962993145,0.00752469664439559
224,sample_000224,samples/sample_000224.npz,30,39,18,26,7,9,9,8,2,70.0,90.0,90.0,80.0,20.0,340.0,215.0,80.0,0.5412624350821327,0.0001447596587240696,0.06421445310115814,0.00406806031242013,0.008541817776858807
225,sample_000225,samples/sample_000225.npz,42,49,22,38,4,7,7,16,3,40.0,70.0,70.0,160.0,30.0,450.0,295.0,55.0,0.4948974929092671,0.00019354883988853544,0.18421056866645813,0.009219972416758537,0.024059828370809555
226,sample_000226,samples/sample_000226.npz,10,15,46,54,2,8,5,8,6,20.0,80.0,50.0,80.0,60.0,120.0,495.0,50.0,0.5346681212475293,7.422322960337624e-05,0.28497496247291565,0.00699547678232193,0.02483217418193817
227,sample_000227,samples/sample_000227.npz,35,46,15,29,4,7,11,14,3,40.0,70.0,110.0,140.0,30.0,400.0,215.0,55.0,0.9714772436879422,0.00048826023703441024,0.4637318253517151,0.02491294965147972,0.06348530203104019
228,sample_000228,samples/sample_000228.npz,26,42,24,37,3,6,16,13,3,30.0,60.0,160.0,130.0,30.0,335.0,300.0,45.0,0.43124807661798414,0.00039768466376699507,0.27791276574134827,0.015451941639184952,0.0410924106836319
229,sample_000229,samples/sample_000229.npz,20,28,52,56,4,9,8,4,5,40.0,90.0,80.0,40.0,50.0,235.0,535.0,65.0,0.711878377851388,0.00010142140672542155,0.16207368671894073,0.005952354520559311,0.016637509688735008
230,sample_000230,samples/sample_000230.npz,28,39,43,48,7,15,11,5,8,70.0,150.0,110.0,50.0,80.0,330.0,450.0,110.0,0.9892650556466507,0.000988531275652349,0.2307431995868683,0.020752403885126114,0.034793317317962646
231,sample_000231,samples/sample_000231.npz,10,17,10,23,6,14,7,13,8,60.0,140.0,70.0,130.0,80.0,130.0,160.0,100.0,0.5114082867809959,0.00046388356713578105,0.21716125309467316,0.017395617440342903,0.03287424519658089
232,sample_000232,samples/sample_000232.npz,45,51,27,43,2,10,6,16,8,20.0,100.0,60.0,160.0,80.0,475.0,345.0,60.0,0.8081827678497719,0.0006998897879384458,0.7357848286628723,0.03378359600901604,0.09023144841194153
233,sample_000233,samples/sample_000233.npz,34,47,24,35,7,10,13,11,3,70.0,100.0,130.0,110.0,30.0,400.0,290.0,85.0,0.3702397478733513,0.00033128639915958047,0.10054034739732742,0.008190496824681759,0.015415871515870094
234,sample_000234,samples/sample_000234.npz,35,46,20,24,8,14,11,4,6,80.0,140.0,110.0,40.0,60.0,400.0,215.0,110.0,0.3231823155526301,0.00017886892601381987,0.043792251497507095,0.004075425677001476,0.006716086994856596
235,sample_000235,samples/sample_000235.npz,11,23,32,47,4,11,12,15,7,40.0,110.0,120.0,150.0,70.0,165.0,390.0,75.0,0.7500763029041742,0.0012230813736096025,0.6821268796920776,0.049195192754268646,0.10368206351995468
236,sample_000236,samples/sample_000236.npz,9,21,38,47,4,12,12,9,8,40.0,120.0,120.0,90.0,80.0,145.0,420.0,80.0,0.9700300027104123,0.0009995459113270044,0.6926134824752808,0.042567018419504166,0.09371008723974228
237,sample_000237,samples/sample_000237.npz,20,34,43,53,6,9,14,10,3,60.0,90.0,140.0,100.0,30.0,265.0,475.0,75.0,0.24987819290877306,0.0001405278453603387,0.0787620097398758,0.0054583423770964146,0.011532182805240154
238,sample_000238,samples/sample_000238.npz,27,43,9,21,5,12,16,12,7,50.0,120.0,160.0,120.0,70.0,345.0,145.0,85.0,0.7356040132269086,0.0015212647849693894,0.5915725827217102,0.04979907348752022,0.09516143053770065
239,sample_000239,samples/sample_000239.npz,20,26,37,51,2,5,6,14,3,20.0,50.0,60.0,140.0,30.0,225.0,435.0,35.0,0.2558702969888061,4.146685387240723e-05,0.13121220469474792,0.0037664612755179405,0.013798472471535206
240,sample_000240,samples/sample_000240.npz,24,39,24,39,3,9,15,15,6,30.0,90.0,150.0,150.0,60.0,310.0,310.0,60.0,0.870335982659969,0.0025153744500130415,0.9459786415100098,0.06501370668411255,0.14768916368484497
241,sample_000241,samples/sample_000241.npz,28,36,11,23,6,9,8,12,3,60.0,90.0,80.0,120.0,30.0,315.0,165.0,75.0,0.26463886110946205,0.00012013020750600845,0.06437785923480988,0.0039845919236540794,0.008717727847397327
242,sample_000242,samples/sample_000242.npz,38,49,17,31,4,9,11,14,5,40.0,90.0,110.0,140.0,50.0,430.0,235.0,65.0,0.21822690116421928,0.00020814423623960465,0.14883407950401306,0.009064733982086182,0.02104315534234047
243,sample_000243,samples/sample_000243.npz,35,46,30,43,2,7,11,13,5,20.0,70.0,110.0,130.0,50.0,400.0,360.0,45.0,0.560567956533323,0.00042315578320994973,0.534824013710022,0.0229402594268322,0.06825486570596695
244,sample_000244,samples/sample_000244.npz,14,20,40,52,6,10,6,12,4,60.0,100.0,60.0,120.0,40.0,165.0,455.0,80.0,0.9197806194195024,0.0003051054372917861,0.21569488942623138,0.013436243869364262,0.029081596061587334
245,sample_000245,samples/sample_000245.npz,9,21,27,35,2,5,12,8,3,20.0,50.0,120.0,80.0,30.0,145.0,305.0,35.0,0.4366408519048685,8.524209260940552e-05,0.25308752059936523,0.0073167383670806885,0.026946354657411575
246,sample_000246,samples/sample_000246.npz,19,31,39,51,8,12,12,12,4,80.0,120.0,120.0,120.0,40.0,245.0,445.0,100.0,0.4741696066458017,0.0005021232063882053,0.13839563727378845,0.013316369615495205,0.022552819922566414
247,sample_000247,samples/sample_000247.npz,20,24,28,40,2,6,4,12,4,20.0,60.0,40.0,120.0,40.0,215.0,335.0,40.0,0.9369144971952845,0.00017208009376190603,0.41297978162765503,0.010426485911011696,0.0381791777908802
248,sample_000248,samples/sample_000248.npz,14,18,25,40,5,8,4,15,3,50.0,80.0,40.0,150.0,30.0,155.0,320.0,65.0,0.997122192087579,0.0002336439210921526,0.18284213542938232,0.009632018394768238,0.023389846086502075
249,sample_000249,samples/sample_000249.npz,25,34,11,27,5,8,9,16,3,50.0,80.0,90.0,160.0,30.0,290.0,185.0,65.0,0.24927266510384138,0.0001491399307269603,0.09234704822301865,0.005808974616229534,0.013239318504929543
250,sample_000250,samples/sample_000250.npz,20,25,42,52,3,5,5,10,2,30.0,50.0,50.0,100.0,20.0,220.0,465.0,40.0,0.27292052000803413,1.7973705325857736e-05,0.06264610588550568,0.0015671668807044625,0.005785741843283176
251,sample_000251,samples/sample_000251.npz,23,37,38,53,5,10,14,15,5,50.0,100.0,140.0,150.0,50.0,295.0,450.0,75.0,0.4771147405213568,0.0007941362564451993,0.3292446732521057,0.02625688537955284,0.05265113338828087
252,sample_000252,samples/sample_000252.npz,21,36,31,35,4,6,15,4,2,40.0,60.0,150.0,40.0,20.0,280.0,325.0,50.0,0.4152014324367905,7.798976002959535e-05,0.07048521935939789,0.002826608018949628,0.00811577308923006
253,sample_000253,samples/sample_000253.npz,11,24,31,44,6,12,13,13,6,60.0,120.0,130.0,130.0,60.0,170.0,370.0,90.0,0.279221561359454,0.00046818627743050456,0.16306951642036438,0.014162413775920868,0.026030199602246284
254,sample_000254,samples/sample_000254.npz,35,48,49,56,6,13,13,7,7,60.0,130.0,130.0,70.0,70.0,410.0,520.0,95.0,0.6441032372161397,0.0005337012698873878,0.2547997236251831,0.01957825757563114,0.03792649507522583
255,sample_000255,samples/sample_000255.npz,33,46,9,17,2,4,13,8,2,20.0,40.0,130.0,80.0,20.0,390.0,125.0,30.0,0.5203038190406011,5.0021266361000016e-05,0.22749952971935272,0.006355255376547575,0.024733517318964005
256,sample_000256,samples/sample_000256.npz,45,49,35,44,6,12,4,9,6,60.0,120.0,40.0,90.0,60.0,465.0,390.0,90.0,0.5399672178619397,0.00017836058395914733,0.09115148335695267,0.00582794938236475,0.011867682449519634
257,sample_000257,samples/sample_000257.npz,29,36,21,30,8,16,7,9,8,80.0,160.0,70.0,90.0,80.0,320.0,250.0,120.0,0.8275098231699369,0.0013470062986016273,0.1894354373216629,0.01968136429786682,0.029821889474987984
258,sample_000258,samples/sample_000258.npz,29,41,30,44,7,12,12,14,5,70.0,120.0,120.0,140.0,50.0,345.0,365.0,95.0,0.7515436513309226,0.0016245367005467415,0.3332062363624573,0.03182326257228851,0.05414411798119545
259,sample_000259,samples/sample_000259.npz,36,40,38,48,4,7,4,10,3,40.0,70.0,40.0,100.0,30.0,375.0,425.0,55.0,0.7174683510709243,9.698742360342294e-05,0.13820263743400574,0.00478793540969491,0.014082686975598335
260,sample_000260,samples/sample_000260.npz,29,40,16,21,4,8,11,5,4,40.0,80.0,110.0,50.0,40.0,340.0,180.0,60.0,0.5253266359763402,0.0001437745668226853,0.15371978282928467,0.006326916627585888,0.017186570912599564
261,sample_000261,samples/sample_000261.npz,12,20,19,32,7,12,8,13,5,70.0,120.0,80.0,130.0,50.0,155.0,250.0,95.0,0.5767499382975229,0.00048289765254594386,0.17639902234077454,0.014704786241054535,0.026948338374495506
262,sample_000262,samples/sample_000262.npz,20,31,49,56,3,6,11,7,3,30.0,60.0,110.0,70.0,30.0,250.0,520.0,45.0,0.20567784608756565,3.205491157132201e-05,0.08308326452970505,0.00266074575483799,0.008805344812572002
263,sample_000263,samples/sample_000263.npz,19,26,15,24,3,6,7,9,3,30.0,60.0,70.0,90.0,30.0,220.0,190.0,45.0,0.40722257038956694,6.138654134701937e-05,0.14968349039554596,0.0043754796497523785,0.014770293608307838
264,sample_000264,samples/sample_000264.npz,23,35,24,38,2,7,12,14,5,20.0,70.0,120.0,140.0,50.0,285.0,305.0,45.0,0.5834445476172143,0.0007060345960780978,0.5943459868431091,0.028149127960205078,0.08039631694555283
265,sample_000265,samples/sample_000265.npz,24,37,17,30,2,5,13,13,3,20.0,50.0,130.0,130.0,30.0,300.0,230.0,35.0,0.4105888841758047,0.00018879190611187369,0.29365912079811096,0.012223095633089542,0.039185646921396255
266,sample_000266,samples/sample_000266.npz,24,36,46,53,4,9,12,7,5,40.0,90.0,120.0,70.0,50.0,295.0,490.0,65.0,0.5332940713888342,0.000266558286966756,0.24640537798404694,0.011965390294790268,0.030229100957512856
267,sample_000267,samples/sample_000267.npz,18,28,16,30,4,12,10,14,8,40.0,120.0,100.0,140.0,80.0,225.0,225.0,80.0,0.653172022949642,0.0011573380324989557,0.5483931303024292,0.03800472989678383,0.07877794653177261
268,sample_000268,samples/sample_000268.npz,11,20,17,32,2,5,9,15,3,20.0,50.0,90.0,150.0,30.0,150.0,240.0,35.0,0.7162747009473132,0.00016925287491176277,0.4620477259159088,0.01686292327940464,0.05711068958044052
269,sample_000269,samples/sample_000269.npz,15,24,10,22,5,10,9,12,5,50.0,100.0,90.0,120.0,50.0,190.0,155.0,75.0,0.42957357572417765,0.00025437105796299875,0.19603709876537323,0.011946176178753376,0.02674776315689087
270,sample_000270,samples/sample_000270.npz,14,23,37,44,7,12,9,7,5,70.0,120.0,90.0,70.0,50.0,180.0,400.0,95.0,0.7094088346244332,0.0003675645566545427,0.14667271077632904,0.011032847687602043,0.020843179896473885
271,sample_000271,samples/sample_000271.npz,32,41,36,51,8,11,9,15,3,80.0,110.0,90.0,150.0,30.0,360.0,430.0,95.0,0.7080067931449348,0.0005668604280799627,0.15338048338890076,0.014273653738200665,0.02476639300584793
272,sample_000272,samples/sample_000272.npz,21,30,21,30,4,12,9,9,8,40.0,120.0,90.0,90.0,80.0,250.0,250.0,80.0,0.3785920907283837,0.00045092188520357013,0.22395652532577515,0.012840515933930874,0.028197959065437317
273,sample_000273,samples/sample_000273.npz,32,45,18,26,2,4,13,8,2,20.0,40.0,130.0,80.0,20.0,380.0,215.0,30.0,0.6010788186192544,7.903186633484438e-05,0.2628178596496582,0.00741991214454174,0.028554851189255714
274,sample_000274,samples/sample_000274.npz,25,34,42,48,6,8,9,6,2,60.0,80.0,90.0,60.0,20.0,290.0,445.0,70.0,0.8153378546488377,0.00012954055273439735,0.09414155036211014,0.004695610608905554,0.011258956976234913
275,sample_000275,samples/sample_000275.npz,33,40,50,56,5,9,7,6,4,50.0,90.0,70.0,60.0,40.0,360.0,525.0,70.0,0.29863442722226186,5.380106813390739e-05,0.05925225839018822,0.002599714556708932,0.006658436730504036
276,sample_000276,samples/sample_000276.npz,30,43,12,25,2,5,13,13,3,20.0,50.0,130.0,130.0,30.0,360.0,180.0,35.0,0.48743549353489446,0.00017269575619138777,0.3486209213733673,0.014437687583267689,0.04654082655906677
277,sample_000277,samples/sample_000277.npz,40,46,37,51,5,7,6,14,2,50.0,70.0,60.0,140.0,20.0,425.0,435.0,60.0,0.5832442591058662,0.00010126479901373386,0.10892238467931747,0.0053354245610535145,0.013634479604661465
278,sample_000278,samples/sample_000278.npz,47,54,15,29,6,9,7,14,3,60.0,90.0,70.0,140.0,30.0,500.0,215.0,75.0,0.8294292067444629,0.0002654343843460083,0.19697263836860657,0.012499450705945492,0.027580857276916504
279,sample_000279,samples/sample_000279.npz,18,32,19,33,7,9,14,14,2,70.0,90.0,140.0,140.0,20.0,245.0,255.0,80.0,0.3474498467529563,0.00025404771440662444,0.08355704694986343,0.007109666708856821,0.013422996737062931
280,sample_000280,samples/sample_000280.npz,27,41,26,35,7,13,14,9,6,70.0,130.0,140.0,90.0,60.0,335.0,300.0,100.0,0.6826717955148642,0.0016196036012843251,0.2719086706638336,0.02575928345322609,0.04309103265404701
281,sample_000281,samples/sample_000281.npz,46,56,22,32,4,7,10,10,3,40.0,70.0,100.0,100.0,30.0,505.0,265.0,55.0,0.7466618430629406,0.00020071450853720307,0.2867044508457184,0.0122347641736269,0.03417690470814705
282,sample_000282,samples/sample_000282.npz,37,46,8,22,3,7,9,14,4,30.0,70.0,90.0,140.0,40.0,410.0,145.0,50.0,0.394310436914898,0.00015439922572113574,0.24901500344276428,0.011034522205591202,0.031487878412008286
283,sample_000283,samples/sample_000283.npz,47,51,10,22,6,10,4,12,4,60.0,100.0,40.0,120.0,40.0,485.0,155.0,80.0,0.8207551791079548,0.0001629403850529343,0.13285250961780548,0.007891536690294743,0.017525771632790565
284,sample_000284,samples/sample_000284.npz,11,15,43,53,7,11,4,10,4,70.0,110.0,40.0,100.0,40.0,125.0,475.0,90.0,0.5221968754297813,9.168866381514817e-05,0.060947343707084656,0.004016556311398745,0.00834615621715784
285,sample_000285,samples/sample_000285.npz,20,33,26,31,6,11,13,5,5,60.0,110.0,130.0,50.0,50.0,260.0,280.0,85.0,0.8400120091096648,0.0006081405445002019,0.20171380043029785,0.01413754839450121,0.028012625873088837
286,sample_000286,samples/sample_000286.npz,29,42,12,28,4,9,13,16,5,40.0,90.0,130.0,160.0,50.0,350.0,195.0,65.0,0.8926958595448438,0.0012948863441124558,0.710923969745636,0.05015699937939644,0.11018748581409454
287,sample_000287,samples/sample_000287.npz,14,27,27,41,3,5,13,14,2,30.0,50.0,130.0,140.0,20.0,200.0,335.0,40.0,0.5153106510874732,0.00017213588580489159,0.22949105501174927,0.010845514014363289,0.03179870918393135
288,sample_000288,samples/sample_000288.npz,8,16,40,44,6,12,8,4,6,60.0,120.0,80.0,40.0,60.0,115.0,415.0,90.0,0.9860890784300471,0.000234037492191419,0.15222661197185516,0.009206390008330345,0.019498124718666077
289,sample_000289,samples/sample_000289.npz,21,36,37,43,6,11,15,6,5,60.0,110.0,150.0,60.0,50.0,280.0,395.0,85.0,0.7672946439234274,0.0007073225569911301,0.23712602257728577,0.017821533605456352,0.03451120853424072
290,sample_000290,samples/sample_000290.npz,17,24,13,22,2,10,7,9,8,20.0,100.0,70.0,90.0,80.0,200.0,170.0,60.0,0.9668653457100038,0.00045823599793948233,0.7685657739639282,0.026437504217028618,0.07841788977384567
291,sample_000291,samples/sample_000291.npz,10,18,35,41,4,12,8,6,8,40.0,120.0,80.0,60.0,80.0,135.0,375.0,80.0,0.418174515724672,0.00020745120127685368,0.167954683303833,0.008184811100363731,0.019233975559473038
292,sample_000292,samples/sample_000292.npz,43,52,24,32,8,15,9,8,7,80.0,150.0,90.0,80.0,70.0,470.0,275.0,115.0,0.65010567883577,0.0006815966335125268,0.15606589615345,0.015236848965287209,0.024603648111224174
293,sample_000293,samples/sample_000293.npz,26,39,34,43,7,15,13,9,8,70.0,150.0,130.0,90.0,80.0,320.0,380.0,110.0,0.7280742591172003,0.0020438849460333586,0.3256632089614868,0.033011555671691895,0.05231462046504021
294,sample_000294,samples/sample_000294.npz,18,26,8,24,8,14,8,16,6,80.0,140.0,80.0,160.0,60.0,215.0,155.0,110.0,0.5780618309466061,0.0007523867534473538,0.1953909695148468,0.02063083089888096,0.03328661620616913
295,sample_000295,samples/sample_000295.npz,24,35,12,25,7,14,11,13,7,70.0,140.0,110.0,130.0,70.0,290.0,180.0,105.0,0.4015858600666298,0.0008590595098212361,0.19585981965065002,0.019383292645215988,0.03202880173921585
296,sample_000296,samples/sample_000296.npz,36,43,13,23,5,13,7,10,8,50.0,130.0,70.0,100.0,80.0,390.0,175.0,90.0,0.7744369785084133,0.0006845055031590164,0.33177754282951355,0.021735383197665215,0.04407212510704994
297,sample_000297,samples/sample_000297.npz,25,41,43,54,6,14,16,11,8,60.0,140.0,160.0,110.0,80.0,325.0,480.0,100.0,0.9541568060163397,0.0025717089883983135,0.6682500839233398,0.06497502326965332,0.11128882318735123
298,sample_000298,samples/sample_000298.npz,27,40,18,22,5,11,13,4,6,50.0,110.0,130.0,40.0,60.0,330.0,195.0,80.0,0.6681809483288637,0.00037053177948109806,0.17796353995800018,0.010846104472875595,0.02322188764810562
299,sample_000299,samples/sample_000299.npz,35,50,13,22,5,10,15,9,5,50.0,100.0,150.0,90.0,50.0,420.0,170.0,75.0,0.37603494605370236,0.00030730655998922884,0.1935967206954956,0.01317665632814169,0.02821422927081585
300,sample_000300,samples/sample_000300.npz,39,54,31,40,5,12,15,9,7,50.0,120.0,150.0,90.0,70.0,460.0,350.0,85.0,0.25154805775661143,0.0003925683267880231,0.1583913415670395,0.012082639150321484,0.023756587877869606
301,sample_000301,samples/sample_000301.npz,37,52,24,30,3,11,15,6,8,30.0,110.0,150.0,60.0,80.0,440.0,265.0,70.0,0.5745756904286867,0.0005793225136585534,0.41142767667770386,0.022042036056518555,0.05244053527712822
302,sample_000302,samples/sample_000302.npz,21,31,8,13,4,8,10,5,4,40.0,80.0,100.0,50.0,40.0,255.0,100.0,60.0,0.7871825875801053,0.0001380748290102929,0.21933701634407043,0.008389823138713837,0.023805221542716026
303,sample_000303,samples/sample_000303.npz,29,33,16,31,2,8,4,15,6,20.0,80.0,40.0,150.0,60.0,305.0,230.0,50.0,0.3129223223334009,0.0001468208502046764,0.1795070320367813,0.006372582167387009,0.019357388839125633
304,sample_000304,samples/sample_000304.npz,11,22,34,41,7,9,11,7,2,70.0,90.0,110.0,70.0,20.0,160.0,370.0,80.0,0.49187479679751434,0.00010804949124576524,0.06024998798966408,0.003890198189765215,0.008235819637775421
305,sample_000305,samples/sample_000305.npz,8,19,17,29,6,13,11,12,7,60.0,130.0,110.0,120.0,70.0,130.0,225.0,95.0,0.3224782812991032,0.0004172695043962449,0.1744871586561203,0.014380107633769512,0.026943078264594078
306,sample_000306,samples/sample_000306.npz,47,52,42,49,7,14,5,7,7,70.0,140.0,50.0,70.0,70.0,490.0,450.0,105.0,0.3901124657729734,0.00013443759235087782,0.05840367078781128,0.00445799995213747,0.008287101052701473
307,sample_000307,samples/sample_000307.npz,18,28,14,23,5,13,10,9,8,50.0,130.0,100.0,90.0,80.0,225.0,180.0,90.0,0.43687966710116016,0.0004841471090912819,0.2289075404405594,0.015749968588352203,0.03148140758275986
308,sample_000308,samples/sample_000308.npz,43,55,16,27,2,6,12,11,4,20.0,60.0,120.0,110.0,40.0,485.0,210.0,40.0,0.799933393504016,0.00025607013958506286,0.6460492610931396,0.0241321362555027,0.07870293408632278
309,sample_000309,samples/sample_000309.npz,44,48,9,19,6,10,4,10,4,60.0,100.0,40.0,100.0,40.0,455.0,135.0,80.0,0.5309146974500472,8.994982636068016e-05,0.07616057991981506,0.00426394073292613,0.009633621200919151
310,sample_000310,samples/sample_000310.npz,20,25,21,33,5,12,5,12,7,50.0,120.0,50.0,120.0,70.0,220.0,265.0,85.0,0.7159255896360319,0.000557046674657613,0.2416062355041504,0.015483633615076542,0.03188063204288483
311,sample_000311,samples/sample_000311.npz,17,27,11,25,8,16,10,14,8,80.0,160.0,100.0,140.0,80.0,215.0,175.0,120.0,0.8180567472456166,0.0017792257713153958,0.36484211683273315,0.0417550653219223,0.06309989094734192
312,sample_000312,samples/sample_000312.npz,10,25,27,37,5,12,15,10,7,50.0,120.0,150.0,100.0,70.0,170.0,315.0,85.0,0.5422781904292155,0.0010322810849174857,0.370663583278656,0.028965981677174568,0.056389033794403076
313,sample_000313,samples/sample_000313.npz,18,33,22,29,7,14,15,7,7,70.0,140.0,150.0,70.0,70.0,250.0,250.0,105.0,0.41705467484153724,0.0007320954464375973,0.1531226485967636,0.01497686468064785,0.02453477494418621
314,sample_000314,samples/sample_000314.npz,24,38,29,45,3,5,14,16,2,30.0,50.0,140.0,160.0,20.0,305.0,365.0,40.0,0.8053544895882767,0.0004338647413533181,0.3835386037826538,0.020954571664333344,0.057825975120067596
315,sample_000315,samples/sample_000315.npz,26,39,10,16,2,5,13,6,3,20.0,50.0,130.0,60.0,30.0,320.0,125.0,35.0,0.5076134627199622,7.56859008106403e-05,0.25555214285850525,0.00688942102715373,0.025981420651078224
316,sample_000316,samples/sample_000316.npz,45,50,33,37,2,6,5,4,4,20.0,60.0,50.0,40.0,40.0,470.0,345.0,40.0,0.2884622005312868,1.771294955688063e-05,0.08367683738470078,0.0013290561037138104,0.005675718653947115
317,sample_000317,samples/sample_000317.npz,8,16,24,35,3,9,8,11,6,30.0,90.0,80.0,110.0,60.0,115.0,290.0,60.0,0.6953848158497049,0.0003670071891974658,0.4669684171676636,0.01972223073244095,0.05436151847243309
318,sample_000318,samples/sample_000318.npz,23,29,10,22,5,8,6,12,3,50.0,80.0,60.0,120.0,30.0,255.0,155.0,65.0,0.9985715127112051,0.0002444333804305643,0.23591744899749756,0.011542093940079212,0.028841804713010788
319,sample_000319,samples/sample_000319.npz,48,52,38,44,7,14,4,6,7,70.0,140.0,40.0,60.0,70.0,495.0,405.0,105.0,0.514789448191705,0.00013428264355752617,0.05474020913243294,0.004071380943059921,0.007547215558588505
320,sample_000320,samples/sample_000320.npz,18,23,17,27,4,12,5,10,8,40.0,120.0,50.0,100.0,80.0,200.0,215.0,80.0,0.6526229382287294,0.00036964795435778797,0.2595515549182892,0.013500362634658813,0.030791521072387695
321,sample_000321,samples/sample_000321.npz,30,42,39,50,6,14,12,11,8,60.0,140.0,120.0,110.0,80.0,355.0,440.0,100.0,0.9891184220909932,0.0021104488987475634,0.5757716298103333,0.05124758556485176,0.08948852866888046
322,sample_000322,samples/sample_000322.npz,30,42,11,26,2,10,12,15,8,20.0,100.0,120.0,150.0,80.0,355.0,180.0,60.0,0.6192611690448377,0.0010727382032200694,0.8396540284156799,0.048728931695222855,0.12061607092618942
323,sample_000323,samples/sample_000323.npz,33,39,23,36,8,12,6,13,4,80.0,120.0,60.0,130.0,40.0,355.0,290.0,100.0,0.8707647868773136,0.0007667374447919428,0.14960061013698578,0.013542222790420055,0.02298547886312008
324,sample_000324,samples/sample_000324.npz,15,31,14,29,7,14,16,15,7,70.0,140.0,160.0,150.0,70.0,225.0,210.0,105.0,0.506345175809118,0.0016774720279499888,0.35533225536346436,0.04097229614853859,0.06390657275915146
325,sample_000325,samples/sample_000325.npz,25,34,46,50,7,12,9,4,5,70.0,120.0,90.0,40.0,50.0,290.0,475.0,95.0,0.31407478056583804,0.00010040394408861175,0.03893142566084862,0.0027854556683450937,0.005350274033844471
326,sample_000326,samples/sample_000326.npz,40,53,27,31,8,10,13,4,2,80.0,100.0,130.0,40.0,20.0,460.0,285.0,90.0,0.9485290495058767,0.0001741599990054965,0.06482668966054916,0.004945498425513506,0.009431769140064716
327,sample_000327,samples/sample_000327.npz,33,47,43,53,5,9,14,10,4,50.0,90.0,140.0,100.0,40.0,395.0,475.0,70.0,0.49715056276693464,0.00032224380993284285,0.23076094686985016,0.014652061276137829,0.03281223773956299
328,sample_000328,samples/sample_000328.npz,11,25,44,50,3,11,14,6,8,30.0,110.0,140.0,60.0,80.0,175.0,465.0,70.0,0.36427672139458817,0.0002472834603395313,0.2540288269519806,0.012807097285985947,0.031555283814668655
329,sample_000329,samples/sample_000329.npz,20,24,49,54,6,10,4,5,4,60.0,100.0,40.0,50.0,40.0,215.0,510.0,80.0,0.7547140503259662,6.757587107131258e-05,0.06120532378554344,0.003039588686078787,0.007115131709724665
330,sample_000330,samples/sample_000330.npz,26,38,8,18,7,14,12,10,7,70.0,140.0,120.0,100.0,70.0,315.0,125.0,105.0,0.305371344946018,0.00048229581443592906,0.13097989559173584,0.012068943120539188,0.020871061831712723
331,sample_000331,samples/sample_000331.npz,18,28,48,54,4,8,10,6,4,40.0,80.0,100.0,60.0,40.0,225.0,505.0,60.0,0.46847570818187007,9.909756045090035e-05,0.15285132825374603,0.0060377903282642365,0.01682916283607483
332,sample_000332,samples/sample_000332.npz,14,18,16,24,4,8,4,8,4,40.0,80.0,40.0,80.0,40.0,155.0,195.0,60.0,0.42347174857659864,4.822417031391524e-05,0.08534695953130722,0.0029272635001689196,0.008475018665194511
333,sample_000333,samples/sample_000333.npz,10,15,29,34,7,11,5,5,4,70.0,110.0,50.0,50.0,40.0,120.0,310.0,90.0,0.338816687776381,5.3326137276599184e-05,0.026818227022886276,0.0016669764881953597,0.0034670240711420774
334,sample_000334,samples/sample_000334.npz,9,21,13,24,6,12,12,11,6,60.0,120.0,120.0,110.0,60.0,145.0,180.0,90.0,0.3734141190778164,0.00036647237720899284,0.18460562825202942,0.014443827793002129,0.02810334973037243
335,sample_000335,samples/sample_000335.npz,33,41,30,39,8,12,8,9,4,80.0,120.0,80.0,90.0,40.0,365.0,340.0,100.0,0.8195652619424556,0.0006419881246984005,0.13724203407764435,0.011760782450437546,0.020372619852423668
336,sample_000336,samples/sample_000336.npz,8,17,11,21,5,11,9,10,6,50.0,110.0,90.0,100.0,60.0,120.0,155.0,80.0,0.5634030299431099,0.00029423332307487726,0.25435107946395874,0.015072840265929699,0.03401373699307442
337,sample_000337,samples/sample_000337.npz,35,42,34,43,3,11,7,9,8,30.0,110.0,70.0,90.0,80.0,380.0,380.0,70.0,0.8257844806528294,0.0006719047669321299,0.510762095451355,0.022370751947164536,0.056620046496391296
338,sample_000338,samples/sample_000338.npz,18,24,29,38,6,10,6,9,4,60.0,100.0,60.0,90.0,40.0,205.0,330.0,80.0,0.7774267610516181,0.00030924566090106964,0.14896385371685028,0.00875488668680191,0.018890470266342163
339,sample_000339,samples/sample_000339.npz,20,24,37,45,4,7,4,8,3,40.0,70.0,40.0,80.0,30.0,215.0,405.0,55.0,0.40092542490795086,4.0867151255952194e-05,0.06775983422994614,0.002138469135388732,0.006479783449321985
340,sample_000340,samples/sample_000340.npz,35,51,46,56,6,9,16,10,3,60.0,90.0,160.0,100.0,30.0,425.0,505.0,75.0,0.5620909171750054,0.0002832140598911792,0.18990039825439453,0.013752847909927368,0.029059959575533867
341,sample_000341,samples/sample_000341.npz,30,46,35,42,3,7,16,7,4,30.0,70.0,160.0,70.0,40.0,375.0,380.0,50.0,0.664745408092194,0.0003559373435564339,0.3718700110912323,0.016838524490594864,0.04689937084913254
342,sample_000342,samples/sample_000342.npz,20,35,23,31,5,8,15,8,3,50.0,80.0,150.0,80.0,30.0,270.0,265.0,65.0,0.40850054079312326,0.00025065342197194695,0.13525670766830444,0.008016101084649563,0.01849142462015152
343,sample_000343,samples/sample_000343.npz,45,54,35,49,4,12,9,14,8,40.0,120.0,90.0,140.0,80.0,490.0,415.0,80.0,0.7460535669979571,0.0008956209640018642,0.5795915722846985,0.038154322654008865,0.08214905112981796
344,sample_000344,samples/sample_000344.npz,27,31,16,29,3,6,4,13,3,30.0,60.0,40.0,130.0,30.0,285.0,220.0,45.0,0.9068952040577587,0.00015088633517734706,0.2562952935695648,0.008095703087747097,0.02629248797893524
345,sample_000345,samples/sample_000345.npz,12,26,14,18,8,14,14,4,6,80.0,140.0,140.0,40.0,60.0,185.0,155.0,110.0,0.5097485768641463,0.0002669575624167919,0.08262500911951065,0.00791458785533905,0.013297260738909245
346,sample_000346,samples/sample_000346.npz,35,41,16,25,6,9,6,9,3,60.0,90.0,60.0,90.0,30.0,375.0,200.0,75.0,0.3052611858997152,7.412737613776699e-05,0.047970958054065704,0.0026037453208118677,0.005920641124248505
347,sample_000347,samples/sample_000347.npz,24,32,21,33,6,13,8,12,7,60.0,130.0,80.0,120.0,70.0,275.0,265.0,95.0,0.9165663628258727,0.001521200523711741,0.3873141407966614,0.031074142083525658,0.056430745869874954
348,sample_000348,samples/sample_000348.npz,38,48,29,37,3,6,10,8,3,30.0,60.0,100.0,80.0,30.0,425.0,325.0,45.0,0.22432557542268167,5.766146205132827e-05,0.09530383348464966,0.003077674889937043,0.00997900776565075
349,sample_000349,samples/sample_000349.npz,44,55,20,31,2,4,11,11,2,20.0,40.0,110.0,110.0,20.0,490.0,250.0,30.0,0.5722132920249465,6.890395161462948e-05,0.2691548466682434,0.008153104223310947,0.03085246868431568
350,sample_000350,samples/sample_000350.npz,12,16,37,46,5,7,4,9,2,50.0,70.0,40.0,90.0,20.0,135.0,410.0,60.0,0.5426040553001996,3.5020413633901626e-05,0.05591387301683426,0.002104278188198805,0.005923015996813774
351,sample_000351,samples/sample_000351.npz,33,49,33,38,2,8,16,5,6,20.0,80.0,160.0,50.0,60.0,405.0,350.0,50.0,0.5538418402703627,0.0003158432664349675,0.38221976161003113,0.015020450577139854,0.04431835189461708
352,sample_000352,samples/sample_000352.npz,30,39,23,34,4,12,9,11,8,40.0,120.0,90.0,110.0,80.0,340.0,280.0,80.0,0.6082255932719172,0.0011178399436175823,0.4110780358314514,0.025337057188153267,0.05414446070790291
353,sample_000353,samples/sample_000353.npz,10,14,46,53,4,6,4,7,2,40.0,60.0,40.0,70.0,20.0,115.0,490.0,50.0,0.4920386840399596,1.5947933206916787e-05,0.05725095421075821,0.0015008124755695462,0.005123945884406567
354,sample_000354,samples/sample_000354.npz,25,38,14,25,3,11,13,11,8,30.0,110.0,130.0,110.0,80.0,310.0,190.0,70.0,0.3816796227602353,0.0006918737781234086,0.3897136151790619,0.023309145122766495,0.053706664592027664
355,sample_000355,samples/sample_000355.npz,21,34,27,41,2,4,13,14,2,20.0,40.0,130.0,140.0,20.0,270.0,335.0,30.0,0.591368352740427,0.00019072074792347848,0.3122715353965759,0.01281554065644741,0.042750049382448196
356,sample_000356,samples/sample_000356.npz,27,39,35,46,3,5,12,11,2,30.0,50.0,120.0,110.0,20.0,325.0,400.0,40.0,0.47158621273453494,0.00013042376667726785,0.1865200400352478,0.007221390027552843,0.022762877866625786
357,sample_000357,samples/sample_000357.npz,38,52,13,19,2,8,14,6,6,20.0,80.0,140.0,60.0,60.0,445.0,155.0,50.0,0.6556696365438632,0.0002399980730842799,0.5035915970802307,0.018335813656449318,0.05639173462986946
358,sample_000358,samples/sample_000358.npz,10,19,39,48,3,7,9,9,4,30.0,70.0,90.0,90.0,40.0,140.0,430.0,50.0,0.29503093423958965,6.915762787684798e-05,0.15172967314720154,0.0052962820045650005,0.016460901126265526
359,sample_000359,samples/sample_000359.npz,30,36,21,26,7,14,6,5,7,70.0,140.0,60.0,50.0,70.0,325.0,230.0,105.0,0.8424756691068065,0.00046375097008422017,0.11024277657270432,0.008670550771057606,0.015242139808833599
360,sample_000360,samples/sample_000360.npz,12,25,20,25,6,13,13,5,7,60.0,130.0,130.0,50.0,70.0,180.0,220.0,95.0,0.23510802135108363,0.00017134490190073848,0.0686778575181961,0.005270011723041534,0.009935696609318256
361,sample_000361,samples/sample_000361.npz,22,37,18,26,4,12,15,8,8,40.0,120.0,150.0,80.0,80.0,290.0,215.0,80.0,0.46174022389864144,0.0008226973004639149,0.3406027555465698,0.02313629351556301,0.048044830560684204
362,sample_000362,samples/sample_000362.npz,16,24,34,49,3,10,8,15,7,30.0,100.0,80.0,150.0,70.0,195.0,410.0,65.0,0.49735349311795063,0.00048658353625796735,0.41497373580932617,0.02249082922935486,0.05483735352754593
363,sample_000363,samples/sample_000363.npz,24,28,30,35,8,10,4,5,2,80.0,100.0,40.0,50.0,20.0,255.0,320.0,90.0,0.8163838604631841,8.25904353405349e-05,0.025478463619947433,0.0016711864154785872,0.0032954064663499594
364,sample_000364,samples/sample_000364.npz,26,36,47,55,2,6,10,8,4,20.0,60.0,100.0,80.0,40.0,305.0,505.0,40.0,0.4516506584311656,0.00010390580428065732,0.2959083616733551,0.00826292298734188,0.029785851016640663
365,sample_000365,samples/sample_000365.npz,41,56,52,56,3,6,15,4,3,30.0,60.0,150.0,40.0,30.0,480.0,535.0,45.0,0.802561997019702,7.351629756158218e-05,0.23649141192436218,0.007951606996357441,0.025966234505176544
366,sample_000366,samples/sample_000366.npz,23,38,48,54,3,10,15,6,7,30.0,100.0,150.0,60.0,70.0,300.0,505.0,65.0,0.8759416352854703,0.0006309738382697105,0.5897489190101624,0.029333630576729774,0.07417430728673935
367,sample_000367,samples/sample_000367.npz,29,33,45,53,4,6,4,8,2,40.0,60.0,40.0,80.0,20.0,305.0,485.0,50.0,0.28488295367735594,1.7497137378086336e-05,0.036340758204460144,0.001018258510157466,0.0033348517026752234
368,sample_000368,samples/sample_000368.npz,25,30,12,24,4,6,5,12,2,40.0,60.0,50.0,120.0,20.0,270.0,175.0,50.0,0.35119494460946304,4.1018360207090154e-05,0.06611348688602448,0.002364776097238064,0.007153872866183519
369,sample_000369,samples/sample_000369.npz,33,45,12,27,6,12,12,15,6,60.0,120.0,120.0,150.0,60.0,385.0,190.0,90.0,0.7001497346255863,0.001280790427699685,0.42434191703796387,0.037973932921886444,0.06872845441102982
370,sample_000370,samples/sample_000370.npz,8,18,23,37,3,10,10,14,7,30.0,100.0,100.0,140.0,70.0,125.0,295.0,65.0,0.38988554942310377,0.0004330874653533101,0.36619749665260315,0.020287975668907166,0.04971034452319145
371,sample_000371,samples/sample_000371.npz,10,16,10,26,2,4,6,16,2,20.0,40.0,60.0,160.0,20.0,125.0,175.0,30.0,0.3385376605575223,2.5554019885021262e-05,0.13248085975646973,0.0037990903947502375,0.014575458131730556
372,sample_000372,samples/sample_000372.npz,34,43,24,35,4,6,9,11,2,40.0,60.0,90.0,110.0,20.0,380.0,290.0,50.0,0.8503371364057841,0.0002244651404907927,0.23554125428199768,0.00953710451722145,0.027528874576091766
373,sample_000373,samples/sample_000373.npz,44,49,14,18,7,14,5,4,7,70.0,140.0,50.0,40.0,70.0,460.0,155.0,105.0,0.7757885161461189,0.0001549305161461234,0.06949041038751602,0.005086679942905903,0.0095324432477355
374,sample_000374,samples/sample_000374.npz,35,50,33,39,5,8,15,6,3,50.0,80.0,150.0,60.0,30.0,420.0,355.0,65.0,0.901959485063887,0.00035052845487371087,0.23706111311912537,0.01319852378219366,0.031232375651597977
375,sample_000375,samples/sample_000375.npz,35,41,8,24,6,13,6,16,7,60.0,130.0,60.0,160.0,70.0,375.0,155.0,95.0,0.6594562509508131,0.0007256544195115566,0.2588958740234375,0.021704398095607758,0.03980107977986336
376,sample_000376,samples/sample_000376.npz,30,43,26,41,2,9,13,15,7,20.0,90.0,130.0,150.0,70.0,360.0,330.0,55.0,0.8006917780458849,0.0017838936764746904,1.0478219985961914,0.061190832406282425,0.1534995436668396
377,sample_000377,samples/sample_000377.npz,19,28,38,47,4,10,9,9,6,40.0,100.0,90.0,90.0,60.0,230.0,420.0,70.0,0.5447437845687415,0.0003559657488949597,0.28036752343177795,0.014121070504188538,0.03410510718822479
378,sample_000378,samples/sample_000378.npz,14,26,13,22,5,10,12,9,5,50.0,100.0,120.0,90.0,50.0,195.0,170.0,75.0,0.8820852455976098,0.0005523202707991004,0.4025420844554901,0.024674108251929283,0.05487372353672981
379,sample_000379,samples/sample_000379.npz,26,42,39,50,2,4,16,11,2,20.0,40.0,160.0,110.0,20.0,335.0,440.0,30.0,0.9597595667381016,0.00022475491277873516,0.4951615035533905,0.020025791600346565,0.06730326265096664
380,sample_000380,samples/sample_000380.npz,25,36,41,45,7,13,11,4,6,70.0,130.0,110.0,40.0,60.0,300.0,425.0,100.0,0.6441069422589201,0.0003859888529404998,0.10405935347080231,0.008395594544708729,0.014994065277278423
381,sample_000381,samples/sample_000381.npz,39,49,35,50,3,7,10,15,4,30.0,70.0,100.0,150.0,40.0,435.0,420.0,50.0,0.2865033742690541,0.00015098758740350604,0.1972447633743286,0.009627129882574081,0.026344912126660347
382,sample_000382,samples/sample_000382.npz,21,26,39,54,6,12,5,15,6,60.0,120.0,50.0,150.0,60.0,230.0,460.0,90.0,0.6187145232367622,0.00042386227869428694,0.18051926791667938,0.013879174366593361,0.026670580729842186
383,sample_000383,samples/sample_000383.npz,10,19,15,27,7,10,9,12,3,70.0,100.0,90.0,120.0,30.0,140.0,205.0,85.0,0.4126553250275675,0.00016492573195137084,0.09138165414333344,0.006659938953816891,0.013423359952867031
384,sample_000384,samples/sample_000384.npz,26,38,37,50,6,8,12,13,2,60.0,80.0,120.0,130.0,20.0,315.0,430.0,70.0,0.6742780120460952,0.0003529848763719201,0.16571196913719177,0.011239131912589073,0.02422689087688923
385,sample_000385,samples/sample_000385.npz,11,25,14,28,5,9,14,14,4,50.0,90.0,140.0,140.0,40.0,175.0,205.0,70.0,0.9106792757326654,0.0008125443127937615,0.5190666317939758,0.03757788613438606,0.08030389249324799
386,sample_000386,samples/sample_000386.npz,17,30,9,25,7,15,13,16,8,70.0,150.0,130.0,160.0,80.0,230.0,165.0,110.0,0.8451600176022716,0.0025574802421033382,0.5819353461265564,0.06585535407066345,0.10333127528429031
387,sample_000387,samples/sample_000387.npz,40,49,22,26,4,12,9,4,8,40.0,120.0,90.0,40.0,80.0,440.0,235.0,80.0,0.6281035382871898,0.00026293867267668247,0.19142894446849823,0.009363611228764057,0.02169659547507763
388,sample_000388,samples/sample_000388.npz,21,29,37,52,8,14,8,15,6,80.0,140.0,80.0,150.0,60.0,245.0,440.0,110.0,0.6120977051006158,0.0008992342627607286,0.19808325171470642,0.02091151289641857,0.03313335403800011
389,sample_000389,samples/sample_000389.npz,10,23,16,26,5,13,13,10,8,50.0,130.0,130.0,100.0,80.0,160.0,205.0,90.0,0.5463011145762704,0.0007834857678972185,0.36918801069259644,0.028114663437008858,0.05489826947450638
390,sample_000390,samples/sample_000390.npz,30,44,17,25,3,10,14,8,7,30.0,100.0,140.0,80.0,70.0,365.0,205.0,65.0,0.8660556632691239,0.0009278443758375943,0.7038286328315735,0.03678435832262039,0.09035176038742065
391,sample_000391,samples/sample_000391.npz,10,22,31,37,7,11,12,6,4,70.0,110.0,120.0,60.0,40.0,155.0,335.0,90.0,0.24639238878913794,0.00012206142127979547,0.047785960137844086,0.00354078714735806,0.00685592507943511
392,sample_000392,samples/sample_000392.npz,15,20,31,40,5,9,5,9,4,50.0,90.0,50.0,90.0,40.0,170.0,350.0,70.0,0.9902477274390338,0.00024226214736700058,0.20122621953487396,0.009470422752201557,0.023295775055885315
393,sample_000393,samples/sample_000393.npz,34,42,29,44,2,10,8,15,8,20.0,100.0,80.0,150.0,80.0,375.0,360.0,60.0,0.863742494584296,0.0012577185407280922,0.9363532066345215,0.0457809679210186,0.11901288479566574
394,sample_000394,samples/sample_000394.npz,15,24,37,49,5,7,9,12,2,50.0,70.0,90.0,120.0,20.0,190.0,425.0,60.0,0.5022714726663857,0.0001104356415453367,0.1179860308766365,0.005903277546167374,0.015031845308840275
395,sample_000395,samples/sample_000395.npz,18,27,15,30,2,10,9,15,8,20.0,100.0,90.0,150.0,80.0,220.0,220.0,60.0,0.8590554994415078,0.001077677239663899,0.9964250922203064,0.05082609876990318,0.13135984539985657
396,sample_000396,samples/sample_000396.npz,13,28,35,46,3,10,15,11,7,30.0,100.0,150.0,110.0,70.0,200.0,400.0,65.0,0.6643696271346302,0.0009368117316626012,0.6765156388282776,0.04137124493718147,0.09690647572278976
397,sample_000397,samples/sample_000397.npz,46,51,31,41,7,11,5,10,4,70.0,110.0,50.0,100.0,40.0,480.0,355.0,90.0,0.9545901800588512,0.0003054894332308322,0.13689179718494415,0.009512731805443764,0.018868377432227135
398,sample_000398,samples/sample_000398.npz,49,55,43,56,2,7,6,13,5,20.0,70.0,60.0,130.0,50.0,515.0,490.0,45.0,0.7087067228446473,0.00014447694411501288,0.48449739813804626,0.01529161911457777,0.05161846801638603
399,sample_000399,samples/sample_000399.npz,30,43,47,56,6,11,13,9,5,60.0,110.0,130.0,90.0,50.0,360.0,510.0,85.0,0.5329963653451448,0.0004248652548994869,0.21245329082012177,0.015521347522735596,0.031375594437122345
400,sample_000400,samples/sample_000400.npz,21,25,40,48,8,14,4,8,6,80.0,140.0,40.0,80.0,60.0,225.0,435.0,110.0,0.786518605869515,0.00029340217588469386,0.08210545778274536,0.007171668112277985,0.012132181786000729
401,sample_000401,samples/sample_000401.npz,46,56,32,36,2,10,10,4,8,20.0,100.0,100.0,40.0,80.0,505.0,335.0,60.0,0.5031663394713132,0.00016810063971206546,0.2815284729003906,0.008687731809914112,0.026498470455408096
402,sample_000402,samples/sample_000402.npz,39,44,40,49,4,8,5,9,4,40.0,80.0,50.0,90.0,40.0,410.0,440.0,60.0,0.43354287545025444,8.250773680629209e-05,0.1130182147026062,0.004259048029780388,0.01193223986774683
403,sample_000403,samples/sample_000403.npz,17,29,9,17,8,11,12,8,3,80.0,110.0,120.0,80.0,30.0,225.0,125.0,95.0,0.21565806432900284,8.570509817218408e-05,0.036560650914907455,0.002988981083035469,0.0055885277688503265
404,sample_000404,samples/sample_000404.npz,18,31,36,45,7,10,13,9,3,70.0,100.0,130.0,90.0,30.0,240.0,400.0,85.0,0.655977825494131,0.00041131555917672813,0.1528070569038391,0.011826683767139912,0.022751400247216225
405,sample_000405,samples/sample_000405.npz,25,38,46,54,5,9,13,8,4,50.0,90.0,130.0,80.0,40.0,310.0,495.0,70.0,0.5919073841731999,0.000321697851177305,0.22426770627498627,0.012935560196638107,0.029997020959854126
406,sample_000406,samples/sample_000406.npz,36,41,16,32,3,8,5,16,5,30.0,80.0,50.0,160.0,50.0,380.0,235.0,55.0,0.21008842483278445,0.00010326597111998126,0.10382287204265594,0.00468419399112463,0.012682254426181316
407,sample_000407,samples/sample_000407.npz,15,29,31,36,5,7,14,5,2,50.0,70.0,140.0,50.0,20.0,215.0,330.0,60.0,0.32256682372431683,6.579353794222698e-05,0.05123760178685188,0.0024844978470355272,0.006329936906695366
408,sample_000408,samples/sample_000408.npz,39,55,22,28,5,13,16,6,8,50.0,130.0,160.0,60.0,80.0,465.0,245.0,90.0,0.8352757934058033,0.0010013316059485078,0.4185420870780945,0.031990259885787964,0.06175848841667175
409,sample_000409,samples/sample_000409.npz,12,20,39,54,2,10,8,15,8,20.0,100.0,80.0,150.0,80.0,155.0,460.0,60.0,0.21014345627864844,0.00016849246458150446,0.22780923545360565,0.01083201915025711,0.029055649414658546
410,sample_000410,samples/sample_000410.npz,35,47,17,27,4,8,12,10,4,40.0,80.0,120.0,100.0,40.0,405.0,215.0,60.0,0.30070250929708897,0.00016784881881903857,0.1556164026260376,0.00790503527969122,0.019994253292679787
411,sample_000411,samples/sample_000411.npz,25,37,9,13,2,6,12,4,4,20.0,60.0,120.0,40.0,40.0,305.0,105.0,40.0,0.37354739383965285,4.8058944230433553e-05,0.16465485095977783,0.004080133978277445,0.015240081585943699
412,sample_000412,samples/sample_000412.npz,26,36,24,33,7,9,10,9,2,70.0,90.0,100.0,90.0,20.0,305.0,280.0,80.0,0.2021828894095138,8.92945536179468e-05,0.028497999534010887,0.0019137075869366527,0.003914668224751949
413,sample_000413,samples/sample_000413.npz,46,55,28,42,5,10,9,14,5,50.0,100.0,90.0,140.0,50.0,500.0,345.0,75.0,0.8990083770992705,0.0007329283398576081,0.4475186765193939,0.029229769483208656,0.06376883387565613
414,sample_000414,samples/sample_000414.npz,30,42,32,47,7,15,12,15,8,70.0,150.0,120.0,150.0,80.0,355.0,390.0,110.0,0.3241290269433445,0.0012216782197356224,0.20175707340240479,0.022506555542349815,0.034549515694379807
415,sample_000415,samples/sample_000415.npz,11,21,16,24,7,15,10,8,8,70.0,150.0,100.0,80.0,80.0,155.0,195.0,110.0,0.439146502862248,0.0004486021352931857,0.14641280472278595,0.013045281171798706,0.022460656240582466
416,sample_000416,samples/sample_000416.npz,46,54,34,43,6,14,8,9,8,60.0,140.0,80.0,90.0,80.0,495.0,380.0,100.0,0.8252370179511368,0.0007515312172472477,0.301152765750885,0.02278894931077957,0.04285838454961777
417,sample_000417,samples/sample_000417.npz,29,44,29,36,6,11,15,7,5,60.0,110.0,150.0,70.0,50.0,360.0,320.0,85.0,0.21134271803286275,0.0002838123473338783,0.07447697967290878,0.005753072444349527,0.01100738812237978
418,sample_000418,samples/sample_000418.npz,24,37,29,45,7,15,13,16,8,70.0,150.0,130.0,160.0,80.0,300.0,365.0,110.0,0.5609443448135512,0.0028877619188278913,0.3862384855747223,0.0452151820063591,0.06783223897218704
419,sample_000419,samples/sample_000419.npz,43,51,8,17,5,8,8,9,3,50.0,80.0,80.0,90.0,30.0,465.0,120.0,65.0,0.41957986452536505,7.34232016839087e-05,0.10389209538698196,0.004729907028377056,0.012369724921882153
420,sample_000420,samples/sample_000420.npz,23,36,28,44,5,11,13,16,6,50.0,110.0,130.0,160.0,60.0,290.0,355.0,80.0,0.3800568563877542,0.00109673326369375,0.29235780239105225,0.02489360421895981,0.04717377573251724
421,sample_000421,samples/sample_000421.npz,33,47,18,25,3,6,14,7,3,30.0,60.0,140.0,70.0,30.0,395.0,210.0,45.0,0.9147633290094612,0.00023914688790682703,0.40439102053642273,0.015335836447775364,0.04713057726621628
422,sample_000422,samples/sample_000422.npz,14,20,30,40,2,6,6,10,4,20.0,60.0,60.0,100.0,40.0,165.0,345.0,40.0,0.42342203819465435,7.952511077746749e-05,0.23510897159576416,0.005855242256075144,0.021759700030088425
423,sample_000423,samples/sample_000423.npz,10,25,32,46,6,12,15,14,6,60.0,120.0,150.0,140.0,60.0,170.0,385.0,90.0,0.5194297851936738,0.0010427884990349412,0.3486723005771637,0.03264668583869934,0.05844835191965103
424,sample_000424,samples/sample_000424.npz,31,43,30,44,8,11,12,14,3,80.0,110.0,120.0,140.0,30.0,365.0,365.0,95.0,0.7866528553092669,0.0009565623477101326,0.20519527792930603,0.019949981942772865,0.03368137776851654
425,sample_000425,samples/sample_000425.npz,20,25,28,44,4,12,5,16,8,40.0,120.0,50.0,160.0,80.0,220.0,355.0,80.0,0.7817372920045089,0.0009031043737195432,0.3995063602924347,0.026118304580450058,0.05483558773994446
426,sample_000426,samples/sample_000426.npz,40,55,23,35,6,12,15,12,6,60.0,120.0,150.0,120.0,60.0,470.0,285.0,90.0,0.9283226504553199,0.001717840787023306,0.5626314282417297,0.050023581832647324,0.0912519097328186
427,sample_000427,samples/sample_000427.npz,27,38,12,21,8,14,11,9,6,80.0,140.0,110.0,90.0,60.0,320.0,160.0,110.0,0.263656390702372,0.00034248584415763617,0.0751383900642395,0.00739664863795042,0.012089196592569351
428,sample_000428,samples/sample_000428.npz,32,47,11,24,5,9,15,13,4,50.0,90.0,150.0,130.0,40.0,390.0,170.0,70.0,0.25232017717556093,0.00024280113575514406,0.142495259642601,0.010397672653198242,0.022114139050245285
429,sample_000429,samples/sample_000429.npz,28,44,19,33,3,8,16,14,5,30.0,80.0,160.0,140.0,50.0,355.0,255.0,55.0,0.9384024551434884,0.0015056661795824766,0.9057942032814026,0.05871766060590744,0.13979052007198334
430,sample_000430,samples/sample_000430.npz,19,27,22,28,4,10,8,6,6,40.0,100.0,80.0,60.0,60.0,225.0,245.0,70.0,0.572326344208516,0.00024228917027357966,0.2021869271993637,0.008829503320157528,0.02212291769683361
431,sample_000431,samples/sample_000431.npz,44,54,44,53,7,9,10,9,2,70.0,90.0,100.0,90.0,20.0,485.0,480.0,80.0,0.9215554754229345,0.00016953455633483827,0.1298947036266327,0.008285249583423138,0.01801077462732792
432,sample_000432,samples/sample_000432.npz,34,42,46,53,3,5,8,7,2,30.0,50.0,80.0,70.0,20.0,375.0,490.0,40.0,0.7811988803087455,5.8406971220392734e-05,0.2039300799369812,0.005013338755816221,0.01865510642528534
433,sample_000433,samples/sample_000433.npz,15,31,33,43,7,9,16,10,2,70.0,90.0,160.0,100.0,20.0,225.0,375.0,80.0,0.6913400198225484,0.00038636833778582513,0.1425064653158188,0.011517791077494621,0.022204535081982613
434,sample_000434,samples/sample_000434.npz,25,35,18,30,3,8,10,12,5,30.0,80.0,100.0,120.0,50.0,295.0,235.0,55.0,0.5922204950511614,0.0005014847847633064,0.43093162775039673,0.01985202170908451,0.05352524667978287
435,sample_000435,samples/sample_000435.npz,19,35,44,50,4,8,16,6,4,40.0,80.0,160.0,60.0,40.0,265.0,465.0,60.0,0.5277638828293317,0.0002251259720651433,0.21396932005882263,0.011038480326533318,0.027775956317782402
436,sample_000436,samples/sample_000436.npz,32,47,25,34,8,12,15,9,4,80.0,120.0,150.0,90.0,40.0,390.0,290.0,100.0,0.3126353765488687,0.00042482579010538757,0.08440665155649185,0.008371835574507713,0.013818285427987576
437,sample_000437,samples/sample_000437.npz,30,38,23,39,4,8,8,16,4,40.0,80.0,80.0,160.0,40.0,335.0,305.0,60.0,0.7737800451645176,0.0007835489232093096,0.39154019951820374,0.02192503586411476,0.05301868915557861
438,sample_000438,samples/sample_000438.npz,47,55,22,37,6,10,8,15,4,60.0,100.0,80.0,150.0,40.0,505.0,290.0,80.0,0.7253384418588682,0.0004773919063154608,0.24673086404800415,0.017659949138760567,0.03645658120512962
439,sample_000439,samples/sample_000439.npz,39,54,36,42,2,6,15,6,4,20.0,60.0,150.0,60.0,40.0,460.0,385.0,40.0,0.5372151522358461,0.0001391599071212113,0.33600905537605286,0.011122746393084526,0.03738987818360329
440,sample_000440,samples/sample_000440.npz,18,27,38,50,4,11,9,12,7,40.0,110.0,90.0,120.0,70.0,220.0,435.0,75.0,0.4932605548462191,0.0004983105463907123,0.3299224376678467,0.019528336822986603,0.043848566710948944
441,sample_000441,samples/sample_000441.npz,28,43,29,36,7,10,15,7,3,70.0,100.0,150.0,70.0,30.0,350.0,320.0,85.0,0.6994560891584871,0.0005852787289768457,0.1439903825521469,0.01142956130206585,0.0215864647179842
442,sample_000442,samples/sample_000442.npz,32,45,19,23,3,5,13,4,2,30.0,50.0,130.0,40.0,20.0,380.0,205.0,40.0,0.9104269377863292,7.69155376474373e-05,0.19310173392295837,0.00547400489449501,0.019161459058523178
443,sample_000443,samples/sample_000443.npz,36,48,39,48,4,10,12,9,6,40.0,100.0,120.0,90.0,60.0,415.0,430.0,70.0,0.5669255990716129,0.0004597088845912367,0.34946802258491516,0.019511476159095764,0.0456773079931736
444,sample_000444,samples/sample_000444.npz,15,25,33,39,5,9,10,6,4,50.0,90.0,100.0,60.0,40.0,195.0,355.0,70.0,0.39800444080404723,0.00013956711336504668,0.10259827971458435,0.005100050009787083,0.012246262282133102
445,sample_000445,samples/sample_000445.npz,16,20,40,47,4,10,4,7,6,40.0,100.0,40.0,70.0,60.0,175.0,430.0,70.0,0.7246848909783559,0.00013497624604497105,0.16305385529994965,0.006425878033041954,0.016802871599793434
446,sample_000446,samples/sample_000446.npz,27,43,8,17,7,12,16,9,5,70.0,120.0,160.0,90.0,50.0,345.0,120.0,95.0,0.4870567154309393,0.0005514019285328686,0.18704453110694885,0.01692967303097248,0.030516784638166428
447,sample_000447,samples/sample_000447.npz,8,19,37,45,4,8,11,8,4,40.0,80.0,110.0,80.0,40.0,130.0,405.0,60.0,0.5434582464349951,0.0001716191618470475,0.23137213289737701,0.010279200039803982,0.027621202170848846
448,sample_000448,samples/sample_000448.npz,36,50,8,20,6,9,14,12,3,60.0,90.0,140.0,120.0,30.0,425.0,135.0,75.0,0.7511212929935864,0.00040923975757323205,0.26808294653892517,0.019377006217837334,0.04086793214082718
449,sample_000449,samples/sample_000449.npz,11,19,23,33,7,12,8,10,5,70.0,120.0,80.0,100.0,50.0,145.0,275.0,95.0,0.991799094182706,0.0006583441281691194,0.25144651532173157,0.019425613805651665,0.03655972704291344
450,sample_000450,samples/sample_000450.npz,23,32,38,48,3,8,9,10,5,30.0,80.0,90.0,100.0,50.0,270.0,425.0,55.0,0.8452482301553059,0.00044802037882618606,0.5269385576248169,0.021167460829019547,0.06002463772892952
451,sample_000451,samples/sample_000451.npz,34,41,44,53,6,13,7,9,7,60.0,130.0,70.0,90.0,70.0,370.0,480.0,95.0,0.7482315196018712,0.00053468655096367,0.22713439166545868,0.016184363514184952,0.03139882907271385
452,sample_000452,samples/sample_000452.npz,18,31,35,45,5,9,13,10,4,50.0,90.0,130.0,100.0,40.0,240.0,395.0,70.0,0.5806054362460584,0.0004547684802673757,0.2585791349411011,0.016161322593688965,0.03592568635940552
453,sample_000453,samples/sample_000453.npz,25,39,33,45,6,12,14,12,6,60.0,120.0,140.0,120.0,60.0,315.0,385.0,90.0,0.5956389732063034,0.001503438106738031,0.34687042236328125,0.030635453760623932,0.054909996688365936
454,sample_000454,samples/sample_000454.npz,37,43,45,56,2,8,6,11,6,20.0,80.0,60.0,110.0,60.0,395.0,500.0,50.0,0.7560702542927682,0.00022976865875534713,0.5331146717071533,0.016601907089352608,0.05396527051925659
455,sample_000455,samples/sample_000455.npz,37,48,8,15,2,9,11,7,7,20.0,90.0,110.0,70.0,70.0,420.0,110.0,55.0,0.2894138458678411,0.00011624988837866113,0.24028579890727997,0.00844898447394371,0.02590913325548172
456,sample_000456,samples/sample_000456.npz,22,35,29,42,8,13,13,13,5,80.0,130.0,130.0,130.0,50.0,280.0,350.0,105.0,0.2827657670020758,0.000697750598192215,0.1085522323846817,0.011736927554011345,0.018377011641860008
457,sample_000457,samples/sample_000457.npz,42,51,19,34,5,8,9,15,3,50.0,80.0,90.0,150.0,30.0,460.0,260.0,65.0,0.2057312981236633,0.00010058630869025365,0.0739978477358818,0.004477003589272499,0.010389999486505985
458,sample_000458,samples/sample_000458.npz,46,54,39,49,8,11,8,10,3,80.0,110.0,80.0,100.0,30.0,495.0,435.0,95.0,0.4513462102813877,0.00014262330660130829,0.06671179085969925,0.005209426861256361,0.009905020706355572
459,sample_000459,samples/sample_000459.npz,19,30,13,21,8,14,11,8,6,80.0,140.0,110.0,80.0,60.0,240.0,165.0,110.0,0.717596288713876,0.0007024414371699095,0.1851750910282135,0.01783088594675064,0.029448049142956734
460,sample_000460,samples/sample_000460.npz,35,48,23,38,6,8,13,15,2,60.0,80.0,130.0,150.0,20.0,410.0,300.0,70.0,0.24594474373964925,0.00016597243666183203,0.06841450929641724,0.005138816777616739,0.010648969560861588
461,sample_000461,samples/sample_000461.npz,18,28,44,52,5,13,10,8,8,50.0,130.0,100.0,80.0,80.0,225.0,475.0,90.0,0.590281469719621,0.0005390485748648643,0.2831389009952545,0.01876213401556015,0.03817342594265938
462,sample_000462,samples/sample_000462.npz,22,26,41,56,5,13,4,15,8,50.0,130.0,40.0,150.0,80.0,235.0,480.0,90.0,0.8378234009253662,0.0005827922141179442,0.27975404262542725,0.019921710714697838,0.03960266709327698
463,sample_000463,samples/sample_000463.npz,34,47,27,40,8,11,13,13,3,80.0,110.0,130.0,130.0,30.0,400.0,330.0,95.0,0.8911703468401846,0.001080320100300014,0.23318979144096375,0.02267669141292572,0.03842722624540329
464,sample_000464,samples/sample_000464.npz,14,25,10,19,7,12,11,9,5,70.0,120.0,110.0,90.0,50.0,190.0,140.0,95.0,0.21133258429818824,0.00013794608821626753,0.06315985321998596,0.0050361971370875835,0.009535745717585087
465,sample_000465,samples/sample_000465.npz,14,24,15,30,4,6,10,15,2,40.0,60.0,100.0,150.0,20.0,185.0,220.0,50.0,0.8933957877778471,0.0002352088049519807,0.3014428913593292,0.015002449043095112,0.04051165282726288
466,sample_000466,samples/sample_000466.npz,36,51,26,41,6,10,15,15,4,60.0,100.0,150.0,150.0,40.0,430.0,330.0,80.0,0.9248373283387281,0.0015285697299987078,0.48716434836387634,0.04322655498981476,0.08100154250860214
467,sample_000467,samples/sample_000467.npz,42,54,31,39,2,7,12,8,5,20.0,70.0,120.0,80.0,50.0,475.0,345.0,45.0,0.766185004648491,0.00031397389830090106,0.6104610562324524,0.020853113383054733,0.0675051212310791
468,sample_000468,samples/sample_000468.npz,21,26,24,36,6,14,5,12,8,60.0,140.0,50.0,120.0,80.0,230.0,295.0,100.0,0.8096885987257403,0.0009473247337155044,0.2408752739429474,0.019290467724204063,0.034514591097831726
469,sample_000469,samples/sample_000469.npz,23,35,25,39,7,15,12,14,8,70.0,150.0,120.0,140.0,80.0,285.0,315.0,110.0,0.3256019665527752,0.0015208127442747355,0.1937543898820877,0.021258370950818062,0.03258988633751869
470,sample_000470,samples/sample_000470.npz,31,36,12,23,2,9,5,11,7,20.0,90.0,50.0,110.0,70.0,330.0,170.0,55.0,0.7072032847103074,0.00030884071020409465,0.4621937572956085,0.01508201751857996,0.04642326384782791
471,sample_000471,samples/sample_000471.npz,37,45,30,46,3,6,8,16,3,30.0,60.0,80.0,160.0,30.0,405.0,375.0,45.0,0.6847876333625573,0.00026125801377929747,0.344992995262146,0.01503031887114048,0.04376230016350746
472,sample_000472,samples/sample_000472.npz,36,41,35,41,8,11,5,6,3,80.0,110.0,50.0,60.0,30.0,380.0,375.0,95.0,0.20591182702988214,4.074238313478418e-05,0.012862560339272022,0.0009321958059445024,0.0017486794386059046
473,sample_000473,samples/sample_000473.npz,37,52,17,32,5,9,15,15,4,50.0,90.0,150.0,150.0,40.0,440.0,240.0,70.0,0.5145206303520617,0.0006097817677073181,0.3140183389186859,0.024569254368543625,0.0507226437330246
474,sample_000474,samples/sample_000474.npz,41,56,33,39,6,13,15,6,7,60.0,130.0,150.0,60.0,70.0,480.0,355.0,95.0,0.9103422504531367,0.0009720882517285645,0.3441528379917145,0.028092339634895325,0.0520293265581131
475,sample_000475,samples/sample_000475.npz,31,35,34,39,2,9,4,5,7,20.0,90.0,40.0,50.0,70.0,325.0,360.0,55.0,0.5716542306861375,0.00013053580187261105,0.20419390499591827,0.004488030448555946,0.01526329480111599
476,sample_000476,samples/sample_000476.npz,17,27,24,35,4,6,10,11,2,40.0,60.0,100.0,110.0,20.0,215.0,290.0,50.0,0.8823248728458906,0.00022915232693776488,0.26076674461364746,0.010961073450744152,0.031268686056137085
477,sample_000477,samples/sample_000477.npz,10,24,39,48,4,8,14,9,4,40.0,80.0,140.0,90.0,40.0,165.0,430.0,60.0,0.8602604637656712,0.0004051949654240161,0.4460044801235199,0.023440802469849586,0.05922362580895424
478,sample_000478,samples/sample_000478.npz,36,49,26,32,6,11,13,6,5,60.0,110.0,130.0,60.0,50.0,420.0,285.0,85.0,0.5716903981579067,0.0004260526329744607,0.16260643303394318,0.011462722904980183,0.02278461493551731
479,sample_000479,samples/sample_000479.npz,28,34,10,24,7,14,6,14,7,70.0,140.0,60.0,140.0,70.0,305.0,165.0,105.0,0.20853482627828335,0.00025895432918332517,0.06396695971488953,0.00588260916993022,0.009999558329582214
480,sample_000480,samples/sample_000480.npz,45,55,8,22,2,9,10,14,7,20.0,90.0,100.0,140.0,70.0,495.0,145.0,55.0,0.4176842022431137,0.00027885273448191583,0.47283416986465454,0.022057676687836647,0.06167575344443321
481,sample_000481,samples/sample_000481.npz,28,36,35,45,7,9,8,10,2,70.0,90.0,80.0,100.0,20.0,315.0,395.0,80.0,0.3627184633664139,0.0001248541084351018,0.046716585755348206,0.0030393521301448345,0.006299485918134451
482,sample_000482,samples/sample_000482.npz,34,43,50,56,3,10,9,6,7,30.0,100.0,90.0,60.0,70.0,380.0,525.0,65.0,0.5938732441491112,0.00021336425561457872,0.3119090497493744,0.011809599585831165,0.03291350603103638
483,sample_000483,samples/sample_000483.npz,21,31,29,43,8,13,10,14,5,80.0,130.0,100.0,140.0,50.0,255.0,355.0,105.0,0.23537409625117267,0.00043419236317276955,0.07798150926828384,0.008072908967733383,0.012862788513302803
484,sample_000484,samples/sample_000484.npz,16,23,18,28,5,12,7,10,7,50.0,120.0,70.0,100.0,70.0,190.0,225.0,85.0,0.6058340754582439,0.0004457465838640928,0.2433450073003769,0.015119929797947407,0.031762901693582535
485,sample_000485,samples/sample_000485.npz,34,50,37,53,5,9,16,16,4,50.0,90.0,160.0,160.0,40.0,415.0,445.0,70.0,0.957242072042549,0.0011867335997521877,0.6245391964912415,0.0517442487180233,0.10479667782783508
486,sample_000486,samples/sample_000486.npz,18,34,27,41,6,9,16,14,3,60.0,90.0,160.0,140.0,30.0,255.0,335.0,75.0,0.5915232119731689,0.0008223106851801276,0.24911919236183167,0.021095793694257736,0.04070117697119713
487,sample_000487,samples/sample_000487.npz,34,45,26,35,3,7,11,9,4,30.0,70.0,110.0,90.0,40.0,390.0,300.0,50.0,0.7659968940768513,0.00040270519093610346,0.4369986057281494,0.01717461086809635,0.050443533807992935
488,sample_000488,samples/sample_000488.npz,28,41,9,13,2,7,13,4,5,20.0,70.0,130.0,40.0,50.0,340.0,105.0,45.0,0.31216451569906956,5.904935460421257e-05,0.15781044960021973,0.004547491203993559,0.015598430298268795
489,sample_000489,samples/sample_000489.npz,49,56,24,32,2,9,7,8,7,20.0,90.0,70.0,80.0,70.0,520.0,275.0,55.0,0.8575387846652047,0.00029226255719549954,0.6112111210823059,0.01830223761498928,0.05871660262346268
490,sample_000490,samples/sample_000490.npz,31,43,46,54,4,9,12,8,5,40.0,90.0,120.0,80.0,50.0,365.0,495.0,65.0,0.993257167571491,0.0005186136695556343,0.5096494555473328,0.025386769324541092,0.06369093805551529
491,sample_000491,samples/sample_000491.npz,13,19,44,53,6,12,6,9,6,60.0,120.0,60.0,90.0,60.0,155.0,480.0,90.0,0.8346908351103428,0.00031680730171501637,0.2045678347349167,0.01315787248313427,0.027381524443626404
492,sample_000492,samples/sample_000492.npz,37,41,34,48,3,9,4,14,6,30.0,90.0,40.0,140.0,60.0,385.0,405.0,60.0,0.20605537655574802,8.802168304100633e-05,0.08941991627216339,0.0038054550532251596,0.010203280486166477
493,sample_000493,samples/sample_000493.npz,28,44,8,17,8,12,16,9,4,80.0,120.0,160.0,90.0,40.0,355.0,120.0,100.0,0.539508916805949,0.0005013497429899871,0.15189598500728607,0.014755918644368649,0.02548014558851719
494,sample_000494,samples/sample_000494.npz,24,33,26,35,6,10,9,9,4,60.0,100.0,90.0,90.0,40.0,280.0,300.0,80.0,0.3507058918603136,0.0002735345042310655,0.09341751784086227,0.005976221989840269,0.012466485612094402
495,sample_000495,samples/sample_000495.npz,11,15,36,49,6,13,4,13,7,60.0,130.0,40.0,130.0,70.0,125.0,420.0,95.0,0.7799148127091096,0.0003761052794288844,0.1854689121246338,0.013652248308062553,0.026602042838931084
496,sample_000496,samples/sample_000496.npz,14,27,25,30,4,7,13,5,3,40.0,70.0,130.0,50.0,30.0,200.0,270.0,55.0,0.27945419759864243,6.331551412586123e-05,0.0732414498925209,0.003029158106073737,0.008438045158982277
497,sample_000497,samples/sample_000497.npz,27,40,22,36,4,12,13,14,8,40.0,120.0,130.0,140.0,80.0,330.0,285.0,80.0,0.5828963611978588,0.0020913288462907076,0.576309859752655,0.044617388397455215,0.08818124234676361
498,sample_000498,samples/sample_000498.npz,31,47,17,31,7,13,16,14,6,70.0,130.0,160.0,140.0,60.0,385.0,235.0,100.0,0.3257523080293681,0.0009461669833399355,0.1978967934846878,0.021579202264547348,0.03460771590471268
499,sample_000499,samples/sample_000499.npz,16,22,11,23,2,6,6,12,4,20.0,60.0,60.0,120.0,40.0,185.0,165.0,40.0,0.9400228725959769,0.0001622281997697428,0.5551896095275879,0.015490482561290264,0.05562338978052139
500,sample_000500,samples/sample_000500.npz,47,51,25,36,8,15,4,11,7,80.0,150.0,40.0,110.0,70.0,485.0,300.0,115.0,0.3681131252764252,0.00023839865752961487,0.05463998392224312,0.0052453745156526566,0.008555027656257153
501,sample_000501,samples/sample_000501.npz,44,49,41,50,6,12,5,9,6,60.0,120.0,50.0,90.0,60.0,460.0,450.0,90.0,0.6253856070991004,0.00022312307555694133,0.12942087650299072,0.008345546200871468,0.01714082434773445
502,sample_000502,samples/sample_000502.npz,30,34,19,23,4,9,4,4,5,40.0,90.0,40.0,40.0,50.0,315.0,205.0,65.0,0.5367094321244399,6.72945607220754e-05,0.0703435018658638,0.002332062693312764,0.00649464875459671
503,sample_000503,samples/sample_000503.npz,37,46,48,53,7,9,9,5,2,70.0,90.0,90.0,50.0,20.0,410.0,500.0,80.0,0.9223726822011269,9.709142614156008e-05,0.07241466641426086,0.004198742099106312,0.009331407025456429
504,sample_000504,samples/sample_000504.npz,43,48,21,36,5,9,5,15,4,50.0,90.0,50.0,150.0,40.0,450.0,280.0,70.0,0.23397286450087043,9.900214354274794e-05,0.06387901306152344,0.003735378384590149,0.008529318496584892
505,sample_000505,samples/sample_000505.npz,30,35,24,36,8,16,5,12,8,80.0,160.0,50.0,120.0,80.0,320.0,295.0,120.0,0.4994810018238613,0.0009100127499550581,0.1057971939444542,0.011360693722963333,0.01692773588001728
506,sample_000506,samples/sample_000506.npz,14,22,23,32,4,12,8,9,8,40.0,120.0,80.0,90.0,80.0,175.0,270.0,80.0,0.23898751306789068,0.00021034879318904132,0.1303403377532959,0.007120600901544094,0.016010187566280365
507,sample_000507,samples/sample_000507.npz,27,40,27,35,5,13,13,8,8,50.0,130.0,130.0,80.0,80.0,330.0,305.0,90.0,0.33239658872140276,0.0008116646786220372,0.18913790583610535,0.014186939224600792,0.026955412700772285
508,sample_000508,samples/sample_000508.npz,46,53,49,56,3,9,7,7,6,30.0,90.0,70.0,70.0,60.0,490.0,520.0,60.0,0.22968057353148197,4.614966383087449e-05,0.10662934929132462,0.0035507900174707174,0.010729913599789143
509,sample_000509,samples/sample_000509.npz,22,38,32,41,7,10,16,9,3,70.0,100.0,160.0,90.0,30.0,295.0,360.0,85.0,0.5896529355006255,0.0006214513559825718,0.15561062097549438,0.013195882551372051,0.024342838674783707
510,sample_000510,samples/sample_000510.npz,25,39,38,52,5,7,14,14,2,50.0,70.0,140.0,140.0,20.0,315.0,445.0,60.0,0.31102336386489987,0.00016733868687879294,0.10247933119535446,0.0066695245914161205,0.015374458394944668
511,sample_000511,samples/sample_000511.npz,23,27,36,40,8,14,4,4,6,80.0,140.0,40.0,40.0,60.0,245.0,375.0,110.0,0.9959708295933525,0.0002362555096624419,0.05479724332690239,0.004617381375283003,0.007777770981192589
512,sample_000512,samples/sample_000512.npz,21,32,18,25,6,8,11,7,2,60.0,80.0,110.0,70.0,20.0,260.0,210.0,70.0,0.9259319727849817,0.00020988901087548584,0.1386430710554123,0.007624751888215542,0.017688801512122154
513,sample_000513,samples/sample_000513.npz,17,22,33,41,7,10,5,8,3,70.0,100.0,50.0,80.0,30.0,190.0,365.0,85.0,0.8253846157307698,0.00016645564755890518,0.08105659484863281,0.005067913327366114,0.010509875603020191
514,sample_000514,samples/sample_000514.npz,9,17,13,25,2,9,8,12,7,20.0,90.0,80.0,120.0,70.0,125.0,185.0,55.0,0.4765289166125758,0.00023446005070582032,0.4492886960506439,0.017368776723742485,0.0514836348593235
515,sample_000515,samples/sample_000515.npz,29,44,31,46,8,12,15,15,4,80.0,120.0,150.0,150.0,40.0,360.0,380.0,100.0,0.3763551204477902,0.0008325079106725752,0.14980098605155945,0.016778340563178062,0.026444517076015472
516,sample_000516,samples/sample_000516.npz,32,47,16,23,7,9,15,7,2,70.0,90.0,150.0,70.0,20.0,390.0,190.0,80.0,0.9073154556809881,0.0002835076011251658,0.13467511534690857,0.009845040738582611,0.019843347370624542
517,sample_000517,samples/sample_000517.npz,19,28,15,24,5,7,9,9,2,50.0,70.0,90.0,90.0,20.0,230.0,190.0,60.0,0.5936596550282052,0.00010489100532140583,0.11697074770927429,0.005251868162304163,0.013850712217390537
518,sample_000518,samples/sample_000518.npz,27,42,8,20,7,9,15,12,2,70.0,90.0,150.0,120.0,20.0,340.0,135.0,80.0,0.35363900544852706,0.00018143885245081037,0.08007614314556122,0.006475392729043961,0.01273936778306961
519,sample_000519,samples/sample_000519.npz,11,27,20,32,7,13,16,12,6,70.0,130.0,160.0,120.0,60.0,185.0,255.0,100.0,0.42143967619140493,0.0009209109703078866,0.22950051724910736,0.023675529286265373,0.039162103086709976
520,sample_000520,samples/sample_000520.npz,14,30,25,38,8,11,16,13,3,80.0,110.0,160.0,130.0,30.0,215.0,310.0,95.0,0.3056079098195601,0.00044756746501661837,0.09176861494779587,0.009535320103168488,0.01578882522881031
521,sample_000521,samples/sample_000521.npz,8,22,28,40,3,8,14,12,5,30.0,80.0,140.0,120.0,50.0,145.0,335.0,55.0,0.6070123556796079,0.0005284369108267128,0.5189407467842102,0.028022095561027527,0.07234062254428864
522,sample_000522,samples/sample_000522.npz,36,50,42,51,8,16,14,9,8,80.0,160.0,140.0,90.0,80.0,425.0,460.0,120.0,0.700062267631653,0.0013128272257745266,0.28480443358421326,0.03202706202864647,0.04894102364778519
523,sample_000523,samples/sample_000523.npz,17,21,26,35,2,5,4,9,3,20.0,50.0,40.0,90.0,30.0,185.0,300.0,35.0,0.3735156890767337,3.081657268921845e-05,0.12704166769981384,0.002361872000619769,0.010031897574663162
524,sample_000524,samples/sample_000524.npz,30,42,39,45,7,12,12,6,5,70.0,120.0,120.0,60.0,50.0,355.0,415.0,95.0,0.7028447766571804,0.000528758333530277,0.15828636288642883,0.012669879011809826,0.023092219606041908
525,sample_000525,samples/sample_000525.npz,45,53,46,55,7,13,8,9,6,70.0,130.0,80.0,90.0,60.0,485.0,500.0,100.0,0.438744733108525,0.00022734467347618192,0.11416566371917725,0.0087985098361969,0.016857720911502838
526,sample_000526,samples/sample_000526.npz,43,48,52,56,2,10,5,4,8,20.0,100.0,50.0,40.0,80.0,450.0,535.0,60.0,0.4206099086966944,4.852894926443696e-05,0.15612047910690308,0.0035538070369511843,0.011994639411568642
527,sample_000527,samples/sample_000527.npz,41,56,21,37,6,9,15,16,3,60.0,90.0,150.0,160.0,30.0,480.0,285.0,75.0,0.7190546973564536,0.0007234440417960286,0.3143158257007599,0.026847826316952705,0.05266154184937477
528,sample_000528,samples/sample_000528.npz,20,30,41,55,4,12,10,14,8,40.0,120.0,100.0,140.0,80.0,245.0,475.0,80.0,0.6892271632061312,0.0010423579951748252,0.5786644816398621,0.03951191157102585,0.08334885537624359
529,sample_000529,samples/sample_000529.npz,41,45,9,20,3,6,4,11,3,30.0,60.0,40.0,110.0,30.0,425.0,140.0,45.0,0.36309521270407824,3.16617006319575e-05,0.09665679186582565,0.0026961504481732845,0.009256603196263313
530,sample_000530,samples/sample_000530.npz,34,41,42,47,7,14,7,5,7,70.0,140.0,70.0,50.0,70.0,370.0,440.0,105.0,0.7778351902664096,0.00038435429451055825,0.11644957214593887,0.009221944026648998,0.016387805342674255
531,sample_000531,samples/sample_000531.npz,12,18,16,27,3,7,6,11,4,30.0,70.0,60.0,110.0,40.0,145.0,210.0,50.0,0.5727035537809515,0.00011383296805433929,0.2514301836490631,0.008399668149650097,0.0263256523758173
532,sample_000532,samples/sample_000532.npz,16,23,22,38,6,12,7,16,6,60.0,120.0,70.0,160.0,60.0,190.0,295.0,90.0,0.3273979011607977,0.0004257606342434883,0.13417547941207886,0.01110868901014328,0.020562615245580673
533,sample_000533,samples/sample_000533.npz,30,41,31,46,7,11,11,15,4,70.0,110.0,110.0,150.0,40.0,350.0,380.0,90.0,0.7074398447219277,0.0010692622745409608,0.2612665593624115,0.02380199544131756,0.04209527745842934
534,sample_000534,samples/sample_000534.npz,26,41,40,54,5,11,15,14,6,50.0,110.0,150.0,140.0,60.0,330.0,465.0,80.0,0.995476651600552,0.002031694632023573,0.7741029262542725,0.06456418335437775,0.12536287307739258
535,sample_000535,samples/sample_000535.npz,22,26,17,29,3,9,4,12,6,30.0,90.0,40.0,120.0,60.0,235.0,225.0,60.0,0.4032354232113307,0.00014288070087786764,0.16455505788326263,0.0063796453177928925,0.01765614189207554
536,sample_000536,samples/sample_000536.npz,26,31,36,49,8,14,5,13,6,80.0,140.0,50.0,130.0,60.0,280.0,420.0,110.0,0.2640367971945088,0.00024659273913130164,0.05007635056972504,0.0049405526369810104,0.007949058897793293
537,sample_000537,samples/sample_000537.npz,35,48,14,23,4,9,13,9,5,40.0,90.0,130.0,90.0,50.0,410.0,180.0,65.0,0.5188715671325614,0.0003380573180038482,0.29935765266418457,0.016290729865431786,0.039516814053058624
538,sample_000538,samples/sample_000538.npz,26,31,33,38,5,10,5,5,5,50.0,100.0,50.0,50.0,50.0,280.0,350.0,75.0,0.6630566753095939,0.00017418983043171465,0.09579683840274811,0.004416169598698616,0.010499506257474422
539,sample_000539,samples/sample_000539.npz,27,42,8,23,3,10,15,15,7,30.0,100.0,150.0,150.0,70.0,340.0,150.0,65.0,0.7898640875162031,0.0015268854331225157,0.9413923025131226,0.06650223582983017,0.14878788590431213
540,sample_000540,samples/sample_000540.npz,47,56,28,34,3,10,9,6,7,30.0,100.0,90.0,60.0,70.0,510.0,305.0,65.0,0.2631246076980083,0.00011310320405755192,0.13819606602191925,0.005277127958834171,0.014570476487278938
541,sample_000541,samples/sample_000541.npz,37,45,10,22,8,13,8,12,5,80.0,130.0,80.0,120.0,50.0,405.0,155.0,105.0,0.5434351276615765,0.000432921719038859,0.13347554206848145,0.012357328087091446,0.021151112392544746
542,sample_000542,samples/sample_000542.npz,23,34,21,32,5,7,11,11,2,50.0,70.0,110.0,110.0,20.0,280.0,260.0,60.0,0.7388505428755143,0.00028612211463041604,0.18731360137462616,0.009875892661511898,0.0244289543479681
543,sample_000543,samples/sample_000543.npz,9,25,10,19,8,13,16,9,5,80.0,130.0,160.0,90.0,50.0,165.0,140.0,105.0,0.36409367480358057,0.0003578924515750259,0.12033182382583618,0.012092070654034615,0.020580513402819633
544,sample_000544,samples/sample_000544.npz,13,23,37,50,5,9,10,13,4,50.0,90.0,100.0,130.0,40.0,175.0,430.0,70.0,0.8338196318994746,0.00048455726937390864,0.37135088443756104,0.022830238565802574,0.051737524569034576
545,sample_000545,samples/sample_000545.npz,33,38,24,33,4,7,5,9,3,40.0,70.0,50.0,90.0,30.0,350.0,280.0,55.0,0.5017896004809055,0.00010592551552690566,0.1090550497174263,0.00379577255807817,0.011133167892694473
546,sample_000546,samples/sample_000546.npz,48,54,33,45,2,6,6,12,4,20.0,60.0,60.0,120.0,40.0,505.0,385.0,40.0,0.8080713821354963,0.00014456378994509578,0.4772573411464691,0.013284465298056602,0.04782221093773842
547,sample_000547,samples/sample_000547.npz,15,29,33,47,4,7,14,14,3,40.0,70.0,140.0,140.0,30.0,215.0,395.0,55.0,0.8249632485210536,0.0005372012383304536,0.44503188133239746,0.026926927268505096,0.06562985479831696
548,sample_000548,samples/sample_000548.npz,42,47,9,17,5,10,5,8,5,50.0,100.0,50.0,80.0,50.0,440.0,125.0,75.0,0.20031821571278732,4.0196879126597196e-05,0.0428544245660305,0.0020431315060704947,0.004983953200280666
549,sample_000549,samples/sample_000549.npz,13,26,42,54,8,15,13,12,7,80.0,150.0,130.0,120.0,70.0,190.0,475.0,115.0,0.6770994582526503,0.00122067891061306,0.3057187795639038,0.03363996744155884,0.05311108008027077
550,sample_000550,samples/sample_000550.npz,8,22,32,37,8,10,14,5,2,80.0,100.0,140.0,50.0,20.0,145.0,340.0,90.0,0.601535771593086,0.00013878531171940267,0.05316975712776184,0.004177948925644159,0.007960141636431217
551,sample_000551,samples/sample_000551.npz,50,56,31,38,8,14,6,7,6,80.0,140.0,60.0,70.0,60.0,525.0,340.0,110.0,0.7551066160132327,0.0003289503511041403,0.10252063721418381,0.008704552426934242,0.015371149405837059
552,sample_000552,samples/sample_000552.npz,13,21,28,35,6,12,8,7,6,60.0,120.0,80.0,70.0,60.0,165.0,310.0,90.0,0.7725030168486076,0.00047740802983753383,0.19706390798091888,0.013026632368564606,0.026165831834077835
553,sample_000553,samples/sample_000553.npz,26,40,45,49,3,6,14,4,3,30.0,60.0,140.0,40.0,30.0,325.0,465.0,45.0,0.21099612919691194,3.288347215857357e-05,0.061089616268873215,0.002015255158767104,0.006471249274909496
554,sample_000554,samples/sample_000554.npz,9,25,43,52,6,14,16,9,8,60.0,140.0,160.0,90.0,80.0,165.0,470.0,100.0,0.35985246336345655,0.0005691059632226825,0.2151905745267868,0.019639382138848305,0.03504454717040062
555,sample_000555,samples/sample_000555.npz,12,21,31,35,2,7,9,4,5,20.0,70.0,90.0,40.0,50.0,160.0,325.0,45.0,0.7777255756859138,0.00012747380242217332,0.34466567635536194,0.007953676395118237,0.029098330065608025
556,sample_000556,samples/sample_000556.npz,16,27,35,50,7,9,11,15,2,70.0,90.0,110.0,150.0,20.0,210.0,420.0,80.0,0.25366871035336036,0.00012182255886727944,0.053930848836898804,0.004319497384130955,0.008435373194515705
557,sample_000557,samples/sample_000557.npz,43,48,36,44,2,6,5,8,4,20.0,60.0,50.0,80.0,40.0,450.0,395.0,40.0,0.35698655625703624,4.092243034392595e-05,0.15809616446495056,0.00329173868522048,0.01299255806952715
558,sample_000558,samples/sample_000558.npz,40,48,33,43,4,8,8,10,4,40.0,80.0,80.0,100.0,40.0,435.0,375.0,60.0,0.5268464554764605,0.0002003399858949706,0.21320538222789764,0.009236477315425873,0.02462310902774334
559,sample_000559,samples/sample_000559.npz,33,44,14,26,7,9,11,12,2,70.0,90.0,110.0,120.0,20.0,380.0,195.0,80.0,0.8055140269916039,0.0003310191968921572,0.14965973794460297,0.011011015623807907,0.022103628143668175
560,sample_000560,samples/sample_000560.npz,27,40,10,21,6,8,13,11,2,60.0,80.0,130.0,110.0,20.0,330.0,150.0,70.0,0.26962295720489227,0.00010396035213489085,0.0625249370932579,0.004067665431648493,0.009000646881759167
561,sample_000561,samples/sample_000561.npz,39,47,43,52,6,8,8,9,2,60.0,80.0,80.0,90.0,20.0,425.0,470.0,70.0,0.45620509253796976,7.103096868377179e-05,0.0665639117360115,0.003451306838542223,0.008274865336716175
562,sample_000562,samples/sample_000562.npz,47,51,43,56,5,8,4,13,3,50.0,80.0,40.0,130.0,30.0,485.0,490.0,65.0,0.6237369551850175,7.909634587122127e-05,0.10708469152450562,0.00508483499288559,0.013071950525045395
563,sample_000563,samples/sample_000563.npz,36,42,11,26,2,5,6,15,3,20.0,50.0,60.0,150.0,30.0,385.0,180.0,35.0,0.9994605795635301,0.00017563081928528845,0.5192986130714417,0.015751603990793228,0.05655420571565628
564,sample_000564,samples/sample_000564.npz,19,30,31,42,7,12,11,11,5,70.0,120.0,110.0,110.0,50.0,240.0,360.0,95.0,0.9794557452842021,0.001330043887719512,0.3425371050834656,0.02977253682911396,0.052678607404232025
565,sample_000565,samples/sample_000565.npz,38,50,12,26,8,12,12,14,4,80.0,120.0,120.0,140.0,40.0,435.0,185.0,100.0,0.3253709882536769,0.0003503361076582223,0.10597873479127884,0.010541653260588646,0.017811676487326622
566,sample_000566,samples/sample_000566.npz,26,40,25,38,8,13,14,13,5,80.0,130.0,140.0,130.0,50.0,325.0,310.0,105.0,0.8435192348082015,0.0027191785629838705,0.3419588506221771,0.03778911754488945,0.05850406363606453
567,sample_000567,samples/sample_000567.npz,37,51,41,46,8,12,14,5,4,80.0,120.0,140.0,50.0,40.0,435.0,430.0,100.0,0.6456333736629063,0.00030108727514743805,0.09827542304992676,0.008767420426011086,0.015342050231993198
568,sample_000568,samples/sample_000568.npz,15,29,17,27,2,7,14,10,5,20.0,70.0,140.0,100.0,50.0,215.0,215.0,45.0,0.9255400591414178,0.0005517414538189769,0.8705849051475525,0.03689398616552353,0.11038149148225784
569,sample_000569,samples/sample_000569.npz,28,35,9,14,3,6,7,5,3,30.0,60.0,70.0,50.0,30.0,310.0,110.0,45.0,0.49903094237844475,4.058035847265273e-05,0.1250433772802353,0.0029411993455141783,0.010738551616668701
570,sample_000570,samples/sample_000570.npz,28,41,34,41,7,9,13,7,2,70.0,90.0,130.0,70.0,20.0,340.0,370.0,80.0,0.5031015199028817,0.00019933127623517066,0.0687272846698761,0.004804931115359068,0.009714579209685326
571,sample_000571,samples/sample_000571.npz,11,22,39,48,7,14,11,9,7,70.0,140.0,110.0,90.0,70.0,160.0,430.0,105.0,0.6433157999871895,0.0007014905568212271,0.23618265986442566,0.02106625773012638,0.03678852319717407
572,sample_000572,samples/sample_000572.npz,8,18,31,40,5,8,10,9,3,50.0,80.0,100.0,90.0,30.0,125.0,350.0,65.0,0.7515427497732228,0.0002220600435975939,0.2170102596282959,0.010764866136014462,0.02702336758375168
573,sample_000573,samples/sample_000573.npz,35,40,32,48,8,14,5,16,6,80.0,140.0,50.0,160.0,60.0,370.0,395.0,110.0,0.5417249888124629,0.0006387663306668401,0.1184350997209549,0.01251007430255413,0.01955912448465824
574,sample_000574,samples/sample_000574.npz,37,45,17,27,7,10,8,10,3,70.0,100.0,80.0,100.0,30.0,405.0,215.0,85.0,0.9916066981495095,0.0003868114436045289,0.17587995529174805,0.012174741365015507,0.02439049817621708
575,sample_000575,samples/sample_000575.npz,41,46,40,46,2,8,5,6,6,20.0,80.0,50.0,60.0,60.0,430.0,425.0,50.0,0.781008167084076,0.0001222127757500857,0.35324230790138245,0.007888320833444595,0.028114981949329376
576,sample_000576,samples/sample_000576.npz,32,44,37,48,3,9,12,11,6,30.0,90.0,120.0,110.0,60.0,375.0,420.0,60.0,0.6899710355253418,0.0006833446677774191,0.585300862789154,0.029995162039995193,0.07628846168518066
577,sample_000577,samples/sample_000577.npz,17,32,19,30,8,13,15,11,5,80.0,130.0,150.0,110.0,50.0,240.0,240.0,105.0,0.34220106547226914,0.000636436278000474,0.1278008222579956,0.013734734617173672,0.021748367697000504
578,sample_000578,samples/sample_000578.npz,41,56,33,40,7,10,15,7,3,70.0,100.0,150.0,70.0,30.0,480.0,360.0,85.0,0.9498295960006204,0.000451705971499905,0.19553238153457642,0.01507254596799612,0.0294986329972744
579,sample_000579,samples/sample_000579.npz,34,48,21,31,5,12,14,10,7,50.0,120.0,140.0,100.0,70.0,405.0,255.0,85.0,0.987291407477463,0.0017791721038520336,0.650679886341095,0.04975690320134163,0.09667282551527023
580,sample_000580,samples/sample_000580.npz,9,14,32,44,2,10,5,12,8,20.0,100.0,50.0,120.0,80.0,110.0,375.0,60.0,0.48169906707608734,0.0002087356406264007,0.34387847781181335,0.012390241026878357,0.03640787675976753
581,sample_000581,samples/sample_000581.npz,29,43,42,50,6,11,14,8,5,60.0,110.0,140.0,80.0,50.0,355.0,455.0,85.0,0.5126756274343216,0.0004739527066703886,0.19541887938976288,0.01462471578270197,0.028696995228528976
582,sample_000582,samples/sample_000582.npz,25,30,47,52,3,7,5,5,4,30.0,70.0,50.0,50.0,40.0,270.0,490.0,50.0,0.7174329205398098,6.184792437124997e-05,0.16688543558120728,0.004000725690275431,0.013891837559640408
583,sample_000583,samples/sample_000583.npz,18,33,34,46,5,12,15,12,7,50.0,120.0,150.0,120.0,70.0,250.0,395.0,85.0,0.810900741530657,0.0019152280874550343,0.6291579008102417,0.05257004126906395,0.09900383651256561
584,sample_000584,samples/sample_000584.npz,13,17,16,20,5,9,4,4,4,50.0,90.0,40.0,40.0,40.0,145.0,175.0,70.0,0.44624603982937283,2.722207318583969e-05,0.03859270364046097,0.0014870158629491925,0.003932597581297159
585,sample_000585,samples/sample_000585.npz,37,53,14,19,2,10,16,5,8,20.0,100.0,160.0,50.0,80.0,445.0,160.0,60.0,0.37629007366688205,0.00021218911570031196,0.29568973183631897,0.01298881322145462,0.035473741590976715
586,sample_000586,samples/sample_000586.npz,9,20,16,25,8,11,11,9,3,80.0,110.0,110.0,90.0,30.0,140.0,200.0,95.0,0.5132554007789782,0.00020652214880101383,0.08966781944036484,0.00735134445130825,0.013735250569880009
587,sample_000587,samples/sample_000587.npz,41,50,45,55,5,7,9,10,2,50.0,70.0,90.0,100.0,20.0,450.0,495.0,60.0,0.8015129751857422,0.00011712172999978065,0.16962729394435883,0.007714018691331148,0.020570293068885803
588,sample_000588,samples/sample_000588.npz,42,52,31,46,7,10,10,15,3,70.0,100.0,100.0,150.0,30.0,465.0,380.0,85.0,0.6263653728569858,0.000422976678237319,0.1734163910150528,0.014264731667935848,0.027152784168720245
589,sample_000589,samples/sample_000589.npz,26,33,33,49,5,11,7,16,6,50.0,110.0,70.0,160.0,60.0,290.0,405.0,80.0,0.33794747713197887,0.00043936658767051995,0.16464202105998993,0.011861216276884079,0.023945825174450874
590,sample_000590,samples/sample_000590.npz,21,33,18,29,8,12,12,11,4,80.0,120.0,120.0,110.0,40.0,265.0,230.0,100.0,0.5760261258422612,0.0006835252861492336,0.1570541113615036,0.015036141499876976,0.025212286040186882
591,sample_000591,samples/sample_000591.npz,41,56,25,39,2,9,15,14,7,20.0,90.0,150.0,140.0,70.0,480.0,315.0,55.0,0.4387264829201265,0.0007158427615649998,0.5928682088851929,0.03549489378929138,0.08931106328964233
592,sample_000592,samples/sample_000592.npz,48,54,45,56,2,7,6,11,5,20.0,70.0,60.0,110.0,50.0,505.0,500.0,45.0,0.8359351119551097,0.00014413647295441478,0.5400601029396057,0.015274986624717712,0.053546242415905
593,sample_000593,samples/sample_000593.npz,16,29,14,27,7,14,13,13,7,70.0,140.0,130.0,130.0,70.0,220.0,200.0,105.0,0.7271331040210047,0.0016142269596457481,0.401569664478302,0.041347406804561615,0.06754014641046524
594,sample_000594,samples/sample_000594.npz,14,25,36,40,8,16,11,4,8,80.0,160.0,110.0,40.0,80.0,190.0,375.0,120.0,0.5715414040098381,0.00045374661567620933,0.09136086702346802,0.009314022026956081,0.014456367120146751
595,sample_000595,samples/sample_000595.npz,13,25,20,29,4,10,12,9,6,40.0,100.0,120.0,90.0,60.0,185.0,240.0,70.0,0.626198776171768,0.0005211058887653053,0.38600558042526245,0.021552201360464096,0.05045162886381149
596,sample_000596,samples/sample_000596.npz,26,37,18,34,8,10,11,16,2,80.0,100.0,110.0,160.0,20.0,310.0,255.0,90.0,0.7808468299355138,0.0007074532913975418,0.14778843522071838,0.01402848307043314,0.024329641833901405
597,sample_000597,samples/sample_000597.npz,10,14,10,16,6,12,4,6,6,60.0,120.0,40.0,60.0,60.0,115.0,125.0,90.0,0.41162237939580515,5.867432992090471e-05,0.0498453713953495,0.0028022639453411102,0.0062122284434735775
598,sample_000598,samples/sample_000598.npz,37,50,26,40,7,11,13,14,4,70.0,110.0,130.0,140.0,40.0,430.0,325.0,90.0,0.6831077411176192,0.0010317076230421662,0.27274954319000244,0.025145461782813072,0.04457283020019531
599,sample_000599,samples/sample_000599.npz,15,26,43,54,6,13,11,11,7,60.0,130.0,110.0,110.0,70.0,200.0,480.0,95.0,0.8641197358352617,0.0010189155582338572,0.43852663040161133,0.03549051657319069,0.0667082741856575
600,sample_000600,samples/sample_000600.npz,20,35,38,47,5,13,15,9,8,50.0,130.0,150.0,90.0,80.0,270.0,420.0,90.0,0.7228532840355799,0.001505223917774856,0.4888700544834137,0.03956157714128494,0.07410982251167297
601,sample_000601,samples/sample_000601.npz,12,22,14,22,5,13,10,8,8,50.0,130.0,100.0,80.0,80.0,165.0,175.0,90.0,0.6294322040203926,0.0005180531879886985,0.30191823840141296,0.01984621398150921,0.040769290179014206
602,sample_000602,samples/sample_000602.npz,36,52,46,50,7,9,16,4,2,70.0,90.0,160.0,40.0,20.0,435.0,475.0,80.0,0.4931487326538526,7.47885787859559e-05,0.04571007564663887,0.0032036888878792524,0.006634343881160021
603,sample_000603,samples/sample_000603.npz,23,31,18,29,4,8,8,11,4,40.0,80.0,80.0,110.0,40.0,265.0,230.0,60.0,0.7050412549954324,0.00034105608938261867,0.3001645505428314,0.013667450286448002,0.03572883456945419
604,sample_000604,samples/sample_000604.npz,32,44,26,35,4,12,12,9,8,40.0,120.0,120.0,90.0,80.0,375.0,300.0,80.0,0.7954423058739879,0.0015120082534849644,0.5679556727409363,0.036085207015275955,0.07639789581298828
605,sample_000605,samples/sample_000605.npz,22,38,41,54,7,12,16,13,5,70.0,120.0,160.0,130.0,50.0,295.0,470.0,95.0,0.5062161284209181,0.0009745087590999901,0.25767216086387634,0.025894340127706528,0.04419659823179245
606,sample_000606,samples/sample_000606.npz,34,42,37,45,3,5,8,8,2,30.0,50.0,80.0,80.0,20.0,375.0,405.0,40.0,0.5822437058773803,6.547512020915747e-05,0.16516827046871185,0.004317686427384615,0.015586611814796925
607,sample_000607,samples/sample_000607.npz,11,23,41,56,5,9,12,15,4,50.0,90.0,120.0,150.0,40.0,165.0,480.0,70.0,0.5163489815578075,0.00035350763937458396,0.2787158489227295,0.019251521676778793,0.042418912053108215
608,sample_000608,samples/sample_000608.npz,20,34,41,54,2,7,14,13,5,20.0,70.0,140.0,130.0,50.0,265.0,470.0,45.0,0.6054941159424501,0.00045579252764582634,0.6348505020141602,0.03123108670115471,0.08887027204036713
609,sample_000609,samples/sample_000609.npz,8,17,17,24,6,8,9,7,2,60.0,80.0,90.0,70.0,20.0,120.0,200.0,70.0,0.2647386177022919,3.170686977682635e-05,0.03459751233458519,0.0017255577258765697,0.004247862379997969
610,sample_000610,samples/sample_000610.npz,38,53,36,41,6,14,15,5,8,60.0,140.0,150.0,50.0,80.0,450.0,380.0,100.0,0.35138754619669377,0.00038560840766876936,0.12026194483041763,0.010280321352183819,0.01828761212527752
611,sample_000611,samples/sample_000611.npz,21,35,37,48,7,12,14,11,5,70.0,120.0,140.0,110.0,50.0,275.0,420.0,95.0,0.3918753844894856,0.0006237744819372892,0.16256257891654968,0.015072868205606937,0.026163892820477486
612,sample_000612,samples/sample_000612.npz,31,46,39,52,2,8,15,13,6,20.0,80.0,150.0,130.0,60.0,380.0,450.0,50.0,0.9286193600795973,0.001021526288241148,1.113006353378296,0.06091500073671341,0.16190999746322632
613,sample_000613,samples/sample_000613.npz,27,37,30,37,4,8,10,7,4,40.0,80.0,100.0,70.0,40.0,315.0,330.0,60.0,0.9292675186676127,0.0005384314572438598,0.33962681889533997,0.014413740485906601,0.038394782692193985
614,sample_000614,samples/sample_000614.npz,9,15,33,48,4,10,6,15,6,40.0,100.0,60.0,150.0,60.0,115.0,400.0,70.0,0.25979223244406324,0.0001414192811353132,0.13109508156776428,0.007276364602148533,0.017330989241600037
615,sample_000615,samples/sample_000615.npz,24,33,17,26,2,5,9,9,3,20.0,50.0,90.0,90.0,30.0,280.0,210.0,35.0,0.3374234791244367,6.477051647379994e-05,0.18494084477424622,0.004808821715414524,0.018359554931521416
616,sample_000616,samples/sample_000616.npz,22,38,34,42,4,11,16,8,7,40.0,110.0,160.0,80.0,70.0,295.0,375.0,75.0,0.8355732509900407,0.0015301237581297755,0.5938620567321777,0.039792027324438095,0.08433304727077484
617,sample_000617,samples/sample_000617.npz,33,47,18,32,4,8,14,14,4,40.0,80.0,140.0,140.0,40.0,395.0,245.0,60.0,0.46718307355550615,0.0004849161778111011,0.31246042251586914,0.020128879696130753,0.046642325818538666
618,sample_000618,samples/sample_000618.npz,32,38,32,47,4,11,6,15,7,40.0,110.0,60.0,150.0,70.0,345.0,390.0,75.0,0.9109080603625692,0.0010784745682030916,0.49862709641456604,0.030448205769062042,0.06667210906744003
619,sample_000619,samples/sample_000619.npz,11,15,8,20,4,10,4,12,6,40.0,100.0,40.0,120.0,60.0,125.0,135.0,70.0,0.31911354587067636,7.51330517232418e-05,0.10171275585889816,0.004688594490289688,0.012009584344923496
620,sample_000620,samples/sample_000620.npz,20,36,11,17,7,11,16,6,4,70.0,110.0,160.0,60.0,40.0,275.0,135.0,90.0,0.5263346199807393,0.0003090401296503842,0.1219460591673851,0.009989885613322258,0.01881571114063263
621,sample_000621,samples/sample_000621.npz,16,31,30,46,3,10,15,16,7,30.0,100.0,150.0,160.0,70.0,230.0,375.0,65.0,0.6572442424867952,0.0016055088490247726,0.8062298893928528,0.05989188328385353,0.12986993789672852
622,sample_000622,samples/sample_000622.npz,19,29,33,45,8,13,10,12,5,80.0,130.0,100.0,120.0,50.0,235.0,385.0,105.0,0.7808863344386516,0.001051750616170466,0.23156708478927612,0.02281702309846878,0.03724775090813637
623,sample_000623,samples/sample_000623.npz,38,53,23,29,2,6,15,6,4,20.0,60.0,150.0,60.0,40.0,450.0,255.0,40.0,0.4461172108199186,0.00012266072735656053,0.2790305018424988,0.009254842065274715,0.03104461543262005
624,sample_000624,samples/sample_000624.npz,47,55,34,38,7,13,8,4,6,70.0,130.0,80.0,40.0,60.0,505.0,355.0,100.0,0.3576136168351773,0.00011187372729182243,0.04498748481273651,0.0032804254442453384,0.006227905862033367
625,sample_000625,samples/sample_000625.npz,36,43,9,14,7,15,7,5,8,70.0,150.0,70.0,50.0,80.0,390.0,110.0,110.0,0.473199334512512,0.0002068251633318141,0.07586627453565598,0.0060615260154008865,0.010956194251775742
626,sample_000626,samples/sample_000626.npz,45,51,18,23,4,12,6,5,8,40.0,120.0,60.0,50.0,80.0,475.0,200.0,80.0,0.7925831669946424,0.00022625141718890518,0.21704882383346558,0.009699804708361626,0.02336648851633072
627,sample_000627,samples/sample_000627.npz,21,34,12,26,6,13,13,14,7,60.0,130.0,130.0,140.0,70.0,270.0,185.0,95.0,0.6250443963162207,0.001495745382271707,0.4213469326496124,0.03949028253555298,0.06902498006820679
628,sample_000628,samples/sample_000628.npz,14,19,25,36,2,9,5,11,7,20.0,90.0,50.0,110.0,70.0,160.0,300.0,55.0,0.7641038552117401,0.0003212501178495586,0.4993811845779419,0.016269415616989136,0.050165899097919464
629,sample_000629,samples/sample_000629.npz,20,27,8,21,5,7,7,13,2,50.0,70.0,70.0,130.0,20.0,230.0,140.0,60.0,0.6220451831853288,0.00010627874871715903,0.12619251012802124,0.00610189326107502,0.015840614214539528
630,sample_000630,samples/sample_000630.npz,29,33,15,19,2,9,4,4,7,20.0,90.0,40.0,40.0,70.0,305.0,165.0,55.0,0.3121400030792367,3.924465272575617e-05,0.09572186321020126,0.0019366098567843437,0.006765005644410849
631,sample_000631,samples/sample_000631.npz,10,20,8,22,7,10,10,14,3,70.0,100.0,100.0,140.0,30.0,145.0,145.0,85.0,0.926431996661732,0.0004174830100964755,0.24661438167095184,0.01904662325978279,0.03812362253665924
632,sample_000632,samples/sample_000632.npz,30,41,40,47,4,8,11,7,4,40.0,80.0,110.0,70.0,40.0,350.0,430.0,60.0,0.7501212138578439,0.0002996841794811189,0.2882533669471741,0.012685554102063179,0.033662062138319016
633,sample_000633,samples/sample_000633.npz,45,53,14,29,4,7,8,15,3,40.0,70.0,80.0,150.0,30.0,485.0,210.0,55.0,0.4600789339648607,0.00013755919644609094,0.1851540356874466,0.009057100862264633,0.024083100259304047
634,sample_000634,samples/sample_000634.npz,37,50,20,25,3,5,13,5,2,30.0,50.0,130.0,50.0,20.0,430.0,220.0,40.0,0.31309163991319516,2.9866057957406156e-05,0.07854040712118149,0.0023468974977731705,0.008125456050038338
635,sample_000635,samples/sample_000635.npz,28,39,35,43,4,8,11,8,4,40.0,80.0,110.0,80.0,40.0,330.0,385.0,60.0,0.7244495665995669,0.00041111611062660813,0.30842748284339905,0.014083348214626312,0.03669869154691696
636,sample_000636,samples/sample_000636.npz,12,23,39,44,6,8,11,5,2,60.0,80.0,110.0,50.0,20.0,170.0,410.0,70.0,0.3469654351730709,4.428255124366842e-05,0.03885742649435997,0.002014937112107873,0.0048159947618842125
637,sample_000637,samples/sample_000637.npz,19,24,19,27,3,11,5,8,8,30.0,110.0,50.0,80.0,80.0,210.0,225.0,70.0,0.917835598934656,0.0003872482047881931,0.40679043531417847,0.01567177101969719,0.04132392629981041
638,sample_000638,samples/sample_000638.npz,13,29,45,52,4,6,16,7,2,40.0,60.0,160.0,70.0,20.0,205.0,480.0,50.0,0.5295323386960036,8.988448098534718e-05,0.14400522410869598,0.006585807539522648,0.01842462457716465
639,sample_000639,samples/sample_000639.npz,42,49,38,42,8,13,7,4,5,80.0,130.0,70.0,40.0,50.0,450.0,395.0,105.0,0.9348656969372713,0.00023932343174237758,0.07733580470085144,0.006287325173616409,0.0111181465908885
640,sample_000640,samples/sample_000640.npz,18,30,13,27,3,7,12,14,4,30.0,70.0,120.0,140.0,40.0,235.0,195.0,50.0,0.8922297771099654,0.0005666471552103758,0.657808780670166,0.033655766397714615,0.09043363481760025
641,sample_000641,samples/sample_000641.npz,51,56,20,27,5,11,5,7,6,50.0,110.0,50.0,70.0,60.0,530.0,230.0,80.0,0.2900819621940969,6.659313658019528e-05,0.061351943761110306,0.003040411975234747,0.007206186652183533
642,sample_000642,samples/sample_000642.npz,49,56,28,37,4,9,7,9,5,40.0,90.0,70.0,90.0,50.0,520.0,320.0,65.0,0.9611058655144433,0.0003367992758285254,0.37395426630973816,0.015989257022738457,0.04251763969659805
643,sample_000643,samples/sample_000643.npz,16,24,30,41,3,11,8,11,8,30.0,110.0,80.0,110.0,80.0,195.0,350.0,70.0,0.6011652483150601,0.0006251194863580167,0.4616658687591553,0.022615399211645126,0.05550071597099304
644,sample_000644,samples/sample_000644.npz,18,32,12,17,2,9,14,5,7,20.0,90.0,140.0,50.0,70.0,245.0,140.0,55.0,0.7542157301291621,0.00032901158556342125,0.5384746789932251,0.02028173767030239,0.0598415806889534
645,sample_000645,samples/sample_000645.npz,27,40,29,43,6,11,13,14,5,60.0,110.0,130.0,140.0,50.0,330.0,355.0,85.0,0.31386083374228946,0.0007219268009066582,0.17089273035526276,0.014803377911448479,0.027187643572688103
646,sample_000646,samples/sample_000646.npz,24,38,25,31,3,10,14,6,7,30.0,100.0,140.0,60.0,70.0,305.0,275.0,65.0,0.20228533281732855,0.00023429759312421083,0.13279569149017334,0.006500242277979851,0.016165588051080704
647,sample_000647,samples/sample_000647.npz,20,29,29,40,2,5,9,11,3,20.0,50.0,90.0,110.0,30.0,240.0,340.0,35.0,0.46638670472259736,0.000125338978250511,0.2759954631328583,0.00814052950590849,0.029663540422916412
648,sample_000648,samples/sample_000648.npz,34,41,25,37,5,13,7,12,8,50.0,130.0,70.0,120.0,80.0,370.0,305.0,90.0,0.8083479007884711,0.0013776231789961457,0.3913974165916443,0.027806583791971207,0.0539143942296505
649,sample_000649,samples/sample_000649.npz,22,32,47,55,4,6,10,8,2,40.0,60.0,100.0,80.0,20.0,265.0,505.0,50.0,0.6568491671652941,8.561167487641796e-05,0.16227948665618896,0.005828801076859236,0.01775411143898964
650,sample_000650,samples/sample_000650.npz,36,52,13,25,4,9,16,12,5,40.0,90.0,160.0,120.0,50.0,435.0,185.0,65.0,0.5055519479448038,0.0005141459405422211,0.3860197365283966,0.025935634970664978,0.05847114697098732
651,sample_000651,samples/sample_000651.npz,20,25,38,50,6,8,5,12,2,60.0,80.0,50.0,120.0,20.0,220.0,435.0,70.0,0.7002715627220188,0.00010516961629036814,0.08287477493286133,0.004461156670004129,0.010472427122294903
652,sample_000652,samples/sample_000652.npz,19,23,34,50,4,6,4,16,2,40.0,60.0,40.0,160.0,20.0,205.0,415.0,50.0,0.8141227414707517,9.557317389408126e-05,0.14108657836914062,0.005848018918186426,0.016715357080101967
653,sample_000653,samples/sample_000653.npz,24,36,17,30,2,4,12,13,2,20.0,40.0,120.0,130.0,20.0,295.0,230.0,30.0,0.20871106214101243,4.988544969819486e-05,0.10589437931776047,0.0038711740635335445,0.013527091592550278
654,sample_000654,samples/sample_000654.npz,45,49,35,42,6,13,4,7,7,60.0,130.0,40.0,70.0,70.0,465.0,380.0,95.0,0.9584753659975587,0.0003100331814493984,0.1429050862789154,0.00926896557211876,0.01838574931025505
655,sample_000655,samples/sample_000655.npz,28,37,28,39,4,12,9,11,8,40.0,120.0,90.0,110.0,80.0,320.0,330.0,80.0,0.321017593127058,0.0006791020859964192,0.21696436405181885,0.01338924653828144,0.02857029251754284
656,sample_000656,samples/sample_000656.npz,20,36,25,29,8,15,16,4,7,80.0,150.0,160.0,40.0,70.0,275.0,265.0,115.0,0.2069483026886615,0.00027345793205313385,0.04027675837278366,0.004428910557180643,0.006667409557849169
657,sample_000657,samples/sample_000657.npz,26,42,32,46,3,6,16,14,3,30.0,60.0,160.0,140.0,30.0,335.0,385.0,45.0,0.20415349760142984,0.00016649537428747863,0.1356610804796219,0.007860182784497738,0.020593222230672836
658,sample_000658,samples/sample_000658.npz,8,13,46,53,8,16,5,7,8,80.0,160.0,50.0,70.0,80.0,100.0,490.0,120.0,0.9701657858238921,0.00035298746661283076,0.1301082819700241,0.01153936330229044,0.020288463681936264
659,sample_000659,samples/sample_000659.npz,9,19,45,56,8,10,10,11,2,80.0,100.0,100.0,110.0,20.0,135.0,500.0,90.0,0.9585736500126483,0.00022373635147232562,0.13150611519813538,0.010047792457044125,0.020012032240629196
660,sample_000660,samples/sample_000660.npz,36,44,10,26,3,7,8,16,4,30.0,70.0,80.0,160.0,40.0,395.0,175.0,50.0,0.6302189171032114,0.0002865918504539877,0.38806697726249695,0.01805092580616474,0.050154391676187515
661,sample_000661,samples/sample_000661.npz,13,29,29,40,6,10,16,11,4,60.0,100.0,160.0,110.0,40.0,205.0,340.0,80.0,0.7233990512589537,0.0009235305478796363,0.3241107761859894,0.02647787146270275,0.051097575575113297
662,sample_000662,samples/sample_000662.npz,44,55,10,16,2,7,11,6,5,20.0,70.0,110.0,60.0,50.0,490.0,125.0,45.0,0.24603727046787444,4.35112087870948e-05,0.15895362198352814,0.004506687168031931,0.01575750857591629
663,sample_000663,samples/sample_000663.npz,24,34,25,32,8,11,10,7,3,80.0,110.0,100.0,70.0,30.0,285.0,280.0,95.0,0.5427535896836335,0.00030639750184491277,0.0712086632847786,0.0057599847204983234,0.010367400012910366
664,sample_000664,samples/sample_000664.npz,17,25,33,42,3,11,8,9,8,30.0,110.0,80.0,90.0,80.0,205.0,370.0,70.0,0.8710281464132474,0.0007227041060104966,0.5948367118835449,0.026832109317183495,0.0675228089094162
665,sample_000665,samples/sample_000665.npz,33,39,8,20,5,13,6,12,8,50.0,130.0,60.0,120.0,80.0,355.0,135.0,90.0,0.6992931562554752,0.000614653923548758,0.2978096604347229,0.01992407813668251,0.04051192104816437
666,sample_000666,samples/sample_000666.npz,21,28,43,50,3,10,7,7,7,30.0,100.0,70.0,70.0,70.0,240.0,460.0,65.0,0.8188329405618346,0.0003183942171745002,0.40620648860931396,0.015097038820385933,0.04167821258306503
667,sample_000667,samples/sample_000667.npz,49,55,16,20,6,12,6,4,6,60.0,120.0,60.0,40.0,60.0,515.0,175.0,90.0,0.776299037995793,0.0001251814392162487,0.09400586038827896,0.005388834048062563,0.011683082208037376
668,sample_000668,samples/sample_000668.npz,15,25,21,36,6,11,10,15,5,60.0,110.0,100.0,150.0,50.0,195.0,280.0,85.0,0.7135220265984652,0.0009601054480299354,0.33676832914352417,0.027397574856877327,0.052009765058755875
669,sample_000669,samples/sample_000669.npz,26,34,12,24,2,8,8,12,6,20.0,80.0,80.0,120.0,60.0,295.0,175.0,50.0,0.3501105332433234,0.00020979040709789842,0.3068808615207672,0.01132707018405199,0.03452438861131668
670,sample_000670,samples/sample_000670.npz,25,31,26,37,7,14,6,11,7,70.0,140.0,60.0,110.0,70.0,275.0,310.0,105.0,0.3442004096739167,0.0004986802232451737,0.08882938325405121,0.007833766750991344,0.013197883032262325
671,sample_000671,samples/sample_000671.npz,42,47,45,50,5,10,5,5,5,50.0,100.0,50.0,50.0,50.0,440.0,470.0,75.0,0.9843161406267344,0.00013606746506411582,0.1422116458415985,0.006360690109431744,0.015654878690838814
672,sample_000672,samples/sample_000672.npz,32,41,42,51,6,9,9,9,3,60.0,90.0,90.0,90.0,30.0,360.0,460.0,75.0,0.8588758319039331,0.0002962787984870374,0.18669657409191132,0.010919652879238129,0.024396231397986412
673,sample_000673,samples/sample_000673.npz,23,36,21,28,4,7,13,7,3,40.0,70.0,130.0,70.0,30.0,290.0,240.0,55.0,0.8073328876283863,0.00031130362185649574,0.27710863947868347,0.012318252585828304,0.03337370231747627
674,sample_000674,samples/sample_000674.npz,11,19,12,18,6,13,8,6,7,60.0,130.0,80.0,60.0,70.0,145.0,145.0,95.0,0.9180695118826783,0.00036553724203258753,0.22310185432434082,0.014688156545162201,0.029908277094364166
675,sample_000675,samples/sample_000675.npz,38,46,43,51,2,9,8,8,7,20.0,90.0,80.0,80.0,70.0,415.0,465.0,55.0,0.7579770966827317,0.0003011632652487606,0.5882160663604736,0.018700657412409782,0.05832323804497719
676,sample_000676,samples/sample_000676.npz,23,30,43,47,8,15,7,4,7,80.0,150.0,70.0,40.0,70.0,260.0,445.0,115.0,0.47891897750158297,0.00020264837075956166,0.04841113090515137,0.004407905042171478,0.007220347877591848
677,sample_000677,samples/sample_000677.npz,34,48,12,24,8,10,14,12,2,80.0,100.0,140.0,120.0,20.0,405.0,175.0,90.0,0.23668703147470993,0.00012171536945970729,0.044112857431173325,0.003963087685406208,0.007163646165281534
678,sample_000678,samples/sample_000678.npz,42,52,20,26,7,14,10,6,7,70.0,140.0,100.0,60.0,70.0,465.0,225.0,105.0,0.7736526054432986,0.0005533492658287287,0.18595318496227264,0.01548826415091753,0.02740379050374031
679,sample_000679,samples/sample_000679.npz,17,30,41,52,7,9,13,11,2,70.0,90.0,130.0,110.0,20.0,230.0,460.0,80.0,0.54842092365412,0.00021370516333263367,0.10706883668899536,0.00804650317877531,0.01616726443171501
680,sample_000680,samples/sample_000680.npz,41,51,28,36,5,11,10,8,6,50.0,110.0,100.0,80.0,60.0,455.0,315.0,80.0,0.3065040468621786,0.00025439102319069207,0.12697531282901764,0.0076150172390043736,0.016480838879942894
681,sample_000681,samples/sample_000681.npz,40,55,8,16,2,8,15,8,6,20.0,80.0,150.0,80.0,60.0,470.0,115.0,50.0,0.476006886510213,0.0002093076182063669,0.44891971349716187,0.018719766288995743,0.05576692894101143
682,sample_000682,samples/sample_000682.npz,46,56,39,50,5,11,10,11,6,50.0,110.0,100.0,110.0,60.0,505.0,440.0,80.0,0.4276439818335924,0.0003023790195584297,0.2223280817270279,0.014146802946925163,0.030892200767993927
683,sample_000683,samples/sample_000683.npz,16,23,22,35,4,10,7,13,6,40.0,100.0,70.0,130.0,60.0,190.0,280.0,70.0,0.6719691228375764,0.0005343316588550806,0.3575529456138611,0.019575148820877075,0.04594150558114052
684,sample_000684,samples/sample_000684.npz,44,49,38,48,5,9,5,10,4,50.0,90.0,50.0,100.0,40.0,460.0,425.0,70.0,0.23200087146750842,5.1560600695665926e-05,0.050771187990903854,0.002445876831188798,0.006004479713737965
685,sample_000685,samples/sample_000685.npz,40,53,14,19,8,16,13,5,8,80.0,160.0,130.0,50.0,80.0,460.0,160.0,120.0,0.71913712413714,0.0006150004337541759,0.16151227056980133,0.01670834608376026,0.02670270949602127
686,sample_000686,samples/sample_000686.npz,27,40,30,38,7,9,13,8,2,70.0,90.0,130.0,80.0,20.0,330.0,335.0,80.0,0.5950981252348511,0.0003158437320962548,0.0912601426243782,0.006510306149721146,0.013028822839260101
687,sample_000687,samples/sample_000687.npz,9,22,12,24,2,8,13,12,6,20.0,80.0,130.0,120.0,60.0,150.0,175.0,50.0,0.5462186085486792,0.00035762719926424325,0.602978527545929,0.028263214975595474,0.08038578927516937
688,sample_000688,samples/sample_000688.npz,49,56,30,35,4,9,7,5,5,40.0,90.0,70.0,50.0,50.0,520.0,320.0,65.0,0.7147904412452688,0.0001390589604852721,0.17760822176933289,0.006608117371797562,0.01831750012934208
689,sample_000689,samples/sample_000689.npz,11,16,47,55,8,11,5,8,3,80.0,110.0,50.0,80.0,30.0,130.0,505.0,95.0,0.5230594024161972,6.813274376327172e-05,0.04207267612218857,0.002933808835223317,0.005939790513366461
690,sample_000690,samples/sample_000690.npz,45,55,10,21,3,11,10,11,8,30.0,110.0,100.0,110.0,80.0,495.0,150.0,70.0,0.7741724899248938,0.0005940644186921418,0.6864929795265198,0.035066597163677216,0.08762933313846588
691,sample_000691,samples/sample_000691.npz,38,54,18,23,4,8,16,5,4,40.0,80.0,160.0,50.0,40.0,455.0,200.0,60.0,0.48619529018348673,0.00014972149801906198,0.1679501235485077,0.008429517038166523,0.021534724161028862
692,sample_000692,samples/sample_000692.npz,21,36,43,51,4,7,15,8,3,40.0,70.0,150.0,80.0,30.0,280.0,465.0,55.0,0.443020092264929,0.00016945366223808378,0.17828889191150665,0.008812916465103626,0.023160072043538094
693,sample_000693,samples/sample_000693.npz,10,23,24,37,7,13,13,13,6,70.0,130.0,130.0,130.0,60.0,160.0,300.0,100.0,0.9747211266214688,0.0019396634306758642,0.48915404081344604,0.047961268573999405,0.08134165406227112
694,sample_000694,samples/sample_000694.npz,39,47,15,29,8,10,8,14,2,80.0,100.0,80.0,140.0,20.0,425.0,215.0,90.0,0.8867452844329518,0.0003224592364858836,0.11999031901359558,0.009970122948288918,0.018424363806843758
695,sample_000695,samples/sample_000695.npz,23,34,30,39,8,15,11,9,7,80.0,150.0,110.0,90.0,70.0,280.0,340.0,115.0,0.7077526270231702,0.0015945425257086754,0.22154921293258667,0.023505423218011856,0.035840995609760284
696,sample_000696,samples/sample_000696.npz,43,48,44,55,6,12,5,11,6,60.0,120.0,50.0,110.0,60.0,450.0,490.0,90.0,0.537379033513,0.00021601372282020748,0.1289212554693222,0.008655890822410583,0.017736118286848068
697,sample_000697,samples/sample_000697.npz,12,24,25,40,2,4,12,15,2,20.0,40.0,120.0,150.0,20.0,175.0,320.0,30.0,0.6349520843526795,0.00015028593770693988,0.3330356180667877,0.013530817814171314,0.04546034336090088
698,sample_000698,samples/sample_000698.npz,19,34,44,56,3,6,15,12,3,30.0,60.0,150.0,120.0,30.0,260.0,495.0,45.0,0.5128659833886331,0.0002086350868921727,0.3135271668434143,0.015604732558131218,0.04388744756579399
699,sample_000699,samples/sample_000699.npz,18,34,42,51,3,11,16,9,8,30.0,110.0,160.0,90.0,80.0,255.0,460.0,70.0,0.948907291181345,0.0013948959531262517,0.937488317489624,0.05793808028101921,0.13238027691841125
700,sample_000700,samples/sample_000700.npz,13,27,40,48,8,10,14,8,2,80.0,100.0,140.0,80.0,20.0,195.0,435.0,90.0,0.22939794559676746,7.649399776710197e-05,0.031041083857417107,0.0025612148456275463,0.004774080589413643
701,sample_000701,samples/sample_000701.npz,21,29,44,52,6,9,8,8,3,60.0,90.0,80.0,80.0,30.0,245.0,475.0,75.0,0.44351486133000595,0.000107718697108794,0.08113674819469452,0.004427224863320589,0.010146811604499817
702,sample_000702,samples/sample_000702.npz,37,52,38,49,2,10,15,11,8,20.0,100.0,150.0,110.0,80.0,440.0,430.0,60.0,0.8101595266123609,0.0010734304087236524,1.049823522567749,0.05814247950911522,0.1470225602388382
703,sample_000703,samples/sample_000703.npz,40,53,39,44,3,11,13,5,8,30.0,110.0,130.0,50.0,80.0,460.0,410.0,70.0,0.46856007884381445,0.00028207010473124683,0.2699822187423706,0.012871257960796356,0.032100141048431396
704,sample_000704,samples/sample_000704.npz,47,52,35,40,4,12,5,5,8,40.0,120.0,50.0,50.0,80.0,490.0,370.0,80.0,0.4904938753776973,0.00013009928807150573,0.11447753012180328,0.005016460083425045,0.01213518250733614
705,sample_000705,samples/sample_000705.npz,9,24,14,20,2,4,15,6,2,20.0,40.0,150.0,60.0,20.0,160.0,165.0,30.0,0.38898646084360583,2.9534958230215125e-05,0.1505807787179947,0.0041087171994149685,0.016039643436670303
706,sample_000706,samples/sample_000706.npz,47,53,41,51,4,6,6,10,2,40.0,60.0,60.0,100.0,20.0,495.0,455.0,50.0,0.9388518453644126,7.531719893449917e-05,0.18930257856845856,0.006212434731423855,0.019561754539608955
707,sample_000707,samples/sample_000707.npz,24,34,41,53,6,10,10,12,4,60.0,100.0,100.0,120.0,40.0,285.0,465.0,80.0,0.7195062785151767,0.000535672006662935,0.25542935729026794,0.017787840217351913,0.03662266582250595
708,sample_000708,samples/sample_000708.npz,46,50,15,24,6,13,4,9,7,60.0,130.0,40.0,90.0,70.0,475.0,190.0,95.0,0.7854081604015835,0.00027096280246041715,0.14379757642745972,0.009614961221814156,0.019160840660333633
709,sample_000709,samples/sample_000709.npz,42,54,29,34,8,11,12,5,3,80.0,110.0,120.0,50.0,30.0,475.0,310.0,95.0,0.9478367850790304,0.0003209948481526226,0.10476355999708176,0.008391520008444786,0.015521213412284851
710,sample_000710,samples/sample_000710.npz,21,37,13,25,8,11,16,12,3,80.0,110.0,160.0,120.0,30.0,285.0,185.0,95.0,0.9740196351316368,0.0011010580928996205,0.2765173614025116,0.027827993035316467,0.04695693030953407
711,sample_000711,samples/sample_000711.npz,26,41,30,39,3,5,15,9,2,30.0,50.0,150.0,90.0,20.0,330.0,340.0,40.0,0.4169360212155231,0.00014454791380558163,0.1605217009782791,0.006545754615217447,0.020182672888040543
712,sample_000712,samples/sample_000712.npz,32,39,43,51,3,11,7,8,8,30.0,110.0,70.0,80.0,80.0,350.0,465.0,70.0,0.5373812791912248,0.0003210613795090467,0.3096012771129608,0.012781662866473198,0.03321179375052452
713,sample_000713,samples/sample_000713.npz,29,37,31,43,2,6,8,12,4,20.0,60.0,80.0,120.0,40.0,325.0,365.0,40.0,0.6627547295620151,0.0003018706920556724,0.4636428952217102,0.014793816022574902,0.050276581197977066
714,sample_000714,samples/sample_000714.npz,35,48,17,33,2,10,13,16,8,20.0,100.0,130.0,160.0,80.0,410.0,245.0,60.0,0.3489564831877836,0.0007306766347028315,0.502096951007843,0.03187061473727226,0.07606293261051178
715,sample_000715,samples/sample_000715.npz,17,30,29,40,2,8,13,11,6,20.0,80.0,130.0,110.0,60.0,230.0,340.0,50.0,0.7705257989090761,0.0008231998654082417,0.816638171672821,0.037385135889053345,0.10551247000694275
716,sample_000716,samples/sample_000716.npz,41,51,24,37,8,16,10,13,8,80.0,160.0,100.0,130.0,80.0,455.0,300.0,120.0,0.7618692041070769,0.0019256154773756862,0.32126152515411377,0.036573197692632675,0.05473688244819641
717,sample_000717,samples/sample_000717.npz,39,43,25,41,2,7,4,16,5,20.0,70.0,40.0,160.0,50.0,405.0,325.0,45.0,0.847234221891185,0.0003118016174994409,0.45151761174201965,0.015526805073022842,0.04913197085261345
718,sample_000718,samples/sample_000718.npz,26,35,32,39,3,8,9,7,5,30.0,80.0,90.0,70.0,50.0,300.0,350.0,55.0,0.9392299566771183,0.000495201617013663,0.4679781496524811,0.016587115824222565,0.04873357713222504
719,sample_000719,samples/sample_000719.npz,26,37,35,39,2,5,11,4,3,20.0,50.0,110.0,40.0,30.0,310.0,365.0,35.0,0.991752460632525,0.00013773632235825062,0.3602646291255951,0.0077047874219715595,0.0310660433024168
720,sample_000720,samples/sample_000720.npz,31,45,34,46,7,11,14,12,4,70.0,110.0,140.0,120.0,40.0,375.0,395.0,90.0,0.5598010444066082,0.0007572093163616955,0.211880162358284,0.019097838550806046,0.03399430960416794
721,sample_000721,samples/sample_000721.npz,41,51,43,51,5,10,10,8,5,50.0,100.0,100.0,80.0,50.0,455.0,465.0,75.0,0.6377382717180937,0.000275724392849952,0.23801006376743317,0.013142989948391914,0.0303459744900465
722,sample_000722,samples/sample_000722.npz,11,18,23,28,7,11,7,5,4,70.0,110.0,70.0,50.0,40.0,140.0,250.0,90.0,0.4754965438980574,9.682454401627183e-05,0.05088261142373085,0.0032955179922282696,0.006731891073286533
723,sample_000723,samples/sample_000723.npz,13,23,18,30,6,14,10,12,8,60.0,140.0,100.0,120.0,80.0,175.0,235.0,100.0,0.27923364948848955,0.00046247991849668324,0.15159398317337036,0.013030173256993294,0.023203972727060318
724,sample_000724,samples/sample_000724.npz,17,31,8,21,6,9,14,13,3,60.0,90.0,140.0,130.0,30.0,235.0,140.0,75.0,0.514557717565234,0.0003331863263156265,0.192657008767128,0.014471236616373062,0.029965927824378014
725,sample_000725,samples/sample_000725.npz,39,43,44,48,3,8,4,4,5,30.0,80.0,40.0,40.0,50.0,405.0,455.0,55.0,0.2932506738427237,2.1996307623339817e-05,0.05399327725172043,0.0012963473564013839,0.004284179303795099
726,sample_000726,samples/sample_000726.npz,29,41,39,44,6,13,12,5,7,60.0,130.0,120.0,50.0,70.0,345.0,410.0,95.0,0.7374766686711276,0.0006760442047379911,0.20483936369419098,0.01554414164274931,0.028914591297507286
727,sample_000727,samples/sample_000727.npz,30,37,40,47,8,14,7,7,6,80.0,140.0,70.0,70.0,60.0,330.0,430.0,110.0,0.37092334437344743,0.0002657249278854579,0.05778803676366806,0.005230352748185396,0.008679128251969814
728,sample_000728,samples/sample_000728.npz,30,37,42,52,6,10,7,10,4,60.0,100.0,70.0,100.0,40.0,330.0,465.0,80.0,0.3723096655628615,0.00016758021956775337,0.08785869926214218,0.005376990418881178,0.01156013086438179
729,sample_000729,samples/sample_000729.npz,16,27,35,40,7,9,11,5,2,70.0,90.0,110.0,50.0,20.0,210.0,370.0,80.0,0.8498630603219948,0.00015652834554202855,0.0771770253777504,0.004865000490099192,0.010267269797623158
730,sample_000730,samples/sample_000730.npz,36,50,35,48,7,9,14,13,2,70.0,90.0,140.0,130.0,20.0,425.0,410.0,80.0,0.7111567760805151,0.0003825102176051587,0.1630004495382309,0.013365635648369789,0.02584775909781456
731,sample_000731,samples/sample_000731.npz,11,16,37,46,3,9,5,9,6,30.0,90.0,50.0,90.0,60.0,130.0,410.0,60.0,0.9690675144746734,0.0002306900278199464,0.4085735082626343,0.014077775180339813,0.041316572576761246
732,sample_000732,samples/sample_000732.npz,13,17,38,52,4,8,4,14,4,40.0,80.0,40.0,140.0,40.0,145.0,445.0,60.0,0.6181349560285376,0.00011703989002853632,0.16788102686405182,0.007436341606080532,0.019916830584406853
733,sample_000733,samples/sample_000733.npz,43,55,16,25,5,9,12,9,4,50.0,90.0,120.0,90.0,40.0,485.0,200.0,70.0,0.9284607790371397,0.00041061159572564065,0.3666340410709381,0.020936548709869385,0.049022600054740906
734,sample_000734,samples/sample_000734.npz,18,31,10,14,4,7,13,4,3,40.0,70.0,130.0,40.0,30.0,240.0,115.0,55.0,0.5679926404981004,7.221824489533901e-05,0.12352211028337479,0.004819593857973814,0.013872833922505379
735,sample_000735,samples/sample_000735.npz,31,36,16,27,3,7,5,11,4,30.0,70.0,50.0,110.0,40.0,330.0,210.0,50.0,0.6874952191887824,0.00018017084221355617,0.259951114654541,0.008540574461221695,0.026629650965332985
736,sample_000736,samples/sample_000736.npz,11,24,34,49,6,11,13,15,5,60.0,110.0,130.0,150.0,50.0,170.0,410.0,85.0,0.48824554328422476,0.0006705302512273192,0.27644380927085876,0.024011000990867615,0.045129310339689255
737,sample_000737,samples/sample_000737.npz,35,40,8,24,4,7,5,16,3,40.0,70.0,50.0,160.0,30.0,370.0,155.0,55.0,0.38759692470780654,9.115342982113361e-05,0.10987871140241623,0.005117080174386501,0.013762015849351883
738,sample_000738,samples/sample_000738.npz,49,55,22,29,7,9,6,7,2,70.0,90.0,60.0,70.0,20.0,515.0,250.0,80.0,0.9922618527609379,0.00010023556387750432,0.07529474794864655,0.0042005497962236404,0.009466355666518211
739,sample_000739,samples/sample_000739.npz,36,41,41,45,6,11,5,4,5,60.0,110.0,50.0,40.0,50.0,380.0,425.0,85.0,0.6672243888479821,0.00011245615314692259,0.061820048838853836,0.003423087066039443,0.007364845834672451
740,sample_000740,samples/sample_000740.npz,22,32,20,27,3,9,10,7,6,30.0,90.0,100.0,70.0,60.0,265.0,230.0,60.0,0.916980882447175,0.0005272719427011907,0.5331896543502808,0.021220378577709198,0.05844881385564804
741,sample_000741,samples/sample_000741.npz,24,30,40,54,4,12,6,14,8,40.0,120.0,60.0,140.0,80.0,265.0,465.0,80.0,0.8190743671204124,0.0008075936348177493,0.46374377608299255,0.028335094451904297,0.061565570533275604
742,sample_000742,samples/sample_000742.npz,11,24,20,27,5,7,13,7,2,50.0,70.0,130.0,70.0,20.0,170.0,230.0,60.0,0.47952902908173095,8.976650860859081e-05,0.09728067368268967,0.004743467550724745,0.012199142947793007
743,sample_000743,samples/sample_000743.npz,19,34,12,19,4,8,15,7,4,40.0,80.0,150.0,70.0,40.0,260.0,150.0,60.0,0.5860019691360712,0.0002569901116658002,0.260258287191391,0.013350757770240307,0.03389971703290939
744,sample_000744,samples/sample_000744.npz,23,36,37,49,8,15,13,12,7,80.0,150.0,130.0,120.0,70.0,290.0,425.0,115.0,0.35602086098161323,0.0009830612689256668,0.16074782609939575,0.018366485834121704,0.02760198712348938
745,sample_000745,samples/sample_000745.npz,28,36,15,24,6,9,8,9,3,60.0,90.0,80.0,90.0,30.0,315.0,190.0,75.0,0.7490721204183324,0.000277702696621418,0.1493418961763382,0.008521441370248795,0.01906495913863182
746,sample_000746,samples/sample_000746.npz,42,47,19,26,2,10,5,7,8,20.0,100.0,50.0,70.0,80.0,440.0,220.0,60.0,0.7774293857266039,0.00022904430807102472,0.42339417338371277,0.011892370879650116,0.037135154008865356
747,sample_000747,samples/sample_000747.npz,41,52,16,26,4,6,11,10,2,40.0,60.0,110.0,100.0,20.0,460.0,205.0,50.0,0.31583891735888453,5.575337854679674e-05,0.09334462136030197,0.0038750553503632545,0.011208164505660534
748,sample_000748,samples/sample_000748.npz,21,33,33,46,8,12,12,13,4,80.0,120.0,120.0,130.0,40.0,265.0,390.0,100.0,0.948660560729907,0.001377688953652978,0.29293978214263916,0.0293014757335186,0.04827373847365379
749,sample_000749,samples/sample_000749.npz,12,20,17,24,7,15,8,7,8,70.0,150.0,80.0,70.0,80.0,155.0,200.0,110.0,0.7338402756415843,0.0005307930405251682,0.1804061084985733,0.015294860117137432,0.026729164645075798
750,sample_000750,samples/sample_000750.npz,26,33,34,44,3,8,7,10,5,30.0,80.0,70.0,100.0,50.0,290.0,385.0,55.0,0.8242162536378241,0.0004133163602091372,0.4365925192832947,0.016136107966303825,0.04680291935801506
751,sample_000751,samples/sample_000751.npz,15,30,31,37,3,5,15,6,2,30.0,50.0,150.0,60.0,20.0,220.0,335.0,40.0,0.6287837055814998,0.00011123302829219028,0.18934406340122223,0.006558234803378582,0.021393895149230957
752,sample_000752,samples/sample_000752.npz,32,39,42,52,5,8,7,10,3,50.0,80.0,70.0,100.0,30.0,350.0,465.0,65.0,0.7938310901719376,0.00020810225396417081,0.1900855302810669,0.008962857536971569,0.02263478934764862
753,sample_000753,samples/sample_000753.npz,16,22,18,27,2,9,6,9,7,20.0,90.0,60.0,90.0,70.0,185.0,220.0,55.0,0.4427226196891796,0.00015966070350259542,0.3043067455291748,0.009256926365196705,0.02914542891085148
754,sample_000754,samples/sample_000754.npz,21,36,16,24,6,13,15,8,7,60.0,130.0,150.0,80.0,70.0,280.0,195.0,95.0,0.5996963368042991,0.0010004224022850394,0.29138368368148804,0.02510354481637478,0.0449790433049202
755,sample_000755,samples/sample_000755.npz,25,32,40,46,5,8,7,6,3,50.0,80.0,70.0,60.0,30.0,280.0,425.0,65.0,0.7637272287967505,0.00013694207882508636,0.12567079067230225,0.005219943821430206,0.013619141653180122
756,sample_000756,samples/sample_000756.npz,37,46,16,27,5,12,9,11,7,50.0,120.0,90.0,110.0,70.0,410.0,210.0,85.0,0.3216634995503858,0.0003511316899675876,0.16795147955417633,0.011387824080884457,0.02322634868323803
757,sample_000757,samples/sample_000757.npz,16,24,52,56,7,13,8,4,6,70.0,130.0,80.0,40.0,60.0,195.0,535.0,100.0,0.9104342261106211,0.00021506256598513573,0.11453183740377426,0.008083954453468323,0.015944799408316612
758,sample_000758,samples/sample_000758.npz,9,16,15,31,2,6,7,16,4,20.0,60.0,70.0,160.0,40.0,120.0,225.0,40.0,0.7515434845464,0.00019663346756715328,0.522605299949646,0.019159749150276184,0.06275014579296112
759,sample_000759,samples/sample_000759.npz,28,44,21,35,8,14,16,14,6,80.0,140.0,160.0,140.0,60.0,355.0,275.0,110.0,0.9940995475069252,0.003952646162360907,0.5284543633460999,0.06463799625635147,0.09494633227586746
760,sample_000760,samples/sample_000760.npz,9,23,18,24,8,13,14,6,5,80.0,130.0,140.0,60.0,50.0,155.0,205.0,105.0,0.33724461685653195,0.00022329027706291527,0.07133897393941879,0.00667577562853694,0.011430901475250721
761,sample_000761,samples/sample_000761.npz,12,19,18,22,5,12,7,4,7,50.0,120.0,70.0,40.0,70.0,150.0,195.0,85.0,0.9991389798346451,0.0002405728300800547,0.18674719333648682,0.00980358012020588,0.021965274587273598
762,sample_000762,samples/sample_000762.npz,43,51,44,50,7,12,8,6,5,70.0,120.0,80.0,60.0,50.0,465.0,465.0,95.0,0.5363143664405516,0.00016976504412014037,0.08833853155374527,0.006222076714038849,0.012208433821797371
763,sample_000763,samples/sample_000763.npz,15,28,8,15,7,13,13,7,6,70.0,130.0,130.0,70.0,60.0,210.0,110.0,100.0,0.2291078440305226,0.00016697093087714165,0.06983285397291183,0.005857784766703844,0.010828235186636448
764,sample_000764,samples/sample_000764.npz,22,28,40,56,4,12,6,16,8,40.0,120.0,60.0,160.0,80.0,245.0,475.0,80.0,0.4760820397306571,0.0004942114464938641,0.28679749369621277,0.018705900758504868,0.03994031623005867
765,sample_000765,samples/sample_000765.npz,15,21,44,56,8,14,6,12,6,80.0,140.0,60.0,120.0,60.0,175.0,495.0,110.0,0.753509776199252,0.0004679572593886405,0.16063262522220612,0.014830583706498146,0.025561874732375145
766,sample_000766,samples/sample_000766.npz,18,31,34,47,8,10,13,13,2,80.0,100.0,130.0,130.0,20.0,240.0,400.0,90.0,0.8409306219228256,0.0005382653325796127,0.15720315277576447,0.014387235976755619,0.025513747707009315
767,sample_000767,samples/sample_000767.npz,29,38,14,27,6,9,9,13,3,60.0,90.0,90.0,130.0,30.0,330.0,200.0,75.0,0.5330092011632006,0.0003208364360034466,0.14821961522102356,0.009863084182143211,0.020942404866218567
768,sample_000768,samples/sample_000768.npz,11,23,42,49,6,12,12,7,6,60.0,120.0,120.0,70.0,60.0,165.0,450.0,90.0,0.39643754851002133,0.0002611407544463873,0.13668124377727509,0.009845403023064137,0.019546493887901306
769,sample_000769,samples/sample_000769.npz,30,42,29,36,7,11,12,7,4,70.0,110.0,120.0,70.0,40.0,355.0,320.0,90.0,0.31400517967214764,0.00028884195489808917,0.06959055364131927,0.005403751041740179,0.010076628066599369
770,sample_000770,samples/sample_000770.npz,15,24,29,40,4,12,9,11,8,40.0,120.0,90.0,110.0,80.0,190.0,340.0,80.0,0.22518270400792872,0.00030312934541143477,0.15219296514987946,0.009266229346394539,0.02009100466966629
771,sample_000771,samples/sample_000771.npz,47,56,12,20,2,6,9,8,4,20.0,60.0,90.0,80.0,40.0,510.0,155.0,40.0,0.2685217637472205,3.780893894145265e-05,0.1675931066274643,0.004368456080555916,0.016283199191093445
772,sample_000772,samples/sample_000772.npz,30,42,20,31,3,5,12,11,2,30.0,50.0,120.0,110.0,20.0,355.0,250.0,40.0,0.2464567914489879,6.655305332969874e-05,0.09747767448425293,0.003776476951315999,0.011895430274307728
773,sample_000773,samples/sample_000773.npz,37,44,30,43,7,11,7,13,4,70.0,110.0,70.0,130.0,40.0,400.0,360.0,90.0,0.3024024095513668,0.00022693476057611406,0.07056435942649841,0.005598001182079315,0.010433073155581951
774,sample_000774,samples/sample_000774.npz,43,48,43,49,5,11,5,6,6,50.0,110.0,50.0,60.0,60.0,450.0,455.0,80.0,0.9811483314456215,0.00021096169075462967,0.18353918194770813,0.00901337806135416,0.02099674940109253
775,sample_000775,samples/sample_000775.npz,36,52,30,35,6,14,16,5,8,60.0,140.0,160.0,50.0,80.0,435.0,320.0,100.0,0.32970629012970487,0.0004797982983291149,0.11726296693086624,0.010374866425991058,0.018084516748785973
776,sample_000776,samples/sample_000776.npz,14,27,34,48,4,7,13,14,3,40.0,70.0,130.0,140.0,30.0,200.0,405.0,55.0,0.5883193049142594,0.0003292998007964343,0.30618149042129517,0.017780162394046783,0.04413611441850662
777,sample_000777,samples/sample_000777.npz,42,48,38,48,8,10,6,10,2,80.0,100.0,60.0,100.0,20.0,445.0,425.0,90.0,0.5416093625676883,9.628406405681744e-05,0.04492812231183052,0.003243529237806797,0.006328650284558535
778,sample_000778,samples/sample_000778.npz,19,34,39,51,3,8,15,12,5,30.0,80.0,150.0,120.0,50.0,260.0,445.0,55.0,0.6554467734138336,0.0006363121210597456,0.5747588276863098,0.032676227390766144,0.08230677247047424
779,sample_000779,samples/sample_000779.npz,11,27,32,46,7,14,16,14,7,70.0,140.0,160.0,140.0,70.0,185.0,385.0,105.0,0.42504932626724656,0.0012877233093604445,0.2851039171218872,0.03198501095175743,0.050562500953674316
780,sample_000780,samples/sample_000780.npz,29,33,39,44,7,14,4,5,7,70.0,140.0,40.0,50.0,70.0,305.0,410.0,105.0,0.6748241563187967,0.00023897798382677138,0.060446638613939285,0.004621683154255152,0.0082091661170125
781,sample_000781,samples/sample_000781.npz,25,32,48,53,8,15,7,5,7,80.0,150.0,70.0,50.0,70.0,280.0,500.0,115.0,0.9170940521775226,0.00042823608964681625,0.11442387104034424,0.010299473069608212,0.017328141257166862
782,sample_000782,samples/sample_000782.npz,28,44,40,49,7,14,16,9,7,70.0,140.0,160.0,90.0,70.0,355.0,440.0,105.0,0.6420899454401168,0.0013715839013457298,0.30573368072509766,0.031284231692552567,0.05089205130934715
783,sample_000783,samples/sample_000783.npz,18,34,27,37,5,12,16,10,7,50.0,120.0,160.0,100.0,70.0,255.0,315.0,85.0,0.29183923663434536,0.0008061247644945979,0.20662368834018707,0.01692058891057968,0.03188186138868332
784,sample_000784,samples/sample_000784.npz,29,43,9,24,4,8,14,15,4,40.0,80.0,140.0,150.0,40.0,355.0,160.0,60.0,0.39941817118454487,0.0003795055381488055,0.2751215696334839,0.01822814717888832,0.042195312678813934
785,sample_000785,samples/sample_000785.npz,28,35,23,33,4,7,7,10,3,40.0,70.0,70.0,100.0,30.0,310.0,275.0,55.0,0.6136927817921671,0.00021984630438964814,0.18559017777442932,0.007222948595881462,0.020413724705576897
786,sample_000786,samples/sample_000786.npz,47,55,15,29,3,9,8,14,6,30.0,90.0,80.0,140.0,60.0,505.0,215.0,60.0,0.23017956042012902,0.00013325322652235627,0.17277714610099792,0.00829158816486597,0.02189897559583187
787,sample_000787,samples/sample_000787.npz,23,31,20,34,6,13,8,14,7,60.0,130.0,80.0,140.0,70.0,265.0,265.0,95.0,0.821874410077412,0.0015434612287208438,0.38377276062965393,0.03246655315160751,0.05794447287917137
788,sample_000788,samples/sample_000788.npz,15,26,15,29,2,7,11,14,5,20.0,70.0,110.0,140.0,50.0,200.0,215.0,45.0,0.6434816574962512,0.000403617654228583,0.6303895115852356,0.02816755324602127,0.08288926631212234
789,sample_000789,samples/sample_000789.npz,24,33,35,46,6,10,9,11,4,60.0,100.0,90.0,110.0,40.0,280.0,400.0,80.0,0.5656464877128407,0.00042585041956044734,0.17419277131557465,0.011710373684763908,0.024144094437360764
790,sample_000790,samples/sample_000790.npz,39,52,26,42,4,9,13,16,5,40.0,90.0,130.0,160.0,50.0,450.0,335.0,65.0,0.6139119474717903,0.0008797187474556267,0.4889063835144043,0.03441619873046875,0.07580626755952835
791,sample_000791,samples/sample_000791.npz,11,24,26,33,7,11,13,7,4,70.0,110.0,130.0,70.0,40.0,170.0,290.0,90.0,0.2975324681415827,0.00019374270050320774,0.0694279745221138,0.005431002471596003,0.010297075845301151
792,sample_000792,samples/sample_000792.npz,27,34,15,30,4,6,7,15,2,40.0,60.0,70.0,150.0,20.0,300.0,220.0,50.0,0.8739898589377948,0.00022826831263955683,0.23253275454044342,0.010366994887590408,0.028922908008098602
793,sample_000793,samples/sample_000793.npz,37,43,33,43,6,14,6,10,8,60.0,140.0,60.0,100.0,80.0,395.0,375.0,100.0,0.37880675544033227,0.00039914133958518505,0.11723941564559937,0.009006489999592304,0.016348978504538536
794,sample_000794,samples/sample_000794.npz,44,53,37,50,5,8,9,13,3,50.0,80.0,90.0,130.0,30.0,480.0,430.0,65.0,0.7164767838166379,0.00024307325656991452,0.24037018418312073,0.013348913751542568,0.03226073086261749
795,sample_000795,samples/sample_000795.npz,36,52,43,56,2,10,16,13,8,20.0,100.0,160.0,130.0,80.0,435.0,490.0,60.0,0.7681634194362383,0.0010976248886436224,1.105273962020874,0.06856983155012131,0.16799505054950714
796,sample_000796,samples/sample_000796.npz,10,25,9,25,4,7,15,16,3,40.0,70.0,150.0,160.0,30.0,170.0,165.0,55.0,0.3239403502110828,0.00018561023171059787,0.1898256540298462,0.012703955173492432,0.030248818919062614
797,sample_000797,samples/sample_000797.npz,35,40,19,33,2,7,5,14,5,20.0,70.0,50.0,140.0,50.0,370.0,255.0,45.0,0.25452309713968735,9.875802061287686e-05,0.15476343035697937,0.005106204655021429,0.01653123088181019
798,sample_000798,samples/sample_000798.npz,24,29,35,44,8,15,5,9,7,80.0,150.0,50.0,90.0,70.0,260.0,390.0,115.0,0.8089863870005485,0.000656838936265558,0.1257968693971634,0.012129539623856544,0.019258223474025726
799,sample_000799,samples/sample_000799.npz,25,40,36,48,5,13,15,12,8,50.0,130.0,150.0,120.0,80.0,320.0,415.0,90.0,0.20791135295818491,0.0006613853620365262,0.17376333475112915,0.015204756520688534,0.027644610032439232
800,sample_000800,samples/sample_000800.npz,33,46,23,35,3,6,13,12,3,30.0,60.0,130.0,120.0,30.0,390.0,285.0,45.0,0.2456081229247923,0.00013199259410612285,0.14275318384170532,0.006585355848073959,0.01883251778781414
801,sample_000801,samples/sample_000801.npz,31,35,36,42,4,6,4,6,2,40.0,60.0,40.0,60.0,20.0,325.0,385.0,50.0,0.8897893272377273,5.8280980738345534e-05,0.09355718642473221,0.0024205727968364954,0.00802717637270689
802,sample_000802,samples/sample_000802.npz,19,33,19,30,7,15,14,11,8,70.0,150.0,140.0,110.0,80.0,255.0,240.0,110.0,0.9508857626515719,0.002874996978789568,0.5281931161880493,0.05639897659420967,0.08816896378993988
803,sample_000803,samples/sample_000803.npz,17,32,32,38,4,7,15,6,3,40.0,70.0,150.0,60.0,30.0,240.0,345.0,55.0,0.2725273051990533,0.00010275444947183132,0.08840179443359375,0.004110395442694426,0.010925541631877422
804,sample_000804,samples/sample_000804.npz,29,45,33,47,7,14,16,14,7,70.0,140.0,160.0,140.0,70.0,365.0,395.0,105.0,0.8844410681965011,0.003330955747514963,0.5932431817054749,0.067605160176754,0.10468826442956924
805,sample_000805,samples/sample_000805.npz,40,54,32,41,8,15,14,9,7,80.0,150.0,140.0,90.0,70.0,465.0,360.0,115.0,0.7275265101791379,0.00134694401640445,0.27366507053375244,0.029824815690517426,0.0463181734085083
806,sample_000806,samples/sample_000806.npz,28,32,26,37,4,6,4,11,2,40.0,60.0,40.0,110.0,20.0,295.0,310.0,50.0,0.6096422455765143,8.968588372226804e-05,0.09182204306125641,0.003046236000955105,0.009341169148683548
807,sample_000807,samples/sample_000807.npz,18,33,10,22,3,7,15,12,4,30.0,70.0,150.0,120.0,40.0,250.0,155.0,50.0,0.433048630005721,0.0002707017119973898,0.3268949091434479,0.017394252121448517,0.04629021883010864
808,sample_000808,samples/sample_000808.npz,41,51,32,40,5,9,10,8,4,50.0,90.0,100.0,80.0,40.0,455.0,355.0,70.0,0.9234045075940904,0.000404300750233233,0.29977095127105713,0.015703851357102394,0.03723734989762306
809,sample_000809,samples/sample_000809.npz,25,38,47,53,2,9,13,6,7,20.0,90.0,130.0,60.0,70.0,310.0,495.0,55.0,0.6467563580665783,0.0003630457504186779,0.5196669101715088,0.019401133060455322,0.057409174740314484
810,sample_000810,samples/sample_000810.npz,28,41,27,37,7,14,13,10,7,70.0,140.0,130.0,100.0,70.0,340.0,315.0,105.0,0.6298409543044314,0.0019424784695729613,0.2855803668498993,0.028236476704478264,0.04570896178483963
811,sample_000811,samples/sample_000811.npz,9,22,43,53,5,7,13,10,2,50.0,70.0,130.0,100.0,20.0,150.0,475.0,60.0,0.984205069931291,0.0002032635238720104,0.2585669457912445,0.01365305669605732,0.03463214263319969
812,sample_000812,samples/sample_000812.npz,22,29,27,34,2,7,7,7,5,20.0,70.0,70.0,70.0,50.0,250.0,300.0,45.0,0.6399675614159568,0.00019331563089508563,0.36424461007118225,0.008999903686344624,0.03221793472766876
813,sample_000813,samples/sample_000813.npz,35,39,15,29,4,7,4,14,3,40.0,70.0,40.0,140.0,30.0,365.0,215.0,55.0,0.36301710657315733,7.343919423874468e-05,0.08143685013055801,0.0033957900013774633,0.00937727466225624
814,sample_000814,samples/sample_000814.npz,34,38,30,45,3,8,4,15,5,30.0,80.0,40.0,150.0,50.0,355.0,370.0,55.0,0.3585183930159592,0.00015527695359196514,0.14463704824447632,0.006016586907207966,0.01665009744465351
815,sample_000815,samples/sample_000815.npz,12,22,34,49,3,10,10,15,7,30.0,100.0,100.0,150.0,70.0,165.0,410.0,65.0,0.6973370841455098,0.000779932364821434,0.6731511354446411,0.03915334865450859,0.09382028877735138
816,sample_000816,samples/sample_000816.npz,29,45,11,24,3,7,16,13,4,30.0,70.0,160.0,130.0,40.0,365.0,170.0,50.0,0.5395951384955013,0.00042673881398513913,0.4312879145145416,0.025136495009064674,0.0644741877913475
817,sample_000817,samples/sample_000817.npz,50,55,8,16,6,10,5,8,4,60.0,100.0,50.0,80.0,40.0,520.0,115.0,80.0,0.32174927645924156,4.3886135244974867e-05,0.04780127853155136,0.0024971882812678814,0.0059383404441177845
818,sample_000818,samples/sample_000818.npz,20,29,24,39,4,9,9,15,5,40.0,90.0,90.0,150.0,50.0,240.0,310.0,65.0,0.60578727663395,0.0007245559827424586,0.3734920024871826,0.0222748015075922,0.05166903883218765
819,sample_000819,samples/sample_000819.npz,31,38,28,35,4,11,7,7,7,40.0,110.0,70.0,70.0,70.0,340.0,310.0,75.0,0.6556601256157557,0.0005426779389381409,0.2520390748977661,0.011998206377029419,0.0284049604088068
820,sample_000820,samples/sample_000820.npz,37,41,22,27,4,10,4,5,6,40.0,100.0,40.0,50.0,60.0,385.0,240.0,70.0,0.20554319402380408,3.792121060541831e-05,0.0352865532040596,0.0013241337146610022,0.003459465689957142
821,sample_000821,samples/sample_000821.npz,26,31,41,53,3,5,5,12,2,30.0,50.0,50.0,120.0,20.0,280.0,465.0,40.0,0.9633843569407692,8.971456554718316e-05,0.2362510710954666,0.0066557084210217,0.023542655631899834
822,sample_000822,samples/sample_000822.npz,37,53,21,28,2,7,16,7,5,20.0,70.0,160.0,70.0,50.0,445.0,240.0,45.0,0.3964306842011639,0.00018571256077848375,0.31541916728019714,0.01261882670223713,0.038467228412628174
823,sample_000823,samples/sample_000823.npz,46,52,15,27,8,13,6,12,5,80.0,130.0,60.0,120.0,50.0,485.0,205.0,105.0,0.7523554527281304,0.0004136144707445055,0.1426597535610199,0.01272792462259531,0.022227006033062935
824,sample_000824,samples/sample_000824.npz,27,32,13,27,6,13,5,14,7,60.0,130.0,50.0,140.0,70.0,290.0,195.0,95.0,0.61632496482893,0.000617599580436945,0.18888312578201294,0.015056431293487549,0.027702555060386658
825,sample_000825,samples/sample_000825.npz,40,54,29,35,8,14,14,6,6,80.0,140.0,140.0,60.0,60.0,465.0,315.0,110.0,0.9665410155168954,0.0011032276088371873,0.23027637600898743,0.02302645891904831,0.03731365501880646
826,sample_000826,samples/sample_000826.npz,15,25,12,27,3,10,10,15,7,30.0,100.0,100.0,150.0,70.0,195.0,190.0,65.0,0.30810055895362,0.0003462892782408744,0.2974146008491516,0.01732376590371132,0.041443996131420135
827,sample_000827,samples/sample_000827.npz,51,55,24,32,7,10,4,8,3,70.0,100.0,40.0,80.0,30.0,525.0,275.0,85.0,0.24520678312898925,3.0811293981969357e-05,0.01963146962225437,0.0011640276061370969,0.0025225626304745674
828,sample_000828,samples/sample_000828.npz,31,40,30,43,8,13,9,13,5,80.0,130.0,90.0,130.0,50.0,350.0,360.0,105.0,0.6249895857699019,0.0010281598661094904,0.17931897938251495,0.017958365380764008,0.028947433456778526
829,sample_000829,samples/sample_000829.npz,47,54,32,37,5,8,7,5,3,50.0,80.0,70.0,50.0,30.0,500.0,340.0,65.0,0.24361318371169294,2.9051247111056e-05,0.0341174453496933,0.0013617750955745578,0.0036582602187991142
830,sample_000830,samples/sample_000830.npz,38,44,27,36,5,9,6,9,4,50.0,90.0,60.0,90.0,40.0,405.0,310.0,70.0,0.471146006787809,0.00018221838399767876,0.1127396896481514,0.00546764163300395,0.013179659843444824
831,sample_000831,samples/sample_000831.npz,15,29,10,15,6,9,14,5,3,60.0,90.0,140.0,50.0,30.0,215.0,120.0,75.0,0.9024406168026535,0.00020008614228572696,0.15945416688919067,0.009674984961748123,0.021740715950727463
832,sample_000832,samples/sample_000832.npz,18,23,33,37,5,9,5,4,4,50.0,90.0,50.0,40.0,40.0,200.0,345.0,70.0,0.20206290796128867,2.460100040480029e-05,0.021192770451307297,0.0008649897063151002,0.0022037916351109743
833,sample_000833,samples/sample_000833.npz,32,40,31,43,6,8,8,12,2,60.0,80.0,80.0,120.0,20.0,355.0,365.0,70.0,0.4683268118301402,0.00016688724281266332,0.08287335932254791,0.004841736517846584,0.01091519184410572
834,sample_000834,samples/sample_000834.npz,28,43,20,26,5,10,15,6,5,50.0,100.0,150.0,60.0,50.0,350.0,225.0,75.0,0.4163028699796832,0.00032908274442888796,0.15492574870586395,0.009917156770825386,0.021284621208906174
835,sample_000835,samples/sample_000835.npz,36,49,28,41,7,14,13,13,7,70.0,140.0,130.0,130.0,70.0,420.0,340.0,105.0,0.6597694970481107,0.0018490272341296077,0.36436715722084045,0.03796122223138809,0.06106279045343399
836,sample_000836,samples/sample_000836.npz,41,53,8,15,4,9,12,7,5,40.0,90.0,120.0,70.0,50.0,465.0,110.0,65.0,0.9467465359947937,0.0003135268634650856,0.43743863701820374,0.020666861906647682,0.05384429544210434
837,sample_000837,samples/sample_000837.npz,10,16,38,49,5,10,6,11,5,50.0,100.0,60.0,110.0,50.0,125.0,430.0,75.0,0.28062282284395385,9.538425365462899e-05,0.08789762854576111,0.004730345215648413,0.011092055588960648
838,sample_000838,samples/sample_000838.npz,18,24,24,31,5,7,6,7,2,50.0,70.0,60.0,70.0,20.0,205.0,270.0,60.0,0.8393704937790987,9.020446304930374e-05,0.10284700244665146,0.0038736555725336075,0.01073935441672802
839,sample_000839,samples/sample_000839.npz,21,34,19,34,8,15,13,15,7,80.0,150.0,130.0,150.0,70.0,270.0,260.0,115.0,0.2603060565117746,0.0010205124272033572,0.1382817029953003,0.016933884471654892,0.02457340620458126
840,sample_000840,samples/sample_000840.npz,43,55,29,42,5,7,12,13,2,50.0,70.0,120.0,130.0,20.0,485.0,350.0,60.0,0.9913513756057273,0.0003358379763085395,0.2902098596096039,0.016751065850257874,0.040701497346162796
841,sample_000841,samples/sample_000841.npz,40,56,14,22,2,6,16,8,4,20.0,60.0,160.0,80.0,40.0,475.0,175.0,40.0,0.37520529345546594,0.00010943751112790778,0.2836211323738098,0.010947889648377895,0.035130612552165985
842,sample_000842,samples/sample_000842.npz,30,40,18,28,3,5,10,10,2,30.0,50.0,100.0,100.0,20.0,345.0,225.0,40.0,0.6430621334443736,0.00012419713311828673,0.2272016853094101,0.007456691469997168,0.02491316758096218
843,sample_000843,samples/sample_000843.npz,42,51,38,48,7,10,9,10,3,70.0,100.0,90.0,100.0,30.0,460.0,425.0,85.0,0.6444002540239926,0.00023389776470139623,0.12530653178691864,0.008768522180616856,0.017748652026057243
844,sample_000844,samples/sample_000844.npz,13,24,37,53,2,4,11,16,2,20.0,40.0,110.0,160.0,20.0,180.0,445.0,30.0,0.6122217548647133,0.00010196324001299217,0.31585896015167236,0.012693765573203564,0.04295453801751137
845,sample_000845,samples/sample_000845.npz,18,30,12,24,6,13,12,12,7,60.0,130.0,120.0,120.0,70.0,235.0,175.0,95.0,0.2732774716321024,0.0004540384979918599,0.1576995998620987,0.013572542928159237,0.02458762191236019
846,sample_000846,samples/sample_000846.npz,45,50,49,54,8,14,5,5,6,80.0,140.0,50.0,50.0,60.0,470.0,510.0,110.0,0.8000054664784522,0.0001589679450262338,0.06694241613149643,0.0054021053947508335,0.00985697377473116
847,sample_000847,samples/sample_000847.npz,8,19,34,49,8,13,11,15,5,80.0,130.0,110.0,150.0,50.0,130.0,410.0,105.0,0.4341219710943576,0.0005464857094921172,0.16213025152683258,0.01670539192855358,0.0279084499925375
848,sample_000848,samples/sample_000848.npz,14,19,8,13,5,13,5,5,8,50.0,130.0,50.0,50.0,80.0,160.0,100.0,90.0,0.9327707840459223,0.0001931557635543868,0.16881047189235687,0.008878537453711033,0.02008180320262909
849,sample_000849,samples/sample_000849.npz,9,23,20,33,6,11,14,13,5,60.0,110.0,140.0,130.0,50.0,155.0,260.0,85.0,0.6497918233281481,0.0008841717499308288,0.353802353143692,0.02982638217508793,0.056641627103090286
850,sample_000850,samples/sample_000850.npz,38,43,39,45,2,5,5,6,3,20.0,50.0,50.0,60.0,30.0,400.0,415.0,35.0,0.7408868250907474,4.5957691327203065e-05,0.24278178811073303,0.003905715188011527,0.01743895187973976
851,sample_000851,samples/sample_000851.npz,44,48,13,21,2,9,4,8,7,20.0,90.0,40.0,80.0,70.0,455.0,165.0,55.0,0.6441402151811921,0.00011465470743132755,0.30962562561035156,0.007902895100414753,0.026272833347320557
852,sample_000852,samples/sample_000852.npz,39,48,9,13,6,12,9,4,6,60.0,120.0,90.0,40.0,60.0,430.0,105.0,90.0,0.4484542584088386,0.0001121633977163583,0.07570324093103409,0.004669662564992905,0.00991321261972189
853,sample_000853,samples/sample_000853.npz,22,36,45,55,6,12,14,10,6,60.0,120.0,140.0,100.0,60.0,285.0,495.0,90.0,0.9158932679154612,0.001206383341923356,0.4671880304813385,0.0380387045443058,0.07212312519550323
854,sample_000854,samples/sample_000854.npz,36,48,12,27,5,11,12,15,6,50.0,110.0,120.0,150.0,60.0,415.0,190.0,80.0,0.8614795680222909,0.0012929582735523582,0.609707236289978,0.04786118119955063,0.0950685665011406
855,sample_000855,samples/sample_000855.npz,34,48,32,37,2,7,14,5,5,20.0,70.0,140.0,50.0,50.0,405.0,340.0,45.0,0.49864983192062406,0.0001923509844345972,0.30320531129837036,0.009992459788918495,0.03239041194319725
856,sample_000856,samples/sample_000856.npz,8,22,36,50,7,13,14,14,6,70.0,130.0,140.0,140.0,60.0,145.0,425.0,100.0,0.9639892290892973,0.001663919072598219,0.5374646186828613,0.05391553044319153,0.09217431396245956
857,sample_000857,samples/sample_000857.npz,17,33,39,44,8,14,16,5,6,80.0,140.0,160.0,50.0,60.0,245.0,410.0,110.0,0.6369491029339129,0.0006834834348410368,0.13925355672836304,0.01463718805462122,0.023034434765577316
858,sample_000858,samples/sample_000858.npz,36,46,49,56,3,9,10,7,6,30.0,90.0,100.0,70.0,60.0,405.0,520.0,60.0,0.37112925616492903,0.00013126066187396646,0.21579760313034058,0.008323326706886292,0.023733513429760933
859,sample_000859,samples/sample_000859.npz,39,52,51,56,6,13,13,5,7,60.0,130.0,130.0,50.0,70.0,450.0,530.0,95.0,0.6925826987346471,0.0003618916089180857,0.2023116797208786,0.014798952266573906,0.029522143304347992
860,sample_000860,samples/sample_000860.npz,15,31,21,36,2,5,16,15,3,20.0,50.0,160.0,150.0,30.0,225.0,280.0,35.0,0.3977659218144628,0.00024162069894373417,0.3135695159435272,0.01679680310189724,0.04870918393135071
861,sample_000861,samples/sample_000861.npz,19,23,19,34,3,5,4,15,2,30.0,50.0,40.0,150.0,20.0,205.0,260.0,40.0,0.8105009507743453,8.148151391651481e-05,0.17835892736911774,0.00562449311837554,0.01892906054854393
862,sample_000862,samples/sample_000862.npz,20,26,14,30,3,6,6,16,3,30.0,60.0,60.0,160.0,30.0,225.0,215.0,45.0,0.4634578840201816,0.00011728460958693177,0.19210119545459747,0.0076063247397542,0.022909054532647133
863,sample_000863,samples/sample_000863.npz,13,20,43,51,7,15,7,8,8,70.0,150.0,70.0,80.0,80.0,160.0,465.0,110.0,0.30839614963243334,0.00020623883756343275,0.0758156105875969,0.006366504821926355,0.011258530430495739
864,sample_000864,samples/sample_000864.npz,35,49,9,23,8,16,14,14,8,80.0,160.0,140.0,140.0,80.0,415.0,155.0,120.0,0.33037472608047314,0.000951405381783843,0.1920829564332962,0.023358428850769997,0.0348384827375412
865,sample_000865,samples/sample_000865.npz,39,55,44,56,6,13,16,12,7,60.0,130.0,160.0,120.0,70.0,465.0,495.0,95.0,0.9147554662050614,0.0015061821322888136,0.6336196660995483,0.05842044949531555,0.10649370402097702
866,sample_000866,samples/sample_000866.npz,19,35,11,25,2,10,16,14,8,20.0,100.0,160.0,140.0,80.0,265.0,175.0,60.0,0.7315906911879995,0.0015116026625037193,1.089059829711914,0.07150671631097794,0.1692275106906891
867,sample_000867,samples/sample_000867.npz,27,41,34,40,8,16,14,6,8,80.0,160.0,140.0,60.0,80.0,335.0,365.0,120.0,0.5498405164575504,0.0012034985702484846,0.15544268488883972,0.01744825392961502,0.025644585490226746
868,sample_000868,samples/sample_000868.npz,35,51,41,50,3,10,16,9,7,30.0,100.0,160.0,90.0,70.0,425.0,450.0,65.0,0.7772955884891037,0.0008378689526580274,0.7180013656616211,0.04194626957178116,0.10020730644464493
869,sample_000869,samples/sample_000869.npz,12,18,25,41,6,8,6,16,2,60.0,80.0,60.0,160.0,20.0,145.0,325.0,70.0,0.5662102160407441,0.00014536399976350367,0.09167848527431488,0.005729935597628355,0.012818312272429466
870,sample_000870,samples/sample_000870.npz,26,40,18,34,8,14,14,16,6,80.0,140.0,140.0,160.0,60.0,325.0,255.0,110.0,0.2775814730231587,0.0011364957317709923,0.14755980670452118,0.01803707890212536,0.02651803568005562
871,sample_000871,samples/sample_000871.npz,37,49,25,38,5,10,12,13,5,50.0,100.0,120.0,130.0,50.0,425.0,310.0,75.0,0.6668171053906173,0.0009337210794910789,0.38824447989463806,0.02745097689330578,0.057200025767087936
872,sample_000872,samples/sample_000872.npz,35,44,26,37,8,16,9,11,8,80.0,160.0,90.0,110.0,80.0,390.0,310.0,120.0,0.2027574015716418,0.0005018279189243913,0.0685122087597847,0.007559943478554487,0.011238256469368935
873,sample_000873,samples/sample_000873.npz,20,35,22,36,7,13,15,14,6,70.0,130.0,150.0,140.0,60.0,270.0,285.0,100.0,0.4827610411692571,0.0016743427840992808,0.2812201678752899,0.030253799632191658,0.048399265855550766
874,sample_000874,samples/sample_000874.npz,27,38,25,41,7,13,11,16,6,70.0,130.0,110.0,160.0,60.0,320.0,325.0,100.0,0.4233451623135978,0.0015144429635256529,0.2154138684272766,0.022305928170681,0.03610081970691681
875,sample_000875,samples/sample_000875.npz,23,27,9,22,5,8,4,13,3,50.0,80.0,40.0,130.0,30.0,245.0,150.0,65.0,0.28759883144777043,4.8784389946376905e-05,0.04937566816806793,0.002394670620560646,0.006011063698679209
876,sample_000876,samples/sample_000876.npz,29,40,14,22,7,11,11,8,4,70.0,110.0,110.0,80.0,40.0,340.0,175.0,90.0,0.4100880371348381,0.0002616041456349194,0.09590540081262589,0.007258190307766199,0.013878009282052517
877,sample_000877,samples/sample_000877.npz,35,40,13,28,5,13,5,15,8,50.0,130.0,50.0,150.0,80.0,370.0,200.0,90.0,0.20512106415608786,0.00022327674378175288,0.08387801796197891,0.0062168920412659645,0.012015774846076965
878,sample_000878,samples/sample_000878.npz,44,52,51,56,2,8,8,5,6,20.0,80.0,80.0,50.0,60.0,475.0,530.0,50.0,0.36062493602872386,4.9905058403965086e-05,0.19221097230911255,0.004707464016973972,0.016750741750001907
879,sample_000879,samples/sample_000879.npz,26,40,21,36,2,4,14,15,2,20.0,40.0,140.0,150.0,20.0,325.0,280.0,30.0,0.8811692009680876,0.000353142007952556,0.48179617524147034,0.022037627175450325,0.07035688310861588
880,sample_000880,samples/sample_000880.npz,19,30,10,25,6,13,11,15,7,60.0,130.0,110.0,150.0,70.0,240.0,170.0,95.0,0.5630450748041451,0.0010729405330494046,0.3512781858444214,0.03197712451219559,0.05693851783871651
881,sample_000881,samples/sample_000881.npz,8,16,14,21,5,13,8,7,8,50.0,130.0,80.0,70.0,80.0,115.0,170.0,90.0,0.7892529313481693,0.0003911598469130695,0.2861475348472595,0.017018631100654602,0.0367906279861927
882,sample_000882,samples/sample_000882.npz,48,52,15,21,6,8,4,6,2,60.0,80.0,40.0,60.0,20.0,495.0,175.0,70.0,0.6695469272963848,2.983818376378622e-05,0.03934745863080025,0.0016666107112541795,0.004295892082154751
883,sample_000883,samples/sample_000883.npz,20,28,23,39,2,10,8,16,8,20.0,100.0,80.0,160.0,80.0,235.0,305.0,60.0,0.831446686643954,0.0013449480757117271,0.9213745594024658,0.04697545990347862,0.1202516108751297
884,sample_000884,samples/sample_000884.npz,33,42,25,36,7,10,9,11,3,70.0,100.0,90.0,110.0,30.0,370.0,300.0,85.0,0.8309609271591929,0.0005873006884939969,0.17279931902885437,0.012787946499884129,0.02480839006602764
885,sample_000885,samples/sample_000885.npz,24,31,14,23,6,12,7,9,6,60.0,120.0,70.0,90.0,60.0,270.0,180.0,90.0,0.7365196202102029,0.00048498084652237594,0.20565365254878998,0.014013384468853474,0.02783713862299919
886,sample_000886,samples/sample_000886.npz,11,17,20,34,3,9,6,14,6,30.0,90.0,60.0,140.0,60.0,135.0,265.0,60.0,0.847318051094075,0.0004290719225537032,0.5155795216560364,0.023085100576281548,0.06185346096754074
887,sample_000887,samples/sample_000887.npz,31,41,24,35,3,11,10,11,8,30.0,110.0,100.0,110.0,80.0,355.0,290.0,70.0,0.7836249568452158,0.0013854029821231961,0.6948748826980591,0.037203527987003326,0.08811766654253006
888,sample_000888,samples/sample_000888.npz,34,50,42,56,2,10,16,14,8,20.0,100.0,160.0,140.0,80.0,415.0,485.0,60.0,0.36584377232758636,0.0006023296737112105,0.5446019768714905,0.03531593456864357,0.08478152006864548
889,sample_000889,samples/sample_000889.npz,36,46,22,34,8,16,10,12,8,80.0,160.0,100.0,120.0,80.0,405.0,275.0,120.0,0.8802924380629988,0.0022646787110716105,0.34979701042175293,0.039571378380060196,0.058517199009656906
890,sample_000890,samples/sample_000890.npz,16,26,24,33,5,12,10,9,7,50.0,120.0,100.0,90.0,70.0,205.0,280.0,85.0,0.7473973598736983,0.0008684335625730455,0.3664710223674774,0.0241960808634758,0.049479544162750244
891,sample_000891,samples/sample_000891.npz,41,51,32,46,7,14,10,14,7,70.0,140.0,100.0,140.0,70.0,455.0,385.0,105.0,0.6593654865379621,0.0012020134599879384,0.3151194453239441,0.030975516885519028,0.05150841176509857
892,sample_000892,samples/sample_000892.npz,21,30,31,37,7,11,9,6,4,70.0,110.0,90.0,60.0,40.0,250.0,335.0,90.0,0.9433901782515008,0.00048424789565615356,0.14746317267417908,0.010414596647024155,0.020089956000447273
893,sample_000893,samples/sample_000893.npz,42,50,25,31,3,6,8,6,3,30.0,60.0,80.0,60.0,30.0,455.0,275.0,45.0,0.20231299872838335,2.5801902665989473e-05,0.0637083649635315,0.0016582824755460024,0.005779325030744076
894,sample_000894,samples/sample_000894.npz,22,35,8,23,7,9,13,15,2,70.0,90.0,130.0,150.0,20.0,280.0,150.0,80.0,0.7883134562367515,0.0004507018020376563,0.18780042231082916,0.01571337878704071,0.03042750246822834
895,sample_000895,samples/sample_000895.npz,27,40,12,26,4,8,13,14,4,40.0,80.0,130.0,140.0,40.0,330.0,185.0,60.0,0.9542290726522507,0.0009134995052590966,0.6144641637802124,0.03800791874527931,0.0897865816950798
896,sample_000896,samples/sample_000896.npz,16,27,12,20,8,14,11,8,6,80.0,140.0,110.0,80.0,60.0,210.0,155.0,110.0,0.42852718082060753,0.0003763339191209525,0.11058105528354645,0.01053484808653593,0.017635904252529144
897,sample_000897,samples/sample_000897.npz,12,27,41,51,7,12,15,10,5,70.0,120.0,150.0,100.0,50.0,190.0,455.0,95.0,0.4951626292318766,0.0005425839917734265,0.19944816827774048,0.018101640045642853,0.032350122928619385
898,sample_000898,samples/sample_000898.npz,43,53,19,28,4,6,10,9,2,40.0,60.0,100.0,90.0,20.0,475.0,230.0,50.0,0.21022787558249265,3.101449692621827e-05,0.05562526360154152,0.0021098842844367027,0.0062962728552520275
899,sample_000899,samples/sample_000899.npz,14,25,21,26,4,10,11,5,6,40.0,100.0,110.0,50.0,60.0,190.0,230.0,70.0,0.9538208441863378,0.00039800244849175215,0.35051026940345764,0.01672758162021637,0.0411604568362236
900,sample_000900,samples/sample_000900.npz,41,52,21,33,7,10,11,12,3,70.0,100.0,110.0,120.0,30.0,460.0,265.0,85.0,0.858979847478875,0.0005392953753471375,0.22161619365215302,0.017274437472224236,0.03345058858394623
901,sample_000901,samples/sample_000901.npz,15,25,15,25,7,11,10,10,4,70.0,110.0,100.0,100.0,40.0,195.0,195.0,90.0,0.967586651571946,0.000574545469135046,0.25274670124053955,0.01931088976562023,0.037031322717666626
902,sample_000902,samples/sample_000902.npz,10,21,42,55,6,8,11,13,2,60.0,80.0,110.0,130.0,20.0,150.0,480.0,70.0,0.2392892315964706,6.243021925911307e-05,0.05549061670899391,0.0035307621583342552,0.008017254061996937
903,sample_000903,samples/sample_000903.npz,24,33,12,28,7,11,9,16,4,70.0,110.0,90.0,160.0,40.0,280.0,195.0,90.0,0.4196551002453636,0.000460003997432068,0.13771021366119385,0.012191876769065857,0.021977299824357033
904,sample_000904,samples/sample_000904.npz,28,42,34,50,5,12,14,16,7,50.0,120.0,140.0,160.0,70.0,345.0,415.0,85.0,0.21656058388513985,0.0006650604773312807,0.19191387295722961,0.01744806207716465,0.031866997480392456
905,sample_000905,samples/sample_000905.npz,51,55,18,34,7,13,4,16,6,70.0,130.0,40.0,160.0,60.0,525.0,255.0,100.0,0.7059335191206824,0.0003963008348364383,0.14653146266937256,0.012749561108648777,0.023110052570700645
906,sample_000906,samples/sample_000906.npz,34,38,22,31,4,6,4,9,2,40.0,60.0,40.0,90.0,20.0,355.0,260.0,50.0,0.7479121588528366,7.046465179882944e-05,0.10168884694576263,0.0030520043801516294,0.009686507284641266
907,sample_000907,samples/sample_000907.npz,13,23,34,47,7,10,10,13,3,70.0,100.0,100.0,130.0,30.0,175.0,400.0,85.0,0.9963697880244762,0.0005691692349500954,0.25269511342048645,0.01968487910926342,0.038199327886104584
908,sample_000908,samples/sample_000908.npz,34,50,26,34,5,13,16,8,8,50.0,130.0,160.0,80.0,80.0,415.0,295.0,90.0,0.6262676339088955,0.001358052366413176,0.40086960792541504,0.03255748003721237,0.06066276133060455
909,sample_000909,samples/sample_000909.npz,21,36,36,40,6,9,15,4,3,60.0,90.0,150.0,40.0,30.0,280.0,375.0,75.0,0.570001167730128,0.00019988042186014354,0.08513328433036804,0.005449702963232994,0.011616379022598267
910,sample_000910,samples/sample_000910.npz,10,14,32,41,5,13,4,9,8,50.0,130.0,40.0,90.0,80.0,115.0,360.0,90.0,0.8212730468249296,0.00033265483216382563,0.19815704226493835,0.011600619181990623,0.024757837876677513
911,sample_000911,samples/sample_000911.npz,43,50,26,39,3,9,7,13,6,30.0,90.0,70.0,130.0,60.0,460.0,320.0,60.0,0.2951559015605616,0.00020433861936908215,0.19423915445804596,0.008805622346699238,0.023401876911520958
912,sample_000912,samples/sample_000912.npz,8,18,26,31,2,7,10,5,5,20.0,70.0,100.0,50.0,50.0,125.0,280.0,45.0,0.8485955710020092,0.0001613805361557752,0.46194252371788025,0.011948520317673683,0.04262460768222809
913,sample_000913,samples/sample_000913.npz,14,29,19,29,7,12,15,10,5,70.0,120.0,150.0,100.0,50.0,210.0,235.0,95.0,0.9801120088922544,0.0013539254432544112,0.39478248357772827,0.036535732448101044,0.06371831893920898
914,sample_000914,samples/sample_000914.npz,16,27,20,34,7,9,11,14,2,70.0,90.0,110.0,140.0,20.0,210.0,265.0,80.0,0.3902534153593651,0.00020537656382657588,0.07987247407436371,0.00625027297064662,0.012224210426211357
915,sample_000915,samples/sample_000915.npz,11,24,13,25,8,14,13,12,6,80.0,140.0,130.0,120.0,60.0,170.0,185.0,110.0,0.5256862449745667,0.0008025455754250288,0.21533577144145966,0.022839251905679703,0.03688781335949898
916,sample_000916,samples/sample_000916.npz,21,26,13,17,5,8,5,4,3,50.0,80.0,50.0,40.0,30.0,230.0,145.0,65.0,0.5847888789024132,3.5905439290218055e-05,0.051257483661174774,0.0018710063304752111,0.005144766066223383
917,sample_000917,samples/sample_000917.npz,27,38,16,31,8,13,11,15,5,80.0,130.0,110.0,150.0,50.0,320.0,230.0,105.0,0.7989226403710872,0.001782089937478304,0.298371285200119,0.03219679743051529,0.0507056787610054
918,sample_000918,samples/sample_000918.npz,38,42,19,26,5,11,4,7,6,50.0,110.0,40.0,70.0,60.0,395.0,220.0,80.0,0.20835932236038293,5.583593519986607e-05,0.0361715704202652,0.0018222761573269963,0.0041403393261134624
919,sample_000919,samples/sample_000919.npz,38,43,40,46,8,14,5,6,6,80.0,140.0,50.0,60.0,60.0,400.0,425.0,110.0,0.8502090215597908,0.00031052931444719434,0.08460240811109543,0.007297733332961798,0.012361731380224228
920,sample_000920,samples/sample_000920.npz,29,44,34,48,5,12,15,14,7,50.0,120.0,150.0,140.0,70.0,360.0,405.0,85.0,0.8124476281943622,0.00230860966257751,0.6941759586334229,0.06144315376877785,0.11331529170274734
921,sample_000921,samples/sample_000921.npz,30,46,25,35,6,11,16,10,5,60.0,110.0,160.0,100.0,50.0,375.0,295.0,85.0,0.5938519789169319,0.0011007391149178147,0.2907789349555969,0.024576595053076744,0.0455559603869915
922,sample_000922,samples/sample_000922.npz,30,46,10,14,5,11,16,4,6,50.0,110.0,160.0,40.0,60.0,375.0,115.0,80.0,0.21714173293470315,0.00010155164636671543,0.06440523266792297,0.004204289522022009,0.009014603681862354
923,sample_000923,samples/sample_000923.npz,27,32,40,53,8,11,5,13,3,80.0,110.0,50.0,130.0,30.0,290.0,460.0,95.0,0.409582839053503,0.00015037573757581413,0.04776713624596596,0.003948152530938387,0.007195841986685991
924,sample_000924,samples/sample_000924.npz,22,30,28,32,4,7,8,4,3,40.0,70.0,80.0,40.0,30.0,255.0,295.0,55.0,0.85843206219658,0.00012404605513438582,0.14508236944675446,0.0046142772771418095,0.013863337226212025
925,sample_000925,samples/sample_000925.npz,16,24,39,50,4,7,8,11,3,40.0,70.0,80.0,110.0,30.0,195.0,440.0,55.0,0.604486334258421,0.00014472391922026873,0.21189874410629272,0.008796492591500282,0.024640550836920738
926,sample_000926,samples/sample_000926.npz,16,30,10,21,5,9,14,11,4,50.0,90.0,140.0,110.0,40.0,225.0,150.0,70.0,0.5054183348891013,0.0003460284788161516,0.24924154579639435,0.016333458945155144,0.03630775213241577
927,sample_000927,samples/sample_000927.npz,29,34,39,48,6,9,5,9,3,60.0,90.0,50.0,90.0,30.0,310.0,430.0,75.0,0.7263964545243506,0.00017185753677040339,0.09664016216993332,0.005176740698516369,0.01181278470903635
928,sample_000928,samples/sample_000928.npz,28,33,44,56,4,10,5,12,6,40.0,100.0,50.0,120.0,60.0,300.0,495.0,70.0,0.4935792532811751,0.00022675088257528841,0.1907384991645813,0.00933194812387228,0.022975848987698555
929,sample_000929,samples/sample_000929.npz,49,56,20,31,7,14,7,11,7,70.0,140.0,70.0,110.0,70.0,520.0,250.0,105.0,0.7622384936955864,0.0006304493872448802,0.22536370158195496,0.019087249413132668,0.03439660742878914
930,sample_000930,samples/sample_000930.npz,23,38,19,34,4,7,15,15,3,40.0,70.0,150.0,150.0,30.0,300.0,260.0,55.0,0.44681484937779214,0.00047823277418501675,0.25480347871780396,0.016865286976099014,0.03954562544822693
931,sample_000931,samples/sample_000931.npz,10,16,21,29,6,10,6,8,4,60.0,100.0,60.0,80.0,40.0,125.0,245.0,80.0,0.7562544920287844,0.00017784028023015708,0.1328195333480835,0.007353173568844795,0.016551783308386803
932,sample_000932,samples/sample_000932.npz,39,46,28,35,7,15,7,7,8,70.0,150.0,70.0,70.0,80.0,420.0,310.0,110.0,0.5222350894513712,0.0005298866890370846,0.11392833292484283,0.009853056631982327,0.016588987782597542
933,sample_000933,samples/sample_000933.npz,33,38,18,27,6,14,5,9,8,60.0,140.0,50.0,90.0,80.0,350.0,220.0,100.0,0.4125926996193302,0.00033444532891735435,0.09900978952646255,0.0073554059490561485,0.013523725792765617
934,sample_000934,samples/sample_000934.npz,13,25,26,42,6,9,12,16,3,60.0,90.0,120.0,160.0,30.0,185.0,335.0,75.0,0.47705718295944505,0.0004424210055731237,0.1827363818883896,0.014424490742385387,0.02883888967335224
935,sample_000935,samples/sample_000935.npz,22,36,34,45,6,8,14,11,2,60.0,80.0,140.0,110.0,20.0,285.0,390.0,70.0,0.6464779450368596,0.0003518530575092882,0.15649551153182983,0.010695809498429298,0.022888995707035065
936,sample_000936,samples/sample_000936.npz,43,52,33,44,4,8,9,11,4,40.0,80.0,90.0,110.0,40.0,470.0,380.0,60.0,0.908694497549394,0.0003776179510168731,0.41722434759140015,0.019560450688004494,0.051253657788038254
937,sample_000937,samples/sample_000937.npz,39,46,41,46,5,10,7,5,5,50.0,100.0,70.0,50.0,50.0,420.0,430.0,75.0,0.7449614360689776,0.00017115421360358596,0.14304256439208984,0.006829745601862669,0.01630556397140026
938,sample_000938,samples/sample_000938.npz,14,26,12,27,3,9,12,15,6,30.0,90.0,120.0,150.0,60.0,195.0,190.0,60.0,0.6060286263389267,0.0006493926048278809,0.5946980118751526,0.035532981157302856,0.08625295758247375
939,sample_000939,samples/sample_000939.npz,17,30,15,29,2,5,13,14,3,20.0,50.0,130.0,140.0,30.0,230.0,215.0,35.0,0.5567362327179519,0.00021201568597462028,0.40733256936073303,0.017784912139177322,0.056067924946546555
940,sample_000940,samples/sample_000940.npz,31,39,14,20,6,14,8,6,8,60.0,140.0,80.0,60.0,80.0,345.0,165.0,100.0,0.80215126990303,0.0005848263390362263,0.20814542472362518,0.015024817548692226,0.02820044942200184
941,sample_000941,samples/sample_000941.npz,26,38,20,36,6,11,12,16,5,60.0,110.0,120.0,160.0,50.0,315.0,275.0,85.0,0.6132266000738589,0.0015690538566559553,0.3424284756183624,0.03050972707569599,0.05538852885365486
942,sample_000942,samples/sample_000942.npz,47,55,41,51,7,10,8,10,3,70.0,100.0,80.0,100.0,30.0,505.0,455.0,85.0,0.7353361859825305,0.00019306594913359731,0.1304256021976471,0.00867114681750536,0.01821940205991268
943,sample_000943,samples/sample_000943.npz,28,44,34,48,5,7,16,14,2,50.0,70.0,160.0,140.0,20.0,355.0,405.0,60.0,0.9611971023769339,0.000607167836278677,0.3362763524055481,0.023675836622714996,0.05275442823767662
944,sample_000944,samples/sample_000944.npz,35,47,9,22,2,6,12,13,4,20.0,60.0,120.0,130.0,40.0,405.0,150.0,40.0,0.836431647425957,0.0003346793237142265,0.7177855968475342,0.02987673506140709,0.09346350282430649
945,sample_000945,samples/sample_000945.npz,19,24,20,24,4,12,5,4,8,40.0,120.0,50.0,40.0,80.0,210.0,215.0,80.0,0.8919004693052588,0.00020755060540977865,0.1720786988735199,0.007399593014270067,0.01773432455956936
946,sample_000946,samples/sample_000946.npz,27,34,37,42,2,4,7,5,2,20.0,40.0,70.0,50.0,20.0,300.0,390.0,30.0,0.8937473575282957,4.9859212595038116e-05,0.243754580616951,0.003723639529198408,0.017807193100452423
947,sample_000947,samples/sample_000947.npz,29,40,14,29,8,16,11,15,8,80.0,160.0,110.0,150.0,80.0,340.0,210.0,120.0,0.9878608694437623,0.0034910556860268116,0.49895504117012024,0.06080758199095726,0.08786571025848389
948,sample_000948,samples/sample_000948.npz,51,55,29,36,5,8,4,7,3,50.0,80.0,40.0,70.0,30.0,525.0,320.0,65.0,0.25308457216550606,2.3224763936013915e-05,0.02924288623034954,0.0011205654591321945,0.0030648144893348217
949,sample_000949,samples/sample_000949.npz,17,32,20,24,4,6,15,4,2,40.0,60.0,150.0,40.0,20.0,240.0,215.0,50.0,0.6494763144469811,7.927514525363222e-05,0.11025607585906982,0.004389984533190727,0.012705091387033463
950,sample_000950,samples/sample_000950.npz,42,53,21,30,6,14,11,9,8,60.0,140.0,110.0,90.0,80.0,470.0,250.0,100.0,0.31857337168049615,0.00043222494423389435,0.14881694316864014,0.012224740348756313,0.02220214158296585
951,sample_000951,samples/sample_000951.npz,19,31,10,16,6,10,12,6,4,60.0,100.0,120.0,60.0,40.0,245.0,125.0,80.0,0.9802774650436217,0.0003463335451669991,0.22988182306289673,0.014288720674812794,0.030997175723314285
952,sample_000952,samples/sample_000952.npz,16,32,9,18,2,8,16,9,6,20.0,80.0,160.0,90.0,60.0,235.0,130.0,50.0,0.6474430164850574,0.0004306206537876278,0.6636301279067993,0.031002352014183998,0.08786404132843018
953,sample_000953,samples/sample_000953.npz,17,22,20,32,7,13,5,12,6,70.0,130.0,50.0,120.0,60.0,190.0,255.0,100.0,0.8934598116187342,0.0006134517025202513,0.18971507251262665,0.015760136768221855,0.028080452233552933
954,sample_000954,samples/sample_000954.npz,26,39,28,41,7,15,13,13,8,70.0,150.0,130.0,130.0,80.0,320.0,340.0,110.0,0.3597666653564333,0.0016925702802836895,0.21479760110378265,0.023635489866137505,0.036234352737665176
955,sample_000955,samples/sample_000955.npz,39,51,13,20,8,12,12,7,4,80.0,120.0,120.0,70.0,40.0,445.0,160.0,100.0,0.7508415264674235,0.00036474474472925067,0.1399867832660675,0.012045620009303093,0.02165372483432293
956,sample_000956,samples/sample_000956.npz,36,45,27,39,2,6,9,12,4,20.0,60.0,90.0,120.0,40.0,400.0,325.0,40.0,0.8979767628774495,0.00040495480061508715,0.6637035012245178,0.0225068349391222,0.07514199614524841
957,sample_000957,samples/sample_000957.npz,34,42,28,40,2,5,8,12,3,20.0,50.0,80.0,120.0,30.0,375.0,335.0,35.0,0.2580464566091729,7.206260488601401e-05,0.14956991374492645,0.004370910115540028,0.015913095325231552
958,sample_000958,samples/sample_000958.npz,24,32,17,31,4,11,8,14,7,40.0,110.0,80.0,140.0,70.0,275.0,235.0,75.0,0.256654875664467,0.00036022430867888033,0.17152665555477142,0.010664630681276321,0.023267222568392754
959,sample_000959,samples/sample_000959.npz,35,50,33,49,8,16,15,16,8,80.0,160.0,150.0,160.0,80.0,420.0,405.0,120.0,0.684178240371618,0.0029272197280079126,0.4587865471839905,0.06060553714632988,0.08565447479486465
960,sample_000960,samples/sample_000960.npz,10,23,19,34,7,9,13,15,2,70.0,90.0,130.0,150.0,20.0,160.0,260.0,80.0,0.5205721800609728,0.00029150184127502143,0.12401624768972397,0.010406174696981907,0.020083285868167877
961,sample_000961,samples/sample_000961.npz,41,45,35,47,5,11,4,12,6,50.0,110.0,40.0,120.0,60.0,425.0,405.0,80.0,0.7670377788938159,0.0003278400981798768,0.19551759958267212,0.01144492533057928,0.024903973564505577
962,sample_000962,samples/sample_000962.npz,30,46,32,43,4,7,16,11,3,40.0,70.0,160.0,110.0,30.0,375.0,370.0,55.0,0.5855065272662064,0.00042092817602679133,0.2944103181362152,0.01726081781089306,0.04237718507647514
963,sample_000963,samples/sample_000963.npz,10,20,36,51,2,8,10,15,6,20.0,80.0,100.0,150.0,60.0,145.0,430.0,50.0,0.26389730262846733,0.00017489732999820262,0.28142279386520386,0.013165907934308052,0.03732111304998398
964,sample_000964,samples/sample_000964.npz,22,27,40,49,7,14,5,9,7,70.0,140.0,50.0,90.0,70.0,240.0,440.0,105.0,0.6927991957939571,0.00041709988727234304,0.12847158312797546,0.010526536032557487,0.018557745963335037
965,sample_000965,samples/sample_000965.npz,40,49,37,49,4,7,9,12,3,40.0,70.0,90.0,120.0,30.0,440.0,425.0,55.0,0.9380579850317419,0.00028395894332788885,0.3705129325389862,0.016772739589214325,0.04561256989836693
966,sample_000966,samples/sample_000966.npz,26,36,26,40,2,10,10,14,8,20.0,100.0,100.0,140.0,80.0,305.0,325.0,60.0,0.9201610442955819,0.002101324498653412,1.1104704141616821,0.05707741901278496,0.1458398997783661
967,sample_000967,samples/sample_000967.npz,29,40,32,45,8,14,11,13,6,80.0,140.0,110.0,130.0,60.0,340.0,380.0,110.0,0.25938833192273497,0.0006306033465079963,0.09907228499650955,0.010762973688542843,0.016592958942055702
968,sample_000968,samples/sample_000968.npz,14,29,22,31,4,12,15,9,8,40.0,120.0,150.0,90.0,80.0,210.0,260.0,80.0,0.2219280994774958,0.0004020699125248939,0.17816473543643951,0.012468565255403519,0.025750044733285904
969,sample_000969,samples/sample_000969.npz,39,43,17,26,7,12,4,9,5,70.0,120.0,40.0,90.0,50.0,405.0,210.0,95.0,0.8593242347945205,0.0002742987417150289,0.10651832073926926,0.00769374193623662,0.014611323364078999
970,sample_000970,samples/sample_000970.npz,16,31,29,37,3,6,15,8,3,30.0,60.0,150.0,80.0,30.0,230.0,325.0,45.0,0.7469486838616419,0.0003173251752741635,0.36914512515068054,0.015399421565234661,0.045539259910583496
971,sample_000971,samples/sample_000971.npz,24,39,37,42,7,12,15,5,5,70.0,120.0,150.0,50.0,50.0,310.0,390.0,95.0,0.9680249985908793,0.0009197750478051603,0.2118309736251831,0.018274465575814247,0.032325588166713715
972,sample_000972,samples/sample_000972.npz,45,50,40,52,6,8,5,12,2,60.0,80.0,50.0,120.0,20.0,470.0,455.0,70.0,0.7231699501718767,8.66143818711862e-05,0.08558472245931625,0.004530728794634342,0.010841581039130688
973,sample_000973,samples/sample_000973.npz,50,55,34,48,6,10,5,14,4,60.0,100.0,50.0,140.0,40.0,520.0,405.0,80.0,0.8402518377497079,0.00026289274683222175,0.18238484859466553,0.01178190391510725,0.025473307818174362
974,sample_000974,samples/sample_000974.npz,34,38,20,34,8,12,4,14,4,80.0,120.0,40.0,140.0,40.0,355.0,265.0,100.0,0.5005034222154676,0.00029133717180229723,0.061771735548973083,0.005577386356890202,0.009482969529926777
975,sample_000975,samples/sample_000975.npz,41,56,32,37,4,9,15,5,5,40.0,90.0,150.0,50.0,50.0,480.0,340.0,65.0,0.2921848938515961,0.00013416321598924696,0.11302546411752701,0.0058602141216397285,0.01444514375180006
976,sample_000976,samples/sample_000976.npz,37,49,21,31,3,5,12,10,2,30.0,50.0,120.0,100.0,20.0,425.0,255.0,40.0,0.23190540291392356,4.6047643991187215e-05,0.08821567893028259,0.0032172822393476963,0.010375423356890678
977,sample_000977,samples/sample_000977.npz,8,20,33,49,2,5,12,16,3,20.0,50.0,120.0,160.0,30.0,135.0,405.0,35.0,0.813360580789096,0.0002519416739232838,0.6001343727111816,0.027119340375065804,0.08484416455030441
978,sample_000978,samples/sample_000978.npz,23,27,28,36,5,12,4,8,7,50.0,120.0,40.0,80.0,70.0,245.0,315.0,85.0,0.9785005957691788,0.0005131687503308058,0.20413827896118164,0.011357946321368217,0.02424493245780468
979,sample_000979,samples/sample_000979.npz,10,26,35,49,5,12,16,14,7,50.0,120.0,160.0,140.0,70.0,175.0,415.0,85.0,0.872079533643006,0.0019302323926240206,0.7728284001350403,0.06899434328079224,0.12888869643211365
980,sample_000980,samples/sample_000980.npz,14,27,26,42,3,8,13,16,5,30.0,80.0,130.0,160.0,50.0,200.0,335.0,55.0,0.9036125081850517,0.0011798639316111803,0.8422274589538574,0.05223985016345978,0.12704452872276306
981,sample_000981,samples/sample_000981.npz,11,20,47,55,3,11,9,8,8,30.0,110.0,90.0,80.0,80.0,150.0,505.0,70.0,0.740783722138481,0.00036162015749141574,0.5058910846710205,0.02190331369638443,0.05771411582827568
982,sample_000982,samples/sample_000982.npz,38,44,14,28,4,6,6,14,2,40.0,60.0,60.0,140.0,20.0,405.0,205.0,50.0,0.37709363389662054,5.979461275273934e-05,0.0879373773932457,0.0035592750646173954,0.010284016840159893
983,sample_000983,samples/sample_000983.npz,30,45,38,44,3,7,15,6,4,30.0,70.0,150.0,60.0,40.0,370.0,405.0,50.0,0.8165969443983097,0.00032794903381727636,0.40261244773864746,0.01659790799021721,0.04772762954235077
984,sample_000984,samples/sample_000984.npz,32,39,37,44,8,12,7,7,4,80.0,120.0,70.0,70.0,40.0,350.0,400.0,100.0,0.7810422627378169,0.0003575526352506131,0.0934586450457573,0.007589474320411682,0.013468545861542225
985,sample_000985,samples/sample_000985.npz,42,53,21,35,3,10,11,14,7,30.0,100.0,110.0,140.0,70.0,470.0,275.0,65.0,0.6562668182189669,0.0008585160248912871,0.6498779058456421,0.037965044379234314,0.09069748967885971
986,sample_000986,samples/sample_000986.npz,45,50,41,52,6,9,5,11,3,60.0,90.0,50.0,110.0,30.0,470.0,460.0,75.0,0.40078226366392244,6.958344602026045e-05,0.06126806139945984,0.0033969853539019823,0.007839557714760303
987,sample_000987,samples/sample_000987.npz,26,30,29,40,8,13,4,11,5,80.0,130.0,40.0,110.0,50.0,275.0,340.0,105.0,0.41387426790984166,0.0002676732838153839,0.04997502267360687,0.004481615033000708,0.00749295623973012
988,sample_000988,samples/sample_000988.npz,30,42,22,36,6,13,12,14,7,60.0,130.0,120.0,140.0,70.0,355.0,285.0,95.0,0.9867455222147938,0.003082593670114875,0.630770742893219,0.058570850640535355,0.10102767497301102
989,sample_000989,samples/sample_000989.npz,39,44,34,44,3,9,5,10,6,30.0,90.0,50.0,100.0,60.0,410.0,385.0,60.0,0.7687722808852782,0.00028740736888721585,0.3447023332118988,0.012677238322794437,0.035812124609947205
990,sample_000990,samples/sample_000990.npz,21,32,12,22,8,11,11,10,3,80.0,110.0,110.0,100.0,30.0,260.0,165.0,95.0,0.9703049627549292,0.0005471442709676921,0.18507571518421173,0.01576998084783554,0.02851453796029091
991,sample_000991,samples/sample_000991.npz,10,18,42,50,8,12,8,8,4,80.0,120.0,80.0,80.0,40.0,135.0,455.0,100.0,0.4619771002191011,0.00015522161265835166,0.07022561132907867,0.005568527616560459,0.010409321635961533
992,sample_000992,samples/sample_000992.npz,36,43,15,28,2,10,7,13,8,20.0,100.0,70.0,130.0,80.0,390.0,210.0,60.0,0.6094851097787979,0.0005289933760650456,0.5724194049835205,0.024339068681001663,0.06679853796958923
993,sample_000993,samples/sample_000993.npz,18,34,38,44,7,14,16,6,7,70.0,140.0,160.0,60.0,70.0,255.0,405.0,105.0,0.9587634215723835,0.0014429568545892835,0.31985366344451904,0.031364936381578445,0.051403552293777466
994,sample_000994,samples/sample_000994.npz,8,21,12,27,8,14,13,15,6,80.0,140.0,130.0,150.0,60.0,140.0,190.0,110.0,0.33611185311229513,0.0005989207420498133,0.16162388026714325,0.017999207600951195,0.028904663398861885
995,sample_000995,samples/sample_000995.npz,29,45,45,55,3,5,16,10,2,30.0,50.0,160.0,100.0,20.0,365.0,495.0,40.0,0.9785821094310558,0.00021233427105471492,0.4062526524066925,0.017910564318299294,0.054182931780815125
996,sample_000996,samples/sample_000996.npz,30,45,29,40,2,4,15,11,2,20.0,40.0,150.0,110.0,20.0,370.0,340.0,30.0,0.5289617898344134,0.00014669644588138908,0.26930224895477295,0.010388960130512714,0.03550799563527107
997,sample_000997,samples/sample_000997.npz,51,56,40,52,6,13,5,12,7,60.0,130.0,50.0,120.0,70.0,530.0,455.0,95.0,0.2923434147585715,0.00013926855172030628,0.08120045810937881,0.005759167019277811,0.011610621586441994
998,sample_000998,samples/sample_000998.npz,18,29,31,45,8,11,11,14,3,80.0,110.0,110.0,140.0,30.0,230.0,375.0,95.0,0.35472131183717104,0.000341390841640532,0.08648872375488281,0.0082003865391016,0.014058791100978851
999,sample_000999,samples/sample_000999.npz,15,25,9,15,8,13,10,6,5,80.0,130.0,100.0,60.0,50.0,195.0,115.0,105.0,0.5786393448726141,0.00023713562404736876,0.09530861675739288,0.008000068366527557,0.014505754224956036
1000,sample_001000,samples/sample_001000.npz,22,37,24,40,3,7,15,16,4,30.0,70.0,150.0,160.0,40.0,290.0,315.0,50.0,0.2102947845960606,0.0003433540987316519,0.17815890908241272,0.011447510682046413,0.028007294982671738
1001,sample_001001,samples/sample_001001.npz,12,28,39,47,4,8,16,8,4,40.0,80.0,160.0,80.0,40.0,195.0,425.0,60.0,0.4402465758725372,0.00023348137619905174,0.22276903688907623,0.012267389334738255,0.030240653082728386
1002,sample_001002,samples/sample_001002.npz,22,30,41,53,8,14,8,12,6,80.0,140.0,80.0,120.0,60.0,255.0,465.0,110.0,0.9990795176366956,0.0011122397845610976,0.2762434482574463,0.02711881883442402,0.04438701644539833
1003,sample_001003,samples/sample_001003.npz,37,45,19,29,5,11,8,10,6,50.0,110.0,80.0,100.0,60.0,405.0,235.0,80.0,0.7931708977966812,0.000619016180280596,0.3285865783691406,0.019819680601358414,0.042607977986335754
1004,sample_001004,samples/sample_001004.npz,8,17,15,28,7,9,9,13,2,70.0,90.0,90.0,130.0,20.0,120.0,210.0,80.0,0.5283125497725243,0.00013752585800830275,0.08875592052936554,0.006199469789862633,0.013024057261645794
1005,sample_001005,samples/sample_001005.npz,25,30,23,35,7,10,5,12,3,70.0,100.0,50.0,120.0,30.0,270.0,285.0,85.0,0.6595552944826315,0.00027805514400824904,0.08756718784570694,0.006154853850603104,0.01213518250733614
1006,sample_001006,samples/sample_001006.npz,41,46,33,49,4,8,5,16,4,40.0,80.0,50.0,160.0,40.0,430.0,405.0,60.0,0.6119805231251456,0.00021766639838460833,0.2114010602235794,0.010700562037527561,0.02707570418715477
1007,sample_001007,samples/sample_001007.npz,19,25,8,18,3,9,6,10,6,30.0,90.0,60.0,100.0,60.0,215.0,125.0,60.0,0.2133111586331765,6.601060886168852e-05,0.11140820384025574,0.0041182395070791245,0.011826956644654274
1008,sample_001008,samples/sample_001008.npz,20,29,17,22,6,12,9,5,6,60.0,120.0,90.0,50.0,60.0,240.0,190.0,90.0,0.8617316259629746,0.00038455554749816656,0.17833168804645538,0.011711901053786278,0.023535393178462982
1009,sample_001009,samples/sample_001009.npz,17,24,14,26,3,6,7,12,3,30.0,60.0,70.0,120.0,30.0,200.0,195.0,45.0,0.20834134368086643,4.021883069071919e-05,0.08736252784729004,0.0029795290902256966,0.009544956497848034
1010,sample_001010,samples/sample_001010.npz,8,17,39,44,5,10,9,5,5,50.0,100.0,90.0,50.0,50.0,120.0,410.0,75.0,0.8893765358713097,0.00021337314683478326,0.2065243124961853,0.010230673477053642,0.024643242359161377
1011,sample_001011,samples/sample_001011.npz,30,40,40,47,8,15,10,7,7,80.0,150.0,100.0,70.0,70.0,345.0,430.0,115.0,0.607543974064851,0.0007249800837598741,0.14134131371974945,0.014066335745155811,0.02223018929362297
1012,sample_001012,samples/sample_001012.npz,31,37,10,23,8,13,6,13,5,80.0,130.0,60.0,130.0,50.0,335.0,160.0,105.0,0.6873129398539712,0.0005425629788078368,0.137858584523201,0.012826025485992432,0.021722493693232536
1013,sample_001013,samples/sample_001013.npz,43,50,19,30,5,12,7,11,7,50.0,120.0,70.0,110.0,70.0,460.0,240.0,85.0,0.9861189536950283,0.0007827670779079199,0.42141178250312805,0.02697654813528061,0.056353338062763214
1014,sample_001014,samples/sample_001014.npz,29,42,32,48,2,10,13,16,8,20.0,100.0,130.0,160.0,80.0,350.0,395.0,60.0,0.4180730791472995,0.0010251749772578478,0.601545512676239,0.0383298397064209,0.09107303619384766
1015,sample_001015,samples/sample_001015.npz,24,38,26,35,7,11,14,9,4,70.0,110.0,140.0,90.0,40.0,305.0,300.0,90.0,0.8254979192060481,0.0012298295041546226,0.25025638937950134,0.021321138367056847,0.038446929305791855
1016,sample_001016,samples/sample_001016.npz,37,42,15,29,8,15,5,14,7,80.0,150.0,50.0,140.0,70.0,390.0,215.0,115.0,0.5799266403890755,0.000640908139757812,0.1275150328874588,0.013394948095083237,0.020806046202778816
1017,sample_001017,samples/sample_001017.npz,31,35,15,27,3,8,4,12,5,30.0,80.0,40.0,120.0,50.0,325.0,205.0,55.0,0.5667331036884594,0.00017738595488481224,0.21120277047157288,0.007576672360301018,0.022126244381070137
1018,sample_001018,samples/sample_001018.npz,31,37,28,39,4,10,6,11,6,40.0,100.0,60.0,110.0,60.0,335.0,330.0,70.0,0.7374132992252171,0.0006514265551231802,0.31833040714263916,0.01577186957001686,0.03778649866580963
1019,sample_001019,samples/sample_001019.npz,51,56,8,15,6,9,5,7,3,60.0,90.0,50.0,70.0,30.0,530.0,110.0,75.0,0.8517869414811048,6.899508298374712e-05,0.0931883454322815,0.004382104612886906,0.011071186512708664
1020,sample_001020,samples/sample_001020.npz,18,25,43,52,2,5,7,9,3,20.0,50.0,70.0,90.0,30.0,210.0,470.0,35.0,0.993455205288974,0.00010381402535131201,0.48207175731658936,0.01091714110225439,0.043971337378025055
1021,sample_001021,samples/sample_001021.npz,47,54,33,40,6,12,7,7,6,60.0,120.0,70.0,70.0,60.0,500.0,360.0,90.0,0.6971554717614598,0.00030327352578751743,0.15855269134044647,0.010120677761733532,0.020865287631750107
1022,sample_001022,samples/sample_001022.npz,25,35,15,31,6,11,10,16,5,60.0,110.0,100.0,160.0,50.0,295.0,225.0,85.0,0.9987002541516776,0.0016670589102432132,0.4890124201774597,0.04115678369998932,0.07669210433959961
1023,sample_001023,samples/sample_001023.npz,40,45,23,35,4,9,5,12,5,40.0,90.0,50.0,120.0,50.0,420.0,285.0,65.0,0.28552171118480807,0.00012591232371050864,0.09996823966503143,0.0046499804593622684,0.011750292964279652
1024,sample_001024,samples/sample_001024.npz,43,55,15,19,2,5,12,4,3,20.0,50.0,120.0,40.0,30.0,485.0,165.0,35.0,0.6928695671596321,4.694052040576935e-05,0.2581614851951599,0.005760099273175001,0.023170582950115204
1025,sample_001025,samples/sample_001025.npz,46,54,43,51,7,13,8,8,6,70.0,130.0,80.0,80.0,60.0,495.0,465.0,100.0,0.5713752888010992,0.0002804126124829054,0.13518333435058594,0.010302027687430382,0.0195993110537529
1026,sample_001026,samples/sample_001026.npz,33,48,20,33,7,9,15,13,2,70.0,90.0,150.0,130.0,20.0,400.0,260.0,80.0,0.8037099348073442,0.0005656842258758843,0.19146834313869476,0.016335811465978622,0.030892668291926384
1027,sample_001027,samples/sample_001027.npz,35,49,23,29,5,8,14,6,3,50.0,80.0,140.0,60.0,30.0,415.0,255.0,65.0,0.7451006270583092,0.00025845650816336274,0.1901865005493164,0.010173861868679523,0.024410203099250793
1028,sample_001028,samples/sample_001028.npz,26,39,26,37,5,13,13,11,8,50.0,130.0,130.0,110.0,80.0,320.0,310.0,90.0,0.8634892716633054,0.003069365629926324,0.6231449842453003,0.05066646263003349,0.09382548183202744
1029,sample_001029,samples/sample_001029.npz,24,35,28,34,5,9,11,6,4,50.0,90.0,110.0,60.0,40.0,290.0,305.0,70.0,0.23121913591075816,0.00013644807040691376,0.06308437138795853,0.0032959007658064365,0.007722262758761644
1030,sample_001030,samples/sample_001030.npz,26,40,15,25,7,11,14,10,4,70.0,110.0,140.0,100.0,40.0,325.0,195.0,90.0,0.9974585431271044,0.0011339883785694838,0.3296838402748108,0.028231307864189148,0.05139939486980438
1031,sample_001031,samples/sample_001031.npz,27,37,30,41,6,11,10,11,5,60.0,110.0,100.0,110.0,50.0,315.0,350.0,85.0,0.32945453785693046,0.0004870578704867512,0.12774541974067688,0.009405924007296562,0.018286684527993202
1032,sample_001032,samples/sample_001032.npz,28,38,39,47,3,6,10,8,3,30.0,60.0,100.0,80.0,30.0,325.0,425.0,45.0,0.6127153521814651,0.00015731820894870907,0.2603096663951874,0.008406913839280605,0.027256159111857414
1033,sample_001033,samples/sample_001033.npz,24,30,32,48,5,12,6,16,7,50.0,120.0,60.0,160.0,70.0,265.0,395.0,85.0,0.9390510336786826,0.0012362776324152946,0.43890711665153503,0.03253130987286568,0.06359530985355377
1034,sample_001034,samples/sample_001034.npz,45,55,9,25,2,5,10,16,3,20.0,50.0,100.0,160.0,30.0,495.0,165.0,35.0,0.9583474340282814,0.0002116888208547607,0.659757673740387,0.026479367166757584,0.08695313334465027
1035,sample_001035,samples/sample_001035.npz,22,38,42,52,3,6,16,10,3,30.0,60.0,160.0,100.0,30.0,295.0,465.0,45.0,0.2154292273981236,9.404488810105249e-05,0.12325771898031235,0.005872893147170544,0.01665641926229
1036,sample_001036,samples/sample_001036.npz,35,43,35,51,2,9,8,16,7,20.0,90.0,80.0,160.0,70.0,385.0,425.0,55.0,0.479829013837858,0.00047282438026741147,0.4993397295475006,0.023872539401054382,0.06443265825510025
1037,sample_001037,samples/sample_001037.npz,28,33,14,23,7,15,5,9,8,70.0,150.0,50.0,90.0,80.0,300.0,180.0,110.0,0.8010552198625194,0.0006555286236107349,0.15929171442985535,0.013748282566666603,0.023367952555418015
1038,sample_001038,samples/sample_001038.npz,18,29,12,18,8,16,11,6,8,80.0,160.0,110.0,60.0,80.0,230.0,145.0,120.0,0.8589243187941955,0.0008336927276104689,0.2019818127155304,0.020501360297203064,0.032596711069345474
1039,sample_001039,samples/sample_001039.npz,34,44,20,28,3,9,10,8,6,30.0,90.0,100.0,80.0,60.0,385.0,235.0,60.0,0.9624552167764064,0.0006048286450095475,0.616591215133667,0.025428876280784607,0.06922709941864014
1040,sample_001040,samples/sample_001040.npz,17,28,30,42,3,9,11,12,6,30.0,90.0,110.0,120.0,60.0,220.0,355.0,60.0,0.3099606792307512,0.0003367422614246607,0.2629389464855194,0.013508659787476063,0.03425975888967514
1041,sample_001041,samples/sample_001041.npz,32,44,11,19,8,11,12,8,3,80.0,110.0,120.0,80.0,30.0,375.0,145.0,95.0,0.6009565481443055,0.0002736645401455462,0.10188055038452148,0.00845222920179367,0.015526441857218742
1042,sample_001042,samples/sample_001042.npz,23,35,22,29,4,10,12,7,6,40.0,100.0,120.0,70.0,60.0,285.0,250.0,70.0,0.6690124013461509,0.0006114913849160075,0.34221091866493225,0.018152035772800446,0.04271053895354271
1043,sample_001043,samples/sample_001043.npz,19,31,20,30,4,12,12,10,8,40.0,120.0,120.0,100.0,80.0,245.0,245.0,80.0,0.8592939233919743,0.001473957672715187,0.6624658107757568,0.043103378266096115,0.09084951877593994
1044,sample_001044,samples/sample_001044.npz,26,33,37,52,4,9,7,15,5,40.0,90.0,70.0,150.0,50.0,290.0,440.0,65.0,0.8440177460278235,0.000621881743427366,0.43200311064720154,0.023945678025484085,0.05729345604777336
1045,sample_001045,samples/sample_001045.npz,48,53,13,26,3,10,5,13,7,30.0,100.0,50.0,130.0,70.0,500.0,190.0,65.0,0.6242691051014291,0.0002515081432648003,0.3394067883491516,0.014978218823671341,0.039738669991493225
1046,sample_001046,samples/sample_001046.npz,18,26,31,35,5,13,8,4,8,50.0,130.0,80.0,40.0,80.0,215.0,325.0,90.0,0.2699551465216127,0.00014889340673107654,0.059793271124362946,0.0035174984950572252,0.007248948328197002
1047,sample_001047,samples/sample_001047.npz,24,36,9,24,6,10,12,15,4,60.0,100.0,120.0,150.0,40.0,295.0,160.0,80.0,0.7267987058414358,0.0008235786808654666,0.33427175879478455,0.026876425370573997,0.052712637931108475
1048,sample_001048,samples/sample_001048.npz,28,39,44,55,2,8,11,11,6,20.0,80.0,110.0,110.0,60.0,330.0,490.0,50.0,0.5504647798416632,0.0003733407938852906,0.5447043776512146,0.022277262061834335,0.06617332994937897
1049,sample_001049,samples/sample_001049.npz,18,25,33,48,5,11,7,15,6,50.0,110.0,70.0,150.0,60.0,210.0,400.0,80.0,0.2609974392940322,0.0002524380397517234,0.12300805747509003,0.008524799719452858,0.01757175289094448
1050,sample_001050,samples/sample_001050.npz,29,35,44,48,7,10,6,4,3,70.0,100.0,60.0,40.0,30.0,315.0,455.0,85.0,0.24297705079912557,3.194405508111231e-05,0.015229089185595512,0.0008935736259445548,0.001890694024041295
1051,sample_001051,samples/sample_001051.npz,11,22,49,55,4,8,11,6,4,40.0,80.0,110.0,60.0,40.0,160.0,515.0,60.0,0.6413972516995092,0.00012350587348919362,0.21987801790237427,0.008958257734775543,0.025037117302417755
1052,sample_001052,samples/sample_001052.npz,28,38,36,51,2,4,10,15,2,20.0,40.0,100.0,150.0,20.0,325.0,430.0,30.0,0.9181646622237434,0.00019569382129702717,0.45332032442092896,0.01634179800748825,0.05737246200442314
1053,sample_001053,samples/sample_001053.npz,37,41,8,16,2,4,4,8,2,20.0,40.0,40.0,80.0,20.0,385.0,115.0,30.0,0.912399295694114,2.6407351469970308e-05,0.2308461219072342,0.003424478694796562,0.016565630212426186
1054,sample_001054,samples/sample_001054.npz,30,37,38,42,6,14,7,4,8,60.0,140.0,70.0,40.0,80.0,330.0,395.0,100.0,0.9544251304415421,0.0005363292875699699,0.15166334807872772,0.010631110519170761,0.019791223108768463
1055,sample_001055,samples/sample_001055.npz,34,39,25,36,3,7,5,11,4,30.0,70.0,50.0,110.0,40.0,360.0,300.0,50.0,0.3666695438968639,0.00011881804675795138,0.13864263892173767,0.004576746374368668,0.014196325093507767
1056,sample_001056,samples/sample_001056.npz,42,50,18,24,8,16,8,6,8,80.0,160.0,80.0,60.0,80.0,455.0,205.0,120.0,0.6317201478082783,0.00045548216439783573,0.11388707160949707,0.011060148477554321,0.017702000215649605
1057,sample_001057,samples/sample_001057.npz,28,34,15,23,4,10,6,8,6,40.0,100.0,60.0,80.0,60.0,305.0,185.0,70.0,0.9809697689615147,0.00043204674148000777,0.34654924273490906,0.015077488496899605,0.0379372201859951
1058,sample_001058,samples/sample_001058.npz,28,38,36,46,3,11,10,10,8,30.0,110.0,100.0,100.0,80.0,325.0,405.0,70.0,0.831353917018371,0.0011732999701052904,0.6999605298042297,0.03573278710246086,0.08615933358669281
1059,sample_001059,samples/sample_001059.npz,8,22,37,47,3,11,14,10,8,30.0,110.0,140.0,100.0,80.0,145.0,415.0,70.0,0.9022742985115118,0.0010751865338534117,0.9054948687553406,0.052888911217451096,0.12454566359519958
1060,sample_001060,samples/sample_001060.npz,14,30,37,53,4,10,16,16,6,40.0,100.0,160.0,160.0,60.0,215.0,445.0,70.0,0.5539470660189552,0.0010286649921908975,0.5523211359977722,0.044933922588825226,0.09224129468202591
1061,sample_001061,samples/sample_001061.npz,15,20,23,36,5,9,5,13,4,50.0,90.0,50.0,130.0,40.0,170.0,290.0,70.0,0.31729109742592165,0.00011535669909790158,0.08074777573347092,0.004382722545415163,0.010286109521985054
1062,sample_001062,samples/sample_001062.npz,8,18,18,26,6,10,10,8,4,60.0,100.0,100.0,80.0,40.0,125.0,215.0,80.0,0.47267408987664683,0.00017247159848921,0.12496130913496017,0.0076180011965334415,0.016708673909306526
1063,sample_001063,samples/sample_001063.npz,50,56,23,33,6,8,6,10,2,60.0,80.0,60.0,100.0,20.0,525.0,275.0,70.0,0.5599527797450874,7.301066943909973e-05,0.06979350000619888,0.0034805238246917725,0.008532745763659477
1064,sample_001064,samples/sample_001064.npz,14,20,46,50,8,12,6,4,4,80.0,120.0,60.0,40.0,40.0,165.0,475.0,100.0,0.8237273889337267,0.00010652714991010725,0.05134095624089241,0.0037504129577428102,0.00715596741065383
1065,sample_001065,samples/sample_001065.npz,22,31,37,46,6,9,9,9,3,60.0,90.0,90.0,90.0,30.0,260.0,410.0,75.0,0.8454282947481468,0.00033385632559657097,0.1837734431028366,0.010856322944164276,0.023974308744072914
1066,sample_001066,samples/sample_001066.npz,14,26,23,29,5,12,12,6,7,50.0,120.0,120.0,60.0,70.0,195.0,255.0,85.0,0.2628106309689948,0.0002203103358624503,0.10482215136289597,0.0067769442684948444,0.013976155780255795
1067,sample_001067,samples/sample_001067.npz,24,36,40,49,8,11,12,9,3,80.0,110.0,120.0,90.0,30.0,295.0,440.0,95.0,0.5722740743995018,0.0003780393162742257,0.10684715956449509,0.009230702184140682,0.016452115029096603
1068,sample_001068,samples/sample_001068.npz,27,39,10,14,6,9,12,4,3,60.0,90.0,120.0,40.0,30.0,325.0,115.0,75.0,0.8093220483701544,0.00014984649897087365,0.10715550929307938,0.005982954055070877,0.013737448491156101
1069,sample_001069,samples/sample_001069.npz,28,32,38,47,2,5,4,9,3,20.0,50.0,40.0,90.0,30.0,295.0,420.0,35.0,0.25679108757552227,2.2847663785796613e-05,0.0873408243060112,0.001627233694307506,0.006896147504448891
1070,sample_001070,samples/sample_001070.npz,8,23,22,31,6,10,15,9,4,60.0,100.0,150.0,90.0,40.0,150.0,260.0,80.0,0.7544194248022749,0.0005655334098264575,0.28093552589416504,0.020811133086681366,0.04225703701376915
1071,sample_001071,samples/sample_001071.npz,35,50,20,27,2,4,15,7,2,20.0,40.0,150.0,70.0,20.0,420.0,230.0,30.0,0.5353067067392796,6.604631926165894e-05,0.22409342229366302,0.00666187796741724,0.02514507621526718
1072,sample_001072,samples/sample_001072.npz,36,40,23,30,3,11,4,7,8,30.0,110.0,40.0,70.0,80.0,375.0,260.0,70.0,0.7292922487195492,0.00027596240397542715,0.2453567385673523,0.008795306086540222,0.02343074418604374
1073,sample_001073,samples/sample_001073.npz,47,55,14,23,8,13,8,9,5,80.0,130.0,80.0,90.0,50.0,505.0,180.0,105.0,0.7538543020336979,0.00036757474299520254,0.14702628552913666,0.01252372283488512,0.022597545757889748
1074,sample_001074,samples/sample_001074.npz,39,45,15,25,4,8,6,10,4,40.0,80.0,60.0,100.0,40.0,415.0,195.0,60.0,0.21307212432513511,5.416044587036595e-05,0.06951984018087387,0.002790971426293254,0.0076410770416259766
1075,sample_001075,samples/sample_001075.npz,21,33,39,54,6,10,12,15,4,60.0,100.0,120.0,150.0,40.0,265.0,460.0,80.0,0.9107611348547777,0.0009853729279711843,0.4188803732395172,0.03373829647898674,0.06603509187698364
1076,sample_001076,samples/sample_001076.npz,12,26,31,44,6,14,14,13,8,60.0,140.0,140.0,130.0,80.0,185.0,370.0,100.0,0.570249484940401,0.0015903593739494681,0.4149828553199768,0.040566183626651764,0.06875898689031601
1077,sample_001077,samples/sample_001077.npz,16,32,15,30,2,5,16,15,3,20.0,50.0,160.0,150.0,30.0,235.0,220.0,35.0,0.428184420307423,0.00022277112293522805,0.33754923939704895,0.018041934818029404,0.05244690924882889
1078,sample_001078,samples/sample_001078.npz,41,51,15,26,8,11,10,11,3,80.0,110.0,100.0,110.0,30.0,455.0,200.0,95.0,0.37848694787674453,0.00018715528130996972,0.07219250500202179,0.0061097596772015095,0.011142123490571976
1079,sample_001079,samples/sample_001079.npz,11,19,19,25,8,15,8,6,7,80.0,150.0,80.0,60.0,70.0,145.0,215.0,115.0,0.6342874376911989,0.0003625360841397196,0.1063040941953659,0.009749523364007473,0.01631179451942444
1080,sample_001080,samples/sample_001080.npz,29,43,9,24,5,11,14,15,6,50.0,110.0,140.0,150.0,60.0,355.0,160.0,80.0,0.7653774647055811,0.0014399767387658358,0.5951731204986572,0.04949062690138817,0.09644654393196106
1081,sample_001081,samples/sample_001081.npz,19,32,10,22,6,14,13,12,8,60.0,140.0,130.0,120.0,80.0,250.0,155.0,100.0,0.21046266361051,0.00044436886673793197,0.1379351168870926,0.012683870270848274,0.022207602858543396
1082,sample_001082,samples/sample_001082.npz,20,26,41,51,2,7,6,10,5,20.0,70.0,60.0,100.0,50.0,225.0,455.0,45.0,0.5735926864095263,0.00013290689093992114,0.35815030336380005,0.009766899049282074,0.034001946449279785
1083,sample_001083,samples/sample_001083.npz,21,36,28,38,3,7,15,10,4,30.0,70.0,150.0,100.0,40.0,280.0,325.0,50.0,0.8947418420013682,0.0008427718421444297,0.6159897446632385,0.030449245125055313,0.08214578777551651
1084,sample_001084,samples/sample_001084.npz,13,18,42,48,5,10,5,6,5,50.0,100.0,50.0,60.0,50.0,150.0,445.0,75.0,0.8259819100271215,0.0001315038389293477,0.1404954046010971,0.006377083715051413,0.015660826116800308
1085,sample_001085,samples/sample_001085.npz,37,53,12,17,6,9,16,5,3,60.0,90.0,160.0,50.0,30.0,445.0,140.0,75.0,0.37231698630187116,9.28363369894214e-05,0.07031188160181046,0.004569970536977053,0.010009038262069225
1086,sample_001086,samples/sample_001086.npz,13,23,33,44,3,7,10,11,4,30.0,70.0,100.0,110.0,40.0,175.0,380.0,50.0,0.4433989023887479,0.00017968128668144345,0.2691018581390381,0.010937128216028214,0.03196138143539429
1087,sample_001087,samples/sample_001087.npz,46,55,34,39,5,7,9,5,2,50.0,70.0,90.0,50.0,20.0,500.0,360.0,60.0,0.7137356751540842,6.436684634536505e-05,0.08900201320648193,0.0034657034557312727,0.009662102907896042
1088,sample_001088,samples/sample_001088.npz,31,38,46,54,5,12,7,8,7,50.0,120.0,70.0,80.0,70.0,340.0,495.0,85.0,0.3600003786829593,0.00021094363182783127,0.12262357771396637,0.00709910225123167,0.015400055795907974
1089,sample_001089,samples/sample_001089.npz,38,47,48,52,5,10,9,4,5,50.0,100.0,90.0,40.0,50.0,420.0,495.0,75.0,0.2624382190630032,5.127405165694654e-05,0.050039757043123245,0.002429286250844598,0.0058479318395257
1090,sample_001090,samples/sample_001090.npz,23,37,37,51,2,8,14,14,6,20.0,80.0,140.0,140.0,60.0,295.0,435.0,50.0,0.8166776572079446,0.0010778878349810839,0.9862551689147949,0.05407067388296127,0.14303861558437347
1091,sample_001091,samples/sample_001091.npz,12,23,47,53,2,5,11,6,3,20.0,50.0,110.0,60.0,30.0,170.0,495.0,35.0,0.5933635147189109,5.4455987992696464e-05,0.28526750206947327,0.006776826456189156,0.026868749409914017
1092,sample_001092,samples/sample_001092.npz,15,22,33,39,4,11,7,6,7,40.0,110.0,70.0,60.0,70.0,180.0,355.0,75.0,0.6581526349036833,0.00028608611319214106,0.2250467836856842,0.010167667642235756,0.024713994935154915
1093,sample_001093,samples/sample_001093.npz,46,50,50,55,3,6,4,5,3,30.0,60.0,40.0,50.0,30.0,475.0,520.0,45.0,0.8494311182091396,2.7199623218621127e-05,0.14301760494709015,0.0028275197837501764,0.010927828028798103
1094,sample_001094,samples/sample_001094.npz,13,17,11,20,4,10,4,9,6,40.0,100.0,40.0,90.0,60.0,145.0,150.0,70.0,0.7115137040895563,0.00013732931984122843,0.1910003274679184,0.007945971563458443,0.020804688334465027
1095,sample_001095,samples/sample_001095.npz,52,56,30,40,7,15,4,10,8,70.0,150.0,40.0,100.0,80.0,535.0,345.0,110.0,0.6998511877920409,0.0003699309309013188,0.12329168617725372,0.010172728449106216,0.018265750259160995
1096,sample_001096,samples/sample_001096.npz,50,54,39,52,8,11,4,13,3,80.0,110.0,40.0,130.0,30.0,515.0,450.0,95.0,0.3292645572493582,6.159885379020125e-05,0.031167488545179367,0.0024327959399670362,0.004686499945819378
1097,sample_001097,samples/sample_001097.npz,30,37,41,56,3,11,7,15,8,30.0,110.0,70.0,150.0,80.0,330.0,480.0,70.0,0.5535471468941611,0.0006262232782319188,0.4445026218891144,0.024536456912755966,0.058432236313819885
1098,sample_001098,samples/sample_001098.npz,21,36,36,51,8,11,15,15,3,80.0,110.0,150.0,150.0,30.0,280.0,430.0,95.0,0.6287783537024421,0.0008671279647387564,0.1995285302400589,0.02111881598830223,0.03488902002573013
1099,sample_001099,samples/sample_001099.npz,21,34,40,53,3,11,13,13,8,30.0,110.0,130.0,130.0,80.0,270.0,460.0,70.0,0.9162263823072769,0.0016489363042637706,1.024344563484192,0.06569384783506393,0.14853587746620178
1100,sample_001100,samples/sample_001100.npz,33,40,51,55,3,8,7,4,5,30.0,80.0,70.0,40.0,50.0,360.0,525.0,55.0,0.6181208550963643,7.315776747418568e-05,0.17206957936286926,0.004701661411672831,0.015249079093337059
1101,sample_001101,samples/sample_001101.npz,26,33,49,56,5,13,7,7,8,50.0,130.0,70.0,70.0,80.0,290.0,520.0,90.0,0.9178402844823181,0.000522206537425518,0.2975409924983978,0.017602434381842613,0.0376051627099514
1102,sample_001102,samples/sample_001102.npz,40,54,42,50,5,7,14,8,2,50.0,70.0,140.0,80.0,20.0,465.0,455.0,60.0,0.8288982201121995,0.0001620944676687941,0.19391527771949768,0.009992828592658043,0.02534886822104454
1103,sample_001103,samples/sample_001103.npz,10,26,39,54,2,6,16,15,4,20.0,60.0,160.0,150.0,40.0,175.0,460.0,40.0,0.5752510603485457,0.00032964168349280953,0.564971387386322,0.03152023255825043,0.08817270398139954
1104,sample_001104,samples/sample_001104.npz,20,27,31,39,8,14,7,8,6,80.0,140.0,70.0,80.0,60.0,230.0,345.0,110.0,0.6374311774353549,0.0005538706318475306,0.11207344383001328,0.010337653569877148,0.016926715150475502
1105,sample_001105,samples/sample_001105.npz,41,53,40,45,6,8,12,5,2,60.0,80.0,120.0,50.0,20.0,465.0,420.0,70.0,0.7663327427088444,0.00010239169932901859,0.09069289267063141,0.004839753266423941,0.011475102975964546
1106,sample_001106,samples/sample_001106.npz,13,25,29,41,8,10,12,12,2,80.0,100.0,120.0,120.0,20.0,185.0,345.0,90.0,0.9232795753741618,0.0004946396220475435,0.15495982766151428,0.013387382961809635,0.02433399111032486
1107,sample_001107,samples/sample_001107.npz,51,55,37,43,8,11,4,6,3,80.0,110.0,40.0,60.0,30.0,525.0,395.0,95.0,0.3067102055265061,2.9283823096193373e-05,0.015570210292935371,0.0010535606415942311,0.002112776506692171
1108,sample_001108,samples/sample_001108.npz,29,44,21,36,2,8,15,15,6,20.0,80.0,150.0,150.0,60.0,360.0,280.0,50.0,0.8323534321220496,0.001568652456626296,1.0526506900787354,0.06365222483873367,0.16156408190727234
1109,sample_001109,samples/sample_001109.npz,17,28,11,27,2,10,11,16,8,20.0,100.0,110.0,160.0,80.0,220.0,185.0,60.0,0.5450305461056952,0.0008044656133279204,0.7231913208961487,0.0417853407561779,0.1038207933306694
1110,sample_001110,samples/sample_001110.npz,30,46,15,29,4,6,16,14,2,40.0,60.0,160.0,140.0,20.0,375.0,215.0,50.0,0.2277145700151566,0.00010953727178275585,0.09291842579841614,0.005745593924075365,0.014239922165870667
1111,sample_001111,samples/sample_001111.npz,34,41,20,31,4,9,7,11,5,40.0,90.0,70.0,110.0,50.0,370.0,250.0,65.0,0.7962406698939373,0.00047805742360651493,0.3500584065914154,0.01669459231197834,0.04182090982794762
1112,sample_001112,samples/sample_001112.npz,21,35,43,55,5,11,14,12,6,50.0,110.0,140.0,120.0,60.0,275.0,485.0,80.0,0.6848885966899563,0.0009771316545084119,0.46755993366241455,0.03527514263987541,0.07143581658601761
1113,sample_001113,samples/sample_001113.npz,19,35,17,26,5,8,16,9,3,50.0,80.0,160.0,90.0,30.0,265.0,210.0,65.0,0.4624974058324319,0.00027925765607506037,0.17133957147598267,0.010821406729519367,0.024548351764678955
1114,sample_001114,samples/sample_001114.npz,21,33,23,27,7,11,12,4,4,70.0,110.0,120.0,40.0,40.0,265.0,245.0,90.0,0.7565862211093524,0.00030918067204765975,0.10060319304466248,0.007403971627354622,0.014101533219218254
1115,sample_001115,samples/sample_001115.npz,39,54,34,43,4,10,15,9,6,40.0,100.0,150.0,90.0,60.0,460.0,380.0,70.0,0.30682055265483693,0.00031414328259415925,0.21108470857143402,0.01315145194530487,0.02973543107509613
1116,sample_001116,samples/sample_001116.npz,40,50,15,29,3,11,10,14,8,30.0,110.0,100.0,140.0,80.0,445.0,215.0,70.0,0.4996292785957206,0.0006698319339193404,0.5014126896858215,0.029629463329911232,0.06885126233100891
1117,sample_001117,samples/sample_001117.npz,30,45,19,35,5,11,15,16,6,50.0,110.0,150.0,160.0,60.0,370.0,265.0,80.0,0.909947791904614,0.0026547054294496775,0.7610824108123779,0.06855906546115875,0.1275060921907425
1118,sample_001118,samples/sample_001118.npz,14,18,17,22,2,4,4,5,2,20.0,40.0,40.0,50.0,20.0,155.0,190.0,30.0,0.6197238226849838,1.0952936463581864e-05,0.12363598495721817,0.0014590311329811811,0.007597306743264198
1119,sample_001119,samples/sample_001119.npz,23,27,32,48,8,16,4,16,8,80.0,160.0,40.0,160.0,80.0,245.0,395.0,120.0,0.7262386462067849,0.0009418110130354762,0.15273022651672363,0.01737176813185215,0.02566281147301197
1120,sample_001120,samples/sample_001120.npz,24,33,12,28,7,10,9,16,3,70.0,100.0,90.0,160.0,30.0,280.0,195.0,85.0,0.6481865411088252,0.0005050103063695133,0.17105776071548462,0.014320126734673977,0.026842240244150162
1121,sample_001121,samples/sample_001121.npz,12,26,30,39,4,6,14,9,2,40.0,60.0,140.0,90.0,20.0,185.0,340.0,50.0,0.4480462186512453,0.00012062805762980133,0.13814079761505127,0.006346584297716618,0.017598262056708336
1122,sample_001122,samples/sample_001122.npz,38,47,43,50,2,8,9,7,6,20.0,80.0,90.0,70.0,60.0,420.0,460.0,50.0,0.27628544154624335,8.449304732494056e-05,0.19556991755962372,0.005834552459418774,0.01920364238321781
1123,sample_001123,samples/sample_001123.npz,25,40,44,49,5,11,15,5,6,50.0,110.0,150.0,50.0,60.0,320.0,460.0,80.0,0.994794771979127,0.00074973568553105,0.3492327332496643,0.023136122152209282,0.048517484217882156
1124,sample_001124,samples/sample_001124.npz,39,54,32,46,7,9,15,14,2,70.0,90.0,150.0,140.0,20.0,460.0,385.0,80.0,0.20350914942418755,0.00012193681322969496,0.05088270083069801,0.004386269953101873,0.008365189656615257
1125,sample_001125,samples/sample_001125.npz,41,49,15,21,6,8,8,6,2,60.0,80.0,80.0,60.0,20.0,445.0,175.0,70.0,0.8475655819503722,8.684073691256344e-05,0.0900832861661911,0.0042776381596922874,0.010529061779379845
1126,sample_001126,samples/sample_001126.npz,27,33,21,35,6,14,6,14,8,60.0,140.0,60.0,140.0,80.0,295.0,275.0,100.0,0.9668003948666155,0.0018599561881273985,0.3772635757923126,0.032409150153398514,0.05629722774028778
1127,sample_001127,samples/sample_001127.npz,16,28,25,34,8,10,12,9,2,80.0,100.0,120.0,90.0,20.0,215.0,290.0,90.0,0.21140936180915207,9.525784116704017e-05,0.028386469930410385,0.002317767823114991,0.00427340529859066
1128,sample_001128,samples/sample_001128.npz,9,13,30,36,4,7,4,6,3,40.0,70.0,40.0,60.0,30.0,105.0,325.0,55.0,0.48929153051595914,3.23025269608479e-05,0.06764592230319977,0.0019151591695845127,0.006095541641116142
1129,sample_001129,samples/sample_001129.npz,9,13,20,29,4,6,4,9,2,40.0,60.0,40.0,90.0,20.0,105.0,240.0,50.0,0.24719696946282427,1.2789113498001825e-05,0.033609796315431595,0.0009797683451324701,0.003209164133295417
1130,sample_001130,samples/sample_001130.npz,12,20,41,47,5,11,8,6,6,50.0,110.0,80.0,60.0,60.0,155.0,435.0,80.0,0.3584859548537046,0.00012155876902397722,0.09976298362016678,0.005252808332443237,0.012005683034658432
1131,sample_001131,samples/sample_001131.npz,27,34,25,32,8,14,7,7,6,80.0,140.0,70.0,70.0,60.0,300.0,280.0,110.0,0.8393725848951692,0.0007940236828289926,0.13077013194561005,0.012000657618045807,0.019560271874070168
1132,sample_001132,samples/sample_001132.npz,23,34,10,15,2,8,11,5,6,20.0,80.0,110.0,50.0,60.0,280.0,120.0,50.0,0.5698449944968722,0.0001556844072183594,0.349128395318985,0.01043060701340437,0.03439219295978546
1133,sample_001133,samples/sample_001133.npz,23,35,9,19,8,11,12,10,3,80.0,110.0,120.0,100.0,30.0,285.0,135.0,95.0,0.2123983821524451,0.00012634632003027946,0.04330418258905411,0.0037223489489406347,0.0067701758816838264
1134,sample_001134,samples/sample_001134.npz,40,50,31,42,3,9,10,11,6,30.0,90.0,100.0,110.0,60.0,445.0,360.0,60.0,0.8065906451909559,0.0006391320494003594,0.6213961243629456,0.02913663163781166,0.07653806358575821
1135,sample_001135,samples/sample_001135.npz,31,46,11,19,3,9,15,8,6,30.0,90.0,150.0,80.0,60.0,380.0,145.0,60.0,0.6269422805190039,0.0004518328350968659,0.48248448967933655,0.024438168853521347,0.06286785751581192
1136,sample_001136,samples/sample_001136.npz,8,18,22,31,7,15,10,9,8,70.0,150.0,100.0,90.0,80.0,125.0,260.0,110.0,0.5228093344133256,0.0006477483548223972,0.19212114810943604,0.01740497164428234,0.02990896627306938
1137,sample_001137,samples/sample_001137.npz,45,54,29,43,8,12,9,14,4,80.0,120.0,90.0,140.0,40.0,490.0,355.0,100.0,0.8881739409267719,0.0007697544060647488,0.22952525317668915,0.021510938182473183,0.037274401634931564
1138,sample_001138,samples/sample_001138.npz,33,38,29,33,7,13,5,4,6,70.0,130.0,50.0,40.0,60.0,350.0,305.0,100.0,0.4504644176134637,0.00016171600145753473,0.037144385278224945,0.002701331162825227,0.0049342503771185875
1139,sample_001139,samples/sample_001139.npz,22,33,9,20,8,13,11,11,5,80.0,130.0,110.0,110.0,50.0,270.0,140.0,105.0,0.24043029353205345,0.00025862929760478437,0.07167677581310272,0.006882485933601856,0.01165611669421196
1140,sample_001140,samples/sample_001140.npz,20,32,20,26,5,10,12,6,5,50.0,100.0,120.0,60.0,50.0,255.0,225.0,75.0,0.3179128424758164,0.00018600476323626935,0.10524517297744751,0.006050946656614542,0.013483122922480106
1141,sample_001141,samples/sample_001141.npz,37,45,23,36,4,11,8,13,7,40.0,110.0,80.0,130.0,70.0,405.0,290.0,75.0,0.36824883091582983,0.00048402059474028647,0.23653462529182434,0.014204847626388073,0.031392376869916916
1142,sample_001142,samples/sample_001142.npz,21,37,24,31,4,12,16,7,8,40.0,120.0,160.0,70.0,80.0,285.0,270.0,80.0,0.8096008189060118,0.0016055790474638343,0.5519630312919617,0.03809712082147598,0.078236423432827
1143,sample_001143,samples/sample_001143.npz,34,50,32,45,2,5,16,13,3,20.0,50.0,160.0,130.0,30.0,415.0,380.0,35.0,0.8841829357903481,0.0004098950303159654,0.6685912013053894,0.0323067270219326,0.09775075316429138
1144,sample_001144,samples/sample_001144.npz,17,22,28,38,6,9,5,10,3,60.0,90.0,50.0,100.0,30.0,190.0,325.0,75.0,0.7756991871313912,0.00019384345796424896,0.11160024255514145,0.0061298878863453865,0.013882570900022984
1145,sample_001145,samples/sample_001145.npz,28,34,19,31,5,7,6,12,2,50.0,70.0,60.0,120.0,20.0,305.0,245.0,60.0,0.2686967530335264,6.353310163831338e-05,0.04665714502334595,0.0021366304717957973,0.005527629517018795
1146,sample_001146,samples/sample_001146.npz,33,49,9,13,5,11,16,4,6,50.0,110.0,160.0,40.0,60.0,405.0,105.0,80.0,0.26078010011021846,0.00011019020894309506,0.07734856754541397,0.005002522841095924,0.010841810144484043
1147,sample_001147,samples/sample_001147.npz,32,43,22,28,6,8,11,6,2,60.0,80.0,110.0,60.0,20.0,370.0,245.0,70.0,0.895052092807185,0.0001949167053680867,0.11830493807792664,0.006346811540424824,0.014763968996703625
1148,sample_001148,samples/sample_001148.npz,13,26,25,33,8,10,13,8,2,80.0,100.0,130.0,80.0,20.0,190.0,285.0,90.0,0.5261146172855683,0.00020686200878117234,0.06771258264780045,0.005518842954188585,0.010234616696834564
1149,sample_001149,samples/sample_001149.npz,10,20,19,27,4,7,10,8,3,40.0,70.0,100.0,80.0,30.0,145.0,225.0,55.0,0.7627736771071321,0.00015767273725941777,0.25481200218200684,0.010033134371042252,0.02870125137269497
1150,sample_001150,samples/sample_001150.npz,21,31,14,20,2,4,10,6,2,20.0,40.0,100.0,60.0,20.0,255.0,165.0,30.0,0.4891445889497118,3.1906536605674773e-05,0.1729748249053955,0.0034702334087342024,0.015117112547159195
1151,sample_001151,samples/sample_001151.npz,39,55,38,51,5,7,16,13,2,50.0,70.0,160.0,130.0,20.0,465.0,440.0,60.0,0.6780857262925666,0.00025794346584007144,0.22795811295509338,0.015200660564005375,0.03515251353383064
1152,sample_001152,samples/sample_001152.npz,10,15,18,26,5,7,5,8,2,50.0,70.0,50.0,80.0,20.0,120.0,215.0,60.0,0.28669141655273456,1.9420276657911018e-05,0.03317796811461449,0.001228085020557046,0.0034949311520904303
1153,sample_001153,samples/sample_001153.npz,47,52,8,20,3,8,5,12,5,30.0,80.0,50.0,120.0,50.0,490.0,135.0,55.0,0.28074577142687923,5.652151594404131e-05,0.12519674003124237,0.004536330234259367,0.01361069269478321
1154,sample_001154,samples/sample_001154.npz,14,20,26,42,8,12,6,16,4,80.0,120.0,60.0,160.0,40.0,165.0,335.0,100.0,0.827512676286603,0.0006237211055122316,0.1630081683397293,0.015465050004422665,0.026340993121266365
1155,sample_001155,samples/sample_001155.npz,30,41,35,40,3,6,11,5,3,30.0,60.0,110.0,50.0,30.0,350.0,370.0,45.0,0.6789925626763642,0.0001345426862826571,0.21459783613681793,0.006429591216146946,0.021338878199458122
1156,sample_001156,samples/sample_001156.npz,39,49,27,36,5,7,10,9,2,50.0,70.0,100.0,90.0,20.0,435.0,310.0,60.0,0.6170650250091461,0.00015451479703187943,0.13059186935424805,0.006095522083342075,0.015786129981279373
1157,sample_001157,samples/sample_001157.npz,24,39,20,34,5,13,15,14,8,50.0,130.0,150.0,140.0,80.0,310.0,265.0,90.0,0.6147012642060259,0.0027420297265052795,0.5668749213218689,0.052799541503190994,0.09327579289674759
1158,sample_001158,samples/sample_001158.npz,8,18,29,42,5,12,10,13,7,50.0,120.0,100.0,130.0,70.0,125.0,350.0,85.0,0.5849420594561844,0.0007544836844317615,0.3684394955635071,0.026593564078211784,0.05405731871724129
1159,sample_001159,samples/sample_001159.npz,33,45,27,43,4,8,12,16,4,40.0,80.0,120.0,160.0,40.0,385.0,345.0,60.0,0.595504506339436,0.0007100538932718337,0.39006930589675903,0.025219909846782684,0.05816364660859108
1160,sample_001160,samples/sample_001160.npz,30,46,35,46,2,5,16,11,3,20.0,50.0,160.0,110.0,30.0,375.0,400.0,35.0,0.8541320564204697,0.0003562190104275942,0.6091148853302002,0.026447558775544167,0.08331451565027237
1161,sample_001161,samples/sample_001161.npz,30,38,33,45,6,8,8,12,2,60.0,80.0,80.0,120.0,20.0,335.0,385.0,70.0,0.4847631593367047,0.00017206178745254874,0.08578187227249146,0.0050070155411958694,0.011300070211291313
1162,sample_001162,samples/sample_001162.npz,32,37,31,40,8,16,5,9,8,80.0,160.0,50.0,90.0,80.0,340.0,350.0,120.0,0.6336386193946055,0.000765818462241441,0.10602432489395142,0.010797994211316109,0.016422562301158905
1163,sample_001163,samples/sample_001163.npz,14,22,46,52,2,8,8,6,6,20.0,80.0,80.0,60.0,60.0,175.0,485.0,50.0,0.5503414751041179,0.00010862171620829031,0.3364992141723633,0.008769712410867214,0.030179334804415703
1164,sample_001164,samples/sample_001164.npz,32,47,33,46,3,5,15,13,2,30.0,50.0,150.0,130.0,20.0,390.0,390.0,40.0,0.232765891577019,8.07701435405761e-05,0.10572770982980728,0.005254905670881271,0.015103981830179691
1165,sample_001165,samples/sample_001165.npz,37,50,18,24,6,9,13,6,3,60.0,90.0,130.0,60.0,30.0,430.0,205.0,75.0,0.476909687024412,0.0001452477154089138,0.09545237571001053,0.0058320690877735615,0.012822366319596767
1166,sample_001166,samples/sample_001166.npz,41,53,32,39,2,8,12,7,6,20.0,80.0,120.0,70.0,60.0,465.0,350.0,50.0,0.38360509830650635,0.00018667928816284984,0.30819791555404663,0.010835357941687107,0.03365349769592285
1167,sample_001167,samples/sample_001167.npz,38,49,32,39,8,14,11,7,6,80.0,140.0,110.0,70.0,60.0,430.0,350.0,110.0,0.26081610658987864,0.00027869202313013375,0.059605106711387634,0.0057676611468195915,0.00936826691031456
1168,sample_001168,samples/sample_001168.npz,10,15,18,34,4,9,5,16,5,40.0,90.0,50.0,160.0,50.0,120.0,255.0,65.0,0.9862333626386643,0.00039930056664161384,0.39178523421287537,0.02087213099002838,0.05135589465498924
1169,sample_001169,samples/sample_001169.npz,25,39,33,37,2,4,14,4,2,20.0,40.0,140.0,40.0,20.0,315.0,345.0,30.0,0.5897940749946498,6.564055365743116e-05,0.17234474420547485,0.0039359028451144695,0.01613958738744259
1170,sample_001170,samples/sample_001170.npz,27,35,40,50,4,7,8,10,3,40.0,70.0,80.0,100.0,30.0,305.0,445.0,55.0,0.635429319369879,0.0001853139401646331,0.21227137744426727,0.00846798811107874,0.023876242339611053
1171,sample_001171,samples/sample_001171.npz,19,30,23,33,4,9,11,10,5,40.0,90.0,110.0,100.0,50.0,240.0,275.0,65.0,0.9687857967079556,0.0008447672007605433,0.5492506623268127,0.02900831773877144,0.07023216038942337
1172,sample_001172,samples/sample_001172.npz,45,50,22,37,5,11,5,15,6,50.0,110.0,50.0,150.0,60.0,470.0,290.0,80.0,0.8464158226706415,0.0005854180199094117,0.29714280366897583,0.01961570978164673,0.041307248175144196
1173,sample_001173,samples/sample_001173.npz,40,54,29,45,5,7,14,16,2,50.0,70.0,140.0,160.0,20.0,465.0,365.0,60.0,0.46356059047616816,0.00023276451975107193,0.1621774137020111,0.01128955278545618,0.025491366162896156
1174,sample_001174,samples/sample_001174.npz,42,50,34,38,4,12,8,4,8,40.0,120.0,80.0,40.0,80.0,455.0,355.0,80.0,0.9621406435572288,0.0003808510082308203,0.2712639272212982,0.012750224210321903,0.029841817915439606
1175,sample_001175,samples/sample_001175.npz,14,23,31,45,8,12,9,14,4,80.0,120.0,90.0,140.0,40.0,180.0,375.0,100.0,0.6618747347135214,0.0006196238100528717,0.17104415595531464,0.016266578808426857,0.02768206223845482
1176,sample_001176,samples/sample_001176.npz,41,48,23,33,4,8,7,10,4,40.0,80.0,70.0,100.0,40.0,440.0,275.0,60.0,0.9755425182290087,0.0003375764936208725,0.3565393090248108,0.014971403405070305,0.040360067039728165
1177,sample_001177,samples/sample_001177.npz,28,41,30,35,4,9,13,5,5,40.0,90.0,130.0,50.0,50.0,340.0,320.0,65.0,0.6719733474225761,0.00046323955757543445,0.24410368502140045,0.011941840872168541,0.02951866015791893
1178,sample_001178,samples/sample_001178.npz,26,30,24,38,4,9,4,14,5,40.0,90.0,40.0,140.0,50.0,275.0,305.0,65.0,0.4141917283869903,0.00022873828129377216,0.1286708116531372,0.006336968392133713,0.015573055483400822
1179,sample_001179,samples/sample_001179.npz,43,54,10,23,5,10,11,13,5,50.0,100.0,110.0,130.0,50.0,480.0,160.0,75.0,0.6267701082199086,0.0004484048986341804,0.3442746698856354,0.02284262143075466,0.05013788118958473
1180,sample_001180,samples/sample_001180.npz,31,36,38,51,4,8,5,13,4,40.0,80.0,50.0,130.0,40.0,330.0,440.0,60.0,0.6631244276287456,0.00022950793209020048,0.2105354517698288,0.009450814686715603,0.024906091392040253
1181,sample_001181,samples/sample_001181.npz,21,35,24,33,8,15,14,9,7,80.0,150.0,140.0,90.0,70.0,275.0,280.0,115.0,0.7764182781657958,0.0021246597170829773,0.2920561134815216,0.03275853767991066,0.048974622040987015
1182,sample_001182,samples/sample_001182.npz,34,43,8,20,3,7,9,12,4,30.0,70.0,90.0,120.0,40.0,380.0,135.0,50.0,0.21684495095133613,7.608542364323512e-05,0.128957599401474,0.0052026910707354546,0.015348977409303188
1183,sample_001183,samples/sample_001183.npz,22,31,45,52,7,12,9,7,5,70.0,120.0,90.0,70.0,50.0,260.0,480.0,95.0,0.7365854931974825,0.0003762987325899303,0.15229158103466034,0.011376696638762951,0.02167009934782982
1184,sample_001184,samples/sample_001184.npz,37,51,13,25,4,10,14,12,6,40.0,100.0,140.0,120.0,60.0,435.0,185.0,70.0,0.368412055297134,0.00042174459667876363,0.296731561422348,0.019574446603655815,0.04350164532661438
1185,sample_001185,samples/sample_001185.npz,20,24,34,47,7,14,4,13,7,70.0,140.0,40.0,130.0,70.0,215.0,400.0,105.0,0.4020213715389532,0.0002939958358183503,0.07994211465120316,0.007088132668286562,0.012103604152798653
1186,sample_001186,samples/sample_001186.npz,8,19,34,42,8,16,11,8,8,80.0,160.0,110.0,80.0,80.0,130.0,375.0,120.0,0.25471129210570603,0.0003359219408594072,0.07782737165689468,0.008056607097387314,0.012788922525942326
1187,sample_001187,samples/sample_001187.npz,28,39,19,27,8,12,11,8,4,80.0,120.0,110.0,80.0,40.0,330.0,225.0,100.0,0.759484142638541,0.0006535372231155634,0.14930978417396545,0.013244567438960075,0.02278292179107666
1188,sample_001188,samples/sample_001188.npz,22,34,13,25,4,6,12,12,2,40.0,60.0,120.0,120.0,20.0,275.0,185.0,50.0,0.24791101979596475,7.307988562388346e-05,0.08407505601644516,0.004012092016637325,0.010974499396979809
1189,sample_001189,samples/sample_001189.npz,26,38,25,34,8,12,12,9,4,80.0,120.0,120.0,90.0,40.0,315.0,290.0,100.0,0.6812890830245755,0.0009546374203637242,0.15796256065368652,0.014691295102238655,0.02467593364417553
1190,sample_001190,samples/sample_001190.npz,11,20,33,44,4,8,9,11,4,40.0,80.0,90.0,110.0,40.0,150.0,380.0,60.0,0.9575963180103242,0.0003855421091429889,0.4396774470806122,0.020558541640639305,0.054028864949941635
1191,sample_001191,samples/sample_001191.npz,24,37,28,41,8,10,13,13,2,80.0,100.0,130.0,130.0,20.0,300.0,340.0,90.0,0.5938906723349175,0.0005650836392305791,0.11102163046598434,0.010275670327246189,0.017963241785764694
1192,sample_001192,samples/sample_001192.npz,21,29,41,52,5,10,8,11,5,50.0,100.0,80.0,110.0,50.0,245.0,460.0,75.0,0.7601703174453676,0.00044401490595191717,0.30110421776771545,0.01746189408004284,0.039280448108911514
1193,sample_001193,samples/sample_001193.npz,26,32,39,51,5,9,6,12,4,50.0,90.0,60.0,120.0,40.0,285.0,445.0,70.0,0.8593844248684741,0.00036044520675204694,0.24740445613861084,0.01318681612610817,0.031001564115285873
1194,sample_001194,samples/sample_001194.npz,35,40,28,38,6,12,5,10,6,60.0,120.0,50.0,100.0,60.0,370.0,325.0,90.0,0.6647741419866607,0.0005055814981460571,0.14937974512577057,0.010209599509835243,0.019934536889195442
1195,sample_001195,samples/sample_001195.npz,35,40,15,31,7,14,5,16,7,70.0,140.0,50.0,160.0,70.0,370.0,225.0,105.0,0.6184755561510176,0.0007886413368396461,0.17352963984012604,0.016866236925125122,0.02774677984416485
1196,sample_001196,samples/sample_001196.npz,8,14,50,55,5,8,6,5,3,50.0,80.0,60.0,50.0,30.0,105.0,520.0,65.0,0.980695025937316,5.989243072690442e-05,0.12219394743442535,0.00449926033616066,0.012798627838492393
1197,sample_001197,samples/sample_001197.npz,8,14,12,21,3,10,6,9,7,30.0,100.0,60.0,90.0,70.0,105.0,160.0,65.0,0.5181688150307577,0.0001500455109635368,0.2721481919288635,0.010162193328142166,0.02876054123044014
1198,sample_001198,samples/sample_001198.npz,11,18,23,30,3,5,7,7,2,30.0,50.0,70.0,70.0,20.0,140.0,260.0,40.0,0.5075273159334351,3.3615739084780216e-05,0.12204519659280777,0.0028506601229310036,0.010805257596075535
1199,sample_001199,samples/sample_001199.npz,48,53,24,39,8,12,5,15,4,80.0,120.0,50.0,150.0,40.0,500.0,310.0,100.0,0.6103609735322733,0.0003303996054455638,0.09699470549821854,0.008774548768997192,0.015438370406627655
1200,sample_001200,samples/sample_001200.npz,37,46,45,56,8,16,9,11,8,80.0,160.0,90.0,110.0,80.0,410.0,500.0,120.0,0.7246360225970292,0.000986831379123032,0.24485622346401215,0.025615038350224495,0.04080325365066528
1201,sample_001201,samples/sample_001201.npz,24,30,14,21,7,9,6,7,2,70.0,90.0,60.0,70.0,20.0,265.0,170.0,80.0,0.5614256146216123,7.013581489445642e-05,0.0426020622253418,0.0024333784822374582,0.005337627604603767
1202,sample_001202,samples/sample_001202.npz,9,25,13,20,3,10,16,7,7,30.0,100.0,160.0,70.0,70.0,165.0,160.0,65.0,0.49966818365790816,0.00035452150041237473,0.38627249002456665,0.02070416696369648,0.05138906463980675
1203,sample_001203,samples/sample_001203.npz,16,28,15,21,4,11,12,6,7,40.0,110.0,120.0,60.0,70.0,215.0,175.0,75.0,0.953981536092257,0.0005955193773843348,0.4680979251861572,0.025058483704924583,0.05818716436624527
1204,sample_001204,samples/sample_001204.npz,27,43,23,39,7,14,16,16,7,70.0,140.0,160.0,160.0,70.0,345.0,305.0,105.0,0.4160806105074901,0.0024273102171719074,0.304888516664505,0.03664184361696243,0.05512172728776932
1205,sample_001205,samples/sample_001205.npz,40,47,26,36,6,10,7,10,4,60.0,100.0,70.0,100.0,40.0,430.0,305.0,80.0,0.7266306192838623,0.00037384257302619517,0.17147237062454224,0.010594973340630531,0.022524038329720497
1206,sample_001206,samples/sample_001206.npz,20,35,12,19,7,12,15,7,5,70.0,120.0,150.0,70.0,50.0,270.0,150.0,95.0,0.42946140181149794,0.000376209121895954,0.12779241800308228,0.011052577756345272,0.020005108788609505
1207,sample_001207,samples/sample_001207.npz,14,22,26,37,3,5,8,11,2,30.0,50.0,80.0,110.0,20.0,175.0,310.0,40.0,0.49501434110512976,7.564837869722396e-05,0.16216708719730377,0.005026901140809059,0.01719611883163452
1208,sample_001208,samples/sample_001208.npz,23,27,43,52,2,7,4,9,5,20.0,70.0,40.0,90.0,50.0,245.0,470.0,45.0,0.5995633993917864,8.391714072786272e-05,0.2657093405723572,0.006119723431766033,0.022435486316680908
1209,sample_001209,samples/sample_001209.npz,9,17,10,18,7,15,8,8,8,70.0,150.0,80.0,80.0,80.0,125.0,135.0,110.0,0.8104344513706321,0.0005236359429545701,0.22455163300037384,0.018503960222005844,0.033848121762275696
1210,sample_001210,samples/sample_001210.npz,24,34,30,43,6,10,10,13,4,60.0,100.0,100.0,130.0,40.0,285.0,360.0,80.0,0.2130233630225188,0.00024611008120700717,0.07935038954019547,0.005814994219690561,0.011578744277358055
1211,sample_001211,samples/sample_001211.npz,41,49,27,41,7,14,8,14,7,70.0,140.0,80.0,140.0,70.0,445.0,335.0,105.0,0.6746328657233311,0.001160716055892408,0.2675524055957794,0.02557658590376377,0.04260021820664406
1212,sample_001212,samples/sample_001212.npz,17,24,41,54,4,11,7,13,7,40.0,110.0,70.0,130.0,70.0,200.0,470.0,75.0,0.8363016978126423,0.0006076791905798018,0.48219943046569824,0.027549954131245613,0.06321777403354645
1213,sample_001213,samples/sample_001213.npz,26,41,11,16,7,11,15,5,4,70.0,110.0,150.0,50.0,40.0,330.0,130.0,90.0,0.9336676202528704,0.0004467790713533759,0.17541277408599854,0.013833580538630486,0.02647562138736248
1214,sample_001214,samples/sample_001214.npz,16,27,25,35,5,9,11,10,4,50.0,90.0,110.0,100.0,40.0,210.0,295.0,70.0,0.41754134206190346,0.00030010161572135985,0.16849662363529205,0.009838378988206387,0.02238968200981617
1215,sample_001215,samples/sample_001215.npz,16,31,16,24,7,14,15,8,7,70.0,140.0,150.0,80.0,70.0,230.0,195.0,105.0,0.7451931667527913,0.0011876188218593597,0.30860477685928345,0.030130501836538315,0.050042226910591125
1216,sample_001216,samples/sample_001216.npz,14,24,37,51,5,12,10,14,7,50.0,120.0,100.0,140.0,70.0,185.0,435.0,85.0,0.43599260230693937,0.0005840882076881826,0.2873433530330658,0.021571412682533264,0.0428597666323185
1217,sample_001217,samples/sample_001217.npz,34,48,41,49,2,10,14,8,8,20.0,100.0,140.0,80.0,80.0,405.0,445.0,60.0,0.9779767234476793,0.0009266626439057291,1.036628246307373,0.04779841750860214,0.12802866101264954
1218,sample_001218,samples/sample_001218.npz,21,27,20,24,5,11,6,4,6,50.0,110.0,60.0,40.0,60.0,235.0,215.0,80.0,0.9209185697560722,0.0002081720158457756,0.14148099720478058,0.00689880084246397,0.015808362513780594
1219,sample_001219,samples/sample_001219.npz,28,32,40,50,2,4,4,10,2,20.0,40.0,40.0,100.0,20.0,295.0,445.0,30.0,0.4636230033591686,2.406576277280692e-05,0.12596577405929565,0.002198960864916444,0.009986384771764278
1220,sample_001220,samples/sample_001220.npz,33,44,8,17,8,15,11,9,7,80.0,150.0,110.0,90.0,70.0,380.0,120.0,115.0,0.4069915521112515,0.00048673051060177386,0.12740136682987213,0.012773876078426838,0.02093893475830555
1221,sample_001221,samples/sample_001221.npz,15,25,44,55,2,10,10,11,8,20.0,100.0,100.0,110.0,80.0,195.0,490.0,60.0,0.9255095404300016,0.0006953453994356096,1.0059453248977661,0.0437733456492424,0.12139836698770523
1222,sample_001222,samples/sample_001222.npz,14,27,21,31,7,12,13,10,5,70.0,120.0,130.0,100.0,50.0,200.0,255.0,95.0,0.9969540529036276,0.0012231518048793077,0.36603862047195435,0.03223806247115135,0.05721845477819443
1223,sample_001223,samples/sample_001223.npz,9,14,20,33,4,6,5,13,2,40.0,60.0,50.0,130.0,20.0,110.0,260.0,50.0,0.4823658754321316,4.807970253750682e-05,0.09357026219367981,0.0034607388079166412,0.010485348291695118
1224,sample_001224,samples/sample_001224.npz,37,48,37,49,3,7,11,12,4,30.0,70.0,110.0,120.0,40.0,420.0,425.0,50.0,0.328312171508481,0.00015655554307159036,0.217508003115654,0.009724190458655357,0.027478331699967384
1225,sample_001225,samples/sample_001225.npz,26,41,25,39,5,8,15,14,3,50.0,80.0,150.0,140.0,30.0,330.0,315.0,65.0,0.6775445378646527,0.0009699570946395397,0.321111261844635,0.023315690457820892,0.04992729052901268
1226,sample_001226,samples/sample_001226.npz,43,50,34,41,2,6,7,7,4,20.0,60.0,70.0,70.0,40.0,460.0,370.0,40.0,0.7948378076451434,0.00011587916378630325,0.4046410918235779,0.008976607583463192,0.03482513502240181
1227,sample_001227,samples/sample_001227.npz,42,54,25,33,6,8,12,8,2,60.0,80.0,120.0,80.0,20.0,475.0,285.0,70.0,0.7007247162786108,0.00017740025941748172,0.12399762123823166,0.007107194513082504,0.016381829977035522
1228,sample_001228,samples/sample_001228.npz,12,27,42,56,2,5,15,14,3,20.0,50.0,150.0,140.0,30.0,190.0,485.0,35.0,0.903204605951285,0.0002881704713217914,0.6879178881645203,0.03289319574832916,0.10087234526872635
1229,sample_001229,samples/sample_001229.npz,13,21,17,22,7,10,8,5,3,70.0,100.0,80.0,50.0,30.0,165.0,190.0,85.0,0.8277377919485389,0.0001260391145478934,0.0812876895070076,0.00498619582504034,0.010577039793133736
1230,sample_001230,samples/sample_001230.npz,42,53,34,50,2,6,11,16,4,20.0,60.0,110.0,160.0,40.0,470.0,415.0,40.0,0.40969010431751807,0.00018580924370326102,0.36005350947380066,0.016524706035852432,0.04972235858440399
1231,sample_001231,samples/sample_001231.npz,32,42,32,47,4,12,10,15,8,40.0,120.0,100.0,150.0,80.0,365.0,390.0,80.0,0.8198056394882947,0.0018488530768081546,0.7115563750267029,0.0514378547668457,0.10452032834291458
1232,sample_001232,samples/sample_001232.npz,13,27,23,36,4,12,14,13,8,40.0,120.0,140.0,130.0,80.0,195.0,290.0,80.0,0.4445968833381964,0.0011276652803644538,0.43957313895225525,0.03362046927213669,0.06743444502353668
1233,sample_001233,samples/sample_001233.npz,35,39,44,50,5,12,4,6,7,50.0,120.0,40.0,60.0,70.0,365.0,465.0,85.0,0.43480319544738777,0.00011280866601737216,0.07182630896568298,0.0037147405091673136,0.008231612853705883
1234,sample_001234,samples/sample_001234.npz,16,30,29,34,3,10,14,5,7,30.0,100.0,140.0,50.0,70.0,225.0,310.0,65.0,0.4448174720934245,0.00036500373971648514,0.2498050183057785,0.011859199032187462,0.029929017648100853
1235,sample_001235,samples/sample_001235.npz,38,46,35,44,3,7,8,9,4,30.0,70.0,80.0,90.0,40.0,415.0,390.0,50.0,0.6239792028579987,0.00018206998356617987,0.30092909932136536,0.01012802217155695,0.03138849139213562
1236,sample_001236,samples/sample_001236.npz,11,19,36,40,2,9,8,4,7,20.0,90.0,80.0,40.0,70.0,145.0,375.0,55.0,0.7068575365565823,0.0001465649693273008,0.33977261185646057,0.00871048029512167,0.02882002480328083
1237,sample_001237,samples/sample_001237.npz,19,30,12,23,2,9,11,11,7,20.0,90.0,110.0,110.0,70.0,240.0,170.0,55.0,0.3901425993354023,0.0003196982142981142,0.4171413779258728,0.01824582926928997,0.05136959254741669
1238,sample_001238,samples/sample_001238.npz,36,50,26,30,6,12,14,4,6,60.0,120.0,140.0,40.0,60.0,425.0,275.0,90.0,0.685139360638578,0.00044354033889248967,0.1567516028881073,0.011655105277895927,0.02230423502624035
1239,sample_001239,samples/sample_001239.npz,20,35,35,42,2,7,15,7,5,20.0,70.0,150.0,70.0,50.0,270.0,380.0,45.0,0.8094271106263442,0.00047939387150108814,0.6330002546310425,0.0243576280772686,0.07493910193443298
1240,sample_001240,samples/sample_001240.npz,18,23,23,38,2,5,5,15,3,20.0,50.0,50.0,150.0,30.0,200.0,300.0,35.0,0.9377918415871322,0.00017069540626835078,0.42662790417671204,0.012366783805191517,0.045069459825754166
1241,sample_001241,samples/sample_001241.npz,35,51,22,33,4,7,16,11,3,40.0,70.0,160.0,110.0,30.0,425.0,270.0,55.0,0.4079963285953134,0.000256384868407622,0.20515283942222595,0.011970839463174343,0.029550155624747276
1242,sample_001242,samples/sample_001242.npz,30,44,48,56,2,4,14,8,2,20.0,40.0,140.0,80.0,20.0,365.0,515.0,30.0,0.7586811893974497,8.092531788861379e-05,0.3374312222003937,0.009968413040041924,0.037973806262016296
1243,sample_001243,samples/sample_001243.npz,13,24,21,34,3,10,11,13,7,30.0,100.0,110.0,130.0,70.0,180.0,270.0,65.0,0.851795508789825,0.0010901339119300246,0.8137916922569275,0.04597516730427742,0.1108090803027153
1244,sample_001244,samples/sample_001244.npz,8,22,23,32,2,7,14,9,5,20.0,70.0,140.0,90.0,50.0,145.0,270.0,45.0,0.8442902557570473,0.00042386443237774074,0.7505351901054382,0.03006286732852459,0.0923592671751976
1245,sample_001245,samples/sample_001245.npz,15,24,10,17,4,10,9,7,6,40.0,100.0,90.0,70.0,60.0,190.0,130.0,70.0,0.6793088270636738,0.0002443355042487383,0.29112792015075684,0.013331706635653973,0.03390340879559517
1246,sample_001246,samples/sample_001246.npz,16,21,28,43,8,11,5,15,3,80.0,110.0,50.0,150.0,30.0,180.0,350.0,95.0,0.9719255607247133,0.00041342488839291036,0.12436822056770325,0.010847367346286774,0.01932930201292038
1247,sample_001247,samples/sample_001247.npz,52,56,35,48,2,8,4,13,6,20.0,80.0,40.0,130.0,60.0,535.0,410.0,50.0,0.751988093839445,0.00015601745690219104,0.4141850471496582,0.01284755952656269,0.04192803055047989
1248,sample_001248,samples/sample_001248.npz,14,23,43,52,3,5,9,9,2,30.0,50.0,90.0,90.0,20.0,180.0,470.0,40.0,0.6939185608495235,6.552544073201716e-05,0.2201460897922516,0.0064233941957354546,0.02265426144003868
1249,sample_001249,samples/sample_001249.npz,21,27,10,23,2,5,6,13,3,20.0,50.0,60.0,130.0,30.0,235.0,160.0,35.0,0.35630760465129896,4.9472120736027136e-05,0.179378941655159,0.004852824378758669,0.01823321543633938
1250,sample_001250,samples/sample_001250.npz,8,15,48,56,6,14,7,8,8,60.0,140.0,70.0,80.0,80.0,110.0,515.0,100.0,0.3076766505183174,0.00014554362860508263,0.09109023213386536,0.006233600899577141,0.012718555517494678
1251,sample_001251,samples/sample_001251.npz,46,50,29,35,2,10,4,6,8,20.0,100.0,40.0,60.0,80.0,475.0,315.0,60.0,0.8218388988623817,0.00019091885769739747,0.34873467683792114,0.008603453636169434,0.027665087953209877
1252,sample_001252,samples/sample_001252.npz,28,33,43,47,8,12,5,4,4,80.0,120.0,50.0,40.0,40.0,300.0,445.0,100.0,0.9010676083442339,0.00015258656640071422,0.04727824777364731,0.00354078714735806,0.0065015759319067
1253,sample_001253,samples/sample_001253.npz,18,31,39,52,3,11,13,13,8,30.0,110.0,130.0,130.0,80.0,240.0,450.0,70.0,0.26500290511241276,0.0004537467611953616,0.29627424478530884,0.019001150503754616,0.042962733656167984
1254,sample_001254,samples/sample_001254.npz,25,39,37,48,2,5,14,11,3,20.0,50.0,140.0,110.0,30.0,315.0,420.0,35.0,0.9596980998889577,0.0003901828022208065,0.6633273363113403,0.026001568883657455,0.08529022336006165
1255,sample_001255,samples/sample_001255.npz,24,31,8,12,6,9,7,4,3,60.0,90.0,70.0,40.0,30.0,270.0,95.0,75.0,0.3095861792176189,2.8875243515358306e-05,0.027752839028835297,0.001318953582085669,0.0032231060322374105
1256,sample_001256,samples/sample_001256.npz,30,38,38,46,6,14,8,8,8,60.0,140.0,80.0,80.0,80.0,335.0,415.0,100.0,0.9496156216654212,0.0011248947121202946,0.3158731460571289,0.024067318066954613,0.043837770819664
1257,sample_001257,samples/sample_001257.npz,50,56,32,47,6,12,6,15,6,60.0,120.0,60.0,150.0,60.0,525.0,390.0,90.0,0.25020002397375846,0.00017257417493965477,0.08655473589897156,0.006547433324158192,0.01293965894728899
1258,sample_001258,samples/sample_001258.npz,40,44,51,55,2,6,4,4,4,20.0,60.0,40.0,40.0,40.0,415.0,525.0,40.0,0.7340250323437651,2.5445611754548736e-05,0.18468661606311798,0.0026640407741069794,0.011770612560212612
1259,sample_001259,samples/sample_001259.npz,20,36,32,42,6,9,16,10,3,60.0,90.0,160.0,100.0,30.0,275.0,365.0,75.0,0.6849528789520143,0.0006558944587595761,0.23140884935855865,0.017459293827414513,0.035138364881277084
1260,sample_001260,samples/sample_001260.npz,21,32,21,31,3,10,11,10,7,30.0,100.0,110.0,100.0,70.0,260.0,255.0,65.0,0.9555250332273502,0.0011663453187793493,0.7961375713348389,0.040084902197122574,0.09954165667295456
1261,sample_001261,samples/sample_001261.npz,29,41,48,53,3,8,12,5,5,30.0,80.0,120.0,50.0,50.0,345.0,500.0,55.0,0.6504004638375909,0.00018581996846478432,0.29004183411598206,0.010697160847485065,0.03147748485207558
1262,sample_001262,samples/sample_001262.npz,11,15,16,25,7,14,4,9,7,70.0,140.0,40.0,90.0,70.0,125.0,200.0,105.0,0.7082653189429484,0.0002532591752242297,0.10666186362504959,0.008303484879434109,0.015352005138993263
1263,sample_001263,samples/sample_001263.npz,35,50,41,46,2,9,15,5,7,20.0,90.0,150.0,50.0,70.0,420.0,430.0,55.0,0.25125305344997345,0.00012849153426941484,0.18289890885353088,0.007298316340893507,0.020977282896637917
1264,sample_001264,samples/sample_001264.npz,40,53,24,37,2,7,13,13,5,20.0,70.0,130.0,130.0,50.0,460.0,300.0,45.0,0.9609909458477375,0.0007620772230438888,0.9802156686782837,0.04616031050682068,0.13335172832012177
1265,sample_001265,samples/sample_001265.npz,12,24,41,55,6,12,12,14,6,60.0,120.0,120.0,140.0,60.0,175.0,475.0,90.0,0.675492016167424,0.0008580051944591105,0.3933728337287903,0.03330298885703087,0.06289269775152206
1266,sample_001266,samples/sample_001266.npz,8,23,26,39,8,15,15,13,7,80.0,150.0,150.0,130.0,70.0,150.0,320.0,115.0,0.9537401659586227,0.0028886888176202774,0.5066528916358948,0.06010562926530838,0.09097032248973846
1267,sample_001267,samples/sample_001267.npz,45,49,34,42,4,6,4,8,2,40.0,60.0,40.0,80.0,20.0,465.0,375.0,50.0,0.5885451783344846,3.390222627785988e-05,0.07507707923650742,0.002110076369717717,0.006887961644679308
1268,sample_001268,samples/sample_001268.npz,41,50,35,51,2,5,9,16,3,20.0,50.0,90.0,160.0,30.0,450.0,425.0,35.0,0.7345162838611721,0.0001847503735916689,0.48076704144477844,0.01847270503640175,0.06121763214468956
1269,sample_001269,samples/sample_001269.npz,29,37,21,30,3,8,8,9,5,30.0,80.0,80.0,90.0,50.0,325.0,250.0,55.0,0.9241041693105354,0.0005086403689347208,0.5059019923210144,0.01862117275595665,0.054050978273153305
1270,sample_001270,samples/sample_001270.npz,10,26,45,56,5,12,16,11,7,50.0,120.0,160.0,110.0,70.0,175.0,500.0,85.0,0.9848047621935203,0.0013503204099833965,0.7446133494377136,0.059650301933288574,0.11851812899112701
1271,sample_001271,samples/sample_001271.npz,11,20,31,42,5,12,9,11,7,50.0,120.0,90.0,110.0,70.0,150.0,360.0,85.0,0.649520816632839,0.0006739469827152789,0.3391369581222534,0.022744202986359596,0.046991121023893356
1272,sample_001272,samples/sample_001272.npz,29,35,12,28,8,13,6,16,5,80.0,130.0,60.0,160.0,50.0,315.0,195.0,105.0,0.8468713689705487,0.000984093057923019,0.19535113871097565,0.01968863606452942,0.03199950233101845
1273,sample_001273,samples/sample_001273.npz,23,36,18,34,5,13,13,16,8,50.0,130.0,130.0,160.0,80.0,290.0,255.0,90.0,0.7300658708674284,0.0029201428405940533,0.6659762859344482,0.062009673565626144,0.10970981419086456
1274,sample_001274,samples/sample_001274.npz,31,44,12,22,6,10,13,10,4,60.0,100.0,130.0,100.0,40.0,370.0,165.0,80.0,0.8829992340011892,0.0006662745145149529,0.3289138376712799,0.023613663390278816,0.04819687828421593
1275,sample_001275,samples/sample_001275.npz,19,24,20,25,5,13,5,5,8,50.0,130.0,50.0,50.0,80.0,210.0,220.0,90.0,0.4604994629600138,0.00015220223576761782,0.08334001153707504,0.0046478621661663055,0.009828201495110989
1276,sample_001276,samples/sample_001276.npz,27,42,39,48,8,13,15,9,5,80.0,130.0,150.0,90.0,50.0,340.0,430.0,105.0,0.2745770880509734,0.00042382889660075307,0.08693769574165344,0.008991528302431107,0.014482585713267326
1277,sample_001277,samples/sample_001277.npz,40,51,41,47,3,8,11,6,5,30.0,80.0,110.0,60.0,50.0,450.0,435.0,55.0,0.5536263974231161,0.0001606736477697268,0.2757507264614105,0.010057670064270496,0.029600733891129494
1278,sample_001278,samples/sample_001278.npz,8,17,41,55,2,9,9,14,7,20.0,90.0,90.0,140.0,70.0,120.0,475.0,55.0,0.6587004867570838,0.0003898709255736321,0.7014981508255005,0.031246798112988472,0.0889606848359108
1279,sample_001279,samples/sample_001279.npz,19,25,33,45,8,16,6,12,8,80.0,160.0,60.0,120.0,80.0,215.0,385.0,120.0,0.46205608399769577,0.0006310198805294931,0.11653951555490494,0.012393085286021233,0.01883860118687153
1280,sample_001280,samples/sample_001280.npz,38,45,41,56,2,4,7,15,2,20.0,40.0,70.0,150.0,20.0,410.0,480.0,30.0,0.3010852700118881,3.008120256708935e-05,0.1260421872138977,0.003721296787261963,0.014149178750813007
1281,sample_001281,samples/sample_001281.npz,32,48,37,42,7,14,16,5,7,70.0,140.0,160.0,50.0,70.0,395.0,390.0,105.0,0.8335916254924312,0.001031564432196319,0.23388613760471344,0.022716406732797623,0.03740648180246353
1282,sample_001282,samples/sample_001282.npz,29,40,26,38,8,15,11,12,7,80.0,150.0,110.0,120.0,70.0,340.0,315.0,115.0,0.41018145960687724,0.0013926072278991342,0.16270199418067932,0.018177973106503487,0.02715088054537773
1283,sample_001283,samples/sample_001283.npz,10,19,32,46,3,5,9,14,2,30.0,50.0,90.0,140.0,20.0,140.0,385.0,40.0,0.26757828359102964,4.407632877700962e-05,0.10119055956602097,0.003858779324218631,0.012337680906057358
1284,sample_001284,samples/sample_001284.npz,38,44,9,13,8,13,6,4,5,80.0,130.0,60.0,40.0,50.0,405.0,105.0,105.0,0.28393662075004666,4.849344986723736e-05,0.020494922995567322,0.0015721924137324095,0.0029309368692338467
1285,sample_001285,samples/sample_001285.npz,15,21,13,25,7,10,6,12,3,70.0,100.0,60.0,120.0,30.0,175.0,185.0,85.0,0.855004962164692,0.00023840609355829656,0.13458462059497833,0.00927815306931734,0.018898651003837585
1286,sample_001286,samples/sample_001286.npz,34,50,42,55,6,10,16,13,4,60.0,100.0,160.0,130.0,40.0,415.0,480.0,80.0,0.5106620231992565,0.0005254578427411616,0.2560191750526428,0.021568525582551956,0.04199028015136719
1287,sample_001287,samples/sample_001287.npz,22,35,8,16,3,8,13,8,5,30.0,80.0,130.0,80.0,50.0,280.0,115.0,55.0,0.3492969940920885,0.0001630662300158292,0.22939437627792358,0.009897690266370773,0.027796516194939613
1288,sample_001288,samples/sample_001288.npz,42,50,24,35,4,11,8,11,7,40.0,110.0,80.0,110.0,70.0,455.0,290.0,75.0,0.7742865252739344,0.0007241186103783548,0.4524998962879181,0.02503134496510029,0.05731130763888359
1289,sample_001289,samples/sample_001289.npz,8,14,28,44,4,10,6,16,6,40.0,100.0,60.0,160.0,60.0,105.0,355.0,70.0,0.5221148072507413,0.0003268534492235631,0.2710225582122803,0.015579343773424625,0.03666006773710251
1290,sample_001290,samples/sample_001290.npz,15,29,13,29,3,9,14,16,6,30.0,90.0,140.0,160.0,60.0,215.0,205.0,60.0,0.9134232924204544,0.0013531771255657077,0.991661548614502,0.06697574257850647,0.1546722799539566
1291,sample_001291,samples/sample_001291.npz,22,30,45,54,7,9,8,9,2,70.0,90.0,80.0,90.0,20.0,255.0,490.0,80.0,0.8661313767453829,0.00016456705634482205,0.10275635123252869,0.0063575939275324345,0.013725153170526028
1292,sample_001292,samples/sample_001292.npz,31,41,38,46,3,8,10,8,5,30.0,80.0,100.0,80.0,50.0,355.0,415.0,55.0,0.36884055932415355,0.00018213698058389127,0.21483881771564484,0.008224031887948513,0.023618053644895554
1293,sample_001293,samples/sample_001293.npz,24,31,29,45,8,10,7,16,2,80.0,100.0,70.0,160.0,20.0,270.0,365.0,90.0,0.6211252117349182,0.00032404743251390755,0.08083479851484299,0.007099970709532499,0.012677373364567757
1294,sample_001294,samples/sample_001294.npz,26,31,34,45,6,8,5,11,2,60.0,80.0,50.0,110.0,20.0,280.0,390.0,70.0,0.6879416270086703,0.00013079096970614046,0.07704409956932068,0.004068043548613787,0.009522518143057823
1295,sample_001295,samples/sample_001295.npz,16,30,15,22,8,10,14,7,2,80.0,100.0,140.0,70.0,20.0,225.0,180.0,90.0,0.4103499463324826,0.00012449519999790937,0.04930168762803078,0.0040195416659116745,0.00751466816291213
1296,sample_001296,samples/sample_001296.npz,33,48,37,48,5,9,15,11,4,50.0,90.0,150.0,110.0,40.0,400.0,420.0,70.0,0.5020108393606142,0.0004491494328249246,0.25584766268730164,0.017642417922616005,0.03805895149707794
1297,sample_001297,samples/sample_001297.npz,9,15,10,16,6,12,6,6,6,60.0,120.0,60.0,60.0,60.0,115.0,125.0,90.0,0.8033527745731348,0.0001718606217764318,0.1410064399242401,0.008199537172913551,0.01800975762307644
1298,sample_001298,samples/sample_001298.npz,20,27,14,28,5,7,7,14,2,50.0,70.0,70.0,140.0,20.0,230.0,205.0,60.0,0.5616568437639351,0.00012617747415788472,0.11814339458942413,0.0060221953317523,0.015158718451857567
1299,sample_001299,samples/sample_001299.npz,12,22,33,47,6,13,10,14,7,60.0,130.0,100.0,140.0,70.0,165.0,395.0,95.0,0.6089397744442256,0.0009535108110867441,0.3402897119522095,0.02930513583123684,0.05321463569998741
1300,sample_001300,samples/sample_001300.npz,42,54,37,46,6,8,12,9,2,60.0,80.0,120.0,90.0,20.0,475.0,410.0,70.0,0.33508848922161405,8.049371535889804e-05,0.06458970904350281,0.0038017246406525373,0.008736936375498772
1301,sample_001301,samples/sample_001301.npz,42,51,43,53,2,4,9,10,2,20.0,40.0,90.0,100.0,20.0,460.0,475.0,30.0,0.2981511771577857,2.2576517949346453e-05,0.1271248161792755,0.0031505676452070475,0.012852544896304607
1302,sample_001302,samples/sample_001302.npz,49,56,21,35,6,12,7,14,6,60.0,120.0,70.0,140.0,60.0,520.0,275.0,90.0,0.6615312603637062,0.0005475691286846995,0.251384973526001,0.01897675171494484,0.03736443072557449
1303,sample_001303,samples/sample_001303.npz,46,56,25,39,2,6,10,14,4,20.0,60.0,100.0,140.0,40.0,505.0,315.0,40.0,0.24714768030361425,0.00010224341531284153,0.20187908411026,0.007907480001449585,0.025289125740528107
1304,sample_001304,samples/sample_001304.npz,13,23,34,44,4,11,10,10,7,40.0,110.0,100.0,100.0,70.0,175.0,385.0,75.0,0.599895844010451,0.0005653125699609518,0.38704991340637207,0.021963635459542274,0.05000373721122742
1305,sample_001305,samples/sample_001305.npz,45,56,43,50,6,8,11,7,2,60.0,80.0,110.0,70.0,20.0,500.0,460.0,70.0,0.31755336540982965,4.438288669916801e-05,0.04754839092493057,0.002522937022149563,0.006097929086536169
1306,sample_001306,samples/sample_001306.npz,36,48,15,21,6,13,12,6,7,60.0,130.0,120.0,60.0,70.0,415.0,175.0,95.0,0.2614122745460889,0.00020478223450481892,0.08609062433242798,0.006478173658251762,0.012294825166463852
1307,sample_001307,samples/sample_001307.npz,17,30,25,38,6,11,13,13,5,60.0,110.0,130.0,130.0,50.0,230.0,310.0,85.0,0.6303540115716266,0.0011806187685579062,0.32709309458732605,0.027478808537125587,0.05129028856754303
1308,sample_001308,samples/sample_001308.npz,13,20,13,18,6,9,7,5,3,60.0,90.0,70.0,50.0,30.0,160.0,150.0,75.0,0.9007003806131082,9.411989594809711e-05,0.09853963553905487,0.004833299200981855,0.011652177199721336
1309,sample_001309,samples/sample_001309.npz,10,14,28,40,7,13,4,12,6,70.0,130.0,40.0,120.0,60.0,115.0,335.0,100.0,0.41048046719671893,0.00019531608268152922,0.07078533619642258,0.005620766431093216,0.010422486811876297
1310,sample_001310,samples/sample_001310.npz,20,32,22,26,4,9,12,4,5,40.0,90.0,120.0,40.0,50.0,255.0,235.0,65.0,0.6706430096576979,0.000235075582168065,0.1939973682165146,0.008750520646572113,0.02223929949104786
1311,sample_001311,samples/sample_001311.npz,42,56,24,28,8,16,14,4,8,80.0,160.0,140.0,40.0,80.0,485.0,255.0,120.0,0.30246148588384303,0.00026651087682694197,0.05808271840214729,0.006136722397059202,0.00958984438329935
1312,sample_001312,samples/sample_001312.npz,41,51,17,22,6,11,10,5,5,60.0,110.0,100.0,50.0,50.0,455.0,190.0,85.0,0.5271679026013276,0.0001720454019960016,0.1065429076552391,0.006635990459471941,0.014001510106027126
1313,sample_001313,samples/sample_001313.npz,16,32,15,31,2,7,16,16,5,20.0,70.0,160.0,160.0,50.0,235.0,225.0,45.0,0.4402404723707831,0.0005304727237671614,0.5169020891189575,0.03214151784777641,0.08301039785146713
1314,sample_001314,samples/sample_001314.npz,45,51,12,27,6,13,6,15,7,60.0,130.0,60.0,150.0,70.0,475.0,190.0,95.0,0.35801059796093526,0.00031019485322758555,0.13534508645534515,0.010933037847280502,0.02051577903330326
1315,sample_001315,samples/sample_001315.npz,13,25,35,48,2,6,12,13,4,20.0,60.0,120.0,130.0,40.0,185.0,410.0,40.0,0.8880159607593092,0.0003897123970091343,0.7620528340339661,0.031883999705314636,0.09918107837438583
1316,sample_001316,samples/sample_001316.npz,22,29,21,37,3,8,7,16,5,30.0,80.0,70.0,160.0,50.0,250.0,285.0,55.0,0.3722992931810762,0.00030079661519266665,0.23935699462890625,0.011656849645078182,0.030726401135325432
1317,sample_001317,samples/sample_001317.npz,34,45,34,44,2,5,11,10,3,20.0,50.0,110.0,100.0,30.0,390.0,385.0,35.0,0.4322292264542206,0.00011209426156710833,0.26822832226753235,0.0083699319511652,0.02988523803651333
1318,sample_001318,samples/sample_001318.npz,15,22,28,33,2,7,7,5,5,20.0,70.0,70.0,50.0,50.0,180.0,300.0,45.0,0.46949284722945345,7.902990182628855e-05,0.21459755301475525,0.004684306215494871,0.017490142956376076
1319,sample_001319,samples/sample_001319.npz,27,32,31,41,2,5,5,10,3,20.0,50.0,50.0,100.0,30.0,290.0,355.0,35.0,0.5215547749087284,7.982883835211396e-05,0.21419766545295715,0.004604965914040804,0.018652716651558876
1320,sample_001320,samples/sample_001320.npz,28,33,37,45,7,15,5,8,8,70.0,150.0,50.0,80.0,80.0,300.0,405.0,110.0,0.38840310190443256,0.00032940355595201254,0.07015173137187958,0.006001645233482122,0.010098198428750038
1321,sample_001321,samples/sample_001321.npz,15,22,8,16,2,10,7,8,8,20.0,100.0,70.0,80.0,80.0,180.0,115.0,60.0,0.5034565660142294,0.00017225391638930887,0.37689337134361267,0.012001735158264637,0.036935046315193176
1322,sample_001322,samples/sample_001322.npz,50,55,33,42,8,16,5,9,8,80.0,160.0,50.0,90.0,80.0,520.0,370.0,120.0,0.8399101767129051,0.0005367096164263785,0.14053894579410553,0.01343408040702343,0.022142581641674042
1323,sample_001323,samples/sample_001323.npz,11,22,32,37,8,14,11,5,6,80.0,140.0,110.0,50.0,60.0,160.0,340.0,110.0,0.3843844683825989,0.0002637396100908518,0.06429220736026764,0.005987601354718208,0.0099819116294384
1324,sample_001324,samples/sample_001324.npz,28,40,25,40,4,12,12,15,8,40.0,120.0,120.0,150.0,80.0,335.0,320.0,80.0,0.4074939994047232,0.0015522678149864078,0.3983421325683594,0.030864950269460678,0.06092419847846031
1325,sample_001325,samples/sample_001325.npz,15,21,31,41,2,8,6,10,6,20.0,80.0,60.0,100.0,60.0,175.0,355.0,50.0,0.8621886664054039,0.0003044181503355503,0.58620285987854,0.017437072470784187,0.05692420154809952
1326,sample_001326,samples/sample_001326.npz,30,43,13,29,6,11,13,16,5,60.0,110.0,130.0,160.0,50.0,360.0,205.0,85.0,0.4554222820066926,0.0008593001984991133,0.2677477300167084,0.024256665259599686,0.04425733536481857
1327,sample_001327,samples/sample_001327.npz,29,42,19,23,5,11,13,4,6,50.0,110.0,130.0,40.0,60.0,350.0,205.0,80.0,0.5204634407440656,0.0002824532857630402,0.13862042129039764,0.008459123782813549,0.01808403991162777
1328,sample_001328,samples/sample_001328.npz,13,28,20,30,2,9,15,10,7,20.0,90.0,150.0,100.0,70.0,200.0,245.0,55.0,0.47171799217113525,0.0005361262592487037,0.5460894703865051,0.027483681216835976,0.07315095514059067
1329,sample_001329,samples/sample_001329.npz,22,27,8,21,8,14,5,13,6,80.0,140.0,50.0,130.0,60.0,240.0,140.0,110.0,0.8465635474298212,0.0005683660856448114,0.16055645048618317,0.015330284833908081,0.025706902146339417
1330,sample_001330,samples/sample_001330.npz,29,44,35,46,5,13,15,11,8,50.0,130.0,150.0,110.0,80.0,360.0,400.0,90.0,0.5633577989689523,0.0015353376511484385,0.44239571690559387,0.03780855983495712,0.06930409371852875
1331,sample_001331,samples/sample_001331.npz,35,40,14,25,2,4,5,11,2,20.0,40.0,50.0,110.0,20.0,370.0,190.0,30.0,0.26013968113074326,1.713503479550127e-05,0.08325900137424469,0.001695920480415225,0.007355437148362398
1332,sample_001332,samples/sample_001332.npz,10,19,39,48,5,9,9,9,4,50.0,90.0,90.0,90.0,40.0,140.0,430.0,70.0,0.5929367703249266,0.00019341152801644057,0.19378851354122162,0.01002003625035286,0.02429186925292015
1333,sample_001333,samples/sample_001333.npz,14,24,20,30,5,9,10,10,4,50.0,90.0,100.0,100.0,40.0,185.0,245.0,70.0,0.9214339800289597,0.0004800601745955646,0.35063719749450684,0.019585805013775826,0.045487601310014725
1334,sample_001334,samples/sample_001334.npz,17,30,35,45,8,11,13,10,3,80.0,110.0,130.0,100.0,30.0,230.0,395.0,95.0,0.627471727405419,0.00047882230137474835,0.1351194828748703,0.012215928174555302,0.021360164508223534
1335,sample_001335,samples/sample_001335.npz,37,53,10,20,4,9,16,10,5,40.0,90.0,160.0,100.0,50.0,445.0,145.0,65.0,0.2309272225645736,0.0001695861283224076,0.15776412189006805,0.009756489656865597,0.022861845791339874
1336,sample_001336,samples/sample_001336.npz,26,36,38,49,6,12,10,11,6,60.0,120.0,100.0,110.0,60.0,305.0,430.0,90.0,0.9843196215582943,0.0013383985497057438,0.4270467460155487,0.03290226683020592,0.06235409900546074
1337,sample_001337,samples/sample_001337.npz,25,37,13,20,6,12,12,7,6,60.0,120.0,120.0,70.0,60.0,305.0,160.0,90.0,0.9383274991178632,0.0008448692969977856,0.32351064682006836,0.02368018962442875,0.04610816761851311
1338,sample_001338,samples/sample_001338.npz,34,44,20,29,4,11,10,9,7,40.0,110.0,100.0,90.0,70.0,385.0,240.0,75.0,0.5144046326837697,0.0005350208375602961,0.30804702639579773,0.01715538091957569,0.038935981690883636
1339,sample_001339,samples/sample_001339.npz,38,50,15,24,7,14,12,9,7,70.0,140.0,120.0,90.0,70.0,435.0,190.0,105.0,0.38932680121783786,0.0004978463402949274,0.15284766256809235,0.014038032852113247,0.02404901571571827
1340,sample_001340,samples/sample_001340.npz,8,13,31,44,3,11,5,13,8,30.0,110.0,50.0,130.0,80.0,100.0,370.0,70.0,0.2421275018784825,0.00012964359484612942,0.1395127922296524,0.006509468425065279,0.01662764884531498
1341,sample_001341,samples/sample_001341.npz,45,55,16,25,2,9,10,9,7,20.0,90.0,100.0,90.0,70.0,495.0,200.0,55.0,0.7859260862052977,0.0003873604873660952,0.7280421853065491,0.02699846401810646,0.08100543171167374
1342,sample_001342,samples/sample_001342.npz,14,27,43,53,5,13,13,10,8,50.0,130.0,130.0,100.0,80.0,200.0,475.0,90.0,0.5036836646796765,0.000702215067576617,0.3403873145580292,0.02585262432694435,0.050643544644117355
1343,sample_001343,samples/sample_001343.npz,48,56,24,28,7,14,8,4,7,70.0,140.0,80.0,40.0,70.0,515.0,255.0,105.0,0.2594868324618016,9.154433791991323e-05,0.03552984818816185,0.0027129482477903366,0.005024322308599949
1344,sample_001344,samples/sample_001344.npz,26,36,19,34,8,10,10,15,2,80.0,100.0,100.0,150.0,20.0,305.0,260.0,90.0,0.2034287925013641,0.0001569430169183761,0.034448590129613876,0.003117647720500827,0.005500068888068199
1345,sample_001345,samples/sample_001345.npz,35,42,18,33,8,11,7,15,3,80.0,110.0,70.0,150.0,30.0,380.0,250.0,95.0,0.38966518972439623,0.00026795174926519394,0.06793138384819031,0.006158895790576935,0.010712005198001862
1346,sample_001346,samples/sample_001346.npz,9,20,28,39,3,10,11,11,7,30.0,100.0,110.0,110.0,70.0,140.0,330.0,65.0,0.5016012829542356,0.0005128171760588884,0.4398282766342163,0.022687792778015137,0.0568552240729332
1347,sample_001347,samples/sample_001347.npz,43,55,10,26,2,10,12,16,8,20.0,100.0,120.0,160.0,80.0,485.0,175.0,60.0,0.7915303411234,0.001004317426122725,1.0995038747787476,0.06509246677160263,0.16233469545841217
1348,sample_001348,samples/sample_001348.npz,14,19,22,31,6,8,5,9,2,60.0,80.0,50.0,90.0,20.0,160.0,260.0,70.0,0.8368163770125749,9.405516175320372e-05,0.08191126585006714,0.003985017538070679,0.009709452278912067
1349,sample_001349,samples/sample_001349.npz,8,24,30,39,6,10,16,9,4,60.0,100.0,160.0,90.0,40.0,155.0,340.0,80.0,0.33498850909873656,0.0002948078908957541,0.12922005355358124,0.00988903921097517,0.019775165244936943
1350,sample_001350,samples/sample_001350.npz,39,54,27,40,3,9,15,13,6,30.0,90.0,150.0,130.0,60.0,460.0,330.0,60.0,0.3649500848897196,0.0005328142433427274,0.3718707263469696,0.023286210373044014,0.05541536957025528
1351,sample_001351,samples/sample_001351.npz,29,42,13,19,3,6,13,6,3,30.0,60.0,130.0,60.0,30.0,350.0,155.0,45.0,0.24902003146230653,4.899585837847553e-05,0.0969981849193573,0.0033049569465219975,0.010560770519077778
1352,sample_001352,samples/sample_001352.npz,21,34,27,43,2,8,13,16,6,20.0,80.0,130.0,160.0,60.0,270.0,345.0,50.0,0.4128682793221546,0.0007304786704480648,0.5058189034461975,0.029195548966526985,0.07537750899791718
1353,sample_001353,samples/sample_001353.npz,25,29,27,31,2,6,4,4,4,20.0,60.0,40.0,40.0,40.0,265.0,285.0,40.0,0.8441281918683257,5.940861228737049e-05,0.21238945424556732,0.0031413028482347727,0.013520468957722187
1354,sample_001354,samples/sample_001354.npz,17,27,33,37,6,10,10,4,4,60.0,100.0,100.0,40.0,40.0,215.0,345.0,80.0,0.7825409542317874,0.00022889203683007509,0.11225677281618118,0.006535411812365055,0.014109025709331036
1355,sample_001355,samples/sample_001355.npz,42,55,29,36,7,14,13,7,7,70.0,140.0,130.0,70.0,70.0,480.0,320.0,105.0,0.5333154788258758,0.000689307926222682,0.1780467927455902,0.01619439199566841,0.027846189215779305
1356,sample_001356,samples/sample_001356.npz,22,33,32,38,3,10,11,6,7,30.0,100.0,110.0,60.0,70.0,270.0,345.0,65.0,0.8032892919658001,0.000669947185087949,0.47149473428726196,0.020273525267839432,0.052700791507959366
1357,sample_001357,samples/sample_001357.npz,23,31,9,18,5,12,8,9,7,50.0,120.0,80.0,90.0,70.0,265.0,130.0,85.0,0.749176624670036,0.0005229894304648042,0.3109584450721741,0.018913669511675835,0.04056311771273613
1358,sample_001358,samples/sample_001358.npz,19,26,19,23,4,7,7,4,3,40.0,70.0,70.0,40.0,30.0,220.0,205.0,55.0,0.9483456350215203,8.081021223915741e-05,0.14569500088691711,0.004418610595166683,0.013593100011348724
1359,sample_001359,samples/sample_001359.npz,13,17,10,20,2,9,4,10,7,20.0,90.0,40.0,100.0,70.0,145.0,145.0,55.0,0.4856738121297176,9.462649904889986e-05,0.25926387310028076,0.0073639703914523125,0.023934150114655495
1360,sample_001360,samples/sample_001360.npz,26,36,40,52,8,10,10,12,2,80.0,100.0,100.0,120.0,20.0,305.0,455.0,90.0,0.8400562540389496,0.00038208364276215434,0.12302986532449722,0.010129319503903389,0.01876925490796566
1361,sample_001361,samples/sample_001361.npz,25,31,16,22,6,8,6,6,2,60.0,80.0,60.0,60.0,20.0,275.0,185.0,70.0,0.9182959113554345,9.323163249064237e-05,0.07742706686258316,0.003524326952174306,0.008689336478710175
1362,sample_001362,samples/sample_001362.npz,30,43,19,29,2,9,13,10,7,20.0,90.0,130.0,100.0,70.0,360.0,235.0,55.0,0.4727209998691504,0.0005607689381577075,0.5196471810340881,0.02401713840663433,0.065652996301651
1363,sample_001363,samples/sample_001363.npz,30,41,29,42,3,8,11,13,5,30.0,80.0,110.0,130.0,50.0,350.0,350.0,55.0,0.2518800107685798,0.00028372975066304207,0.1988842785358429,0.010084347799420357,0.02629411779344082
1364,sample_001364,samples/sample_001364.npz,12,24,45,54,6,14,12,9,8,60.0,140.0,120.0,90.0,80.0,175.0,490.0,100.0,0.675379950395088,0.0007762709283269942,0.33645644783973694,0.027551991865038872,0.05121248587965965
1365,sample_001365,samples/sample_001365.npz,39,54,24,29,6,12,15,5,6,60.0,120.0,150.0,50.0,60.0,460.0,260.0,90.0,0.46025572957074945,0.0003420940483920276,0.1342865377664566,0.010362868197262287,0.01982313208281994
1366,sample_001366,samples/sample_001366.npz,22,32,37,52,6,8,10,15,2,60.0,80.0,100.0,150.0,20.0,265.0,440.0,70.0,0.843059398102584,0.00035651904181577265,0.19834940135478973,0.013457129709422588,0.02907886914908886
1367,sample_001367,samples/sample_001367.npz,8,23,18,23,5,9,15,5,4,50.0,90.0,150.0,50.0,40.0,150.0,200.0,70.0,0.8347975749852863,0.00026046312996186316,0.22791551053524017,0.013085384853184223,0.030517837032675743
1368,sample_001368,samples/sample_001368.npz,10,19,12,16,4,10,9,4,6,40.0,100.0,90.0,40.0,60.0,140.0,135.0,70.0,0.6797060756129902,0.00012453817180357873,0.18246182799339294,0.007539934944361448,0.019889159128069878
1369,sample_001369,samples/sample_001369.npz,23,32,38,48,2,9,9,10,7,20.0,90.0,90.0,100.0,70.0,270.0,425.0,55.0,0.6868769485313029,0.0005087129538878798,0.636288046836853,0.024088621139526367,0.07065366208553314
1370,sample_001370,samples/sample_001370.npz,17,26,9,22,8,13,9,13,5,80.0,130.0,90.0,130.0,50.0,210.0,150.0,105.0,0.7990136475009837,0.0007360649760812521,0.22924913465976715,0.02200387604534626,0.03744664788246155
1371,sample_001371,samples/sample_001371.npz,40,45,14,30,3,11,5,16,8,30.0,110.0,50.0,160.0,80.0,420.0,215.0,70.0,0.35397883954280884,0.00029202268342487514,0.22208251059055328,0.012052970938384533,0.02857305109500885
1372,sample_001372,samples/sample_001372.npz,42,50,36,51,4,12,8,15,8,40.0,120.0,80.0,150.0,80.0,455.0,430.0,80.0,0.30623222951721935,0.00037291113403625786,0.22589227557182312,0.015046357177197933,0.03198251500725746
1373,sample_001373,samples/sample_001373.npz,37,41,35,47,7,9,4,12,2,70.0,90.0,40.0,120.0,20.0,385.0,405.0,80.0,0.6326872030360078,0.0001020650815917179,0.04976806044578552,0.003163981717079878,0.006635043304413557
1374,sample_001374,samples/sample_001374.npz,47,52,38,42,8,15,5,4,7,80.0,150.0,50.0,40.0,70.0,490.0,395.0,115.0,0.9066882739798563,0.00022336594702210277,0.06712958216667175,0.005821690894663334,0.00990191288292408
1375,sample_001375,samples/sample_001375.npz,40,55,24,37,4,8,15,13,4,40.0,80.0,150.0,130.0,40.0,470.0,300.0,60.0,0.6083805004652745,0.0005728199612349272,0.40330952405929565,0.025804923847317696,0.06051681190729141
1376,sample_001376,samples/sample_001376.npz,27,33,22,37,2,6,6,15,4,20.0,60.0,60.0,150.0,40.0,295.0,290.0,40.0,0.7970152233866241,0.0003607615944929421,0.49850478768348694,0.016686221584677696,0.05542111396789551
1377,sample_001377,samples/sample_001377.npz,18,31,23,27,2,10,13,4,8,20.0,100.0,130.0,40.0,80.0,240.0,245.0,60.0,0.283418367949016,0.0001566132705193013,0.17547312378883362,0.006493968423455954,0.018409254029393196
1378,sample_001378,samples/sample_001378.npz,39,51,29,39,4,10,12,10,6,40.0,100.0,120.0,100.0,60.0,445.0,335.0,70.0,0.4076404272234811,0.0004394157149363309,0.2706584930419922,0.0156423207372427,0.036059942096471786
1379,sample_001379,samples/sample_001379.npz,36,41,23,38,4,10,5,15,6,40.0,100.0,50.0,150.0,60.0,380.0,300.0,70.0,0.8581727775428851,0.0007355873240157962,0.368107408285141,0.02079295739531517,0.04782012104988098
1380,sample_001380,samples/sample_001380.npz,44,51,47,53,2,4,7,6,2,20.0,40.0,70.0,60.0,20.0,470.0,495.0,30.0,0.3319360194185899,1.0786302482301835e-05,0.10199036449193954,0.0016314327949658036,0.007753368467092514
1381,sample_001381,samples/sample_001381.npz,40,49,46,51,4,6,9,5,2,40.0,60.0,90.0,50.0,20.0,440.0,480.0,50.0,0.8425210138603108,5.493018761626445e-05,0.13716310262680054,0.004207492806017399,0.013525969348847866
1382,sample_001382,samples/sample_001382.npz,35,42,10,19,6,14,7,9,8,60.0,140.0,70.0,90.0,80.0,380.0,140.0,100.0,0.9997482347938649,0.0008091400377452374,0.3246278166770935,0.024217182770371437,0.04569355398416519
1383,sample_001383,samples/sample_001383.npz,19,34,44,53,8,11,15,9,3,80.0,110.0,150.0,90.0,30.0,260.0,480.0,95.0,0.6898976310115725,0.00045575949479825795,0.14945736527442932,0.013669568113982677,0.024236449971795082
1384,sample_001384,samples/sample_001384.npz,13,21,41,55,5,12,8,14,7,50.0,120.0,80.0,140.0,70.0,165.0,475.0,85.0,0.4369567137661692,0.00039659879985265434,0.24276790022850037,0.016993310302495956,0.03507283702492714
1385,sample_001385,samples/sample_001385.npz,28,36,31,38,6,8,8,7,2,60.0,80.0,80.0,70.0,20.0,315.0,340.0,70.0,0.3575351821737218,9.256272460334003e-05,0.04298927262425423,0.0021625389344990253,0.005119098350405693
1386,sample_001386,samples/sample_001386.npz,25,32,38,54,6,9,7,16,3,60.0,90.0,70.0,160.0,30.0,280.0,455.0,75.0,0.5805872333560745,0.00029158685356378555,0.14751853048801422,0.010206165723502636,0.021470434963703156
1387,sample_001387,samples/sample_001387.npz,19,33,35,49,8,14,14,14,6,80.0,140.0,140.0,140.0,60.0,255.0,415.0,110.0,0.4453664145646705,0.0011932330671697855,0.2160881608724594,0.025046903640031815,0.0380142442882061
1388,sample_001388,samples/sample_001388.npz,32,46,23,37,6,14,14,14,8,60.0,140.0,140.0,140.0,80.0,385.0,295.0,100.0,0.20654294979418744,0.0008408878929913044,0.15820816159248352,0.016079850494861603,0.02645362727344036
1389,sample_001389,samples/sample_001389.npz,11,26,12,20,3,8,15,8,5,30.0,80.0,150.0,80.0,50.0,180.0,155.0,55.0,0.32849805326602954,0.00015556042490061373,0.22777843475341797,0.01075754500925541,0.02921469882130623
1390,sample_001390,samples/sample_001390.npz,46,56,41,46,8,12,10,5,4,80.0,120.0,100.0,50.0,40.0,505.0,430.0,100.0,0.8757673276409093,0.0002381615195190534,0.10427737236022949,0.008257804438471794,0.015435617417097092
1391,sample_001391,samples/sample_001391.npz,40,49,40,56,2,5,9,16,3,20.0,50.0,90.0,160.0,30.0,440.0,475.0,35.0,0.21031674693989777,4.725423059426248e-05,0.13765980303287506,0.005262347869575024,0.017535969614982605
1392,sample_001392,samples/sample_001392.npz,44,50,29,39,6,11,6,10,5,60.0,110.0,60.0,100.0,50.0,465.0,335.0,85.0,0.8411101785711417,0.0004229978076182306,0.2012215405702591,0.012839692644774914,0.026602331548929214
1393,sample_001393,samples/sample_001393.npz,21,26,8,16,2,5,5,8,3,20.0,50.0,50.0,80.0,30.0,230.0,115.0,35.0,0.42111145411690565,2.5678154997876845e-05,0.15896882116794586,0.0029180364217609167,0.012633652426302433
1394,sample_001394,samples/sample_001394.npz,33,47,19,30,6,11,14,11,5,60.0,110.0,140.0,110.0,50.0,395.0,240.0,85.0,0.4025566718108203,0.0005633503315038979,0.19560052454471588,0.015928329899907112,0.030150627717375755
1395,sample_001395,samples/sample_001395.npz,40,55,36,43,4,11,15,7,7,40.0,110.0,150.0,70.0,70.0,470.0,390.0,75.0,0.7108693575668568,0.0006649998831562698,0.4396427869796753,0.027158237993717194,0.06040661409497261
1396,sample_001396,samples/sample_001396.npz,34,48,13,26,2,8,14,13,6,20.0,80.0,140.0,130.0,60.0,405.0,190.0,50.0,0.48516517323512903,0.00047863140935078263,0.5686072111129761,0.029695868492126465,0.08032866567373276
1397,sample_001397,samples/sample_001397.npz,29,36,29,45,7,11,7,16,4,70.0,110.0,70.0,160.0,40.0,320.0,365.0,90.0,0.832887418213963,0.000991562963463366,0.22073926031589508,0.01907801628112793,0.034270066767930984
1398,sample_001398,samples/sample_001398.npz,11,25,39,54,2,8,14,15,6,20.0,80.0,140.0,150.0,60.0,175.0,460.0,50.0,0.5233352758392753,0.0004892881261184812,0.646619975566864,0.0365731306374073,0.09671945869922638
1399,sample_001399,samples/sample_001399.npz,32,41,30,40,5,12,9,10,7,50.0,120.0,90.0,100.0,70.0,360.0,345.0,85.0,0.47684315636930474,0.0007015775772742927,0.23381029069423676,0.01558187510818243,0.03150800243020058
1400,sample_001400,samples/sample_001400.npz,37,48,31,42,3,5,11,11,2,30.0,50.0,110.0,110.0,20.0,420.0,360.0,40.0,0.5542336932022041,0.00011786552204284817,0.21126554906368256,0.00776186166331172,0.025003669783473015
1401,sample_001401,samples/sample_001401.npz,35,41,34,39,5,13,6,5,8,50.0,130.0,60.0,50.0,80.0,375.0,360.0,90.0,0.3337109292565371,0.00017756536544766277,0.07127144932746887,0.004094866104424,0.008474135771393776
1402,sample_001402,samples/sample_001402.npz,44,49,11,22,3,5,5,11,2,30.0,50.0,50.0,110.0,20.0,460.0,160.0,40.0,0.48970935366292534,3.054874832741916e-05,0.11624967306852341,0.003074086271226406,0.01119806244969368
1403,sample_001403,samples/sample_001403.npz,29,40,44,56,7,11,11,12,4,70.0,110.0,110.0,120.0,40.0,340.0,495.0,90.0,0.511446919630558,0.0004296674160286784,0.16362814605236053,0.013341696001589298,0.025233471766114235
1404,sample_001404,samples/sample_001404.npz,33,47,10,15,3,11,14,5,8,30.0,110.0,140.0,50.0,80.0,395.0,120.0,70.0,0.6897609318178135,0.00039902422577142715,0.4110413193702698,0.0201158057898283,0.0502641536295414
1405,sample_001405,samples/sample_001405.npz,39,55,19,33,8,11,16,14,3,80.0,110.0,160.0,140.0,30.0,465.0,255.0,95.0,0.3694448871728024,0.00042246596422046423,0.11699261516332626,0.012180943042039871,0.02048075571656227
1406,sample_001406,samples/sample_001406.npz,35,49,31,43,4,7,14,12,3,40.0,70.0,140.0,120.0,30.0,415.0,365.0,55.0,0.8992274964328211,0.0005482143023982644,0.45088323950767517,0.02522001601755619,0.06315407156944275
1407,sample_001407,samples/sample_001407.npz,8,18,26,35,7,10,10,9,3,70.0,100.0,100.0,90.0,30.0,125.0,300.0,85.0,0.6360018219449997,0.00025562639348208904,0.12367342412471771,0.008580614812672138,0.017537089064717293
1408,sample_001408,samples/sample_001408.npz,32,44,16,27,4,11,12,11,7,40.0,110.0,120.0,110.0,70.0,375.0,210.0,75.0,0.5450742576564824,0.0007813361589796841,0.4168972969055176,0.02655595913529396,0.05786382779479027
1409,sample_001409,samples/sample_001409.npz,46,50,25,33,2,9,4,8,7,20.0,90.0,40.0,80.0,70.0,475.0,285.0,55.0,0.9216322930238217,0.00021292602468747646,0.4430106282234192,0.011404341086745262,0.03756469488143921
1410,sample_001410,samples/sample_001410.npz,29,40,48,54,5,12,11,6,7,50.0,120.0,110.0,60.0,70.0,340.0,505.0,85.0,0.38649264398122285,0.00025813086540438235,0.145480215549469,0.008940479718148708,0.019103119149804115
1411,sample_001411,samples/sample_001411.npz,35,49,42,49,3,5,14,7,2,30.0,50.0,140.0,70.0,20.0,415.0,450.0,40.0,0.5083328559449418,6.791356281610206e-05,0.16579367220401764,0.005728644784539938,0.01889057271182537
1412,sample_001412,samples/sample_001412.npz,14,28,20,32,6,12,14,12,6,60.0,120.0,140.0,120.0,60.0,205.0,255.0,90.0,0.8920965753764094,0.001641593873500824,0.5195125341415405,0.04540224000811577,0.0824614092707634
1413,sample_001413,samples/sample_001413.npz,22,36,21,33,4,10,14,12,6,40.0,100.0,140.0,120.0,60.0,285.0,265.0,70.0,0.5610818207069715,0.0010882285423576832,0.45191437005996704,0.030456718057394028,0.0659981369972229
1414,sample_001414,samples/sample_001414.npz,45,49,21,37,6,9,4,16,3,60.0,90.0,40.0,160.0,30.0,465.0,285.0,75.0,0.24345053863909857,6.793649663450196e-05,0.037559933960437775,0.0024434905499219894,0.005243736784905195
1415,sample_001415,samples/sample_001415.npz,8,19,29,35,3,8,11,6,5,30.0,80.0,110.0,60.0,50.0,130.0,315.0,55.0,0.7718770185074015,0.0002617098798509687,0.38445717096328735,0.013957319781184196,0.04128505662083626
1416,sample_001416,samples/sample_001416.npz,19,30,29,42,4,10,11,13,6,40.0,100.0,110.0,130.0,60.0,240.0,350.0,70.0,0.5992004211056372,0.0008909416501410306,0.43902504444122314,0.027626123279333115,0.061547715216875076
1417,sample_001417,samples/sample_001417.npz,34,39,9,16,4,9,5,7,5,40.0,90.0,50.0,70.0,50.0,360.0,120.0,65.0,0.9255994331311843,0.00016946351388469338,0.2299891710281372,0.008585313335061073,0.02371332235634327
1418,sample_001418,samples/sample_001418.npz,42,50,41,54,2,5,8,13,3,20.0,50.0,80.0,130.0,30.0,455.0,470.0,35.0,0.7453125855074674,0.0001173594719148241,0.4408392906188965,0.013467035256326199,0.04878058284521103
1419,sample_001419,samples/sample_001419.npz,17,27,39,52,8,12,10,13,4,80.0,120.0,100.0,130.0,40.0,215.0,450.0,100.0,0.7621163191830871,0.0006601716740988195,0.2042502611875534,0.01918790303170681,0.03301001340150833
1420,sample_001420,samples/sample_001420.npz,19,25,25,31,7,10,6,6,3,70.0,100.0,60.0,60.0,30.0,215.0,275.0,85.0,0.4814566337376026,9.760347893461585e-05,0.04381747916340828,0.002677179640159011,0.005554954521358013
1421,sample_001421,samples/sample_001421.npz,30,43,49,54,6,11,13,5,5,60.0,110.0,130.0,50.0,50.0,360.0,510.0,85.0,0.9562300198599492,0.0004222993738949299,0.22962146997451782,0.015490531921386719,0.0321170799434185
1422,sample_001422,samples/sample_001422.npz,15,28,19,25,4,6,13,6,2,40.0,60.0,130.0,60.0,20.0,210.0,215.0,50.0,0.8428377400583478,0.0001221662387251854,0.19083300232887268,0.007385604083538055,0.02170071378350258
1423,sample_001423,samples/sample_001423.npz,24,36,20,30,2,8,12,10,6,20.0,80.0,120.0,100.0,60.0,295.0,245.0,50.0,0.9300664978559248,0.0008902361150830984,0.9181640148162842,0.03792714327573776,0.11068478971719742
1424,sample_001424,samples/sample_001424.npz,8,12,15,29,7,9,4,14,2,70.0,90.0,40.0,140.0,20.0,95.0,215.0,80.0,0.5084547501891776,5.947614772594534e-05,0.04389074444770813,0.0028204447589814663,0.006140329875051975
1425,sample_001425,samples/sample_001425.npz,17,28,50,56,2,5,11,6,3,20.0,50.0,110.0,60.0,30.0,220.0,525.0,35.0,0.5133173091677605,4.895943129668012e-05,0.24678419530391693,0.005850763060152531,0.02324611321091652
1426,sample_001426,samples/sample_001426.npz,39,55,14,28,2,7,16,14,5,20.0,70.0,160.0,140.0,50.0,465.0,205.0,45.0,0.9508293333865736,0.0007637832313776016,1.0690582990646362,0.060103364288806915,0.16279926896095276
1427,sample_001427,samples/sample_001427.npz,37,43,42,50,8,11,6,8,3,80.0,110.0,60.0,80.0,30.0,395.0,455.0,95.0,0.5611681380919024,0.0001327210193267092,0.053605448454618454,0.003986328840255737,0.007536655757576227
1428,sample_001428,samples/sample_001428.npz,12,21,15,28,5,13,9,13,8,50.0,130.0,90.0,130.0,80.0,160.0,210.0,90.0,0.5570112895394149,0.0007275902898982167,0.3466862440109253,0.02584417723119259,0.05079163238406181
1429,sample_001429,samples/sample_001429.npz,51,56,10,25,6,11,5,15,5,60.0,110.0,50.0,150.0,50.0,530.0,170.0,85.0,0.7821246237749553,0.00029619684210047126,0.2039874941110611,0.01418069563806057,0.029830899089574814
1430,sample_001430,samples/sample_001430.npz,44,56,47,52,5,7,12,5,2,50.0,70.0,120.0,50.0,20.0,495.0,490.0,60.0,0.25396902303842295,2.2308846382657066e-05,0.037533070892095566,0.0016138734063133597,0.004414341412484646
1431,sample_001431,samples/sample_001431.npz,22,28,41,49,4,7,6,8,3,40.0,70.0,60.0,80.0,30.0,245.0,445.0,55.0,0.6955064360374871,0.00010276453394908458,0.16478195786476135,0.005549680441617966,0.016533292829990387
1432,sample_001432,samples/sample_001432.npz,23,35,26,31,7,13,12,5,6,70.0,130.0,120.0,50.0,60.0,285.0,280.0,100.0,0.707383141241813,0.0007165977731347084,0.15020401775836945,0.012703006155788898,0.022127976641058922
1433,sample_001433,samples/sample_001433.npz,28,37,24,32,8,13,9,8,5,80.0,130.0,90.0,80.0,50.0,320.0,275.0,105.0,0.24224087969364608,0.00027409251197241247,0.04724491015076637,0.004294618498533964,0.007146055344492197
1434,sample_001434,samples/sample_001434.npz,47,56,17,23,2,10,9,6,8,20.0,100.0,90.0,60.0,80.0,510.0,195.0,60.0,0.30298886101046985,0.00010524602112127468,0.21870256960391998,0.0069944714196026325,0.021390138193964958
1435,sample_001435,samples/sample_001435.npz,24,32,27,35,6,13,8,8,7,60.0,130.0,80.0,80.0,70.0,275.0,305.0,95.0,0.925032624987288,0.001165031106211245,0.2877335548400879,0.020967530086636543,0.03919566050171852
1436,sample_001436,samples/sample_001436.npz,15,30,31,37,5,7,15,6,2,50.0,70.0,150.0,60.0,20.0,220.0,335.0,60.0,0.5397512616322826,0.0001421916822437197,0.10358336567878723,0.005346822552382946,0.013306810520589352
1437,sample_001437,samples/sample_001437.npz,21,36,29,35,2,4,15,6,2,20.0,40.0,150.0,60.0,20.0,280.0,315.0,30.0,0.8784508171005738,0.0001550134620629251,0.3400576114654541,0.009419264271855354,0.036188483238220215
1438,sample_001438,samples/sample_001438.npz,40,49,30,36,5,13,9,6,8,50.0,130.0,90.0,60.0,80.0,440.0,325.0,90.0,0.9572951305657849,0.000817640800960362,0.33344849944114685,0.02092229574918747,0.04260415583848953
1439,sample_001439,samples/sample_001439.npz,40,48,40,50,8,13,8,10,5,80.0,130.0,80.0,100.0,50.0,435.0,445.0,105.0,0.49271818995656,0.000328557362081483,0.10504961013793945,0.009386413730680943,0.016194552183151245
1440,sample_001440,samples/sample_001440.npz,33,45,21,31,7,14,12,10,7,70.0,140.0,120.0,100.0,70.0,385.0,255.0,105.0,0.997982252592323,0.0019996417686343193,0.4280546009540558,0.04096803814172745,0.06757499277591705
1441,sample_001441,samples/sample_001441.npz,23,37,28,32,8,14,14,4,6,80.0,140.0,140.0,40.0,60.0,295.0,295.0,110.0,0.7191062634409118,0.0008096418459899724,0.11655973643064499,0.011746004223823547,0.01848490536212921
1442,sample_001442,samples/sample_001442.npz,15,27,40,54,5,12,12,14,7,50.0,120.0,120.0,140.0,70.0,205.0,465.0,85.0,0.49929064168365694,0.0007801849860697985,0.37324514985084534,0.02951059117913246,0.057821646332740784
1443,sample_001443,samples/sample_001443.npz,32,39,13,28,8,15,7,15,7,80.0,150.0,70.0,150.0,70.0,350.0,200.0,115.0,0.5813432211677949,0.001033611479215324,0.18324114382266998,0.020141754299402237,0.030781764537096024
1444,sample_001444,samples/sample_001444.npz,38,51,28,32,5,8,13,4,3,50.0,80.0,130.0,40.0,30.0,440.0,295.0,65.0,0.9553678815318702,0.00021156526054255664,0.1640198975801468,0.008058767765760422,0.01993340626358986
1445,sample_001445,samples/sample_001445.npz,20,32,24,30,3,8,12,6,5,30.0,80.0,120.0,60.0,50.0,255.0,265.0,55.0,0.8858024402638784,0.0004368254740256816,0.4599262475967407,0.017829904332756996,0.0507596880197525
1446,sample_001446,samples/sample_001446.npz,16,30,19,31,3,8,14,12,5,30.0,80.0,140.0,120.0,50.0,225.0,245.0,55.0,0.9522201790505529,0.000939399644266814,0.8140622973442078,0.04451187700033188,0.1132991686463356
1447,sample_001447,samples/sample_001447.npz,32,38,18,31,6,14,6,13,8,60.0,140.0,60.0,130.0,80.0,345.0,240.0,100.0,0.8654960658661641,0.0013265002053231,0.32157909870147705,0.02682298794388771,0.04729510843753815
1448,sample_001448,samples/sample_001448.npz,31,44,25,39,7,11,13,14,4,70.0,110.0,130.0,140.0,40.0,370.0,315.0,90.0,0.5840722873151305,0.0011289238464087248,0.23320692777633667,0.02172252908349037,0.03800621256232262
1449,sample_001449,samples/sample_001449.npz,16,30,50,54,8,10,14,4,2,80.0,100.0,140.0,40.0,20.0,225.0,515.0,90.0,0.6403850072905433,9.116466389968991e-05,0.04598253220319748,0.0034881778992712498,0.006833309307694435
1450,sample_001450,samples/sample_001450.npz,38,51,33,49,6,11,13,16,5,60.0,110.0,130.0,160.0,50.0,440.0,405.0,85.0,0.716723246901245,0.0011320436606183648,0.42136943340301514,0.0378388911485672,0.06980288773775101
1451,sample_001451,samples/sample_001451.npz,35,43,30,37,2,9,8,7,7,20.0,90.0,80.0,70.0,70.0,385.0,330.0,55.0,0.24056497450168302,0.0001388613454764709,0.1714627891778946,0.00527809327468276,0.01643379032611847
1452,sample_001452,samples/sample_001452.npz,11,23,8,20,4,7,12,12,3,40.0,70.0,120.0,120.0,30.0,165.0,135.0,55.0,0.9360249026810958,0.0002907099842559546,0.43702614307403564,0.02187209576368332,0.05827419087290764
1453,sample_001453,samples/sample_001453.npz,31,47,46,52,4,10,16,6,6,40.0,100.0,160.0,60.0,60.0,385.0,485.0,70.0,0.6535679257555072,0.00043223818647675216,0.3392580449581146,0.019788766279816628,0.045804712921381
1454,sample_001454,samples/sample_001454.npz,49,54,22,26,2,7,5,4,5,20.0,70.0,50.0,40.0,50.0,510.0,235.0,45.0,0.6818527257114134,4.556186104309745e-05,0.2169932723045349,0.00383081310428679,0.01529855839908123
1455,sample_001455,samples/sample_001455.npz,17,23,38,49,2,6,6,11,4,20.0,60.0,60.0,110.0,40.0,195.0,430.0,40.0,0.6551594227283264,0.0001176977893919684,0.37536442279815674,0.009953645057976246,0.03626897186040878
1456,sample_001456,samples/sample_001456.npz,11,24,18,33,7,11,13,15,4,70.0,110.0,130.0,150.0,40.0,170.0,250.0,90.0,0.8498022697767809,0.0010701320134103298,0.3536648154258728,0.03308846801519394,0.059017788618803024
1457,sample_001457,samples/sample_001457.npz,13,22,11,22,5,10,9,11,5,50.0,100.0,90.0,110.0,50.0,170.0,160.0,75.0,0.5572216429455099,0.000290486408630386,0.2402854561805725,0.014163385145366192,0.03217519074678421
1458,sample_001458,samples/sample_001458.npz,49,56,39,47,4,10,7,8,6,40.0,100.0,70.0,80.0,60.0,520.0,425.0,70.0,0.5944359965907565,0.00018623724463395774,0.2358734905719757,0.010307439602911472,0.026678459718823433
1459,sample_001459,samples/sample_001459.npz,27,32,45,54,5,7,5,9,2,50.0,70.0,50.0,90.0,20.0,290.0,490.0,60.0,0.759109828247144,7.434772123815492e-05,0.09466011822223663,0.0037012433167546988,0.010271994397044182
1460,sample_001460,samples/sample_001460.npz,46,50,25,40,4,8,4,15,4,40.0,80.0,40.0,150.0,40.0,475.0,320.0,60.0,0.7428390709502859,0.00021453335648402572,0.20689620077610016,0.009704584255814552,0.025225868448615074
1461,sample_001461,samples/sample_001461.npz,34,39,20,28,4,12,5,8,8,40.0,120.0,50.0,80.0,80.0,360.0,235.0,80.0,0.4837898310691411,0.00028768766787834466,0.16535349190235138,0.008106746710836887,0.018606169149279594
1462,sample_001462,samples/sample_001462.npz,27,38,40,56,6,11,11,16,5,60.0,110.0,110.0,160.0,50.0,320.0,475.0,85.0,0.7288880089279808,0.0010935646714642644,0.3819567561149597,0.03241134434938431,0.0612807460129261
1463,sample_001463,samples/sample_001463.npz,26,42,22,26,2,8,16,4,6,20.0,80.0,160.0,40.0,60.0,335.0,235.0,50.0,0.9305424331333108,0.00045806169509887695,0.5429621338844299,0.020222075283527374,0.060309458523988724
1464,sample_001464,samples/sample_001464.npz,33,47,10,20,3,6,14,10,3,30.0,60.0,140.0,100.0,30.0,395.0,145.0,45.0,0.45390792970212424,0.00013869548274669796,0.2493124157190323,0.01075794268399477,0.03182753175497055
1465,sample_001465,samples/sample_001465.npz,22,28,35,50,5,9,6,15,4,50.0,90.0,60.0,150.0,40.0,245.0,420.0,70.0,0.3562024736096313,0.00018131078104488552,0.11472248286008835,0.006842635106295347,0.015462727285921574
1466,sample_001466,samples/sample_001466.npz,24,30,30,39,8,12,6,9,4,80.0,120.0,60.0,90.0,40.0,265.0,340.0,100.0,0.9656231993890394,0.0005664927302859724,0.1251630336046219,0.010395070537924767,0.018196523189544678
1467,sample_001467,samples/sample_001467.npz,33,38,13,27,7,15,5,14,8,70.0,150.0,50.0,140.0,80.0,350.0,195.0,110.0,0.6209216978894565,0.0007916938047856092,0.17246685922145844,0.016615424305200577,0.02712385542690754
1468,sample_001468,samples/sample_001468.npz,17,29,43,48,2,10,12,5,8,20.0,100.0,120.0,50.0,80.0,225.0,450.0,60.0,0.6232260504785334,0.0003105874639004469,0.4449126422405243,0.016313565894961357,0.047028977423906326
1469,sample_001469,samples/sample_001469.npz,10,24,39,43,2,9,14,4,7,20.0,90.0,140.0,40.0,70.0,165.0,405.0,55.0,0.4650115839751052,0.00016675058577675372,0.2803401052951813,0.010038926266133785,0.02985333651304245
1470,sample_001470,samples/sample_001470.npz,10,16,17,33,2,7,6,16,5,20.0,70.0,60.0,160.0,50.0,125.0,245.0,45.0,0.23110359555377447,7.756265404168516e-05,0.16718417406082153,0.006237916648387909,0.01955914869904518
1471,sample_001471,samples/sample_001471.npz,39,48,30,40,4,12,9,10,8,40.0,120.0,90.0,100.0,80.0,430.0,345.0,80.0,0.49361794225657507,0.0006159774493426085,0.314788281917572,0.018505308777093887,0.040462594479322433
1472,sample_001472,samples/sample_001472.npz,14,27,23,37,4,9,13,14,5,40.0,90.0,130.0,140.0,50.0,200.0,295.0,65.0,0.7869162769436711,0.0010563293471932411,0.5899029970169067,0.03876764699816704,0.08731888979673386
1473,sample_001473,samples/sample_001473.npz,20,32,17,33,3,9,12,16,6,30.0,90.0,120.0,160.0,60.0,255.0,245.0,60.0,0.3585807915098751,0.0005822709645144641,0.3612416684627533,0.02274557761847973,0.05351029336452484
1474,sample_001474,samples/sample_001474.npz,38,47,35,47,2,9,9,12,7,20.0,90.0,90.0,120.0,70.0,420.0,405.0,55.0,0.6666953521581656,0.0005283317295834422,0.6698071956634521,0.027976395562291145,0.07957286387681961
1475,sample_001475,samples/sample_001475.npz,9,14,32,41,7,13,5,9,6,70.0,130.0,50.0,90.0,60.0,110.0,360.0,100.0,0.9320844104219594,0.0003860102442558855,0.15855048596858978,0.011910604313015938,0.022630177438259125
1476,sample_001476,samples/sample_001476.npz,13,28,33,43,2,4,15,10,2,20.0,40.0,150.0,100.0,20.0,200.0,375.0,30.0,0.6472338485787695,0.00011926115985261276,0.3195551633834839,0.011508524417877197,0.04044610634446144
1477,sample_001477,samples/sample_001477.npz,39,55,35,41,8,15,16,6,7,80.0,150.0,160.0,60.0,70.0,465.0,375.0,115.0,0.8043840370585837,0.0010923336958512664,0.2304120659828186,0.025062941014766693,0.03897777944803238
1478,sample_001478,samples/sample_001478.npz,11,17,27,31,8,11,6,4,3,80.0,110.0,60.0,40.0,30.0,135.0,285.0,95.0,0.8344525861089445,9.872429654933512e-05,0.04236116632819176,0.0029317133594304323,0.005726546980440617
1479,sample_001479,samples/sample_001479.npz,16,20,25,29,4,8,4,4,4,40.0,80.0,40.0,40.0,40.0,175.0,265.0,60.0,0.6147569005640199,4.484445526031777e-05,0.07193812727928162,0.0021507353521883488,0.0064081959426403046
1480,sample_001480,samples/sample_001480.npz,15,19,37,41,4,10,4,4,6,40.0,100.0,40.0,40.0,60.0,165.0,385.0,70.0,0.6082257681302525,7.089756400091574e-05,0.0866231620311737,0.0030933497473597527,0.008263311348855495
1481,sample_001481,samples/sample_001481.npz,42,52,22,37,7,10,10,15,3,70.0,100.0,100.0,150.0,30.0,465.0,290.0,85.0,0.6790146350038573,0.0005093603977002203,0.18799293041229248,0.015511853620409966,0.029413491487503052
1482,sample_001482,samples/sample_001482.npz,29,41,41,50,2,7,12,9,5,20.0,70.0,120.0,90.0,50.0,345.0,450.0,45.0,0.8063547648476288,0.0004039977793581784,0.6811187863349915,0.024803107604384422,0.07844938337802887
1483,sample_001483,samples/sample_001483.npz,23,37,9,16,6,8,14,7,2,60.0,80.0,140.0,70.0,20.0,295.0,120.0,70.0,0.4483443157804752,0.00010531320003792644,0.07727785408496857,0.00458558602258563,0.010556379333138466
1484,sample_001484,samples/sample_001484.npz,42,51,15,24,7,12,9,9,5,70.0,120.0,90.0,90.0,50.0,460.0,190.0,95.0,0.9363669515447435,0.000543579924851656,0.23939616978168488,0.018493080511689186,0.03501017391681671
1485,sample_001485,samples/sample_001485.npz,11,26,25,36,3,6,15,11,3,30.0,60.0,150.0,110.0,30.0,180.0,300.0,45.0,0.737556096453315,0.00035605058656074107,0.43221795558929443,0.020778773352503777,0.058807116001844406
1486,sample_001486,samples/sample_001486.npz,28,44,51,55,7,14,16,4,7,70.0,140.0,160.0,40.0,70.0,355.0,525.0,105.0,0.2485453927864855,0.00017829723947215825,0.056554555892944336,0.005167010705918074,0.009053300134837627
1487,sample_001487,samples/sample_001487.npz,43,48,34,50,8,11,5,16,3,80.0,110.0,50.0,160.0,30.0,450.0,415.0,95.0,0.26729316844154405,0.0001017589820548892,0.03560416027903557,0.0031526428647339344,0.005629193969070911
1488,sample_001488,samples/sample_001488.npz,48,56,16,31,2,9,8,15,7,20.0,90.0,80.0,150.0,70.0,515.0,230.0,55.0,0.29316503924839604,0.00019604997942224145,0.2988187372684479,0.013380312360823154,0.037618488073349
1489,sample_001489,samples/sample_001489.npz,26,38,40,47,3,11,12,7,8,30.0,110.0,120.0,70.0,80.0,315.0,430.0,70.0,0.8862885657586832,0.0009868209017440677,0.6452962160110474,0.03188168257474899,0.07789690047502518
1490,sample_001490,samples/sample_001490.npz,32,37,9,15,3,7,5,6,4,30.0,70.0,50.0,60.0,40.0,340.0,115.0,50.0,0.5523127424312,5.5288484873017296e-05,0.14840589463710785,0.0036704472731798887,0.012667655944824219
1491,sample_001491,samples/sample_001491.npz,21,30,24,38,7,13,9,14,6,70.0,130.0,90.0,140.0,60.0,250.0,305.0,100.0,0.3426789789364129,0.0007036253227852285,0.13648928701877594,0.012883036397397518,0.02165401168167591
1492,sample_001492,samples/sample_001492.npz,35,42,12,18,8,16,7,6,8,80.0,160.0,70.0,60.0,80.0,380.0,145.0,120.0,0.2876091990537827,0.00018652017752174288,0.045907165855169296,0.004387678112834692,0.007090256083756685
1493,sample_001493,samples/sample_001493.npz,14,25,23,39,3,7,11,16,4,30.0,70.0,110.0,160.0,40.0,190.0,305.0,50.0,0.23177225164434567,0.00018480169819667935,0.17108720541000366,0.009181395173072815,0.024191319942474365
1494,sample_001494,samples/sample_001494.npz,41,52,29,43,8,14,11,14,6,80.0,140.0,110.0,140.0,60.0,460.0,355.0,110.0,0.7027750499219916,0.0013471991987898946,0.28357475996017456,0.030706265941262245,0.048372045159339905
1495,sample_001495,samples/sample_001495.npz,13,27,40,55,8,14,14,15,6,80.0,140.0,140.0,150.0,60.0,195.0,470.0,110.0,0.7975394711584742,0.0016425881767645478,0.40546223521232605,0.04650932922959328,0.07308074086904526
1496,sample_001496,samples/sample_001496.npz,18,30,32,45,8,11,12,13,3,80.0,110.0,120.0,130.0,30.0,235.0,380.0,95.0,0.5690271734426828,0.000555161212105304,0.14086833596229553,0.013328656554222107,0.022863134741783142
1497,sample_001497,samples/sample_001497.npz,8,14,26,42,4,8,6,16,4,40.0,80.0,60.0,160.0,40.0,105.0,335.0,60.0,0.3983775719610522,0.00014987825124990195,0.16151270270347595,0.008177942596375942,0.021012846380472183
1498,sample_001498,samples/sample_001498.npz,27,31,9,21,2,8,4,12,6,20.0,80.0,40.0,120.0,60.0,285.0,145.0,50.0,0.7409330469156616,0.0001951102603925392,0.39845073223114014,0.011908366344869137,0.038790781050920486
1499,sample_001499,samples/sample_001499.npz,41,49,43,51,8,15,8,8,7,80.0,150.0,80.0,80.0,70.0,445.0,465.0,115.0,0.2605384074988266,0.00019445319776423275,0.056626468896865845,0.00534256175160408,0.008853310719132423
1500,sample_001500,samples/sample_001500.npz,33,45,23,37,2,8,12,14,6,20.0,80.0,120.0,140.0,60.0,385.0,295.0,50.0,0.5724435747907114,0.0007705447496846318,0.6504851579666138,0.0326676219701767,0.0889136791229248
1501,sample_001501,samples/sample_001501.npz,13,20,24,39,5,10,7,15,5,50.0,100.0,70.0,150.0,50.0,160.0,310.0,75.0,0.8111676201337938,0.0006486150086857378,0.3424029052257538,0.02224467694759369,0.048128604888916016
1502,sample_001502,samples/sample_001502.npz,13,19,42,48,7,14,6,6,7,70.0,140.0,60.0,60.0,70.0,155.0,445.0,105.0,0.2845613062052825,0.00010650081821950153,0.044214095920324326,0.003373767714947462,0.006211243104189634
1503,sample_001503,samples/sample_001503.npz,31,41,31,38,2,9,10,7,7,20.0,90.0,100.0,70.0,70.0,355.0,340.0,55.0,0.43940482155635535,0.0003417824045754969,0.3506907820701599,0.012067780829966068,0.036267153918743134
1504,sample_001504,samples/sample_001504.npz,43,51,17,28,5,10,8,11,5,50.0,100.0,80.0,110.0,50.0,465.0,220.0,75.0,0.8790527962844055,0.00047228613402694464,0.3481936752796173,0.020106010138988495,0.04545637220144272
1505,sample_001505,samples/sample_001505.npz,35,43,23,35,4,12,8,12,8,40.0,120.0,80.0,120.0,80.0,385.0,285.0,80.0,0.901942770799262,0.0014008653815835714,0.5926510691642761,0.036320000886917114,0.07777035236358643
1506,sample_001506,samples/sample_001506.npz,27,39,11,18,8,10,12,7,2,80.0,100.0,120.0,70.0,20.0,325.0,140.0,90.0,0.5259937514099754,0.00014772557187825441,0.057040393352508545,0.004384784027934074,0.008421049453318119
1507,sample_001507,samples/sample_001507.npz,16,29,21,37,8,16,13,16,8,80.0,160.0,130.0,160.0,80.0,220.0,285.0,120.0,0.47575717600753553,0.0021634164731949568,0.2870332896709442,0.036983028054237366,0.05215728282928467
1508,sample_001508,samples/sample_001508.npz,17,30,8,14,6,8,13,6,2,60.0,80.0,130.0,60.0,20.0,230.0,105.0,70.0,0.4492297154325495,6.860836583655328e-05,0.0655161589384079,0.003614594927057624,0.008603040128946304
1509,sample_001509,samples/sample_001509.npz,31,43,27,42,3,5,12,15,2,30.0,50.0,120.0,150.0,20.0,365.0,340.0,40.0,0.4760493245841806,0.00019496945606078953,0.21018604934215546,0.00995426531881094,0.029045240953564644
1510,sample_001510,samples/sample_001510.npz,28,36,48,52,7,12,8,4,5,70.0,120.0,80.0,40.0,50.0,315.0,495.0,95.0,0.7326025797436766,0.00020671408856287599,0.08273234218358994,0.005727315787225962,0.01118717435747385
1511,sample_001511,samples/sample_001511.npz,29,39,9,15,4,8,10,6,4,40.0,80.0,100.0,60.0,40.0,335.0,115.0,60.0,0.36564937242466233,8.870899182511494e-05,0.11930179595947266,0.004715065937489271,0.013133486732840538
1512,sample_001512,samples/sample_001512.npz,19,29,23,32,2,6,10,9,4,20.0,60.0,100.0,90.0,40.0,235.0,270.0,40.0,0.26944812123583395,9.238287020707503e-05,0.18618115782737732,0.005626384634524584,0.019572468474507332
1513,sample_001513,samples/sample_001513.npz,33,38,43,55,8,13,5,12,5,80.0,130.0,50.0,120.0,50.0,350.0,485.0,105.0,0.6191993132146276,0.0003438826242927462,0.09870685636997223,0.008822435513138771,0.015260606072843075
1514,sample_001514,samples/sample_001514.npz,24,39,9,18,4,8,15,9,4,40.0,80.0,150.0,90.0,40.0,310.0,130.0,60.0,0.4669263353465528,0.0002790973521769047,0.24878744781017303,0.013609449379146099,0.0339491032063961
1515,sample_001515,samples/sample_001515.npz,37,44,24,39,4,7,7,15,3,40.0,70.0,70.0,150.0,30.0,400.0,310.0,55.0,0.4373846715322368,0.0001999613450607285,0.15894940495491028,0.007693951949477196,0.02022753842175007
1516,sample_001516,samples/sample_001516.npz,20,32,42,47,3,9,12,5,6,30.0,90.0,120.0,50.0,60.0,255.0,440.0,60.0,0.7913798108968553,0.0003324480203446001,0.38735565543174744,0.015600787475705147,0.04293667897582054
1517,sample_001517,samples/sample_001517.npz,11,15,16,23,8,16,4,7,8,80.0,160.0,40.0,70.0,80.0,125.0,190.0,120.0,0.9409790798245701,0.0003303093835711479,0.10219235718250275,0.009327453561127186,0.015666000545024872
1518,sample_001518,samples/sample_001518.npz,38,47,15,31,4,11,9,16,7,40.0,110.0,90.0,160.0,70.0,420.0,225.0,75.0,0.29528893039353127,0.00042377563659101725,0.22821453213691711,0.015630904585123062,0.03327363729476929
1519,sample_001519,samples/sample_001519.npz,9,15,28,44,8,16,6,16,8,80.0,160.0,60.0,160.0,80.0,115.0,355.0,120.0,0.6465518499763685,0.0009298963705077767,0.2002662867307663,0.02213655598461628,0.034506913274526596
1520,sample_001520,samples/sample_001520.npz,16,26,37,46,2,5,10,9,3,20.0,50.0,100.0,90.0,30.0,205.0,410.0,35.0,0.6570612478910741,0.00011564579472178593,0.37699800729751587,0.010371897369623184,0.03885585442185402
1521,sample_001521,samples/sample_001521.npz,47,55,46,51,2,9,8,5,7,20.0,90.0,80.0,50.0,70.0,505.0,480.0,55.0,0.8265709265898646,0.0001546668790979311,0.4670734405517578,0.012479983270168304,0.04166172444820404
1522,sample_001522,samples/sample_001522.npz,21,29,44,48,4,11,8,4,7,40.0,110.0,80.0,40.0,70.0,245.0,455.0,75.0,0.5501643439440445,0.00016512858564965427,0.1468321681022644,0.006453618872910738,0.015821050852537155
1523,sample_001523,samples/sample_001523.npz,20,29,15,20,7,15,9,5,8,70.0,150.0,90.0,50.0,80.0,240.0,170.0,110.0,0.6158874539147408,0.0004155070928391069,0.1224706768989563,0.010474946349859238,0.018010448664426804
1524,sample_001524,samples/sample_001524.npz,15,24,13,24,4,11,9,11,7,40.0,110.0,90.0,110.0,70.0,190.0,180.0,75.0,0.22834789143474873,0.00018581742187961936,0.1447385549545288,0.008215691894292831,0.01885535567998886
1525,sample_001525,samples/sample_001525.npz,14,28,32,47,2,5,14,15,3,20.0,50.0,140.0,150.0,30.0,205.0,390.0,35.0,0.6867949281789296,0.00030192441772669554,0.5230913162231445,0.02530374936759472,0.07661595195531845
1526,sample_001526,samples/sample_001526.npz,21,31,11,18,5,9,10,7,4,50.0,90.0,100.0,70.0,40.0,255.0,140.0,70.0,0.8300567091277509,0.0002690322289709002,0.24172015488147736,0.012211289256811142,0.029611553996801376
1527,sample_001527,samples/sample_001527.npz,16,29,10,23,3,11,13,13,8,30.0,110.0,130.0,130.0,80.0,220.0,160.0,70.0,0.9028191070387777,0.0013770537916570902,1.0093551874160767,0.06423189491033554,0.14654912054538727
1528,sample_001528,samples/sample_001528.npz,36,51,13,21,5,11,15,8,6,50.0,110.0,150.0,80.0,60.0,430.0,165.0,80.0,0.28127031865581487,0.00024999730521813035,0.148418590426445,0.010328042320907116,0.021536441519856453
1529,sample_001529,samples/sample_001529.npz,50,56,19,33,6,9,6,14,3,60.0,90.0,60.0,140.0,30.0,525.0,255.0,75.0,0.4166531244746017,0.00011660932068480179,0.08706101775169373,0.0053436714224517345,0.011971469037234783
1530,sample_001530,samples/sample_001530.npz,9,20,41,55,7,13,11,14,6,70.0,130.0,110.0,140.0,60.0,140.0,475.0,100.0,0.2253942638395545,0.0002643017505761236,0.10540466010570526,0.009729783982038498,0.017429087311029434
1531,sample_001531,samples/sample_001531.npz,17,28,24,35,3,9,11,11,6,30.0,90.0,110.0,110.0,60.0,220.0,290.0,60.0,0.881703232564125,0.0009176468010991812,0.7136048078536987,0.0352477952837944,0.09064643830060959
1532,sample_001532,samples/sample_001532.npz,18,32,19,34,7,9,14,15,2,70.0,90.0,140.0,150.0,20.0,245.0,260.0,80.0,0.9593387172738124,0.0007644991856068373,0.23986020684242249,0.021038204431533813,0.03927633538842201
1533,sample_001533,samples/sample_001533.npz,39,50,11,19,5,12,11,8,7,50.0,120.0,110.0,80.0,70.0,440.0,145.0,85.0,0.9231514295922316,0.0006821041461080313,0.4415213167667389,0.028339087963104248,0.06002216413617134
1534,sample_001534,samples/sample_001534.npz,31,39,31,42,4,10,8,11,6,40.0,100.0,80.0,110.0,60.0,345.0,360.0,70.0,0.6560015593025411,0.0006732965121045709,0.3543451130390167,0.018675310537219048,0.043976325541734695
1535,sample_001535,samples/sample_001535.npz,30,43,41,49,8,15,13,8,7,80.0,150.0,130.0,80.0,70.0,360.0,445.0,115.0,0.8140375503962447,0.0013215936487540603,0.26206159591674805,0.027806555852293968,0.043224409222602844
1536,sample_001536,samples/sample_001536.npz,42,49,33,43,4,8,7,10,4,40.0,80.0,70.0,100.0,40.0,450.0,375.0,60.0,0.7974388065762208,0.0002526392927393317,0.291446328163147,0.012201213277876377,0.0330035462975502
1537,sample_001537,samples/sample_001537.npz,32,37,35,48,2,5,5,13,3,20.0,50.0,50.0,130.0,30.0,340.0,410.0,35.0,0.9411115357442923,0.00015504041220992804,0.41528555750846863,0.010771062225103378,0.04090367630124092
1538,sample_001538,samples/sample_001538.npz,44,51,27,40,8,12,7,13,4,80.0,120.0,70.0,130.0,40.0,470.0,330.0,100.0,0.32965611887669777,0.00023427655105479062,0.06495573371648788,0.0058321403339505196,0.010169543325901031
1539,sample_001539,samples/sample_001539.npz,12,26,36,48,8,15,14,12,7,80.0,150.0,140.0,120.0,70.0,185.0,415.0,115.0,0.29405258068510876,0.0006663238164037466,0.14038637280464172,0.01604313589632511,0.024512261152267456
1540,sample_001540,samples/sample_001540.npz,41,45,32,47,7,14,4,15,7,70.0,140.0,40.0,150.0,70.0,425.0,390.0,105.0,0.5955389313097018,0.0005024464335292578,0.13009290397167206,0.012101397849619389,0.020334938541054726
1541,sample_001541,samples/sample_001541.npz,28,43,24,37,2,5,15,13,3,20.0,50.0,150.0,130.0,30.0,350.0,300.0,35.0,0.7726279129442779,0.000492838560603559,0.5747625827789307,0.026591787114739418,0.0816485732793808
1542,sample_001542,samples/sample_001542.npz,22,36,31,44,2,5,14,13,3,20.0,50.0,140.0,130.0,30.0,285.0,370.0,35.0,0.37276146579975267,0.00019597570644691586,0.2727285623550415,0.0119650699198246,0.03752303123474121
1543,sample_001543,samples/sample_001543.npz,35,42,12,16,8,13,7,4,5,80.0,130.0,70.0,40.0,50.0,380.0,135.0,105.0,0.3708463720435866,8.593343227403238e-05,0.030677882954478264,0.0024517476558685303,0.004426415078341961
1544,sample_001544,samples/sample_001544.npz,10,17,22,31,7,13,7,9,6,70.0,130.0,70.0,90.0,60.0,130.0,260.0,100.0,0.9529170980173838,0.0005753017030656338,0.22021104395389557,0.017232783138751984,0.03202242776751518
1545,sample_001545,samples/sample_001545.npz,33,48,18,22,6,14,15,4,8,60.0,140.0,150.0,40.0,80.0,400.0,195.0,100.0,0.2311755056494282,0.00020050170132890344,0.06433521211147308,0.0054239435121417046,0.009658499620854855
1546,sample_001546,samples/sample_001546.npz,24,38,14,30,7,9,14,16,2,70.0,90.0,140.0,160.0,20.0,305.0,215.0,80.0,0.29626647663182465,0.0002613313845358789,0.07690086215734482,0.006912698969244957,0.012802214361727238
1547,sample_001547,samples/sample_001547.npz,31,40,18,32,4,8,9,14,4,40.0,80.0,90.0,140.0,40.0,350.0,245.0,60.0,0.6796836737174041,0.0005212204996496439,0.35238391160964966,0.018897151574492455,0.046660587191581726
1548,sample_001548,samples/sample_001548.npz,41,50,28,39,5,9,9,11,4,50.0,90.0,90.0,110.0,40.0,450.0,330.0,70.0,0.711824799722659,0.0004198483657091856,0.2660335302352905,0.015010887756943703,0.03475533053278923
1549,sample_001549,samples/sample_001549.npz,47,55,22,28,6,11,8,6,5,60.0,110.0,80.0,60.0,50.0,505.0,245.0,85.0,0.6696002482992203,0.00020869928994216025,0.13513168692588806,0.00801315251737833,0.017285890877246857
1550,sample_001550,samples/sample_001550.npz,13,29,40,56,6,8,16,16,2,60.0,80.0,160.0,160.0,20.0,205.0,475.0,70.0,0.5848449267217632,0.00032290801755152643,0.1886216402053833,0.01564267836511135,0.031815022230148315
1551,sample_001551,samples/sample_001551.npz,37,53,47,53,4,6,16,6,2,40.0,60.0,160.0,60.0,20.0,445.0,495.0,50.0,0.633548804086047,8.376599726034328e-05,0.15427561104297638,0.006710539571940899,0.019143888726830482
1552,sample_001552,samples/sample_001552.npz,9,14,23,33,5,13,5,10,8,50.0,130.0,50.0,100.0,80.0,110.0,275.0,90.0,0.9537955776153122,0.0005346678663045168,0.3043668270111084,0.01865573413670063,0.03940647095441818
1553,sample_001553,samples/sample_001553.npz,15,29,38,54,6,14,14,16,8,60.0,140.0,140.0,160.0,80.0,215.0,455.0,100.0,0.8447419022673162,0.0024920301511883736,0.703109860420227,0.07308483868837357,0.12228135764598846
1554,sample_001554,samples/sample_001554.npz,22,27,37,46,6,12,5,9,6,60.0,120.0,50.0,90.0,60.0,240.0,410.0,90.0,0.8692537650840395,0.0004259294946677983,0.17988835275173187,0.011891162022948265,0.023709474131464958
1555,sample_001555,samples/sample_001555.npz,35,47,15,19,4,6,12,4,2,40.0,60.0,120.0,40.0,20.0,405.0,165.0,50.0,0.32825689297530647,2.6227084163110703e-05,0.05149336904287338,0.0017606938490644097,0.0054050651378929615
1556,sample_001556,samples/sample_001556.npz,42,54,47,53,8,15,12,6,7,80.0,150.0,120.0,60.0,70.0,475.0,495.0,115.0,0.5645933942349135,0.0004049396375194192,0.1320514678955078,0.012662326917052269,0.021395880728960037
1557,sample_001557,samples/sample_001557.npz,50,55,46,55,2,4,5,9,2,20.0,40.0,50.0,90.0,20.0,520.0,500.0,30.0,0.43472466643301283,1.3142706848157104e-05,0.13105255365371704,0.0022694177459925413,0.01058662123978138
1558,sample_001558,samples/sample_001558.npz,36,50,25,29,6,9,14,4,3,60.0,90.0,140.0,40.0,30.0,425.0,265.0,75.0,0.28470559830201303,7.536025805165991e-05,0.04112033545970917,0.0025203898549079895,0.0054885027930140495
1559,sample_001559,samples/sample_001559.npz,23,32,44,55,4,6,9,11,2,40.0,60.0,90.0,110.0,20.0,270.0,490.0,50.0,0.6774344854387908,0.00011641997116385028,0.18764765560626984,0.007468093652278185,0.021970197558403015
1560,sample_001560,samples/sample_001560.npz,14,23,33,46,3,8,9,13,5,30.0,80.0,90.0,130.0,50.0,180.0,390.0,55.0,0.26091290553947055,0.00015256738697644323,0.1838059276342392,0.008441843092441559,0.022995328530669212
1561,sample_001561,samples/sample_001561.npz,26,41,39,55,6,13,15,16,7,60.0,130.0,150.0,160.0,70.0,330.0,465.0,95.0,0.8993153764015676,0.0028887323569506407,0.7213821411132812,0.07442650198936462,0.1261640191078186
1562,sample_001562,samples/sample_001562.npz,42,51,26,32,6,11,9,6,5,60.0,110.0,90.0,60.0,50.0,460.0,285.0,85.0,0.3519913174483696,0.00015799794346094131,0.07762161642313004,0.004840759560465813,0.010105160996317863
1563,sample_001563,samples/sample_001563.npz,38,42,32,36,6,10,4,4,4,60.0,100.0,40.0,40.0,40.0,395.0,335.0,80.0,0.6147400960215893,7.90399280958809e-05,0.040825001895427704,0.0020622066222131252,0.0046327910386025906
1564,sample_001564,samples/sample_001564.npz,9,24,19,34,5,9,15,15,4,50.0,90.0,150.0,150.0,40.0,160.0,260.0,70.0,0.5398191798079808,0.0006142063648439944,0.3294583559036255,0.02562200464308262,0.053275395184755325
1565,sample_001565,samples/sample_001565.npz,51,56,43,49,4,6,5,6,2,40.0,60.0,50.0,60.0,20.0,530.0,455.0,50.0,0.48816856199964526,1.7744274373399094e-05,0.06128528341650963,0.0015977548900991678,0.005462817847728729
1566,sample_001566,samples/sample_001566.npz,18,27,44,51,7,15,9,7,8,70.0,150.0,90.0,70.0,80.0,220.0,470.0,110.0,0.759189836902054,0.0006606823881156743,0.2055675983428955,0.017926804721355438,0.0308710727840662
1567,sample_001567,samples/sample_001567.npz,18,33,21,33,2,10,15,12,8,20.0,100.0,150.0,120.0,80.0,250.0,265.0,60.0,0.6875898749479239,0.0014595086686313152,0.9323007464408875,0.054605357348918915,0.13374783098697662
1568,sample_001568,samples/sample_001568.npz,32,42,24,28,6,9,10,4,3,60.0,90.0,100.0,40.0,30.0,365.0,255.0,75.0,0.7198538742614997,0.000159573886776343,0.08477064967155457,0.004587568808346987,0.010349616408348083
1569,sample_001569,samples/sample_001569.npz,32,39,10,18,6,8,7,8,2,60.0,80.0,70.0,80.0,20.0,350.0,135.0,70.0,0.9963202648341649,0.00013535705511458218,0.11979543417692184,0.005859752185642719,0.014322238974273205
1570,sample_001570,samples/sample_001570.npz,30,37,37,42,7,14,7,5,7,70.0,140.0,70.0,50.0,70.0,330.0,390.0,105.0,0.4485705424763895,0.0002940099220722914,0.06715542078018188,0.0053940401412546635,0.009416249580681324
1571,sample_001571,samples/sample_001571.npz,20,26,33,49,5,13,6,16,8,50.0,130.0,60.0,160.0,80.0,225.0,405.0,90.0,0.9114677991489801,0.0012389576295390725,0.45672059059143066,0.03537321090698242,0.06720678508281708
1572,sample_001572,samples/sample_001572.npz,19,32,21,31,5,7,13,10,2,50.0,70.0,130.0,100.0,20.0,250.0,255.0,60.0,0.9339958089927338,0.00034687150036916137,0.2453761249780655,0.013382043689489365,0.03271961957216263
1573,sample_001573,samples/sample_001573.npz,41,45,14,29,2,8,4,15,6,20.0,80.0,40.0,150.0,60.0,425.0,210.0,50.0,0.4329329438921737,0.0001403935020789504,0.24835078418254852,0.008746414445340633,0.02680223435163498
1574,sample_001574,samples/sample_001574.npz,10,14,23,36,2,4,4,13,2,20.0,40.0,40.0,130.0,20.0,115.0,290.0,30.0,0.4546202138557586,2.381645936111454e-05,0.13096009194850922,0.00277621578425169,0.011832225136458874
1575,sample_001575,samples/sample_001575.npz,28,39,26,36,4,11,11,10,7,40.0,110.0,110.0,100.0,70.0,330.0,305.0,75.0,0.3224979548962078,0.0006145117804408073,0.22036069631576538,0.013241739012300968,0.029137833043932915
1576,sample_001576,samples/sample_001576.npz,16,29,12,17,6,11,13,5,5,60.0,110.0,130.0,50.0,50.0,220.0,140.0,85.0,0.9357576630752036,0.0003887743514496833,0.22470539808273315,0.015211968682706356,0.03141903877258301
1577,sample_001577,samples/sample_001577.npz,12,18,16,30,6,14,6,14,8,60.0,140.0,60.0,140.0,80.0,145.0,225.0,100.0,0.9351715084112859,0.0009632530272938311,0.3649213910102844,0.03014378249645233,0.05498431622982025
1578,sample_001578,samples/sample_001578.npz,47,55,35,41,4,10,8,6,6,40.0,100.0,80.0,60.0,60.0,505.0,375.0,70.0,0.8992539868502021,0.0002853951882570982,0.31768134236335754,0.013535548001527786,0.034865688532590866
1579,sample_001579,samples/sample_001579.npz,26,36,18,33,7,10,10,15,3,70.0,100.0,100.0,150.0,30.0,305.0,250.0,85.0,0.919838495029393,0.0009729127050377429,0.2546677589416504,0.02140621654689312,0.03967477008700371
1580,sample_001580,samples/sample_001580.npz,44,56,50,55,4,12,12,5,8,40.0,120.0,120.0,50.0,80.0,495.0,520.0,80.0,0.8361453243549613,0.00035916155320592225,0.3707137405872345,0.01966513693332672,0.046630725264549255
1581,sample_001581,samples/sample_001581.npz,40,45,45,51,4,6,5,6,2,40.0,60.0,50.0,60.0,20.0,420.0,475.0,50.0,0.42300160338443915,1.964584043889772e-05,0.05310414358973503,0.0014136966783553362,0.004726592916995287
1582,sample_001582,samples/sample_001582.npz,39,45,46,52,2,7,6,6,5,20.0,70.0,60.0,60.0,50.0,415.0,485.0,45.0,0.2745692668455177,3.387601827853359e-05,0.1318555325269699,0.0027888792101293802,0.01054229773581028
1583,sample_001583,samples/sample_001583.npz,12,28,11,17,4,12,16,6,8,40.0,120.0,160.0,60.0,80.0,195.0,135.0,80.0,0.6276939599558975,0.000537663756404072,0.37813031673431396,0.024316148832440376,0.052791059017181396
1584,sample_001584,samples/sample_001584.npz,9,14,43,56,4,12,5,13,8,40.0,120.0,50.0,130.0,80.0,110.0,490.0,80.0,0.3272826435852515,0.0001542636309750378,0.15119746327400208,0.008352283388376236,0.019539037719368935
1585,sample_001585,samples/sample_001585.npz,39,45,43,49,3,6,6,6,3,30.0,60.0,60.0,60.0,30.0,415.0,455.0,45.0,0.81458144565051,6.600137567147613e-05,0.21454735100269318,0.004990348592400551,0.018044663593173027
1586,sample_001586,samples/sample_001586.npz,43,50,15,22,7,15,7,7,8,70.0,150.0,70.0,70.0,80.0,460.0,180.0,110.0,0.9415824129743873,0.0005889866733923554,0.2054111659526825,0.017178628593683243,0.030171368271112442
1587,sample_001587,samples/sample_001587.npz,42,48,32,41,3,7,6,9,4,30.0,70.0,60.0,90.0,40.0,445.0,360.0,50.0,0.24451410438205487,5.2877363486913964e-05,0.09727002680301666,0.002970800269395113,0.009499807842075825
1588,sample_001588,samples/sample_001588.npz,15,19,20,35,6,9,4,15,3,60.0,90.0,40.0,150.0,30.0,165.0,270.0,75.0,0.28480500444049994,7.160281529650092e-05,0.04253742843866348,0.002678161719813943,0.005821756552904844
1589,sample_001589,samples/sample_001589.npz,42,53,24,28,7,13,11,4,6,70.0,130.0,110.0,40.0,60.0,470.0,255.0,100.0,0.3863421793355212,0.00017709113308228552,0.06241590529680252,0.004943822044879198,0.009032310917973518
1590,sample_001590,samples/sample_001590.npz,40,54,18,34,3,6,14,16,3,30.0,60.0,140.0,160.0,30.0,465.0,255.0,45.0,0.21137194647836274,0.0001167486552731134,0.14045776426792145,0.008049323223531246,0.02135174162685871
1591,sample_001591,samples/sample_001591.npz,34,45,25,40,7,15,11,15,8,70.0,150.0,110.0,150.0,80.0,390.0,320.0,110.0,0.28923874865628907,0.0011094262590631843,0.16802386939525604,0.01844877563416958,0.028452236205339432
1592,sample_001592,samples/sample_001592.npz,47,53,26,39,7,15,6,13,8,70.0,150.0,60.0,130.0,80.0,495.0,320.0,110.0,0.4950804804330468,0.0006177083123475313,0.15515753626823425,0.014426990412175655,0.024340316653251648
1593,sample_001593,samples/sample_001593.npz,48,53,41,54,5,13,5,13,8,50.0,130.0,50.0,130.0,80.0,500.0,470.0,90.0,0.813918508492274,0.0004763202741742134,0.307108610868454,0.02044704742729664,0.042568013072013855
1594,sample_001594,samples/sample_001594.npz,33,43,27,32,8,13,10,5,5,80.0,130.0,100.0,50.0,50.0,375.0,290.0,105.0,0.584530432460924,0.0004011761920992285,0.08095943927764893,0.007178064901381731,0.012077434919774532
1595,sample_001595,samples/sample_001595.npz,35,43,31,41,3,10,8,10,7,30.0,100.0,80.0,100.0,70.0,385.0,355.0,65.0,0.5784729389568772,0.0005197604768909514,0.39869335293769836,0.01765589416027069,0.045602913945913315
1596,sample_001596,samples/sample_001596.npz,32,46,31,40,8,10,14,9,2,80.0,100.0,140.0,90.0,20.0,385.0,350.0,90.0,0.914406330196416,0.0005178273422643542,0.1361490786075592,0.011743304319679737,0.02114536054432392
1597,sample_001597,samples/sample_001597.npz,32,46,9,24,2,8,14,15,6,20.0,80.0,140.0,150.0,60.0,385.0,160.0,50.0,0.6854459093252605,0.0007529603899456561,0.8469198346138,0.048200976103544235,0.12657731771469116
1598,sample_001598,samples/sample_001598.npz,37,42,18,22,3,7,5,4,4,30.0,70.0,50.0,40.0,40.0,390.0,195.0,50.0,0.49227440452947885,3.732383265742101e-05,0.09674686193466187,0.002215416170656681,0.007711787708103657
1599,sample_001599,samples/sample_001599.npz,34,41,31,39,5,12,7,8,7,50.0,120.0,70.0,80.0,70.0,370.0,345.0,85.0,0.9220045944931565,0.0008130653877742589,0.31405383348464966,0.01874002069234848,0.039235860109329224
1600,sample_001600,samples/sample_001600.npz,32,44,23,32,8,15,12,9,7,80.0,150.0,120.0,90.0,70.0,375.0,270.0,115.0,0.6418208160572292,0.0013610385358333588,0.21546225249767303,0.023148324340581894,0.03526581451296806
1601,sample_001601,samples/sample_001601.npz,30,42,28,44,8,14,12,16,6,80.0,140.0,120.0,160.0,60.0,355.0,355.0,110.0,0.9297092754007774,0.0031608238350600004,0.4405362010002136,0.05184062570333481,0.07729394733905792
1602,sample_001602,samples/sample_001602.npz,25,33,19,33,3,8,8,14,5,30.0,80.0,80.0,140.0,50.0,285.0,255.0,55.0,0.33435260328465066,0.0002748549450188875,0.22647957503795624,0.010473610833287239,0.028116894885897636
1603,sample_001603,samples/sample_001603.npz,45,53,8,17,4,8,8,9,4,40.0,80.0,80.0,90.0,40.0,485.0,120.0,60.0,0.2696622877327733,5.529261034098454e-05,0.10191304236650467,0.004100090358406305,0.011540188454091549
1604,sample_001604,samples/sample_001604.npz,24,29,46,54,7,15,5,8,8,70.0,150.0,50.0,80.0,80.0,260.0,495.0,110.0,0.6543504327592699,0.00037075683940202,0.11818602681159973,0.009754388593137264,0.01716182939708233
1605,sample_001605,samples/sample_001605.npz,33,37,23,30,6,12,4,7,6,60.0,120.0,40.0,70.0,60.0,345.0,260.0,90.0,0.709355243213263,0.00028270334587432444,0.09770268946886063,0.006099129561334848,0.012248112820088863
1606,sample_001606,samples/sample_001606.npz,42,52,42,55,7,12,10,13,5,70.0,120.0,100.0,130.0,50.0,465.0,480.0,95.0,0.3263557716575554,0.0002700743789318949,0.11982380598783493,0.010163956321775913,0.018893716856837273
1607,sample_001607,samples/sample_001607.npz,14,27,16,31,8,16,13,15,8,80.0,160.0,130.0,150.0,80.0,200.0,230.0,120.0,0.8812445796824229,0.0030058741103857756,0.5078797340393066,0.06338164955377579,0.0917641669511795
1608,sample_001608,samples/sample_001608.npz,16,31,30,45,5,12,15,15,7,50.0,120.0,150.0,150.0,70.0,230.0,370.0,85.0,0.8017654744270648,0.002410567132756114,0.7117392420768738,0.06494603306055069,0.1185130774974823
1609,sample_001609,samples/sample_001609.npz,12,19,40,46,4,6,7,6,2,40.0,60.0,70.0,60.0,20.0,150.0,425.0,50.0,0.8050139745533227,5.0944043323397636e-05,0.13024365901947021,0.0037595585454255342,0.012277206405997276
1610,sample_001610,samples/sample_001610.npz,15,27,29,40,6,9,12,11,3,60.0,90.0,120.0,110.0,30.0,205.0,340.0,75.0,0.28185045867513986,0.00018922117305919528,0.08643267303705215,0.0058883847668766975,0.01238494087010622
1611,sample_001611,samples/sample_001611.npz,17,32,22,29,7,11,15,7,4,70.0,110.0,150.0,70.0,40.0,240.0,250.0,90.0,0.6681623331992765,0.0005637822323478758,0.1704142689704895,0.014256034977734089,0.026085250079631805
1612,sample_001612,samples/sample_001612.npz,39,45,19,35,7,11,6,16,4,70.0,110.0,60.0,160.0,40.0,415.0,265.0,90.0,0.5657459137817444,0.00042083070729859173,0.13107722997665405,0.011007907800376415,0.020114559680223465
1613,sample_001613,samples/sample_001613.npz,37,48,21,29,2,7,11,8,5,20.0,70.0,110.0,80.0,50.0,420.0,245.0,45.0,0.20292318300312912,8.155627438100055e-05,0.15614201128482819,0.0050966315902769566,0.016696928068995476
1614,sample_001614,samples/sample_001614.npz,32,42,35,45,8,13,10,10,5,80.0,130.0,100.0,100.0,50.0,365.0,395.0,105.0,0.48555745252613375,0.0005783849628642201,0.12489023059606552,0.01185846421867609,0.019565211609005928
1615,sample_001615,samples/sample_001615.npz,12,19,43,48,4,11,7,5,7,40.0,110.0,70.0,50.0,70.0,150.0,450.0,75.0,0.46916695843934986,0.00012029584468109533,0.136696457862854,0.005911842919886112,0.014839877374470234
1616,sample_001616,samples/sample_001616.npz,27,41,23,27,3,8,14,4,5,30.0,80.0,140.0,40.0,50.0,335.0,245.0,55.0,0.30112340701584595,0.00012283223622944206,0.11891310662031174,0.004715769551694393,0.01326773501932621
1617,sample_001617,samples/sample_001617.npz,15,29,25,38,8,16,14,13,8,80.0,160.0,140.0,130.0,80.0,215.0,310.0,120.0,0.9295885956793102,0.0039031279738992453,0.5106444358825684,0.06324369460344315,0.09059428423643112
1618,sample_001618,samples/sample_001618.npz,33,41,30,36,4,8,8,6,4,40.0,80.0,80.0,60.0,40.0,365.0,325.0,60.0,0.5822881089991349,0.00019616144709289074,0.16532832384109497,0.0061861565336585045,0.017121776938438416
1619,sample_001619,samples/sample_001619.npz,21,29,45,50,3,6,8,5,3,30.0,60.0,80.0,50.0,30.0,245.0,470.0,45.0,0.9491947284349345,8.855519990902394e-05,0.25878793001174927,0.006459430791437626,0.022930961102247238
1620,sample_001620,samples/sample_001620.npz,22,37,24,33,3,5,15,9,2,30.0,50.0,150.0,90.0,20.0,290.0,280.0,40.0,0.7740012943136128,0.00024995437706820667,0.2979929745197296,0.012146895751357079,0.037468601018190384
1621,sample_001621,samples/sample_001621.npz,39,47,41,56,3,9,8,15,6,30.0,90.0,80.0,150.0,60.0,425.0,480.0,60.0,0.8372488711459258,0.0005462925182655454,0.644333004951477,0.03248864412307739,0.0840054452419281
1622,sample_001622,samples/sample_001622.npz,13,21,22,37,3,11,8,15,8,30.0,110.0,80.0,150.0,80.0,165.0,290.0,70.0,0.3348960948970191,0.0004418258322402835,0.2980443239212036,0.017059197649359703,0.039935152977705
1623,sample_001623,samples/sample_001623.npz,21,25,17,29,6,10,4,12,4,60.0,100.0,40.0,120.0,40.0,225.0,225.0,80.0,0.641979899418859,0.0001946997654158622,0.10391483455896378,0.0064054736867547035,0.01362321525812149
1624,sample_001624,samples/sample_001624.npz,49,54,36,48,2,5,5,12,3,20.0,50.0,50.0,120.0,30.0,510.0,415.0,35.0,0.6619650088905491,5.928748578298837e-05,0.28685158491134644,0.006882028188556433,0.02717689238488674
1625,sample_001625,samples/sample_001625.npz,44,55,22,38,5,11,11,16,6,50.0,110.0,110.0,160.0,60.0,490.0,295.0,80.0,0.5109393489363094,0.0007892725989222527,0.35241079330444336,0.02753850258886814,0.055132683366537094
1626,sample_001626,samples/sample_001626.npz,24,29,20,32,3,9,5,12,6,30.0,90.0,50.0,120.0,60.0,260.0,255.0,60.0,0.6796104931115305,0.00035842094803228974,0.33264806866645813,0.013504136353731155,0.03683798387646675
1627,sample_001627,samples/sample_001627.npz,22,35,25,40,7,10,13,15,3,70.0,100.0,130.0,150.0,30.0,280.0,320.0,85.0,0.4761653342866762,0.0007436440791934729,0.15874913334846497,0.014438617043197155,0.025955401360988617
1628,sample_001628,samples/sample_001628.npz,39,55,27,34,3,11,16,7,8,30.0,110.0,160.0,70.0,80.0,465.0,300.0,70.0,0.5537865325591345,0.0007047414546832442,0.4565671682357788,0.02629767544567585,0.06144314259290695
1629,sample_001629,samples/sample_001629.npz,41,47,14,28,7,13,6,14,6,70.0,130.0,60.0,140.0,60.0,435.0,205.0,100.0,0.5700180920524751,0.0004847288364544511,0.15962308645248413,0.013957886025309563,0.024591874331235886
1630,sample_001630,samples/sample_001630.npz,38,44,13,19,3,11,6,6,8,30.0,110.0,60.0,60.0,80.0,405.0,155.0,70.0,0.8872816169518594,0.0002852459147106856,0.3743148744106293,0.013472490943968296,0.03647734224796295
1631,sample_001631,samples/sample_001631.npz,8,21,14,20,4,8,13,6,4,40.0,80.0,130.0,60.0,40.0,140.0,165.0,60.0,0.6113164823655356,0.00015103777695912868,0.2275676727294922,0.010180193930864334,0.027384214103221893
1632,sample_001632,samples/sample_001632.npz,8,15,41,45,8,14,7,4,6,80.0,140.0,70.0,40.0,60.0,110.0,425.0,110.0,0.9017332064470904,0.00021800848480779678,0.08344022184610367,0.006870620884001255,0.01235389243811369
1633,sample_001633,samples/sample_001633.npz,40,44,34,49,4,7,4,15,3,40.0,70.0,40.0,150.0,30.0,415.0,410.0,55.0,0.5419701301262319,0.00010264945012750104,0.12444274127483368,0.005411963909864426,0.014772933907806873
1634,sample_001634,samples/sample_001634.npz,19,29,30,43,5,8,10,13,3,50.0,80.0,100.0,130.0,30.0,235.0,360.0,65.0,0.7298627758340019,0.00043819769052788615,0.26411503553390503,0.015477470122277737,0.03597017377614975
1635,sample_001635,samples/sample_001635.npz,44,54,47,51,8,12,10,4,4,80.0,120.0,100.0,40.0,40.0,485.0,485.0,100.0,0.790732956213912,0.00015782122500240803,0.07639321684837341,0.00591666717082262,0.011210904456675053
1636,sample_001636,samples/sample_001636.npz,11,25,34,49,3,9,14,15,6,30.0,90.0,140.0,150.0,60.0,175.0,410.0,60.0,0.7292151514712761,0.000937233678996563,0.7705054879188538,0.049896515905857086,0.11758274585008621
1637,sample_001637,samples/sample_001637.npz,31,47,42,53,5,8,16,11,3,50.0,80.0,160.0,110.0,30.0,385.0,470.0,65.0,0.8519102288927107,0.0005066293524578214,0.36161571741104126,0.02406029775738716,0.05411854758858681
1638,sample_001638,samples/sample_001638.npz,31,46,41,46,5,8,15,5,3,50.0,80.0,150.0,50.0,30.0,380.0,430.0,65.0,0.35108851276197983,0.00010194643982686102,0.07832764834165573,0.004269375465810299,0.010215774178504944
1639,sample_001639,samples/sample_001639.npz,21,29,49,55,7,12,8,6,5,70.0,120.0,80.0,60.0,50.0,245.0,515.0,95.0,0.7720012311845745,0.0002594206016510725,0.1271594762802124,0.00890852976590395,0.01757952943444252
1640,sample_001640,samples/sample_001640.npz,44,55,19,34,2,8,11,15,6,20.0,80.0,110.0,150.0,60.0,490.0,260.0,50.0,0.6319952282468522,0.0005299096810631454,0.7040286660194397,0.03481768071651459,0.09660035371780396
1641,sample_001641,samples/sample_001641.npz,47,51,28,33,4,11,4,5,7,40.0,110.0,40.0,50.0,70.0,485.0,300.0,75.0,0.3774931338589614,7.399718015221879e-05,0.06916800886392593,0.002752290340140462,0.006975109688937664
1642,sample_001642,samples/sample_001642.npz,38,44,20,32,5,11,6,12,6,50.0,110.0,60.0,120.0,60.0,405.0,255.0,80.0,0.6889079019640612,0.0005141485598869622,0.2532321512699127,0.01552707701921463,0.03311294689774513
1643,sample_001643,samples/sample_001643.npz,35,48,35,39,3,6,13,4,3,30.0,60.0,130.0,40.0,30.0,410.0,365.0,45.0,0.2825101313839158,4.423405334819108e-05,0.07983945310115814,0.0025202485267072916,0.008190946653485298
1644,sample_001644,samples/sample_001644.npz,35,51,44,49,2,6,16,5,4,20.0,60.0,160.0,50.0,40.0,425.0,460.0,40.0,0.9620356688862972,0.00019812960817944258,0.5320936441421509,0.017660174518823624,0.05938739702105522
1645,sample_001645,samples/sample_001645.npz,44,51,39,46,8,16,7,7,8,80.0,160.0,70.0,70.0,80.0,470.0,420.0,120.0,0.8004448161529825,0.000571800977922976,0.14679007232189178,0.014234042726457119,0.02293994463980198
1646,sample_001646,samples/sample_001646.npz,12,27,16,32,7,13,15,16,6,70.0,130.0,150.0,160.0,60.0,190.0,235.0,100.0,0.6446351037876854,0.0016945990500971675,0.4093669652938843,0.045179545879364014,0.07299342751502991
1647,sample_001647,samples/sample_001647.npz,36,40,33,49,4,9,4,16,5,40.0,90.0,40.0,160.0,50.0,375.0,405.0,65.0,0.39676466577661895,0.0001805870997486636,0.12997236847877502,0.006888328120112419,0.01659032516181469
1648,sample_001648,samples/sample_001648.npz,37,41,40,45,2,4,4,5,2,20.0,40.0,40.0,50.0,20.0,385.0,420.0,30.0,0.6219791431720956,1.513997540314449e-05,0.1240859255194664,0.001476561650633812,0.007622753735631704
1649,sample_001649,samples/sample_001649.npz,34,48,26,33,5,9,14,7,4,50.0,90.0,140.0,70.0,40.0,405.0,290.0,70.0,0.5612314069735127,0.0003739110252354294,0.19833903014659882,0.01180309522897005,0.026624806225299835
1650,sample_001650,samples/sample_001650.npz,18,29,52,56,4,9,11,4,5,40.0,90.0,110.0,40.0,50.0,230.0,535.0,65.0,0.287326992468641,5.5691587476758286e-05,0.07921533286571503,0.0033005340956151485,0.008893430233001709
1651,sample_001651,samples/sample_001651.npz,26,39,23,33,2,5,13,10,3,20.0,50.0,130.0,100.0,30.0,320.0,275.0,35.0,0.9842733967097224,0.00042220152681693435,0.6436232328414917,0.022590789943933487,0.07702101767063141
1652,sample_001652,samples/sample_001652.npz,29,45,40,49,8,11,16,9,3,80.0,110.0,160.0,90.0,30.0,365.0,440.0,95.0,0.601897388062406,0.0004895763704553246,0.13582749664783478,0.012907092459499836,0.022260461002588272
1653,sample_001653,samples/sample_001653.npz,22,31,14,28,5,8,9,14,3,50.0,80.0,90.0,140.0,30.0,260.0,205.0,65.0,0.46611737773995404,0.0002386833803029731,0.1626274287700653,0.009532637894153595,0.02224276214838028
1654,sample_001654,samples/sample_001654.npz,44,55,23,38,2,7,11,15,5,20.0,70.0,110.0,150.0,50.0,490.0,300.0,45.0,0.2096130888343457,0.0001459940249333158,0.20944610238075256,0.009772652760148048,0.02842267043888569
1655,sample_001655,samples/sample_001655.npz,46,56,15,30,2,7,10,15,5,20.0,70.0,100.0,150.0,50.0,505.0,220.0,45.0,0.3781348255819376,0.0001867987884907052,0.36258918046951294,0.01590663567185402,0.047509804368019104
1656,sample_001656,samples/sample_001656.npz,45,51,12,28,6,8,6,16,2,60.0,80.0,60.0,160.0,20.0,475.0,195.0,70.0,0.731375732305527,0.00014625016774516553,0.11842143535614014,0.00734436372295022,0.016580017283558846
1657,sample_001657,samples/sample_001657.npz,32,47,18,32,4,6,15,14,2,40.0,60.0,150.0,140.0,20.0,390.0,245.0,50.0,0.6402887338939989,0.00030330457957461476,0.25485914945602417,0.015173922292888165,0.03813321143388748
1658,sample_001658,samples/sample_001658.npz,47,55,11,23,6,10,8,12,4,60.0,100.0,80.0,120.0,40.0,505.0,165.0,80.0,0.903889422662705,0.00034942381898872554,0.27030542492866516,0.017277013510465622,0.037669699639081955
1659,sample_001659,samples/sample_001659.npz,11,22,21,30,3,5,11,9,2,30.0,50.0,110.0,90.0,20.0,160.0,250.0,40.0,0.8171361325653119,0.00011403593816794455,0.2837319076061249,0.00929677952080965,0.03135429695248604
1660,sample_001660,samples/sample_001660.npz,42,47,32,48,2,10,5,16,8,20.0,100.0,50.0,160.0,80.0,440.0,395.0,60.0,0.354703516862015,0.00025076617021113634,0.2787269651889801,0.012406582944095135,0.033387068659067154
1661,sample_001661,samples/sample_001661.npz,11,17,24,40,7,12,6,16,5,70.0,120.0,60.0,160.0,50.0,135.0,315.0,95.0,0.7271438424757954,0.0006179124466143548,0.1965673863887787,0.01702265255153179,0.03086254559457302
1662,sample_001662,samples/sample_001662.npz,8,22,21,32,6,8,14,11,2,60.0,80.0,140.0,110.0,20.0,145.0,260.0,70.0,0.4392656411529388,0.00016249138570856303,0.10633479058742523,0.007104428485035896,0.015614118427038193
1663,sample_001663,samples/sample_001663.npz,13,17,25,36,4,6,4,11,2,40.0,60.0,40.0,110.0,20.0,145.0,300.0,50.0,0.6448707222621032,5.3739633585792035e-05,0.0971280187368393,0.0031696169171482325,0.009896057657897472
1664,sample_001664,samples/sample_001664.npz,38,54,9,15,4,7,16,6,3,40.0,70.0,160.0,60.0,30.0,455.0,115.0,55.0,0.9684100344653459,0.0001944684045156464,0.32159334421157837,0.015024770051240921,0.04094819724559784
1665,sample_001665,samples/sample_001665.npz,41,51,8,18,5,10,10,10,5,50.0,100.0,100.0,100.0,50.0,455.0,125.0,75.0,0.38677398425626985,0.00018742209067568183,0.16978107392787933,0.009813142940402031,0.022608812898397446
1666,sample_001666,samples/sample_001666.npz,33,40,13,25,6,9,7,12,3,60.0,90.0,70.0,120.0,30.0,360.0,185.0,75.0,0.8879444676702379,0.0003344369470141828,0.19295431673526764,0.011747138574719429,0.025788310915231705
1667,sample_001667,samples/sample_001667.npz,25,29,29,36,5,8,4,7,3,50.0,80.0,40.0,70.0,30.0,265.0,320.0,65.0,0.8834689949801866,0.0001428155810572207,0.10208123177289963,0.004055308643728495,0.010655929334461689
1668,sample_001668,samples/sample_001668.npz,42,49,51,55,7,12,7,4,5,70.0,120.0,70.0,40.0,50.0,450.0,525.0,95.0,0.2070454508196855,3.3698022889439017e-05,0.02079945243895054,0.0013671645428985357,0.002801025053486228
1669,sample_001669,samples/sample_001669.npz,16,25,8,21,2,8,9,13,6,20.0,80.0,90.0,130.0,60.0,200.0,140.0,50.0,0.9111100418424505,0.00046366319293156266,0.8730109333992004,0.0354137122631073,0.10589873045682907
1670,sample_001670,samples/sample_001670.npz,15,24,21,34,5,11,9,13,6,50.0,110.0,90.0,130.0,60.0,190.0,270.0,80.0,0.4411616526672042,0.0004997843643650413,0.23498322069644928,0.016060257330536842,0.03329670429229736
1671,sample_001671,samples/sample_001671.npz,38,46,35,48,5,9,8,13,4,50.0,90.0,80.0,130.0,40.0,415.0,410.0,70.0,0.35429596225676463,0.00019612404867075384,0.13423915207386017,0.00785033032298088,0.017918989062309265
1672,sample_001672,samples/sample_001672.npz,40,48,45,56,3,10,8,11,7,30.0,100.0,80.0,110.0,70.0,435.0,500.0,65.0,0.6260967515285774,0.000346157030435279,0.4531072974205017,0.02034168504178524,0.05376036837697029
1673,sample_001673,samples/sample_001673.npz,48,55,41,49,5,12,7,8,7,50.0,120.0,70.0,80.0,70.0,510.0,445.0,85.0,0.5956364596009753,0.0002573397068772465,0.20288610458374023,0.01149897463619709,0.02556721121072769
1674,sample_001674,samples/sample_001674.npz,33,45,13,24,2,4,12,11,2,20.0,40.0,120.0,110.0,20.0,385.0,180.0,30.0,0.7145303294339667,0.0001052233565133065,0.3455348610877991,0.01115990336984396,0.04104539379477501
1675,sample_001675,samples/sample_001675.npz,10,21,22,36,7,10,11,14,3,70.0,100.0,110.0,140.0,30.0,150.0,285.0,85.0,0.7571029097582602,0.0005475598154589534,0.21585769951343536,0.017651740461587906,0.033768437802791595
1676,sample_001676,samples/sample_001676.npz,43,55,29,40,5,9,12,11,4,50.0,90.0,120.0,110.0,40.0,485.0,340.0,70.0,0.6608741550988767,0.0004507533158175647,0.29923152923583984,0.01837289333343506,0.04166916385293007
1677,sample_001677,samples/sample_001677.npz,15,30,35,45,7,12,15,10,5,70.0,120.0,150.0,100.0,50.0,220.0,395.0,95.0,0.6158754656283238,0.0008772952132858336,0.24807047843933105,0.02300831861793995,0.04001571983098984
1678,sample_001678,samples/sample_001678.npz,13,24,43,53,6,8,11,10,2,60.0,80.0,110.0,100.0,20.0,180.0,475.0,70.0,0.9259574235207959,0.00020357668108772486,0.1824214905500412,0.010624810121953487,0.02464507892727852
1679,sample_001679,samples/sample_001679.npz,33,37,44,50,3,9,4,6,6,30.0,90.0,40.0,60.0,60.0,345.0,465.0,60.0,0.890927411687267,0.00014916338841430843,0.24305425584316254,0.007004630286246538,0.02126317471265793
1680,sample_001680,samples/sample_001680.npz,31,43,48,56,6,9,12,8,3,60.0,90.0,120.0,80.0,30.0,365.0,515.0,75.0,0.9814112967609079,0.0003318356175441295,0.2387448102235794,0.014469839632511139,0.0324326753616333
1681,sample_001681,samples/sample_001681.npz,26,40,31,47,2,10,14,16,8,20.0,100.0,140.0,160.0,80.0,325.0,385.0,60.0,0.7508690409781391,0.002224602270871401,1.1177579164505005,0.07424722611904144,0.17336750030517578
1682,sample_001682,samples/sample_001682.npz,21,26,35,40,8,16,5,5,8,80.0,160.0,50.0,50.0,80.0,230.0,370.0,120.0,0.26425224510319273,0.00013666607264894992,0.02592727728188038,0.00247856043279171,0.0038868500851094723
1683,sample_001683,samples/sample_001683.npz,46,53,22,34,5,11,7,12,6,50.0,110.0,70.0,120.0,60.0,490.0,275.0,80.0,0.6693609504501163,0.0004669989866670221,0.2791292369365692,0.01723734848201275,0.037394434213638306
1684,sample_001684,samples/sample_001684.npz,14,30,18,33,8,13,16,15,5,80.0,130.0,160.0,150.0,50.0,215.0,250.0,105.0,0.8165351088000465,0.002116454765200615,0.4005228281021118,0.047431912273168564,0.07257166504859924
1685,sample_001685,samples/sample_001685.npz,19,27,39,50,2,9,8,11,7,20.0,90.0,80.0,110.0,70.0,225.0,440.0,55.0,0.2226217810468697,0.0001350996462861076,0.20189626514911652,0.007591552101075649,0.022383680567145348
1686,sample_001686,samples/sample_001686.npz,41,47,18,34,6,14,6,16,8,60.0,140.0,60.0,160.0,80.0,435.0,255.0,100.0,0.5364859325770945,0.0007997499778866768,0.2264959067106247,0.020205974578857422,0.03517298772931099
1687,sample_001687,samples/sample_001687.npz,8,24,14,20,7,12,16,6,5,70.0,120.0,160.0,60.0,50.0,155.0,165.0,95.0,0.43137465305226325,0.00026738844462670386,0.11661267280578613,0.009936690330505371,0.01838068477809429
1688,sample_001688,samples/sample_001688.npz,12,28,16,21,2,10,16,5,8,20.0,100.0,160.0,50.0,80.0,195.0,180.0,60.0,0.6618045319185342,0.00040611097938381135,0.5200477838516235,0.022982096299529076,0.06234697252511978
1689,sample_001689,samples/sample_001689.npz,26,35,37,52,6,13,9,15,7,60.0,130.0,90.0,150.0,70.0,300.0,440.0,95.0,0.46517833232498307,0.0009115064167417586,0.24833795428276062,0.021875450387597084,0.038985297083854675
1690,sample_001690,samples/sample_001690.npz,44,48,32,40,8,15,4,8,7,80.0,150.0,40.0,80.0,70.0,455.0,355.0,115.0,0.5855424009536783,0.0002855540660675615,0.06680916994810104,0.006145409774035215,0.010044469498097897
1691,sample_001691,samples/sample_001691.npz,39,55,28,39,8,13,16,11,5,80.0,130.0,160.0,110.0,50.0,465.0,330.0,105.0,0.83454746273398,0.0015415609814226627,0.32545235753059387,0.0351431779563427,0.05633942410349846
1692,sample_001692,samples/sample_001692.npz,28,42,12,27,7,9,14,15,2,70.0,90.0,140.0,150.0,20.0,345.0,190.0,80.0,0.6595135140615321,0.0004711246583610773,0.1648959219455719,0.014342673122882843,0.0270540714263916
1693,sample_001693,samples/sample_001693.npz,38,53,33,49,7,10,15,16,3,70.0,100.0,150.0,160.0,30.0,450.0,405.0,85.0,0.5466848361902891,0.0005818423232994974,0.20746459066867828,0.019904157146811485,0.035785503685474396
1694,sample_001694,samples/sample_001694.npz,26,35,18,25,5,10,9,7,5,50.0,100.0,90.0,70.0,50.0,300.0,210.0,75.0,0.636274030631347,0.0003530873218551278,0.19702675938606262,0.010600995272397995,0.024199441075325012
1695,sample_001695,samples/sample_001695.npz,40,50,50,55,8,12,10,5,4,80.0,120.0,100.0,50.0,40.0,445.0,520.0,100.0,0.7934215907066937,0.00019920864724554121,0.0944724828004837,0.007387041579931974,0.014016975648701191
1696,sample_001696,samples/sample_001696.npz,32,48,15,31,7,15,16,16,8,70.0,150.0,160.0,160.0,80.0,395.0,225.0,110.0,0.2860059767918817,0.0013006229419261217,0.22755949199199677,0.027966195717453957,0.04170429706573486
1697,sample_001697,samples/sample_001697.npz,11,24,41,54,8,11,13,13,3,80.0,110.0,130.0,130.0,30.0,170.0,470.0,95.0,0.21090097286136045,0.00014216268027666956,0.05518580973148346,0.0051458110101521015,0.009193062782287598
1698,sample_001698,samples/sample_001698.npz,34,50,40,52,4,6,16,12,2,40.0,60.0,160.0,120.0,20.0,415.0,455.0,50.0,0.46007431989829534,0.00014873514010105282,0.17506368458271027,0.009861978702247143,0.02548603154718876
1699,sample_001699,samples/sample_001699.npz,8,20,21,30,2,8,12,9,6,20.0,80.0,120.0,90.0,60.0,135.0,250.0,50.0,0.5987446764586974,0.000314698729198426,0.557948648929596,0.02155606634914875,0.0653722882270813
1700,sample_001700,samples/sample_001700.npz,16,25,20,30,4,6,9,10,2,40.0,60.0,90.0,100.0,20.0,200.0,245.0,50.0,0.9318090588022718,0.00016483967192471027,0.24655210971832275,0.009436393156647682,0.027882538735866547
1701,sample_001701,samples/sample_001701.npz,13,27,24,40,5,7,14,16,2,50.0,70.0,140.0,160.0,20.0,195.0,315.0,60.0,0.5328856616772417,0.00034028050140477717,0.1864309012889862,0.013080458156764507,0.029264550656080246
1702,sample_001702,samples/sample_001702.npz,24,37,42,47,7,12,13,5,5,70.0,120.0,130.0,50.0,50.0,300.0,440.0,95.0,0.3134243282750062,0.0002097345277434215,0.0626506358385086,0.005076302215456963,0.009268117137253284
1703,sample_001703,samples/sample_001703.npz,39,50,41,50,2,9,11,9,7,20.0,90.0,110.0,90.0,70.0,440.0,450.0,55.0,0.33318120882773417,0.00020019129442516714,0.32168927788734436,0.0127025805413723,0.0371122844517231
1704,sample_001704,samples/sample_001704.npz,51,56,28,35,4,7,5,7,3,40.0,70.0,50.0,70.0,30.0,530.0,310.0,55.0,0.8746491333726463,8.378822531085461e-05,0.1612420231103897,0.004980774130672216,0.015554376877844334
1705,sample_001705,samples/sample_001705.npz,29,37,36,50,2,6,8,14,4,20.0,60.0,80.0,140.0,40.0,325.0,425.0,40.0,0.3696975596493137,0.00015871379582677037,0.2705824375152588,0.009586043655872345,0.03144247084856033
1706,sample_001706,samples/sample_001706.npz,17,22,39,54,8,11,5,15,3,80.0,110.0,50.0,150.0,30.0,190.0,460.0,95.0,0.642082963840322,0.00020793473231606185,0.08216135203838348,0.007030889391899109,0.012828328646719456
1707,sample_001707,samples/sample_001707.npz,14,20,32,44,7,12,6,12,5,70.0,120.0,60.0,120.0,50.0,165.0,375.0,95.0,0.2952680668979092,0.00017862235836219043,0.06649676710367203,0.005238738842308521,0.00973703432828188
1708,sample_001708,samples/sample_001708.npz,24,30,36,43,7,14,6,7,7,70.0,140.0,60.0,70.0,70.0,265.0,390.0,105.0,0.3326079273023875,0.0002352138835703954,0.05913447216153145,0.004787909798324108,0.008347267284989357
1709,sample_001709,samples/sample_001709.npz,38,42,18,34,5,8,4,16,3,50.0,80.0,40.0,160.0,30.0,395.0,255.0,65.0,0.48117042152813366,0.00013568259601015598,0.09072280675172806,0.005018244031816721,0.011854258365929127
1710,sample_001710,samples/sample_001710.npz,33,42,32,46,7,15,9,14,8,70.0,150.0,90.0,140.0,80.0,370.0,385.0,110.0,0.403806252510466,0.0010296179680153728,0.19047856330871582,0.01963130012154579,0.03103206306695938
1711,sample_001711,samples/sample_001711.npz,35,44,13,19,2,9,9,6,7,20.0,90.0,90.0,60.0,70.0,390.0,155.0,55.0,0.7289576404589153,0.0002532095822971314,0.5010512471199036,0.015180334448814392,0.04800520837306976
1712,sample_001712,samples/sample_001712.npz,30,36,38,47,7,9,6,9,2,70.0,90.0,60.0,90.0,20.0,325.0,420.0,80.0,0.25572440059929635,5.263065031613223e-05,0.023766471073031425,0.0014409327413886786,0.003070470178499818
1713,sample_001713,samples/sample_001713.npz,10,24,25,31,7,15,14,6,8,70.0,150.0,140.0,60.0,80.0,165.0,275.0,110.0,0.823464187335132,0.0011271210387349129,0.2719877064228058,0.026134800165891647,0.04312536120414734
1714,sample_001714,samples/sample_001714.npz,13,26,22,26,7,12,13,4,5,70.0,120.0,130.0,40.0,50.0,190.0,235.0,95.0,0.2036702700099765,9.128237434197217e-05,0.033080775290727615,0.002622128464281559,0.0048445649445056915
1715,sample_001715,samples/sample_001715.npz,17,32,18,25,8,13,15,7,5,80.0,130.0,150.0,70.0,50.0,240.0,210.0,105.0,0.23554187093060755,0.0002531043719500303,0.059804122895002365,0.005984471179544926,0.009779863990843296
1716,sample_001716,samples/sample_001716.npz,25,35,46,51,6,14,10,5,8,60.0,140.0,100.0,50.0,80.0,295.0,480.0,100.0,0.9114318184602557,0.0006753739435225725,0.23789598047733307,0.017680658027529716,0.03309456259012222
1717,sample_001717,samples/sample_001717.npz,37,47,32,45,3,9,10,13,6,30.0,90.0,100.0,130.0,60.0,415.0,380.0,60.0,0.4731716932104849,0.0004621002299245447,0.39543184638023376,0.020264841616153717,0.05148822441697121
1718,sample_001718,samples/sample_001718.npz,44,54,18,32,4,8,10,14,4,40.0,80.0,100.0,140.0,40.0,485.0,245.0,60.0,0.28538641600221015,0.00015831144992262125,0.15896281599998474,0.008642644621431828,0.021552348509430885
1719,sample_001719,samples/sample_001719.npz,25,38,13,20,2,4,13,7,2,20.0,40.0,130.0,70.0,20.0,310.0,160.0,30.0,0.48356920551704996,5.446507202577777e-05,0.19685518741607666,0.005204041954129934,0.02059287764132023
1720,sample_001720,samples/sample_001720.npz,33,44,42,53,8,13,11,11,5,80.0,130.0,110.0,110.0,50.0,380.0,470.0,105.0,0.7520875577895636,0.0008190558291971684,0.22421137988567352,0.021690720692276955,0.03640218451619148
1721,sample_001721,samples/sample_001721.npz,31,45,48,54,3,8,14,6,5,30.0,80.0,140.0,60.0,50.0,375.0,505.0,55.0,0.2828638195166912,0.00010364232730353251,0.15599983930587769,0.006491065490990877,0.018353622406721115
1722,sample_001722,samples/sample_001722.npz,14,18,23,32,4,6,4,9,2,40.0,60.0,40.0,90.0,20.0,155.0,270.0,50.0,0.7300311967538335,4.766271013068035e-05,0.0992576852440834,0.002940502716228366,0.009465662762522697
1723,sample_001723,samples/sample_001723.npz,23,28,24,36,3,9,5,12,6,30.0,90.0,50.0,120.0,60.0,250.0,295.0,60.0,0.5127392697280009,0.00029723477200604975,0.250969797372818,0.010200532153248787,0.02778874710202217
1724,sample_001724,samples/sample_001724.npz,44,54,19,29,5,9,10,10,4,50.0,90.0,100.0,100.0,40.0,485.0,235.0,70.0,0.981036475043084,0.00043941501644439995,0.37331798672676086,0.02059796079993248,0.048517439514398575
1725,sample_001725,samples/sample_001725.npz,49,54,31,39,5,11,5,8,6,50.0,110.0,50.0,80.0,60.0,510.0,345.0,80.0,0.5652057417599021,0.0001797200966393575,0.13334991037845612,0.006878769025206566,0.01588044874370098
1726,sample_001726,samples/sample_001726.npz,28,38,37,41,4,9,10,4,5,40.0,90.0,100.0,40.0,50.0,325.0,385.0,65.0,0.49742755147174966,0.00017529979231767356,0.13038785755634308,0.005427390802651644,0.014111812226474285
1727,sample_001727,samples/sample_001727.npz,41,55,9,21,2,5,14,12,3,20.0,50.0,140.0,120.0,30.0,475.0,145.0,35.0,0.378075307197751,8.776434697210789e-05,0.2701334059238434,0.010972501710057259,0.035940323024988174
1728,sample_001728,samples/sample_001728.npz,41,47,14,30,6,8,6,16,2,60.0,80.0,60.0,160.0,20.0,435.0,215.0,70.0,0.35604921303794423,8.463076665066183e-05,0.057650063186883926,0.0036234979052096605,0.008053810335695744
1729,sample_001729,samples/sample_001729.npz,49,54,25,37,2,7,5,12,5,20.0,70.0,50.0,120.0,50.0,510.0,305.0,45.0,0.8000893594329284,0.00019017445447389036,0.46494752168655396,0.013513581827282906,0.046363864094018936
1730,sample_001730,samples/sample_001730.npz,34,43,26,42,2,7,9,16,5,20.0,70.0,90.0,160.0,50.0,380.0,335.0,45.0,0.9083838988687785,0.0008015116909518838,0.8379988670349121,0.03750672563910484,0.10932084172964096
1731,sample_001731,samples/sample_001731.npz,16,23,22,35,6,9,7,13,3,60.0,90.0,70.0,130.0,30.0,190.0,280.0,75.0,0.9548472955402871,0.00040667050052434206,0.21712474524974823,0.013712655752897263,0.02969626896083355
1732,sample_001732,samples/sample_001732.npz,17,22,40,45,5,13,5,5,8,50.0,130.0,50.0,50.0,80.0,190.0,420.0,90.0,0.9813475027033871,0.00029715921846218407,0.17760175466537476,0.009841114282608032,0.020968779921531677
1733,sample_001733,samples/sample_001733.npz,43,56,10,18,3,5,13,8,2,30.0,50.0,130.0,80.0,20.0,490.0,135.0,40.0,0.8551542367409315,8.734562288736925e-05,0.29727113246917725,0.010044807568192482,0.03382426127791405
1734,sample_001734,samples/sample_001734.npz,24,35,9,24,8,12,11,15,4,80.0,120.0,110.0,150.0,40.0,290.0,160.0,100.0,0.8332729570979018,0.0010555752087384462,0.26488590240478516,0.02664557844400406,0.04467225447297096
1735,sample_001735,samples/sample_001735.npz,38,45,24,30,5,11,7,6,6,50.0,110.0,70.0,60.0,60.0,410.0,265.0,80.0,0.44714566456786176,0.00019672159396577626,0.1115160882472992,0.005883202888071537,0.013159017078578472
1736,sample_001736,samples/sample_001736.npz,27,32,14,29,2,7,5,15,5,20.0,70.0,50.0,150.0,50.0,290.0,210.0,45.0,0.6498705491664385,0.00025538072804920375,0.4016936123371124,0.013930181041359901,0.044386595487594604
1737,sample_001737,samples/sample_001737.npz,42,51,25,34,8,12,9,9,4,80.0,120.0,90.0,90.0,40.0,460.0,290.0,100.0,0.3685044068852345,0.00023499465896748006,0.06799526512622833,0.005824430380016565,0.01029658131301403
1738,sample_001738,samples/sample_001738.npz,35,47,32,44,8,11,12,12,3,80.0,110.0,120.0,120.0,30.0,405.0,375.0,95.0,0.9835285795272573,0.0008702142513357103,0.2304150015115738,0.02124614454805851,0.03680203855037689
1739,sample_001739,samples/sample_001739.npz,47,55,35,48,6,9,8,13,3,60.0,90.0,80.0,130.0,30.0,505.0,410.0,75.0,0.7106894396679662,0.0002407862339168787,0.1809675097465515,0.011348746716976166,0.025167910382151604
1740,sample_001740,samples/sample_001740.npz,37,50,23,38,8,13,13,15,5,80.0,130.0,130.0,150.0,50.0,430.0,300.0,105.0,0.7676777348986059,0.0017685159109532833,0.32574257254600525,0.03628495708107948,0.05684695020318031
1741,sample_001741,samples/sample_001741.npz,37,46,11,27,2,9,9,16,7,20.0,90.0,90.0,160.0,70.0,410.0,185.0,55.0,0.8155904351391998,0.0007911311113275588,0.9069145917892456,0.04539470002055168,0.12140370905399323
1742,sample_001742,samples/sample_001742.npz,42,54,12,28,7,12,12,16,5,70.0,120.0,120.0,160.0,50.0,475.0,195.0,95.0,0.22761609089541485,0.00030637619784101844,0.10964121669530869,0.010574695654213428,0.018583154305815697
1743,sample_001743,samples/sample_001743.npz,17,31,11,20,3,8,14,9,5,30.0,80.0,140.0,90.0,50.0,235.0,150.0,55.0,0.5952487313553798,0.00033707451075315475,0.43278738856315613,0.020595049485564232,0.055650852620601654
1744,sample_001744,samples/sample_001744.npz,39,49,10,23,3,7,10,13,4,30.0,70.0,100.0,130.0,40.0,435.0,160.0,50.0,0.5513973288208021,0.00021767549333162606,0.3600956201553345,0.015934035181999207,0.0454741008579731
1745,sample_001745,samples/sample_001745.npz,17,32,23,27,5,9,15,4,4,50.0,90.0,150.0,40.0,40.0,240.0,245.0,70.0,0.20956797721715567,7.809403905412182e-05,0.0469362698495388,0.0026956850197166204,0.006142247933894396
1746,sample_001746,samples/sample_001746.npz,42,47,22,36,5,13,5,14,8,50.0,130.0,50.0,140.0,80.0,440.0,285.0,90.0,0.7342843741125797,0.0007704808958806098,0.2896888256072998,0.020779455080628395,0.0405811108648777
1747,sample_001747,samples/sample_001747.npz,52,56,12,28,5,11,4,16,6,50.0,110.0,40.0,160.0,60.0,535.0,195.0,80.0,0.3622739861032443,0.00013855891302227974,0.10745211690664291,0.006867685355246067,0.015087377279996872
1748,sample_001748,samples/sample_001748.npz,50,54,38,53,3,7,4,15,4,30.0,70.0,40.0,150.0,40.0,515.0,450.0,50.0,0.28018983453374136,4.3128293327754363e-05,0.09933314472436905,0.003687652526423335,0.01120162196457386
1749,sample_001749,samples/sample_001749.npz,10,22,43,55,5,10,12,12,5,50.0,100.0,120.0,120.0,50.0,155.0,485.0,75.0,0.5358954163234575,0.00037595152389258146,0.2980971932411194,0.019600259140133858,0.0432090163230896
1750,sample_001750,samples/sample_001750.npz,23,27,12,27,6,13,4,15,7,60.0,130.0,40.0,150.0,70.0,245.0,190.0,95.0,0.3099412768923805,0.00023095900542102754,0.08036630600690842,0.0064537362195551395,0.011887949891388416
1751,sample_001751,samples/sample_001751.npz,43,48,37,50,2,7,5,13,5,20.0,70.0,50.0,130.0,50.0,450.0,430.0,45.0,0.6405936918533017,0.00015244718815665692,0.38088807463645935,0.01179466675966978,0.03942316398024559
1752,sample_001752,samples/sample_001752.npz,25,30,35,44,5,8,5,9,3,50.0,80.0,50.0,90.0,30.0,270.0,390.0,65.0,0.8365839959507726,0.00017565907910466194,0.14058947563171387,0.0061498419381678104,0.01576319895684719
1753,sample_001753,samples/sample_001753.npz,40,55,49,55,8,10,15,6,2,80.0,100.0,150.0,60.0,20.0,470.0,515.0,90.0,0.34346581158389383,6.717003270750865e-05,0.037546899169683456,0.002952167298644781,0.005803654436022043
1754,sample_001754,samples/sample_001754.npz,40,44,27,35,4,7,4,8,3,40.0,70.0,40.0,80.0,30.0,415.0,305.0,55.0,0.5252437547678597,6.782460695831105e-05,0.08877069503068924,0.002813707571476698,0.008485368452966213
1755,sample_001755,samples/sample_001755.npz,23,34,11,22,3,6,11,11,3,30.0,60.0,110.0,110.0,30.0,280.0,160.0,45.0,0.6280549416547063,0.0001956104242708534,0.3267870843410492,0.012935583479702473,0.0394306518137455
1756,sample_001756,samples/sample_001756.npz,20,29,24,36,6,9,9,12,3,60.0,90.0,90.0,120.0,30.0,240.0,295.0,75.0,0.5349691896183535,0.00033608428202569485,0.142065167427063,0.009198566898703575,0.019596587866544724
1757,sample_001757,samples/sample_001757.npz,43,55,42,47,2,6,12,5,4,20.0,60.0,120.0,50.0,40.0,485.0,440.0,40.0,0.6529040876335205,8.990363130578771e-05,0.3367026150226593,0.008939675986766815,0.03276941925287247
1758,sample_001758,samples/sample_001758.npz,15,28,44,56,4,8,13,12,4,40.0,80.0,130.0,120.0,40.0,210.0,495.0,60.0,0.6651702345780619,0.00036505237221717834,0.3968014121055603,0.02227802574634552,0.0553283654153347
1759,sample_001759,samples/sample_001759.npz,29,38,36,51,8,16,9,15,8,80.0,160.0,90.0,150.0,80.0,330.0,430.0,120.0,0.5742515035837266,0.0016491520218551159,0.24491821229457855,0.028856804594397545,0.0423257052898407
1760,sample_001760,samples/sample_001760.npz,28,38,50,55,3,8,10,5,5,30.0,80.0,100.0,50.0,50.0,325.0,520.0,55.0,0.7550314194944059,0.00017606613982934505,0.3096742630004883,0.010281850583851337,0.031459320336580276
1761,sample_001761,samples/sample_001761.npz,31,35,32,45,5,10,4,13,5,50.0,100.0,40.0,130.0,50.0,325.0,380.0,75.0,0.3570884657918969,0.00019222270930185914,0.08571083843708038,0.004935287404805422,0.010936873964965343
1762,sample_001762,samples/sample_001762.npz,41,51,46,56,8,10,10,10,2,80.0,100.0,100.0,100.0,20.0,455.0,505.0,90.0,0.49010142096526066,0.00011347486724844202,0.0626959428191185,0.004733323119580746,0.00935359951108694
1763,sample_001763,samples/sample_001763.npz,47,55,47,52,4,11,8,5,7,40.0,110.0,80.0,50.0,70.0,505.0,490.0,75.0,0.5083778139251522,0.00012575526488944888,0.16429278254508972,0.007164981681853533,0.01824403740465641
1764,sample_001764,samples/sample_001764.npz,23,35,18,33,6,8,12,15,2,60.0,80.0,120.0,150.0,20.0,285.0,250.0,70.0,0.50911226199191,0.0003364541626069695,0.1352062076330185,0.009851419366896152,0.020573334768414497
1765,sample_001765,samples/sample_001765.npz,29,40,11,18,8,10,11,7,2,80.0,100.0,110.0,70.0,20.0,340.0,140.0,90.0,0.47775069484674726,0.00011853267642436549,0.04856162145733833,0.003649692051112652,0.007072533015161753
1766,sample_001766,samples/sample_001766.npz,38,46,26,40,4,9,8,14,5,40.0,90.0,80.0,140.0,50.0,415.0,325.0,65.0,0.7207369042515748,0.0006422456935979426,0.39867427945137024,0.021925244480371475,0.052324552088975906
1767,sample_001767,samples/sample_001767.npz,12,18,28,34,5,7,6,6,2,50.0,70.0,60.0,60.0,20.0,145.0,305.0,60.0,0.9843180689987763,8.124077430693433e-05,0.10758347064256668,0.003848589491099119,0.010920871049165726
1768,sample_001768,samples/sample_001768.npz,9,21,45,50,5,11,12,5,6,50.0,110.0,120.0,50.0,60.0,145.0,470.0,80.0,0.4018698493497179,0.0001514592586318031,0.12507887184619904,0.0072587626054883,0.01630636304616928
1769,sample_001769,samples/sample_001769.npz,18,24,24,30,5,8,6,6,3,50.0,80.0,60.0,60.0,30.0,205.0,265.0,65.0,0.664237382133456,9.772034536581486e-05,0.09720023721456528,0.0038885928224772215,0.0102503951638937
1770,sample_001770,samples/sample_001770.npz,14,29,24,31,3,8,15,7,5,30.0,80.0,150.0,70.0,50.0,210.0,270.0,55.0,0.9325198526156442,0.0005893270717933774,0.5862519145011902,0.027244379743933678,0.07336240261793137
1771,sample_001771,samples/sample_001771.npz,21,30,9,16,2,7,9,7,5,20.0,70.0,90.0,70.0,50.0,250.0,120.0,45.0,0.8242769618965586,0.00018041214207187295,0.53548264503479,0.0145923076197505,0.05144527927041054
1772,sample_001772,samples/sample_001772.npz,39,50,21,28,3,10,11,7,7,30.0,100.0,110.0,70.0,70.0,440.0,240.0,65.0,0.43199304865487415,0.0002817641943693161,0.2830973267555237,0.012560805305838585,0.03275645524263382
1773,sample_001773,samples/sample_001773.npz,13,26,47,54,6,13,13,7,7,60.0,130.0,130.0,70.0,70.0,190.0,500.0,95.0,0.5693458213831604,0.0004643377033062279,0.22522658109664917,0.01738845929503441,0.033509835600852966
1774,sample_001774,samples/sample_001774.npz,13,23,11,23,6,12,10,12,6,60.0,120.0,100.0,120.0,60.0,175.0,165.0,90.0,0.863428352987665,0.0008028224110603333,0.3988906741142273,0.030566276982426643,0.05950668826699257
1775,sample_001775,samples/sample_001775.npz,16,21,13,20,5,13,5,7,8,50.0,130.0,50.0,70.0,80.0,180.0,160.0,90.0,0.30022736910429393,0.00010777213174151257,0.07266481220722198,0.0041456036269664764,0.008892110548913479
1776,sample_001776,samples/sample_001776.npz,23,31,20,28,5,8,8,8,3,50.0,80.0,80.0,80.0,30.0,265.0,235.0,65.0,0.23220531146862566,6.719399971188977e-05,0.053118422627449036,0.0024254503659904003,0.0061207422986626625
1777,sample_001777,samples/sample_001777.npz,15,29,24,34,2,4,14,10,2,20.0,40.0,140.0,100.0,20.0,215.0,285.0,30.0,0.9867145901715679,0.00019477438763715327,0.48086681962013245,0.016407595947384834,0.058810990303754807
1778,sample_001778,samples/sample_001778.npz,18,28,15,25,4,9,10,10,5,40.0,90.0,100.0,100.0,50.0,225.0,195.0,65.0,0.34424668880313036,0.00020317520829848945,0.18489114940166473,0.009273910894989967,0.023012781515717506
1779,sample_001779,samples/sample_001779.npz,43,48,20,25,8,12,5,5,4,80.0,120.0,50.0,50.0,40.0,450.0,220.0,100.0,0.7091135456924555,0.0001188522219308652,0.04582155495882034,0.0034470334649086,0.0063883461989462376
1780,sample_001780,samples/sample_001780.npz,40,49,33,40,7,15,9,7,8,70.0,150.0,90.0,70.0,80.0,440.0,360.0,110.0,0.6375185335684141,0.0006966139771975577,0.17262236773967743,0.015338457189500332,0.02579713612794876
1781,sample_001781,samples/sample_001781.npz,24,28,16,20,2,6,4,4,4,20.0,60.0,40.0,40.0,40.0,255.0,175.0,40.0,0.9451040803810586,4.4995198550168425e-05,0.23779578506946564,0.0034881066530942917,0.015144000761210918
1782,sample_001782,samples/sample_001782.npz,12,18,47,51,3,7,6,4,4,30.0,70.0,60.0,40.0,40.0,145.0,485.0,50.0,0.5892447190675356,3.582940189517103e-05,0.13360215723514557,0.0031116714235395193,0.010944715701043606
1783,sample_001783,samples/sample_001783.npz,44,54,24,32,8,13,10,8,5,80.0,130.0,100.0,80.0,50.0,485.0,275.0,105.0,0.9451631854832563,0.0006902056047692895,0.20151279866695404,0.01795998029410839,0.031069835647940636
1784,sample_001784,samples/sample_001784.npz,14,23,17,25,2,6,9,8,4,20.0,60.0,90.0,80.0,40.0,180.0,205.0,40.0,0.21407305803669274,4.071522198501043e-05,0.13360992074012756,0.0035436407197266817,0.012966986745595932
1785,sample_001785,samples/sample_001785.npz,28,43,28,39,2,5,15,11,3,20.0,50.0,150.0,110.0,30.0,350.0,330.0,35.0,0.2930866145323197,0.000157809306983836,0.2057940512895584,0.008536485955119133,0.02733480930328369
1786,sample_001786,samples/sample_001786.npz,41,49,30,35,4,12,8,5,8,40.0,120.0,80.0,50.0,80.0,445.0,320.0,80.0,0.20971021299409723,0.00011799386993516237,0.07167640328407288,0.003486755071207881,0.008075105957686901
1787,sample_001787,samples/sample_001787.npz,23,37,35,49,8,11,14,14,3,80.0,110.0,140.0,140.0,30.0,295.0,415.0,95.0,0.40438194447043085,0.0005327326362021267,0.11755454540252686,0.011890614405274391,0.019883640110492706
1788,sample_001788,samples/sample_001788.npz,11,17,20,27,7,9,6,7,2,70.0,90.0,60.0,70.0,20.0,135.0,230.0,80.0,0.9451229041731435,9.662227967055514e-05,0.0717177540063858,0.00403052382171154,0.009008579887449741
1789,sample_001789,samples/sample_001789.npz,17,27,31,37,8,16,10,6,8,80.0,160.0,100.0,60.0,80.0,215.0,335.0,120.0,0.3923298474018104,0.0005155784892849624,0.08556477725505829,0.008817979134619236,0.013478859327733517
1790,sample_001790,samples/sample_001790.npz,42,52,36,51,3,10,10,15,7,30.0,100.0,100.0,150.0,70.0,465.0,430.0,65.0,0.8028460207905421,0.0008508125902153552,0.7750006914138794,0.044938888400793076,0.10806509852409363
1791,sample_001791,samples/sample_001791.npz,28,35,46,52,3,6,7,6,3,30.0,60.0,70.0,60.0,30.0,310.0,485.0,45.0,0.4130117962839955,4.5509666961152107e-05,0.11941896378993988,0.0029481223318725824,0.010504201054573059
1792,sample_001792,samples/sample_001792.npz,48,55,20,32,2,10,7,12,8,20.0,100.0,70.0,120.0,80.0,510.0,255.0,60.0,0.8861319307953379,0.0005553480586968362,0.8080354332923889,0.032023243606090546,0.0913252979516983
1793,sample_001793,samples/sample_001793.npz,29,33,18,32,3,8,4,14,5,30.0,80.0,40.0,140.0,50.0,305.0,245.0,55.0,0.7649284260682923,0.0003231636655982584,0.30206888914108276,0.011979128234088421,0.03370331972837448
1794,sample_001794,samples/sample_001794.npz,35,48,12,26,5,8,13,14,3,50.0,80.0,130.0,140.0,30.0,410.0,185.0,65.0,0.7574250292376457,0.00047026932588778436,0.33352693915367126,0.02218732051551342,0.04981827363371849
1795,sample_001795,samples/sample_001795.npz,31,42,43,54,3,11,11,11,8,30.0,110.0,110.0,110.0,80.0,360.0,480.0,70.0,0.31703676605274467,0.0003813033690676093,0.29629936814308167,0.016193926334381104,0.038838330656290054
1796,sample_001796,samples/sample_001796.npz,15,24,41,45,7,9,9,4,2,70.0,90.0,90.0,40.0,20.0,190.0,425.0,80.0,0.41039604631803894,3.9624093915335834e-05,0.026298344135284424,0.0015204786323010921,0.003328963415697217
1797,sample_001797,samples/sample_001797.npz,25,29,25,35,4,6,4,10,2,40.0,60.0,40.0,100.0,20.0,265.0,295.0,50.0,0.6032930123863953,6.86620405758731e-05,0.08709343522787094,0.002737490925937891,0.008543189615011215
1798,sample_001798,samples/sample_001798.npz,14,29,15,19,6,8,15,4,2,60.0,80.0,150.0,40.0,20.0,210.0,165.0,70.0,0.8820639703178885,0.0001179479731945321,0.09593271464109421,0.005570274777710438,0.01280580647289753
1799,sample_001799,samples/sample_001799.npz,44,52,19,31,4,7,8,12,3,40.0,70.0,80.0,120.0,30.0,475.0,245.0,55.0,0.9883860966559981,0.0002665169595275074,0.3627645671367645,0.015668457373976707,0.04330253228545189
1800,sample_001800,samples/sample_001800.npz,18,24,34,47,2,7,6,13,5,20.0,70.0,60.0,130.0,50.0,205.0,400.0,45.0,0.49120016461934224,0.00016481676721014082,0.3358020782470703,0.010917763225734234,0.03569347411394119
1801,sample_001801,samples/sample_001801.npz,41,56,46,53,2,9,15,7,7,20.0,90.0,150.0,70.0,70.0,480.0,490.0,55.0,0.5040546484420376,0.0002588883216958493,0.4690064787864685,0.02002483606338501,0.05747908353805542
1802,sample_001802,samples/sample_001802.npz,9,19,26,42,6,13,10,16,7,60.0,130.0,100.0,160.0,70.0,135.0,335.0,95.0,0.9654461323345178,0.0018288695719093084,0.5839282274246216,0.05268238112330437,0.09466811269521713
1803,sample_001803,samples/sample_001803.npz,23,28,9,16,6,11,5,7,5,60.0,110.0,50.0,70.0,50.0,250.0,120.0,85.0,0.25276718600763753,5.720959961763583e-05,0.03849325329065323,0.0022019764874130487,0.00482154730707407
1804,sample_001804,samples/sample_001804.npz,12,16,46,53,7,15,4,7,8,70.0,150.0,40.0,70.0,80.0,135.0,490.0,110.0,0.39278251985230145,0.00011514719517435879,0.05113256350159645,0.003962951712310314,0.007329378742724657
1805,sample_001805,samples/sample_001805.npz,46,51,29,39,8,14,5,10,6,80.0,140.0,50.0,100.0,60.0,480.0,335.0,110.0,0.9100915842184589,0.0005540260463021696,0.1414061039686203,0.012845935299992561,0.021648501977324486
1806,sample_001806,samples/sample_001806.npz,31,43,41,55,2,8,12,14,6,20.0,80.0,120.0,140.0,60.0,365.0,475.0,50.0,0.8984386011844745,0.0008171479566954076,1.020923137664795,0.05057107284665108,0.13977359235286713
1807,sample_001807,samples/sample_001807.npz,33,47,33,46,5,11,14,13,6,50.0,110.0,140.0,130.0,60.0,395.0,390.0,80.0,0.21650610627226927,0.00040593789890408516,0.15504372119903564,0.012313448823988438,0.02411004528403282
1808,sample_001808,samples/sample_001808.npz,44,54,15,30,2,8,10,15,6,20.0,80.0,100.0,150.0,60.0,485.0,220.0,50.0,0.7809233123098891,0.0005451863398775458,0.8327845931053162,0.039051029831171036,0.1104118749499321
1809,sample_001809,samples/sample_001809.npz,39,47,45,52,5,10,8,7,5,50.0,100.0,80.0,70.0,50.0,425.0,480.0,75.0,0.4939861858847621,0.00015495701518375427,0.14079156517982483,0.007143368478864431,0.01692390628159046
1810,sample_001810,samples/sample_001810.npz,34,48,31,42,2,5,14,11,3,20.0,50.0,140.0,110.0,30.0,405.0,360.0,35.0,0.406028147482773,0.00015239852655213326,0.2806398868560791,0.011004675179719925,0.0360834002494812
1811,sample_001811,samples/sample_001811.npz,40,51,40,45,6,8,11,5,2,60.0,80.0,110.0,50.0,20.0,450.0,420.0,70.0,0.7125451069218063,9.112234693020582e-05,0.07979950308799744,0.004142285790294409,0.009889026172459126
1812,sample_001812,samples/sample_001812.npz,50,55,38,48,6,11,5,10,5,60.0,110.0,50.0,100.0,50.0,520.0,425.0,85.0,0.9907044357619192,0.00027902203146368265,0.20022563636302948,0.012176550924777985,0.02640669420361519
1813,sample_001813,samples/sample_001813.npz,47,55,46,54,4,10,8,8,6,40.0,100.0,80.0,80.0,60.0,505.0,495.0,70.0,0.7998340497459855,0.00025090109556913376,0.352192759513855,0.015675995498895645,0.04066675156354904
1814,sample_001814,samples/sample_001814.npz,19,30,33,49,5,12,11,16,7,50.0,120.0,110.0,160.0,70.0,240.0,405.0,85.0,0.7725290313232087,0.001677565393038094,0.5841110944747925,0.04882435128092766,0.09216059744358063
1815,sample_001815,samples/sample_001815.npz,41,52,49,54,7,15,11,5,8,70.0,150.0,110.0,50.0,80.0,460.0,510.0,110.0,0.48264248320996156,0.00028854739503003657,0.11257494986057281,0.009594966657459736,0.01718936674296856
1816,sample_001816,samples/sample_001816.npz,29,40,31,47,7,13,11,16,6,70.0,130.0,110.0,160.0,60.0,340.0,385.0,100.0,0.8799632394286914,0.0023819920606911182,0.4477582573890686,0.04610481485724449,0.07517247647047043
1817,sample_001817,samples/sample_001817.npz,11,20,12,22,2,10,9,10,8,20.0,100.0,90.0,100.0,80.0,150.0,165.0,60.0,0.300067786091981,0.00017512256454210728,0.2940221130847931,0.011584881693124771,0.03324159234762192
1818,sample_001818,samples/sample_001818.npz,14,30,44,52,4,8,16,8,4,40.0,80.0,160.0,80.0,40.0,215.0,475.0,60.0,0.7699071649163136,0.0003723589179571718,0.38958048820495605,0.02130891941487789,0.05293426662683487
1819,sample_001819,samples/sample_001819.npz,21,33,34,41,3,10,12,7,7,30.0,100.0,120.0,70.0,70.0,265.0,370.0,65.0,0.3899490191013877,0.0003750704345293343,0.26754438877105713,0.012502866797149181,0.0317528136074543
1820,sample_001820,samples/sample_001820.npz,23,33,18,34,5,12,10,16,7,50.0,120.0,100.0,160.0,70.0,275.0,255.0,85.0,0.6099524356662306,0.0014798948541283607,0.43184947967529297,0.03531813248991966,0.06665544956922531
1821,sample_001821,samples/sample_001821.npz,13,29,22,28,3,9,16,6,6,30.0,90.0,160.0,60.0,60.0,205.0,245.0,60.0,0.4797075613436686,0.00033091899240389466,0.3060116469860077,0.015137561596930027,0.03874574601650238
1822,sample_001822,samples/sample_001822.npz,26,36,38,42,4,10,10,4,6,40.0,100.0,100.0,40.0,60.0,305.0,395.0,70.0,0.47398823598787887,0.00020750166731886566,0.13642093539237976,0.0061208405531942844,0.015139526687562466
1823,sample_001823,samples/sample_001823.npz,35,49,15,31,2,6,14,16,4,20.0,60.0,140.0,160.0,40.0,415.0,225.0,40.0,0.5727167855326041,0.0004035363090224564,0.5513892769813538,0.029613658785820007,0.08339483290910721
1824,sample_001824,samples/sample_001824.npz,12,17,34,46,7,9,5,12,2,70.0,90.0,50.0,120.0,20.0,140.0,395.0,80.0,0.4248997636178271,6.391217175405473e-05,0.040982574224472046,0.0025943336077034473,0.005566255655139685
1825,sample_001825,samples/sample_001825.npz,13,20,42,51,4,7,7,9,3,40.0,70.0,70.0,90.0,30.0,160.0,460.0,55.0,0.5859534198524008,8.597197302151471e-05,0.16600026190280914,0.006046390626579523,0.017845263704657555
1826,sample_001826,samples/sample_001826.npz,37,45,42,51,7,9,8,9,2,70.0,90.0,80.0,90.0,20.0,405.0,460.0,80.0,0.6490817721242612,0.0001250589411938563,0.07700596004724503,0.004798244219273329,0.010274752043187618
1827,sample_001827,samples/sample_001827.npz,19,27,35,45,4,10,8,10,6,40.0,100.0,80.0,100.0,60.0,225.0,395.0,70.0,0.9377215610307703,0.0006434018723666668,0.4795774817466736,0.024075038731098175,0.0579192191362381
1828,sample_001828,samples/sample_001828.npz,44,56,31,42,5,12,12,11,7,50.0,120.0,120.0,110.0,70.0,495.0,360.0,85.0,0.32217820251099377,0.00042594067053869367,0.20635268092155457,0.014928038232028484,0.03024163842201233
1829,sample_001829,samples/sample_001829.npz,50,54,17,26,3,6,4,9,3,30.0,60.0,40.0,90.0,30.0,515.0,210.0,45.0,0.7690021653273458,5.152309677214362e-05,0.18728983402252197,0.004647667519748211,0.016647761687636375
1830,sample_001830,samples/sample_001830.npz,50,55,14,22,4,8,5,8,4,40.0,80.0,50.0,80.0,40.0,520.0,175.0,60.0,0.8636213894315421,0.00010299170389771461,0.2096310704946518,0.0073250941932201385,0.021462585777044296
1831,sample_001831,samples/sample_001831.npz,28,42,11,25,8,10,14,14,2,80.0,100.0,140.0,140.0,20.0,345.0,175.0,90.0,0.41773629108451127,0.0002956956159323454,0.086542047560215,0.00820945855230093,0.01446016039699316
1832,sample_001832,samples/sample_001832.npz,43,50,24,40,3,6,7,16,3,30.0,60.0,70.0,160.0,30.0,460.0,315.0,45.0,0.6176603539061039,0.00020177103579044342,0.2835959792137146,0.011803691275417805,0.03510419651865959
1833,sample_001833,samples/sample_001833.npz,13,19,8,19,2,8,6,11,6,20.0,80.0,60.0,110.0,60.0,155.0,130.0,50.0,0.5371539487799991,0.0001331519742961973,0.37875404953956604,0.01167177315801382,0.03837308660149574
1834,sample_001834,samples/sample_001834.npz,45,54,46,51,5,9,9,5,4,50.0,90.0,90.0,50.0,40.0,490.0,480.0,70.0,0.7762116425827394,0.0001233934744959697,0.15773238241672516,0.007205728907138109,0.01833154819905758
1835,sample_001835,samples/sample_001835.npz,23,35,43,50,6,9,12,7,3,60.0,90.0,120.0,70.0,30.0,285.0,460.0,75.0,0.3879779026829264,0.00014442138490267098,0.08430933952331543,0.005119625013321638,0.011272808536887169
1836,sample_001836,samples/sample_001836.npz,40,55,23,28,7,11,15,5,4,70.0,110.0,150.0,50.0,40.0,470.0,250.0,90.0,0.9887764356301971,0.00046281455433927476,0.185766339302063,0.014763533137738705,0.027997491881251335
1837,sample_001837,samples/sample_001837.npz,13,25,35,50,2,10,12,15,8,20.0,100.0,120.0,150.0,80.0,185.0,420.0,60.0,0.28357135819807494,0.00041572871850803494,0.3844934105873108,0.02221193164587021,0.05526972934603691
1838,sample_001838,samples/sample_001838.npz,16,20,31,42,4,12,4,11,8,40.0,120.0,40.0,110.0,80.0,175.0,360.0,80.0,0.5497013889272606,0.00029526924481615424,0.19030246138572693,0.010012177750468254,0.022704990580677986
1839,sample_001839,samples/sample_001839.npz,23,39,9,13,4,12,16,4,8,40.0,120.0,160.0,40.0,80.0,305.0,105.0,80.0,0.7295750380032295,0.0004930542199872434,0.306193083524704,0.018798338249325752,0.04142656549811363
1840,sample_001840,samples/sample_001840.npz,40,50,36,50,8,10,10,14,2,80.0,100.0,100.0,140.0,20.0,445.0,425.0,90.0,0.32690921464962897,0.00013632803165819496,0.05311339721083641,0.004559486638754606,0.00838396791368723
1841,sample_001841,samples/sample_001841.npz,18,24,43,51,2,8,6,8,6,20.0,80.0,60.0,80.0,60.0,205.0,465.0,50.0,0.3575049259825169,8.091559720924124e-05,0.21859179437160492,0.005744385067373514,0.019592633470892906
1842,sample_001842,samples/sample_001842.npz,22,30,18,25,5,8,8,7,3,50.0,80.0,80.0,70.0,30.0,255.0,210.0,65.0,0.603273806875348,0.00013649722677655518,0.1241300106048584,0.005492766387760639,0.014065115712583065
1843,sample_001843,samples/sample_001843.npz,22,35,19,23,8,12,13,4,4,80.0,120.0,130.0,40.0,40.0,280.0,205.0,100.0,0.2507328418375768,0.00011223299225093797,0.02937902882695198,0.002570349257439375,0.004461429547518492
1844,sample_001844,samples/sample_001844.npz,22,32,8,17,3,8,10,9,5,30.0,80.0,100.0,90.0,50.0,265.0,120.0,55.0,0.48796633347953017,0.0001932433369802311,0.30420446395874023,0.011980276554822922,0.034721825271844864
1845,sample_001845,samples/sample_001845.npz,19,34,20,29,6,13,15,9,7,60.0,130.0,150.0,90.0,70.0,260.0,240.0,95.0,0.9901756901252783,0.002036390360444784,0.5286105871200562,0.04696458950638771,0.08280705660581589
1846,sample_001846,samples/sample_001846.npz,15,23,39,44,4,7,8,5,3,40.0,70.0,80.0,50.0,30.0,185.0,410.0,55.0,0.5178741240662372,5.9418798628030345e-05,0.10511090606451035,0.0034359940327703953,0.010371332056820393
1847,sample_001847,samples/sample_001847.npz,13,19,14,19,4,6,6,5,2,40.0,60.0,60.0,50.0,20.0,155.0,160.0,50.0,0.2257949696229316,9.17791658139322e-06,0.028346579521894455,0.0007490155985578895,0.0025244825519621372
1848,sample_001848,samples/sample_001848.npz,35,41,31,41,4,6,6,10,2,40.0,60.0,60.0,100.0,20.0,375.0,355.0,50.0,0.3583439610245723,5.540008714888245e-05,0.07225360721349716,0.0024361126124858856,0.007447955198585987
1849,sample_001849,samples/sample_001849.npz,16,26,41,52,7,14,10,11,7,70.0,140.0,100.0,110.0,70.0,205.0,460.0,105.0,0.9256955258952535,0.0011703746858984232,0.37122294306755066,0.03385476395487785,0.05835549905896187
1850,sample_001850,samples/sample_001850.npz,20,35,21,26,3,7,15,5,4,30.0,70.0,150.0,50.0,40.0,270.0,230.0,50.0,0.9006421263659043,0.00031578465132042766,0.381673127412796,0.01527058333158493,0.04440075531601906
1851,sample_001851,samples/sample_001851.npz,8,24,43,55,8,15,16,12,7,80.0,150.0,160.0,120.0,70.0,155.0,485.0,115.0,0.521498212274861,0.0010304100578650832,0.2729751765727997,0.031215565279126167,0.04945856332778931
1852,sample_001852,samples/sample_001852.npz,28,37,12,18,2,6,9,6,4,20.0,60.0,90.0,60.0,40.0,320.0,145.0,40.0,0.33540003679697517,5.6390741519862786e-05,0.1778310388326645,0.004161466378718615,0.015846235677599907
1853,sample_001853,samples/sample_001853.npz,17,25,49,54,7,15,8,5,8,70.0,150.0,80.0,50.0,80.0,205.0,510.0,110.0,0.6447764422800948,0.00030504335882142186,0.11645681411027908,0.009434828534722328,0.01698051206767559
1854,sample_001854,samples/sample_001854.npz,46,51,36,45,7,9,5,9,2,70.0,90.0,50.0,90.0,20.0,480.0,400.0,80.0,0.5876593389445632,6.737647345289588e-05,0.04613661766052246,0.0027009935583919287,0.005936536006629467
1855,sample_001855,samples/sample_001855.npz,30,35,22,37,5,12,5,15,7,50.0,120.0,50.0,150.0,70.0,320.0,290.0,85.0,0.9698960650588544,0.0013948897831141949,0.37051302194595337,0.026447506621479988,0.052134715020656586
1856,sample_001856,samples/sample_001856.npz,15,31,32,38,3,6,16,6,3,30.0,60.0,160.0,60.0,30.0,225.0,345.0,45.0,0.35614331538814226,0.00011187974450876936,0.1476197987794876,0.005869082175195217,0.017597034573554993
1857,sample_001857,samples/sample_001857.npz,19,27,29,41,2,7,8,12,5,20.0,70.0,80.0,120.0,50.0,225.0,345.0,45.0,0.8161082774993551,0.0004239545960444957,0.6502376198768616,0.02243068814277649,0.0718432143330574
1858,sample_001858,samples/sample_001858.npz,15,27,12,28,8,16,12,16,8,80.0,160.0,120.0,160.0,80.0,205.0,195.0,120.0,0.5993515168388837,0.0018487167544662952,0.3403432369232178,0.042093757539987564,0.061564989387989044
1859,sample_001859,samples/sample_001859.npz,12,21,37,44,5,10,9,7,5,50.0,100.0,90.0,70.0,50.0,160.0,400.0,75.0,0.7729665202610301,0.0003004152385983616,0.23935453593730927,0.012659840285778046,0.029477233067154884
1860,sample_001860,samples/sample_001860.npz,34,39,27,40,5,13,5,13,8,50.0,130.0,50.0,130.0,80.0,360.0,330.0,90.0,0.5320240318556071,0.0007152205216698349,0.2007438689470291,0.0141725679859519,0.027511313557624817
1861,sample_001861,samples/sample_001861.npz,19,23,37,45,8,11,4,8,3,80.0,110.0,40.0,80.0,30.0,205.0,405.0,95.0,0.6135414479565655,0.0001029228005791083,0.04009293392300606,0.0029261335730552673,0.005531588569283485
1862,sample_001862,samples/sample_001862.npz,47,54,51,55,3,6,7,4,3,30.0,60.0,70.0,40.0,30.0,500.0,525.0,45.0,0.3134240845174243,1.3048717846686486e-05,0.06644684821367264,0.001450381358154118,0.005472057498991489
1863,sample_001863,samples/sample_001863.npz,16,25,14,28,3,8,9,14,5,30.0,80.0,90.0,140.0,50.0,200.0,205.0,55.0,0.9989313571237832,0.000605946930591017,0.7262928485870361,0.034778133034706116,0.09332472831010818
1864,sample_001864,samples/sample_001864.npz,31,41,8,23,3,5,10,15,2,30.0,50.0,100.0,150.0,20.0,355.0,150.0,40.0,0.41581895414768594,9.142595808953047e-05,0.16953694820404053,0.00715494342148304,0.021981436759233475
1865,sample_001865,samples/sample_001865.npz,22,33,46,56,2,9,11,10,7,20.0,90.0,110.0,100.0,70.0,270.0,505.0,55.0,0.4093606039503181,0.0002852461766451597,0.4192321002483368,0.017233582213521004,0.04986827075481415
1866,sample_001866,samples/sample_001866.npz,12,25,10,18,3,10,13,8,7,30.0,100.0,130.0,80.0,70.0,180.0,135.0,65.0,0.9341213629202036,0.0005961828865110874,0.7336913347244263,0.03582915663719177,0.09215213358402252
1867,sample_001867,samples/sample_001867.npz,30,36,25,38,6,9,6,13,3,60.0,90.0,60.0,130.0,30.0,325.0,310.0,75.0,0.2973595079108822,0.00017910631140694022,0.0595158152282238,0.003709510201588273,0.007965834811329842
1868,sample_001868,samples/sample_001868.npz,40,45,44,49,3,6,5,5,3,30.0,60.0,50.0,50.0,30.0,420.0,460.0,45.0,0.696596507358199,3.806238964898512e-05,0.13823053240776062,0.002960242796689272,0.011040886864066124
1869,sample_001869,samples/sample_001869.npz,18,29,17,21,3,5,11,4,2,30.0,50.0,110.0,40.0,20.0,230.0,185.0,40.0,0.7261019883004314,4.59504772152286e-05,0.14597436785697937,0.0036824108101427555,0.013462001457810402
1870,sample_001870,samples/sample_001870.npz,41,53,29,35,5,11,12,6,6,50.0,110.0,120.0,60.0,60.0,465.0,315.0,80.0,0.7922780757252923,0.0005724417278543115,0.2912294566631317,0.01765446737408638,0.038156360387802124
1871,sample_001871,samples/sample_001871.npz,13,24,8,23,6,10,11,15,4,60.0,100.0,110.0,150.0,40.0,180.0,150.0,80.0,0.7603369281720884,0.0005650182138197124,0.32866954803466797,0.02529076114296913,0.051250528544187546
1872,sample_001872,samples/sample_001872.npz,22,33,25,32,8,13,11,7,5,80.0,130.0,110.0,70.0,50.0,270.0,280.0,105.0,0.3896218026414038,0.0004202848649583757,0.07920502871274948,0.007373150438070297,0.012197772040963173
1873,sample_001873,samples/sample_001873.npz,40,53,27,35,2,9,13,8,7,20.0,90.0,130.0,80.0,70.0,460.0,305.0,55.0,0.31154269233235177,0.000261647452134639,0.3023124039173126,0.01255638524889946,0.03577152267098427
1874,sample_001874,samples/sample_001874.npz,19,32,9,22,8,15,13,13,7,80.0,150.0,130.0,130.0,70.0,250.0,150.0,115.0,0.7952184832563747,0.0017896548379212618,0.3809903860092163,0.04328096657991409,0.066850446164608
1875,sample_001875,samples/sample_001875.npz,47,53,23,33,3,11,6,10,8,30.0,110.0,60.0,100.0,80.0,495.0,275.0,70.0,0.7771179141134303,0.000444860226707533,0.4596911668777466,0.019613787531852722,0.050761301070451736
1876,sample_001876,samples/sample_001876.npz,38,45,40,53,3,10,7,13,7,30.0,100.0,70.0,130.0,70.0,410.0,460.0,65.0,0.9455286259084708,0.0006497977301478386,0.6716472506523132,0.03226214647293091,0.08240406215190887
1877,sample_001877,samples/sample_001877.npz,8,24,38,47,7,14,16,9,7,70.0,140.0,160.0,90.0,70.0,155.0,420.0,105.0,0.6141072477734979,0.0009906863560900092,0.29240962862968445,0.029183335602283478,0.049003373831510544
1878,sample_001878,samples/sample_001878.npz,46,54,10,24,3,8,8,14,5,30.0,80.0,80.0,140.0,50.0,495.0,165.0,55.0,0.46329699787482537,0.00018612717394717038,0.31382229924201965,0.014047433622181416,0.0391077846288681
1879,sample_001879,samples/sample_001879.npz,41,50,19,28,7,9,9,9,2,70.0,90.0,90.0,90.0,20.0,450.0,230.0,80.0,0.9974672801315039,0.00022605004778597504,0.1294662058353424,0.008323755115270615,0.017607536166906357
1880,sample_001880,samples/sample_001880.npz,21,29,47,53,4,8,8,6,4,40.0,80.0,80.0,60.0,40.0,245.0,495.0,60.0,0.21974636116473595,4.027268005302176e-05,0.062392305582761765,0.0022782450541853905,0.006478668190538883
1881,sample_001881,samples/sample_001881.npz,27,34,34,42,2,4,7,8,2,20.0,40.0,70.0,80.0,20.0,300.0,375.0,30.0,0.47481562182856857,4.4827451347373426e-05,0.167044535279274,0.003166705137118697,0.014053246937692165
1882,sample_001882,samples/sample_001882.npz,44,49,12,24,4,11,5,12,7,40.0,110.0,50.0,120.0,70.0,460.0,175.0,75.0,0.9463492888582727,0.00043496693251654506,0.3947494328022003,0.02051793411374092,0.048533570021390915
1883,sample_001883,samples/sample_001883.npz,13,21,39,50,4,8,8,11,4,40.0,80.0,80.0,110.0,40.0,165.0,440.0,60.0,0.4246515458215391,0.0001354697742499411,0.18079131841659546,0.00807716604322195,0.021570853888988495
1884,sample_001884,samples/sample_001884.npz,32,47,24,29,3,5,15,5,2,30.0,50.0,150.0,50.0,20.0,390.0,260.0,40.0,0.6136589449744074,8.676748984726146e-05,0.1599157154560089,0.005336700472980738,0.01766842044889927
1885,sample_001885,samples/sample_001885.npz,17,23,12,25,3,6,6,13,3,30.0,60.0,60.0,130.0,30.0,195.0,180.0,45.0,0.48375351396441035,8.189742948161438e-05,0.18843147158622742,0.006406445521861315,0.020519858226180077
1886,sample_001886,samples/sample_001886.npz,40,47,35,43,5,12,7,8,7,50.0,120.0,70.0,80.0,70.0,430.0,385.0,85.0,0.9835972359451894,0.0006311288452707231,0.3350335657596588,0.019744738936424255,0.04195631667971611
1887,sample_001887,samples/sample_001887.npz,36,40,16,32,2,7,4,16,5,20.0,70.0,40.0,160.0,50.0,375.0,235.0,45.0,0.5805604549999838,0.0001903386291814968,0.3093988001346588,0.01062967348843813,0.03367018327116966
1888,sample_001888,samples/sample_001888.npz,31,40,45,51,7,14,9,6,7,70.0,140.0,90.0,60.0,70.0,350.0,475.0,105.0,0.8237271003277309,0.0005920185940340161,0.18145133554935455,0.014894581399857998,0.026411987841129303
1889,sample_001889,samples/sample_001889.npz,18,33,25,34,3,8,15,9,5,30.0,80.0,150.0,90.0,50.0,250.0,290.0,55.0,0.6120834486327265,0.0006071937386877835,0.45580947399139404,0.02310081571340561,0.06020863726735115
1890,sample_001890,samples/sample_001890.npz,11,24,23,29,4,10,13,6,6,40.0,100.0,130.0,60.0,60.0,170.0,255.0,70.0,0.8925589815584674,0.000533230253495276,0.4214162230491638,0.0221352931112051,0.05283235386013985
1891,sample_001891,samples/sample_001891.npz,35,47,33,41,3,5,12,8,2,30.0,50.0,120.0,80.0,20.0,405.0,365.0,40.0,0.44604316198607785,7.78700559749268e-05,0.1512952595949173,0.0049619064666330814,0.01657065749168396
1892,sample_001892,samples/sample_001892.npz,22,32,45,50,3,5,10,5,2,30.0,50.0,100.0,50.0,20.0,265.0,470.0,40.0,0.9034650273969687,6.598961044801399e-05,0.20738114416599274,0.005198227241635323,0.019150272011756897
1893,sample_001893,samples/sample_001893.npz,44,52,9,25,8,12,8,16,4,80.0,120.0,80.0,160.0,40.0,475.0,165.0,100.0,0.8771538204636602,0.0006096527213230729,0.2237813025712967,0.021202098578214645,0.037128254771232605
1894,sample_001894,samples/sample_001894.npz,39,53,49,55,4,6,14,6,2,40.0,60.0,140.0,60.0,20.0,455.0,515.0,50.0,0.5661312265154015,6.0294703871477395e-05,0.1320205181837082,0.005209255963563919,0.015478374436497688
1895,sample_001895,samples/sample_001895.npz,46,50,35,50,4,9,4,15,5,40.0,90.0,40.0,150.0,50.0,475.0,420.0,65.0,0.3866492138004408,0.00011656516289804131,0.12338666617870331,0.006180542521178722,0.015412580221891403
1896,sample_001896,samples/sample_001896.npz,8,15,25,31,2,7,7,6,5,20.0,70.0,70.0,60.0,50.0,110.0,275.0,45.0,0.5065586438284991,7.596077193738893e-05,0.2645905017852783,0.005967365577816963,0.022288436070084572
1897,sample_001897,samples/sample_001897.npz,10,25,30,45,5,12,15,15,7,50.0,120.0,150.0,150.0,70.0,170.0,370.0,85.0,0.892093345631227,0.0022069932892918587,0.7919246554374695,0.07123709470033646,0.13231201469898224
1898,sample_001898,samples/sample_001898.npz,44,53,28,36,2,10,9,8,8,20.0,100.0,90.0,80.0,80.0,480.0,315.0,60.0,0.9736074997000908,0.0006696279160678387,0.8450836539268494,0.030509470030665398,0.0888843759894371
1899,sample_001899,samples/sample_001899.npz,11,22,28,42,8,11,11,14,3,80.0,110.0,110.0,140.0,30.0,160.0,345.0,95.0,0.3261711103214817,0.0002711417619138956,0.07952757179737091,0.007414831779897213,0.012982634827494621
1900,sample_001900,samples/sample_001900.npz,33,45,42,52,5,11,12,10,6,50.0,110.0,120.0,100.0,60.0,385.0,465.0,80.0,0.23647523589658015,0.00023691763635724783,0.1303311586380005,0.00874845776706934,0.018364889547228813
1901,sample_001901,samples/sample_001901.npz,31,44,13,18,4,12,13,5,8,40.0,120.0,130.0,50.0,80.0,370.0,150.0,80.0,0.2443315457949088,0.00017447498976252973,0.11287586390972137,0.006515227258205414,0.01449528057128191
1902,sample_001902,samples/sample_001902.npz,29,39,19,27,7,13,10,8,6,70.0,130.0,100.0,80.0,60.0,335.0,225.0,100.0,0.21037209329284048,0.00024266012769658118,0.059709206223487854,0.005004595499485731,0.008791121654212475
1903,sample_001903,samples/sample_001903.npz,24,40,10,17,4,9,16,7,5,40.0,90.0,160.0,70.0,50.0,315.0,130.0,65.0,0.6561275386276284,0.0004440646735019982,0.34514471888542175,0.01955302618443966,0.04694955050945282
1904,sample_001904,samples/sample_001904.npz,21,37,27,33,6,11,16,6,5,60.0,110.0,160.0,60.0,50.0,285.0,295.0,85.0,0.7328950450835623,0.0009025001199916005,0.23471905291080475,0.018250420689582825,0.034732308238744736
1905,sample_001905,samples/sample_001905.npz,12,24,37,47,7,14,12,10,7,70.0,140.0,120.0,100.0,70.0,175.0,415.0,105.0,0.8473491177440307,0.0012194985756650567,0.3634450435638428,0.033939119428396225,0.0577692985534668
1906,sample_001906,samples/sample_001906.npz,40,53,19,23,3,7,13,4,4,30.0,70.0,130.0,40.0,40.0,460.0,205.0,50.0,0.8947989245535288,0.00014910183381289244,0.3029181659221649,0.01038230862468481,0.032039038836956024
1907,sample_001907,samples/sample_001907.npz,15,30,30,38,7,11,15,8,4,70.0,110.0,150.0,80.0,40.0,220.0,335.0,90.0,0.6776262538916245,0.0007025289814919233,0.19453328847885132,0.016520556062459946,0.030039284378290176
1908,sample_001908,samples/sample_001908.npz,44,54,26,37,4,7,10,11,3,40.0,70.0,100.0,110.0,30.0,485.0,310.0,55.0,0.9632770392184482,0.0003404327144380659,0.3886398673057556,0.017491230741143227,0.047765396535396576
1909,sample_001909,samples/sample_001909.npz,37,44,13,23,7,14,7,10,7,70.0,140.0,70.0,100.0,70.0,400.0,175.0,105.0,0.8599116851388815,0.0007496377220377326,0.23672515153884888,0.02017786353826523,0.035321060568094254
1910,sample_001910,samples/sample_001910.npz,39,48,23,32,8,13,9,9,5,80.0,130.0,90.0,90.0,50.0,430.0,270.0,105.0,0.5088475948485295,0.000443781929789111,0.10946326702833176,0.009995975531637669,0.01685967482626438
1911,sample_001911,samples/sample_001911.npz,11,16,27,40,6,8,5,13,2,60.0,80.0,50.0,130.0,20.0,130.0,330.0,70.0,0.7990350257720331,0.00013006986409891397,0.09868735820055008,0.005447672214359045,0.01281218696385622
1912,sample_001912,samples/sample_001912.npz,37,51,9,23,7,11,14,14,4,70.0,110.0,140.0,140.0,40.0,435.0,155.0,90.0,0.2719791838249231,0.0002841342065948993,0.11424841731786728,0.010475145652890205,0.019065089523792267
1913,sample_001913,samples/sample_001913.npz,44,49,12,19,6,12,5,7,6,60.0,120.0,50.0,70.0,60.0,460.0,150.0,90.0,0.3196643414624549,8.169256761902943e-05,0.05394217371940613,0.00328539009205997,0.006926347967237234
1914,sample_001914,samples/sample_001914.npz,25,29,8,22,5,10,4,14,5,50.0,100.0,40.0,140.0,50.0,265.0,145.0,75.0,0.7487703952247322,0.00027166795916855335,0.1871911734342575,0.010864384472370148,0.024502329528331757
1915,sample_001915,samples/sample_001915.npz,22,31,12,20,5,9,9,8,4,50.0,90.0,90.0,80.0,40.0,260.0,155.0,70.0,0.5592331268113027,0.0001981347450055182,0.16836895048618317,0.008506960235536098,0.020536936819553375
1916,sample_001916,samples/sample_001916.npz,16,30,37,52,6,14,14,15,8,60.0,140.0,140.0,150.0,80.0,225.0,440.0,100.0,0.79382246480647,0.0023578417021781206,0.6343907117843628,0.06487476825714111,0.10855449736118317
1917,sample_001917,samples/sample_001917.npz,33,38,38,51,3,8,5,13,5,30.0,80.0,50.0,130.0,50.0,350.0,440.0,55.0,0.28253625096675866,0.00010604476847220212,0.12984564900398254,0.0050992281176149845,0.01455595251172781
1918,sample_001918,samples/sample_001918.npz,17,25,27,37,3,9,8,10,6,30.0,90.0,80.0,100.0,60.0,205.0,315.0,60.0,0.5510298037355521,0.0003851064539048821,0.3530139625072479,0.01454709842801094,0.039637744426727295
1919,sample_001919,samples/sample_001919.npz,28,32,23,27,2,4,4,4,2,20.0,40.0,40.0,40.0,20.0,295.0,245.0,30.0,0.6330390655026945,1.6149728253367357e-05,0.11116090416908264,0.001206006621941924,0.006353951524943113
1920,sample_001920,samples/sample_001920.npz,25,39,15,28,5,12,14,13,7,50.0,120.0,140.0,130.0,70.0,315.0,210.0,85.0,0.3690393634649679,0.000982418074272573,0.28973495960235596,0.02417323738336563,0.045594654977321625
1921,sample_001921,samples/sample_001921.npz,32,38,45,49,6,14,6,4,8,60.0,140.0,60.0,40.0,80.0,345.0,465.0,100.0,0.7239802786806899,0.000263488560449332,0.10095370560884476,0.006783994380384684,0.012995199300348759
1922,sample_001922,samples/sample_001922.npz,38,53,22,32,6,11,15,10,5,60.0,110.0,150.0,100.0,50.0,450.0,265.0,85.0,0.8012662958830297,0.000986822647973895,0.37818190455436707,0.030590485781431198,0.05847858637571335
1923,sample_001923,samples/sample_001923.npz,32,46,17,29,5,8,14,12,3,50.0,80.0,140.0,120.0,30.0,385.0,225.0,65.0,0.5433930205006909,0.0003790089103858918,0.22922177612781525,0.01483855489641428,0.03335654363036156
1924,sample_001924,samples/sample_001924.npz,32,40,23,39,4,7,8,16,3,40.0,70.0,80.0,160.0,30.0,355.0,305.0,55.0,0.8877605610949835,0.0005758880288340151,0.3660729229450226,0.019091211259365082,0.04865909367799759
1925,sample_001925,samples/sample_001925.npz,25,37,24,30,2,10,12,6,8,20.0,100.0,120.0,60.0,80.0,305.0,265.0,60.0,0.3196050084521036,0.00032239319989457726,0.26371240615844727,0.010187503881752491,0.02853376418352127
1926,sample_001926,samples/sample_001926.npz,26,30,14,27,2,9,4,13,7,20.0,90.0,40.0,130.0,70.0,275.0,200.0,55.0,0.8557804518493597,0.000365919346222654,0.503222644329071,0.01732846163213253,0.051867205649614334
1927,sample_001927,samples/sample_001927.npz,39,47,8,12,4,11,8,4,7,40.0,110.0,80.0,40.0,70.0,425.0,95.0,75.0,0.46421451822527393,9.91384731605649e-05,0.12389320880174637,0.00524258054792881,0.013408215716481209
1928,sample_001928,samples/sample_001928.npz,11,16,42,52,5,10,5,10,5,50.0,100.0,50.0,100.0,50.0,130.0,465.0,75.0,0.2442161301287185,5.834569310536608e-05,0.06117447838187218,0.0031010182574391365,0.0074495612643659115
1929,sample_001929,samples/sample_001929.npz,20,29,8,17,6,11,9,9,5,60.0,110.0,90.0,90.0,50.0,240.0,120.0,85.0,0.4175758371616528,0.00021401503181550652,0.12853331863880157,0.008399098180234432,0.01766909658908844
1930,sample_001930,samples/sample_001930.npz,48,56,25,35,8,11,8,10,3,80.0,110.0,80.0,100.0,30.0,515.0,295.0,95.0,0.761871621078505,0.00028884573839604855,0.1126093864440918,0.008813219144940376,0.01670078933238983
1931,sample_001931,samples/sample_001931.npz,27,41,23,31,2,9,14,8,7,20.0,90.0,140.0,80.0,70.0,335.0,265.0,55.0,0.8690702547130287,0.0010665307054296136,0.8672524690628052,0.0381571501493454,0.10550838708877563
1932,sample_001932,samples/sample_001932.npz,41,46,12,27,5,13,5,15,8,50.0,130.0,50.0,150.0,80.0,430.0,190.0,90.0,0.2659498764252036,0.00023650795628782362,0.10875210911035538,0.007964570075273514,0.015619626268744469
1933,sample_001933,samples/sample_001933.npz,13,27,27,40,7,11,14,13,4,70.0,110.0,140.0,130.0,40.0,195.0,330.0,90.0,0.5851308066114393,0.0008569933706894517,0.23362956941127777,0.021506184712052345,0.03819435089826584
1934,sample_001934,samples/sample_001934.npz,13,28,30,35,8,15,15,5,7,80.0,150.0,150.0,50.0,70.0,200.0,320.0,115.0,0.5898339476441921,0.000814514874946326,0.13578423857688904,0.014619198627769947,0.022476118057966232
1935,sample_001935,samples/sample_001935.npz,17,32,35,46,4,8,15,11,4,40.0,80.0,150.0,110.0,40.0,240.0,400.0,60.0,0.690313807725231,0.0005832954193465412,0.4175453782081604,0.025021018460392952,0.05963420122861862
1936,sample_001936,samples/sample_001936.npz,27,41,46,51,3,7,14,5,4,30.0,70.0,140.0,50.0,40.0,335.0,480.0,50.0,0.9349562665201896,0.0002493173233233392,0.38830769062042236,0.01463471818715334,0.043810635805130005
1937,sample_001937,samples/sample_001937.npz,22,38,35,47,3,7,16,12,4,30.0,70.0,160.0,120.0,40.0,295.0,405.0,50.0,0.5081228883170452,0.0004872265853919089,0.39251160621643066,0.022046459838747978,0.056897230446338654
1938,sample_001938,samples/sample_001938.npz,11,20,49,56,2,7,9,7,5,20.0,70.0,90.0,70.0,50.0,150.0,520.0,45.0,0.6573901830658329,0.00010931457654805854,0.427066445350647,0.011471433565020561,0.04107008874416351
1939,sample_001939,samples/sample_001939.npz,21,36,38,51,4,10,15,13,6,40.0,100.0,150.0,130.0,60.0,280.0,440.0,70.0,0.5955087443420168,0.0010227103484794497,0.5170021653175354,0.037118200212717056,0.07941121608018875
1940,sample_001940,samples/sample_001940.npz,33,44,13,18,2,10,11,5,8,20.0,100.0,110.0,50.0,80.0,380.0,150.0,60.0,0.3135580324024185,0.0001394442660966888,0.21558217704296112,0.0074913231655955315,0.022065049037337303
1941,sample_001941,samples/sample_001941.npz,22,32,31,45,3,7,10,14,4,30.0,70.0,100.0,140.0,40.0,265.0,375.0,50.0,0.42893040029777807,0.0003015213878825307,0.2886897027492523,0.013593584299087524,0.037385180592536926
1942,sample_001942,samples/sample_001942.npz,34,46,21,25,2,5,12,4,3,20.0,50.0,120.0,40.0,30.0,395.0,225.0,35.0,0.4723188041857991,4.9273679906036705e-05,0.17598481476306915,0.003986373543739319,0.015781348571181297
1943,sample_001943,samples/sample_001943.npz,41,55,41,46,8,10,14,5,2,80.0,100.0,140.0,50.0,20.0,475.0,430.0,90.0,0.624709946535781,0.00011762759095290676,0.05521812289953232,0.004308606963604689,0.008281395770609379
1944,sample_001944,samples/sample_001944.npz,41,50,42,46,7,12,9,4,5,70.0,120.0,90.0,40.0,50.0,450.0,435.0,95.0,0.9072181070399983,0.0002436190115986392,0.11245504766702652,0.008006580173969269,0.015473620966076851
1945,sample_001945,samples/sample_001945.npz,30,43,29,43,5,8,13,14,3,50.0,80.0,130.0,140.0,30.0,360.0,355.0,65.0,0.56670861308612,0.0005475411307998002,0.24954627454280853,0.016869064420461655,0.03716881945729256
1946,sample_001946,samples/sample_001946.npz,41,49,9,15,6,9,8,6,3,60.0,90.0,80.0,60.0,30.0,445.0,115.0,75.0,0.6944782318282154,9.644464444136247e-05,0.10022320598363876,0.00506864907220006,0.012149278074502945
1947,sample_001947,samples/sample_001947.npz,21,25,10,21,7,11,4,11,4,70.0,110.0,40.0,110.0,40.0,225.0,150.0,90.0,0.48518650450918965,0.00012043247261317447,0.060571473091840744,0.004226030316203833,0.008415245451033115
1948,sample_001948,samples/sample_001948.npz,22,27,10,22,3,11,5,12,8,30.0,110.0,50.0,120.0,80.0,240.0,155.0,70.0,0.896322695524391,0.0005017048097215593,0.4987789988517761,0.022690294310450554,0.05749078094959259
1949,sample_001949,samples/sample_001949.npz,8,16,45,56,5,11,8,11,6,50.0,110.0,80.0,110.0,60.0,115.0,500.0,80.0,0.8497613518414773,0.0004025092348456383,0.3741931915283203,0.021955732256174088,0.05018218979239464
1950,sample_001950,samples/sample_001950.npz,42,54,9,18,6,9,12,9,3,60.0,90.0,120.0,90.0,30.0,475.0,130.0,75.0,0.8089376021680843,0.00024511542869731784,0.21481956541538239,0.013242159970104694,0.02987740747630596
1951,sample_001951,samples/sample_001951.npz,38,54,19,34,7,10,16,15,3,70.0,100.0,160.0,150.0,30.0,455.0,260.0,85.0,0.6739654034438332,0.0007780775194987655,0.25576701760292053,0.02460959181189537,0.04408164322376251
1952,sample_001952,samples/sample_001952.npz,47,52,21,34,8,13,5,13,5,80.0,130.0,50.0,130.0,50.0,490.0,270.0,105.0,0.3359335436448142,0.00019339843129273504,0.0566396564245224,0.005174507386982441,0.008904799818992615
1953,sample_001953,samples/sample_001953.npz,33,46,29,38,7,9,13,9,2,70.0,90.0,130.0,90.0,20.0,390.0,330.0,80.0,0.8666246521220133,0.0004260548739694059,0.14559197425842285,0.010618471540510654,0.021192563697695732
1954,sample_001954,samples/sample_001954.npz,35,45,46,53,8,10,10,7,2,80.0,100.0,100.0,70.0,20.0,395.0,490.0,90.0,0.4996213095085196,9.819462866289541e-05,0.047388896346092224,0.0034526607487350702,0.006786329206079245
1955,sample_001955,samples/sample_001955.npz,36,52,20,36,3,5,16,16,2,30.0,50.0,160.0,160.0,20.0,435.0,275.0,40.0,0.2719135920288149,0.00011934796202694997,0.13495399057865143,0.008035997860133648,0.021524915471673012
1956,sample_001956,samples/sample_001956.npz,21,33,37,52,2,6,12,15,4,20.0,60.0,120.0,150.0,40.0,265.0,440.0,40.0,0.27771351568420866,0.00016283069271594286,0.24882382154464722,0.01153832022100687,0.03442123532295227
1957,sample_001957,samples/sample_001957.npz,35,51,16,24,3,7,16,8,4,30.0,70.0,160.0,80.0,40.0,425.0,195.0,50.0,0.8657568046930915,0.0003836622345261276,0.5331030488014221,0.024810191243886948,0.0688961073756218
1958,sample_001958,samples/sample_001958.npz,44,56,22,36,2,5,12,14,3,20.0,50.0,120.0,140.0,30.0,495.0,285.0,35.0,0.6121914299006079,0.000192756560863927,0.4374085068702698,0.017907768487930298,0.05815565213561058
1959,sample_001959,samples/sample_001959.npz,33,37,45,51,4,7,4,6,3,40.0,70.0,40.0,60.0,30.0,345.0,475.0,55.0,0.9256145444570159,6.894422404002398e-05,0.12796880304813385,0.003679261077195406,0.011517351493239403
1960,sample_001960,samples/sample_001960.npz,12,23,12,26,4,7,11,14,3,40.0,70.0,110.0,140.0,30.0,170.0,185.0,55.0,0.9865327889523245,0.0003812214417848736,0.47091856598854065,0.024964934214949608,0.06458304077386856
1961,sample_001961,samples/sample_001961.npz,19,29,26,31,6,12,10,5,6,60.0,120.0,100.0,50.0,60.0,235.0,280.0,90.0,0.7282406160062926,0.00047012788127176464,0.16364113986492157,0.011137990280985832,0.021857785061001778
1962,sample_001962,samples/sample_001962.npz,41,50,35,40,8,10,9,5,2,80.0,100.0,90.0,50.0,20.0,450.0,370.0,90.0,0.7617307347551387,0.00011641032324405387,0.04887311905622482,0.003446020418778062,0.006749310065060854
1963,sample_001963,samples/sample_001963.npz,36,48,26,33,5,8,12,7,3,50.0,80.0,120.0,70.0,30.0,415.0,290.0,65.0,0.5699508697174017,0.0002190165687352419,0.15193651616573334,0.007799256592988968,0.018993468955159187
1964,sample_001964,samples/sample_001964.npz,14,26,9,14,8,10,12,5,2,80.0,100.0,120.0,50.0,20.0,195.0,110.0,90.0,0.22556867289484395,3.152007411699742e-05,0.018009383231401443,0.0013046064414083958,0.0026205917820334435
1965,sample_001965,samples/sample_001965.npz,42,48,8,19,2,6,6,11,4,20.0,60.0,60.0,110.0,40.0,445.0,130.0,40.0,0.29505569570984974,4.226346572977491e-05,0.1690480262041092,0.004427826963365078,0.0163471307605505
1966,sample_001966,samples/sample_001966.npz,42,53,22,34,3,11,11,12,8,30.0,110.0,110.0,120.0,80.0,470.0,275.0,70.0,0.8090012698276376,0.0011116595705971122,0.794791579246521,0.04522596299648285,0.10664478689432144
1967,sample_001967,samples/sample_001967.npz,15,24,10,14,2,4,9,4,2,20.0,40.0,90.0,40.0,20.0,190.0,115.0,30.0,0.47740622344853945,1.3573644537245855e-05,0.12524959444999695,0.0020100483670830727,0.009501480497419834
1968,sample_001968,samples/sample_001968.npz,27,35,15,28,4,7,8,13,3,40.0,70.0,80.0,130.0,30.0,305.0,210.0,55.0,0.3382616707207201,0.00014070751785766333,0.1284635215997696,0.005879655946046114,0.015789251774549484
1969,sample_001969,samples/sample_001969.npz,31,40,39,50,7,11,9,11,4,70.0,110.0,90.0,110.0,40.0,350.0,440.0,90.0,0.6961851367717804,0.000512432015966624,0.17881609499454498,0.013909741304814816,0.026295676827430725
1970,sample_001970,samples/sample_001970.npz,21,26,42,53,8,14,5,11,6,80.0,140.0,50.0,110.0,60.0,230.0,470.0,110.0,0.6251889438475624,0.0003668936260510236,0.1045691967010498,0.009670560248196125,0.016268175095319748
1971,sample_001971,samples/sample_001971.npz,16,32,17,22,5,7,16,5,2,50.0,70.0,160.0,50.0,20.0,235.0,190.0,60.0,0.9235185770302081,0.00016395006969105452,0.15471415221691132,0.008068439550697803,0.02014407515525818
1972,sample_001972,samples/sample_001972.npz,45,54,23,37,7,15,9,14,8,70.0,150.0,90.0,140.0,80.0,490.0,295.0,110.0,0.4153835468484734,0.0008238940499722958,0.19593967497348785,0.01957589201629162,0.032198481261730194
1973,sample_001973,samples/sample_001973.npz,37,46,35,51,7,9,9,16,2,70.0,90.0,90.0,160.0,20.0,410.0,425.0,80.0,0.6233950764044033,0.00026507285656407475,0.11810645461082458,0.009271515533328056,0.01820976845920086
1974,sample_001974,samples/sample_001974.npz,37,46,11,26,7,12,9,15,5,70.0,120.0,90.0,150.0,50.0,410.0,180.0,95.0,0.8898136502836878,0.000967322732321918,0.32834288477897644,0.029530921950936317,0.05258755758404732
1975,sample_001975,samples/sample_001975.npz,51,55,18,26,6,8,4,8,2,60.0,80.0,40.0,80.0,20.0,525.0,215.0,70.0,0.8608922764088505,5.1900569815188646e-05,0.06368646770715714,0.0028397359419614077,0.007240588776767254
1976,sample_001976,samples/sample_001976.npz,26,39,40,53,5,8,13,13,3,50.0,80.0,130.0,130.0,30.0,320.0,460.0,65.0,0.6479552151074424,0.0004545806732494384,0.27391406893730164,0.017673267051577568,0.04007083550095558
1977,sample_001977,samples/sample_001977.npz,28,41,19,28,8,11,13,9,3,80.0,110.0,130.0,90.0,30.0,340.0,230.0,95.0,0.6493732489314694,0.0005262810154817998,0.1280287206172943,0.011445341631770134,0.020005781203508377
1978,sample_001978,samples/sample_001978.npz,24,36,48,54,2,6,12,6,4,20.0,60.0,120.0,60.0,40.0,295.0,505.0,40.0,0.8013717935598363,0.0001618747046450153,0.4733005166053772,0.013196109794080257,0.047420062124729156
1979,sample_001979,samples/sample_001979.npz,24,39,8,21,5,12,15,13,7,50.0,120.0,150.0,130.0,70.0,310.0,140.0,85.0,0.5201635163119467,0.0011432727333158255,0.4240115284919739,0.035702336579561234,0.06842624396085739
1980,sample_001980,samples/sample_001980.npz,39,49,36,40,7,13,10,4,6,70.0,130.0,100.0,40.0,60.0,435.0,375.0,100.0,0.6581551441873219,0.00030597770819440484,0.09916224330663681,0.007751872297376394,0.014056975021958351
1981,sample_001981,samples/sample_001981.npz,14,19,30,45,4,12,5,15,8,40.0,120.0,50.0,150.0,80.0,160.0,370.0,80.0,0.6480192510553282,0.0005520276608876884,0.32130271196365356,0.019997814670205116,0.04326758161187172
1982,sample_001982,samples/sample_001982.npz,36,51,15,24,5,9,15,9,4,50.0,90.0,150.0,90.0,40.0,430.0,190.0,70.0,0.40442563961470274,0.0002552369551267475,0.17932330071926117,0.011534416116774082,0.02567118965089321
1983,sample_001983,samples/sample_001983.npz,44,51,15,30,6,13,7,15,7,60.0,130.0,70.0,150.0,70.0,470.0,220.0,95.0,0.7446886227217457,0.0008268219535239041,0.32168057560920715,0.02677058055996895,0.049406517297029495
1984,sample_001984,samples/sample_001984.npz,51,56,18,33,8,13,5,15,5,80.0,130.0,50.0,150.0,50.0,530.0,250.0,105.0,0.530245380018455,0.00029653278761543334,0.09853026270866394,0.00915730744600296,0.016040734946727753
1985,sample_001985,samples/sample_001985.npz,10,22,8,22,7,10,12,14,3,70.0,100.0,120.0,140.0,30.0,155.0,145.0,85.0,0.6797348941907801,0.0003778198442887515,0.20665448904037476,0.016823003068566322,0.03296105936169624
1986,sample_001986,samples/sample_001986.npz,44,49,22,29,6,11,5,7,5,60.0,110.0,50.0,70.0,50.0,460.0,250.0,85.0,0.5372415034433393,0.00014204361650627106,0.08181510120630264,0.004779149778187275,0.01021554321050644
1987,sample_001987,samples/sample_001987.npz,33,37,16,21,3,10,4,5,7,30.0,100.0,40.0,50.0,70.0,345.0,180.0,65.0,0.8876715139071181,0.00016405529459007084,0.22144392132759094,0.0067171696573495865,0.019439078867435455
1988,sample_001988,samples/sample_001988.npz,20,30,30,44,8,13,10,14,5,80.0,130.0,100.0,140.0,50.0,245.0,365.0,105.0,0.7943564803848808,0.0013736630789935589,0.2631772756576538,0.027180666103959084,0.043443404138088226
1989,sample_001989,samples/sample_001989.npz,33,41,22,29,4,6,8,7,2,40.0,60.0,80.0,70.0,20.0,365.0,250.0,50.0,0.3453597026737262,4.7404322685906664e-05,0.06814423948526382,0.002189897932112217,0.006820398848503828
1990,sample_001990,samples/sample_001990.npz,8,20,51,55,4,6,12,4,2,40.0,60.0,120.0,40.0,20.0,135.0,525.0,50.0,0.5221858095325516,2.7989350201096386e-05,0.08191481977701187,0.0027143601328134537,0.008621188811957836
1991,sample_001991,samples/sample_001991.npz,39,46,17,31,7,10,7,14,3,70.0,100.0,70.0,140.0,30.0,420.0,235.0,85.0,0.5728837761295928,0.0002783647505566478,0.11347692459821701,0.008615640923380852,0.01673034392297268
1992,sample_001992,samples/sample_001992.npz,12,19,35,46,8,13,7,11,5,80.0,130.0,70.0,110.0,50.0,150.0,400.0,105.0,0.4237092647550135,0.0002695511211641133,0.08613456785678864,0.007726894225925207,0.01339719258248806
1993,sample_001993,samples/sample_001993.npz,35,42,18,24,5,10,7,6,5,50.0,100.0,70.0,60.0,50.0,380.0,205.0,75.0,0.6770661149679313,0.00021285380353219807,0.1531578004360199,0.007494375575333834,0.017641356214880943
1994,sample_001994,samples/sample_001994.npz,15,20,14,25,5,9,5,11,4,50.0,90.0,50.0,110.0,40.0,170.0,190.0,70.0,0.3892261635512399,9.14035554160364e-05,0.09012120962142944,0.004500178154557943,0.010958231054246426
1995,sample_001995,samples/sample_001995.npz,45,53,33,43,3,11,8,10,8,30.0,110.0,80.0,100.0,80.0,485.0,375.0,70.0,0.4553268409097407,0.0003418150881770998,0.3325147330760956,0.015350118279457092,0.03879668563604355
1996,sample_001996,samples/sample_001996.npz,42,54,44,55,4,11,12,11,7,40.0,110.0,120.0,110.0,70.0,475.0,490.0,75.0,0.24875345657885006,0.00022053063730709255,0.19025781750679016,0.01166751142591238,0.026570308953523636
1997,sample_001997,samples/sample_001997.npz,23,27,25,34,2,7,4,9,5,20.0,70.0,40.0,90.0,50.0,245.0,290.0,45.0,0.296269857645729,6.254157779039815e-05,0.13129831850528717,0.0030597285367548466,0.011077468283474445
1998,sample_001998,samples/sample_001998.npz,42,52,46,53,8,13,10,7,5,80.0,130.0,100.0,70.0,50.0,465.0,490.0,105.0,0.6386279423735075,0.00030361374956555665,0.12067381292581558,0.01034577563405037,0.01858401671051979
1999,sample_001999,samples/sample_001999.npz,30,35,38,49,7,9,5,11,2,70.0,90.0,50.0,110.0,20.0,320.0,430.0,80.0,0.2779836525603055,5.7165561884175986e-05,0.025244010612368584,0.0015916869742795825,0.003358112880960107
2000,sample_002000,samples/sample_002000.npz,17,31,50,54,8,11,14,4,3,80.0,110.0,140.0,40.0,30.0,235.0,515.0,95.0,0.7484029144437574,0.00017233300604857504,0.07453158497810364,0.006029291078448296,0.011339906603097916
2001,sample_002001,samples/sample_002001.npz,32,46,34,46,8,10,14,12,2,80.0,100.0,140.0,120.0,20.0,385.0,395.0,90.0,0.5202286449568096,0.0003414846141822636,0.09695829451084137,0.008861013688147068,0.015677789226174355
2002,sample_002002,samples/sample_002002.npz,33,49,17,25,6,12,16,8,6,60.0,120.0,160.0,80.0,60.0,405.0,205.0,90.0,0.7321157969708365,0.0009392686770297587,0.3373194932937622,0.02827935665845871,0.0522487498819828
2003,sample_002003,samples/sample_002003.npz,13,23,9,17,7,12,10,8,5,70.0,120.0,100.0,80.0,50.0,175.0,125.0,95.0,0.7344018043999556,0.00035734567791223526,0.1861896961927414,0.013978876173496246,0.027228590101003647
2004,sample_002004,samples/sample_002004.npz,40,53,8,24,6,11,13,16,5,60.0,110.0,130.0,160.0,50.0,460.0,155.0,85.0,0.48226100836818664,0.0005922241834923625,0.2835265100002289,0.02483786828815937,0.04722529649734497
2005,sample_002005,samples/sample_002005.npz,23,27,18,34,2,5,4,16,3,20.0,50.0,40.0,160.0,30.0,245.0,255.0,35.0,0.5913186781602517,9.376481466460973e-05,0.23353765904903412,0.006665845401585102,0.024173039942979813
2006,sample_002006,samples/sample_002006.npz,16,24,27,39,5,11,8,12,6,50.0,110.0,80.0,120.0,60.0,195.0,325.0,80.0,0.252254215147145,0.00026239536236971617,0.11765950173139572,0.007557504810392857,0.015926284715533257
2007,sample_002007,samples/sample_002007.npz,11,21,29,35,6,11,10,6,5,60.0,110.0,100.0,60.0,50.0,155.0,315.0,85.0,0.9804150743014428,0.0005024484707973897,0.23454789817333221,0.014909748919308186,0.031027767807245255
2008,sample_002008,samples/sample_002008.npz,34,44,26,40,6,9,10,14,3,60.0,90.0,100.0,140.0,30.0,385.0,325.0,75.0,0.35938583200424407,0.0003082727489527315,0.11327898502349854,0.008013105019927025,0.016521461308002472
2009,sample_002009,samples/sample_002009.npz,29,43,8,19,8,12,14,11,4,80.0,120.0,140.0,110.0,40.0,355.0,130.0,100.0,0.2848180171555975,0.0002926440502051264,0.08662628382444382,0.00837744865566492,0.014427557587623596
2010,sample_002010,samples/sample_002010.npz,14,20,40,54,8,10,6,14,2,80.0,100.0,60.0,140.0,20.0,165.0,465.0,90.0,0.9304313938037605,0.00019677702221088111,0.09767252206802368,0.007653811480849981,0.01475017610937357
2011,sample_002011,samples/sample_002011.npz,18,23,35,46,6,10,5,11,4,60.0,100.0,50.0,110.0,40.0,200.0,400.0,80.0,0.643013315976376,0.00020997971296310425,0.12015016376972198,0.007325275335460901,0.015727780759334564
2012,sample_002012,samples/sample_002012.npz,38,53,12,16,7,15,15,4,8,70.0,150.0,150.0,40.0,80.0,450.0,135.0,110.0,0.23114540363148983,0.00016135770420078188,0.05436573922634125,0.005069791804999113,0.008710665628314018
2013,sample_002013,samples/sample_002013.npz,35,42,22,27,4,7,7,5,3,40.0,70.0,70.0,50.0,30.0,380.0,240.0,55.0,0.745229834614922,9.696405322756618e-05,0.13738352060317993,0.0043678805232048035,0.013220291584730148
2014,sample_002014,samples/sample_002014.npz,30,44,9,16,3,8,14,7,5,30.0,80.0,140.0,70.0,50.0,365.0,120.0,55.0,0.620534634281626,0.00026763128698803484,0.3812778890132904,0.016590895131230354,0.04640289396047592
2015,sample_002015,samples/sample_002015.npz,36,48,40,50,7,15,12,10,8,70.0,150.0,120.0,100.0,80.0,415.0,445.0,110.0,0.5553524182377358,0.0009812412317842245,0.25673434138298035,0.02515101060271263,0.041314225643873215
2016,sample_002016,samples/sample_002016.npz,33,45,14,28,7,12,12,14,5,70.0,120.0,120.0,140.0,50.0,385.0,205.0,95.0,0.2999089815291465,0.0004705751489382237,0.13296839594841003,0.012523993849754333,0.02169087342917919
2017,sample_002017,samples/sample_002017.npz,27,42,17,30,3,6,15,13,3,30.0,60.0,150.0,130.0,30.0,340.0,230.0,45.0,0.3912269401413948,0.00025852638646028936,0.24674972891807556,0.013099917210638523,0.03557531535625458
2018,sample_002018,samples/sample_002018.npz,47,56,32,45,8,13,9,13,5,80.0,130.0,90.0,130.0,50.0,510.0,380.0,105.0,0.9590543956508462,0.0008912062621675432,0.2751672565937042,0.026185093447566032,0.04501218721270561
2019,sample_002019,samples/sample_002019.npz,26,33,22,30,3,9,7,8,6,30.0,90.0,70.0,80.0,60.0,290.0,255.0,60.0,0.995852218642103,0.000538799911737442,0.5080815553665161,0.018499810248613358,0.052219927310943604
2020,sample_002020,samples/sample_002020.npz,45,54,11,19,2,6,9,8,4,20.0,60.0,90.0,80.0,40.0,490.0,145.0,40.0,0.9457258721431852,0.00013685922021977603,0.5902580618858337,0.01542840525507927,0.057339608669281006
2021,sample_002021,samples/sample_002021.npz,43,52,10,15,7,9,9,5,2,70.0,90.0,90.0,50.0,20.0,470.0,120.0,80.0,0.7810400138995637,6.880594446556643e-05,0.061318762600421906,0.003489413997158408,0.007923963479697704
2022,sample_002022,samples/sample_002022.npz,35,43,23,30,4,10,8,7,6,40.0,100.0,80.0,70.0,60.0,385.0,260.0,70.0,0.68192394480891,0.00037635938497260213,0.2705889046192169,0.01231689378619194,0.030449924990534782
2023,sample_002023,samples/sample_002023.npz,40,53,15,26,7,9,13,11,2,70.0,90.0,130.0,110.0,20.0,460.0,200.0,80.0,0.49807845988175903,0.00017892662435770035,0.09724042564630508,0.007267602253705263,0.014699614606797695
2024,sample_002024,samples/sample_002024.npz,45,49,20,30,3,7,4,10,4,30.0,70.0,40.0,100.0,40.0,465.0,245.0,50.0,0.259574535608379,3.6397668736753985e-05,0.07916540652513504,0.0023251394741237164,0.007527369074523449
2025,sample_002025,samples/sample_002025.npz,15,25,17,25,3,10,10,8,7,30.0,100.0,100.0,80.0,70.0,195.0,205.0,65.0,0.9506650669441832,0.0005916551453992724,0.6552144885063171,0.028623130172491074,0.07507665455341339
2026,sample_002026,samples/sample_002026.npz,21,31,25,41,2,5,10,16,3,20.0,50.0,100.0,160.0,30.0,255.0,325.0,35.0,0.26101324434362194,0.00012631682329811156,0.17969003319740295,0.007366263773292303,0.02363882213830948
2027,sample_002027,samples/sample_002027.npz,47,51,39,52,7,12,4,13,5,70.0,120.0,40.0,130.0,50.0,485.0,450.0,95.0,0.49606973292068357,0.00016793083341326565,0.08057322353124619,0.006209234707057476,0.011871617287397385
2028,sample_002028,samples/sample_002028.npz,47,56,21,26,5,9,9,5,4,50.0,90.0,90.0,50.0,40.0,510.0,230.0,70.0,0.3499839430909172,6.441042205551639e-05,0.0711195170879364,0.0032746531069278717,0.00825597159564495
2029,sample_002029,samples/sample_002029.npz,25,33,13,22,2,4,8,9,2,20.0,40.0,80.0,90.0,20.0,285.0,170.0,30.0,0.6769895283211123,5.847004285897128e-05,0.26545557379722595,0.005770083516836166,0.024513859301805496
2030,sample_002030,samples/sample_002030.npz,22,28,9,16,7,9,6,7,2,70.0,90.0,60.0,70.0,20.0,245.0,120.0,80.0,0.7038763845079075,7.136640488170087e-05,0.05341150239109993,0.002985441591590643,0.00671355240046978
2031,sample_002031,samples/sample_002031.npz,24,30,28,40,4,10,6,12,6,40.0,100.0,60.0,120.0,60.0,265.0,335.0,70.0,0.6254906321689369,0.0005330193089321256,0.28406259417533875,0.014570138417184353,0.0345320887863636
2032,sample_002032,samples/sample_002032.npz,12,20,26,42,7,14,8,16,7,70.0,140.0,80.0,160.0,70.0,155.0,335.0,105.0,0.4062397354595822,0.000722197350114584,0.17535938322544098,0.017391592264175415,0.02888539433479309
2033,sample_002033,samples/sample_002033.npz,15,29,26,40,2,4,14,14,2,20.0,40.0,140.0,140.0,20.0,215.0,325.0,30.0,0.9189204612368531,0.0002704311045818031,0.4951375722885132,0.021392421796917915,0.06999017298221588
2034,sample_002034,samples/sample_002034.npz,10,20,16,28,5,8,10,12,3,50.0,80.0,100.0,120.0,30.0,145.0,215.0,65.0,0.630523251405396,0.00022485990484710783,0.21895483136177063,0.012057160027325153,0.029157888144254684
2035,sample_002035,samples/sample_002035.npz,18,27,21,36,7,9,9,15,2,70.0,90.0,90.0,150.0,20.0,220.0,280.0,80.0,0.6605338281982793,0.00032898850622586906,0.12070455402135849,0.009301665239036083,0.018253246322274208
2036,sample_002036,samples/sample_002036.npz,17,24,41,52,8,14,7,11,6,80.0,140.0,70.0,110.0,60.0,200.0,460.0,110.0,0.6249315437593759,0.00048827295540831983,0.14281752705574036,0.013493153266608715,0.022598406299948692
2037,sample_002037,samples/sample_002037.npz,43,49,11,26,5,12,6,15,7,50.0,120.0,60.0,150.0,70.0,455.0,180.0,85.0,0.6301474090830996,0.0005054760258644819,0.2847180962562561,0.01991700567305088,0.040694013237953186
2038,sample_002038,samples/sample_002038.npz,50,56,11,27,7,12,6,16,5,70.0,120.0,60.0,160.0,50.0,525.0,185.0,95.0,0.6222926585062829,0.0003532228583935648,0.16822315752506256,0.01406173687428236,0.026603175327181816
2039,sample_002039,samples/sample_002039.npz,33,39,26,34,2,4,6,8,2,20.0,40.0,60.0,80.0,20.0,355.0,295.0,30.0,0.5931467528545058,5.0671947974478826e-05,0.19426053762435913,0.0033926484175026417,0.015422248281538486
2040,sample_002040,samples/sample_002040.npz,36,52,32,43,8,16,16,11,8,80.0,160.0,160.0,110.0,80.0,435.0,370.0,120.0,0.5150029512636036,0.001699894550256431,0.27221059799194336,0.033544912934303284,0.048606760799884796
2041,sample_002041,samples/sample_002041.npz,49,53,28,40,3,9,4,12,6,30.0,90.0,40.0,120.0,60.0,505.0,335.0,60.0,0.34980255584018105,0.00010511850996408612,0.14274980127811432,0.005436888430267572,0.015345114283263683
2042,sample_002042,samples/sample_002042.npz,26,30,44,54,3,8,4,10,5,30.0,80.0,40.0,100.0,50.0,275.0,485.0,55.0,0.6648764713542141,0.00012999064347241074,0.228287473320961,0.007316390983760357,0.02236858569085598
2043,sample_002043,samples/sample_002043.npz,39,51,36,44,6,13,12,8,7,60.0,130.0,120.0,80.0,70.0,445.0,395.0,95.0,0.9090030048752797,0.001035727676935494,0.38411808013916016,0.03021617978811264,0.056231893599033356
2044,sample_002044,samples/sample_002044.npz,46,50,51,56,2,7,4,5,5,20.0,70.0,40.0,50.0,50.0,475.0,530.0,45.0,0.9592608232102608,4.9806676543084905e-05,0.3052758276462555,0.005306292790919542,0.021540118381381035
2045,sample_002045,samples/sample_002045.npz,31,44,19,34,6,13,13,15,7,60.0,130.0,130.0,150.0,70.0,370.0,260.0,95.0,0.6434117843119957,0.002048390917479992,0.4519917964935303,0.0441579669713974,0.07510475069284439
2046,sample_002046,samples/sample_002046.npz,46,51,32,48,3,11,5,16,8,30.0,110.0,50.0,160.0,80.0,480.0,395.0,70.0,0.6210946397087374,0.00045076434616930783,0.3896680772304535,0.020921798422932625,0.05021237954497337
2047,sample_002047,samples/sample_002047.npz,42,48,9,21,4,10,6,12,6,40.0,100.0,60.0,120.0,60.0,445.0,145.0,70.0,0.6167139989018404,0.0002616005658637732,0.2800767719745636,0.013879608362913132,0.034216392785310745
2048,sample_002048,samples/sample_002048.npz,41,51,37,46,3,8,10,9,5,30.0,80.0,100.0,90.0,50.0,455.0,410.0,55.0,0.5848022957792869,0.0002446531143505126,0.36457324028015137,0.01451805792748928,0.04156883433461189
2049,sample_002049,samples/sample_002049.npz,32,48,31,44,2,7,16,13,5,20.0,70.0,160.0,130.0,50.0,395.0,370.0,45.0,0.6633808207928482,0.0007226314628496766,0.7246422171592712,0.03946096822619438,0.10722479969263077
2050,sample_002050,samples/sample_002050.npz,30,38,16,21,2,7,8,5,5,20.0,70.0,80.0,50.0,50.0,335.0,180.0,45.0,0.2759653926537782,5.235307617112994e-05,0.13611312210559845,0.0031466353684663773,0.011525547131896019
2051,sample_002051,samples/sample_002051.npz,8,22,12,25,8,16,14,13,8,80.0,160.0,140.0,130.0,80.0,145.0,180.0,120.0,0.5929302015879427,0.0014064701972529292,0.3257102370262146,0.03829668089747429,0.05876609683036804
2052,sample_002052,samples/sample_002052.npz,31,35,41,55,3,9,4,14,6,30.0,90.0,40.0,140.0,60.0,325.0,475.0,60.0,0.9517328353786925,0.00038187301834113896,0.41301456093788147,0.017391102388501167,0.04718433693051338
2053,sample_002053,samples/sample_002053.npz,22,26,22,33,2,4,4,11,2,20.0,40.0,40.0,110.0,20.0,235.0,270.0,30.0,0.5387376691546925,3.3893102227011696e-05,0.14966580271720886,0.0028192673344165087,0.012445533648133278
2054,sample_002054,samples/sample_002054.npz,13,29,13,20,2,9,16,7,7,20.0,90.0,160.0,70.0,70.0,205.0,160.0,55.0,0.5085988372205585,0.0003408385964576155,0.4828948378562927,0.02188429981470108,0.060736048966646194
2055,sample_002055,samples/sample_002055.npz,42,48,38,45,5,9,6,7,4,50.0,90.0,60.0,70.0,40.0,445.0,410.0,70.0,0.4600237368532767,9.346863225800917e-05,0.09127361327409744,0.004098818637430668,0.010230117477476597
2056,sample_002056,samples/sample_002056.npz,9,24,26,39,6,10,15,13,4,60.0,100.0,150.0,130.0,40.0,160.0,320.0,80.0,0.7852833720872174,0.0010026792297139764,0.3796185851097107,0.0314631350338459,0.061063557863235474
2057,sample_002057,samples/sample_002057.npz,38,54,20,36,5,10,16,16,5,50.0,100.0,160.0,160.0,50.0,455.0,275.0,75.0,0.26388830533430796,0.0005001263925805688,0.20232029259204865,0.017650261521339417,0.034263551235198975
2058,sample_002058,samples/sample_002058.npz,43,55,27,35,4,12,12,8,8,40.0,120.0,120.0,80.0,80.0,485.0,305.0,80.0,0.6569631460986269,0.0007662935531698167,0.4316791892051697,0.02584853768348694,0.05686977133154869
2059,sample_002059,samples/sample_002059.npz,28,38,23,36,8,13,10,13,5,80.0,130.0,100.0,130.0,50.0,325.0,290.0,105.0,0.7930333899134734,0.0016918398905545473,0.24895407259464264,0.025381503626704216,0.04051373153924942
2060,sample_002060,samples/sample_002060.npz,44,48,33,45,6,9,4,12,3,60.0,90.0,40.0,120.0,30.0,455.0,385.0,75.0,0.5336622887640147,0.00010348823707317933,0.07065772265195847,0.0040190378203988075,0.009034974500536919
2061,sample_002061,samples/sample_002061.npz,19,28,10,20,8,16,9,10,8,80.0,160.0,90.0,100.0,80.0,230.0,145.0,120.0,0.2557511576245274,0.00033906480530276895,0.08010483533143997,0.00831630825996399,0.01313449814915657
2062,sample_002062,samples/sample_002062.npz,30,44,38,52,3,6,14,14,3,30.0,60.0,140.0,140.0,30.0,365.0,445.0,45.0,0.6064695504938453,0.0003211181901860982,0.3855185806751251,0.02029038965702057,0.05546855181455612
2063,sample_002063,samples/sample_002063.npz,8,20,16,23,8,14,12,7,6,80.0,140.0,120.0,70.0,60.0,135.0,190.0,110.0,0.42948754453628396,0.0003233851457480341,0.10515512526035309,0.009909845888614655,0.016903124749660492
2064,sample_002064,samples/sample_002064.npz,9,25,38,50,8,12,16,12,4,80.0,120.0,160.0,120.0,40.0,165.0,435.0,100.0,0.6496273346764132,0.0007567438296973705,0.23080259561538696,0.023854799568653107,0.04000479727983475
2065,sample_002065,samples/sample_002065.npz,31,42,35,46,2,5,11,11,3,20.0,50.0,110.0,110.0,30.0,360.0,400.0,35.0,0.6860182643096225,0.00020497961668297648,0.4397646486759186,0.014617836102843285,0.0510481558740139
2066,sample_002066,samples/sample_002066.npz,37,41,22,35,3,11,4,13,8,30.0,110.0,40.0,130.0,80.0,385.0,280.0,70.0,0.3699985804696356,0.00026920344680547714,0.177022323012352,0.008283896371722221,0.02038562297821045
2067,sample_002067,samples/sample_002067.npz,27,43,27,38,7,13,16,11,6,70.0,130.0,160.0,110.0,60.0,345.0,320.0,100.0,0.8255103278739029,0.002747716149315238,0.42005056142807007,0.04346032068133354,0.0704139992594719
2068,sample_002068,samples/sample_002068.npz,37,51,18,28,5,10,14,10,5,50.0,100.0,140.0,100.0,50.0,435.0,225.0,75.0,0.3436349254621354,0.00032751826802268624,0.18520252406597137,0.01259185653179884,0.02675502374768257
2069,sample_002069,samples/sample_002069.npz,13,27,32,48,5,9,14,16,4,50.0,90.0,140.0,160.0,40.0,195.0,395.0,70.0,0.49576777186536547,0.000585600733757019,0.3021298944950104,0.02358144149184227,0.04864146187901497
2070,sample_002070,samples/sample_002070.npz,42,52,24,28,5,7,10,4,2,50.0,70.0,100.0,40.0,20.0,465.0,255.0,60.0,0.22264887093531743,1.922806040965952e-05,0.024580517783761024,0.0009699014481157064,0.0026626884937286377
2071,sample_002071,samples/sample_002071.npz,44,53,28,38,7,14,9,10,7,70.0,140.0,90.0,100.0,70.0,480.0,325.0,105.0,0.8017312260123721,0.0010081701911985874,0.27392899990081787,0.02410818822681904,0.04186510667204857
2072,sample_002072,samples/sample_002072.npz,19,33,9,25,7,11,14,16,4,70.0,110.0,140.0,160.0,40.0,255.0,165.0,90.0,0.968476061904014,0.0014020261587575078,0.4414655566215515,0.04321473091840744,0.07580304890871048
2073,sample_002073,samples/sample_002073.npz,36,43,11,22,8,13,7,11,5,80.0,130.0,70.0,110.0,50.0,390.0,160.0,105.0,0.24694595272674108,0.00016640980902593583,0.05020089074969292,0.004528737626969814,0.007797173224389553
2074,sample_002074,samples/sample_002074.npz,45,49,18,31,5,11,4,13,6,50.0,110.0,40.0,130.0,60.0,465.0,240.0,80.0,0.6615860992239374,0.0002825636474881321,0.1762070655822754,0.010609958320856094,0.023042259737849236
2075,sample_002075,samples/sample_002075.npz,16,30,17,31,3,5,14,14,2,30.0,50.0,140.0,140.0,20.0,225.0,235.0,40.0,0.415010975777686,0.00013588556612376124,0.18991509079933167,0.009404409676790237,0.0270681269466877
2076,sample_002076,samples/sample_002076.npz,45,51,49,56,4,9,6,7,5,40.0,90.0,60.0,70.0,50.0,475.0,520.0,65.0,0.9706942956985218,0.0001564343401696533,0.28242573142051697,0.010580979287624359,0.029641039669513702
2077,sample_002077,samples/sample_002077.npz,15,29,41,53,4,8,14,12,4,40.0,80.0,140.0,120.0,40.0,215.0,465.0,60.0,0.9530688992712844,0.0006243514362722635,0.5900046229362488,0.03469153121113777,0.0840684249997139
2078,sample_002078,samples/sample_002078.npz,18,28,49,55,2,9,10,6,7,20.0,90.0,100.0,60.0,70.0,225.0,515.0,55.0,0.4202769161515225,0.00013831887918058783,0.304801344871521,0.009597424417734146,0.030259963124990463
2079,sample_002079,samples/sample_002079.npz,18,33,28,44,4,7,15,16,3,40.0,70.0,150.0,160.0,30.0,250.0,355.0,55.0,0.5902673014223667,0.0006002674927003682,0.34589049220085144,0.023727471008896828,0.0549020878970623
2080,sample_002080,samples/sample_002080.npz,34,39,30,39,5,10,5,9,5,50.0,100.0,50.0,90.0,50.0,360.0,340.0,75.0,0.6369228003967475,0.0003016882110387087,0.14790140092372894,0.0076320841908454895,0.017544476315379143
2081,sample_002081,samples/sample_002081.npz,9,21,47,56,7,13,12,9,6,70.0,130.0,120.0,90.0,60.0,145.0,510.0,100.0,0.6976198076471145,0.0005293946014717221,0.24992546439170837,0.020829586312174797,0.0391228087246418
2082,sample_002082,samples/sample_002082.npz,9,23,19,33,8,13,14,14,5,80.0,130.0,140.0,140.0,50.0,155.0,255.0,105.0,0.9095452620510791,0.0016084981616586447,0.3894498348236084,0.04233217239379883,0.06812943518161774
2083,sample_002083,samples/sample_002083.npz,43,56,16,29,6,11,13,13,5,60.0,110.0,130.0,130.0,50.0,490.0,220.0,85.0,0.21240344480514795,0.0002307694812770933,0.11021696031093597,0.008952990174293518,0.01740940660238266
2084,sample_002084,samples/sample_002084.npz,9,15,34,50,5,10,6,16,5,50.0,100.0,60.0,160.0,50.0,115.0,415.0,75.0,0.9050998979801967,0.0004522947419900447,0.3476203680038452,0.022119764238595963,0.04907068982720375
2085,sample_002085,samples/sample_002085.npz,18,30,14,25,7,10,12,11,3,70.0,100.0,120.0,110.0,30.0,235.0,190.0,85.0,0.5993634365617784,0.00036918598925694823,0.15463535487651825,0.012082414701581001,0.023330213502049446
2086,sample_002086,samples/sample_002086.npz,24,35,39,50,8,10,11,11,2,80.0,100.0,110.0,110.0,20.0,290.0,440.0,90.0,0.9421596825236271,0.0004365772765595466,0.1386551409959793,0.011503566056489944,0.02121667191386223
2087,sample_002087,samples/sample_002087.npz,12,25,27,37,8,10,13,10,2,80.0,100.0,130.0,100.0,20.0,180.0,315.0,90.0,0.5581355270480963,0.0002878622035495937,0.0862112045288086,0.007300517521798611,0.013383775018155575
2088,sample_002088,samples/sample_002088.npz,16,26,22,36,3,5,10,14,2,30.0,50.0,100.0,140.0,20.0,205.0,285.0,40.0,0.2907164043790002,7.35720168449916e-05,0.1163715049624443,0.0047098021022975445,0.014603717252612114
2089,sample_002089,samples/sample_002089.npz,36,41,45,50,3,7,5,5,4,30.0,70.0,50.0,50.0,40.0,380.0,470.0,50.0,0.9915373658007025,8.655142300995067e-05,0.23064616322517395,0.005548821296542883,0.01919475756585598
2090,sample_002090,samples/sample_002090.npz,11,17,17,33,7,14,6,16,7,70.0,140.0,60.0,160.0,70.0,135.0,245.0,105.0,0.2182416376574824,0.00024061593285296112,0.07280772924423218,0.006909321527928114,0.01180159579962492
2091,sample_002091,samples/sample_002091.npz,25,38,48,56,8,12,13,8,4,80.0,120.0,130.0,80.0,40.0,310.0,515.0,100.0,0.4074988764169234,0.0002910718321800232,0.09057805687189102,0.008044837974011898,0.014357702806591988
2092,sample_002092,samples/sample_002092.npz,15,27,28,41,2,8,12,13,6,20.0,80.0,120.0,130.0,60.0,205.0,340.0,50.0,0.7705532392128134,0.0008232511463575065,0.850624680519104,0.04067385196685791,0.1131490170955658
2093,sample_002093,samples/sample_002093.npz,21,25,8,21,3,5,4,13,2,30.0,50.0,40.0,130.0,20.0,225.0,140.0,40.0,0.2419476940637126,1.561535282235127e-05,0.05131715536117554,0.0014379058266058564,0.005096436012536287
2094,sample_002094,samples/sample_002094.npz,30,46,16,25,2,5,16,9,3,20.0,50.0,160.0,90.0,30.0,375.0,200.0,35.0,0.7068334836798278,0.00021810512407682836,0.4626476764678955,0.017869723960757256,0.05888422951102257
2095,sample_002095,samples/sample_002095.npz,28,35,36,47,8,13,7,11,5,80.0,130.0,70.0,110.0,50.0,310.0,410.0,105.0,0.8128654721605102,0.0008099924307316542,0.1652449518442154,0.01528255082666874,0.02549676224589348
2096,sample_002096,samples/sample_002096.npz,28,33,28,33,4,9,5,5,5,40.0,90.0,50.0,50.0,50.0,300.0,300.0,65.0,0.5389766518683654,0.00014186878979671746,0.1023608073592186,0.0036872075870633125,0.010021612048149109
2097,sample_002097,samples/sample_002097.npz,44,49,24,32,4,12,5,8,8,40.0,120.0,50.0,80.0,80.0,460.0,275.0,80.0,0.24531730467413626,0.0001193095522467047,0.08384647965431213,0.004058676306158304,0.009453359059989452
2098,sample_002098,samples/sample_002098.npz,25,40,26,35,4,10,15,9,6,40.0,100.0,150.0,90.0,60.0,320.0,300.0,70.0,0.5806386144490756,0.0011156625114381313,0.39946454763412476,0.025387266650795937,0.056081462651491165
2099,sample_002099,samples/sample_002099.npz,46,53,28,36,6,10,7,8,4,60.0,100.0,70.0,80.0,40.0,490.0,315.0,80.0,0.7482604024472159,0.00025592357269488275,0.149269238114357,0.008574385195970535,0.018943950533866882
2100,sample_002100,samples/sample_002100.npz,28,43,37,53,7,12,15,16,5,70.0,120.0,150.0,160.0,50.0,350.0,445.0,95.0,0.9882838545418497,0.0023045565467327833,0.5535297393798828,0.0587494932115078,0.09755270183086395
2101,sample_002101,samples/sample_002101.npz,29,36,42,55,7,9,7,13,2,70.0,90.0,70.0,130.0,20.0,320.0,480.0,80.0,0.4706511898473251,0.00013478475739248097,0.06429433077573776,0.0043895128183066845,0.00912920106202364
2102,sample_002102,samples/sample_002102.npz,12,21,22,26,7,15,9,4,8,70.0,150.0,90.0,40.0,80.0,160.0,235.0,110.0,0.2983595759619577,0.00015426294703502208,0.04815506562590599,0.0040381127037107944,0.0070125637575984
2103,sample_002103,samples/sample_002103.npz,13,23,25,37,4,10,10,12,6,40.0,100.0,100.0,120.0,60.0,175.0,305.0,70.0,0.7026880208260515,0.000750476261600852,0.46655943989753723,0.026911992579698563,0.06217874586582184
2104,sample_002104,samples/sample_002104.npz,30,41,22,37,7,15,11,15,8,70.0,150.0,110.0,150.0,80.0,350.0,290.0,110.0,0.9468366552895402,0.003923796117305756,0.5500340461730957,0.060648586601018906,0.0930040031671524
2105,sample_002105,samples/sample_002105.npz,9,22,38,45,4,8,13,7,4,40.0,80.0,130.0,70.0,40.0,150.0,410.0,60.0,0.9714716042628835,0.0003330245381221175,0.4058837294578552,0.01910254918038845,0.050172753632068634
2106,sample_002106,samples/sample_002106.npz,30,42,39,50,7,14,12,11,7,70.0,140.0,120.0,110.0,70.0,355.0,440.0,105.0,0.4522548565524718,0.0008847059798426926,0.2085973471403122,0.020207427442073822,0.033542364835739136
2107,sample_002107,samples/sample_002107.npz,41,55,22,29,6,8,14,7,2,60.0,80.0,140.0,70.0,20.0,475.0,250.0,70.0,0.9070875824990989,0.0002143761666957289,0.1563481092453003,0.00936508271843195,0.021329887211322784
2108,sample_002108,samples/sample_002108.npz,39,48,8,23,2,4,9,15,2,20.0,40.0,90.0,150.0,20.0,430.0,150.0,30.0,0.2049772277530309,2.4983890398289077e-05,0.09673554450273514,0.0032527579460293055,0.011811668053269386
2109,sample_002109,samples/sample_002109.npz,17,21,44,55,7,10,4,11,3,70.0,100.0,40.0,110.0,30.0,185.0,490.0,85.0,0.9944422502890022,0.00015351237379945815,0.10109283030033112,0.0065127224661409855,0.013720817863941193
2110,sample_002110,samples/sample_002110.npz,36,52,26,38,4,12,16,12,8,40.0,120.0,160.0,120.0,80.0,435.0,315.0,80.0,0.7707137635231185,0.0022178832441568375,0.7786581516265869,0.06148252263665199,0.12174669653177261
2111,sample_002111,samples/sample_002111.npz,16,24,27,32,5,9,8,5,4,50.0,90.0,80.0,50.0,40.0,195.0,290.0,70.0,0.7762631840394283,0.00018890407227445394,0.1456078737974167,0.0066382703371346,0.016389425843954086
2112,sample_002112,samples/sample_002112.npz,38,45,16,25,2,5,7,9,3,20.0,50.0,70.0,90.0,30.0,410.0,200.0,35.0,0.4252073139484247,5.150342622073367e-05,0.20633083581924438,0.004697323776781559,0.01881447806954384
2113,sample_002113,samples/sample_002113.npz,9,14,45,51,3,10,5,6,7,30.0,100.0,50.0,60.0,70.0,110.0,475.0,65.0,0.7567653124627363,0.00012170950503787026,0.2614946961402893,0.00825994648039341,0.02446308545768261
2114,sample_002114,samples/sample_002114.npz,34,44,24,35,3,5,10,11,2,30.0,50.0,100.0,110.0,20.0,385.0,290.0,40.0,0.3129572779072062,7.247376925079152e-05,0.11480952054262161,0.0039972406812012196,0.013080212287604809
2115,sample_002115,samples/sample_002115.npz,8,12,33,40,2,9,4,7,7,20.0,90.0,40.0,70.0,70.0,95.0,360.0,55.0,0.31258922510456594,5.00937421747949e-05,0.1388542801141739,0.0033162692561745644,0.011353517882525921
2116,sample_002116,samples/sample_002116.npz,16,22,26,42,4,11,6,16,7,40.0,110.0,60.0,160.0,70.0,185.0,335.0,75.0,0.949756327399125,0.0010180124081671238,0.5354470610618591,0.03356633707880974,0.07330972701311111
2117,sample_002117,samples/sample_002117.npz,26,33,44,50,7,11,7,6,4,70.0,110.0,70.0,60.0,40.0,290.0,465.0,90.0,0.4356873043010698,0.00012784937280230224,0.05527421087026596,0.003671545535326004,0.0073465812020003796
2118,sample_002118,samples/sample_002118.npz,45,52,30,42,8,14,7,12,6,80.0,140.0,70.0,120.0,60.0,480.0,355.0,110.0,0.6405384446415214,0.0006245457334443927,0.15682852268218994,0.015156829729676247,0.02504987083375454
2119,sample_002119,samples/sample_002119.npz,12,23,26,42,2,5,11,16,3,20.0,50.0,110.0,160.0,30.0,170.0,335.0,35.0,0.27205767303537665,0.00010378580918768421,0.19401495158672333,0.008386380039155483,0.026548262685537338
2120,sample_002120,samples/sample_002120.npz,25,37,28,36,5,10,12,8,5,50.0,100.0,120.0,80.0,50.0,305.0,315.0,75.0,0.8324406271333853,0.001046028221026063,0.34878623485565186,0.021305833011865616,0.046229779720306396
2121,sample_002121,samples/sample_002121.npz,33,40,35,47,4,12,7,12,8,40.0,120.0,70.0,120.0,80.0,360.0,405.0,80.0,0.6692349769095298,0.0008123479201458395,0.39452293515205383,0.023496972396969795,0.050978776067495346
2122,sample_002122,samples/sample_002122.npz,37,47,39,48,3,10,10,9,7,30.0,100.0,100.0,90.0,70.0,415.0,430.0,65.0,0.42315411652535667,0.0003096240689046681,0.3134506344795227,0.014365055598318577,0.03710984066128731
2123,sample_002123,samples/sample_002123.npz,13,28,42,52,3,11,15,10,8,30.0,110.0,150.0,100.0,80.0,200.0,465.0,70.0,0.4997494575803891,0.0006500181625597179,0.5160831809043884,0.03151213750243187,0.07285802811384201
2124,sample_002124,samples/sample_002124.npz,29,43,51,55,6,10,14,4,4,60.0,100.0,140.0,40.0,40.0,355.0,525.0,80.0,0.9537069704968393,0.0002641430764924735,0.16897131502628326,0.010725561529397964,0.023231009021401405
2125,sample_002125,samples/sample_002125.npz,36,48,37,51,4,7,12,14,3,40.0,70.0,120.0,140.0,30.0,415.0,435.0,55.0,0.25910834251525633,0.0001279942662222311,0.12991996109485626,0.007215457037091255,0.01821589283645153
2126,sample_002126,samples/sample_002126.npz,31,45,44,49,7,15,14,5,8,70.0,150.0,140.0,50.0,80.0,375.0,460.0,110.0,0.6053609243614719,0.000662902370095253,0.16814471781253815,0.01603323221206665,0.026522373780608177
2127,sample_002127,samples/sample_002127.npz,22,38,40,53,7,15,16,13,8,70.0,150.0,160.0,130.0,80.0,295.0,460.0,110.0,0.39785061973801916,0.0014497305965051055,0.27394023537635803,0.031326621770858765,0.04848381131887436
2128,sample_002128,samples/sample_002128.npz,27,32,23,34,6,10,5,11,4,60.0,100.0,50.0,110.0,40.0,290.0,280.0,80.0,0.4618306605479052,0.00023625337053090334,0.08629530668258667,0.005342575255781412,0.011263296939432621
2129,sample_002129,samples/sample_002129.npz,29,43,27,40,7,11,14,13,4,70.0,110.0,140.0,130.0,40.0,355.0,330.0,90.0,0.6607710660882689,0.0012839263072237372,0.2638310194015503,0.024602144956588745,0.04298385605216026
2130,sample_002130,samples/sample_002130.npz,26,30,30,36,8,11,4,6,3,80.0,110.0,40.0,60.0,30.0,275.0,325.0,95.0,0.9596526355764419,0.000194260646821931,0.04871697351336479,0.0034957854077219963,0.0065360479056835175
2131,sample_002131,samples/sample_002131.npz,14,18,32,47,5,11,4,15,6,50.0,110.0,40.0,150.0,60.0,155.0,390.0,80.0,0.8091420310006388,0.0003870868240483105,0.23237979412078857,0.01491820439696312,0.03179169073700905
2132,sample_002132,samples/sample_002132.npz,49,53,9,22,7,12,4,13,5,70.0,120.0,40.0,130.0,50.0,505.0,150.0,95.0,0.7851958892368851,0.00023334183788392693,0.12753401696681976,0.009623244404792786,0.018862692639231682
2133,sample_002133,samples/sample_002133.npz,19,31,22,27,2,8,12,5,6,20.0,80.0,120.0,50.0,60.0,245.0,240.0,50.0,0.33256880359283003,0.00013321859296411276,0.2108641117811203,0.006765867583453655,0.021461309865117073
2134,sample_002134,samples/sample_002134.npz,11,16,16,32,5,13,5,16,8,50.0,130.0,50.0,160.0,80.0,130.0,235.0,90.0,0.9498287964938017,0.0008265325450338423,0.40208208560943604,0.029890432953834534,0.05901544168591499
2135,sample_002135,samples/sample_002135.npz,42,49,29,33,8,16,7,4,8,80.0,160.0,70.0,40.0,80.0,450.0,305.0,120.0,0.5233028864688118,0.0002918285899795592,0.05683182552456856,0.005434609949588776,0.008607849478721619
2136,sample_002136,samples/sample_002136.npz,12,23,38,53,7,10,11,15,3,70.0,100.0,110.0,150.0,30.0,170.0,450.0,85.0,0.4304178413320874,0.0002689453831408173,0.1276704967021942,0.010648968629539013,0.02040444314479828
2137,sample_002137,samples/sample_002137.npz,9,20,28,36,7,13,11,8,6,70.0,130.0,110.0,80.0,60.0,140.0,315.0,100.0,0.6710560536475829,0.0006707413704134524,0.20440790057182312,0.017065929248929024,0.030815590173006058
2138,sample_002138,samples/sample_002138.npz,39,54,26,39,2,7,15,13,5,20.0,70.0,150.0,130.0,50.0,460.0,320.0,45.0,0.8375507043161392,0.0007896453025750816,0.8965270519256592,0.046403370797634125,0.12930841743946075
2139,sample_002139,samples/sample_002139.npz,32,44,40,56,4,7,12,16,3,40.0,70.0,120.0,160.0,30.0,375.0,475.0,55.0,0.45810059448519597,0.0002559185668360442,0.24215848743915558,0.014502464793622494,0.03573017194867134
2140,sample_002140,samples/sample_002140.npz,21,33,10,15,5,11,12,5,6,50.0,110.0,120.0,50.0,60.0,265.0,120.0,80.0,0.41720108926833355,0.0001900135539472103,0.1298506110906601,0.007603296544402838,0.016900531947612762
2141,sample_002141,samples/sample_002141.npz,9,15,19,33,5,11,6,14,6,50.0,110.0,60.0,140.0,60.0,115.0,255.0,80.0,0.6108210846789773,0.00037489234819076955,0.24499981105327606,0.015521847642958164,0.033679716289043427
2142,sample_002142,samples/sample_002142.npz,13,28,22,31,5,13,15,9,8,50.0,130.0,150.0,90.0,80.0,200.0,260.0,90.0,0.6553129827622596,0.0012862439034506679,0.44319209456443787,0.03573525324463844,0.06724057346582413
2143,sample_002143,samples/sample_002143.npz,33,44,28,39,2,6,11,11,4,20.0,60.0,110.0,110.0,40.0,380.0,330.0,40.0,0.466197000406058,0.0002496442466508597,0.3637131154537201,0.013105477206408978,0.042836565524339676
2144,sample_002144,samples/sample_002144.npz,20,27,27,36,6,11,7,9,5,60.0,110.0,70.0,90.0,50.0,230.0,310.0,85.0,0.37697227418838974,0.00026060701929964125,0.09459956735372543,0.006136150564998388,0.012509044259786606
2145,sample_002145,samples/sample_002145.npz,39,47,36,48,7,11,8,12,4,70.0,110.0,80.0,120.0,40.0,425.0,415.0,90.0,0.23751819907955873,0.00014767746324650943,0.0592137910425663,0.004581738263368607,0.00869414210319519
2146,sample_002146,samples/sample_002146.npz,30,38,13,29,5,10,8,16,5,50.0,100.0,80.0,160.0,50.0,335.0,205.0,75.0,0.7389137296133574,0.0008158897398971021,0.3602350056171417,0.024941198527812958,0.05224974453449249
2147,sample_002147,samples/sample_002147.npz,34,42,38,51,4,9,8,13,5,40.0,90.0,80.0,130.0,50.0,375.0,440.0,65.0,0.4043210379797393,0.00026664003962650895,0.21555514633655548,0.011346115730702877,0.027661219239234924
2148,sample_002148,samples/sample_002148.npz,31,43,34,46,3,9,12,12,6,30.0,90.0,120.0,120.0,60.0,365.0,395.0,60.0,0.718146036702916,0.0008690442773513496,0.6388950347900391,0.03417784720659256,0.08532451838254929
2149,sample_002149,samples/sample_002149.npz,22,34,18,28,5,7,12,10,2,50.0,70.0,120.0,100.0,20.0,275.0,225.0,60.0,0.8835026780340607,0.0002963179722428322,0.22324317693710327,0.011672267690300941,0.028970791026949883
2150,sample_002150,samples/sample_002150.npz,48,55,52,56,4,6,7,4,2,40.0,60.0,70.0,40.0,20.0,510.0,535.0,50.0,0.563802241767984,1.6532852896489203e-05,0.06560096889734268,0.0016977584455162287,0.00587606243789196
2151,sample_002151,samples/sample_002151.npz,15,29,44,51,8,10,14,7,2,80.0,100.0,140.0,70.0,20.0,215.0,470.0,90.0,0.7350120649751781,0.0002044194843620062,0.08830837160348892,0.0071386294439435005,0.013485211879014969
2152,sample_002152,samples/sample_002152.npz,43,53,10,25,5,11,10,15,6,50.0,110.0,100.0,150.0,60.0,475.0,170.0,80.0,0.7823972872129861,0.0007810050738044083,0.48897144198417664,0.03549828380346298,0.0737028643488884
2153,sample_002153,samples/sample_002153.npz,14,24,36,42,6,8,10,6,2,60.0,80.0,100.0,60.0,20.0,185.0,385.0,70.0,0.3300266961700229,5.153000165591948e-05,0.04113510623574257,0.0021049361675977707,0.005012787878513336
2154,sample_002154,samples/sample_002154.npz,8,13,15,21,3,10,5,6,7,30.0,100.0,50.0,60.0,70.0,100.0,175.0,65.0,0.5743675124343517,9.439266432309523e-05,0.19846849143505096,0.006268664728850126,0.018565552309155464
2155,sample_002155,samples/sample_002155.npz,17,26,15,31,4,8,9,16,4,40.0,80.0,90.0,160.0,40.0,210.0,225.0,60.0,0.7969257975471169,0.0005273817805573344,0.43606674671173096,0.025108054280281067,0.06080387160181999
2156,sample_002156,samples/sample_002156.npz,10,14,11,25,7,12,4,14,5,70.0,120.0,40.0,140.0,50.0,115.0,175.0,95.0,0.42448511982238596,0.0001407644886057824,0.07245055586099625,0.005621755495667458,0.010873973369598389
2157,sample_002157,samples/sample_002157.npz,23,29,35,48,2,10,6,13,8,20.0,100.0,60.0,130.0,80.0,255.0,410.0,60.0,0.822644091562027,0.0006604249938391149,0.6984874606132507,0.02823074348270893,0.07830645889043808
2158,sample_002158,samples/sample_002158.npz,36,48,34,50,3,7,12,16,4,30.0,70.0,120.0,160.0,40.0,415.0,415.0,50.0,0.8885141123293743,0.0006477437564171851,0.686353862285614,0.03831478953361511,0.09957465529441833
2159,sample_002159,samples/sample_002159.npz,14,28,10,19,8,16,14,9,8,80.0,160.0,140.0,90.0,80.0,205.0,140.0,120.0,0.3291555747970695,0.0005662719486281276,0.1339094638824463,0.014834101311862469,0.023104580119252205
2160,sample_002160,samples/sample_002160.npz,13,24,33,44,8,15,11,11,7,80.0,150.0,110.0,110.0,70.0,180.0,380.0,115.0,0.9883395597154967,0.001742760301567614,0.3654302954673767,0.03909220173954964,0.06092659384012222
2161,sample_002161,samples/sample_002161.npz,31,44,42,48,2,6,13,6,4,20.0,60.0,130.0,60.0,40.0,370.0,445.0,40.0,0.8026836003662081,0.00019612150208558887,0.4842987656593323,0.014454386197030544,0.05037839710712433
2162,sample_002162,samples/sample_002162.npz,12,22,10,18,3,10,10,8,7,30.0,100.0,100.0,80.0,70.0,165.0,135.0,65.0,0.28761488156140413,0.00013563824177253991,0.19822905957698822,0.008463017642498016,0.02277437224984169
2163,sample_002163,samples/sample_002163.npz,40,55,25,31,6,9,15,6,3,60.0,90.0,150.0,60.0,30.0,470.0,275.0,75.0,0.23704015571428574,8.964108565123752e-05,0.05124460905790329,0.003333600703626871,0.007186699192970991
2164,sample_002164,samples/sample_002164.npz,26,32,32,36,3,11,6,4,8,30.0,110.0,60.0,40.0,80.0,285.0,335.0,70.0,0.7843924922667898,0.0003161121276207268,0.2377961277961731,0.00813779141753912,0.021833578124642372
2165,sample_002165,samples/sample_002165.npz,12,24,52,56,2,8,12,4,6,20.0,80.0,120.0,40.0,60.0,175.0,535.0,50.0,0.814163423198957,0.00014014147745911032,0.43783172965049744,0.012768037617206573,0.042704176157712936
2166,sample_002166,samples/sample_002166.npz,13,29,10,14,3,8,16,4,5,30.0,80.0,160.0,40.0,50.0,205.0,115.0,55.0,0.33673150070809077,8.073728531599045e-05,0.13872045278549194,0.005838280078023672,0.016470232978463173
2167,sample_002167,samples/sample_002167.npz,9,18,41,51,4,10,9,10,6,40.0,100.0,90.0,100.0,60.0,130.0,455.0,70.0,0.45260434797916443,0.00022423831978812814,0.2505052983760834,0.012638641521334648,0.03125538304448128
2168,sample_002168,samples/sample_002168.npz,36,47,40,44,3,5,11,4,2,30.0,50.0,110.0,40.0,20.0,410.0,415.0,40.0,0.857741821984612,5.781682557426393e-05,0.17243903875350952,0.0043598683550953865,0.015900148078799248
2169,sample_002169,samples/sample_002169.npz,33,38,20,27,7,13,5,7,6,70.0,130.0,50.0,70.0,60.0,350.0,230.0,100.0,0.5640631782104044,0.00027597908047027886,0.07758314907550812,0.005875905975699425,0.010683649219572544
2170,sample_002170,samples/sample_002170.npz,28,34,39,54,6,12,6,15,6,60.0,120.0,60.0,150.0,60.0,305.0,460.0,90.0,0.9048175200589335,0.0009106203797273338,0.31301450729370117,0.02450515888631344,0.046494726091623306
2171,sample_002171,samples/sample_002171.npz,34,43,30,44,8,10,9,14,2,80.0,100.0,90.0,140.0,20.0,380.0,365.0,90.0,0.7198369347201354,0.000394928123569116,0.10717897862195969,0.009240643121302128,0.01664796657860279
2172,sample_002172,samples/sample_002172.npz,12,24,18,26,3,10,12,8,7,30.0,100.0,120.0,80.0,70.0,175.0,215.0,65.0,0.8088091991453061,0.0005867395084351301,0.6132282614707947,0.02913399413228035,0.0745563954114914
2173,sample_002173,samples/sample_002173.npz,45,56,45,49,5,11,11,4,6,50.0,110.0,110.0,40.0,60.0,500.0,465.0,80.0,0.2520304180426036,6.771775952074677e-05,0.06074100732803345,0.003323881421238184,0.007625133730471134
2174,sample_002174,samples/sample_002174.npz,35,47,22,36,4,6,12,14,2,40.0,60.0,120.0,140.0,20.0,405.0,285.0,50.0,0.7095045229561354,0.0002884856075979769,0.2571415603160858,0.01346638798713684,0.03546048700809479
2175,sample_002175,samples/sample_002175.npz,32,44,40,54,7,15,12,14,8,70.0,150.0,120.0,140.0,80.0,375.0,465.0,110.0,0.34527203790852834,0.0008990017231553793,0.2054593563079834,0.02184804156422615,0.03489956259727478
2176,sample_002176,samples/sample_002176.npz,14,29,19,32,8,15,15,13,7,80.0,150.0,150.0,130.0,70.0,210.0,250.0,115.0,0.6304945111759875,0.001979973167181015,0.3349359333515167,0.04050232470035553,0.05979564040899277
2177,sample_002177,samples/sample_002177.npz,43,50,42,56,4,8,7,14,4,40.0,80.0,70.0,140.0,40.0,460.0,485.0,60.0,0.5805930993489388,0.00018533544789534062,0.25112539529800415,0.012173796072602272,0.03186572343111038
2178,sample_002178,samples/sample_002178.npz,34,43,32,39,4,10,9,7,6,40.0,100.0,90.0,70.0,60.0,380.0,350.0,70.0,0.7792780506384678,0.0005246561486274004,0.33397120237350464,0.015859732404351234,0.038704510778188705
2179,sample_002179,samples/sample_002179.npz,18,23,23,35,5,8,5,12,3,50.0,80.0,50.0,120.0,30.0,200.0,285.0,65.0,0.48973355014445596,0.00012537688598968089,0.09829594939947128,0.0047768643125891685,0.01186232641339302
2180,sample_002180,samples/sample_002180.npz,30,40,23,38,3,11,10,15,8,30.0,110.0,100.0,150.0,80.0,345.0,300.0,70.0,0.9576022009692966,0.0024869167245924473,0.988900363445282,0.06200534105300903,0.1389954388141632
2181,sample_002181,samples/sample_002181.npz,40,48,32,45,3,11,8,13,8,30.0,110.0,80.0,130.0,80.0,435.0,380.0,70.0,0.2091951064018078,0.0002365724358242005,0.1748257726430893,0.009278889745473862,0.02221735194325447
2182,sample_002182,samples/sample_002182.npz,10,19,43,47,2,7,9,4,5,20.0,70.0,90.0,40.0,50.0,140.0,445.0,45.0,0.877165815674571,9.877607226371765e-05,0.38873475790023804,0.008867715485394001,0.03284383937716484
2183,sample_002183,samples/sample_002183.npz,17,21,26,37,8,11,4,11,3,80.0,110.0,40.0,110.0,30.0,185.0,310.0,95.0,0.6380171252951525,0.00017498212400823832,0.05361569672822952,0.004192391876131296,0.007734672166407108
2184,sample_002184,samples/sample_002184.npz,28,38,12,17,3,8,10,5,5,30.0,80.0,100.0,50.0,50.0,325.0,140.0,55.0,0.24062245858435258,6.216968904482201e-05,0.0986907109618187,0.0033096144907176495,0.01001744158565998
2185,sample_002185,samples/sample_002185.npz,11,17,39,45,8,10,6,6,2,80.0,100.0,60.0,60.0,20.0,135.0,415.0,90.0,0.3719846265039668,3.514443233143538e-05,0.0200775396078825,0.0013156426139175892,0.0026863652747124434
2186,sample_002186,samples/sample_002186.npz,20,27,37,41,7,11,7,4,4,70.0,110.0,70.0,40.0,40.0,230.0,385.0,90.0,0.3460991873907232,7.366907084360719e-05,0.030163288116455078,0.0019686659798026085,0.003917846828699112
2187,sample_002187,samples/sample_002187.npz,44,48,15,28,3,9,4,13,6,30.0,90.0,40.0,130.0,60.0,455.0,210.0,60.0,0.38452190675252007,0.00011801273649325594,0.1618928462266922,0.006520227994769812,0.01798160932958126
2188,sample_002188,samples/sample_002188.npz,36,43,35,39,6,14,7,4,8,60.0,140.0,70.0,40.0,80.0,390.0,365.0,100.0,0.4943165685772488,0.00025404119514860213,0.0785495936870575,0.005498227663338184,0.010253863409161568
2189,sample_002189,samples/sample_002189.npz,13,28,24,31,5,13,15,7,8,50.0,130.0,150.0,70.0,80.0,200.0,270.0,90.0,0.5344661332463476,0.0008388730348087847,0.29441994428634644,0.02269367128610611,0.04329484701156616
2190,sample_002190,samples/sample_002190.npz,36,47,22,38,5,11,11,16,6,50.0,110.0,110.0,160.0,60.0,410.0,295.0,80.0,0.6051130836075693,0.001232645707204938,0.41736534237861633,0.03334800526499748,0.06500189006328583
2191,sample_002191,samples/sample_002191.npz,35,39,14,27,7,13,4,13,6,70.0,130.0,40.0,130.0,60.0,365.0,200.0,100.0,0.5194863722157503,0.00032922683749347925,0.09448517858982086,0.007966543547809124,0.014070271514356136
2192,sample_002192,samples/sample_002192.npz,28,44,9,14,7,9,16,5,2,70.0,90.0,160.0,50.0,20.0,355.0,110.0,80.0,0.6888886470447557,0.00013879728794563562,0.07837281376123428,0.005544333718717098,0.011542716063559055
2193,sample_002193,samples/sample_002193.npz,31,47,37,51,6,13,16,14,7,60.0,130.0,160.0,140.0,70.0,385.0,435.0,95.0,0.9882270566426243,0.002809802070260048,0.7600346207618713,0.07679596543312073,0.1304728239774704
2194,sample_002194,samples/sample_002194.npz,46,54,36,43,3,9,8,7,6,30.0,90.0,80.0,70.0,60.0,495.0,390.0,60.0,0.3847402934222463,0.00012179947225376964,0.19629362225532532,0.0069781336933374405,0.020225252956151962
2195,sample_002195,samples/sample_002195.npz,12,27,30,46,3,10,15,16,7,30.0,100.0,150.0,160.0,70.0,190.0,375.0,65.0,0.663530374997306,0.0014230819651857018,0.8139409422874451,0.0600816048681736,0.13126397132873535
2196,sample_002196,samples/sample_002196.npz,12,18,34,44,5,7,6,10,2,50.0,70.0,60.0,100.0,20.0,145.0,385.0,60.0,0.5062213649909248,5.991656507831067e-05,0.07944677770137787,0.003288878593593836,0.008937625214457512
2197,sample_002197,samples/sample_002197.npz,31,44,46,52,2,8,13,6,6,20.0,80.0,130.0,60.0,60.0,370.0,485.0,50.0,0.48592938218429227,0.00019468937534838915,0.36405372619628906,0.012686360627412796,0.039496127516031265
2198,sample_002198,samples/sample_002198.npz,15,31,31,43,4,8,16,12,4,40.0,80.0,160.0,120.0,40.0,225.0,365.0,60.0,0.5469034183449486,0.0005731366109102964,0.3582344651222229,0.02308831736445427,0.05344503000378609
2199,sample_002199,samples/sample_002199.npz,34,38,18,26,6,14,4,8,8,60.0,140.0,40.0,80.0,80.0,355.0,215.0,100.0,0.8970678098618827,0.0005006357096135616,0.16000841557979584,0.011359269730746746,0.02114936150610447
