experiment,sample_id,sample_path,prediction_path,mse,mae,correlation,iou,dice,true_occupied_cells,predicted_occupied_cells,volume_ratio,true_mass_proxy,predicted_mass_proxy,mass_ratio,true_body_mean_density,predicted_mean_density_in_true_body,peak_predicted_density,body_mse,background_mse,true_top_depth_m,true_bottom_depth_m,true_thickness_m,true_width_x_m,true_width_y_m,true_center_x_m,true_center_y_m,gravity_mse,gravity_rmse,gravity_mae,gravity_relative_l2,gravity_correlation,gravity_max_abs_residual,gravity_mean_residual,gravity_residual_std,manifest_top_depth_m,manifest_thickness_m,predicted_top_depth_m,top_depth_error_m,absolute_top_depth_error_m,predicted_bottom_depth_m,bottom_depth_error_m,absolute_bottom_depth_error_m,predicted_thickness_m,thickness_error_m,absolute_thickness_error_m,predicted_width_x_m,width_x_error_m,absolute_width_x_error_m,predicted_width_y_m,width_y_error_m,absolute_width_y_error_m,predicted_center_x_m,predicted_center_y_m,lateral_center_error_m
E10A,sample_000796,samples/sample_000796.npz,sample_000796_prediction.npz,0.0041274926625192165,0.010751795023679733,0.49448819429244434,0.20911995352889923,0.34590439586836413,720,3443,4.781944444444444,233.237042427063,1285.624706313014,5.5120948753886285,0.32394033670425415,0.4291783023211691,0.6578492522239685,0.017070544841774348,0.004031995687536153,40.0,70.0,30.0,150.0,160.0,175.0,170.0,0.011626319433196218,0.10782541181556515,0.051744759774556566,3.2865331259656014,0.9875718849440104,0.5334204710152226,0.051744759774556566,0.09459809336910366,40.0,30.0,20.0,-20.0,20.0,160.0,90.0,90.0,140.0,110.0,110.0,210.0,60.0,60.0,200.0,40.0,40.0,175.0,180.0,10.0
E10A,sample_001763,samples/sample_001763.npz,sample_001763_prediction.npz,0.0048333387821912766,0.009142396040260792,0.44147822495175615,0.13825569871159563,0.24292555507183283,280,2017,7.203571428571428,142.34578132629395,1035.8313224613667,7.276867026265914,0.5083777904510498,0.6420975338135447,0.7623984813690186,0.02816782153021995,0.00476668526955046,40.0,110.0,70.0,80.0,50.0,510.0,495.0,0.014293944907757579,0.1195572871378302,0.04683441889391585,6.099687979002906,0.9383566873000381,0.728386783257716,0.04683441889391585,0.1100021914082933,40.0,70.0,20.0,-20.0,20.0,140.0,30.0,30.0,120.0,50.0,50.0,180.0,100.0,100.0,160.0,110.0,110.0,480.0,470.0,39.05124837953327
E10A,sample_000998,samples/sample_000998.npz,sample_000998_prediction.npz,0.002604203298687935,0.0078124976716935635,0.5138835592021718,0.1746031746031746,0.2972972972972973,462,2646,5.7272727272727275,163.88124418258667,931.61203558743,5.684677586103042,0.3547213077545166,0.4462320797500156,0.5413699746131897,0.010250972680237554,0.0025680961045503607,80.0,110.0,30.0,110.0,140.0,235.0,380.0,0.0044149767329785105,0.06644529127770087,0.036721411945910144,4.082503484538739,0.990418577832453,0.2992377493753065,0.036721411945910144,0.05537611974197252,80.0,30.0,50.0,-30.0,30.0,160.0,50.0,50.0,110.0,80.0,80.0,170.0,60.0,60.0,220.0,80.0,80.0,225.0,380.0,10.0
E10A,sample_001629,samples/sample_001629.npz,sample_001629_prediction.npz,0.003723990870639682,0.007821633480489254,0.5883028551566359,0.23354958294717332,0.3786626596543952,504,2158,4.281746031746032,287.289128780365,1053.194677785039,3.6659747003173773,0.5700181126594543,0.623211335568201,0.7014616131782532,0.0046795618894784775,0.0037190661804644342,70.0,130.0,60.0,60.0,140.0,440.0,210.0,0.004896905227990706,0.0699778909941612,0.036507003904101346,2.4747373017347645,0.9977477096916362,0.33772246243793275,0.036507003904101346,0.05970045137129732,70.0,60.0,40.0,-30.0,30.0,160.0,30.0,30.0,120.0,60.0,60.0,150.0,90.0,90.0,190.0,50.0,50.0,445.0,205.0,7.0710678118654755
E10A,sample_001922,samples/sample_001922.npz,sample_001922_prediction.npz,0.007825812324881554,0.011977230198681355,0.622276889212911,0.2824858757062147,0.44052863436123346,750,2655,3.54,600.9497344493866,1764.233776703477,2.9357426679286847,0.8012663125991821,0.8127693904240926,0.8536942601203918,0.0012656524439047605,0.00787624697100925,60.0,110.0,50.0,150.0,100.0,455.0,270.0,0.01293258203233257,0.1137215108602263,0.05672366924978992,1.7231475290248177,0.9901980969248166,0.556091124033447,0.05672366924978992,0.09856473699641778,60.0,50.0,20.0,-40.0,40.0,160.0,50.0,50.0,140.0,90.0,90.0,200.0,50.0,50.0,160.0,60.0,60.0,470.0,260.0,18.027756377319946
E10A,sample_001409,samples/sample_001409.npz,sample_001409_prediction.npz,0.00430690823122859,0.006185270845890045,0.5133975008177065,0.19840566873339238,0.3311160384331116,224,1129,5.040178571428571,206.4456329345703,770.7016580104828,3.7331942897273325,0.9216322898864746,0.8239071177584785,0.8544583916664124,0.010876983399340734,0.00429190337697341,20.0,90.0,70.0,40.0,80.0,480.0,290.0,0.008121139794059321,0.09011736677277761,0.031209041518836845,2.2955347774721413,0.9004656996077408,0.7235791967297247,0.031209041518836845,0.08454073291340003,20.0,70.0,20.0,0.0,0.0,110.0,20.0,20.0,90.0,20.0,20.0,140.0,100.0,100.0,130.0,50.0,50.0,450.0,295.0,30.4138126514911
E10A,sample_000992,samples/sample_000992.npz,sample_000992_prediction.npz,0.0028483979403972626,0.005489131901413202,0.7577573715917195,0.45757385292269015,0.6278568348426046,728,1591,2.1854395604395602,443.7051453590393,972.4346395432949,2.191623535842515,0.6094850897789001,0.7143457074659866,0.833040714263916,0.01765723503601296,0.0027379114426738646,20.0,100.0,80.0,70.0,130.0,395.0,215.0,0.005501632269084743,0.07417298881051473,0.029156720003851756,1.0433006762629113,0.9863545503877459,0.39296101781161763,0.029156720003851756,0.06820203770930701,20.0,80.0,20.0,0.0,0.0,120.0,20.0,20.0,100.0,20.0,20.0,120.0,50.0,50.0,200.0,70.0,70.0,400.0,210.0,7.0710678118654755
E10A,sample_002128,samples/sample_002128.npz,sample_002128_prediction.npz,0.0021356057841330767,0.005063329357653856,0.5092432089257805,0.15759312320916904,0.2722772277227723,220,1396,6.345454545454546,101.6027420759201,599.124670535326,5.896737216872012,0.46183064579963684,0.5763349457220598,0.6853569746017456,0.015837723519833154,0.002104872219456077,60.0,100.0,40.0,50.0,110.0,295.0,285.0,0.0028415553320884253,0.05330624102380907,0.025170891365478825,4.276077869164034,0.9961473926107214,0.320280909699825,0.025170891365478825,0.04698916428237141,60.0,40.0,30.0,-30.0,30.0,160.0,60.0,60.0,130.0,90.0,90.0,120.0,70.0,70.0,140.0,30.0,30.0,290.0,290.0,7.0710678118654755
E10A,sample_001888,samples/sample_001888.npz,sample_001888_prediction.npz,0.006133997347205877,0.011032539419829845,0.5066804703702328,0.15272727272727274,0.26498422712933756,378,2475,6.5476190476190474,311.36883294582367,1337.1686016619205,4.294484419044536,0.8237270712852478,0.7460247082685036,0.8002785444259644,0.00656163641346148,0.006132346271941973,70.0,140.0,70.0,90.0,60.0,355.0,480.0,0.010134877180010916,0.10067212712568914,0.05006894509734453,3.32006941246856,0.9952659917958707,0.5105919383997333,0.05006894509734453,0.08733829582061936,70.0,70.0,30.0,-40.0,40.0,160.0,20.0,20.0,130.0,60.0,60.0,180.0,90.0,90.0,180.0,120.0,120.0,360.0,480.0,5.0
E10A,sample_001536,samples/sample_001536.npz,sample_001536_prediction.npz,0.0026251934468746185,0.005448102951049805,0.5586691764637772,0.2118003025718608,0.3495630461922597,280,1322,4.7214285714285715,223.28286409378052,671.1271103322506,3.0057260016620533,0.7974388003349304,0.640785225374358,0.7215260863304138,0.026746691602703036,0.0025562916213206703,40.0,80.0,40.0,70.0,100.0,455.0,380.0,0.004209629541378875,0.06488165797341244,0.02421583283963094,1.843925721673187,0.9912035114823594,0.43493643604206,0.02421583283963094,0.06019321374758061,40.0,40.0,20.0,-20.0,20.0,120.0,40.0,40.0,100.0,60.0,60.0,140.0,70.0,70.0,130.0,30.0,30.0,450.0,385.0,7.0710678118654755
E10A,sample_000503,samples/sample_000503.npz,sample_000503_prediction.npz,0.0032109662424772978,0.007661757990717888,0.29620133937549264,0.045112781954887216,0.08633093525179857,90,1995,22.166666666666668,83.0135428905487,773.3461267650127,9.315903162748402,0.9223726987838745,0.5732123388184441,0.6632074117660522,0.12354462577621328,0.003100696745144409,70.0,90.0,20.0,90.0,50.0,415.0,505.0,0.004794301974470195,0.06924089813448547,0.03334138932465977,6.766745445852147,0.9767399898904853,0.37542349415746784,0.03334138932465977,0.06068487235194335,70.0,20.0,30.0,-40.0,40.0,160.0,70.0,70.0,130.0,110.0,110.0,200.0,110.0,110.0,160.0,110.0,110.0,420.0,490.0,15.811388300841896
E10A,sample_001208,samples/sample_001208.npz,sample_001208_prediction.npz,0.0027295490726828575,0.005090734455734491,0.4922401476706707,0.15584415584415584,0.2696629213483146,180,1155,6.416666666666667,107.92141556739807,607.5911236107349,5.6299402710418285,0.5995634198188782,0.6909738981061512,0.7938292026519775,0.012047234480620676,0.0027124565673550547,20.0,70.0,50.0,40.0,90.0,250.0,475.0,0.005058321751492099,0.0711218795553949,0.02689261098394189,3.0583279640329666,0.9370881039505184,0.4552481974495173,0.02689261098394189,0.06584154635151325,20.0,50.0,20.0,0.0,0.0,120.0,50.0,50.0,100.0,50.0,50.0,100.0,60.0,60.0,170.0,80.0,80.0,240.0,465.0,14.142135623730951
E10A,sample_000155,samples/sample_000155.npz,sample_000155_prediction.npz,0.0014952587662264705,0.004204011056572199,0.5171347264792506,0.182648401826484,0.3088803088803089,240,1314,5.475,82.30671644210815,495.4852325618267,6.019985415289101,0.3429446518421173,0.46872507631778715,0.5803606510162354,0.018775324669575676,0.001452967823082567,70.0,110.0,40.0,60.0,100.0,340.0,440.0,0.0014709581131406122,0.03835307175625718,0.01989991243255078,4.224059754326648,0.9940785704441417,0.20098738655303527,0.01989991243255078,0.03278645449446193,70.0,40.0,40.0,-30.0,30.0,160.0,50.0,50.0,120.0,80.0,80.0,120.0,60.0,60.0,150.0,50.0,50.0,350.0,445.0,11.180339887498949
E10A,sample_000172,samples/sample_000172.npz,sample_000172_prediction.npz,0.0009635433671064675,0.0032244473695755005,0.47897370735298206,0.11347517730496454,0.20382165605095542,144,1269,8.8125,66.12655019760132,377.13176918029785,5.7031822778194465,0.45921215415000916,0.44361920427117085,0.5076433420181274,0.0010272098601171792,0.0009634499941679284,60.0,80.0,20.0,90.0,80.0,445.0,390.0,0.0016926837480732173,0.04114223800515982,0.01631571248998679,4.5573370029353715,0.9979695609765356,0.29912614383437897,0.01631571248998679,0.03776878703396902,60.0,20.0,20.0,-40.0,40.0,140.0,60.0,60.0,120.0,100.0,100.0,140.0,50.0,50.0,110.0,30.0,30.0,440.0,395.0,7.0710678118654755
E10A,sample_000676,samples/sample_000676.npz,sample_000676_prediction.npz,0.0017248409567400813,0.005282855127006769,0.41218464214897965,0.10834715312327253,0.19551122194513715,196,1809,9.229591836734693,93.86811804771423,590.2623565196991,6.28820912569763,0.47891896963119507,0.422315279440004,0.5076141953468323,0.005009153406859026,0.0017182794636555652,80.0,150.0,70.0,70.0,40.0,265.0,450.0,0.002083634388453957,0.04564684423324308,0.02394306407991712,5.395930331603104,0.9945655736350544,0.2278237581755987,0.02394306407991712,0.038863402719254266,80.0,70.0,50.0,-30.0,30.0,160.0,10.0,10.0,110.0,40.0,40.0,180.0,110.0,110.0,160.0,120.0,120.0,260.0,450.0,5.0
E10A,sample_000167,samples/sample_000167.npz,sample_000167_prediction.npz,0.0023238889407366514,0.00633089616894722,0.5172141431769834,0.18527430221366697,0.31262687779131143,385,2078,5.397402597402597,162.68452391028404,783.3560361266136,4.815184734834474,0.42255720496177673,0.4679617250894571,0.5598104596138,0.0036801223012314413,0.0023185562554240706,80.0,150.0,70.0,50.0,110.0,445.0,445.0,0.0032053186766527655,0.05661553388119523,0.029349135012789292,3.939042721051847,0.9914362845660556,0.27194568676176933,0.029349135012789292,0.04841432588246821,80.0,70.0,40.0,-40.0,40.0,160.0,10.0,10.0,120.0,50.0,50.0,160.0,110.0,110.0,210.0,100.0,100.0,450.0,465.0,20.615528128088304
E10A,sample_000352,samples/sample_000352.npz,sample_000352_prediction.npz,0.003228170797228813,0.006462920922785997,0.7769418339396376,0.4419642857142857,0.6130030959752322,792,1792,2.2626262626262625,481.7146625518799,1113.5567909628153,2.311652265396607,0.6082255840301514,0.7625052387816738,0.8544428944587708,0.02834133299389928,0.0030241997593716953,40.0,120.0,80.0,90.0,110.0,345.0,285.0,0.006169716544300448,0.07854754320983215,0.03347883429763693,1.3139544160016567,0.9984551771821261,0.48991380448560706,0.03347883429763693,0.07105550083119404,40.0,80.0,20.0,-20.0,20.0,150.0,30.0,30.0,130.0,50.0,50.0,130.0,40.0,40.0,150.0,40.0,40.0,345.0,285.0,0.0
E10A,sample_001467,samples/sample_001467.npz,sample_001467_prediction.npz,0.0032373685389757156,0.006967544090002775,0.6276691461281447,0.266793711291091,0.4212109815720196,560,2099,3.7482142857142855,347.71613597869873,1003.5763784050941,2.8861944401296746,0.6209216713905334,0.6119766008641039,0.7138442397117615,0.0031378705199006304,0.003237938525027228,70.0,150.0,80.0,50.0,140.0,355.0,200.0,0.003864732517105398,0.06216697288034377,0.03201804612422923,1.9544185064289088,0.9985907873687724,0.308207954420109,0.03201804612422923,0.053287683750488986,70.0,80.0,40.0,-30.0,30.0,160.0,10.0,10.0,120.0,40.0,40.0,170.0,120.0,120.0,180.0,40.0,40.0,355.0,200.0,0.0
E10A,sample_002010,samples/sample_002010.npz,sample_002010_prediction.npz,0.00497208209708333,0.01101414393633604,0.34394703995263554,0.06454091432961967,0.12125586430891375,168,2603,15.494047619047619,156.31246948242188,1134.1277788430452,7.255516994890696,0.9304313659667969,0.6181722325938088,0.6761380434036255,0.09845254385885825,0.004812051595207788,80.0,100.0,20.0,60.0,140.0,170.0,470.0,0.007559003067960047,0.08694252738424417,0.04572676210450337,5.231917849406878,0.9844154100514436,0.3952457408441141,0.04572676210450337,0.07394637445742827,80.0,20.0,40.0,-40.0,40.0,160.0,60.0,60.0,120.0,100.0,100.0,160.0,100.0,100.0,210.0,70.0,70.0,180.0,465.0,11.180339887498949
E10A,sample_002098,samples/sample_002098.npz,sample_002098_prediction.npz,0.0020287896040827036,0.004775319714099169,0.7665204418011091,0.447098976109215,0.6179245283018868,810,1734,2.140740740740741,470.3172558546066,880.602662011981,1.8723588196053975,0.580638587474823,0.5960670191932608,0.7551769614219666,0.018224161066774297,0.0018942351724309616,40.0,100.0,60.0,150.0,90.0,325.0,305.0,0.0031850553809524115,0.056436294890366535,0.022370519480193873,0.9167677241999734,0.9952435794601657,0.34405043714728845,0.022370519480193873,0.05181327280860261,40.0,60.0,20.0,-20.0,20.0,130.0,30.0,30.0,110.0,50.0,50.0,190.0,40.0,40.0,120.0,30.0,30.0,325.0,310.0,5.0
E10A,sample_001451,samples/sample_001451.npz,sample_001451_prediction.npz,0.0005218712030909956,0.001727647497318685,0.8533856281722676,0.6080870917573873,0.7562862669245648,392,642,1.6377551020408163,94.30146908760071,263.54749006032944,2.7947336622667964,0.2405649721622467,0.46532646832721575,0.5969716310501099,0.05801169263156258,0.0002917052354018981,20.0,90.0,70.0,80.0,70.0,390.0,335.0,0.0007498694237591869,0.02738374378639975,0.009304730688322592,1.5864899539729562,0.9901798786087054,0.23584709013137073,0.009304730688322592,0.025754444482010763,20.0,70.0,20.0,0.0,0.0,120.0,30.0,30.0,100.0,30.0,30.0,100.0,20.0,20.0,90.0,20.0,20.0,390.0,345.0,10.0
E10A,sample_000316,samples/sample_000316.npz,sample_000316_prediction.npz,0.004842099733650684,0.012384866364300251,0.16128747691781548,0.023809523809523808,0.046511627906976744,80,3360,42.0,23.076975345611572,1240.5059183090925,53.75513470594373,0.28846219182014465,0.40437080822885035,0.5972806215286255,0.015398598541467756,0.0048335018396384296,20.0,60.0,40.0,50.0,40.0,475.0,350.0,0.02208536297010275,0.14861144966018852,0.06731709249700366,25.494088300097463,0.5989882842708975,0.6781407807274467,0.06731709249700366,0.13249064883172926,20.0,40.0,20.0,0.0,0.0,120.0,60.0,60.0,100.0,60.0,60.0,270.0,220.0,220.0,240.0,200.0,200.0,405.0,340.0,70.71067811865476
E10A,sample_001723,samples/sample_001723.npz,sample_001723_prediction.npz,0.0015379107790067792,0.003785458393394947,0.6370471072370759,0.2861685214626391,0.44499381953028433,360,1258,3.4944444444444445,184.5861268043518,547.5270899683237,2.9662418267688317,0.5127392411231995,0.5374983150925902,0.6441875696182251,0.00361693785768921,0.0015302692469142563,30.0,90.0,60.0,50.0,120.0,255.0,300.0,0.0028314214145304475,0.0532111023615415,0.02000496969314269,1.7975643982347898,0.9905096422723263,0.3365022025925073,0.02000496969314269,0.04930742948184269,30.0,60.0,20.0,-10.0,10.0,120.0,30.0,30.0,100.0,40.0,40.0,110.0,60.0,60.0,180.0,60.0,60.0,255.0,300.0,0.0
E10A,sample_001111,samples/sample_001111.npz,sample_001111_prediction.npz,0.004188793711364269,0.00663133105263114,0.613363715747444,0.2563249001331558,0.40805511393746685,385,1502,3.9012987012987015,306.5526646375656,949.3839814662933,3.096968615780069,0.7962406873703003,0.8071310040238616,0.853131890296936,0.0017457841101878224,0.004198399033969405,40.0,90.0,50.0,70.0,110.0,375.0,255.0,0.0064472015985911285,0.0802944680447609,0.03368588185127938,1.7831339331961116,0.9956843863662477,0.5045902813616989,0.03368588185127938,0.07288664460991996,40.0,50.0,20.0,-20.0,20.0,140.0,50.0,50.0,120.0,70.0,70.0,130.0,60.0,60.0,150.0,40.0,40.0,375.0,255.0,0.0
E10A,sample_000562,samples/sample_000562.npz,sample_000562_prediction.npz,0.003981965593993664,0.009199555031955242,0.34468021290144585,0.06401313089864588,0.12032394909371384,156,2437,15.621794871794872,97.30296850204468,989.3828517049551,10.168064417111434,0.6237369775772095,0.5849303778929588,0.6646234393119812,0.00254834933050355,0.003984244323205407,50.0,80.0,30.0,40.0,130.0,490.0,495.0,0.010561576379774673,0.10276953040553738,0.04491424571139905,7.327022217022091,0.9641996451644456,0.560236522309709,0.04491424571139905,0.09243531204010047,50.0,30.0,20.0,-30.0,30.0,160.0,80.0,80.0,140.0,110.0,110.0,170.0,130.0,130.0,190.0,60.0,60.0,465.0,475.0,32.01562118716424
E10A,sample_002168,samples/sample_002168.npz,sample_002168_prediction.npz,0.0013431062689051032,0.003500918624922633,0.36404043178265416,0.09233997901364113,0.1690682036503362,88,953,10.829545454545455,75.48128128051758,348.47214075922966,4.6166696543500985,0.8577418327331543,0.4534040415151553,0.571090579032898,0.16387971241984015,0.0011974760142213548,30.0,50.0,20.0,110.0,40.0,415.0,420.0,0.0018164794021225542,0.042620175998258784,0.015130434215795525,2.5850681361875685,0.970067522419683,0.27996741841198447,0.015130434215795525,0.039844063078004956,30.0,20.0,20.0,-10.0,10.0,100.0,50.0,50.0,80.0,60.0,60.0,160.0,50.0,50.0,110.0,70.0,70.0,410.0,425.0,7.0710678118654755
E10A,sample_001196,samples/sample_001196.npz,sample_001196_prediction.npz,0.005645615514367819,0.010990009643137455,0.27242057123073254,0.03894418000865426,0.07496876301541025,90,2311,25.677777777777777,88.26255083084106,1118.5398516952991,12.67287021693978,0.9806950092315674,0.7024475885762109,0.7712079882621765,0.07948132765322578,0.005577954756491683,50.0,80.0,30.0,60.0,50.0,110.0,525.0,0.016083328350314882,0.12682006288562894,0.052187414480347895,9.348074864365806,0.8398453696696365,0.7579676337340098,0.052187414480347895,0.11558461022199822,50.0,30.0,20.0,-30.0,30.0,140.0,60.0,60.0,120.0,90.0,90.0,170.0,110.0,110.0,180.0,130.0,130.0,145.0,490.0,49.49747468305833
E10A,sample_001899,samples/sample_001899.npz,sample_001899_prediction.npz,0.0025009314995259047,0.00825586449354887,0.4878972148671642,0.15513767629281397,0.2686046511627907,462,2978,6.445887445887446,150.69104826450348,962.2230593413115,6.38540291824336,0.3261711001396179,0.4088233139091756,0.4768504500389099,0.00776323549710736,0.0024760834913006096,80.0,110.0,30.0,110.0,140.0,165.0,350.0,0.004803359568403595,0.06930627365833193,0.03829217453522053,4.63560120299725,0.9922605289610608,0.296671839839166,0.03829217453522053,0.05776736914355547,80.0,30.0,40.0,-40.0,40.0,160.0,50.0,50.0,120.0,90.0,90.0,180.0,70.0,70.0,250.0,110.0,110.0,170.0,345.0,7.0710678118654755
E10A,sample_000775,samples/sample_000775.npz,sample_000775_prediction.npz,0.002088282024487853,0.005437830928713083,0.6611270257894294,0.35532407407407407,0.5243381725021349,640,1702,2.659375,211.01202011108398,721.9425863176584,3.4213339407755208,0.3297062814235687,0.48381383437663317,0.6874419450759888,0.04525121635250262,0.0018054321020548247,60.0,140.0,80.0,160.0,50.0,440.0,325.0,0.0026297526056005853,0.051281113537057534,0.02497509383839776,2.459624774507553,0.9713814061641775,0.27952809241189536,0.02497509383839776,0.04478836113728444,60.0,80.0,20.0,-40.0,40.0,160.0,20.0,20.0,140.0,60.0,60.0,180.0,20.0,20.0,160.0,110.0,110.0,450.0,340.0,18.027756377319946
E10A,sample_001971,samples/sample_001971.npz,sample_001971_prediction.npz,0.002492530969902873,0.00657986244186759,0.39818383852229955,0.08639308855291576,0.15904572564612326,160,1852,11.575,147.76297569274902,661.7377640157938,4.478373292859088,0.9235185980796814,0.5083561027422547,0.5609170794487,0.17284854546789843,0.002214806664584742,50.0,70.0,20.0,160.0,50.0,240.0,195.0,0.004307088164704473,0.06562840973773837,0.027266209845815084,3.024371534851205,0.9757985778564933,0.4037221360610307,0.027266209845815084,0.05969624749805007,50.0,20.0,20.0,-30.0,30.0,140.0,70.0,70.0,120.0,100.0,100.0,200.0,40.0,40.0,120.0,70.0,70.0,240.0,210.0,15.0
E10A,sample_002064,samples/sample_002064.npz,sample_002064_prediction.npz,0.0036707373801618814,0.009608976542949677,0.6065862091384638,0.2598105548037889,0.41245972073039744,768,2956,3.8489583333333335,498.9137878417969,1242.2196719497442,2.489848351001368,0.6496273279190063,0.5185758854495361,0.6488461494445801,0.021351689014251676,0.0035315172846849545,80.0,120.0,40.0,160.0,120.0,170.0,440.0,0.004003517900284427,0.06327335853488755,0.03411412425701858,1.3584621565475898,0.9900309281703426,0.2737100531438257,0.03411412425701858,0.05328925244794792,80.0,40.0,40.0,-40.0,40.0,160.0,40.0,40.0,120.0,80.0,80.0,210.0,50.0,50.0,190.0,70.0,70.0,175.0,455.0,15.811388300841896
E10A,sample_001548,samples/sample_001548.npz,sample_001548_prediction.npz,0.00367385963909328,0.007350662257522345,0.5784570146690962,0.20224719101123595,0.3364485981308411,396,1958,4.944444444444445,281.8826107978821,978.4724230617285,3.471205337186696,0.7118247747421265,0.6806295018906545,0.7386055588722229,0.0019492466782326406,0.0036808349946431266,50.0,90.0,40.0,90.0,110.0,455.0,335.0,0.006789003808475425,0.08239541133142927,0.036080620329374154,2.176409343404348,0.9938876213824595,0.47777034069764834,0.036080620329374154,0.07407558737615907,50.0,40.0,20.0,-30.0,30.0,140.0,50.0,50.0,120.0,80.0,80.0,150.0,60.0,60.0,150.0,40.0,40.0,455.0,345.0,10.0
E10A,sample_000381,samples/sample_000381.npz,sample_000381_prediction.npz,0.0013832486001774669,0.004608583636581898,0.7059803113272121,0.3502626970227671,0.5188067444876784,600,1713,2.855,171.90202474594116,624.8015294522047,3.6346374068345995,0.2865033745765686,0.44873246719439824,0.5492312908172607,0.02858837577760654,0.0012161819687904404,30.0,70.0,40.0,100.0,150.0,440.0,425.0,0.0035510317495498346,0.0595905340599481,0.024094744782100462,2.1245294194182067,0.989025333088623,0.3500447955253714,0.024094744782100462,0.05450206439608758,30.0,40.0,20.0,-10.0,10.0,130.0,60.0,60.0,110.0,70.0,70.0,130.0,30.0,30.0,190.0,40.0,40.0,435.0,435.0,11.180339887498949
E10A,sample_000114,samples/sample_000114.npz,sample_000114_prediction.npz,0.005312127992510796,0.012764912098646164,0.4659074365915898,0.13973799126637554,0.24521072796934865,480,3435,7.15625,322.79139518737793,1461.2305330634117,4.526857143187409,0.6724820733070374,0.5512291816994548,0.6436723470687866,0.018335326740066594,0.005248225996851106,80.0,100.0,20.0,150.0,160.0,485.0,350.0,0.008826510878096964,0.09394951238881959,0.05314255073841029,2.9322233017445365,0.994036618706454,0.3821785707142704,0.05314255073841029,0.077475029390846,80.0,20.0,40.0,-40.0,40.0,160.0,60.0,60.0,120.0,100.0,100.0,200.0,50.0,50.0,260.0,100.0,100.0,480.0,340.0,11.180339887498949
E10A,sample_000761,samples/sample_000761.npz,sample_000761_prediction.npz,0.0065359193831682205,0.010415151715278625,0.4107148525946974,0.1016597510373444,0.18455743879472694,196,1928,9.83673469387755,195.83123445510864,1147.852078154683,5.861435134944272,0.9991389513015747,0.8158985957199213,0.8524676561355591,0.03523918261527262,0.006478575442769551,50.0,120.0,70.0,70.0,40.0,155.0,200.0,0.014201241651802728,0.11916896261947876,0.04946578245218343,4.954275608673221,0.9763105937588998,0.7097404686339336,0.04946578245218343,0.10841760935473532,50.0,70.0,20.0,-30.0,30.0,150.0,30.0,30.0,130.0,60.0,60.0,190.0,120.0,120.0,130.0,90.0,90.0,175.0,215.0,25.0
E10A,sample_001580,samples/sample_001580.npz,sample_001580_prediction.npz,0.011492467485368252,0.017067978158593178,0.4120467799001343,0.14780077619663648,0.2575373344604114,480,3069,6.39375,401.34976387023926,1949.4299982488155,4.857184864020718,0.8361453413963318,0.7009980284608901,0.8480709791183472,0.05632262016372584,0.011272495689459731,40.0,120.0,80.0,120.0,50.0,500.0,525.0,0.03465525198805188,0.18615921139726577,0.07982568756140344,3.6784738501096474,0.9126384416224121,1.005035713189874,0.07982568756140344,0.16817583534325342,40.0,80.0,20.0,-20.0,20.0,140.0,20.0,20.0,120.0,40.0,40.0,210.0,90.0,90.0,180.0,130.0,130.0,475.0,490.0,43.01162633521314
E10A,sample_001591,samples/sample_001591.npz,sample_001591_prediction.npz,0.0028845351189374924,0.008643040433526039,0.7385989959487589,0.44,0.6111111111111112,1320,3000,2.272727272727273,381.7951512336731,1231.440624281764,3.2253961851078503,0.28923875093460083,0.4722259473394264,0.5762627124786377,0.0356256952263209,0.0024389117536867066,70.0,150.0,80.0,110.0,150.0,395.0,325.0,0.005208470693996079,0.07216973530501604,0.041153890765969973,2.1282738881352623,0.9968283399661578,0.2986302889780687,0.041153890765969973,0.0592859845901094,70.0,80.0,60.0,-10.0,10.0,160.0,10.0,10.0,100.0,20.0,20.0,180.0,70.0,70.0,220.0,70.0,70.0,400.0,320.0,7.0710678118654755
E10A,sample_000709,samples/sample_000709.npz,sample_000709_prediction.npz,0.0036603498738259077,0.008297760970890522,0.39592973311399454,0.0897308075772682,0.16468435498627632,180,2006,11.144444444444444,170.6106162071228,858.6685772836208,5.032914108001283,0.9478367567062378,0.5932668344842063,0.6772539019584656,0.12744675462191268,0.0034332741406276407,80.0,110.0,30.0,120.0,50.0,480.0,315.0,0.003938442074308901,0.06275700816888025,0.03276633731617657,3.556761528913117,0.9930872686317754,0.29627832778451824,0.03276633731617657,0.05352391253628079,80.0,30.0,40.0,-40.0,40.0,160.0,50.0,50.0,120.0,90.0,90.0,190.0,70.0,70.0,210.0,160.0,160.0,475.0,315.0,5.0
E10A,sample_000703,samples/sample_000703.npz,sample_000703_prediction.npz,0.0018871919019147754,0.004487140569835901,0.7371981508093093,0.3815113719735877,0.5523101433882103,520,1363,2.621153846153846,243.65123629570007,682.7812229543924,2.8022891791353577,0.4685600697994232,0.6302780436781736,0.761114239692688,0.03228596191082745,0.001725536067266551,30.0,110.0,80.0,130.0,50.0,465.0,415.0,0.003993875039359873,0.06319711258720506,0.02370476443416248,1.8273242038525102,0.9928630535840163,0.4097838079526763,0.02370476443416248,0.05858292569068857,30.0,80.0,20.0,-10.0,10.0,120.0,10.0,10.0,100.0,20.0,20.0,190.0,60.0,60.0,110.0,60.0,60.0,465.0,415.0,0.0
E10A,sample_001400,samples/sample_001400.npz,sample_001400_prediction.npz,0.001331745064817369,0.0038994227070361376,0.5122634591261885,0.18745158791634392,0.3157208088714938,242,1291,5.3347107438016526,134.1245481967926,459.674349963665,3.427220118491758,0.5542336702346802,0.4348554770069674,0.5106703042984009,0.015203701081235471,0.0012975113335610368,30.0,50.0,20.0,110.0,110.0,425.0,365.0,0.0021352169402520755,0.0462084076792533,0.01776400439112004,1.764978695057426,0.9851819639616702,0.29103385110845503,0.01776400439112004,0.04265743883831217,30.0,20.0,20.0,-10.0,10.0,110.0,60.0,60.0,90.0,70.0,70.0,150.0,40.0,40.0,140.0,30.0,30.0,425.0,370.0,5.0
E10A,sample_001887,samples/sample_001887.npz,sample_001887_prediction.npz,0.0015071964589878917,0.003551909700036049,0.6189597635176659,0.2794759825327511,0.43686006825938567,320,1145,3.578125,185.7793426513672,505.2282182723284,2.7195069756514196,0.5805604457855225,0.5373642727732658,0.6557026505470276,0.0037459975583823135,0.0014998847512342282,20.0,70.0,50.0,40.0,160.0,380.0,240.0,0.002093963501746488,0.045759845954138526,0.017640530721038095,1.2960106173472175,0.98096859633626,0.2808179110575899,0.017640530721038095,0.042222922419304414,20.0,50.0,20.0,0.0,0.0,110.0,40.0,40.0,90.0,40.0,40.0,100.0,60.0,60.0,200.0,40.0,40.0,380.0,240.0,0.0
E10A,sample_001331,samples/sample_001331.npz,sample_001331_prediction.npz,0.0055967639200389385,0.015640800818800926,0.13844886284861513,0.02370178840767076,0.046306040833508734,110,4641,42.19090909090909,28.615364134311676,1566.0858662873507,54.728846326631654,0.26013967394828796,0.32142868624492127,0.5674380660057068,0.004782994582996641,0.005597675230263873,20.0,40.0,20.0,50.0,110.0,375.0,195.0,0.02784196967096915,0.1668591312184297,0.08424168832877008,22.10518094508322,0.591035672724698,0.6660100360080383,0.08424168832877008,0.14403231449396178,20.0,20.0,20.0,0.0,0.0,140.0,100.0,100.0,120.0,100.0,100.0,270.0,220.0,220.0,300.0,190.0,190.0,345.0,260.0,71.58910531638176
E10A,sample_001596,samples/sample_001596.npz,sample_001596_prediction.npz,0.004443417768925428,0.009755098260939121,0.430305590531223,0.10951760104302477,0.19741480611045828,252,2301,9.130952380952381,230.43040251731873,1038.5206357091665,4.506873330792855,0.9144063591957092,0.6150513984381206,0.6505140066146851,0.0903345783817012,0.00422267181894236,80.0,100.0,20.0,140.0,90.0,390.0,355.0,0.0053536223853209875,0.07316845211784234,0.03918822946721271,3.0250617374173947,0.9928840727262419,0.35835677876293426,0.03918822946721271,0.06178919854267467,80.0,20.0,40.0,-40.0,40.0,160.0,60.0,60.0,120.0,100.0,100.0,180.0,40.0,40.0,140.0,50.0,50.0,390.0,370.0,15.0
E10A,sample_002009,samples/sample_002009.npz,sample_002009_prediction.npz,0.002096361480653286,0.00722910463809967,0.5006343369028509,0.21103117505995203,0.3485148514851485,616,2919,4.738636363636363,175.44790244102478,883.7692161351442,5.0372173382478325,0.28481802344322205,0.33724972000950343,0.4791027903556824,0.003833181374283455,0.0020854093942921266,80.0,120.0,40.0,140.0,110.0,360.0,135.0,0.003686356832871953,0.06071537558865919,0.033523221512732085,3.63926731162869,0.9706066810771643,0.26082086776859836,0.033523221512732085,0.05062164015794282,80.0,40.0,40.0,-40.0,40.0,160.0,40.0,40.0,120.0,80.0,80.0,250.0,110.0,110.0,190.0,80.0,80.0,345.0,165.0,33.54101966249684
E10A,sample_002116,samples/sample_002116.npz,sample_002116_prediction.npz,0.005594599526375532,0.009567661210894585,0.6586062503208486,0.31803123521060106,0.4825852782764811,672,2113,3.144345238095238,638.236249923706,1356.5847521722317,2.1255213133606814,0.9497563242912292,0.7844357627133528,0.8506138920783997,0.030933932184516205,0.0054201884137791935,40.0,110.0,70.0,60.0,160.0,190.0,340.0,0.008244628707421991,0.0907999378161791,0.03830549282865328,1.1261467449450202,0.9948964536166628,0.5125088858303987,0.03830549282865328,0.0823244673628441,40.0,70.0,20.0,-20.0,20.0,140.0,30.0,30.0,120.0,50.0,50.0,140.0,80.0,80.0,200.0,40.0,40.0,190.0,340.0,0.0
E10A,sample_000238,samples/sample_000238.npz,sample_000238_prediction.npz,0.010331728495657444,0.01677379570901394,0.6668877520869814,0.33152442032560436,0.4979622082252686,1344,4054,3.0163690476190474,988.6517601013184,2612.73342064023,2.6427236829806215,0.7356039881706238,0.7882751784331742,0.8501965403556824,0.006206365975690374,0.01038891220707906,50.0,120.0,70.0,160.0,120.0,350.0,150.0,0.024067057188746424,0.15513560902883136,0.08059562897088624,1.444410187716092,0.9820401054057277,0.6715326502573213,0.08059562897088624,0.132557164195428,50.0,70.0,20.0,-30.0,30.0,160.0,40.0,40.0,140.0,70.0,70.0,250.0,90.0,90.0,210.0,90.0,90.0,355.0,165.0,15.811388300841896
E10A,sample_000737,samples/sample_000737.npz,sample_000737_prediction.npz,0.0015125145437195897,0.004579886328428984,0.4637580158601363,0.14405762304921968,0.2518363064008394,240,1666,6.941666666666666,93.02326440811157,534.9088267236948,5.750269356028437,0.3875969350337982,0.4140273846685886,0.5632781982421875,0.005516335932977267,0.001502715785919636,40.0,70.0,30.0,50.0,160.0,375.0,160.0,0.0029380219649917205,0.05420352354775214,0.022900618804009152,3.691694201310506,0.9892981284226315,0.3314210440531901,0.022900618804009152,0.0491282365181693,40.0,30.0,20.0,-20.0,20.0,140.0,70.0,70.0,120.0,90.0,90.0,180.0,130.0,130.0,200.0,40.0,40.0,370.0,170.0,11.180339887498949
E10A,sample_000271,samples/sample_000271.npz,sample_000271_prediction.npz,0.0033916824031621218,0.008169136010110378,0.5311576644966982,0.18161434977578475,0.30740037950664134,405,2230,5.506172839506172,286.7427536845207,974.4516584128141,3.3983479822646974,0.7080067992210388,0.5655995575734126,0.6462363600730896,0.02253972929710534,0.0033124686504118514,80.0,110.0,30.0,90.0,150.0,365.0,435.0,0.0038271648159333175,0.06186408340817245,0.03284799572788285,2.164202658955346,0.9923149625761291,0.3058042093673563,0.03284799572788285,0.05242302921993641,80.0,30.0,40.0,-40.0,40.0,160.0,50.0,50.0,120.0,90.0,90.0,150.0,60.0,60.0,190.0,40.0,40.0,365.0,445.0,10.0
E10A,sample_001280,samples/sample_001280.npz,sample_001280_prediction.npz,0.004104123916476965,0.010303987190127373,0.2538152919238727,0.072992700729927,0.1360544217687075,210,2877,13.7,63.227905333042145,1072.5808268338442,16.96372544977109,0.3010852634906769,0.36922100214731124,0.6337318420410156,0.009414101137839642,0.004092756370510292,20.0,40.0,20.0,70.0,150.0,415.0,485.0,0.014624676108175687,0.12093252708918178,0.054397614111606284,8.265863416798327,0.815585944306965,0.5517115180195274,0.054397614111606284,0.1080072946015243,20.0,20.0,20.0,0.0,0.0,130.0,90.0,90.0,110.0,90.0,90.0,220.0,150.0,150.0,260.0,110.0,110.0,410.0,440.0,45.27692569068709
E10A,sample_000473,samples/sample_000473.npz,sample_000473_prediction.npz,0.004056619480252266,0.009482511319220066,0.6481131239624341,0.2983095790520385,0.4595353586928772,900,3017,3.352222222222222,463.0685806274414,1372.1720459610224,2.9632156085860504,0.5145206451416016,0.5704690016971694,0.7575467824935913,0.010159755731920978,0.004000227517061367,50.0,90.0,40.0,150.0,150.0,445.0,245.0,0.007729740816905053,0.08791894458479954,0.04443752693289317,1.55995644392891,0.995738645253565,0.4407992601418582,0.04443752693289317,0.07586202618565793,50.0,40.0,20.0,-30.0,30.0,160.0,70.0,70.0,140.0,100.0,100.0,180.0,30.0,30.0,190.0,40.0,40.0,450.0,235.0,11.180339887498949
E10A,sample_001502,samples/sample_001502.npz,sample_001502_prediction.npz,0.0024266024120151997,0.006437677890062332,0.44789906552778197,0.13577586206896552,0.23908918406072105,252,1856,7.365079365079365,71.70944917201996,704.5589493215084,9.825189810500143,0.28456130623817444,0.48035385365050937,0.5987579822540283,0.04190953516979095,0.002325128611040238,70.0,140.0,70.0,60.0,60.0,160.0,450.0,0.003477810565431309,0.05897296469935447,0.03002634484683209,8.343219902724133,0.9851138127751571,0.2959253083544662,0.03002634484683209,0.05075656785648956,70.0,70.0,40.0,-30.0,30.0,160.0,20.0,20.0,120.0,50.0,50.0,150.0,90.0,90.0,180.0,120.0,120.0,175.0,440.0,18.027756377319946
E10A,sample_000960,samples/sample_000960.npz,sample_000960_prediction.npz,0.0035874422173947096,0.009620954282581806,0.4294578449834886,0.1319796954314721,0.23318385650224216,390,2955,7.576923076923077,203.0231523513794,1094.3149971812963,5.390099525631079,0.5205721855163574,0.4558578515664125,0.5788152813911438,0.008850081390439284,0.003566480837525924,70.0,90.0,20.0,130.0,150.0,165.0,265.0,0.005879456824441779,0.0766776161890925,0.04180625277913036,3.3899395054383445,0.9857398046605218,0.34652831396437933,0.04180625277913036,0.06427825490015449,70.0,20.0,40.0,-30.0,30.0,160.0,70.0,70.0,120.0,100.0,100.0,190.0,60.0,60.0,240.0,90.0,90.0,165.0,280.0,15.0
E10A,sample_001604,samples/sample_001604.npz,sample_001604_prediction.npz,0.005547505337744951,0.010094554163515568,0.4699293128180208,0.13787160706591986,0.24233244982961,320,2321,7.253125,209.39214706420898,1198.1076501905918,5.721836596972276,0.6543504595756531,0.699434781074524,0.7798130512237549,0.004170846180741661,0.005552000898193114,70.0,150.0,80.0,50.0,80.0,265.0,500.0,0.008781610215583602,0.09371024605443955,0.047389025006935884,4.747171801220215,0.9916136689220302,0.47706800245363357,0.047389025006935884,0.08084485465677829,70.0,80.0,40.0,-30.0,30.0,160.0,10.0,10.0,120.0,40.0,40.0,200.0,150.0,150.0,180.0,100.0,100.0,250.0,490.0,18.027756377319946
E10A,sample_001049,samples/sample_001049.npz,sample_001049_prediction.npz,0.002891436917707324,0.007431419566273689,0.6419235353765517,0.2952202436738519,0.4558610709117221,630,2134,3.3873015873015873,164.42838996648788,891.7106699794531,5.423094334020983,0.2609974443912506,0.5220491969396197,0.6889234781265259,0.08024010720823296,0.0023925359257038993,50.0,110.0,60.0,70.0,150.0,215.0,405.0,0.005298814951424261,0.07279295949076574,0.035785859608847934,3.7271513487512817,0.9880260726208685,0.3921126087931117,0.035785859608847934,0.06338917260447628,50.0,60.0,20.0,-30.0,30.0,160.0,50.0,50.0,140.0,80.0,80.0,130.0,60.0,60.0,200.0,50.0,50.0,205.0,420.0,18.027756377319946
E10A,sample_001954,samples/sample_001954.npz,sample_001954_prediction.npz,0.0024436141829937696,0.006681922357529402,0.3519877224302836,0.06951340615690169,0.12999071494893222,140,2014,14.385714285714286,69.94698226451874,719.7084536999464,10.28934244765875,0.49962130188941956,0.4951244313802038,0.5664960145950317,0.003251950525836016,0.002442461384121689,80.0,100.0,20.0,100.0,70.0,400.0,495.0,0.0034523876356720835,0.05875702201160372,0.030790989555333378,7.716829737121787,0.9807702926536385,0.282473090485986,0.030790989555333378,0.050043007482318984,80.0,20.0,40.0,-40.0,40.0,160.0,60.0,60.0,120.0,100.0,100.0,250.0,150.0,150.0,170.0,100.0,100.0,395.0,475.0,20.615528128088304
E10A,sample_001051,samples/sample_001051.npz,sample_001051_prediction.npz,0.005146828014403582,0.010265897959470749,0.4216763915445855,0.10864197530864197,0.19599109131403117,264,2430,9.204545454545455,169.32887077331543,1169.5512268096209,6.906980608022401,0.64139723777771,0.6483254690061916,0.729854941368103,0.002206588965541863,0.005154745647671019,40.0,80.0,40.0,110.0,60.0,165.0,520.0,0.015139976722607274,0.12304461273297289,0.05147381095053312,4.627216599717474,0.9083466381013396,0.7129373957074864,0.05147381095053312,0.11176056329867011,40.0,40.0,20.0,-20.0,20.0,140.0,60.0,60.0,120.0,80.0,80.0,190.0,80.0,80.0,170.0,110.0,110.0,175.0,485.0,36.40054944640259
E10A,sample_000519,samples/sample_000519.npz,sample_000519_prediction.npz,0.0031767822802066803,0.008353947661817074,0.7560146177135745,0.41754258789416454,0.5891076451035541,1152,2759,2.3949652777777777,485.49850845336914,1305.3135796189308,2.6886047163712403,0.42143967747688293,0.5788889666760547,0.6856334805488586,0.02870986482061439,0.002874018497433528,70.0,130.0,60.0,160.0,120.0,190.0,260.0,0.005227435702650253,0.07230100761849902,0.03897210817947809,1.5799202266804317,0.9974233192038917,0.3341213882341345,0.03897210817947809,0.06089836193771808,70.0,60.0,30.0,-40.0,40.0,160.0,30.0,30.0,130.0,70.0,70.0,220.0,60.0,60.0,170.0,50.0,50.0,180.0,255.0,11.180339887498949
E10A,sample_002133,samples/sample_002133.npz,sample_002133_prediction.npz,0.0007163910195231438,0.00216322741471231,0.7412701318660334,0.4332129963898917,0.6045340050377834,360,831,2.308333333333333,119.72476601600647,331.42083394527435,2.7681894479623823,0.33256879448890686,0.46691096425056455,0.6073930263519287,0.02286224413912815,0.0006349924201771136,20.0,80.0,60.0,120.0,50.0,250.0,245.0,0.0011495371568616111,0.03390482497907357,0.011743001786508498,1.5067103180200432,0.9880210397055988,0.25096731572587544,0.011743001786508498,0.03180627400221015,20.0,60.0,20.0,0.0,0.0,110.0,30.0,30.0,90.0,30.0,30.0,150.0,30.0,30.0,90.0,40.0,40.0,245.0,245.0,5.0
E10A,sample_000492,samples/sample_000492.npz,sample_000492_prediction.npz,0.0006770006730221212,0.0025491106789559126,0.7045394966423286,0.3300589390962672,0.4963072378138848,336,1018,3.0297619047619047,69.23460531234741,319.82236559689045,4.6194004306666105,0.20605537295341492,0.399292692985563,0.49764788150787354,0.04099031977437534,0.0005387384285789375,30.0,90.0,60.0,40.0,140.0,390.0,410.0,0.001191048739947107,0.034511573999849776,0.013406766889281201,3.1691559563398655,0.9766062383212808,0.24128642632406805,0.013406766889281201,0.03180105881136004,30.0,60.0,20.0,-10.0,10.0,130.0,40.0,40.0,110.0,50.0,50.0,80.0,40.0,40.0,190.0,50.0,50.0,390.0,425.0,15.0
E10A,sample_000901,samples/sample_000901.npz,sample_000901_prediction.npz,0.00578567199409008,0.010626054368913174,0.5336275321126325,0.17644464049404499,0.29996250468691416,400,2267,5.6675,387.03465461730957,1252.7463622242212,3.236780860005692,0.9675866365432739,0.7439967469871044,0.8295559883117676,0.05130629541259153,0.0055996910314378544,70.0,110.0,40.0,100.0,100.0,200.0,200.0,0.00759900583981584,0.08717227678462826,0.04233053926838949,2.0872602053971003,0.9978375841092939,0.45074799297140655,0.04233053926838949,0.07620453585622824,70.0,40.0,30.0,-40.0,40.0,160.0,50.0,50.0,130.0,90.0,90.0,180.0,80.0,80.0,150.0,50.0,50.0,200.0,205.0,5.0
E10A,sample_000728,samples/sample_000728.npz,sample_000728_prediction.npz,0.0020380765199661255,0.005646884441375732,0.5276296476160616,0.15972618368511124,0.2754549926217413,280,1753,6.260714285714286,104.24670338630676,659.3579963892698,6.324976953428335,0.3723096549510956,0.5197410891098636,0.6203652620315552,0.025066762237327064,0.0019722963922872185,60.0,100.0,40.0,70.0,100.0,335.0,470.0,0.0032533571012038185,0.05703820738070069,0.027493783772357342,4.473775586597554,0.9874141722887684,0.319198427459451,0.027493783772357342,0.049974483039674146,60.0,40.0,20.0,-40.0,40.0,160.0,60.0,60.0,140.0,100.0,100.0,160.0,90.0,90.0,180.0,80.0,80.0,310.0,470.0,25.0
E10A,sample_000044,samples/sample_000044.npz,sample_000044_prediction.npz,0.006253366824239492,0.011085818521678448,0.6080894548923957,0.257991726212862,0.4101644245142003,686,2659,3.876093294460641,557.6774952411652,1532.053704738617,2.747203747348792,0.8129409551620483,0.728827278485451,0.8057641983032227,0.007893511653241082,0.0062418409797999844,70.0,140.0,70.0,70.0,140.0,275.0,260.0,0.00870896626999385,0.09332184240569756,0.04825934082411688,1.7726260431360765,0.99881680485181,0.46312492883636647,0.04825934082411688,0.07987491654590682,70.0,70.0,40.0,-30.0,30.0,160.0,20.0,20.0,120.0,50.0,50.0,150.0,80.0,80.0,190.0,50.0,50.0,275.0,255.0,5.0
E10A,sample_000653,samples/sample_000653.npz,sample_000653_prediction.npz,0.0023405468091368675,0.007115079089999199,0.24618933116902422,0.12171451678123736,0.21701514059120403,312,2462,7.891025641025641,65.11785006523132,754.9636954665184,11.593805611061162,0.20871105790138245,0.223150777654388,0.4664973318576813,0.0031728846735269824,0.002337896565728369,20.0,40.0,20.0,120.0,130.0,300.0,235.0,0.00698293709489829,0.08356397007621341,0.03728543625114156,5.939110216320985,0.9102677329028855,0.4232470008221085,0.03728543625114156,0.0747845795499336,20.0,20.0,20.0,0.0,0.0,130.0,90.0,90.0,110.0,90.0,90.0,180.0,60.0,60.0,210.0,80.0,80.0,310.0,255.0,22.360679774997898
E10A,sample_001330,samples/sample_001330.npz,sample_001330_prediction.npz,0.005125208757817745,0.010512433014810085,0.8068120456490585,0.4879852125693161,0.6559006211180124,1320,2705,2.0492424242424243,743.6322569847107,1777.046519473195,2.389684555480131,0.5633577704429626,0.791752301337141,0.8461057543754578,0.05365101946341154,0.004464748882985412,50.0,130.0,80.0,150.0,110.0,365.0,405.0,0.011496257325162065,0.10722060121619383,0.05241136152735702,1.3581431026376585,0.9980940467112452,0.5435830388086265,0.05241136152735702,0.09353772772529138,50.0,80.0,20.0,-30.0,30.0,160.0,30.0,30.0,140.0,60.0,60.0,190.0,40.0,40.0,160.0,50.0,50.0,365.0,410.0,5.0
E10A,sample_000517,samples/sample_000517.npz,sample_000517_prediction.npz,0.002013918710872531,0.0051556858234107494,0.4419160383731688,0.10411311053984576,0.18859138533178113,162,1556,9.604938271604938,96.17286157608032,587.526308953762,6.109065481939335,0.5936596393585205,0.5461114148298899,0.6060224175453186,0.003429127076079744,0.002011582713463283,50.0,70.0,20.0,90.0,90.0,235.0,195.0,0.004113029287993225,0.06413290331797887,0.02588432530760685,4.329507384354697,0.990184725551786,0.4170921761368055,0.02588432530760685,0.0586773464921788,50.0,20.0,20.0,-30.0,30.0,140.0,70.0,70.0,120.0,100.0,100.0,150.0,60.0,60.0,130.0,40.0,40.0,235.0,205.0,10.0
E10A,sample_001265,samples/sample_001265.npz,sample_001265_prediction.npz,0.00841899961233139,0.015183158218860626,0.613596589301671,0.26428945988463554,0.4180837826627955,1008,3814,3.7837301587301586,680.8959245681763,2148.27322755754,3.1550684180111275,0.675491988658905,0.7128094704378218,0.8039922118186951,0.004667232587352191,0.008457868202622,60.0,120.0,60.0,120.0,140.0,180.0,480.0,0.01677430077183728,0.1295156391013737,0.06882908972094473,1.819912213274683,0.9903365259579026,0.5235026175172777,0.06882908972094473,0.1097126117637504,60.0,60.0,20.0,-40.0,40.0,160.0,40.0,40.0,140.0,80.0,80.0,210.0,90.0,90.0,220.0,80.0,80.0,185.0,480.0,5.0
E10A,sample_001292,samples/sample_001292.npz,sample_001292_prediction.npz,0.0013075973838567734,0.003488290123641491,0.7395679726691816,0.3784295175023652,0.5490734385724091,400,1057,2.6425,147.53621816635132,490.4490949958563,3.324262347858618,0.3688405454158783,0.5800584492832422,0.6766579747200012,0.046635955495452006,0.0011224022592329116,30.0,80.0,50.0,100.0,80.0,360.0,420.0,0.0025609212285269147,0.050605545432560205,0.01861886206140758,2.0234980628564156,0.9956572991785242,0.36854265192777635,0.01861886206140758,0.047055915718060275,30.0,50.0,20.0,-10.0,10.0,120.0,40.0,40.0,100.0,50.0,50.0,140.0,40.0,40.0,120.0,40.0,40.0,360.0,430.0,10.0
E10A,sample_001298,samples/sample_001298.npz,sample_001298_prediction.npz,0.0015508780488744378,0.004546801093965769,0.48228688727317787,0.1270252754374595,0.2254169062679701,196,1543,7.872448979591836,110.08473920822144,527.2318313270807,4.789327159415259,0.5616568326950073,0.4855811430179343,0.5374150276184082,0.0068741095802245696,0.0015402433830964926,50.0,70.0,20.0,70.0,140.0,235.0,210.0,0.0030704807956473067,0.05541191925612491,0.0221429186725241,3.397180700430385,0.997452436399391,0.3593269157335664,0.0221429186725241,0.050795392983116985,50.0,20.0,20.0,-30.0,30.0,140.0,70.0,70.0,120.0,100.0,100.0,130.0,60.0,60.0,170.0,30.0,30.0,235.0,215.0,5.0
E10A,sample_001513,samples/sample_001513.npz,sample_001513_prediction.npz,0.002615266712382436,0.006635263562202454,0.48029483969641,0.15568240788790866,0.2694207453973956,300,1927,6.423333333333333,185.75980067253113,770.3042744398117,4.146775952875573,0.6191993355751038,0.5063184221585592,0.6338620185852051,0.01522368161681212,0.0025766709711936378,80.0,130.0,50.0,50.0,120.0,355.0,490.0,0.0027054060355813005,0.05201351781586495,0.027743277203400113,2.950737685715035,0.9914840201874248,0.2411073469758579,0.027743277203400113,0.04399677949119231,80.0,50.0,50.0,-30.0,30.0,160.0,30.0,30.0,110.0,60.0,60.0,200.0,150.0,150.0,190.0,70.0,70.0,370.0,475.0,21.213203435596427
E10A,sample_000392,samples/sample_000392.npz,sample_000392_prediction.npz,0.003318056697025895,0.006834089756011963,0.4317419154732693,0.11857707509881422,0.21201413427561838,180,1518,8.433333333333334,178.24459075927734,717.7613389343023,4.026833778667945,0.9902477264404297,0.622743190990554,0.7436820268630981,0.13813279343757126,0.0030707505985445595,50.0,90.0,40.0,50.0,90.0,175.0,355.0,0.005417129122568132,0.0736011489215225,0.028818853521886824,2.9268121135946745,0.9854569011560617,0.48308952254381254,0.028818853521886824,0.06772446237698874,50.0,40.0,20.0,-30.0,30.0,140.0,50.0,50.0,120.0,80.0,80.0,150.0,100.0,100.0,140.0,50.0,50.0,185.0,360.0,11.180339887498949
E10A,sample_001800,samples/sample_001800.npz,sample_001800_prediction.npz,0.0010419341269880533,0.0026992084458470345,0.762797431461667,0.410958904109589,0.5825242718446602,390,949,2.433333333333333,191.56806975603104,453.75425750017166,2.3686319858943317,0.49120017886161804,0.5941385191984666,0.7445265650749207,0.01456024143340407,0.0009880895762399706,20.0,70.0,50.0,60.0,130.0,210.0,405.0,0.0014359298275306148,0.03789366474136033,0.01423254089930878,1.0152114510374226,0.9909770374130001,0.25226793255305135,0.01423254089930878,0.03511929109592216,20.0,50.0,20.0,0.0,0.0,110.0,40.0,40.0,90.0,40.0,40.0,100.0,40.0,40.0,170.0,40.0,40.0,210.0,415.0,10.0
E10A,sample_002073,samples/sample_002073.npz,sample_002073_prediction.npz,0.0014279502211138606,0.005010347347706556,0.5120991795089609,0.20146520146520147,0.3353658536585366,385,1911,4.963636363636364,95.07418975234032,587.4350897222757,6.178702035247327,0.24694594740867615,0.3565986421201136,0.449639230966568,0.012945165248686635,0.0013826665382874464,80.0,130.0,50.0,70.0,110.0,395.0,165.0,0.0019990251836294105,0.044710459443282516,0.023508125380953857,4.9584906312558825,0.9870344757713755,0.21672347497118882,0.023508125380953857,0.03803147676205544,80.0,50.0,50.0,-30.0,30.0,160.0,30.0,30.0,110.0,60.0,60.0,160.0,90.0,90.0,180.0,70.0,70.0,390.0,180.0,15.811388300841896
E10A,sample_000911,samples/sample_000911.npz,sample_000911_prediction.npz,0.002049288945272565,0.0057971240021288395,0.6575368642307755,0.2959349593495935,0.45671267252195735,546,1845,3.379120879120879,161.15512830018997,731.0150830894709,4.536095691151575,0.29515591263771057,0.5016151803098755,0.5968843698501587,0.04629067046196772,0.001802191097341629,30.0,90.0,60.0,70.0,130.0,465.0,325.0,0.005492437559227001,0.07411098136731831,0.030384664634700954,2.9639963890394423,0.9697459263472338,0.457219447285824,0.030384664634700954,0.06759592971669044,30.0,60.0,20.0,-10.0,10.0,140.0,50.0,50.0,120.0,60.0,60.0,140.0,70.0,70.0,170.0,40.0,40.0,450.0,335.0,18.027756377319946
E10A,sample_000923,samples/sample_000923.npz,sample_000923_prediction.npz,0.0017203674651682377,0.00535536790266633,0.41142212255673977,0.1045016077170418,0.18922852983988356,195,1866,9.569230769230769,79.86865639686584,604.6872246265411,7.571020371519232,0.40958285331726074,0.4226005543500949,0.580363929271698,0.0009736566753014577,0.0017218516219071754,80.0,110.0,30.0,50.0,130.0,295.0,465.0,0.0023856527060763205,0.04884314390041166,0.02528637737857228,5.950817149671152,0.9887129761893317,0.2330039100191995,0.02528637737857228,0.041788178054860785,80.0,30.0,40.0,-40.0,40.0,160.0,50.0,50.0,120.0,90.0,90.0,160.0,110.0,110.0,200.0,70.0,70.0,280.0,470.0,15.811388300841896
E10A,sample_000595,samples/sample_000595.npz,sample_000595_prediction.npz,0.00332135078497231,0.0066452305763959885,0.7326347972024827,0.3578133627829928,0.5270435136234242,648,1811,2.794753086419753,405.7768020629883,1058.6824847459793,2.6090266357356753,0.6261987686157227,0.7556161208101261,0.8443395495414734,0.01942914246006828,0.0032144667448789866,40.0,100.0,60.0,120.0,90.0,190.0,245.0,0.0064351548951916545,0.08021941719553723,0.03393058885554769,1.4621975327190058,0.9960776847578577,0.46827918152822656,0.03393058885554769,0.07269023342311838,40.0,60.0,20.0,-20.0,20.0,140.0,40.0,40.0,120.0,60.0,60.0,180.0,60.0,60.0,140.0,50.0,50.0,180.0,250.0,11.180339887498949
E10A,sample_001302,samples/sample_001302.npz,sample_001302_prediction.npz,0.008823346346616745,0.013926006853580475,0.5326133740625584,0.21151079136690648,0.3491686460807601,588,2780,4.727891156462585,388.9803864955902,1749.0038156956434,4.496380476796795,0.6615312695503235,0.7691887631809631,0.8508224487304688,0.017865514573539087,0.008768935402879851,60.0,120.0,60.0,70.0,140.0,525.0,280.0,0.01775971068560445,0.1332655645153858,0.06596283631809881,3.180012074439491,0.9638465900145369,0.6788271321967682,0.06596283631809881,0.11579557379483965,60.0,60.0,20.0,-40.0,40.0,160.0,40.0,40.0,140.0,80.0,80.0,160.0,90.0,90.0,240.0,100.0,100.0,500.0,270.0,26.92582403567252
E10A,sample_001319,samples/sample_001319.npz,sample_001319_prediction.npz,0.0008217692957259715,0.002025255700573325,0.5720861601630038,0.22993827160493827,0.3739021329987453,150,647,4.3133333333333335,78.23321521282196,268.13324934244156,3.4273581702225133,0.5215547680854797,0.5129921925067902,0.6112046241760254,0.009554609859180102,0.000808423736011138,20.0,50.0,30.0,50.0,100.0,295.0,360.0,0.0009780742293311637,0.03127417831584331,0.01061409199480187,1.6277830527008736,0.9639475630020707,0.2327509989737463,0.01061409199480187,0.029417941472119465,20.0,30.0,20.0,0.0,0.0,100.0,50.0,50.0,80.0,50.0,50.0,90.0,40.0,40.0,130.0,30.0,30.0,295.0,375.0,15.0
E10A,sample_002162,samples/sample_002162.npz,sample_002162_prediction.npz,0.004040427505970001,0.008812066167593002,0.6228150516753327,0.26427560169891456,0.41806644270250093,560,2119,3.7839285714285715,161.06433391571045,1027.3257317394018,6.37835644157589,0.2876148819923401,0.6202606069722346,0.7780377268791199,0.11832924019331784,0.003385638111376753,30.0,100.0,70.0,100.0,80.0,170.0,140.0,0.013056300513974975,0.11426416986078784,0.04559262925996611,4.703007205546972,0.9482969124672125,0.6698799428688206,0.04559262925996611,0.10477410305575638,30.0,70.0,20.0,-10.0,10.0,130.0,30.0,30.0,110.0,40.0,40.0,180.0,80.0,80.0,170.0,90.0,90.0,180.0,165.0,26.92582403567252
E10A,sample_001201,samples/sample_001201.npz,sample_001201_prediction.npz,0.002394880633801222,0.0062546455301344395,0.2529128806455222,0.04610318331503842,0.08814270724029381,84,1822,21.69047619047619,47.15975260734558,641.497209995985,13.602641543460212,0.5614256262779236,0.4393287336542493,0.6685336828231812,0.018705445816909805,0.002380931465853329,70.0,90.0,20.0,60.0,70.0,270.0,175.0,0.003411092206842175,0.05840455638768413,0.029193588209819998,9.956215784642591,0.9563588827613448,0.31559100652336025,0.029193588209819998,0.05058484569787314,70.0,20.0,40.0,-30.0,30.0,160.0,70.0,70.0,120.0,100.0,100.0,130.0,70.0,70.0,170.0,100.0,100.0,265.0,195.0,20.615528128088304
E10A,sample_000860,samples/sample_000860.npz,sample_000860_prediction.npz,0.003104766830801964,0.008107319474220276,0.5647325817308663,0.2694610778443114,0.42452830188679247,720,2672,3.7111111111111112,286.3914728164673,1060.9619784206152,3.7045864808290854,0.3977659344673157,0.4492164957440562,0.590030312538147,0.00843358388596767,0.003065449632510819,20.0,50.0,30.0,160.0,150.0,230.0,285.0,0.008268868830703003,0.09093332079443159,0.041684671121771204,1.764874953981907,0.9768251975998201,0.4196554173248872,0.041684671121771204,0.08081619283394126,20.0,30.0,20.0,0.0,0.0,120.0,70.0,70.0,100.0,70.0,70.0,210.0,50.0,50.0,190.0,40.0,40.0,215.0,285.0,15.0
E10A,sample_001867,samples/sample_001867.npz,sample_001867_prediction.npz,0.0009713594918139279,0.003406119765713811,0.5247060405490771,0.17320503330866024,0.29526813880126185,234,1351,5.773504273504273,69.58212214708328,403.9465993642807,5.8053216386590645,0.29735949635505676,0.3910497318730395,0.49627262353897095,0.011890595519403925,0.0009453056374574651,60.0,90.0,30.0,60.0,130.0,330.0,315.0,0.0012443002757643838,0.03527464068937321,0.01699417405722815,4.014317864835591,0.995001356638302,0.2077071212562568,0.01699417405722815,0.030911135920199014,60.0,30.0,40.0,-20.0,20.0,160.0,70.0,70.0,120.0,90.0,90.0,110.0,50.0,50.0,160.0,30.0,30.0,335.0,310.0,7.0710678118654755
E10A,sample_000363,samples/sample_000363.npz,sample_000363_prediction.npz,0.0009096245630644262,0.003373769111931324,0.2613355450033093,0.03139717425431711,0.060882800608828,40,1274,31.85,32.65535354614258,330.1029982417822,10.10869466702729,0.8163838386535645,0.38879205510020254,0.41249364614486694,0.18316180798044115,0.0008354357224626288,80.0,100.0,20.0,40.0,50.0,260.0,325.0,0.0008065666741250596,0.02840011750195868,0.01466567930101125,7.686222731038207,0.9816846868377817,0.15255413560099956,0.01466567930101125,0.024320454863446733,80.0,20.0,50.0,-30.0,30.0,160.0,60.0,60.0,110.0,90.0,90.0,170.0,130.0,130.0,140.0,90.0,90.0,245.0,300.0,29.154759474226502
E10A,sample_000263,samples/sample_000263.npz,sample_000263_prediction.npz,0.0015871137147769332,0.004177459981292486,0.4901924794242764,0.1509584664536741,0.2623178348369188,189,1252,6.624338624338624,76.96506553888321,487.62607760727406,6.335680664897537,0.40722256898880005,0.5096173217056921,0.5800604820251465,0.011415660746300047,0.0015681807639798657,30.0,60.0,30.0,70.0,90.0,225.0,195.0,0.00361397415665238,0.06011633851668263,0.022378716363706537,3.902454112426919,0.9609373200709357,0.3903076505560028,0.022378716363706537,0.05579576337469677,30.0,30.0,20.0,-10.0,10.0,120.0,60.0,60.0,100.0,70.0,70.0,130.0,60.0,60.0,160.0,70.0,70.0,225.0,210.0,15.0
E10A,sample_000442,samples/sample_000442.npz,sample_000442_prediction.npz,0.0018131067045032978,0.004075359553098679,0.40109786580684026,0.10766045548654245,0.19439252336448598,104,966,9.288461538461538,94.6843991279602,421.0057354569435,4.4464108061559315,0.910426914691925,0.5532018419068593,0.6595732569694519,0.12889526145473948,0.0016785186877183098,30.0,50.0,20.0,130.0,40.0,385.0,210.0,0.0025539523660976647,0.050536643795345816,0.01812929064342544,2.535958239404393,0.9649770565717221,0.34487093874863406,0.01812929064342544,0.04717288614091649,30.0,20.0,20.0,-10.0,10.0,110.0,60.0,60.0,90.0,70.0,70.0,180.0,50.0,50.0,100.0,60.0,60.0,390.0,220.0,11.180339887498949
E10A,sample_001230,samples/sample_001230.npz,sample_001230_prediction.npz,0.004648678470402956,0.010095308534801006,0.5857819719887106,0.2687022900763359,0.42358604091456076,704,2620,3.721590909090909,288.421838760376,1279.7353383898735,4.437026488320434,0.40969011187553406,0.5756959965537217,0.7871888279914856,0.03553623488741611,0.004425882658640719,20.0,60.0,40.0,110.0,160.0,475.0,420.0,0.015043767264333034,0.12265303609912408,0.05292982403877985,2.3408692206107076,0.9503752846918678,0.5986053973710405,0.05292982403877985,0.1106444801675928,20.0,40.0,20.0,0.0,0.0,110.0,50.0,50.0,90.0,50.0,50.0,190.0,80.0,80.0,200.0,40.0,40.0,475.0,430.0,10.0
E10A,sample_001272,samples/sample_001272.npz,sample_001272_prediction.npz,0.0050534880720078945,0.010412424802780151,0.5193379622076955,0.19801980198019803,0.3305785123966942,480,2424,5.05,406.4982604980469,1198.8313967436552,2.9491673476654774,0.8468713760375977,0.6059860813741883,0.7189760804176331,0.06270827523249053,0.004770589279108667,80.0,130.0,50.0,60.0,160.0,320.0,200.0,0.005281515003179748,0.07267403252317672,0.03845275310193113,1.9342909555670709,0.9981373305618078,0.3430874522034404,0.03845275310193113,0.06166766399063348,80.0,50.0,30.0,-50.0,50.0,160.0,30.0,30.0,130.0,80.0,80.0,160.0,100.0,100.0,190.0,30.0,30.0,320.0,205.0,5.0
E10A,sample_001600,samples/sample_001600.npz,sample_001600_prediction.npz,0.004736228380352259,0.00921411719173193,0.6555637084642643,0.29439252336448596,0.4548736462093863,756,2568,3.3968253968253967,485.2165160179138,1387.937903612852,2.860450660260729,0.6418207883834839,0.6860224466632914,0.7443168759346008,0.0030319078301620206,0.0047494372016099054,80.0,150.0,70.0,120.0,90.0,380.0,275.0,0.007240005513784897,0.08508822194513702,0.04470817189435218,2.0170547571952127,0.9990863100502528,0.41810128344413944,0.04470817189435218,0.07239602806542604,80.0,70.0,40.0,-40.0,40.0,160.0,10.0,10.0,120.0,50.0,50.0,180.0,60.0,60.0,150.0,60.0,60.0,380.0,275.0,0.0
E10A,sample_000593,samples/sample_000593.npz,sample_000593_prediction.npz,0.005750893149524927,0.010731418617069721,0.7312081349473575,0.36433631044040654,0.5340857787810384,1183,3247,2.7447168216398987,860.1984516978264,1889.783974289894,2.1969162703791336,0.7271330952644348,0.7486000202615082,0.8081607222557068,0.0024192784724380912,0.005791474368167526,70.0,140.0,70.0,130.0,130.0,225.0,205.0,0.009972074597534743,0.09986027537281651,0.0508890968190365,1.2609988469895503,0.9988595780745838,0.46277065881888513,0.0508890968190365,0.08592074500653188,70.0,70.0,30.0,-40.0,40.0,160.0,20.0,20.0,130.0,60.0,60.0,200.0,70.0,70.0,170.0,40.0,40.0,230.0,205.0,5.0
E10A,sample_000367,samples/sample_000367.npz,sample_000367_prediction.npz,0.003218048484995961,0.01025006640702486,0.15179816695484252,0.018290940268648186,0.03592478248666854,64,3499,54.671875,18.23250961303711,1025.7817444056273,56.26113827315054,0.28488296270370483,0.34605999710038304,0.5345060229301453,0.005185103800997973,0.0032167668330089576,40.0,60.0,20.0,40.0,80.0,310.0,490.0,0.012728081138927799,0.11281879780837854,0.053722006148939676,32.35555306067817,0.7582412575340449,0.5184871933739905,0.053722006148939676,0.09920699166017025,40.0,20.0,20.0,-20.0,20.0,140.0,80.0,80.0,120.0,100.0,100.0,270.0,230.0,230.0,260.0,180.0,180.0,325.0,410.0,81.39410298049853
E10A,sample_000985,samples/sample_000985.npz,sample_000985_prediction.npz,0.005861011799424887,0.010533980093896389,0.7240224172703588,0.39400584795321636,0.5652857891976927,1078,2736,2.538033395176252,707.4556195735931,1739.6398613452911,2.4590091776977183,0.6562668085098267,0.7663731393101928,0.8430919051170349,0.015140618785634285,0.005758123854626218,30.0,100.0,70.0,110.0,140.0,475.0,280.0,0.015789423606975345,0.12565597322441677,0.054831991973186826,1.2779938568106854,0.9852453183539674,0.6322969568977583,0.054831991973186826,0.11306138272296037,30.0,70.0,20.0,-10.0,10.0,130.0,30.0,30.0,110.0,40.0,40.0,180.0,70.0,70.0,190.0,50.0,50.0,470.0,265.0,15.811388300841896
E10A,sample_000252,samples/sample_000252.npz,sample_000252_prediction.npz,0.0003923542390111834,0.0013564814580604434,0.442954860571421,0.19056603773584907,0.3201267828843106,120,511,4.258333333333334,49.82417106628418,148.70612470805645,2.9846181386585133,0.41520142555236816,0.2718334791560968,0.5026659369468689,0.03294661178321043,0.000352566570426523,40.0,60.0,20.0,150.0,40.0,285.0,330.0,0.00014907706040843296,0.012209711725034008,0.005212579941106668,1.4207380104838359,0.9904861691922972,0.08877379296220464,0.005212579941106668,0.011041108221822906,40.0,20.0,20.0,-20.0,20.0,140.0,80.0,80.0,120.0,100.0,100.0,180.0,30.0,30.0,50.0,10.0,10.0,290.0,325.0,7.0710678118654755
E10A,sample_000452,samples/sample_000452.npz,sample_000452_prediction.npz,0.002578014275059104,0.006232507526874542,0.6438785311899321,0.2513291445142581,0.40169949787562764,520,2069,3.978846153846154,301.9148325920105,902.8821475356817,2.990519345420111,0.5806054472923279,0.5908405385911465,0.7149123549461365,0.002054184545700378,0.0025807998847889994,50.0,90.0,40.0,130.0,100.0,245.0,400.0,0.005251955558241803,0.07247037710845586,0.031402868465423874,1.8396559135368409,0.9951772636369367,0.4276073293676387,0.031402868465423874,0.06531321007564311,50.0,40.0,20.0,-30.0,30.0,140.0,50.0,50.0,120.0,80.0,80.0,180.0,50.0,50.0,140.0,40.0,40.0,240.0,410.0,11.180339887498949
E10A,sample_001622,samples/sample_001622.npz,sample_001622_prediction.npz,0.0037014055997133255,0.008813059888780117,0.7473397020612147,0.4078164825828377,0.5793602896801449,960,2354,2.4520833333333334,321.500244140625,1187.7453772872686,3.69438406014941,0.3348960876464844,0.619330391039451,0.8000543117523193,0.08832388653433537,0.0028668642421157938,30.0,110.0,80.0,80.0,150.0,170.0,295.0,0.01165059419022531,0.10793791822258436,0.04606787292184521,2.4855498315144433,0.9830567044558758,0.5970708468735776,0.04606787292184521,0.09761324333655773,30.0,80.0,20.0,-10.0,10.0,140.0,30.0,30.0,120.0,40.0,40.0,170.0,90.0,90.0,190.0,40.0,40.0,175.0,295.0,5.0
E10A,sample_001585,samples/sample_001585.npz,sample_001585_prediction.npz,0.0018622605130076408,0.004332135897129774,0.3854721472567207,0.10037174721189591,0.18243243243243243,108,1076,9.962962962962964,87.97479701042175,452.99897679686546,5.149190361225862,0.8145814538002014,0.5329050973609641,0.643768310546875,0.08176964175489401,0.0017743750198062234,30.0,60.0,30.0,60.0,60.0,420.0,460.0,0.0032033344369075635,0.056598007358100194,0.02010737339325487,3.0230742689936556,0.9457857021590217,0.37756852989602896,0.02010737339325487,0.052905840623997176,30.0,30.0,20.0,-10.0,10.0,110.0,50.0,50.0,90.0,60.0,60.0,140.0,80.0,80.0,150.0,90.0,90.0,410.0,455.0,11.180339887498949
E10A,sample_000222,samples/sample_000222.npz,sample_000222_prediction.npz,0.008591020479798317,0.013086289167404175,0.6353283493157983,0.2929427430093209,0.45314109165808447,880,3004,3.4136363636363636,741.6331243515015,1976.3837388455868,2.66490758563916,0.8427649140357971,0.814328273859891,0.8538808226585388,0.0019137195085506113,0.008651334762358293,60.0,110.0,50.0,160.0,110.0,470.0,245.0,0.0133692884034162,0.11562563904003385,0.05911766605207266,1.4424120672379124,0.9944490070489012,0.5501737769983313,0.05911766605207266,0.09936996509998289,60.0,50.0,20.0,-40.0,40.0,160.0,50.0,50.0,140.0,90.0,90.0,200.0,40.0,40.0,190.0,80.0,80.0,480.0,235.0,14.142135623730951
E10A,sample_001459,samples/sample_001459.npz,sample_001459_prediction.npz,0.0023154111113399267,0.005495583172887564,0.33337518321594295,0.0628053035589672,0.11818778726198292,90,1433,15.922222222222222,68.3198869228363,572.7202071398497,8.382920887833242,0.7591098546981812,0.5600129769908058,0.6338820457458496,0.040221749603187244,0.002280674944639142,50.0,70.0,20.0,50.0,90.0,295.0,495.0,0.004648026947404522,0.06817643982641307,0.0266509027961153,6.244136180514494,0.9798018893032242,0.45413632493294886,0.0266509027961153,0.06275154442367563,50.0,20.0,20.0,-30.0,30.0,140.0,70.0,70.0,120.0,100.0,100.0,140.0,90.0,90.0,160.0,70.0,70.0,280.0,480.0,21.213203435596427
E10A,sample_001967,samples/sample_001967.npz,sample_001967_prediction.npz,0.00670313835144043,0.01573638804256916,0.1345068064032908,0.018292682926829267,0.03592814371257485,72,3936,54.666666666666664,34.3732488155365,1572.3172158896923,45.742467473107006,0.47740623354911804,0.4187995679676533,0.670272707939148,0.009012609212642464,0.00670144571111701,20.0,40.0,20.0,90.0,40.0,195.0,120.0,0.03356600007021549,0.18321026191296025,0.08484025411114195,18.864770840461656,0.4930435998985249,0.7620626083473887,0.08484025411114195,0.16238266949576965,20.0,20.0,20.0,0.0,0.0,120.0,80.0,80.0,100.0,80.0,80.0,300.0,210.0,210.0,270.0,230.0,230.0,250.0,215.0,109.77249200050075
E10A,sample_001694,samples/sample_001694.npz,sample_001694_prediction.npz,0.0032298637088388205,0.0057854969054460526,0.6061760257804564,0.23972602739726026,0.3867403314917127,315,1314,4.171428571428572,200.4263225197792,769.1448061913252,3.8375438740858083,0.6362740397453308,0.7622820604415167,0.8445415496826172,0.017929360926993928,0.0031826099720017793,50.0,100.0,50.0,90.0,70.0,305.0,215.0,0.004930181038130551,0.07021524790336178,0.029651145016782555,2.65769762445062,0.9973148873818269,0.45370818465092055,0.029651145016782555,0.06364739301278789,50.0,50.0,20.0,-30.0,30.0,150.0,50.0,50.0,130.0,80.0,80.0,150.0,60.0,60.0,120.0,50.0,50.0,305.0,220.0,5.0
E10A,sample_001125,samples/sample_001125.npz,sample_001125_prediction.npz,0.0021121411118656397,0.0055736456997692585,0.3469005359890377,0.060075093867334166,0.11334120425029516,96,1598,16.645833333333332,81.36629676818848,568.927043274045,6.992170786571629,0.8475655913352966,0.5332376584410667,0.6199803948402405,0.09974890213814235,0.002016699430408671,60.0,80.0,20.0,80.0,60.0,450.0,180.0,0.003845196286085573,0.062009646717954885,0.025330279793960027,5.456276561366095,0.9784627680561644,0.4071528452145379,0.025330279793960027,0.05660011671052696,60.0,20.0,20.0,-40.0,40.0,140.0,60.0,60.0,120.0,100.0,100.0,140.0,60.0,60.0,160.0,100.0,100.0,450.0,190.0,10.0
E10A,sample_001461,samples/sample_001461.npz,sample_001461_prediction.npz,0.001792524359188974,0.003636885667219758,0.737291711251242,0.365296803652968,0.5351170568561873,320,876,2.7375,154.81274604797363,512.3331862837076,3.3093734163525848,0.4837898313999176,0.7556806040927768,0.8427323698997498,0.07939634816793131,0.0015390825842262318,40.0,120.0,80.0,50.0,80.0,365.0,240.0,0.002090958784110422,0.04572700278949433,0.018670289086209525,2.2530569605063544,0.998378832507308,0.3293159337821892,0.018670289086209525,0.041741814641289704,40.0,80.0,20.0,-20.0,20.0,150.0,30.0,30.0,130.0,50.0,50.0,110.0,60.0,60.0,110.0,30.0,30.0,365.0,245.0,5.0
E10B,sample_000796,samples/sample_000796.npz,sample_000796_prediction.npz,0.006596215534955263,0.015157468616962433,0.4003614045009254,0.17120622568093385,0.292358803986711,720,4096,5.688888888888889,233.237042427063,1708.4583022296429,7.324986993710081,0.32394033670425415,0.42175353544039856,0.6094350218772888,0.017116036699471912,0.006518597694502206,40.0,70.0,30.0,150.0,160.0,175.0,170.0,0.021772801101281918,0.14755609476155812,0.0720281448291661,4.497529712211823,0.9787067873673264,0.7166474977525299,0.0720281448291661,0.12878178230538118,40.0,30.0,0.0,-40.0,40.0,160.0,90.0,90.0,160.0,130.0,130.0,300.0,150.0,150.0,560.0,400.0,400.0,150.0,360.0,191.637678967368
E10B,sample_001763,samples/sample_001763.npz,sample_001763_prediction.npz,0.01015709713101387,0.017133506014943123,0.3621325188737361,0.08687558175612783,0.15986297459320584,280,3223,11.510714285714286,142.34578132629395,1826.51035040617,12.83150321272485,0.5083777904510498,0.7358729213476181,0.7992396354675293,0.05493621275173207,0.010029188549230777,40.0,110.0,70.0,80.0,50.0,510.0,495.0,0.0398269069991572,0.1995667983386946,0.08568766888887987,10.181689715251636,0.8967162238709259,1.086230913905455,0.08568766888887987,0.18023465371439223,40.0,70.0,0.0,-40.0,40.0,160.0,50.0,50.0,160.0,90.0,90.0,570.0,490.0,490.0,290.0,240.0,240.0,285.0,495.0,225.0
E10B,sample_000998,samples/sample_000998.npz,sample_000998_prediction.npz,0.0031576722394675016,0.008372279815375805,0.5028672320914164,0.1819632881085395,0.30790006752194465,462,2500,5.411255411255412,163.88124418258667,973.3953954428434,5.9396387933102615,0.3547213077545166,0.4759088011531087,0.5696098208427429,0.025718393231658362,0.003051142804787563,80.0,110.0,30.0,110.0,140.0,235.0,380.0,0.00904364534141067,0.09509808274308515,0.041720996839610745,5.842976179440599,0.9921664120573005,0.568411745660207,0.041720996839610745,0.08545761384522658,80.0,30.0,0.0,-80.0,80.0,160.0,50.0,50.0,160.0,130.0,130.0,320.0,210.0,210.0,350.0,210.0,210.0,160.0,465.0,113.35784048754634
E10B,sample_001629,samples/sample_001629.npz,sample_001629_prediction.npz,0.005804404616355896,0.012220053933560848,0.4911729592969247,0.16112531969309463,0.2775330396475771,504,3128,6.2063492063492065,287.289128780365,1482.9030259996653,5.161709502531707,0.5700181126594543,0.6056981269447577,0.6616179347038269,0.0027669411758668916,0.005820057507813035,70.0,130.0,60.0,60.0,140.0,440.0,210.0,0.019221551775984336,0.1386418110671681,0.06149135415205326,4.903006600422014,0.9932978328540712,0.7479748070126193,0.06149135415205326,0.1242592658135847,70.0,60.0,0.0,-70.0,70.0,160.0,30.0,30.0,160.0,100.0,100.0,510.0,450.0,450.0,530.0,390.0,390.0,255.0,375.0,247.8911051248108
E10B,sample_001922,samples/sample_001922.npz,sample_001922_prediction.npz,0.011041850782930851,0.017230341210961342,0.5355453062386334,0.20961430967020683,0.3465804066543438,750,3578,4.770666666666667,600.9497344493866,2251.7170699983835,3.7469308012283156,0.8012663125991821,0.7725706539154052,0.8045375347137451,0.0016293060476119383,0.011114214959785498,60.0,110.0,50.0,150.0,100.0,455.0,270.0,0.037767226138899594,0.19433791739879172,0.08607137341267142,2.944675107008957,0.994466950111476,0.9917482024554207,0.08607137341267142,0.17423818415535694,60.0,50.0,0.0,-60.0,60.0,160.0,50.0,50.0,160.0,110.0,110.0,560.0,410.0,410.0,450.0,350.0,350.0,280.0,415.0,227.26636354727023
E10B,sample_001409,samples/sample_001409.npz,sample_001409_prediction.npz,0.008468957617878914,0.012193904258310795,0.3834013071566985,0.10980392156862745,0.1978798586572438,224,2040,9.107142857142858,206.4456329345703,1352.8661599755287,6.553135277045547,0.9216322898864746,0.8049157762101719,0.810380220413208,0.01367932585031346,0.008457057976680154,20.0,90.0,70.0,40.0,80.0,480.0,290.0,0.022215722331648795,0.14904939560980715,0.06073442410344093,3.796694060604431,0.8976170967270443,0.933348106594686,0.06073442410344093,0.13611411411191776,20.0,70.0,0.0,-20.0,20.0,150.0,60.0,60.0,150.0,80.0,80.0,530.0,490.0,490.0,450.0,370.0,370.0,265.0,415.0,248.69660230891776
E10B,sample_000992,samples/sample_000992.npz,sample_000992_prediction.npz,0.005865430925041437,0.009887677617371082,0.639234401306913,0.32226648959716686,0.48744559758955475,728,2259,3.103021978021978,443.7051453590393,1408.4297009855509,3.1742469424055733,0.6094850897789001,0.7385273699003917,0.8041923642158508,0.02246416160983216,0.00574159037062162,20.0,100.0,80.0,70.0,130.0,395.0,215.0,0.012407116534902975,0.11138723685819205,0.049840075891512216,1.5667479685641963,0.9732378590979744,0.5774647633021598,0.049840075891512216,0.0996146744713412,20.0,80.0,0.0,-20.0,20.0,160.0,60.0,60.0,160.0,80.0,80.0,470.0,400.0,400.0,510.0,380.0,380.0,235.0,385.0,233.45235059857504
E10B,sample_002128,samples/sample_002128.npz,sample_002128_prediction.npz,0.0027976904530078173,0.006096526514738798,0.47738235226259634,0.145791915175613,0.25448235974551764,220,1509,6.859090909090909,101.6027420759201,700.8788155168295,6.898227362733137,0.46183064579963684,0.6052115647630258,0.6791238188743591,0.023226994678250814,0.002751868171724011,60.0,100.0,40.0,50.0,110.0,295.0,285.0,0.005872495258375697,0.07663220770913295,0.03136460846589172,6.1472218103663545,0.9971689691623368,0.5373279315845961,0.03136460846589172,0.06991964383602801,60.0,40.0,0.0,-60.0,60.0,160.0,60.0,60.0,160.0,120.0,120.0,360.0,310.0,310.0,430.0,320.0,320.0,180.0,425.0,181.1767093199344
E10B,sample_001888,samples/sample_001888.npz,sample_001888_prediction.npz,0.009771092794835567,0.017607005313038826,0.41622308720625184,0.10257801899592944,0.1860694068422348,378,3685,9.748677248677248,311.36883294582367,1975.9145168215036,6.345896916295733,0.8237270712852478,0.7360371721800042,0.7815278768539429,0.008362909017732817,0.009776527903613753,70.0,140.0,70.0,90.0,60.0,355.0,480.0,0.037873793673672156,0.19461190527219077,0.08663217498929707,6.418112465128929,0.9917120494669492,1.0087922734292967,0.08663217498929707,0.17426606075279252,70.0,70.0,0.0,-70.0,70.0,160.0,20.0,20.0,160.0,90.0,90.0,460.0,370.0,370.0,280.0,220.0,220.0,230.0,500.0,126.58988901172162
E10B,sample_001536,samples/sample_001536.npz,sample_001536_prediction.npz,0.007083856035023928,0.011339742690324783,0.4131653687194558,0.12885411872986655,0.2282918874847126,280,2173,7.760714285714286,223.28286409378052,1294.945495069027,5.799574008174402,0.7974388003349304,0.7205153474850314,0.8025820851325989,0.011169350330497216,0.0070721866779038444,40.0,80.0,40.0,70.0,100.0,455.0,380.0,0.017237433086723757,0.13129140522792707,0.05551169970438511,3.731279481692621,0.9580684603173476,0.7854775093007692,0.05551169970438511,0.11897850344769817,40.0,40.0,0.0,-40.0,40.0,160.0,80.0,80.0,160.0,120.0,120.0,520.0,450.0,450.0,340.0,240.0,240.0,260.0,470.0,214.76731594914529
E10B,sample_000503,samples/sample_000503.npz,sample_000503_prediction.npz,0.005692940670996904,0.011850963346660137,0.24282476596787098,0.03374578177727784,0.06528835690968444,90,2667,29.633333333333333,83.0135428905487,1194.3274955451488,14.387140386476938,0.9223726987838745,0.6241331881946988,0.6980767250061035,0.09051998487486569,0.005615207665833688,70.0,90.0,20.0,90.0,50.0,415.0,505.0,0.017219507006312994,0.13122311917613066,0.05658070579197892,12.824117941840354,0.9576787227236765,0.7708548398692268,0.05658070579197892,0.11839818722596435,70.0,20.0,0.0,-70.0,70.0,160.0,70.0,70.0,160.0,140.0,140.0,500.0,410.0,410.0,270.0,220.0,220.0,250.0,505.0,165.0
E10B,sample_001208,samples/sample_001208.npz,sample_001208_prediction.npz,0.005029546562582254,0.007876868359744549,0.37459085992811514,0.12292817679558012,0.21894218942189422,180,1446,8.033333333333333,107.92141556739807,872.6791913509369,8.086246707966312,0.5995634198188782,0.673272699283229,0.8072943091392517,0.023326397053016364,0.004995982283791415,20.0,70.0,50.0,40.0,90.0,250.0,475.0,0.010268929456342127,0.10133572645588587,0.04013603766532883,4.357560400723725,0.9007415048077326,0.6763584211425056,0.04013603766532883,0.09304852463564069,20.0,50.0,0.0,-20.0,20.0,160.0,90.0,90.0,160.0,110.0,110.0,320.0,280.0,280.0,280.0,190.0,190.0,160.0,500.0,93.40770846134703
E10B,sample_000155,samples/sample_000155.npz,sample_000155_prediction.npz,0.0025852539110928774,0.0068150777369737625,0.45568810287400885,0.12257405515832483,0.2183803457688808,240,1958,8.158333333333333,82.30671644210815,751.075678050518,9.125326711080742,0.3429446518421173,0.5215862156202395,0.5823118686676025,0.036046631502107726,0.0025033613056996175,70.0,110.0,40.0,60.0,100.0,340.0,440.0,0.006537436026862606,0.08085441253798463,0.034463348471244874,8.904993898062536,0.9961143972007974,0.5216125929588782,0.034463348471244874,0.0731417366420305,70.0,40.0,0.0,-70.0,70.0,160.0,50.0,50.0,160.0,120.0,120.0,420.0,360.0,360.0,290.0,190.0,190.0,210.0,495.0,141.15594213493105
E10B,sample_000172,samples/sample_000172.npz,sample_000172_prediction.npz,0.0030844013672322035,0.007367437239736319,0.33312037509281267,0.0729113924050633,0.13591316658801322,144,1975,13.715277777777779,66.12655019760132,790.2004901170731,11.949821784983074,0.45921215415000916,0.5155066524942716,0.609929621219635,0.004435539404727333,0.0030824191337767777,60.0,80.0,20.0,90.0,80.0,445.0,390.0,0.007649324063187667,0.08746041426375516,0.037272477426092805,9.688014107698262,0.9879038449837051,0.5423929963096936,0.037272477426092805,0.07912070834938896,60.0,20.0,0.0,-60.0,60.0,160.0,80.0,80.0,160.0,140.0,140.0,510.0,420.0,420.0,330.0,250.0,250.0,255.0,475.0,208.1465829649865
E10B,sample_000676,samples/sample_000676.npz,sample_000676_prediction.npz,0.002750207670032978,0.007291341666132212,0.3710990265239838,0.08888888888888889,0.16326530612244897,196,2205,11.25,93.86811804771423,803.692720413208,8.561934947973302,0.47891896963119507,0.47256826138009833,0.5367904901504517,0.0013042244777193913,0.0027530965066124204,80.0,150.0,70.0,70.0,40.0,265.0,450.0,0.007175566166548074,0.08470871364002687,0.03662959765416075,10.01344835462743,0.9764884861589308,0.5217455260779655,0.03662959765416075,0.07637957018890836,80.0,70.0,0.0,-80.0,80.0,160.0,10.0,10.0,160.0,90.0,90.0,350.0,280.0,280.0,290.0,250.0,250.0,175.0,495.0,100.62305898749054
E10B,sample_000167,samples/sample_000167.npz,sample_000167_prediction.npz,0.004323725122958422,0.010945339687168598,0.42535747230343657,0.12094488188976378,0.21579095251475133,385,3174,8.244155844155845,162.68452391028404,1233.0334588885307,7.579291682154808,0.42255720496177673,0.49766336772348974,0.5747629404067993,0.009568552171888171,0.004303103585561509,80.0,150.0,70.0,50.0,110.0,445.0,445.0,0.01495638792646577,0.12229631199045117,0.05484554260707163,8.508802523497502,0.9844243812134914,0.6670326562011301,0.05484554260707163,0.10930852840744704,80.0,70.0,0.0,-80.0,80.0,160.0,10.0,10.0,160.0,90.0,90.0,510.0,460.0,460.0,320.0,210.0,210.0,255.0,480.0,193.19679086361657
E10B,sample_000352,samples/sample_000352.npz,sample_000352_prediction.npz,0.004982546903192997,0.009109091944992542,0.7052741085151493,0.36649699213327164,0.5364036572976634,792,2161,2.7285353535353534,481.7146625518799,1365.4062196463346,2.834470955094257,0.6082255840301514,0.7713678277502156,0.8072030544281006,0.03281375830263649,0.004756499685391109,40.0,120.0,80.0,90.0,110.0,345.0,285.0,0.013762668204166521,0.1173143989634969,0.0472337833511913,1.9624518639224837,0.9947341063729026,0.7190825920854107,0.0472337833511913,0.10738546416763883,40.0,80.0,0.0,-40.0,40.0,160.0,40.0,40.0,160.0,80.0,80.0,430.0,340.0,340.0,440.0,330.0,330.0,215.0,420.0,187.41664813991312
E10B,sample_001467,samples/sample_001467.npz,sample_001467_prediction.npz,0.0052224029786884785,0.01128698792308569,0.5201736541965761,0.1814332247557003,0.3071408877860491,560,3067,5.476785714285715,347.71613597869873,1416.9112427532673,4.074907938238645,0.6209216713905334,0.588684820117695,0.6650351881980896,0.006259258995860619,0.0052164624609260255,70.0,150.0,80.0,50.0,140.0,355.0,200.0,0.016284526616236722,0.12761084051222576,0.05592502221094417,4.011856726530431,0.9943017880852512,0.700691202558616,0.05592502221094417,0.11470361156886964,70.0,80.0,0.0,-70.0,70.0,160.0,10.0,10.0,160.0,80.0,80.0,430.0,380.0,380.0,530.0,390.0,390.0,215.0,375.0,224.1093483101497
E10B,sample_002010,samples/sample_002010.npz,sample_002010_prediction.npz,0.008403643034398556,0.017326312139630318,0.271669218061585,0.04394454616793094,0.08418942620897019,168,3823,22.75595238095238,156.31246948242188,1757.5031033754349,11.243524647744593,0.9304313659667969,0.6266959939329397,0.6878454089164734,0.09550578265269982,0.008254532595594572,80.0,100.0,20.0,60.0,140.0,170.0,470.0,0.030490339529347883,0.17461483192829835,0.08044283434919865,10.507751309083806,0.9808500960507235,0.8940235134173731,0.08044283434919865,0.1549815793286908,80.0,20.0,0.0,-80.0,80.0,160.0,60.0,60.0,160.0,140.0,140.0,410.0,350.0,350.0,300.0,160.0,160.0,205.0,490.0,40.311288741492746
E10B,sample_002098,samples/sample_002098.npz,sample_002098_prediction.npz,0.004467283841222525,0.008528869599103928,0.661339603958461,0.35442477876106193,0.523358379614505,810,2251,2.7790123456790123,470.3172558546066,1270.0390302240849,2.700387907129445,0.580638587474823,0.6521911122916657,0.7794076204299927,0.02101699734839047,0.004329785755991798,40.0,100.0,60.0,150.0,90.0,325.0,305.0,0.008902108142850666,0.09435098379376161,0.0414737510578812,1.5326650492677945,0.9924253459681157,0.5597360689385701,0.0414737510578812,0.08474689443300895,40.0,60.0,0.0,-40.0,40.0,160.0,60.0,60.0,160.0,100.0,100.0,430.0,280.0,280.0,410.0,320.0,320.0,215.0,435.0,170.29386365926402
E10B,sample_001451,samples/sample_001451.npz,sample_001451_prediction.npz,0.0021789714228361845,0.004888234194368124,0.5872311722315354,0.31235059760956174,0.47601700060716456,392,1255,3.201530612244898,94.30146908760071,574.7306182384491,6.094609382008216,0.2405649721622467,0.5039873846179369,0.6859822273254395,0.07983767137475613,0.0018680574741742023,20.0,90.0,70.0,80.0,70.0,390.0,335.0,0.003593775682550903,0.05994810824830841,0.024945235501756757,3.473121580361117,0.9644004143986421,0.4055877721277309,0.024945235501756757,0.05451156673874635,20.0,70.0,0.0,-20.0,20.0,160.0,70.0,70.0,160.0,90.0,90.0,460.0,380.0,380.0,370.0,300.0,300.0,230.0,455.0,200.0
E10B,sample_000316,samples/sample_000316.npz,sample_000316_prediction.npz,0.006954979617148638,0.014360107481479645,0.14111806118670112,0.025109855618330193,0.04898958971218616,80,3186,39.825,23.076975345611572,1434.6986465603113,62.17013387038785,0.28846219182014465,0.4245514631271362,0.6889867186546326,0.024900028825885268,0.006940363994150751,20.0,60.0,40.0,50.0,40.0,475.0,350.0,0.024946211798682696,0.15794369819237075,0.07280080027230071,27.095022606720036,0.6968567830363654,0.8411872574702315,0.07280080027230071,0.14016510007271882,20.0,40.0,0.0,-20.0,20.0,160.0,100.0,100.0,160.0,120.0,120.0,520.0,470.0,470.0,400.0,360.0,360.0,260.0,440.0,233.0772404161333
E10B,sample_001723,samples/sample_001723.npz,sample_001723_prediction.npz,0.0035152158234268427,0.006889927666634321,0.5222204491613908,0.21201413427561838,0.3498542274052478,360,1698,4.716666666666667,184.5861268043518,858.3249337673187,4.649996988544443,0.5127392411231995,0.6014470171597269,0.7213337421417236,0.012758341237726439,0.0034812423006490567,30.0,90.0,60.0,50.0,120.0,255.0,300.0,0.006199693619200572,0.07873813319606054,0.03471661484435577,2.6599122877597727,0.9811289753537628,0.4877189410140468,0.03471661484435577,0.0706714247270368,30.0,60.0,0.0,-30.0,30.0,160.0,70.0,70.0,160.0,100.0,100.0,330.0,280.0,280.0,430.0,310.0,310.0,165.0,425.0,154.02921800749363
E10B,sample_001111,samples/sample_001111.npz,sample_001111_prediction.npz,0.005171116441488266,0.008259511552751064,0.5491281084368936,0.21508379888268156,0.35402298850574715,385,1790,4.64935064935065,306.5526646375656,1090.0256157368422,3.5557531917902896,0.7962406873703003,0.7593936732063046,0.8031681776046753,0.0035702327375198503,0.005177410824825428,40.0,90.0,50.0,70.0,110.0,375.0,255.0,0.01008843292779157,0.10044119138974593,0.041159247741871886,2.2305409204262996,0.9929024664334567,0.626620791810289,0.041159247741871886,0.0916206813613323,40.0,50.0,0.0,-40.0,40.0,160.0,70.0,70.0,160.0,110.0,110.0,440.0,370.0,370.0,460.0,350.0,350.0,220.0,410.0,219.20310216782974
E10B,sample_000562,samples/sample_000562.npz,sample_000562_prediction.npz,0.007541250437498093,0.01453073788434267,0.2589115807667656,0.0493046776232617,0.09397590361445783,156,3164,20.28205128205128,97.30296850204468,1511.124102756381,15.530092514337083,0.6237369775772095,0.5910443493571037,0.7276137471199036,0.008254095041834665,0.00754011753212922,50.0,80.0,30.0,40.0,130.0,490.0,495.0,0.02606054368784572,0.1614327838075207,0.0710923684830651,11.509457996411124,0.9082237240754006,0.8965131122993307,0.0710923684830651,0.14493591284189644,50.0,30.0,0.0,-50.0,50.0,160.0,80.0,80.0,160.0,130.0,130.0,550.0,510.0,510.0,290.0,160.0,160.0,275.0,495.0,215.0
E10B,sample_002168,samples/sample_002168.npz,sample_002168_prediction.npz,0.002926156623288989,0.0057695172727108,0.2841070087168098,0.07096774193548387,0.13253012048192772,88,1240,14.090909090909092,75.48128128051758,584.9232319742441,7.749248847544647,0.8577418327331543,0.5297607532279058,0.7021400928497314,0.10963596321168904,0.0028305462549579317,30.0,50.0,20.0,110.0,40.0,415.0,420.0,0.004090471753779062,0.06395679599369454,0.02639272159526908,3.879211466013257,0.9523908596050932,0.4218885678463419,0.02639272159526908,0.05825715407204233,30.0,20.0,0.0,-30.0,30.0,160.0,110.0,110.0,160.0,140.0,140.0,490.0,380.0,380.0,290.0,250.0,250.0,245.0,495.0,185.80904176062046
E10B,sample_001196,samples/sample_001196.npz,sample_001196_prediction.npz,0.009995060972869396,0.01760096289217472,0.18609492950170586,0.026825633383010434,0.05224963715529753,90,3355,37.27777777777778,88.26255083084106,1755.4510924518108,19.888968491475026,0.9806950092315674,0.6303810563352373,0.7882013916969299,0.12772444514245967,0.009887178398515144,50.0,80.0,30.0,60.0,50.0,110.0,525.0,0.03634962098142105,0.19065576566529807,0.08301534989074988,14.053489094777555,0.7855117686406351,1.0578015337021385,0.08301534989074988,0.17163354177997206,50.0,30.0,0.0,-50.0,50.0,160.0,80.0,80.0,160.0,130.0,130.0,250.0,190.0,190.0,270.0,220.0,220.0,125.0,505.0,25.0
E10B,sample_001899,samples/sample_001899.npz,sample_001899_prediction.npz,0.004131199326366186,0.010932132601737976,0.4608975201636583,0.144375,0.2523211359912616,462,3200,6.926406926406926,150.69104826450348,1222.2782135605812,8.111153433713945,0.3261711001396179,0.48497296102119214,0.5772915482521057,0.0298368085880689,0.004009820113993258,80.0,110.0,30.0,110.0,140.0,165.0,350.0,0.013986181633226192,0.11826318798859682,0.05432537700690154,7.910120506736011,0.9871844174840902,0.6383712630287022,0.05432537700690154,0.10504729909085814,80.0,30.0,0.0,-80.0,80.0,160.0,50.0,50.0,160.0,130.0,130.0,270.0,160.0,160.0,380.0,240.0,240.0,135.0,450.0,104.4030650891055
E10B,sample_000775,samples/sample_000775.npz,sample_000775_prediction.npz,0.0030408110469579697,0.007868685759603977,0.6335491399920855,0.27465723131357805,0.4309507286606523,640,2242,3.503125,211.01202011108398,969.181153357029,4.593013956488444,0.3297062814235687,0.537353837210685,0.6601039171218872,0.05703781175348486,0.0026869645258740947,60.0,140.0,80.0,160.0,50.0,440.0,325.0,0.008627254141969218,0.09288301320461788,0.039420365257492956,4.454999992227139,0.9909999040855811,0.5674981598508491,0.039420365257492956,0.08410284742465655,60.0,80.0,0.0,-60.0,60.0,160.0,20.0,20.0,160.0,80.0,80.0,530.0,370.0,370.0,380.0,330.0,330.0,265.0,450.0,215.05813167606567
E10B,sample_001971,samples/sample_001971.npz,sample_001971_prediction.npz,0.0062538995407521725,0.012051045894622803,0.2854642698440464,0.06392329204954054,0.12016522718738265,160,2503,15.64375,147.76297569274902,1222.6703504174948,8.274537952997472,0.9235185980796814,0.5805227002128959,0.7232785224914551,0.11981509671914162,0.006068765747502655,50.0,70.0,20.0,160.0,50.0,240.0,195.0,0.014712128705955466,0.12129356415719453,0.05484841484749455,5.5896037137515,0.9624645705329753,0.6967898680360375,0.05484841484749455,0.10818401034659697,50.0,20.0,0.0,-50.0,50.0,160.0,90.0,90.0,160.0,140.0,140.0,350.0,190.0,190.0,480.0,430.0,430.0,175.0,400.0,215.05813167606567
E10B,sample_002064,samples/sample_002064.npz,sample_002064_prediction.npz,0.007480306085199118,0.01674489863216877,0.5112997765512535,0.16987392169873922,0.290414066931367,768,4521,5.88671875,498.9137878417969,2052.177255511284,4.113290322940562,0.6496273279190063,0.5891929981686795,0.6459909081459045,0.004593731146090092,0.007503034658790117,80.0,120.0,40.0,160.0,120.0,170.0,440.0,0.02848605236933307,0.16877811578914212,0.07866617292191036,3.6236211963766327,0.9953486158081045,0.7885361250575549,0.07866617292191036,0.1493240958691971,80.0,40.0,0.0,-80.0,80.0,160.0,40.0,40.0,160.0,120.0,120.0,290.0,130.0,130.0,320.0,200.0,200.0,145.0,480.0,47.16990566028302
E10B,sample_001548,samples/sample_001548.npz,sample_001548_prediction.npz,0.009053424932062626,0.014420635998249054,0.4422935387436979,0.14137807925740806,0.24773224898342197,396,2801,7.0732323232323235,281.8826107978821,1696.711513876915,6.019213136540394,0.7118247747421265,0.7465191227619095,0.7982393503189087,0.0022158316841676333,0.009081081199146286,50.0,90.0,40.0,90.0,110.0,455.0,335.0,0.027742443755264915,0.1665606308683565,0.07322959270112979,4.399566764793109,0.9841019982557342,0.897379548236541,0.07322959270112979,0.14959903244370118,50.0,40.0,0.0,-50.0,50.0,160.0,70.0,70.0,160.0,120.0,120.0,530.0,440.0,440.0,400.0,290.0,290.0,265.0,440.0,217.0829334609241
E10B,sample_000381,samples/sample_000381.npz,sample_000381_prediction.npz,0.005031802225857973,0.010692954994738102,0.48306521113420103,0.22744503411675512,0.3705991352686844,600,2638,4.3966666666666665,171.90202474594116,1223.0622239112854,7.1148796863729995,0.2865033745765686,0.49404368062814075,0.7094441056251526,0.048618329524290745,0.00476413764669957,30.0,70.0,40.0,100.0,150.0,440.0,425.0,0.013721587233157645,0.11713917889910977,0.05319108587417524,4.176261140524302,0.9755488595240521,0.638018063435206,0.05319108587417524,0.10436616126256516,30.0,40.0,0.0,-30.0,30.0,160.0,90.0,90.0,160.0,120.0,120.0,510.0,410.0,410.0,320.0,170.0,170.0,255.0,480.0,193.00259065618783
E10B,sample_000114,samples/sample_000114.npz,sample_000114_prediction.npz,0.009895427152514458,0.021714190021157265,0.38014950081850374,0.08928571428571429,0.16393442622950818,480,5376,11.2,322.79139518737793,2381.3970809280872,7.377511037881615,0.6724820733070374,0.5933298916245501,0.6650881171226501,0.007663520811317376,0.00990637816897663,80.0,100.0,20.0,150.0,160.0,485.0,350.0,0.043495419935112044,0.20855555599195155,0.10361488444955895,6.509149919341814,0.9923763895453205,0.9263266893343194,0.10361488444955895,0.180995512805198,80.0,20.0,0.0,-80.0,80.0,160.0,60.0,60.0,160.0,140.0,140.0,580.0,430.0,430.0,400.0,240.0,240.0,290.0,440.0,214.76731594914529
E10B,sample_000761,samples/sample_000761.npz,sample_000761_prediction.npz,0.010498992167413235,0.015892911702394485,0.3274042688167653,0.07275426874536006,0.1356401384083045,196,2694,13.744897959183673,195.83123445510864,1679.797505930066,8.577781325864716,0.9991389513015747,0.7992142627433855,0.8076911568641663,0.040162177118345535,0.010439730191225538,50.0,120.0,70.0,70.0,40.0,155.0,200.0,0.034686351052625436,0.18624272080439933,0.07735541660528246,7.742769163145779,0.9569832996695051,1.0896786158625607,0.07735541660528246,0.16941809399957442,50.0,70.0,0.0,-50.0,50.0,160.0,40.0,40.0,160.0,90.0,90.0,270.0,200.0,200.0,510.0,470.0,470.0,135.0,385.0,186.07794065928394
E10B,sample_001580,samples/sample_001580.npz,sample_001580_prediction.npz,0.015090062282979488,0.021846428513526917,0.3904629840112133,0.125165038288883,0.22248298521473833,480,3781,7.877083333333333,401.34976387023926,2472.6482155174017,6.1608313698094905,0.8361453413963318,0.7566737154498696,0.8082165122032166,0.02121462934798039,0.01506000937014253,40.0,120.0,80.0,120.0,50.0,500.0,525.0,0.06149918965300961,0.2479903015301397,0.10705075922019751,4.900245507125217,0.8791458565151183,1.2759591230728793,0.10705075922019751,0.2236947129535897,40.0,80.0,0.0,-40.0,40.0,150.0,30.0,30.0,150.0,70.0,70.0,580.0,460.0,460.0,290.0,240.0,240.0,290.0,495.0,212.13203435596427
E10B,sample_001591,samples/sample_001591.npz,sample_001591_prediction.npz,0.004845192655920982,0.013461294583976269,0.6936086486088153,0.3287671232876712,0.4948453608247423,1320,4015,3.0416666666666665,381.7951512336731,1705.0942552387714,4.465992430048408,0.28923875093460083,0.5347999123461319,0.6115975379943848,0.06143393446621421,0.004074992314900122,70.0,150.0,80.0,110.0,150.0,395.0,325.0,0.02137963147625176,0.14621775362879763,0.06882331895327766,4.311938040436961,0.995152882294445,0.7309182916548259,0.06882331895327766,0.12900768288945885,70.0,80.0,0.0,-70.0,70.0,160.0,10.0,10.0,160.0,80.0,80.0,490.0,380.0,380.0,430.0,280.0,280.0,245.0,425.0,180.27756377319946
E10B,sample_000709,samples/sample_000709.npz,sample_000709_prediction.npz,0.006663121283054352,0.014084398746490479,0.30329646158178525,0.056962025316455694,0.10778443113772455,180,3160,17.555555555555557,170.6106162071228,1430.916760623455,8.387032368995781,0.9478367567062378,0.6027074706223275,0.6568329334259033,0.12022168519723102,0.006454808563715602,80.0,110.0,30.0,120.0,50.0,480.0,315.0,0.02039632341181298,0.14281569735786392,0.06443753127531812,8.09409806025832,0.9880472124938745,0.7696751708056113,0.06443753127531812,0.12745245378161763,80.0,30.0,0.0,-80.0,80.0,160.0,50.0,50.0,160.0,130.0,130.0,560.0,440.0,440.0,410.0,360.0,360.0,280.0,435.0,233.23807579381202
E10B,sample_000703,samples/sample_000703.npz,sample_000703_prediction.npz,0.005664259195327759,0.010451986454427242,0.5804559439025447,0.23276633840644584,0.3776325344952796,520,2234,4.296153846153846,243.65123629570007,1270.819282144308,5.215730900712591,0.4685600697994232,0.7208074284287599,0.7938032150268555,0.06733267490463517,0.005336315943028857,30.0,110.0,80.0,130.0,50.0,465.0,415.0,0.015434833395393022,0.1242370049356995,0.05306372962292929,3.592273077664474,0.9803007416218249,0.6955673819576302,0.05306372962292929,0.11233465179497232,30.0,80.0,0.0,-30.0,30.0,160.0,50.0,50.0,160.0,80.0,80.0,550.0,420.0,420.0,310.0,260.0,260.0,275.0,485.0,202.48456731316588
E10B,sample_001400,samples/sample_001400.npz,sample_001400_prediction.npz,0.00307286879979074,0.006617891136556864,0.332001305002314,0.13716012084592144,0.2412327311370882,242,1640,6.776859504132231,134.1245481967926,706.8123310208321,5.269820778697203,0.5542336702346802,0.39332983501193935,0.6537783741950989,0.03951306468314414,0.0029829406287253993,30.0,50.0,20.0,110.0,110.0,425.0,365.0,0.004279294488998832,0.06541631668780223,0.02909848793627713,2.4986449666158728,0.9679725129828013,0.4079890403694292,0.02909848793627713,0.058588159971287426,30.0,20.0,0.0,-30.0,30.0,160.0,110.0,110.0,160.0,140.0,140.0,500.0,390.0,390.0,330.0,220.0,220.0,250.0,475.0,206.70026608594387
E10B,sample_001887,samples/sample_001887.npz,sample_001887_prediction.npz,0.0038110706955194473,0.007093020249158144,0.45294410460871937,0.19184652278177458,0.32193158953722334,320,1668,5.2125,185.7793426513672,849.1416207253933,4.570699888409495,0.5805604457855225,0.5539058583788574,0.7705055475234985,0.009798717571464869,0.003791515921367595,20.0,70.0,50.0,40.0,160.0,380.0,240.0,0.005307445523630299,0.07285221701245817,0.03381892172277424,2.0633209045339944,0.9651259291420845,0.3908639163789327,0.03381892172277424,0.06452694055306799,20.0,50.0,0.0,-20.0,20.0,160.0,90.0,90.0,160.0,110.0,110.0,430.0,390.0,390.0,490.0,330.0,330.0,215.0,395.0,226.38462845343543
E10B,sample_001331,samples/sample_001331.npz,sample_001331_prediction.npz,0.006566546857357025,0.015842294320464134,0.10154057961963134,0.02580800771828268,0.05031742299553257,110,4143,37.663636363636364,28.615364134311676,1579.8615476191044,55.21025488977608,0.26013967394828796,0.25845208195122804,0.5935658812522888,0.004590900310768209,0.006568760224410347,20.0,40.0,20.0,50.0,110.0,375.0,195.0,0.02582988064051457,0.1607167714972976,0.07989620498106081,21.291452789638885,0.6402342575787134,0.7839542793945543,0.07989620498106081,0.13945062592236324,20.0,20.0,0.0,-20.0,20.0,160.0,120.0,120.0,160.0,140.0,140.0,460.0,410.0,410.0,510.0,400.0,400.0,230.0,385.0,239.0083680543424
E10B,sample_001596,samples/sample_001596.npz,sample_001596_prediction.npz,0.005531696602702141,0.012356002815067768,0.38218562766831377,0.0863013698630137,0.15889029003783103,252,2920,11.587301587301587,230.43040251731873,1285.6316762119532,5.579262381036406,0.9144063591957092,0.5980507185061773,0.6329156160354614,0.10056186500887301,0.005287463093233075,80.0,100.0,20.0,140.0,90.0,390.0,355.0,0.014480116603236294,0.12033335615379592,0.05451859969278196,4.975038023895843,0.9977965379587295,0.673216445030318,0.05451859969278196,0.10727459573810794,80.0,20.0,0.0,-80.0,80.0,160.0,60.0,60.0,160.0,140.0,140.0,490.0,350.0,350.0,370.0,280.0,280.0,245.0,455.0,176.13914953808538
E10B,sample_002009,samples/sample_002009.npz,sample_002009_prediction.npz,0.004402741324156523,0.012471194379031658,0.47401665260606907,0.15880381541634442,0.27408231368186875,616,3879,6.297077922077922,175.44790244102478,1397.9327357560396,7.967793950833593,0.28481802344322205,0.44851167567751626,0.5463783144950867,0.03199366472747576,0.004228758905742187,80.0,120.0,40.0,140.0,110.0,360.0,135.0,0.01705732072182489,0.13060367805626644,0.0615027265057052,7.8283580019132355,0.974660812757354,0.6640550759020791,0.0615027265057052,0.11521603774730893,80.0,40.0,0.0,-80.0,80.0,160.0,40.0,40.0,160.0,120.0,120.0,460.0,320.0,320.0,580.0,470.0,470.0,230.0,350.0,251.24689052802225
E10B,sample_002116,samples/sample_002116.npz,sample_002116_prediction.npz,0.011372116394340992,0.017955172806978226,0.5131066581217023,0.19585522475189726,0.3275567488406151,672,3425,5.096726190476191,638.236249923706,2166.463689044118,3.394454152836186,0.9497563242912292,0.7735376148262904,0.8053192496299744,0.03417830712303776,0.011215141937168134,40.0,110.0,70.0,60.0,160.0,190.0,340.0,0.03131266458268595,0.176953848736573,0.07982444181775215,2.1946711149033113,0.9803172759852742,0.9071937423054786,0.07982444181775215,0.157926321654024,40.0,70.0,0.0,-40.0,40.0,160.0,50.0,50.0,160.0,90.0,90.0,290.0,230.0,230.0,410.0,250.0,250.0,145.0,435.0,105.11898020814318
E10B,sample_000238,samples/sample_000238.npz,sample_000238_prediction.npz,0.016505980864167213,0.026041077449917793,0.5684202831013738,0.24077391615908278,0.3881028010395611,1344,5582,4.153273809523809,988.6517601013184,3546.2459592074156,3.586951545854722,0.7356039881706238,0.7743213892515216,0.8017151951789856,0.0018688689735991218,0.01670887186502202,50.0,120.0,70.0,160.0,120.0,350.0,150.0,0.071811133129405,0.2679759935692095,0.13186994467336594,2.495025207931295,0.9789043400934752,1.1282493093286226,0.13186994467336594,0.23328405608023964,50.0,70.0,0.0,-50.0,50.0,160.0,40.0,40.0,160.0,90.0,90.0,480.0,320.0,320.0,580.0,460.0,460.0,240.0,350.0,228.25424421026653
E10B,sample_000737,samples/sample_000737.npz,sample_000737_prediction.npz,0.0026866269763559103,0.006829265970736742,0.36057486244577697,0.1162227602905569,0.20824295010845986,240,2065,8.604166666666666,93.02326440811157,760.1261774301529,8.17135565244548,0.3875969350337982,0.40923969546953837,0.569490909576416,0.0025430062110367727,0.0026869786343970002,40.0,70.0,30.0,50.0,160.0,375.0,160.0,0.005457577220639354,0.0738754168897838,0.033507587743967365,5.031507737889878,0.9807653422566649,0.4179643259715803,0.033507587743967365,0.06583934070310608,40.0,30.0,0.0,-40.0,40.0,160.0,90.0,90.0,160.0,130.0,130.0,460.0,410.0,410.0,570.0,410.0,410.0,230.0,355.0,243.00205760445732
E10B,sample_000271,samples/sample_000271.npz,sample_000271_prediction.npz,0.005287103354930878,0.012547862716019154,0.43937544313687255,0.12269009391093608,0.21856449001618997,405,3301,8.150617283950618,286.7427536845207,1395.8808595091105,4.868059755905401,0.7080067992210388,0.5544672428825755,0.6187379360198975,0.026653167654118275,0.005198713610798646,80.0,110.0,30.0,90.0,150.0,365.0,435.0,0.016075066724027497,0.12678748646466456,0.057201922349763575,4.43543006236222,0.9958020028671473,0.6726984944904528,0.057201922349763575,0.11315037252929887,80.0,30.0,0.0,-80.0,80.0,160.0,50.0,50.0,160.0,130.0,130.0,460.0,370.0,370.0,300.0,150.0,150.0,230.0,490.0,145.7737973711325
E10B,sample_001280,samples/sample_001280.npz,sample_001280_prediction.npz,0.006743066478520632,0.014036792330443859,0.19138511993652876,0.06416131989000917,0.12058570198105081,210,3273,15.585714285714285,63.227905333042145,1441.1739247888327,22.793320721249522,0.3010852634906769,0.35555018179473424,0.6706065535545349,0.006298010059085967,0.006744019898200091,20.0,40.0,20.0,70.0,150.0,415.0,485.0,0.022114880238919544,0.14871072671101956,0.06982037241751263,10.16453211715008,0.8497675605333408,0.7470931845743776,0.06982037241751263,0.13130116463458877,20.0,20.0,0.0,-20.0,20.0,160.0,120.0,120.0,160.0,140.0,140.0,490.0,420.0,420.0,310.0,160.0,160.0,245.0,485.0,170.0
E10B,sample_000473,samples/sample_000473.npz,sample_000473_prediction.npz,0.008891462348401546,0.01672300510108471,0.5415900576563029,0.23274519979242345,0.37760471479688484,900,3851,4.278888888888889,463.0685806274414,2096.564271301031,4.527545938142167,0.5145206451416016,0.639501170317332,0.7536244988441467,0.021962240418047507,0.00877069048973927,50.0,90.0,40.0,150.0,150.0,445.0,245.0,0.030502345282799506,0.1746492063617797,0.08271636159461594,3.0988219453470527,0.9926068494412744,0.8550338996978604,0.08271636159461594,0.15381920818723602,50.0,40.0,0.0,-50.0,50.0,160.0,70.0,70.0,160.0,120.0,120.0,540.0,390.0,390.0,490.0,340.0,340.0,270.0,395.0,230.4886114323222
E10B,sample_001502,samples/sample_001502.npz,sample_001502_prediction.npz,0.004047951195389032,0.010258260183036327,0.35755143571870623,0.08888101983002833,0.1632520325203252,252,2823,11.202380952380953,71.70944917201996,1079.4763847887516,15.05347478265038,0.28456130623817444,0.4798724970647267,0.5627239942550659,0.04179767644676209,0.003950932322246554,70.0,140.0,70.0,60.0,60.0,160.0,450.0,0.013026560193887485,0.11413395723397786,0.05086580133981939,16.14713976863389,0.9523843755947271,0.6520632226865876,0.05086580133981939,0.10217255232177336,70.0,70.0,0.0,-70.0,70.0,160.0,20.0,20.0,160.0,90.0,90.0,270.0,210.0,210.0,310.0,250.0,250.0,135.0,485.0,43.01162633521314
E10B,sample_000960,samples/sample_000960.npz,sample_000960_prediction.npz,0.005817836150527,0.013811684213578701,0.4001834207178044,0.10271266789570714,0.18629090040601862,390,3797,9.735897435897435,203.0231523513794,1554.885052666068,7.658658801509363,0.5205721855163574,0.5349187108950737,0.5816861987113953,0.0013157951177884518,0.005835768374587968,70.0,90.0,20.0,130.0,150.0,165.0,265.0,0.02039546209116898,0.14281268182892226,0.06778656407454713,6.3137898133866095,0.9956213825920409,0.7182195134690319,0.06778656407454713,0.12569981631703486,70.0,20.0,0.0,-70.0,70.0,160.0,70.0,70.0,160.0,140.0,140.0,270.0,140.0,140.0,470.0,320.0,320.0,135.0,405.0,143.17821063276352
E10B,sample_001604,samples/sample_001604.npz,sample_001604_prediction.npz,0.008002611808478832,0.015020717866718769,0.3882598290473955,0.09696969696969697,0.17679558011049723,320,3300,10.3125,209.39214706420898,1671.323496133089,7.981786898725417,0.6543504595756531,0.6673350526951254,0.7577613592147827,0.004936034962966437,0.008012627200780657,70.0,150.0,80.0,50.0,80.0,265.0,500.0,0.029014407196607146,0.17033615939255864,0.07522221021537773,8.628885811768692,0.9753904531784577,0.935804283951488,0.07522221021537773,0.15282678524041746,70.0,80.0,0.0,-70.0,70.0,160.0,10.0,10.0,160.0,80.0,80.0,360.0,310.0,310.0,280.0,200.0,200.0,180.0,500.0,85.0
E10B,sample_001049,samples/sample_001049.npz,sample_001049_prediction.npz,0.0032466230913996696,0.007630526553839445,0.6459722490551396,0.3121181262729124,0.47574699262708575,630,1947,3.0904761904761906,164.42838996648788,904.9369420856237,5.503532220135821,0.2609974443912506,0.5533235582094344,0.6772554516792297,0.1025095336041779,0.0026063745141429564,50.0,110.0,60.0,70.0,150.0,215.0,405.0,0.008266462866995703,0.09092009055756435,0.038129134410702155,4.655298266767172,0.9982470177358628,0.5853509873147065,0.038129134410702155,0.08253866958030225,50.0,60.0,0.0,-50.0,50.0,160.0,50.0,50.0,160.0,100.0,100.0,290.0,220.0,220.0,330.0,180.0,180.0,145.0,475.0,98.99494936611666
E10B,sample_001954,samples/sample_001954.npz,sample_001954_prediction.npz,0.0028239337261766195,0.00752840144559741,0.31934807472392834,0.06269592476489028,0.11799410029498525,140,2233,15.95,69.94698226451874,797.1378100812435,11.396314526718319,0.49962130188941956,0.47758710916553226,0.5691947340965271,0.008931732549476904,0.002815222846936973,80.0,100.0,20.0,100.0,70.0,400.0,495.0,0.007565793115751654,0.08698156767816762,0.03711916443459372,11.423689034270625,0.9694918539573385,0.5358543271215717,0.03711916443459372,0.078663592261155,80.0,20.0,0.0,-80.0,80.0,160.0,60.0,60.0,160.0,140.0,140.0,490.0,390.0,390.0,270.0,200.0,200.0,245.0,505.0,155.32224567009067
E10B,sample_001051,samples/sample_001051.npz,sample_001051_prediction.npz,0.011525147594511509,0.018491972237825394,0.31883019783938477,0.07755581668625147,0.14394765539803708,264,3404,12.893939393939394,169.32887077331543,1983.64906527102,11.714771711473691,0.64139723777771,0.7055664450833292,0.8021639585494995,0.007595015719789347,0.011535730906934497,40.0,80.0,40.0,110.0,60.0,165.0,520.0,0.043766040828932935,0.20920334803471224,0.09177525374830858,7.867302624971282,0.869368200338367,1.139545993587761,0.09177525374830858,0.1879982543226572,40.0,40.0,0.0,-40.0,40.0,160.0,80.0,80.0,160.0,120.0,120.0,290.0,180.0,180.0,260.0,200.0,200.0,145.0,510.0,22.360679774997898
E10B,sample_000519,samples/sample_000519.npz,sample_000519_prediction.npz,0.00635571638122201,0.01536865159869194,0.6377254256322039,0.2689075630252101,0.423841059602649,1152,4284,3.71875,485.49850845336914,1996.162706375122,4.111573303766078,0.42143967747688293,0.5996087145112041,0.6524900794029236,0.0326244979624521,0.0060442290306258395,70.0,130.0,60.0,160.0,120.0,190.0,260.0,0.02693270513759281,0.16411186775365397,0.07726742980615756,3.5861693749889225,0.9973210680293858,0.7958425247484389,0.07726742980615756,0.14478414771218334,70.0,60.0,0.0,-70.0,70.0,160.0,30.0,30.0,160.0,100.0,100.0,310.0,150.0,150.0,470.0,350.0,350.0,155.0,405.0,149.164338901763
E10B,sample_002133,samples/sample_002133.npz,sample_002133_prediction.npz,0.0024264466483145952,0.00500089256092906,0.5895355484733734,0.2945990180032733,0.45512010113780027,360,1222,3.3944444444444444,119.72476601600647,611.1301699876785,5.104459088322413,0.33256879448890686,0.5710214693513181,0.7537910342216492,0.06623187220413183,0.00219192537997372,20.0,80.0,60.0,120.0,50.0,250.0,245.0,0.0035958775379593116,0.059965636309133846,0.025397282247471713,2.664837320628401,0.9772821138365332,0.3906439098967698,0.025397282247471713,0.054321778251467154,20.0,60.0,0.0,-20.0,20.0,160.0,80.0,80.0,160.0,100.0,100.0,340.0,220.0,220.0,440.0,390.0,390.0,170.0,420.0,192.41881404893857
E10B,sample_000492,samples/sample_000492.npz,sample_000492_prediction.npz,0.001846551545895636,0.00467562535777688,0.571580177914871,0.2572741194486983,0.4092570036540804,336,1306,3.886904761904762,69.23460531234741,528.8570960462093,7.638623686237612,0.20605537295341492,0.4781037067018804,0.6312380433082581,0.08124739085502967,0.00157423100854334,30.0,90.0,60.0,40.0,140.0,390.0,410.0,0.003468270342454743,0.058892022740391105,0.023958835197237984,5.407982975491807,0.9929363399279434,0.40805141178277393,0.023958835197237984,0.05379818359802061,30.0,60.0,0.0,-30.0,30.0,160.0,70.0,70.0,160.0,100.0,100.0,440.0,400.0,400.0,320.0,180.0,180.0,220.0,480.0,183.84776310850236
E10B,sample_000901,samples/sample_000901.npz,sample_000901_prediction.npz,0.008715021423995495,0.015623052604496479,0.44167741674581834,0.1286587327114828,0.2279851809632374,400,3109,7.7725,387.03465461730957,1722.274041712284,4.449922044875353,0.9675866365432739,0.7168751239776612,0.7634615898132324,0.06338688190513246,0.008491651459159819,70.0,110.0,40.0,100.0,100.0,200.0,200.0,0.02449454029272189,0.1565073170580912,0.0685161086180049,3.747424144443421,0.9952212162679359,0.8577253696261087,0.0685161086180049,0.1407127682641758,70.0,40.0,0.0,-70.0,70.0,160.0,50.0,50.0,160.0,120.0,120.0,290.0,190.0,190.0,520.0,420.0,420.0,145.0,380.0,188.2153022471871
E10B,sample_000728,samples/sample_000728.npz,sample_000728_prediction.npz,0.004214671906083822,0.009065578691661358,0.45112288660860195,0.12942271880819367,0.2291838417147568,280,2146,7.664285714285715,104.24670338630676,993.0433047115803,9.525896478775564,0.3723096549510956,0.6073028484625476,0.7067586183547974,0.06386006532397108,0.004044298316877768,60.0,100.0,40.0,70.0,100.0,335.0,470.0,0.011789381836696167,0.10857891985416031,0.04594020585762092,8.516356722442065,0.9916920587463516,0.6745683095280439,0.04594020585762092,0.09838129559248335,60.0,40.0,0.0,-60.0,60.0,160.0,60.0,60.0,160.0,120.0,120.0,420.0,350.0,350.0,280.0,180.0,180.0,210.0,500.0,128.5496013218244
E10B,sample_000044,samples/sample_000044.npz,sample_000044_prediction.npz,0.008908946998417377,0.015745751559734344,0.5377555811543782,0.19895591647331787,0.331881954523464,686,3448,5.026239067055394,557.6774952411652,1987.4909535646439,3.563871539598639,0.8129409551620483,0.7268936912971753,0.767073929309845,0.008293966904738997,0.008913268652884667,70.0,140.0,70.0,70.0,140.0,275.0,260.0,0.029631410790908978,0.1721377668930005,0.07582108690182267,3.2697156500115385,0.9953798610586462,0.9062995886004854,0.07582108690182267,0.1545398769636343,70.0,70.0,0.0,-70.0,70.0,160.0,20.0,20.0,160.0,90.0,90.0,360.0,290.0,290.0,480.0,340.0,340.0,180.0,400.0,169.1892431568863
E10B,sample_000653,samples/sample_000653.npz,sample_000653_prediction.npz,0.003824991174042225,0.009533957578241825,0.1842686965225614,0.10199556541019955,0.1851106639839034,312,2670,8.557692307692308,65.11785006523132,982.1944732517004,15.083336938608912,0.20871105790138245,0.21312596037601814,0.5534693002700806,0.0074447229347575925,0.0038134662721218894,20.0,40.0,20.0,120.0,130.0,300.0,235.0,0.009664064417777358,0.09830597345928353,0.046778518231687834,6.986863007644536,0.8980932599146295,0.5437474593283278,0.046778518231687834,0.08646290909878644,20.0,20.0,0.0,-20.0,20.0,160.0,120.0,120.0,160.0,140.0,140.0,390.0,270.0,270.0,480.0,350.0,350.0,195.0,400.0,195.57607215607945
E10B,sample_001330,samples/sample_001330.npz,sample_001330_prediction.npz,0.008671130985021591,0.015512902289628983,0.6968521663633508,0.3782069760737965,0.5488391549884961,1320,3461,2.621969696969697,743.6322569847107,2243.7340882718563,3.0172629914815383,0.5633577704429626,0.7659030300875505,0.8067726492881775,0.05168917558649288,0.008085634257331166,50.0,130.0,80.0,150.0,110.0,365.0,405.0,0.03457288205266335,0.18593784459507792,0.08032131245722467,2.355239555567588,0.9932010532983583,0.9499942029790778,0.08032131245722467,0.1676942718694119,50.0,80.0,0.0,-50.0,50.0,160.0,30.0,30.0,160.0,80.0,80.0,470.0,320.0,320.0,330.0,220.0,220.0,235.0,475.0,147.648230602334
E10B,sample_000517,samples/sample_000517.npz,sample_000517_prediction.npz,0.005533393006771803,0.009763422422111034,0.333269967061346,0.08132530120481928,0.15041782729805014,162,1992,12.296296296296296,96.17286157608032,1053.3632400035858,10.952811663717549,0.5936596393585205,0.6520999874229785,0.7749285697937012,0.006860237063445242,0.0055312024541671915,50.0,70.0,20.0,90.0,90.0,235.0,195.0,0.013817875980304825,0.1175494618460877,0.04930321903524436,7.935571863419518,0.9814322339419244,0.7561370257688513,0.04930321903524436,0.10671020838264512,50.0,20.0,0.0,-50.0,50.0,160.0,90.0,90.0,160.0,140.0,140.0,320.0,230.0,230.0,510.0,420.0,420.0,160.0,385.0,204.26698215815497
E10B,sample_001265,samples/sample_001265.npz,sample_001265_prediction.npz,0.013696747832000256,0.022668644785881042,0.5479862105182336,0.21172022684310018,0.3494539781591264,1008,4761,4.723214285714286,680.8959245681763,2908.2071452885866,4.271147822088919,0.675491988658905,0.7671925251091284,0.8022332191467285,0.009437364614482347,0.013740874714296929,60.0,120.0,60.0,120.0,140.0,180.0,480.0,0.060476801640906325,0.24592031563273972,0.11351059142728398,3.455593386386964,0.9905482588523439,1.1524078805815767,0.11351059142728398,0.21815624509679876,60.0,60.0,0.0,-60.0,60.0,160.0,40.0,40.0,160.0,100.0,100.0,310.0,190.0,190.0,290.0,150.0,150.0,155.0,495.0,29.154759474226502
E10B,sample_001292,samples/sample_001292.npz,sample_001292_prediction.npz,0.00412913179025054,0.007861635647714138,0.5452110107484395,0.23337222870478413,0.3784295175023652,400,1714,4.285,147.53621816635132,920.3664081692696,6.2382404782229814,0.3688405454158783,0.6359872987866402,0.7557730078697205,0.07503629737315574,0.0038394312171608886,30.0,80.0,50.0,100.0,80.0,360.0,420.0,0.009005507290668843,0.09489735133642478,0.040127068096613684,3.7945368429110813,0.9832027574372347,0.5880157427292068,0.040127068096613684,0.0859960795422592,30.0,50.0,0.0,-30.0,30.0,160.0,80.0,80.0,160.0,110.0,110.0,440.0,340.0,340.0,300.0,220.0,220.0,220.0,490.0,156.52475842498527
E10B,sample_001298,samples/sample_001298.npz,sample_001298_prediction.npz,0.003759937360882759,0.007512640208005905,0.3686490704756844,0.11029825548677546,0.198682209832742,196,1777,9.066326530612244,110.08473920822144,837.3414695113897,7.606335587783767,0.5616568326950073,0.5485415181943348,0.6924021244049072,0.004151576917409729,0.0037591547772741858,50.0,70.0,20.0,70.0,140.0,235.0,210.0,0.00771443985262604,0.08783188403208735,0.03731141291384213,5.384776151446251,0.9944284890856453,0.5644301145174367,0.03731141291384213,0.07951288146582801,50.0,20.0,0.0,-50.0,50.0,160.0,90.0,90.0,160.0,140.0,140.0,300.0,230.0,230.0,510.0,370.0,370.0,150.0,385.0,194.5507645834372
E10B,sample_001513,samples/sample_001513.npz,sample_001513_prediction.npz,0.006179747637361288,0.013698847033083439,0.3719216572043669,0.0861573808156232,0.15864621893178213,300,3482,11.606666666666667,185.75980067253113,1504.9062647372484,8.101355940783929,0.6191993355751038,0.5757714828848839,0.6618262529373169,0.005076772832013784,0.0061831240607374965,80.0,130.0,50.0,50.0,120.0,355.0,490.0,0.021835178469040043,0.14776731190977266,0.0673464677010422,8.38287034367786,0.9894170066336531,0.7773473194807861,0.0673464677010422,0.13152806452325116,80.0,50.0,0.0,-80.0,80.0,160.0,30.0,30.0,160.0,110.0,110.0,450.0,400.0,400.0,280.0,160.0,160.0,225.0,500.0,130.38404810405297
E10B,sample_000392,samples/sample_000392.npz,sample_000392_prediction.npz,0.006331235636025667,0.011483528651297092,0.33815273679650387,0.0801068090787717,0.14833127317676142,180,2247,12.483333333333333,178.24459075927734,1189.247329428792,6.671996745387313,0.9902477264404297,0.6628197242816289,0.7370432615280151,0.10864095885084037,0.006143557542278154,50.0,90.0,40.0,50.0,90.0,175.0,355.0,0.01452144179803767,0.12050494511860362,0.052016547522959464,4.79198135204728,0.9696828197757764,0.7214779337232913,0.052016547522959464,0.10870014067069725,50.0,40.0,0.0,-50.0,50.0,160.0,70.0,70.0,160.0,120.0,120.0,280.0,230.0,230.0,370.0,280.0,280.0,140.0,455.0,105.94810050208545
E10B,sample_001800,samples/sample_001800.npz,sample_001800_prediction.npz,0.004479438066482544,0.007528753485530615,0.5046555203760634,0.24168236032642812,0.38928210313447925,390,1588,4.0717948717948715,191.56806975603104,921.6736400127411,4.811207009532049,0.49120017886161804,0.6212662459183962,0.7960402369499207,0.031602766536640306,0.004371403209117311,20.0,70.0,50.0,60.0,130.0,210.0,405.0,0.007562914830795757,0.08696502073130183,0.03727000422349115,2.329885100549794,0.9568784434116439,0.5874912545131908,0.03727000422349115,0.0785739245295582,20.0,50.0,0.0,-20.0,20.0,160.0,90.0,90.0,160.0,110.0,110.0,290.0,230.0,230.0,310.0,180.0,180.0,145.0,485.0,103.07764064044152
E10B,sample_002073,samples/sample_002073.npz,sample_002073_prediction.npz,0.0020995393861085176,0.007104251068085432,0.45985402208331294,0.150390625,0.2614601018675722,385,2560,6.64935064935065,95.07418975234032,792.714662104845,8.337853461278979,0.24694594740867615,0.3765004664272457,0.49639517068862915,0.0202900712856951,0.002028017412241764,80.0,130.0,50.0,70.0,110.0,395.0,165.0,0.006530277323871729,0.08081013131948078,0.03572131539083434,8.962025531553902,0.9770687704384153,0.46190051496713114,0.03572131539083434,0.07248630871150959,80.0,50.0,0.0,-80.0,80.0,160.0,30.0,30.0,160.0,110.0,110.0,480.0,410.0,410.0,550.0,440.0,440.0,240.0,365.0,253.03161857759991
E10B,sample_000911,samples/sample_000911.npz,sample_000911_prediction.npz,0.006544953677803278,0.012656312435865402,0.5138170033069029,0.20373134328358208,0.33849969001859886,546,2680,4.908424908424909,161.15512830018997,1405.3212430626154,8.720301102952606,0.29515591263771057,0.6256982601169265,0.7613620162010193,0.11433858658545586,0.005942902754409073,30.0,90.0,60.0,70.0,130.0,465.0,325.0,0.020012672237964785,0.14146615226959694,0.06364834851084755,5.657800730234232,0.9632965223601954,0.7686461795156585,0.06364834851084755,0.12633906747244292,30.0,60.0,0.0,-30.0,30.0,160.0,70.0,70.0,160.0,100.0,100.0,520.0,450.0,450.0,410.0,280.0,280.0,260.0,435.0,232.64780248263682
E10B,sample_000923,samples/sample_000923.npz,sample_000923_prediction.npz,0.0018923758761957288,0.005657650530338287,0.3696937217941619,0.09260244811069718,0.16950803701899658,195,1858,9.528205128205128,79.86865639686584,613.0518464893103,7.675750089535339,0.40958285331726074,0.39132718398020816,0.5007082223892212,0.021778143505448055,0.0018528513301422466,80.0,110.0,30.0,50.0,130.0,295.0,465.0,0.004189521243585515,0.06472651113404394,0.02745651364390713,7.885971330596579,0.982970581494962,0.4173679701124582,0.02745651364390713,0.05861451272600888,80.0,30.0,0.0,-80.0,80.0,160.0,50.0,50.0,160.0,130.0,130.0,370.0,320.0,320.0,280.0,150.0,150.0,185.0,500.0,115.43396380615195
E10B,sample_000595,samples/sample_000595.npz,sample_000595_prediction.npz,0.00601160665974021,0.010297426022589207,0.6168585825842351,0.27979274611398963,0.43724696356275305,648,2316,3.574074074074074,405.7768020629883,1412.8241064548492,3.4817764329355088,0.6261987686157227,0.7485716180117042,0.8012045621871948,0.018776802253314476,0.0059269023923196155,40.0,100.0,60.0,120.0,90.0,190.0,245.0,0.014809439832178962,0.12169404189268661,0.05187751707438476,2.2181752750503514,0.9920588684977062,0.7186230568473118,0.05187751707438476,0.11008252837928405,40.0,60.0,0.0,-40.0,40.0,160.0,60.0,60.0,160.0,100.0,100.0,290.0,170.0,170.0,460.0,370.0,370.0,145.0,410.0,171.0263137648707
E10B,sample_001302,samples/sample_001302.npz,sample_001302_prediction.npz,0.014555620960891247,0.023635247722268105,0.44031787780441156,0.12965821389195148,0.2295529962912356,588,4535,7.712585034013605,388.9803864955902,2712.413095280528,6.973135894375687,0.6615312695503235,0.7742739205254989,0.8029295206069946,0.0134595472365646,0.014562217652273654,60.0,120.0,60.0,70.0,140.0,525.0,280.0,0.0658331545467941,0.25657972356909675,0.11848247857020042,6.122561533229944,0.9581930260661762,1.2555874210631224,0.11848247857020042,0.2275852737297739,60.0,60.0,0.0,-60.0,60.0,160.0,40.0,40.0,160.0,100.0,100.0,590.0,520.0,520.0,480.0,340.0,340.0,295.0,400.0,259.42243542145695
E10B,sample_001319,samples/sample_001319.npz,sample_001319_prediction.npz,0.0029455460608005524,0.005047458689659834,0.3804458894997638,0.14111006585136407,0.247320692497939,150,1063,7.086666666666667,78.23321521282196,570.0821798443794,7.286958337242751,0.5215547680854797,0.5741596442461013,0.7790560722351074,0.009260947178324432,0.0029358946453009946,20.0,50.0,30.0,50.0,100.0,295.0,360.0,0.003959359781348848,0.06292344381348534,0.025759910627762898,3.2750889383168493,0.9398555002219942,0.4374034824785832,0.025759910627762898,0.05740894343043178,20.0,30.0,0.0,-20.0,20.0,160.0,110.0,110.0,160.0,130.0,130.0,360.0,310.0,310.0,340.0,240.0,240.0,180.0,470.0,159.13830462839547
E10B,sample_002162,samples/sample_002162.npz,sample_002162_prediction.npz,0.008911965414881706,0.016087938100099564,0.45455408114945656,0.17392657125077784,0.29631592896899017,560,3213,5.7375,161.06433391571045,1741.4384671747684,10.812067605768716,0.2876148819923401,0.6233133314443486,0.7689347267150879,0.12390456326652222,0.008253143465211313,30.0,100.0,70.0,100.0,80.0,170.0,140.0,0.03170619347124292,0.17806233029824955,0.07936749354487968,7.328880290728246,0.8895154872592529,0.9736262409542031,0.07936749354487968,0.15939571650344433,30.0,70.0,0.0,-30.0,30.0,160.0,60.0,60.0,160.0,90.0,90.0,290.0,190.0,190.0,560.0,480.0,480.0,145.0,360.0,221.41589825484527
E10B,sample_001201,samples/sample_001201.npz,sample_001201_prediction.npz,0.0016141710802912712,0.0045977309346199036,0.28412703340304124,0.0573025856044724,0.10839391936549901,84,1429,17.011904761904763,47.15975260734558,473.1598275452852,10.033127855543205,0.5614256262779236,0.40681097195262,0.5188102722167969,0.03427290970620027,0.001586240550434853,70.0,90.0,20.0,60.0,70.0,270.0,175.0,0.0027621530702880356,0.0525561896477288,0.021879825281674228,8.959245601970327,0.9562102378620576,0.3682371098239946,0.021879825281674228,0.04778521022169354,70.0,20.0,0.0,-70.0,70.0,160.0,70.0,70.0,160.0,140.0,140.0,350.0,290.0,290.0,510.0,440.0,440.0,175.0,385.0,230.4886114323222
E10B,sample_000860,samples/sample_000860.npz,sample_000860_prediction.npz,0.008153279311954975,0.014867249876260757,0.37262902638469364,0.20796719390743995,0.3443258971871969,720,3404,4.727777777777778,286.3914728164673,1715.0960081666708,5.988642019609929,0.3977659344673157,0.43396383637769353,0.7132565379142761,0.0104333769889855,0.008136456348495948,20.0,50.0,30.0,160.0,150.0,230.0,285.0,0.020168563905884937,0.1420160691819237,0.0716296427178977,2.7563120028218213,0.9746995222396403,0.7056637057552526,0.0716296427178977,0.12262853742090891,20.0,30.0,0.0,-20.0,20.0,160.0,110.0,110.0,160.0,130.0,130.0,350.0,190.0,190.0,440.0,290.0,290.0,175.0,420.0,145.7737973711325
E10B,sample_001867,samples/sample_001867.npz,sample_001867_prediction.npz,0.0017060210229828954,0.0049980576150119305,0.47071225096180014,0.14391143911439114,0.25161290322580643,234,1626,6.948717948717949,69.58212214708328,560.911183282733,8.061139355552768,0.29735949635505676,0.44683348750456786,0.5254305005073547,0.023962163068440127,0.0016529166748809495,60.0,90.0,30.0,60.0,130.0,330.0,315.0,0.003310172061449162,0.0575340947738744,0.025295694903779146,6.547483970757688,0.9988712571811595,0.38040082499316086,0.025295694903779146,0.051674944419748375,60.0,30.0,0.0,-60.0,60.0,160.0,70.0,70.0,160.0,130.0,130.0,390.0,330.0,330.0,420.0,290.0,290.0,195.0,430.0,177.341478509682
E10B,sample_000363,samples/sample_000363.npz,sample_000363_prediction.npz,0.0005444584530778229,0.0019085519015789032,0.33852300318986983,0.060240963855421686,0.11363636363636363,40,664,16.6,32.65535354614258,185.92253316938877,5.693477882781977,0.8163838386535645,0.3869950853288174,0.41196393966674805,0.1852547200041532,0.0004692690450974617,80.0,100.0,20.0,40.0,50.0,260.0,325.0,0.00047281608117865904,0.02174433446161687,0.008149101834828018,5.884898109969101,0.9837610513520153,0.1854593461799908,0.008149101834828018,0.020159568955319004,80.0,20.0,0.0,-80.0,80.0,160.0,60.0,60.0,160.0,140.0,140.0,300.0,260.0,260.0,360.0,310.0,310.0,150.0,460.0,174.14074767268
E10B,sample_000263,samples/sample_000263.npz,sample_000263_prediction.npz,0.004485153593122959,0.007993029430508614,0.38083272438541216,0.11673872760963558,0.20907079646017698,189,1619,8.566137566137566,76.96506553888321,862.7118171453476,11.209135094018732,0.40722256898880005,0.6266482019865954,0.7774524092674255,0.05165260819148973,0.0043942944997086815,30.0,60.0,30.0,70.0,90.0,225.0,195.0,0.00962413673606194,0.0981026846526737,0.0405292400345767,6.368339034099808,0.9551024204335814,0.643824817015032,0.0405292400345767,0.08933933869400201,30.0,30.0,0.0,-30.0,30.0,160.0,100.0,100.0,160.0,130.0,130.0,300.0,230.0,230.0,510.0,420.0,420.0,150.0,385.0,204.26698215815497
E10B,sample_000442,samples/sample_000442.npz,sample_000442_prediction.npz,0.004009563941508532,0.008147802203893661,0.2421530253779986,0.05875706214689266,0.11099252934898612,104,1770,17.01923076923077,94.6843991279602,805.7002414166927,8.509324121367005,0.910426914691925,0.4779956409564385,0.6797998547554016,0.18898979580360092,0.0038136584524159256,30.0,50.0,20.0,130.0,40.0,385.0,210.0,0.006697549779878524,0.08183855924855059,0.03635837043540014,4.106706600220647,0.9287382361902311,0.48850732767068017,0.03635837043540014,0.0733186107285234,30.0,20.0,0.0,-30.0,30.0,160.0,110.0,110.0,160.0,140.0,140.0,480.0,350.0,350.0,470.0,430.0,430.0,240.0,405.0,243.00205760445732
E10B,sample_001230,samples/sample_001230.npz,sample_001230_prediction.npz,0.009086358360946178,0.015324798412621021,0.4438625003304871,0.2196774193548387,0.3602221634488231,704,3077,4.370738636363637,288.421838760376,1767.7182644605637,6.128933481799217,0.40969011187553406,0.5626821776174686,0.7859024405479431,0.04671966036030409,0.008814904925761787,20.0,60.0,40.0,110.0,160.0,475.0,420.0,0.02574870853437378,0.1604640412502869,0.07418829537520161,3.0625033600801843,0.9443963082701774,0.8196677134531594,0.07418829537520161,0.14228424144540963,20.0,40.0,0.0,-20.0,20.0,160.0,100.0,100.0,160.0,120.0,120.0,550.0,440.0,440.0,310.0,150.0,150.0,275.0,485.0,210.2974084481309
E10B,sample_001272,samples/sample_001272.npz,sample_001272_prediction.npz,0.007521198596805334,0.0160675011575222,0.440230045329318,0.1285140562248996,0.2277580071174377,480,3735,7.78125,406.4982604980469,1752.720792233944,4.311754717194824,0.8468713760375977,0.6038745189085603,0.6998571753501892,0.06049775643252548,0.00726125476367302,80.0,130.0,50.0,60.0,160.0,320.0,200.0,0.023261977288952882,0.15251877684060045,0.06987553542613448,4.059437468298481,0.9954831691183362,0.7710204064333885,0.06987553542613448,0.13557059724683634,80.0,50.0,0.0,-80.0,80.0,160.0,30.0,30.0,160.0,110.0,110.0,410.0,350.0,350.0,540.0,380.0,380.0,205.0,370.0,205.24375751773792
E10B,sample_001600,samples/sample_001600.npz,sample_001600_prediction.npz,0.006738018710166216,0.014121211133897305,0.5446860025019293,0.19963031423290203,0.33281972265023113,756,3787,5.0092592592592595,485.2165160179138,1828.851741194725,3.769145692326774,0.6418207883834839,0.6151740718140173,0.6748618483543396,0.002072941934069845,0.00677417380911036,80.0,150.0,70.0,120.0,90.0,380.0,275.0,0.024257913490715925,0.15574952163880287,0.07082079121256546,3.6921128021101017,0.9940564279488029,0.8021601162812697,0.07082079121256546,0.1387167222174102,80.0,70.0,0.0,-80.0,80.0,160.0,10.0,10.0,160.0,90.0,90.0,490.0,370.0,370.0,450.0,360.0,360.0,245.0,415.0,194.48650338776724
E10B,sample_000593,samples/sample_000593.npz,sample_000593_prediction.npz,0.007273368537425995,0.013484440743923187,0.6742303351212817,0.31605663905957787,0.48030856678846934,1183,3743,3.163989856297549,860.1984516978264,2144.597393259406,2.493142587069859,0.7271330952644348,0.7186791941158266,0.7698715329170227,0.002944195163329566,0.007326101283099191,70.0,140.0,70.0,130.0,130.0,225.0,205.0,0.025573720156736274,0.15991785440261597,0.06822538672873137,2.0193838767405943,0.9936380854533474,0.8318763260220201,0.06822538672873137,0.14463407884192203,70.0,70.0,0.0,-70.0,70.0,160.0,20.0,20.0,160.0,90.0,90.0,320.0,190.0,190.0,530.0,400.0,400.0,160.0,375.0,182.00274723201295
E10B,sample_000367,samples/sample_000367.npz,sample_000367_prediction.npz,0.005248599220067263,0.013662527315318584,0.12527691613404904,0.01686429512516469,0.033169214822492875,64,3795,59.296875,18.23250961303711,1360.880424156785,74.64032396196797,0.28488296270370483,0.3657259587198496,0.5549891591072083,0.008553105947027934,0.005246446708199784,40.0,60.0,20.0,40.0,80.0,310.0,490.0,0.020285038797246278,0.14242555528150935,0.06855681370552623,40.84654065304349,0.7840918083959431,0.7028700765263278,0.06855681370552623,0.1248399058466164,40.0,20.0,0.0,-40.0,40.0,160.0,100.0,100.0,160.0,140.0,140.0,440.0,400.0,400.0,310.0,230.0,230.0,220.0,485.0,90.13878188659973
E10B,sample_000985,samples/sample_000985.npz,sample_000985_prediction.npz,0.009703065268695354,0.015966901555657387,0.603576198037433,0.29521424596549806,0.45585392051557466,1078,3577,3.3181818181818183,707.4556195735931,2232.6500873714685,3.155887133552152,0.6562668085098267,0.7210567296104219,0.806902289390564,0.01868595304307454,0.009603467077111362,30.0,100.0,70.0,110.0,140.0,475.0,280.0,0.027413731628393705,0.1655709262775132,0.07800727813232457,1.683951993839638,0.9648298244112806,0.8654760223330169,0.07800727813232457,0.14604313125505036,30.0,70.0,0.0,-30.0,30.0,160.0,60.0,60.0,160.0,90.0,90.0,550.0,440.0,440.0,470.0,330.0,330.0,275.0,405.0,235.8495283014151
E10B,sample_000252,samples/sample_000252.npz,sample_000252_prediction.npz,0.0009179357439279556,0.002766879042610526,0.33448893613557357,0.11307053941908714,0.2031686859273066,120,953,7.941666666666666,49.82417106628418,295.8578908890486,5.938039400504034,0.41520142555236816,0.30702823400497437,0.509792685508728,0.021546808051006023,0.0008927232127694555,40.0,60.0,20.0,150.0,40.0,285.0,330.0,0.0008986551704108646,0.02997757779425924,0.012742263474245123,3.488230123174481,0.9790942501269695,0.21804288395825355,0.012742263474245123,0.0271346621862846,40.0,20.0,0.0,-40.0,40.0,160.0,100.0,100.0,160.0,140.0,140.0,370.0,220.0,220.0,360.0,320.0,320.0,185.0,460.0,164.01219466856725
E10B,sample_000452,samples/sample_000452.npz,sample_000452_prediction.npz,0.007086722645908594,0.012353722006082535,0.5122258258923665,0.19779383796120198,0.33026357573832965,520,2629,5.055769230769231,301.9148325920105,1509.2369659245014,4.998883138557135,0.5806054472923279,0.693813073520477,0.781441867351532,0.01845401835146968,0.0070262735427418024,50.0,90.0,40.0,130.0,100.0,245.0,400.0,0.02018291594924625,0.14206658984168744,0.06239678837730872,3.606351347215197,0.9934518788261906,0.7984941836268464,0.06239678837730872,0.12763054786940156,50.0,40.0,0.0,-50.0,50.0,160.0,70.0,70.0,160.0,120.0,120.0,350.0,220.0,220.0,310.0,210.0,210.0,175.0,485.0,110.11357772772621
E10B,sample_001622,samples/sample_001622.npz,sample_001622_prediction.npz,0.007469824980944395,0.01443451177328825,0.6139488218592,0.305537873965627,0.4680643588493418,960,3142,3.2729166666666667,321.500244140625,1738.2964278161526,5.4068277069668955,0.3348960876464844,0.6444174706315001,0.770057201385498,0.10350509400026642,0.006522731505008667,30.0,110.0,80.0,80.0,150.0,170.0,295.0,0.02447744682868063,0.15645269837455866,0.07220163952243416,3.6027281653047383,0.9657085665258891,0.8324374195982678,0.07220163952243416,0.13879614576404167,30.0,80.0,0.0,-30.0,30.0,160.0,50.0,50.0,160.0,80.0,80.0,270.0,190.0,190.0,440.0,290.0,290.0,135.0,420.0,129.80754985747168
E10B,sample_001585,samples/sample_001585.npz,sample_001585_prediction.npz,0.005099232774227858,0.008750036358833313,0.2832280884598699,0.06447761194029851,0.12114413909141895,108,1675,15.50925925925926,87.97479701042175,910.086525529623,10.344855077321878,0.8145814538002014,0.6384153813123703,0.780691921710968,0.03353945388037317,0.005067952822699516,30.0,60.0,30.0,60.0,60.0,420.0,460.0,0.01098047395448222,0.10478775670125885,0.04272033696679267,5.5970375243927375,0.9106851961644217,0.6572150751018823,0.04272033696679267,0.09568409880395963,30.0,30.0,0.0,-30.0,30.0,160.0,100.0,100.0,160.0,130.0,130.0,480.0,420.0,420.0,280.0,220.0,220.0,240.0,500.0,184.39088914585776
E10B,sample_000222,samples/sample_000222.npz,sample_000222_prediction.npz,0.011624584905803204,0.01852625049650669,0.5575544282058887,0.22662889518413598,0.3695150115473441,880,3883,4.4125,741.6331243515015,2443.068136021495,3.294173434011273,0.8427649140357971,0.7747141029347073,0.805112898349762,0.006184753640756688,0.011673721217656955,60.0,110.0,50.0,160.0,110.0,470.0,245.0,0.039340372465839595,0.19834407595347936,0.08841014662211959,2.474311848096212,0.9947803589205961,0.9783021724663499,0.08841014662211959,0.17755004488902537,60.0,50.0,0.0,-60.0,60.0,160.0,50.0,50.0,160.0,110.0,110.0,580.0,420.0,420.0,490.0,380.0,380.0,290.0,395.0,234.30749027719963
E10B,sample_001459,samples/sample_001459.npz,sample_001459_prediction.npz,0.004808492958545685,0.00929342769086361,0.2460657894233041,0.04522613065326633,0.08653846153846154,90,1990,22.11111111111111,68.3198869228363,950.4598376303911,13.911905895041736,0.7591098546981812,0.5844366285536025,0.7260743379592896,0.036288089802744,0.0047796460588284545,50.0,70.0,20.0,50.0,90.0,295.0,495.0,0.01167995789397055,0.10807385388691637,0.045349456078893055,9.898256097577688,0.9511013835515854,0.6829844474640301,0.045349456078893055,0.09809885181447893,50.0,20.0,0.0,-50.0,50.0,160.0,90.0,90.0,160.0,140.0,140.0,370.0,320.0,320.0,260.0,170.0,170.0,185.0,510.0,111.01801655587259
E10B,sample_001967,samples/sample_001967.npz,sample_001967_prediction.npz,0.01601361483335495,0.026900870725512505,0.08322890288161522,0.014757122361139578,0.029085033326600687,72,4879,67.76388888888889,34.3732488155365,2667.8707622736692,77.6147397818215,0.47740623354911804,0.40858836596210796,0.7701238393783569,0.010228734323365265,0.016017856581074248,20.0,40.0,20.0,90.0,40.0,195.0,120.0,0.07765451676593105,0.2786656002558103,0.1345112466124169,28.693603922923472,0.5015642627307605,1.3272515436065206,0.1345112466124169,0.24405171849570045,20.0,20.0,0.0,-20.0,20.0,160.0,120.0,120.0,160.0,140.0,140.0,400.0,310.0,310.0,560.0,520.0,520.0,200.0,360.0,240.05207768315609
E10B,sample_001694,samples/sample_001694.npz,sample_001694_prediction.npz,0.00639992905780673,0.010818608105182648,0.46665108288907214,0.14583333333333334,0.2545454545454545,315,2160,6.857142857142857,200.4263225197792,1263.9387656897306,6.306251343632761,0.6362740397453308,0.748538801594386,0.7986481785774231,0.01353088413700731,0.006377005662407514,50.0,100.0,50.0,90.0,70.0,305.0,215.0,0.017233566322403183,0.13127667851679972,0.055453673900245574,4.968916682029714,0.9933055041626083,0.8028727700244975,0.055453673900245574,0.11898931201317371,50.0,50.0,0.0,-50.0,50.0,160.0,60.0,60.0,160.0,110.0,110.0,400.0,310.0,310.0,490.0,420.0,420.0,200.0,395.0,208.38665984174708
E10B,sample_001125,samples/sample_001125.npz,sample_001125_prediction.npz,0.005476636346429586,0.011107412166893482,0.23175840144064855,0.03971865949524204,0.07640270592916833,96,2417,25.177083333333332,81.36629676818848,1119.0468810796738,13.75319911962841,0.8475655913352966,0.5651575323815147,0.697140097618103,0.08115336753512195,0.005402661002449819,60.0,80.0,20.0,80.0,60.0,450.0,180.0,0.014778777387461304,0.12156799491420965,0.052822347169755125,10.696861478338564,0.9303592732878049,0.7221553259673236,0.052822347169755125,0.1094923605871166,60.0,20.0,0.0,-60.0,60.0,160.0,80.0,80.0,160.0,140.0,140.0,520.0,440.0,440.0,510.0,450.0,450.0,260.0,385.0,279.5084971874737
E10B,sample_001461,samples/sample_001461.npz,sample_001461_prediction.npz,0.0027231185231357813,0.00565401092171669,0.5989589542914058,0.23494860499265785,0.380499405469679,320,1362,4.25625,154.81274604797363,709.2124394327402,4.581098504724981,0.4837898313999176,0.6722939605824649,0.7332068085670471,0.03954914715088185,0.002602850631881089,40.0,120.0,80.0,50.0,80.0,365.0,240.0,0.00552491380291239,0.07432976390997344,0.029224926367259964,3.662369753843463,0.9956461192243674,0.521361890140419,0.029224926367259964,0.06834337920925934,40.0,80.0,0.0,-40.0,40.0,160.0,40.0,40.0,160.0,80.0,80.0,420.0,370.0,370.0,460.0,380.0,380.0,210.0,410.0,230.05434140654683
E10C,sample_000796,samples/sample_000796.npz,sample_000796_prediction.npz,0.004957520868629217,0.01426079124212265,0.45510785188192465,0.1567261645624728,0.27098231087692887,720,4594,6.3805555555555555,233.237042427063,1635.129896171391,7.0105926535349665,0.32394033670425415,0.42452527748213875,0.5383378267288208,0.01156343177301404,0.004908780848911336,40.0,70.0,30.0,150.0,160.0,175.0,170.0,0.021141097978196882,0.14539978671991538,0.06921335950374442,4.431805151653067,0.9877360213980604,0.6756449080534809,0.06921335950374442,0.12786949927329158,40.0,30.0,20.0,-20.0,20.0,160.0,90.0,90.0,140.0,110.0,110.0,250.0,100.0,100.0,210.0,50.0,50.0,195.0,175.0,20.615528128088304
E10C,sample_001763,samples/sample_001763.npz,sample_001763_prediction.npz,0.0075811720453202724,0.013577374629676342,0.38110443455605736,0.1053027453930049,0.1905410003402518,280,2659,9.496428571428572,142.34578132629395,1476.6957322061062,10.374004192095665,0.5083777904510498,0.675339438021183,0.7317367792129517,0.030293031676466922,0.00751629654995416,40.0,110.0,70.0,80.0,50.0,510.0,495.0,0.02495668803368134,0.15797685917146645,0.06645286489810101,8.059814436387661,0.9407711888846404,0.9210902484530714,0.06645286489810101,0.14332028740034009,40.0,70.0,20.0,-20.0,20.0,160.0,50.0,50.0,140.0,70.0,70.0,170.0,90.0,90.0,180.0,130.0,130.0,485.0,480.0,29.154759474226502
E10C,sample_000998,samples/sample_000998.npz,sample_000998_prediction.npz,0.0026978470850735903,0.008813554421067238,0.427590521438155,0.14111178985949907,0.24732334047109208,462,3274,7.086580086580087,163.88124418258667,1020.9285694211721,6.229685248689683,0.3547213077545166,0.36285146096826115,0.4414706230163574,0.001117598268025995,0.0027053089145824484,80.0,110.0,30.0,110.0,140.0,235.0,380.0,0.010397514120190455,0.10196820151493531,0.04485944129561265,6.265087111395923,0.9937230497877457,0.5634209518993173,0.04485944129561265,0.09157043544089945,80.0,30.0,20.0,-60.0,60.0,160.0,50.0,50.0,140.0,110.0,110.0,170.0,60.0,60.0,180.0,40.0,40.0,235.0,380.0,0.0
E10C,sample_001629,samples/sample_001629.npz,sample_001629_prediction.npz,0.0056258332915604115,0.011777396313846111,0.4571154280064467,0.1691842900302115,0.28940568475452194,504,2979,5.910714285714286,287.289128780365,1414.1041506007314,4.922233419009134,0.5700181126594543,0.5447392475510401,0.6265777945518494,0.0021850944567682637,0.0056435647763269535,70.0,130.0,60.0,60.0,140.0,440.0,210.0,0.018730428407889268,0.13685915536744067,0.058344995769738624,4.83996376655562,0.9859006952988556,0.7671055964984987,0.058344995769738624,0.12379939368396943,70.0,60.0,20.0,-50.0,50.0,160.0,30.0,30.0,140.0,80.0,80.0,160.0,100.0,100.0,200.0,60.0,60.0,430.0,200.0,14.142135623730951
E10C,sample_001922,samples/sample_001922.npz,sample_001922_prediction.npz,0.012793108820915222,0.0170793067663908,0.5484838247914462,0.2494180246092451,0.3992547245142401,750,3007,4.009333333333333,600.9497344493866,2278.058940961957,3.7907645354884845,0.8012663125991821,0.8592248505751292,0.8840224742889404,0.004063597529516742,0.012860221861256137,60.0,110.0,50.0,150.0,100.0,455.0,270.0,0.03977317577686164,0.19943213326056972,0.08644554734586624,3.0218644215734702,0.9955719557253699,1.1041410030215522,0.08644554734586624,0.17972296214155617,60.0,50.0,20.0,-40.0,40.0,160.0,50.0,50.0,140.0,90.0,90.0,210.0,60.0,60.0,150.0,50.0,50.0,455.0,265.0,5.0
E10C,sample_001409,samples/sample_001409.npz,sample_001409_prediction.npz,0.007682595867663622,0.010289584286510944,0.42058486158779695,0.13683567501527183,0.24073078989790436,224,1637,7.308035714285714,206.4456329345703,1188.581166639924,5.757356790475805,0.9216322898864746,0.8560703918337822,0.8834021687507629,0.005092567323674928,0.007688510792946167,20.0,90.0,70.0,40.0,80.0,480.0,290.0,0.01644370854864217,0.128233024407296,0.05157539002047352,3.266444390120621,0.9061772991555271,0.8823085175143774,0.05157539002047352,0.1174039509253339,20.0,70.0,20.0,0.0,0.0,160.0,70.0,70.0,140.0,70.0,70.0,150.0,110.0,110.0,140.0,60.0,60.0,455.0,280.0,26.92582403567252
E10C,sample_000992,samples/sample_000992.npz,sample_000992_prediction.npz,0.004837155807763338,0.008399298414587975,0.6832914187632687,0.37448559670781895,0.5449101796407185,728,1944,2.67032967032967,443.7051453590393,1269.1241308450699,2.860287161687328,0.6094850897789001,0.7505477387662772,0.8337413668632507,0.022313689038447816,0.004706766125209748,20.0,100.0,80.0,70.0,130.0,395.0,215.0,0.009022070209068624,0.09498457879607944,0.04247591187842745,1.3360318477344337,0.9779657596994457,0.5348064844425581,0.04247591187842745,0.08495803151653579,20.0,80.0,20.0,0.0,0.0,160.0,60.0,60.0,140.0,60.0,60.0,120.0,50.0,50.0,180.0,50.0,50.0,390.0,210.0,7.0710678118654755
E10C,sample_002128,samples/sample_002128.npz,sample_002128_prediction.npz,0.002068644855171442,0.004635831341147423,0.5174850411038511,0.18363939899833054,0.31029619181946405,220,1198,5.445454545454545,101.6027420759201,557.3235309571028,5.485319781435197,0.46183064579963684,0.5793745628812096,0.651995837688446,0.01485109209201714,0.0020399741230004817,60.0,100.0,40.0,50.0,110.0,295.0,285.0,0.003936861334098383,0.06274441277196229,0.024133093272687815,5.033181663438727,0.9934576172938075,0.4782353867427309,0.024133093272687815,0.057917658302025075,60.0,40.0,20.0,-40.0,40.0,160.0,60.0,60.0,140.0,100.0,100.0,90.0,40.0,40.0,140.0,30.0,30.0,295.0,280.0,5.0
E10C,sample_001888,samples/sample_001888.npz,sample_001888_prediction.npz,0.009350797161459923,0.0139766288921237,0.4306735726394875,0.15168539325842698,0.2634146341463415,378,2492,6.592592592592593,311.36883294582367,1630.32238201797,5.235984496565321,0.8237270712852478,0.7509693284198721,0.832348644733429,0.007267727488841951,0.009358838253848232,70.0,140.0,70.0,90.0,60.0,355.0,480.0,0.027411648509524458,0.1655646354434559,0.06870223107830176,5.460161592056587,0.9815205700509644,1.0196577186492872,0.06870223107830176,0.1506374852232607,70.0,70.0,20.0,-50.0,50.0,160.0,20.0,20.0,140.0,70.0,70.0,310.0,220.0,220.0,420.0,360.0,360.0,285.0,350.0,147.648230602334
E10C,sample_001536,samples/sample_001536.npz,sample_001536_prediction.npz,0.008266397751867771,0.011442088522017002,0.4319263653104006,0.14675052410901468,0.25594149908592323,280,1908,6.814285714285714,223.28286409378052,1347.468492552638,6.034804766686847,0.7974388003349304,0.8219030605895179,0.8578730821609497,0.000955650712841738,0.00828728074025537,40.0,80.0,40.0,70.0,100.0,455.0,380.0,0.018592061974889964,0.13635271165213386,0.057601645345825486,3.875120952338902,0.9767041605747661,0.8581782794958173,0.057601645345825486,0.12358848016034386,40.0,40.0,20.0,-20.0,20.0,160.0,80.0,80.0,140.0,100.0,100.0,140.0,70.0,70.0,130.0,30.0,30.0,440.0,375.0,15.811388300841896
E10C,sample_000503,samples/sample_000503.npz,sample_000503_prediction.npz,0.0026030794251710176,0.007666492834687233,0.24850644548776596,0.03870967741935484,0.07453416149068323,90,2325,25.833333333333332,83.0135428905487,745.4117472171783,8.97939927946438,0.9223726987838745,0.41543523404333327,0.520472526550293,0.2598353274456714,0.0023673605785543045,70.0,90.0,20.0,90.0,50.0,415.0,505.0,0.006703926808482436,0.08187751100566282,0.0340217472076021,8.001691047380216,0.9825664822181943,0.5090633686306953,0.0340217472076021,0.07447447566397802,70.0,20.0,20.0,-50.0,50.0,160.0,70.0,70.0,140.0,120.0,120.0,370.0,280.0,280.0,410.0,360.0,360.0,325.0,355.0,174.92855684535903
E10C,sample_001208,samples/sample_001208.npz,sample_001208_prediction.npz,0.0021713783498853445,0.004460556898266077,0.4438563266859967,0.1601423487544484,0.27607361963190186,180,1124,6.2444444444444445,107.92141556739807,525.1697260439396,4.866223476432864,0.5995634198188782,0.5410998053020901,0.7018914222717285,0.004901412187976195,0.002166370305681283,20.0,70.0,50.0,40.0,90.0,250.0,475.0,0.0025660675362986587,0.05065636718418188,0.021383812268448488,2.1782858563944365,0.9351766420492638,0.3500530216502097,0.021383812268448488,0.04592167363202707,20.0,50.0,20.0,0.0,0.0,160.0,90.0,90.0,140.0,90.0,90.0,90.0,50.0,50.0,170.0,80.0,80.0,255.0,465.0,11.180339887498949
E10C,sample_000155,samples/sample_000155.npz,sample_000155_prediction.npz,0.00171432935167104,0.0050057657063007355,0.4709368132368647,0.14625228519195613,0.2551834130781499,240,1641,6.8375,82.30671644210815,574.3159441202879,6.977753079534438,0.3429446518421173,0.4462456442415714,0.5232371091842651,0.012782895084237215,0.0016872403719949652,70.0,110.0,40.0,60.0,100.0,340.0,440.0,0.004438285769828323,0.0666204605945375,0.025872322260594376,7.337321198169199,0.9910551338442405,0.4786320180759035,0.025872322260594376,0.06139143841507768,70.0,40.0,20.0,-50.0,50.0,160.0,50.0,50.0,140.0,100.0,100.0,120.0,60.0,60.0,150.0,50.0,50.0,340.0,445.0,5.0
E10C,sample_000172,samples/sample_000172.npz,sample_000172_prediction.npz,0.002090606139972806,0.00579791096970439,0.3512591414316738,0.08058198097369894,0.14914552045572244,144,1787,12.409722222222221,66.12655019760132,632.1181896775961,9.559219221155221,0.45921215415000916,0.4506956452710761,0.4960300624370575,0.0005912371176836628,0.002092805604262405,60.0,80.0,20.0,90.0,80.0,445.0,390.0,0.005244898881555197,0.0724216741145577,0.029360189902394255,8.022168731205326,0.9977609701191578,0.4931233671478634,0.029360189902394255,0.06620330905967273,60.0,20.0,20.0,-40.0,40.0,160.0,80.0,80.0,140.0,120.0,120.0,370.0,280.0,280.0,310.0,230.0,230.0,325.0,305.0,147.05441169852742
E10C,sample_000676,samples/sample_000676.npz,sample_000676_prediction.npz,0.0023533583153039217,0.006903484929352999,0.31806691939883003,0.08876811594202899,0.16306156405990016,196,2208,11.26530612244898,93.86811804771423,728.1528727933764,7.757190491698662,0.47891896963119507,0.36606778538956936,0.5045362710952759,0.017407728588227266,0.002323282672511056,80.0,150.0,70.0,70.0,40.0,265.0,450.0,0.0068889687507106,0.0829998117510552,0.0334053272142871,9.811438430582765,0.9821258929834522,0.5433863229815924,0.0334053272142871,0.07598060847622247,80.0,70.0,20.0,-60.0,60.0,160.0,10.0,10.0,140.0,70.0,70.0,150.0,80.0,80.0,140.0,100.0,100.0,275.0,450.0,10.0
E10C,sample_000167,samples/sample_000167.npz,sample_000167_prediction.npz,0.00220917584374547,0.007129359990358353,0.4091373681876033,0.15199368337939204,0.26387936943111723,385,2533,6.579220779220779,162.68452391028404,798.5982960537076,4.908876867071339,0.42255720496177673,0.3385430879794158,0.44279903173446655,0.009506192221134514,0.0021804851750666042,80.0,150.0,70.0,50.0,110.0,445.0,445.0,0.0068143092205449314,0.08254882931056583,0.03342716053269143,5.743359515243187,0.982483166662538,0.5121183734392912,0.03342716053269143,0.07547803759549268,80.0,70.0,20.0,-60.0,60.0,160.0,10.0,10.0,140.0,70.0,70.0,380.0,330.0,330.0,380.0,270.0,270.0,320.0,340.0,163.24827717314508
E10C,sample_000352,samples/sample_000352.npz,sample_000352_prediction.npz,0.005987256765365601,0.009731674566864967,0.6940403479123304,0.3944223107569721,0.5657142857142857,792,2008,2.5353535353535355,481.7146625518799,1438.3771799951792,2.9859526641256604,0.6082255840301514,0.8137646705815287,0.8816106915473938,0.043297090783085974,0.0056842236734478205,40.0,120.0,80.0,90.0,110.0,345.0,285.0,0.014049432835564006,0.11853030344837562,0.04975636333465445,1.9827916861760542,0.995246072704513,0.7629663555736066,0.04975636333465445,0.10758130480373372,40.0,80.0,20.0,-20.0,20.0,160.0,40.0,40.0,140.0,60.0,60.0,130.0,40.0,40.0,150.0,40.0,40.0,345.0,275.0,10.0
E10C,sample_001467,samples/sample_001467.npz,sample_001467_prediction.npz,0.007890798151493073,0.01323450356721878,0.493174923860093,0.2023121387283237,0.33653846153846156,560,2768,4.942857142857143,347.71613597869873,1640.798412680626,4.718787087813325,0.6209216713905334,0.6742776541837624,0.8227735757827759,0.006845507018838967,0.007896787098674762,70.0,150.0,80.0,50.0,140.0,355.0,200.0,0.025582099947215244,0.15994405255343272,0.06755392065510869,5.028355118807873,0.9787576417376552,0.9416733573478093,0.06755392065510869,0.14497781813552904,70.0,80.0,20.0,-50.0,50.0,160.0,10.0,10.0,140.0,60.0,60.0,150.0,100.0,100.0,200.0,60.0,60.0,355.0,180.0,20.0
E10C,sample_002010,samples/sample_002010.npz,sample_002010_prediction.npz,0.005675169173628092,0.012760144658386707,0.28142168802181444,0.056112224448897796,0.1062618595825427,168,2994,17.821428571428573,156.31246948242188,1274.9920969307423,8.156688338124692,0.9304313659667969,0.5265813666794982,0.6359622478485107,0.16471940423325782,0.0054028997885412185,80.0,100.0,20.0,60.0,140.0,170.0,470.0,0.01743350879060309,0.13203601323352313,0.05654444199126597,7.945496814786411,0.9814778937056375,0.7687478227852417,0.05654444199126597,0.11931569415001302,80.0,20.0,20.0,-60.0,60.0,160.0,60.0,60.0,140.0,120.0,120.0,390.0,330.0,330.0,410.0,270.0,270.0,305.0,355.0,177.341478509682
E10C,sample_002098,samples/sample_002098.npz,sample_002098_prediction.npz,0.004604469984769821,0.008959711529314518,0.6613420748353691,0.33721898417985013,0.5043586550435866,810,2402,2.965432098765432,470.3172558546066,1350.8051701784134,2.8721148402770913,0.580638587474823,0.6612948600156807,0.7316771745681763,0.007473948797458105,0.004580629705889966,40.0,100.0,60.0,150.0,90.0,325.0,305.0,0.010103545069430663,0.10051639204344066,0.04516474190619243,1.6328177488878193,0.9989448143854033,0.5872576010327142,0.04516474190619243,0.08979805765147533,40.0,60.0,20.0,-20.0,20.0,160.0,60.0,60.0,140.0,80.0,80.0,170.0,20.0,20.0,120.0,30.0,30.0,325.0,300.0,5.0
E10C,sample_001451,samples/sample_001451.npz,sample_001451_prediction.npz,0.0010863536735996604,0.003400670364499092,0.6838032542270828,0.3402777777777778,0.5077720207253886,392,1152,2.938775510204082,94.30146908760071,428.60096277296543,4.54500833253,0.2405649721622467,0.44991419532773447,0.527058482170105,0.04556244017630595,0.0009082894045699885,20.0,90.0,70.0,80.0,70.0,390.0,335.0,0.0018719542682155011,0.043266086814218604,0.017473687678159933,2.5066408966538223,0.978217330070271,0.3101854755286417,0.017473687678159933,0.03958060771566833,20.0,70.0,20.0,0.0,0.0,160.0,70.0,70.0,140.0,70.0,70.0,110.0,30.0,30.0,110.0,40.0,40.0,395.0,345.0,11.180339887498949
E10C,sample_000316,samples/sample_000316.npz,sample_000316_prediction.npz,0.0014491197653114796,0.00418389867991209,0.3047420538540097,0.06279434850863422,0.11816838995568685,80,1274,15.925,23.076975345611572,434.3709704056382,18.822699417939113,0.28846219182014465,0.4264558028429747,0.4825645089149475,0.01997641551424335,0.0014340299540698863,20.0,60.0,40.0,50.0,40.0,475.0,350.0,0.003290640662720969,0.05736410604830314,0.021911594247092197,9.840732919270955,0.816112730759543,0.4289812921931523,0.021911594247092197,0.053014363150676105,20.0,40.0,20.0,0.0,0.0,160.0,100.0,100.0,140.0,100.0,100.0,140.0,90.0,90.0,100.0,60.0,60.0,440.0,340.0,36.40054944640259
E10C,sample_001723,samples/sample_001723.npz,sample_001723_prediction.npz,0.002457699505612254,0.00505354069173336,0.5901316275549213,0.2698650674662669,0.42502951593860683,360,1334,3.7055555555555557,184.5861268043518,681.2337730228901,3.6906011563098104,0.5127392411231995,0.5986153097616301,0.681795597076416,0.009195175932034684,0.00243293534453179,30.0,90.0,60.0,50.0,120.0,255.0,300.0,0.0035303857907796874,0.05941704966404582,0.025526637620586583,2.0072121866325308,0.988187480254776,0.4052365561027089,0.025526637620586583,0.053654231543904723,30.0,60.0,20.0,-10.0,10.0,160.0,70.0,70.0,140.0,80.0,80.0,80.0,30.0,30.0,160.0,40.0,40.0,260.0,300.0,5.0
E10C,sample_001111,samples/sample_001111.npz,sample_001111_prediction.npz,0.006353581324219704,0.009044688194990158,0.5378788834954049,0.2240977881257276,0.3661436043747028,385,1718,4.462337662337663,306.5526646375656,1194.4797399640083,3.8964911343250948,0.7962406873703003,0.8179552397170624,0.8483555316925049,0.0007727943307684599,0.006375523507867433,40.0,90.0,50.0,70.0,110.0,375.0,255.0,0.012285928666341088,0.11084190843873579,0.04619625976178482,2.4615141362808037,0.9883821321298936,0.717783371470849,0.04619625976178482,0.10075631121851766,40.0,50.0,20.0,-20.0,20.0,160.0,70.0,70.0,140.0,90.0,90.0,110.0,40.0,40.0,150.0,40.0,40.0,365.0,245.0,14.142135623730951
E10C,sample_000562,samples/sample_000562.npz,sample_000562_prediction.npz,0.0028499204199761152,0.008858393877744675,0.27949305275413133,0.05526036131774708,0.10473313192346426,156,2823,18.096153846153847,97.30296850204468,894.4919580221176,9.192853741181814,0.6237369775772095,0.38775425595350754,0.47345614433288574,0.05651488136932922,0.002764623110932735,50.0,80.0,30.0,40.0,130.0,490.0,495.0,0.008520819969508226,0.09230828765342917,0.040284375585615234,6.581180937414298,0.9402808332796521,0.514801116880689,0.040284375585615234,0.08305413326972544,50.0,30.0,20.0,-30.0,30.0,160.0,80.0,80.0,140.0,110.0,110.0,390.0,350.0,350.0,420.0,290.0,290.0,345.0,360.0,198.11612756158948
E10C,sample_002168,samples/sample_002168.npz,sample_002168_prediction.npz,0.0012601419584825635,0.003999394364655018,0.30202784544713407,0.06562266964951528,0.1231630510846746,88,1341,15.238636363636363,75.48128128051758,377.47982954233885,5.0009727330870035,0.8577418327331543,0.33979913423007185,0.4149313271045685,0.2686975163313395,0.0010205221976710937,30.0,50.0,20.0,110.0,40.0,415.0,420.0,0.0012515043663547374,0.03537660761512807,0.015361793151930607,2.1457194619753386,0.9616182817948237,0.21877756382191793,0.015361793151930607,0.03186721948196979,30.0,20.0,20.0,-10.0,10.0,160.0,110.0,110.0,140.0,120.0,120.0,130.0,20.0,20.0,100.0,60.0,60.0,415.0,420.0,0.0
E10C,sample_001196,samples/sample_001196.npz,sample_001196_prediction.npz,0.0063716210424900055,0.01266128197312355,0.18729019013615397,0.034403669724770644,0.06651884700665188,90,2616,29.066666666666666,88.26255083084106,1246.5762214064598,14.123500960170256,0.9806950092315674,0.5010227802726958,0.6890552043914795,0.23278845540486076,0.0061641396807092476,50.0,80.0,30.0,60.0,50.0,110.0,525.0,0.018582120124237333,0.13631625040411482,0.05699043713927075,10.048051428238978,0.8362810573952374,0.8304967217964003,0.05699043713927075,0.12383137808694597,50.0,30.0,20.0,-30.0,30.0,160.0,80.0,80.0,140.0,110.0,110.0,160.0,100.0,100.0,170.0,120.0,120.0,150.0,485.0,56.568542494923804
E10C,sample_001899,samples/sample_001899.npz,sample_001899_prediction.npz,0.002914692973718047,0.010038523003458977,0.39563907050769376,0.1203125,0.21478382147838215,462,3840,8.311688311688311,150.69104826450348,1131.556864477694,7.509118010059272,0.3261711001396179,0.3441186974962036,0.3974844217300415,0.0014545415311626694,0.0029215877605933836,80.0,110.0,30.0,110.0,140.0,165.0,350.0,0.012593215971225735,0.11221949906868117,0.050664061074378826,7.505883918201231,0.9890830952166006,0.5842484604673669,0.050664061074378826,0.10013175763301745,80.0,30.0,20.0,-60.0,60.0,160.0,50.0,50.0,140.0,110.0,110.0,180.0,70.0,70.0,250.0,110.0,110.0,170.0,325.0,25.495097567963924
E10C,sample_000775,samples/sample_000775.npz,sample_000775_prediction.npz,0.0016468903049826622,0.0047630444169044495,0.656010163382915,0.37015615962984383,0.5403123680878008,640,1729,2.7015625,211.01202011108398,672.8439772352576,3.188652366254062,0.3297062814235687,0.4313597492408007,0.5578898191452026,0.01608641091269556,0.0015522669519147764,60.0,140.0,80.0,160.0,50.0,440.0,325.0,0.004056490771676716,0.06369058620924066,0.02470627105211133,3.0548272636465477,0.98582515120202,0.4291208261741869,0.02470627105211133,0.05870341508273877,60.0,80.0,20.0,-40.0,40.0,160.0,20.0,20.0,140.0,60.0,60.0,200.0,40.0,40.0,100.0,50.0,50.0,440.0,330.0,5.0
E10C,sample_001971,samples/sample_001971.npz,sample_001971_prediction.npz,0.004814572632312775,0.01093609631061554,0.28597205149434174,0.06194347657762292,0.11666059059423989,160,2583,16.14375,147.76297569274902,1088.103127643466,7.36384146666086,0.9235185980796814,0.5025130208581686,0.5947333574295044,0.18136857527742137,0.00452674409833586,50.0,70.0,20.0,160.0,50.0,240.0,195.0,0.011983725488418268,0.10947020365569012,0.04820174807693977,5.044744633820574,0.9892178931622599,0.631912641004702,0.04820174807693977,0.09828691149255583,50.0,20.0,20.0,-30.0,30.0,160.0,90.0,90.0,140.0,120.0,120.0,190.0,30.0,30.0,120.0,70.0,70.0,245.0,190.0,7.0710678118654755
E10C,sample_002064,samples/sample_002064.npz,sample_002064_prediction.npz,0.006410753354430199,0.01512137707322836,0.4668026956017383,0.18986402966625462,0.3191356742156659,768,4045,5.266927083333333,498.9137878417969,1721.557852588594,3.450611898371691,0.6496273279190063,0.47785142774228007,0.6422837972640991,0.03704942201864505,0.006169503956209752,80.0,120.0,40.0,160.0,120.0,170.0,440.0,0.020451998433790593,0.14301048364994293,0.0630161252248959,3.070396996879763,0.9888603349581071,0.7508741486601321,0.0630161252248959,0.12837821620287,80.0,40.0,20.0,-60.0,60.0,160.0,40.0,40.0,140.0,100.0,100.0,200.0,40.0,40.0,190.0,70.0,70.0,170.0,435.0,5.0
E10C,sample_001548,samples/sample_001548.npz,sample_001548_prediction.npz,0.007113427389413118,0.011842911131680012,0.46218571835974953,0.16377171215880892,0.2814498933901919,396,2418,6.106060606060606,281.8826107978821,1426.4640441536903,5.060489684397403,0.7118247747421265,0.6989677673337436,0.7779687643051147,0.0020950246946509084,0.007133724899537193,50.0,90.0,40.0,90.0,110.0,455.0,335.0,0.018041843982127548,0.13431993144030244,0.05843698571958883,3.5479542982825785,0.9906603276771621,0.8009931464509359,0.05843698571958883,0.12094198064417548,50.0,40.0,20.0,-30.0,30.0,160.0,70.0,70.0,140.0,100.0,100.0,150.0,60.0,60.0,150.0,40.0,40.0,445.0,325.0,14.142135623730951
E10C,sample_000381,samples/sample_000381.npz,sample_000381_prediction.npz,0.001522945356555283,0.00568155013024807,0.5267507857058326,0.23455824863174354,0.3799873337555415,600,2558,4.263333333333334,171.90202474594116,722.0875391811132,4.200576114494909,0.2865033745765686,0.3124957632521788,0.38364705443382263,0.002032224231952561,0.0015198178440164445,30.0,70.0,40.0,100.0,150.0,440.0,425.0,0.003665622418085379,0.06054438386907062,0.02772166467164054,2.1585361960506932,0.9802916360175552,0.33175518863235165,0.02772166467164054,0.05382501022683132,30.0,40.0,20.0,-10.0,10.0,160.0,90.0,90.0,140.0,100.0,100.0,130.0,30.0,30.0,180.0,30.0,30.0,435.0,430.0,7.0710678118654755
E10C,sample_000114,samples/sample_000114.npz,sample_000114_prediction.npz,0.005553598050028086,0.015008165501058102,0.3928589093385468,0.11304757418747056,0.20313161235717309,480,4246,8.845833333333333,322.79139518737793,1587.1069134771824,4.916819150510127,0.6724820733070374,0.45264120139181613,0.5359584093093872,0.05120792515497733,0.00532958332246777,80.0,100.0,20.0,150.0,160.0,485.0,350.0,0.02064203866262718,0.14367337492600074,0.06504813203219419,4.484136288592736,0.9924225085414199,0.7308829570857492,0.06504813203219419,0.12810456346964935,80.0,20.0,20.0,-60.0,60.0,160.0,60.0,60.0,140.0,120.0,120.0,200.0,50.0,50.0,230.0,70.0,70.0,480.0,345.0,7.0710678118654755
E10C,sample_000761,samples/sample_000761.npz,sample_000761_prediction.npz,0.011552698910236359,0.015486656688153744,0.3333531285348199,0.08473843493298747,0.1562375448385811,196,2313,11.801020408163266,195.83123445510864,1662.5546220093966,8.489731613219812,0.9991389513015747,0.8571061826482111,0.8834220170974731,0.02030168241816955,0.011535219370122978,50.0,120.0,70.0,70.0,40.0,155.0,200.0,0.033414013231870814,0.18279500330115922,0.07499079685629582,7.599435342355212,0.9770691251754386,1.121151872050973,0.07499079685629582,0.16670450989318972,50.0,70.0,20.0,-30.0,30.0,160.0,40.0,40.0,140.0,70.0,70.0,160.0,90.0,90.0,140.0,100.0,100.0,170.0,190.0,18.027756377319946
E10C,sample_001580,samples/sample_001580.npz,sample_001580_prediction.npz,0.016761386767029762,0.02221924252808094,0.40583826967422815,0.1363895216400911,0.24004009020295666,480,3511,7.314583333333333,401.34976387023926,2566.951819419861,6.395797507556986,0.8361453413963318,0.8347876828163863,0.8840957283973694,0.00607598921299642,0.01681381673742068,40.0,120.0,80.0,120.0,50.0,500.0,525.0,0.060168328093948086,0.24529233191020888,0.10782484684292626,4.846934093626979,0.9153432991608275,1.2989759761347826,0.10782484684292626,0.2203227870585509,40.0,80.0,20.0,-20.0,20.0,160.0,40.0,40.0,140.0,60.0,60.0,440.0,320.0,320.0,430.0,380.0,380.0,350.0,365.0,219.31712199461307
E10C,sample_001591,samples/sample_001591.npz,sample_001591_prediction.npz,0.004609938710927963,0.011807444505393505,0.6447555470798642,0.37707261292166955,0.5476437616773926,1320,3497,2.6492424242424244,381.7951512336731,1539.5859942138195,4.032492265129723,0.28923875093460083,0.47602855829578455,0.5728321075439453,0.03930151465123898,0.004137769379689739,70.0,150.0,80.0,110.0,150.0,395.0,325.0,0.02010022584420214,0.14177526527643014,0.06159441184746708,4.180929773346483,0.9897302468907082,0.7752275842618189,0.06159441184746708,0.1276963361783209,70.0,80.0,20.0,-50.0,50.0,160.0,10.0,10.0,140.0,60.0,60.0,160.0,50.0,50.0,200.0,50.0,50.0,390.0,320.0,7.0710678118654755
E10C,sample_000709,samples/sample_000709.npz,sample_000709_prediction.npz,0.004430707078427076,0.0093063460662961,0.353655218269479,0.08832188420019627,0.1623083859332732,180,2038,11.322222222222223,170.6106162071228,951.2553785294294,5.575593123552153,0.9478367567062378,0.5750414229101605,0.6389781832695007,0.14034960203645327,0.004181375407280128,80.0,110.0,30.0,120.0,50.0,480.0,315.0,0.009635088919323154,0.09815848877872536,0.04041199483769621,5.563145006608903,0.9883316099970645,0.628296973224018,0.04041199483769621,0.08945367288469028,80.0,30.0,20.0,-60.0,60.0,160.0,50.0,50.0,140.0,110.0,110.0,180.0,60.0,60.0,140.0,90.0,90.0,470.0,320.0,11.180339887498949
E10C,sample_000703,samples/sample_000703.npz,sample_000703_prediction.npz,0.0024069210048764944,0.005593396723270416,0.6469292016001313,0.3093396787626413,0.4725124943207633,520,1681,3.2326923076923078,243.65123629570007,793.5045065432787,3.2567226770820303,0.4685600697994232,0.5693293236196041,0.6416212320327759,0.010856499579288005,0.0023619875014952553,30.0,110.0,80.0,130.0,50.0,465.0,415.0,0.004129293388638385,0.06425957818596684,0.02771458613858163,1.8580450552474062,0.9920008405092812,0.3836950503584733,0.02771458613858163,0.05797581481795254,30.0,80.0,20.0,-10.0,10.0,160.0,50.0,50.0,140.0,60.0,60.0,180.0,50.0,50.0,120.0,70.0,70.0,460.0,420.0,7.0710678118654755
E10C,sample_001400,samples/sample_001400.npz,sample_001400_prediction.npz,0.0017106059240177274,0.005632792133837938,0.39317829755185846,0.12690089145254327,0.22522103303862262,242,1907,7.880165289256198,134.1245481967926,588.0843532681465,4.384613862074577,0.5542336702346802,0.34810520893286084,0.4178415536880493,0.0433067026080933,0.0016079540146021853,30.0,50.0,20.0,110.0,110.0,425.0,365.0,0.0024672878803724137,0.04967180166223502,0.022943048577183857,1.8972666681679418,0.9790042022713754,0.291629640827449,0.022943048577183857,0.04405569659371414,30.0,20.0,20.0,-10.0,10.0,160.0,110.0,110.0,140.0,120.0,120.0,130.0,20.0,20.0,130.0,20.0,20.0,425.0,365.0,0.0
E10C,sample_001887,samples/sample_001887.npz,sample_001887_prediction.npz,0.002002371707931161,0.004551658872514963,0.5671239624620793,0.23703703703703705,0.38323353293413176,320,1350,4.21875,185.7793426513672,602.0127067640424,3.2404717239945087,0.5805604457855225,0.5420600052922964,0.6698605418205261,0.005201876349617246,0.0019919228470033925,20.0,70.0,50.0,40.0,160.0,380.0,240.0,0.0021382958265472097,0.04624171089554548,0.02145941203245127,1.3096579989580885,0.9671894136273778,0.264328408481534,0.02145941203245127,0.040960828382354465,20.0,50.0,20.0,0.0,0.0,160.0,90.0,90.0,140.0,90.0,90.0,80.0,40.0,40.0,220.0,60.0,60.0,370.0,230.0,14.142135623730951
E10C,sample_001331,samples/sample_001331.npz,sample_001331_prediction.npz,0.001487388159148395,0.006074692588299513,0.22323631140036237,0.04339250493096647,0.0831758034026465,110,2535,23.045454545454547,28.615364134311676,625.1129985749722,21.845362359915637,0.26013967394828796,0.2669625792991031,0.3240797519683838,0.0002497023861956564,0.0014887746283145328,20.0,40.0,20.0,50.0,110.0,375.0,195.0,0.004805442379699428,0.06932129816801924,0.031229168852504843,9.18355398450547,0.7823769312126835,0.3845498604591827,0.031229168852504843,0.06188845928346552,20.0,20.0,20.0,0.0,0.0,150.0,110.0,110.0,130.0,110.0,110.0,170.0,120.0,120.0,220.0,110.0,110.0,345.0,230.0,46.09772228646444
E10C,sample_001596,samples/sample_001596.npz,sample_001596_prediction.npz,0.006048701237887144,0.011662513948976994,0.3789286435111081,0.10548346588530766,0.19083680424081786,252,2389,9.48015873015873,230.43040251731873,1229.990525841713,5.337796195314414,0.9144063591957092,0.6229149650723215,0.6588217616081238,0.085948280298441,0.005843354012621193,80.0,100.0,20.0,140.0,90.0,390.0,355.0,0.015215765446551965,0.12335220081762613,0.05218877469174272,5.0998485292356515,0.9909972490632618,0.7677437772652977,0.05218877469174272,0.1117680510822591,80.0,20.0,20.0,-60.0,60.0,160.0,60.0,60.0,140.0,120.0,120.0,170.0,30.0,30.0,130.0,40.0,40.0,385.0,355.0,5.0
E10C,sample_002009,samples/sample_002009.npz,sample_002009_prediction.npz,0.003738915314897895,0.011848501861095428,0.41663298978834173,0.1468764902241297,0.25613305613305615,616,4194,6.808441558441558,175.44790244102478,1340.100680358708,7.638168719681163,0.28481802344322205,0.35868052756050967,0.4788024127483368,0.007246242668331931,0.003716798970260794,80.0,120.0,40.0,140.0,110.0,360.0,135.0,0.017104288177048795,0.13078336353316808,0.0596792415719906,7.8391283129937905,0.9833901197749693,0.6484266809795741,0.0596792415719906,0.11637300504172257,80.0,40.0,20.0,-60.0,60.0,160.0,40.0,40.0,140.0,100.0,100.0,270.0,130.0,130.0,180.0,70.0,70.0,355.0,160.0,25.495097567963924
E10C,sample_002116,samples/sample_002116.npz,sample_002116_prediction.npz,0.009077491238713264,0.012935188598930836,0.5883955436360607,0.27791563275434245,0.4349514563106796,672,2418,3.5982142857142856,638.236249923706,1766.480481311679,2.7677532912347766,0.9497563242912292,0.8431070621701933,0.8774504661560059,0.012895530115992204,0.009051211901521026,40.0,110.0,70.0,60.0,160.0,190.0,340.0,0.018032498348151155,0.13428513822516308,0.05821134880422522,1.6654721902222895,0.9917218219194365,0.7697762196622802,0.05821134880422522,0.12101213665803932,40.0,70.0,20.0,-20.0,20.0,160.0,50.0,50.0,140.0,70.0,70.0,130.0,70.0,70.0,190.0,30.0,30.0,195.0,335.0,7.0710678118654755
E10C,sample_000238,samples/sample_000238.npz,sample_000238_prediction.npz,0.015349333174526691,0.022013166919350624,0.6124279763821218,0.3142389525368249,0.47820672478206727,1344,4277,3.1822916666666665,988.6517601013184,3149.609963849187,3.1857627639548336,0.7356039881706238,0.8322466073912524,0.8815011382102966,0.010942280414070582,0.015410421880875031,50.0,120.0,70.0,160.0,120.0,350.0,150.0,0.05660481693621076,0.23791766839856757,0.11058842857527725,2.215163276979714,0.9901315657192657,1.1451525080041838,0.11058842857527725,0.21065378325931286,50.0,70.0,20.0,-30.0,30.0,160.0,40.0,40.0,140.0,70.0,70.0,260.0,100.0,100.0,180.0,60.0,60.0,340.0,160.0,14.142135623730951
E10C,sample_000737,samples/sample_000737.npz,sample_000737_prediction.npz,0.001454198732972145,0.005138563923537731,0.3971723439874745,0.12084592145015106,0.215633423180593,240,1986,8.275,93.02326440811157,573.2854462713003,6.162817978050985,0.3875969350337982,0.33576520855228104,0.423234760761261,0.003187233048523552,0.0014499574321616003,40.0,70.0,30.0,50.0,160.0,375.0,160.0,0.0031229967537210307,0.05588377898568627,0.024384907573254115,3.8061330578818353,0.9831968841822825,0.32644868520311554,0.024384907573254115,0.05028292987053245,40.0,30.0,20.0,-20.0,20.0,160.0,90.0,90.0,140.0,110.0,110.0,180.0,130.0,130.0,200.0,40.0,40.0,380.0,170.0,11.180339887498949
E10C,sample_000271,samples/sample_000271.npz,sample_000271_prediction.npz,0.004347347188740969,0.010776740498840809,0.43725178622666655,0.1426056338028169,0.24961479198767333,405,2840,7.012345679012346,286.7427536845207,1172.4324591755867,4.088795424157491,0.7080067992210388,0.49355376649785926,0.5857702493667603,0.04848745198984542,0.004164743382185939,80.0,110.0,30.0,90.0,150.0,365.0,435.0,0.012006666217827281,0.10957493425883166,0.0463296291400314,3.83328016861062,0.9923503328617981,0.6454485836668977,0.0463296291400314,0.09929869929447432,80.0,30.0,20.0,-60.0,60.0,160.0,50.0,50.0,140.0,110.0,110.0,150.0,60.0,60.0,200.0,50.0,50.0,365.0,440.0,5.0
E10C,sample_001280,samples/sample_001280.npz,sample_001280_prediction.npz,0.001252613146789372,0.005128602962940931,0.324476012276939,0.09506564056133997,0.17362546506821,210,2209,10.519047619047619,63.227905333042145,551.8172110170126,8.727431473657242,0.3010852634906769,0.26502948211772104,0.33939072489738464,0.0022591186409427074,0.001250458493520347,20.0,40.0,20.0,70.0,150.0,415.0,485.0,0.0031046161794675673,0.05571908272277611,0.024966421687326417,3.8084569849111793,0.9011739985694456,0.3140514821539117,0.024966421687326417,0.04981258844507244,20.0,20.0,20.0,0.0,0.0,150.0,110.0,110.0,130.0,110.0,110.0,130.0,60.0,60.0,200.0,50.0,50.0,425.0,460.0,26.92582403567252
E10C,sample_000473,samples/sample_000473.npz,sample_000473_prediction.npz,0.0058497716672718525,0.013360537588596344,0.5555369150717654,0.23201856148491878,0.3766478342749529,900,3879,4.31,463.0685806274414,1758.0055640935898,3.796425924020919,0.5145206451416016,0.5414665855964025,0.6488362550735474,0.0031431322547437112,0.005874780564762018,50.0,90.0,40.0,150.0,150.0,445.0,245.0,0.01990664498979972,0.1410909103727087,0.06569248545525173,2.5033930497586514,0.996691706329201,0.7026655275915856,0.06569248545525173,0.12486449593263595,50.0,40.0,20.0,-30.0,30.0,160.0,70.0,70.0,140.0,100.0,100.0,210.0,60.0,60.0,190.0,40.0,40.0,445.0,235.0,10.0
E10C,sample_001502,samples/sample_001502.npz,sample_001502_prediction.npz,0.002491515129804611,0.007344244513660669,0.33043558801996475,0.10614995787700084,0.19192688499619193,252,2374,9.420634920634921,71.70944917201996,793.4449009522796,11.064718947274676,0.28456130623817444,0.34845640202836387,0.5042256712913513,0.005808291276169213,0.0024829908614549924,70.0,140.0,70.0,60.0,60.0,160.0,450.0,0.007977011427526395,0.08931411661952658,0.037012757319653394,12.63574451739265,0.9598452398514979,0.5635842897891613,0.037012757319653394,0.08128386816043415,70.0,70.0,20.0,-50.0,50.0,160.0,20.0,20.0,140.0,70.0,70.0,380.0,320.0,320.0,370.0,310.0,310.0,300.0,335.0,181.1767093199344
E10C,sample_000960,samples/sample_000960.npz,sample_000960_prediction.npz,0.004352365154772997,0.01364405732601881,0.35850324880707596,0.08670520231213873,0.1595744680851064,390,4498,11.533333333333333,203.0231523513794,1454.6294989287853,7.164845398574081,0.5205721855163574,0.40562454653091917,0.4624451994895935,0.014171647320110201,0.004313253778630344,70.0,90.0,20.0,130.0,150.0,165.0,265.0,0.018844315317887005,0.13727459822518878,0.06375141837476139,6.068949541534405,0.9947142190187355,0.6731569384362085,0.06375141837476139,0.12157331933073616,70.0,20.0,20.0,-50.0,50.0,160.0,70.0,70.0,140.0,120.0,120.0,200.0,70.0,70.0,210.0,60.0,60.0,170.0,255.0,11.180339887498949
E10C,sample_001604,samples/sample_001604.npz,sample_001604_prediction.npz,0.008008952252566814,0.012213892303407192,0.45103247200532837,0.14794267221451687,0.2577527184857028,320,2163,6.759375,209.39214706420898,1408.5985345989466,6.727083867987692,0.6543504595756531,0.795607031416148,0.8583964109420776,0.02309389553054886,0.00795968711468429,70.0,150.0,80.0,50.0,80.0,265.0,500.0,0.023347505321399085,0.15279890484358546,0.061963102113295074,7.740483915808005,0.9793106315196721,0.9962972324132142,0.061963102113295074,0.13967132596884896,70.0,80.0,20.0,-50.0,50.0,160.0,10.0,10.0,140.0,60.0,60.0,170.0,120.0,120.0,170.0,90.0,90.0,275.0,485.0,18.027756377319946
E10C,sample_001049,samples/sample_001049.npz,sample_001049_prediction.npz,0.0022039825562387705,0.006326537113636732,0.6676159459206736,0.3201219512195122,0.48498845265588914,630,1968,3.123809523809524,164.42838996648788,786.352275326848,4.7823388375153115,0.2609974443912506,0.4881651728872269,0.5964134931564331,0.05494360222224421,0.0018638106113025952,50.0,110.0,60.0,70.0,150.0,215.0,405.0,0.006131531841923463,0.0783040985001645,0.03228208790340152,4.009333160505234,0.9938965303016069,0.5095412018277061,0.03228208790340152,0.07134002132408232,50.0,60.0,20.0,-30.0,30.0,160.0,50.0,50.0,140.0,80.0,80.0,100.0,30.0,30.0,190.0,40.0,40.0,220.0,415.0,11.180339887498949
E10C,sample_001954,samples/sample_001954.npz,sample_001954_prediction.npz,0.0017442194512113929,0.006588010583072901,0.28366092073052657,0.05695687550854353,0.1077752117013087,140,2458,17.557142857142857,69.94698226451874,668.9736686944962,9.564010441002818,0.49962130188941956,0.32604589494211333,0.394606351852417,0.03108268982084627,0.0017023773553650726,80.0,100.0,20.0,100.0,70.0,400.0,495.0,0.005453555575284892,0.07384819276925396,0.031093641707209383,9.698822548936171,0.9744230848761104,0.4484159416508432,0.031093641707209383,0.0669831398239033,80.0,20.0,20.0,-60.0,60.0,160.0,60.0,60.0,140.0,120.0,120.0,350.0,250.0,250.0,410.0,340.0,340.0,315.0,355.0,163.783393541592
E10C,sample_001051,samples/sample_001051.npz,sample_001051_prediction.npz,0.007296312600374222,0.013428968377411366,0.30781038424142093,0.09452201933404941,0.17271835132482827,264,2793,10.579545454545455,169.32887077331543,1435.7778209894896,8.47922633885393,0.64139723777771,0.539745037415714,0.7900112271308899,0.011345499671794892,0.007285408889104831,40.0,80.0,40.0,110.0,60.0,165.0,520.0,0.021093790903040605,0.14523701629763883,0.06286185809694794,5.4617842892830755,0.9021039140737132,0.8591369659908934,0.06286185809694794,0.13092813944924056,40.0,40.0,20.0,-20.0,20.0,160.0,80.0,80.0,140.0,100.0,100.0,180.0,70.0,70.0,160.0,100.0,100.0,180.0,490.0,33.54101966249684
E10C,sample_000519,samples/sample_000519.npz,sample_000519_prediction.npz,0.008888092823326588,0.01853369176387787,0.5534750760948471,0.25611382836816365,0.40778761061946905,1152,4498,3.904513888888889,485.49850845336914,2306.9877985417843,4.751791732359903,0.42143967747688293,0.5798751592066966,0.6666563749313354,0.02684688298565914,0.0086751424367006,70.0,130.0,60.0,160.0,120.0,190.0,260.0,0.0409607958517041,0.20238773641627622,0.09373294041760478,4.422572920191632,0.9911274215736332,0.9757196113209796,0.09373294041760478,0.17937372085223033,70.0,60.0,20.0,-50.0,50.0,160.0,30.0,30.0,140.0,80.0,80.0,220.0,60.0,60.0,190.0,70.0,70.0,190.0,245.0,15.0
E10C,sample_002133,samples/sample_002133.npz,sample_002133_prediction.npz,0.0005237127770669758,0.001916144392453134,0.6885794234435098,0.37344398340248963,0.5438066465256798,360,964,2.6777777777777776,119.72476601600647,303.9635369181633,2.538852628682734,0.33256879448890686,0.3595229665438334,0.4329817295074463,0.0020311142823662147,0.0005181721636959957,20.0,80.0,60.0,120.0,50.0,250.0,245.0,0.0004207372048407268,0.020511879602823503,0.009341605933225746,0.9115357669191397,0.982703902853219,0.12867794692858547,0.009341605933225746,0.01826120487342082,20.0,60.0,20.0,0.0,0.0,160.0,80.0,80.0,140.0,80.0,80.0,150.0,30.0,30.0,80.0,30.0,30.0,255.0,250.0,7.0710678118654755
E10C,sample_000492,samples/sample_000492.npz,sample_000492_prediction.npz,0.0006604851223528385,0.0027314748149365187,0.6110766712192098,0.27450980392156865,0.4307692307692308,336,1224,3.642857142857143,69.23460531234741,337.74951902776957,4.878333854927527,0.20605537295341492,0.32756948311414036,0.3900790214538574,0.01603725975503703,0.0006077475197366264,30.0,90.0,60.0,40.0,140.0,390.0,410.0,0.001175466106820215,0.03428507119462077,0.014022266675370152,3.1483564786248737,0.9898157885492018,0.23885471664050673,0.014022266675370152,0.031286453044489064,30.0,60.0,20.0,-10.0,10.0,160.0,70.0,70.0,140.0,80.0,80.0,70.0,30.0,30.0,180.0,40.0,40.0,385.0,410.0,5.0
E10C,sample_000901,samples/sample_000901.npz,sample_000901_prediction.npz,0.00956715177744627,0.014670399017632008,0.455327821650276,0.15673981191222572,0.27100271002710025,400,2552,6.38,387.03465461730957,1684.0525754839182,4.351167409412132,0.9675866365432739,0.7861603893339634,0.8406133055686951,0.03384214670120845,0.00946797318660141,70.0,110.0,40.0,100.0,100.0,200.0,200.0,0.025844809505454026,0.16076320942757402,0.06653072360698067,3.849327583345466,0.991973092579487,0.9691818963450305,0.06653072360698067,0.146350511860347,70.0,40.0,20.0,-50.0,50.0,160.0,50.0,50.0,140.0,100.0,100.0,150.0,50.0,50.0,160.0,60.0,60.0,205.0,190.0,11.180339887498949
E10C,sample_000728,samples/sample_000728.npz,sample_000728_prediction.npz,0.0025907917879521847,0.006633961107581854,0.47729193110839996,0.14799154334038056,0.2578268876611418,280,1892,6.757142857142857,104.24670338630676,756.3915854096413,7.255784219925715,0.3723096549510956,0.5151936752455575,0.566798746585846,0.021543222402374537,0.002536655144540231,60.0,100.0,40.0,70.0,100.0,335.0,470.0,0.0067604156964533105,0.08222174710168417,0.03366776871256621,6.449039367870719,0.9922431564818708,0.5518858207601076,0.03366776871256621,0.07501264590967618,60.0,40.0,20.0,-40.0,40.0,160.0,60.0,60.0,140.0,100.0,100.0,130.0,60.0,60.0,160.0,60.0,60.0,345.0,460.0,14.142135623730951
E10C,sample_000044,samples/sample_000044.npz,sample_000044_prediction.npz,0.009612628258764744,0.014116617850959301,0.5432558544180807,0.24900181488203266,0.3987213019471084,686,2755,4.01603498542274,557.6774952411652,1883.3128229677677,3.3770644127451073,0.8129409551620483,0.7677905444848642,0.8376775979995728,0.00339911494636366,0.009656293757807608,70.0,140.0,70.0,70.0,140.0,275.0,260.0,0.02836245594148329,0.1684115671249552,0.07044447722435496,3.1989373779533192,0.9852018306559394,0.9803145515304652,0.07044447722435496,0.15297068859775267,70.0,70.0,20.0,-50.0,50.0,160.0,20.0,20.0,140.0,70.0,70.0,130.0,60.0,60.0,200.0,60.0,60.0,285.0,250.0,14.142135623730951
E10C,sample_000653,samples/sample_000653.npz,sample_000653_prediction.npz,0.0017924788407981396,0.007371045183390379,0.3358816646644654,0.09864053114132153,0.179568345323741,312,3163,10.137820512820513,65.11785006523132,789.7210787534714,12.12756683401516,0.20871105790138245,0.2707861451288828,0.3291607201099396,0.0041571200563142955,0.001784950023458114,20.0,40.0,20.0,120.0,130.0,300.0,235.0,0.006538443506892312,0.08086064250853015,0.03768717095521618,5.746977645780755,0.9293191823148476,0.4110880602410182,0.03768717095521618,0.07154104173329195,20.0,20.0,20.0,0.0,0.0,160.0,120.0,120.0,140.0,120.0,120.0,190.0,70.0,70.0,200.0,70.0,70.0,315.0,230.0,15.811388300841896
E10C,sample_001330,samples/sample_001330.npz,sample_001330_prediction.npz,0.007187023758888245,0.013178029097616673,0.7279983355610858,0.42759961127308066,0.5990469707283866,1320,3087,2.338636363636364,743.6322569847107,2038.5285855978727,2.741312747598825,0.5633577704429626,0.7581872524637164,0.8298408389091492,0.04019755299917762,0.006737734108559362,50.0,130.0,80.0,150.0,110.0,365.0,405.0,0.024481322110977345,0.15646508272128112,0.06764093469086513,1.9819136480410244,0.9949436769421863,0.8756138132180724,0.06764093469086513,0.14108871700147915,50.0,80.0,20.0,-30.0,30.0,160.0,30.0,30.0,140.0,60.0,60.0,190.0,40.0,40.0,150.0,40.0,40.0,375.0,405.0,10.0
E10C,sample_000517,samples/sample_000517.npz,sample_000517_prediction.npz,0.002083542989566922,0.006484752520918846,0.31763619226682804,0.07818532818532818,0.1450313339301701,162,2072,12.790123456790123,96.17286157608032,661.9117679148912,6.882521296210645,0.5936596393585205,0.3722454865957484,0.45194000005722046,0.049849355547702895,0.0020046973625434924,50.0,70.0,20.0,90.0,90.0,235.0,195.0,0.004894178698861226,0.06995840692054976,0.02925209115949578,4.722777602293593,0.978513684581451,0.42635838201993337,0.02925209115949578,0.06354914524726335,50.0,20.0,20.0,-30.0,30.0,160.0,90.0,90.0,140.0,120.0,120.0,150.0,60.0,60.0,150.0,60.0,60.0,245.0,185.0,14.142135623730951
E10C,sample_001265,samples/sample_001265.npz,sample_001265_prediction.npz,0.009635350666940212,0.015811027958989143,0.5970889217977254,0.2879177377892031,0.4471057884231537,1008,3501,3.4732142857142856,680.8959245681763,2223.4790931791067,3.265519755591481,0.675491988658905,0.7306076019765839,0.7987557053565979,0.005759998488964023,0.009675499293340491,60.0,120.0,60.0,120.0,140.0,180.0,480.0,0.03215725636353203,0.1793244444116084,0.07798474941045588,2.5198095673059266,0.9949046468763828,0.9604488638572704,0.07798474941045588,0.16147951951538758,60.0,60.0,20.0,-40.0,40.0,160.0,40.0,40.0,140.0,80.0,80.0,180.0,60.0,60.0,190.0,50.0,50.0,190.0,475.0,11.180339887498949
E10C,sample_001292,samples/sample_001292.npz,sample_001292_prediction.npz,0.0029360682237893343,0.006090059876441956,0.5965016024184605,0.27972027972027974,0.4371584699453552,400,1430,3.575,147.53621816635132,746.2134803682566,5.057832508129492,0.3688405454158783,0.6089760579913854,0.6887085437774658,0.059473097240857184,0.0027050787215498265,30.0,80.0,50.0,100.0,80.0,360.0,420.0,0.005362540178415763,0.07322936691256973,0.03070835111044692,2.9281273588733248,0.992163800413481,0.509187323058994,0.03070835111044692,0.06647960101033457,30.0,50.0,20.0,-10.0,10.0,160.0,80.0,80.0,140.0,90.0,90.0,120.0,20.0,20.0,120.0,40.0,40.0,360.0,420.0,0.0
E10C,sample_001298,samples/sample_001298.npz,sample_001298_prediction.npz,0.0028925761580467224,0.007918067276477814,0.351273448061754,0.08354646206308611,0.15420928402832415,196,2346,11.96938775510204,110.08473920822144,846.0854840427637,7.685765439680268,0.5616568326950073,0.4535524062052065,0.524909496307373,0.0126843482182198,0.002873014157985901,50.0,70.0,20.0,70.0,140.0,235.0,210.0,0.007762640189037746,0.08810584650883133,0.03809500003187328,5.401572177484167,0.9820430098631958,0.5106209270074528,0.03809500003187328,0.07944439037219254,50.0,20.0,20.0,-30.0,30.0,160.0,90.0,90.0,140.0,120.0,120.0,140.0,70.0,70.0,190.0,50.0,50.0,250.0,205.0,15.811388300841896
E10C,sample_001513,samples/sample_001513.npz,sample_001513_prediction.npz,0.0033619971945881844,0.009034930728375912,0.36025452971089555,0.11627906976744186,0.20833333333333334,300,2580,8.6,185.75980067253113,943.0918040573597,5.076942377430197,0.6191993355751038,0.4011363185445468,0.556544303894043,0.05208076656573606,0.0032128640760139557,80.0,130.0,50.0,50.0,120.0,355.0,490.0,0.009248292351286923,0.09616804225566268,0.03980528944453937,5.455633042352434,0.9793133020187933,0.5721169357364446,0.03980528944453937,0.08754331090108122,80.0,50.0,20.0,-60.0,60.0,160.0,30.0,30.0,140.0,90.0,90.0,330.0,280.0,280.0,420.0,300.0,300.0,295.0,360.0,143.17821063276352
E10C,sample_000392,samples/sample_000392.npz,sample_000392_prediction.npz,0.0035554186906665564,0.007604424376040697,0.3749908597675945,0.1079136690647482,0.19480519480519481,180,1668,9.266666666666667,178.24459075927734,762.3776605725288,4.277143319328743,0.9902477264404297,0.5363246940904194,0.625998318195343,0.20665576511168254,0.0031828484945848456,50.0,90.0,40.0,50.0,90.0,175.0,355.0,0.005311707759332979,0.0728814637567947,0.030004404214083766,2.898193222599568,0.9816959388459082,0.49659353307713305,0.030004404214083766,0.0664186983242735,50.0,40.0,20.0,-30.0,30.0,160.0,70.0,70.0,140.0,100.0,100.0,120.0,70.0,70.0,130.0,40.0,40.0,190.0,355.0,15.0
E10C,sample_001800,samples/sample_001800.npz,sample_001800_prediction.npz,0.003981094807386398,0.006699062883853912,0.5724232036583574,0.27956989247311825,0.4369747899159664,390,1395,3.576923076923077,191.56806975603104,847.6808065325022,4.424958750234602,0.49120017886161804,0.6896144612477376,0.8565989136695862,0.05127520803601344,0.0037927183587669316,20.0,70.0,50.0,60.0,130.0,210.0,405.0,0.005618470884816254,0.07495645992718876,0.033243632622111795,2.008163025843511,0.9723691540805729,0.4780037231233587,0.033243632622111795,0.06718133501875591,20.0,50.0,20.0,0.0,0.0,160.0,90.0,90.0,140.0,90.0,90.0,90.0,30.0,30.0,180.0,50.0,50.0,215.0,410.0,7.0710678118654755
E10C,sample_002073,samples/sample_002073.npz,sample_002073_prediction.npz,0.0033686335664242506,0.010897566564381123,0.36699252942517346,0.10283119658119658,0.18648583192056187,385,3744,9.724675324675324,95.07418975234032,1166.348616451025,12.267773404004366,0.24694594740867615,0.36790596300905404,0.5155420899391174,0.01713678091561131,0.003314499874030998,80.0,130.0,50.0,70.0,110.0,395.0,165.0,0.015164400342939484,0.12314381975129521,0.05490857206007199,13.6569269056259,0.9933555460175552,0.6517848327037252,0.05490857206007199,0.11022453926990743,80.0,50.0,20.0,-60.0,60.0,160.0,30.0,30.0,140.0,90.0,90.0,230.0,160.0,160.0,190.0,80.0,80.0,375.0,165.0,20.0
E10C,sample_000911,samples/sample_000911.npz,sample_000911_prediction.npz,0.0027165168430656195,0.007314959540963173,0.5612702268515843,0.24818181818181817,0.3976693372177713,546,2200,4.029304029304029,161.15512830018997,880.2448906004429,5.462096675948011,0.29515591263771057,0.4642027477314184,0.5403056144714355,0.030115581140200392,0.0025634868524125587,30.0,90.0,60.0,70.0,130.0,465.0,325.0,0.007363623024212004,0.08581155530703312,0.03701312358101611,3.431949427403837,0.9598719094501267,0.5323467386044182,0.03701312358101611,0.07741867802403006,30.0,60.0,20.0,-10.0,10.0,160.0,70.0,70.0,140.0,80.0,80.0,140.0,70.0,70.0,180.0,50.0,50.0,450.0,320.0,15.811388300841896
E10C,sample_000923,samples/sample_000923.npz,sample_000923_prediction.npz,0.0015490163350477815,0.0054312278516590595,0.37250747133109113,0.09420289855072464,0.17218543046357615,195,2070,10.615384615384615,79.86865639686584,592.5366063937545,7.418887873228408,0.40958285331726074,0.3564768522213667,0.43937504291534424,0.00417033659303193,0.0015438062733266473,80.0,110.0,30.0,50.0,130.0,295.0,465.0,0.004381382437437178,0.06619201188540184,0.02681510467510622,8.064520996068932,0.9898876285577702,0.4351400631926613,0.02681510467510622,0.06051720911195654,80.0,30.0,20.0,-60.0,60.0,160.0,50.0,50.0,140.0,110.0,110.0,160.0,110.0,110.0,180.0,50.0,50.0,290.0,460.0,7.0710678118654755
E10C,sample_000595,samples/sample_000595.npz,sample_000595_prediction.npz,0.008151818998157978,0.012626062147319317,0.5872274796470414,0.27078980359381527,0.42617560013153566,648,2393,3.692901234567901,405.7768020629883,1646.969250306487,4.058805831021434,0.6261987686157227,0.8039123032380033,0.8476887941360474,0.032622058202865865,0.007989445708703295,40.0,100.0,60.0,120.0,90.0,190.0,245.0,0.02151102173225088,0.14666636196569027,0.06325201796192265,2.6733576495122624,0.9930566474447519,0.8637096658705663,0.06325201796192265,0.13232612726138207,40.0,60.0,20.0,-20.0,20.0,160.0,60.0,60.0,140.0,80.0,80.0,160.0,40.0,40.0,150.0,60.0,60.0,190.0,235.0,10.0
E10C,sample_001302,samples/sample_001302.npz,sample_001302_prediction.npz,0.013067051768302917,0.019914032891392708,0.4781307913942091,0.1681441235344581,0.2878824969400245,588,3497,5.947278911564626,388.9803864955902,2345.4260487109423,6.029676894101014,0.6615312695503235,0.8106850261996392,0.8517395257949829,0.02374569235846671,0.013002793337753551,60.0,120.0,60.0,70.0,140.0,525.0,280.0,0.05050902018203505,0.22474211928794088,0.09936562751331585,5.362845650109865,0.9714575523391303,1.191766617440693,0.09936562751331585,0.2015824700982702,60.0,60.0,20.0,-40.0,40.0,160.0,40.0,40.0,140.0,80.0,80.0,170.0,100.0,100.0,240.0,100.0,100.0,495.0,290.0,31.622776601683793
E10C,sample_001319,samples/sample_001319.npz,sample_001319_prediction.npz,0.0012732686009258032,0.003100956091657281,0.4620654550359955,0.16268980477223427,0.2798507462686567,150,922,6.1466666666666665,78.23321521282196,369.21883611381054,4.719463914520258,0.5215547680854797,0.4770513081550598,0.5813091993331909,0.003366702965261747,0.001270069414062248,20.0,50.0,30.0,50.0,100.0,295.0,360.0,0.0013299125509056635,0.0364679660922523,0.015257843059125531,1.8981134075508552,0.9539445851055752,0.25136332657273186,0.015257843059125531,0.03312266257547479,20.0,30.0,20.0,0.0,0.0,160.0,110.0,110.0,140.0,110.0,110.0,80.0,30.0,30.0,130.0,30.0,30.0,300.0,365.0,7.0710678118654755
E10C,sample_002162,samples/sample_002162.npz,sample_002162_prediction.npz,0.0034844018518924713,0.009345990605652332,0.541156092001339,0.20786933927245732,0.3441917639827904,560,2694,4.810714285714286,161.06433391571045,1079.8126197606325,6.704231740875228,0.2876148819923401,0.4905908040702343,0.5699787735939026,0.04222587989874882,0.003262442306672884,30.0,100.0,70.0,100.0,80.0,170.0,140.0,0.011278083497004137,0.10619832153571984,0.04583185536896181,4.371024372801942,0.9590998297337434,0.6045276234507273,0.04583185536896181,0.09579939733861953,30.0,70.0,20.0,-10.0,10.0,160.0,60.0,60.0,140.0,70.0,70.0,160.0,60.0,60.0,170.0,90.0,90.0,190.0,155.0,25.0
E10C,sample_001201,samples/sample_001201.npz,sample_001201_prediction.npz,0.0025297824759036303,0.006505992263555527,0.2671226490032541,0.045454545454545456,0.08695652173913043,84,1848,22.0,47.15975260734558,671.9042732492089,14.247408777639631,0.5614256262779236,0.47912160413605825,0.6254158020019531,0.014474076864634153,0.0025195675609967208,70.0,90.0,20.0,60.0,70.0,270.0,175.0,0.0065751022500747935,0.08108700419965455,0.032580513416475096,13.822889190067055,0.9902684652253668,0.5636061395675276,0.032580513416475096,0.0742537029082973,70.0,20.0,20.0,-50.0,50.0,160.0,70.0,70.0,140.0,120.0,120.0,150.0,90.0,90.0,150.0,80.0,80.0,275.0,175.0,5.0
E10C,sample_000860,samples/sample_000860.npz,sample_000860_prediction.npz,0.008793230168521404,0.018078278750181198,0.3996980672459752,0.16430853491556366,0.2822422579380635,720,4382,6.086111111111111,286.3914728164673,2045.7409678846598,7.143162985148178,0.3977659344673157,0.48704454191029073,0.6951783895492554,0.017915463531404746,0.00872592295953957,20.0,50.0,30.0,160.0,150.0,230.0,285.0,0.031319863902677596,0.17697418993366687,0.08934688338110061,3.4347949968884444,0.9533065520935323,0.8516292054034424,0.08934688338110061,0.15276451922079812,20.0,30.0,20.0,0.0,0.0,160.0,110.0,110.0,140.0,110.0,110.0,210.0,50.0,50.0,210.0,60.0,60.0,235.0,285.0,5.0
E10C,sample_001867,samples/sample_001867.npz,sample_001867_prediction.npz,0.000972037436440587,0.0035012420266866684,0.4864773526149424,0.1640953716690042,0.2819277108433735,234,1426,6.094017094017094,69.58212214708328,413.7678786069155,5.946468228322922,0.29735949635505676,0.35601331624719834,0.40743160247802734,0.004028416761589251,0.0009647447591234614,60.0,90.0,30.0,60.0,130.0,330.0,315.0,0.0020287716599487866,0.04504188783730969,0.018098444377755898,5.125848243316183,0.99678304463872,0.3305803488670179,0.018098444377755898,0.041245823680150485,60.0,30.0,20.0,-40.0,40.0,160.0,70.0,70.0,140.0,110.0,110.0,100.0,40.0,40.0,160.0,30.0,30.0,330.0,310.0,5.0
E10C,sample_000363,samples/sample_000363.npz,sample_000363_prediction.npz,0.0010406877845525742,0.0035847013350576162,0.23160044396970147,0.032025620496397116,0.062063615205585725,40,1249,31.225,32.65535354614258,349.0660250931978,10.689396597711353,0.8163838386535645,0.366636249423027,0.3925704061985016,0.2025113721281743,0.0009586757679132911,80.0,100.0,20.0,40.0,50.0,260.0,325.0,0.0019141675845815748,0.043751200950163355,0.016784452398617387,11.840848025722908,0.9665491141679073,0.3408910731263788,0.016784452398617387,0.040403585759931276,80.0,20.0,20.0,-60.0,60.0,160.0,60.0,60.0,140.0,120.0,120.0,110.0,70.0,70.0,120.0,70.0,70.0,265.0,300.0,25.495097567963924
E10C,sample_000263,samples/sample_000263.npz,sample_000263_prediction.npz,0.001970620360225439,0.004967569839209318,0.4190840073727924,0.13061506565307532,0.2310513447432763,189,1447,7.656084656084656,76.96506553888321,564.3886674121022,7.33304991635419,0.40722256898880005,0.4689312417986532,0.5798854231834412,0.005845498484281296,0.0019631560509413303,30.0,60.0,30.0,70.0,90.0,225.0,195.0,0.003859167928715623,0.0621222015765348,0.025243109938607605,4.032664779610402,0.9686113629833207,0.41149179659458823,0.025243109938607605,0.056762252680306755,30.0,30.0,20.0,-10.0,10.0,160.0,100.0,100.0,140.0,110.0,110.0,120.0,50.0,50.0,140.0,50.0,50.0,230.0,190.0,7.0710678118654755
E10C,sample_000442,samples/sample_000442.npz,sample_000442_prediction.npz,0.003949312958866358,0.007430956233292818,0.30465308865873664,0.06961178045515395,0.13016270337922403,104,1494,14.365384615384615,94.6843991279602,763.5420144721866,8.064074140031305,0.910426914691925,0.614104056587586,0.7462698817253113,0.09103406813915636,0.003857084964988048,30.0,50.0,20.0,130.0,40.0,385.0,210.0,0.0072581827495236265,0.08519496903880902,0.0351206209155185,4.27513319967772,0.9624557490921359,0.526348414567998,0.0351206209155185,0.0776191003299579,30.0,20.0,20.0,-10.0,10.0,160.0,110.0,110.0,140.0,120.0,120.0,160.0,30.0,30.0,100.0,60.0,60.0,380.0,210.0,5.0
E10C,sample_001230,samples/sample_001230.npz,sample_001230_prediction.npz,0.00655311718583107,0.014410123229026794,0.45493216433059463,0.18516570226196738,0.3124722592099423,704,3802,5.400568181818182,288.421838760376,1704.278098627925,5.9089773019714285,0.40969011187553406,0.495117706797001,0.6610546112060547,0.010236290320305664,0.00652655004111853,20.0,60.0,40.0,110.0,160.0,475.0,420.0,0.020709208681718303,0.14390694452220956,0.07042107856075236,2.746506305738149,0.9440141748441649,0.6914087222671012,0.07042107856075236,0.12549932420558546,20.0,40.0,20.0,0.0,0.0,160.0,100.0,100.0,140.0,100.0,100.0,180.0,70.0,70.0,210.0,50.0,50.0,460.0,425.0,15.811388300841896
E10C,sample_001272,samples/sample_001272.npz,sample_001272_prediction.npz,0.00971245113760233,0.01664399728178978,0.4237235237614204,0.14962593516209477,0.2603036876355748,480,3208,6.683333333333334,406.4982604980469,1866.0907662063837,4.590648835544894,0.8468713760375977,0.6629349917173386,0.8229113221168518,0.036616228976580595,0.009580440430737814,80.0,130.0,50.0,60.0,160.0,320.0,200.0,0.030273359356696235,0.1739924117790665,0.07580668266645225,4.630979412546275,0.9731187042775581,0.9741302939173915,0.07580668266645225,0.15661004507950324,80.0,50.0,20.0,-60.0,60.0,160.0,30.0,30.0,140.0,90.0,90.0,180.0,120.0,120.0,220.0,60.0,60.0,330.0,190.0,14.142135623730951
E10C,sample_001600,samples/sample_001600.npz,sample_001600_prediction.npz,0.009584981016814709,0.01495343167334795,0.5350124801845709,0.2507462686567164,0.4009546539379475,756,3015,3.988095238095238,485.2165160179138,1953.4666515737772,4.025968999582975,0.6418207883834839,0.7149102275491391,0.8045719861984253,0.007488065376431862,0.009601232411197936,80.0,150.0,70.0,120.0,90.0,380.0,275.0,0.034073967194365916,0.18459135189484344,0.0782257338925028,4.375821423518052,0.9869692449680335,1.0583481689275913,0.0782257338925028,0.16719659611171891,80.0,70.0,20.0,-60.0,60.0,160.0,10.0,10.0,140.0,70.0,70.0,180.0,60.0,60.0,160.0,70.0,70.0,380.0,270.0,5.0
E10C,sample_000593,samples/sample_000593.npz,sample_000593_prediction.npz,0.014951753430068493,0.022258097305893898,0.5614999556647321,0.2640625,0.4177997527812114,1183,4480,3.78698224852071,860.1984516978264,3039.5703289806843,3.533568704967206,0.7271330952644348,0.7701282802015065,0.8401708602905273,0.003253190989306015,0.015094248515300761,70.0,140.0,70.0,130.0,130.0,225.0,205.0,0.06434299350059312,0.253659207403542,0.11380242141917135,3.203115221442915,0.9856699606741353,1.217328575365522,0.11380242141917135,0.22669804229354618,70.0,70.0,20.0,-50.0,50.0,160.0,20.0,20.0,140.0,70.0,70.0,200.0,70.0,70.0,210.0,80.0,80.0,230.0,185.0,20.615528128088304
E10C,sample_000367,samples/sample_000367.npz,sample_000367_prediction.npz,0.0008566150791011751,0.0036047426983714104,0.22536751639616842,0.041857423152387184,0.08035153797865663,64,1529,23.890625,18.23250961303711,369.9802245795727,20.292336734325332,0.28488296270370483,0.2669781898148358,0.31583455204963684,0.0010672406184524391,0.0008564779028623037,40.0,60.0,20.0,40.0,80.0,310.0,490.0,0.001997849202030482,0.044697306429252334,0.018436863017536026,12.818839572261973,0.8462054365656412,0.29823204209010734,0.018436863017536026,0.04071770234312214,40.0,20.0,20.0,-20.0,20.0,150.0,90.0,90.0,130.0,110.0,110.0,200.0,160.0,160.0,260.0,180.0,180.0,280.0,410.0,85.44003745317531
E10C,sample_000985,samples/sample_000985.npz,sample_000985_prediction.npz,0.014362283051013947,0.02006456069648266,0.5952521328089592,0.30977011494252876,0.4730144800351031,1078,3480,3.228200371057514,707.4556195735931,2676.0421427190304,3.782628999868528,0.6562668085098267,0.848623392035656,0.8842067718505859,0.03991777642567188,0.014078935284815563,30.0,100.0,70.0,110.0,140.0,475.0,280.0,0.04548880393631716,0.2132810444843075,0.09959356700840524,2.169191464844323,0.969891233878481,1.0640733147288843,0.09959356700840524,0.18859990813057004,30.0,70.0,20.0,-10.0,10.0,160.0,60.0,60.0,140.0,70.0,70.0,190.0,80.0,80.0,180.0,40.0,40.0,465.0,270.0,14.142135623730951
E10C,sample_000252,samples/sample_000252.npz,sample_000252_prediction.npz,0.0004639791150111705,0.0020056997891515493,0.395695909278708,0.1410105757931845,0.24716786817713698,120,851,7.091666666666667,49.82417106628418,209.22303932905197,4.19922770116355,0.41520142555236816,0.25782874301075936,0.32423287630081177,0.02700310405604841,0.0004315431544448538,40.0,60.0,20.0,150.0,40.0,285.0,330.0,0.0004165385762156308,0.020409276719561397,0.008364092494577561,2.374850107436338,0.990322284392579,0.15023517295217031,0.008364092494577561,0.01861667352020178,40.0,20.0,20.0,-20.0,20.0,150.0,90.0,90.0,130.0,110.0,110.0,160.0,10.0,10.0,60.0,20.0,20.0,290.0,340.0,11.180339887498949
E10C,sample_000452,samples/sample_000452.npz,sample_000452_prediction.npz,0.005907381419092417,0.01022141333669424,0.5452889282130832,0.23809523809523808,0.38461538461538464,520,2184,4.2,301.9148325920105,1304.1165390759706,4.3194848291480765,0.5806054472923279,0.6897717488499788,0.7678908705711365,0.015182809827862558,0.005858056372815511,50.0,90.0,40.0,130.0,100.0,245.0,400.0,0.014291465205605272,0.11954691633666371,0.051376358776330476,3.034690867617638,0.9957868428745383,0.7650401686463777,0.051376358776330476,0.10794412890236801,50.0,40.0,20.0,-30.0,30.0,160.0,70.0,70.0,140.0,100.0,100.0,160.0,30.0,30.0,130.0,30.0,30.0,250.0,395.0,7.0710678118654755
E10C,sample_001622,samples/sample_001622.npz,sample_001622_prediction.npz,0.004005326423794031,0.010226394049823284,0.6390149435296708,0.3204272363150868,0.48533872598584427,960,2996,3.120833333333333,321.500244140625,1326.7956975996494,4.12688861604505,0.3348960876464844,0.5162590304079155,0.619674563407898,0.035369687620027804,0.0036960128436569514,30.0,110.0,80.0,80.0,150.0,170.0,295.0,0.01246368374349101,0.11164086950347087,0.05108012770881008,2.570819865288245,0.9767650251098204,0.6103254677809149,0.05108012770881008,0.0992698559319125,30.0,80.0,20.0,-10.0,10.0,160.0,50.0,50.0,140.0,60.0,60.0,140.0,60.0,60.0,200.0,50.0,50.0,180.0,300.0,11.180339887498949
E10C,sample_001585,samples/sample_001585.npz,sample_001585_prediction.npz,0.005664488300681114,0.008840641006827354,0.291420953531012,0.07045009784735812,0.1316270566727605,108,1533,14.194444444444445,87.97479701042175,931.26468975842,10.585584978935497,0.8145814538002014,0.6952272432821768,0.8585709929466248,0.016937868844358397,0.005652089382549171,30.0,60.0,30.0,60.0,60.0,420.0,460.0,0.011827649067412297,0.10875499559750024,0.04375325200721177,5.808939999161786,0.9286112239493942,0.7239053066733057,0.04375325200721177,0.09956556636812605,30.0,30.0,20.0,-10.0,10.0,160.0,100.0,100.0,140.0,110.0,110.0,130.0,70.0,70.0,130.0,70.0,70.0,415.0,445.0,15.811388300841896
E10C,sample_000222,samples/sample_000222.npz,sample_000222_prediction.npz,0.01386506762355566,0.019293924793601036,0.5449960100249474,0.24567280848687884,0.39444195428059164,880,3582,4.070454545454545,741.6331243515015,2586.213461369276,3.4871870962218843,0.8427649140357971,0.8209102190353653,0.8794583082199097,0.0025737169359575595,0.013967058077948083,60.0,110.0,50.0,160.0,110.0,470.0,245.0,0.044689187115362725,0.21139817197734403,0.09398612647083938,2.6371596886619657,0.9917051412250605,1.1077014226375073,0.09398612647083938,0.18935626513630358,60.0,50.0,20.0,-40.0,40.0,160.0,50.0,50.0,140.0,90.0,90.0,210.0,50.0,50.0,170.0,60.0,60.0,465.0,235.0,11.180339887498949
E10C,sample_001459,samples/sample_001459.npz,sample_001459_prediction.npz,0.0029850006103515625,0.00634235143661499,0.29583915953515777,0.0628053035589672,0.11818778726198292,90,1433,15.922222222222222,68.3198869228363,655.7040664553642,9.59755784133465,0.7591098546981812,0.5585858189397388,0.6407487988471985,0.04271093056898608,0.002948597322511598,50.0,70.0,20.0,50.0,90.0,295.0,495.0,0.005576859326430194,0.07467837254808245,0.03029591816063835,6.839634470745218,0.9595849844377773,0.49784806846614627,0.03029591816063835,0.06825698989286076,50.0,20.0,20.0,-30.0,30.0,160.0,90.0,90.0,140.0,120.0,120.0,110.0,60.0,60.0,180.0,90.0,90.0,305.0,470.0,26.92582403567252
E10C,sample_001967,samples/sample_001967.npz,sample_001967_prediction.npz,0.0038691239897161722,0.01125058438628912,0.14803166211039875,0.02097902097902098,0.0410958904109589,72,3432,47.666666666666664,34.3732488155365,1121.8870368525386,32.63837651404811,0.47740623354911804,0.3491872565613853,0.5499894618988037,0.017026997229899064,0.0038594797396402872,20.0,40.0,20.0,90.0,40.0,195.0,120.0,0.016342402155638314,0.1278374051505987,0.05643721253227618,13.163145600168477,0.6273902210202372,0.6755531359226745,0.05643721253227618,0.11470502690477434,20.0,20.0,20.0,0.0,0.0,160.0,120.0,120.0,140.0,120.0,120.0,220.0,130.0,130.0,180.0,140.0,140.0,240.0,170.0,67.26812023536856
E10C,sample_001694,samples/sample_001694.npz,sample_001694_prediction.npz,0.005701588932424784,0.008462019264698029,0.5199764781728519,0.20860927152317882,0.3452054794520548,315,1510,4.7936507936507935,200.4263225197792,1032.276639059186,5.15040452811439,0.6362740397453308,0.8098116956059895,0.8770818114280701,0.03207404245021136,0.005616810726327617,50.0,100.0,50.0,90.0,70.0,305.0,215.0,0.012510368753514455,0.11184975973829561,0.043599637153869504,4.233593836497846,0.9858939742240793,0.8101872346265931,0.043599637153869504,0.10300213781065605,50.0,50.0,20.0,-30.0,30.0,160.0,60.0,60.0,140.0,90.0,90.0,130.0,40.0,40.0,130.0,60.0,60.0,305.0,205.0,10.0
E10C,sample_001125,samples/sample_001125.npz,sample_001125_prediction.npz,0.00392687926068902,0.009080297313630581,0.24381666020753487,0.04308797127468582,0.08261617900172118,96,2228,23.208333333333332,81.36629676818848,907.3602262213826,11.151548764796807,0.8475655913352966,0.5005052738512555,0.6648635864257812,0.12206844351677144,0.0038113935756733065,60.0,80.0,20.0,80.0,60.0,450.0,180.0,0.010696230130755413,0.1034225803717709,0.042561511297389665,9.100232481006879,0.9803975573056976,0.6476864546884977,0.042561511297389665,0.09425894062017451,60.0,20.0,20.0,-40.0,40.0,160.0,80.0,80.0,140.0,120.0,120.0,170.0,90.0,90.0,140.0,80.0,80.0,445.0,190.0,11.180339887498949
E10C,sample_001461,samples/sample_001461.npz,sample_001461_prediction.npz,0.0025118933990597725,0.004967225715517998,0.5835098997395496,0.26755852842809363,0.42216358839050133,320,1196,3.7375,154.81274604797363,643.1109030842781,4.15412115282155,0.4837898313999176,0.6258020548149943,0.7253739833831787,0.021129867015762048,0.0024510899276904176,40.0,120.0,80.0,50.0,80.0,365.0,240.0,0.0045563736882590225,0.06750091620310811,0.025743355182820626,3.325899355181655,0.9869616251940438,0.5173935800031433,0.025743355182820626,0.06239914544439023,40.0,80.0,20.0,-20.0,20.0,160.0,40.0,40.0,140.0,60.0,60.0,100.0,50.0,50.0,120.0,40.0,40.0,360.0,230.0,11.180339887498949
