sample_index,sample_id,relative_path,x_start,x_end,y_start,y_end,z_start,z_end,width_x,width_y,thickness_z,top_depth_m,bottom_depth_m,width_x_m,width_y_m,thickness_z_m,center_x_m,center_y_m,center_depth_m,density_contrast,gravity_minimum_mgal,gravity_maximum_mgal,gravity_mean_mgal,gravity_std_mgal
0,sample_000000,samples/sample_000000.npz,20,36,50,55,8,11,16,5,3,80.0,110.0,160.0,50.0,30.0,275.0,520.0,95.0,0.5823011515635614,0.00020745197252836078,0.0775640606880188,0.00670601474121213,0.012319356203079224
1,sample_000001,samples/sample_000001.npz,47,54,37,46,4,9,7,9,5,40.0,90.0,70.0,90.0,50.0,500.0,410.0,65.0,0.5125959519207172,0.00015423748118337244,0.19944466650485992,0.008551808074116707,0.022672884166240692
2,sample_000002,samples/sample_000002.npz,51,59,24,40,7,14,8,16,7,70.0,140.0,80.0,160.0,70.0,545.0,315.0,105.0,0.5030300855112483,0.0007394989370368421,0.2171403467655182,0.02056531049311161,0.03608061373233795
3,sample_000003,samples/sample_000003.npz,25,32,0,12,6,11,7,12,5,60.0,110.0,70.0,120.0,50.0,280.0,55.0,85.0,0.5888399509141371,0.00028071622364223003,0.18181265890598297,0.011644557118415833,0.025626081973314285
4,sample_000004,samples/sample_000004.npz,50,60,17,29,7,9,10,12,2,70.0,90.0,100.0,120.0,20.0,545.0,225.0,80.0,0.3684879516949954,9.201480861520395e-05,0.06407105177640915,0.004344649612903595,0.009352886117994785
5,sample_000005,samples/sample_000005.npz,53,61,46,53,8,12,8,7,4,80.0,120.0,80.0,70.0,40.0,565.0,490.0,100.0,0.6378219029684873,0.00014323825598694384,0.0860166847705841,0.006275247782468796,0.012750832363963127
6,sample_000006,samples/sample_000006.npz,24,34,23,36,5,10,10,13,5,50.0,100.0,100.0,130.0,50.0,285.0,290.0,75.0,0.657265292946634,0.0009554697899147868,0.3393673300743103,0.022748170420527458,0.04792746156454086
7,sample_000007,samples/sample_000007.npz,47,61,38,52,8,13,14,14,5,80.0,130.0,140.0,140.0,50.0,535.0,445.0,105.0,0.9073043414323758,0.0011300717014819384,0.38849031925201416,0.03995608538389206,0.06877687573432922
8,sample_000008,samples/sample_000008.npz,12,25,47,60,7,10,13,13,3,70.0,100.0,130.0,130.0,30.0,180.0,530.0,85.0,0.9925207538285843,0.0005228757509030402,0.30260464549064636,0.02429485321044922,0.04854363948106766
9,sample_000009,samples/sample_000009.npz,44,55,33,37,7,10,11,4,3,70.0,100.0,110.0,40.0,30.0,490.0,345.0,85.0,0.5473759913336271,0.00010902636859100312,0.05564504861831665,0.0036350993905216455,0.007532438263297081
10,sample_000010,samples/sample_000010.npz,12,28,44,60,5,12,16,16,7,50.0,120.0,160.0,160.0,70.0,195.0,515.0,85.0,0.7524312741276036,0.0015196921303868294,0.71918785572052,0.06589323282241821,0.12512555718421936
11,sample_000011,samples/sample_000011.npz,57,62,7,19,4,12,5,12,8,40.0,120.0,50.0,120.0,80.0,590.0,125.0,80.0,0.8188030068467509,0.0002877027145586908,0.36302483081817627,0.018078286200761795,0.045832760632038116
12,sample_000012,samples/sample_000012.npz,13,28,21,30,5,11,15,9,6,50.0,110.0,150.0,90.0,60.0,200.0,250.0,80.0,0.8109834552387294,0.0010387651855126023,0.4673852026462555,0.03405243903398514,0.0690310075879097
13,sample_000013,samples/sample_000013.npz,0,11,49,59,3,10,11,10,7,30.0,100.0,110.0,100.0,70.0,50.0,535.0,65.0,0.7933045807495349,0.00035067787393927574,0.6609764695167542,0.02966303750872612,0.08352931588888168
14,sample_000014,samples/sample_000014.npz,21,26,2,11,8,13,5,9,5,80.0,130.0,50.0,90.0,50.0,230.0,60.0,105.0,0.20754495623670338,5.907006561756134e-05,0.026306351646780968,0.0020575602538883686,0.003954942803829908
15,sample_000015,samples/sample_000015.npz,18,31,22,30,7,10,13,8,3,70.0,100.0,130.0,80.0,30.0,240.0,255.0,85.0,0.6645448098260138,0.000400352495489642,0.14106634259223938,0.010685236193239689,0.020628241822123528
16,sample_000016,samples/sample_000016.npz,16,32,19,34,3,9,16,15,6,30.0,90.0,160.0,150.0,60.0,235.0,260.0,60.0,0.9019100585343176,0.0018061207374557853,1.0076147317886353,0.07143691927194595,0.1610032469034195
17,sample_000017,samples/sample_000017.npz,51,58,14,24,4,11,7,10,7,40.0,110.0,70.0,100.0,70.0,540.0,185.0,75.0,0.455060168177182,0.00020038375805597752,0.22601784765720367,0.011148051358759403,0.027530690655112267
18,sample_000018,samples/sample_000018.npz,37,48,14,25,7,11,11,11,4,70.0,110.0,110.0,110.0,40.0,420.0,190.0,90.0,0.7556496255102603,0.0005592061788775027,0.22660768032073975,0.018278617411851883,0.03440456464886665
19,sample_000019,samples/sample_000019.npz,25,36,38,44,6,14,11,6,8,60.0,140.0,110.0,60.0,80.0,300.0,405.0,100.0,0.26977642699442983,0.0003462411987129599,0.08934824168682098,0.0070653194561600685,0.012699471786618233
20,sample_000020,samples/sample_000020.npz,25,38,18,26,4,9,13,8,5,40.0,90.0,130.0,80.0,50.0,310.0,215.0,65.0,0.527739747723183,0.0004427119856700301,0.2813532054424286,0.014910202473402023,0.03606877848505974
21,sample_000021,samples/sample_000021.npz,30,36,4,14,2,7,6,10,5,20.0,70.0,60.0,100.0,50.0,325.0,85.0,45.0,0.39044082342939723,8.269063982879743e-05,0.24379059672355652,0.006504162680357695,0.023176198825240135
22,sample_000022,samples/sample_000022.npz,20,29,48,64,4,12,9,16,8,40.0,120.0,90.0,160.0,80.0,240.0,555.0,80.0,0.4605694393624532,0.0005555253010243177,0.3816881775856018,0.02581654116511345,0.05681170895695686
23,sample_000023,samples/sample_000023.npz,29,43,29,34,3,11,14,5,8,30.0,110.0,140.0,50.0,80.0,355.0,310.0,70.0,0.225758546632446,0.00027198914904147387,0.13453370332717896,0.006823094096034765,0.0163711030036211
24,sample_000024,samples/sample_000024.npz,28,39,7,12,8,10,11,5,2,80.0,100.0,110.0,50.0,20.0,330.0,90.0,90.0,0.9409740811696254,0.00014437429490499198,0.07044381648302078,0.004984349478036165,0.010098823346197605
25,sample_000025,samples/sample_000025.npz,17,28,13,22,3,7,11,9,4,30.0,70.0,110.0,90.0,40.0,220.0,170.0,50.0,0.33140491519502346,0.00010953048331430182,0.1890653818845749,0.007333855610340834,0.021853581070899963
26,sample_000026,samples/sample_000026.npz,43,56,34,42,4,6,13,8,2,40.0,60.0,130.0,80.0,20.0,490.0,375.0,50.0,0.4725149145015195,8.226875797845423e-05,0.13159169256687164,0.005465256981551647,0.015815403312444687
27,sample_000027,samples/sample_000027.npz,16,32,5,21,8,10,16,16,2,80.0,100.0,160.0,160.0,20.0,235.0,125.0,90.0,0.7789084607655188,0.000541446905117482,0.19070497155189514,0.019412804394960403,0.03409770503640175
28,sample_000028,samples/sample_000028.npz,24,37,46,54,5,13,13,8,8,50.0,130.0,130.0,80.0,80.0,300.0,495.0,90.0,0.37916968038695953,0.0005106991739012301,0.21575239300727844,0.015633631497621536,0.030970314517617226
29,sample_000029,samples/sample_000029.npz,25,32,19,28,3,6,7,9,3,30.0,60.0,70.0,90.0,30.0,280.0,230.0,45.0,0.8378726965056633,0.00017154531087726355,0.3079783022403717,0.009071231819689274,0.03037162870168686
30,sample_000030,samples/sample_000030.npz,51,57,24,39,8,15,6,15,7,80.0,150.0,60.0,150.0,70.0,535.0,310.0,115.0,0.32340379562796207,0.00037168359267525375,0.08865233510732651,0.00909237191081047,0.014935653656721115
31,sample_000031,samples/sample_000031.npz,5,14,33,40,4,6,9,7,2,40.0,60.0,90.0,70.0,20.0,90.0,360.0,50.0,0.2199793810711709,2.0427507479325868e-05,0.04637809470295906,0.0015165895456448197,0.004827580880373716
32,sample_000032,samples/sample_000032.npz,39,50,15,31,5,10,11,16,5,50.0,100.0,110.0,160.0,50.0,440.0,225.0,75.0,0.8991662605211204,0.0010632460471242666,0.5518571734428406,0.04135499894618988,0.08503419160842896
33,sample_000033,samples/sample_000033.npz,29,38,22,32,3,8,9,10,5,30.0,80.0,90.0,100.0,50.0,330.0,265.0,55.0,0.6624796009659032,0.0004741621669381857,0.4129982590675354,0.016698498278856277,0.0470108836889267
34,sample_000034,samples/sample_000034.npz,28,36,15,29,5,13,8,14,8,50.0,130.0,80.0,140.0,80.0,315.0,215.0,90.0,0.4793614613190729,0.0009611937566660345,0.2854642868041992,0.02182631567120552,0.04151584580540657
35,sample_000035,samples/sample_000035.npz,39,54,50,63,4,8,15,13,4,40.0,80.0,150.0,130.0,40.0,460.0,560.0,60.0,0.7844032018316711,0.00040727786836214364,0.5199990272521973,0.031476426869630814,0.07854016125202179
36,sample_000036,samples/sample_000036.npz,45,61,40,51,6,11,16,11,5,60.0,110.0,160.0,110.0,50.0,525.0,450.0,85.0,0.3513652492027719,0.00032608097535558045,0.18412475287914276,0.014960872940719128,0.029777277261018753
37,sample_000037,samples/sample_000037.npz,31,39,24,32,8,11,8,8,3,80.0,110.0,80.0,80.0,30.0,345.0,275.0,95.0,0.7490368234415601,0.0003796981181949377,0.09221988171339035,0.007266462314873934,0.013186282478272915
38,sample_000038,samples/sample_000038.npz,22,34,24,34,5,7,12,10,2,50.0,70.0,120.0,100.0,20.0,275.0,285.0,60.0,0.6932820169050666,0.0002852167817763984,0.17517828941345215,0.009199677966535091,0.02271856926381588
39,sample_000039,samples/sample_000039.npz,39,43,26,34,4,8,4,8,4,40.0,80.0,40.0,80.0,40.0,405.0,295.0,60.0,0.6625174941681033,0.00012483478349167854,0.13352450728416443,0.004676335025578737,0.013229671865701675
40,sample_000040,samples/sample_000040.npz,29,40,33,49,5,8,11,16,3,50.0,80.0,110.0,160.0,30.0,340.0,405.0,65.0,0.6522510296859483,0.0005483193672262132,0.2768651247024536,0.018704568967223167,0.04132634401321411
41,sample_000041,samples/sample_000041.npz,24,39,20,24,2,7,15,4,5,20.0,70.0,150.0,40.0,50.0,310.0,215.0,45.0,0.20777721073326233,7.008036482147872e-05,0.1090286374092102,0.003567186649888754,0.011510202661156654
42,sample_000042,samples/sample_000042.npz,22,28,41,50,2,7,6,9,5,20.0,70.0,60.0,90.0,50.0,245.0,450.0,45.0,0.3092615172089288,6.917958671692759e-05,0.18382975459098816,0.004750254563987255,0.016822677105665207
43,sample_000043,samples/sample_000043.npz,29,36,28,43,3,6,7,15,3,30.0,60.0,70.0,150.0,30.0,320.0,350.0,45.0,0.9297482914906869,0.0004211781488265842,0.418952614068985,0.016821129247546196,0.050374794751405716
44,sample_000044,samples/sample_000044.npz,22,29,17,31,7,14,7,14,7,70.0,140.0,70.0,140.0,70.0,250.0,235.0,105.0,0.8129409408729518,0.0012691972078755498,0.28588467836380005,0.027189167216420174,0.045065682381391525
45,sample_000045,samples/sample_000045.npz,33,39,8,17,3,10,6,9,7,30.0,100.0,60.0,90.0,70.0,355.0,120.0,65.0,0.585696214499613,0.00023445836268365383,0.30761438608169556,0.011736441403627396,0.03243609890341759
46,sample_000046,samples/sample_000046.npz,26,42,49,63,4,6,16,14,2,40.0,60.0,160.0,140.0,20.0,335.0,555.0,50.0,0.5160173040865819,0.0001729973591864109,0.21055971086025238,0.012499935925006866,0.03241913393139839
47,sample_000047,samples/sample_000047.npz,7,12,55,64,3,5,5,9,2,30.0,50.0,50.0,90.0,20.0,90.0,590.0,40.0,0.8157948341691554,2.5150035071419552e-05,0.1781754344701767,0.00393795408308506,0.01592813991010189
48,sample_000048,samples/sample_000048.npz,38,50,13,17,5,8,12,4,3,50.0,80.0,120.0,40.0,30.0,435.0,145.0,65.0,0.33976363172654256,4.586749855661765e-05,0.05611920729279518,0.002593657234683633,0.006648109294474125
49,sample_000049,samples/sample_000049.npz,12,26,18,23,2,7,14,5,5,20.0,70.0,140.0,50.0,50.0,185.0,200.0,45.0,0.7705323508373183,0.00020066888828296214,0.4685242176055908,0.015284218825399876,0.05009472742676735
50,sample_000050,samples/sample_000050.npz,28,44,29,39,3,11,16,10,8,30.0,110.0,160.0,100.0,80.0,355.0,335.0,70.0,0.34452026054367046,0.0009075825219042599,0.3658110499382019,0.02377573773264885,0.05260585620999336
51,sample_000051,samples/sample_000051.npz,16,21,43,56,2,8,5,13,6,20.0,80.0,50.0,130.0,60.0,180.0,490.0,50.0,0.9579506174671706,0.00025668967282399535,0.6226570010185242,0.02063669264316559,0.06587742269039154
52,sample_000052,samples/sample_000052.npz,9,15,15,27,7,9,6,12,2,70.0,90.0,60.0,120.0,20.0,115.0,205.0,80.0,0.8023777904824065,0.0001248539047082886,0.09166626632213593,0.005780824925750494,0.012574386782944202
53,sample_000053,samples/sample_000053.npz,44,49,20,32,6,10,5,12,4,60.0,100.0,50.0,120.0,40.0,460.0,255.0,80.0,0.734401532534041,0.00025539606576785445,0.1455484926700592,0.009085023775696754,0.019410891458392143
54,sample_000054,samples/sample_000054.npz,8,17,4,17,8,11,9,13,3,80.0,110.0,90.0,130.0,30.0,120.0,100.0,95.0,0.589703997106479,0.00020671988022513688,0.11626449227333069,0.00942309107631445,0.01852446235716343
55,sample_000055,samples/sample_000055.npz,20,28,36,41,4,9,8,5,5,40.0,90.0,80.0,50.0,50.0,235.0,380.0,65.0,0.47082622661936213,0.00013508609845303,0.12938985228538513,0.00511937215924263,0.013593804091215134
56,sample_000056,samples/sample_000056.npz,12,24,51,55,3,7,12,4,4,30.0,70.0,120.0,40.0,40.0,175.0,525.0,50.0,0.486115979181251,5.740693450206891e-05,0.16013896465301514,0.005099425092339516,0.01637563295662403
57,sample_000057,samples/sample_000057.npz,24,36,4,11,7,10,12,7,3,70.0,100.0,120.0,70.0,30.0,295.0,70.0,85.0,0.5594899990243611,0.00017272846889682114,0.10050405561923981,0.006776344962418079,0.014412864111363888
58,sample_000058,samples/sample_000058.npz,8,16,46,54,4,8,8,8,4,40.0,80.0,80.0,80.0,40.0,115.0,495.0,60.0,0.34211798854958697,6.0000693338224664e-05,0.12014316767454147,0.004602470435202122,0.013183746486902237
59,sample_000059,samples/sample_000059.npz,50,59,32,41,2,10,9,9,8,20.0,100.0,90.0,90.0,80.0,540.0,360.0,60.0,0.9400558586085401,0.0005354364402592182,0.868538498878479,0.03232791647315025,0.09527503699064255
60,sample_000060,samples/sample_000060.npz,33,41,24,31,4,12,8,7,8,40.0,120.0,80.0,70.0,80.0,365.0,270.0,80.0,0.36709982204022884,0.0003378419787622988,0.1660802662372589,0.008637490682303905,0.0194470826536417
61,sample_000061,samples/sample_000061.npz,12,26,53,60,4,9,14,7,5,40.0,90.0,140.0,70.0,50.0,185.0,560.0,65.0,0.6081998361800318,0.0002209314698120579,0.30267035961151123,0.015183860436081886,0.03933712840080261
62,sample_000062,samples/sample_000062.npz,1,14,28,43,2,7,13,15,5,20.0,70.0,130.0,150.0,50.0,70.0,350.0,45.0,0.9681046825162396,0.000604430097155273,1.0362740755081177,0.05184202641248703,0.1499309241771698
63,sample_000063,samples/sample_000063.npz,37,48,3,14,5,10,11,11,5,50.0,100.0,110.0,110.0,50.0,420.0,80.0,75.0,0.532191217820781,0.0002993747766595334,0.26378771662712097,0.01599649153649807,0.036927469074726105
64,sample_000064,samples/sample_000064.npz,30,37,16,23,7,12,7,7,5,70.0,120.0,70.0,70.0,50.0,330.0,190.0,95.0,0.33894776967550994,0.00017071858746930957,0.05672403797507286,0.004140842705965042,0.007830346934497356
65,sample_000065,samples/sample_000065.npz,42,48,22,26,3,5,6,4,2,30.0,50.0,60.0,40.0,20.0,445.0,235.0,40.0,0.3186383439866961,1.1128172445751261e-05,0.047645773738622665,0.0008819876238703728,0.0035539763048291206
66,sample_000066,samples/sample_000066.npz,39,54,1,8,3,6,15,7,3,30.0,60.0,150.0,70.0,30.0,460.0,40.0,45.0,0.4180529396309754,6.057947393856011e-05,0.1883782595396042,0.007041809149086475,0.022771485149860382
67,sample_000067,samples/sample_000067.npz,32,48,37,50,5,13,16,13,8,50.0,130.0,160.0,130.0,80.0,395.0,430.0,90.0,0.602553111985221,0.0017013137694448233,0.5496573448181152,0.050426919013261795,0.09089943021535873
68,sample_000068,samples/sample_000068.npz,21,34,4,13,6,10,13,9,4,60.0,100.0,130.0,90.0,40.0,270.0,80.0,80.0,0.8692397290182241,0.0004606152360793203,0.29817304015159607,0.02002047933638096,0.043347954750061035
69,sample_000069,samples/sample_000069.npz,39,53,41,53,4,9,14,12,5,40.0,90.0,140.0,120.0,50.0,455.0,465.0,65.0,0.5565470437089544,0.0004419058095663786,0.4003434479236603,0.024777133017778397,0.05795906111598015
70,sample_000070,samples/sample_000070.npz,47,56,44,51,2,4,9,7,2,20.0,40.0,90.0,70.0,20.0,510.0,470.0,30.0,0.22753479532929888,1.0665708941814955e-05,0.08335504680871964,0.0016725088935345411,0.007394673768430948
71,sample_000071,samples/sample_000071.npz,51,61,42,58,3,8,10,16,5,30.0,80.0,100.0,160.0,50.0,555.0,495.0,55.0,0.950196374718226,0.0004332004173193127,0.7745826244354248,0.039729177951812744,0.10828384757041931
72,sample_000072,samples/sample_000072.npz,24,39,49,61,5,12,15,12,7,50.0,120.0,150.0,120.0,70.0,310.0,545.0,85.0,0.9044379796086117,0.0015192462597042322,0.7017310857772827,0.05540182814002037,0.11151063442230225
73,sample_000073,samples/sample_000073.npz,45,51,0,7,4,10,6,7,6,40.0,100.0,60.0,70.0,60.0,475.0,30.0,70.0,0.960857141891585,0.00016176998906303197,0.3062729239463806,0.011551100760698318,0.03310532495379448
74,sample_000074,samples/sample_000074.npz,12,22,40,53,8,14,10,13,6,80.0,140.0,100.0,130.0,60.0,165.0,460.0,110.0,0.2936956257509941,0.0003534421557560563,0.10404569655656815,0.010560555383563042,0.017440276220440865
75,sample_000075,samples/sample_000075.npz,13,24,34,42,7,11,11,8,4,70.0,110.0,110.0,80.0,40.0,180.0,375.0,90.0,0.7011835364614531,0.0004142348188906908,0.1639825701713562,0.01239290926605463,0.023737121373414993
76,sample_000076,samples/sample_000076.npz,43,52,43,50,7,11,9,7,4,70.0,110.0,90.0,70.0,40.0,470.0,460.0,90.0,0.34369209335569,0.0001086118645616807,0.06134062632918358,0.004248726647347212,0.008561329916119576
77,sample_000077,samples/sample_000077.npz,9,23,40,45,8,14,14,5,6,80.0,140.0,140.0,50.0,60.0,155.0,420.0,110.0,0.5529939983760436,0.0003872013185173273,0.11069215834140778,0.010798592120409012,0.017942631617188454
78,sample_000078,samples/sample_000078.npz,24,35,39,49,4,7,11,10,3,40.0,70.0,110.0,100.0,30.0,290.0,435.0,55.0,0.3314512381757112,0.00013221247354522347,0.13372598588466644,0.006080374121665955,0.01641620695590973
79,sample_000079,samples/sample_000079.npz,4,12,0,4,2,5,8,4,3,20.0,50.0,80.0,40.0,30.0,75.0,15.0,35.0,0.9637463281967422,2.529075209167786e-05,0.31449389457702637,0.004965363536030054,0.02362145483493805
80,sample_000080,samples/sample_000080.npz,34,47,36,44,2,7,13,8,5,20.0,70.0,130.0,80.0,50.0,400.0,395.0,45.0,0.4787336263885227,0.00023537442029919475,0.3911345601081848,0.014223450794816017,0.044803012162446976
81,sample_000081,samples/sample_000081.npz,34,42,7,22,2,5,8,15,3,20.0,50.0,80.0,150.0,30.0,375.0,140.0,35.0,0.5745234338916141,0.00012190077541163191,0.3516024351119995,0.012001256458461285,0.04160328209400177
82,sample_000082,samples/sample_000082.npz,19,23,24,30,8,11,4,6,3,80.0,110.0,40.0,60.0,30.0,205.0,265.0,95.0,0.49145527256784505,6.930571544216946e-05,0.024948833510279655,0.0017678749281913042,0.0033571228850632906
83,sample_000083,samples/sample_000083.npz,2,14,29,39,3,9,12,10,6,30.0,90.0,120.0,100.0,60.0,75.0,335.0,60.0,0.22406604491713944,0.0001435190933989361,0.18081018328666687,0.008462360128760338,0.022950217127799988
84,sample_000084,samples/sample_000084.npz,45,54,44,52,7,9,9,8,2,70.0,90.0,90.0,80.0,20.0,490.0,475.0,80.0,0.6772901445738391,9.95541995507665e-05,0.0803525522351265,0.004873127210885286,0.010768969543278217
85,sample_000085,samples/sample_000085.npz,4,8,37,45,5,11,4,8,6,50.0,110.0,40.0,80.0,60.0,55.0,405.0,80.0,0.9953341064435577,0.00018093915423378348,0.19267027080059052,0.009185751900076866,0.022602804005146027
86,sample_000086,samples/sample_000086.npz,45,49,3,10,4,11,4,7,7,40.0,110.0,40.0,70.0,70.0,465.0,60.0,75.0,0.9456680134255657,0.00014641668531112373,0.2277006357908249,0.009011773392558098,0.02420044131577015
87,sample_000087,samples/sample_000087.npz,9,25,24,33,2,4,16,9,2,20.0,40.0,160.0,90.0,20.0,165.0,280.0,30.0,0.8278355245381428,0.0001400801120325923,0.3955526351928711,0.01408786978572607,0.04979146271944046
88,sample_000088,samples/sample_000088.npz,5,21,17,33,2,7,16,16,5,20.0,70.0,160.0,160.0,50.0,125.0,245.0,45.0,0.872033054049786,0.0007884036749601364,1.0238852500915527,0.0625821128487587,0.16478301584720612
89,sample_000089,samples/sample_000089.npz,25,40,3,10,3,5,15,7,2,30.0,50.0,150.0,70.0,20.0,320.0,60.0,40.0,0.32708311713986654,4.013356374343857e-05,0.1084960326552391,0.0038299213629215956,0.012804562225937843
90,sample_000090,samples/sample_000090.npz,32,36,43,48,7,9,4,5,2,70.0,90.0,40.0,50.0,20.0,335.0,450.0,80.0,0.3374063972261927,2.2452084522228688e-05,0.013144530355930328,0.0006997495656833053,0.001562875579111278
91,sample_000091,samples/sample_000091.npz,32,38,46,60,8,13,6,14,5,80.0,130.0,60.0,140.0,50.0,345.0,525.0,105.0,0.314051292974615,0.00021766706777270883,0.06643277406692505,0.006094952579587698,0.010673818178474903
92,sample_000092,samples/sample_000092.npz,9,25,23,28,8,16,16,5,8,80.0,160.0,160.0,50.0,80.0,165.0,250.0,120.0,0.3527865265552321,0.00046762198326177895,0.09173300117254257,0.010312879458069801,0.01564866118133068
93,sample_000093,samples/sample_000093.npz,52,57,44,52,2,4,5,8,2,20.0,40.0,50.0,80.0,20.0,540.0,475.0,30.0,0.7512071158293232,2.0349332771729678e-05,0.21804477274417877,0.0034820574801415205,0.01668587699532509
94,sample_000094,samples/sample_000094.npz,15,25,38,46,4,9,10,8,5,40.0,90.0,100.0,80.0,50.0,195.0,415.0,65.0,0.22300732516634592,0.00010219583782600239,0.10322016477584839,0.004801156930625439,0.012215038761496544
95,sample_000095,samples/sample_000095.npz,25,31,48,59,3,8,6,11,5,30.0,80.0,60.0,110.0,50.0,275.0,530.0,55.0,0.4337700634644878,0.00012108097871532664,0.2160525619983673,0.007744800765067339,0.02322527766227722
96,sample_000096,samples/sample_000096.npz,52,61,33,47,3,10,9,14,7,30.0,100.0,90.0,140.0,70.0,560.0,395.0,65.0,0.30725299857992516,0.0002246551593998447,0.2691423296928406,0.013906481675803661,0.03583509102463722
97,sample_000097,samples/sample_000097.npz,13,18,28,39,7,10,5,11,3,70.0,100.0,50.0,110.0,30.0,150.0,330.0,85.0,0.38162406129919557,0.000101673103927169,0.047624703496694565,0.0031862908508628607,0.006528913509100676
98,sample_000098,samples/sample_000098.npz,12,26,32,42,7,14,14,10,7,70.0,140.0,140.0,100.0,70.0,185.0,365.0,105.0,0.5784619057172555,0.0011514266952872276,0.2764545679092407,0.027324087917804718,0.04511665925383568
99,sample_000099,samples/sample_000099.npz,7,11,12,16,4,7,4,4,3,40.0,70.0,40.0,40.0,30.0,85.0,135.0,55.0,0.8294001997182849,2.3122956918086857e-05,0.08229729533195496,0.002103193663060665,0.007046323269605637
100,sample_000100,samples/sample_000100.npz,7,11,30,43,2,7,4,13,5,20.0,70.0,40.0,130.0,50.0,85.0,360.0,45.0,0.8666723554680504,0.0001468661503167823,0.43813419342041016,0.012521861121058464,0.04332906752824783
101,sample_000101,samples/sample_000101.npz,8,16,51,64,5,8,8,13,3,50.0,80.0,80.0,130.0,30.0,115.0,570.0,65.0,0.4764147715662276,9.17095021577552e-05,0.1472640037536621,0.007322308607399464,0.019405504688620567
102,sample_000102,samples/sample_000102.npz,41,51,12,23,4,9,10,11,5,40.0,90.0,100.0,110.0,50.0,455.0,170.0,65.0,0.5703672773877432,0.00029955600621178746,0.32336828112602234,0.016667764633893967,0.041492823511362076
103,sample_000103,samples/sample_000103.npz,46,60,21,28,6,10,14,7,4,60.0,100.0,140.0,70.0,40.0,525.0,240.0,80.0,0.9970838266696098,0.0004478860355447978,0.29165521264076233,0.019484201446175575,0.04180030897259712
104,sample_000104,samples/sample_000104.npz,21,31,41,55,2,5,10,14,3,20.0,50.0,100.0,140.0,30.0,255.0,475.0,35.0,0.29018999468979223,7.53215717850253e-05,0.19380928575992584,0.007092106156051159,0.02396944724023342
105,sample_000105,samples/sample_000105.npz,15,28,30,43,3,6,13,13,3,30.0,60.0,130.0,130.0,30.0,210.0,360.0,45.0,0.3438520567611396,0.00017272518016397953,0.20600174367427826,0.009955568239092827,0.028073715046048164
106,sample_000106,samples/sample_000106.npz,30,41,23,30,7,9,11,7,2,70.0,90.0,110.0,70.0,20.0,350.0,260.0,80.0,0.6076186970277863,0.00019682178390212357,0.0744275152683258,0.004909570794552565,0.010132995434105396
107,sample_000107,samples/sample_000107.npz,53,60,49,63,7,10,7,14,3,70.0,100.0,70.0,140.0,30.0,560.0,555.0,85.0,0.2618071885553499,5.770249481429346e-05,0.0518588162958622,0.003436119994148612,0.007784023880958557
108,sample_000108,samples/sample_000108.npz,34,50,50,62,5,7,16,12,2,50.0,70.0,160.0,120.0,20.0,415.0,555.0,60.0,0.6914738976110106,0.00019869040988851339,0.22300460934638977,0.013819687999784946,0.033667273819446564
109,sample_000109,samples/sample_000109.npz,28,38,27,34,4,9,10,7,5,40.0,90.0,100.0,70.0,50.0,325.0,300.0,65.0,0.5369377491873798,0.00040497450390830636,0.2240285873413086,0.010280712507665157,0.025955965742468834
110,sample_000110,samples/sample_000110.npz,10,17,24,30,2,7,7,6,5,20.0,70.0,70.0,60.0,50.0,130.0,265.0,45.0,0.4635946621396003,7.237913087010384e-05,0.24214915931224823,0.005491087678819895,0.02039167284965515
111,sample_000111,samples/sample_000111.npz,34,38,21,29,5,13,4,8,8,50.0,130.0,40.0,80.0,80.0,355.0,245.0,90.0,0.753745409757403,0.0004208564350847155,0.16694959998130798,0.009856073185801506,0.02022589184343815
112,sample_000112,samples/sample_000112.npz,2,15,23,28,8,13,13,5,5,80.0,130.0,130.0,50.0,50.0,80.0,250.0,105.0,0.5648137652792543,0.00025841675233095884,0.09522973001003265,0.00826865155249834,0.015085098333656788
113,sample_000113,samples/sample_000113.npz,53,63,18,28,5,9,10,10,4,50.0,90.0,100.0,100.0,40.0,575.0,225.0,70.0,0.5933520521682216,0.00019826821517199278,0.22579079866409302,0.011763330549001694,0.029493363574147224
114,sample_000114,samples/sample_000114.npz,49,64,29,45,8,10,15,16,2,80.0,100.0,150.0,160.0,20.0,560.0,365.0,90.0,0.6724820537541432,0.00039594832924194634,0.1580159068107605,0.015076535753905773,0.028004208579659462
115,sample_000115,samples/sample_000115.npz,46,58,47,61,4,6,12,14,2,40.0,60.0,120.0,140.0,20.0,515.0,535.0,50.0,0.735970250652668,0.00012884344323538244,0.2667333781719208,0.013201907277107239,0.03701227903366089
116,sample_000116,samples/sample_000116.npz,49,54,21,34,7,13,5,13,6,70.0,130.0,50.0,130.0,60.0,510.0,270.0,100.0,0.4886402766409633,0.00030217369203455746,0.10945853590965271,0.009071341715753078,0.016597291454672813
117,sample_000117,samples/sample_000117.npz,2,6,8,17,2,10,4,9,8,20.0,100.0,40.0,90.0,80.0,35.0,120.0,60.0,0.29781135205650977,4.617633385350928e-05,0.15807725489139557,0.004267891403287649,0.014417869038879871
118,sample_000118,samples/sample_000118.npz,29,45,58,64,5,13,16,6,8,50.0,130.0,160.0,60.0,80.0,365.0,605.0,90.0,0.36265099928464545,0.0002939174300990999,0.18171808123588562,0.012417594902217388,0.02704135701060295
119,sample_000119,samples/sample_000119.npz,5,11,27,37,4,12,6,10,8,40.0,120.0,60.0,100.0,80.0,75.0,315.0,80.0,0.5049575505079639,0.00029548208112828434,0.23622043430805206,0.011948498897254467,0.02853967249393463
120,sample_000120,samples/sample_000120.npz,50,55,14,28,2,4,5,14,2,20.0,40.0,50.0,140.0,20.0,520.0,205.0,30.0,0.9033224956910024,5.121761932969093e-05,0.3049165904521942,0.007392277009785175,0.03029804863035679
121,sample_000121,samples/sample_000121.npz,43,49,54,63,2,5,6,9,3,20.0,50.0,60.0,90.0,30.0,455.0,580.0,35.0,0.783173102098575,4.713648013421334e-05,0.35091230273246765,0.007112536113709211,0.030402589589357376
122,sample_000122,samples/sample_000122.npz,46,52,31,44,8,16,6,13,8,80.0,160.0,60.0,130.0,80.0,485.0,370.0,120.0,0.9981855270204449,0.0012356555089354515,0.266976922750473,0.028284942731261253,0.04410093277692795
123,sample_000123,samples/sample_000123.npz,17,30,9,24,3,7,13,15,4,30.0,70.0,130.0,150.0,40.0,230.0,160.0,50.0,0.45816516524155326,0.00029945775168016553,0.3577044904232025,0.019917581230401993,0.05220280587673187
124,sample_000124,samples/sample_000124.npz,53,63,38,49,2,10,10,11,8,20.0,100.0,100.0,110.0,80.0,575.0,430.0,60.0,0.7713258461083334,0.00046048397780396044,0.8383616209030151,0.034898605197668076,0.10149539262056351
125,sample_000125,samples/sample_000125.npz,7,13,13,29,8,14,6,16,6,80.0,140.0,60.0,160.0,60.0,95.0,205.0,110.0,0.43709402633248157,0.0003486043424345553,0.11376170814037323,0.011252310127019882,0.019211420789361
126,sample_000126,samples/sample_000126.npz,22,30,50,56,7,9,8,6,2,70.0,90.0,80.0,60.0,20.0,255.0,525.0,80.0,0.2728927351852563,3.0914681701688096e-05,0.023205352947115898,0.0013131945161148906,0.0029549028258770704
127,sample_000127,samples/sample_000127.npz,23,30,55,59,3,11,7,4,8,30.0,110.0,70.0,40.0,80.0,260.0,565.0,70.0,0.7934138854022472,0.00016381799650844187,0.2669292390346527,0.008982603438198566,0.025637025013566017
128,sample_000128,samples/sample_000128.npz,29,35,46,62,3,10,6,16,7,30.0,100.0,60.0,160.0,70.0,315.0,535.0,65.0,0.41909458729910204,0.0003039839502889663,0.2892051935195923,0.0146895507350564,0.03737028315663338
129,sample_000129,samples/sample_000129.npz,4,13,18,31,7,9,9,13,2,70.0,90.0,90.0,130.0,20.0,80.0,240.0,80.0,0.8976451064883175,0.00022266802261583507,0.1508033722639084,0.010302831418812275,0.022180864587426186
130,sample_000130,samples/sample_000130.npz,21,29,5,17,5,12,8,12,7,50.0,120.0,80.0,120.0,70.0,245.0,105.0,85.0,0.5191532330755264,0.0004272232763469219,0.263307124376297,0.0171688050031662,0.03650246933102608
131,sample_000131,samples/sample_000131.npz,13,17,25,34,4,12,4,9,8,40.0,120.0,40.0,90.0,80.0,145.0,290.0,80.0,0.21373374187547914,8.947408787207678e-05,0.0651402547955513,0.003158754203468561,0.007391845341771841
132,sample_000132,samples/sample_000132.npz,49,59,45,60,8,10,10,15,2,80.0,100.0,100.0,150.0,20.0,535.0,520.0,90.0,0.9166968828826836,0.00025180692318826914,0.1552332639694214,0.012602130882441998,0.02531176060438156
133,sample_000133,samples/sample_000133.npz,37,45,20,31,6,14,8,11,8,60.0,140.0,80.0,110.0,80.0,405.0,250.0,100.0,0.7944155083873499,0.0011737727327272296,0.3378963768482208,0.027623364701867104,0.04932856932282448
134,sample_000134,samples/sample_000134.npz,14,29,47,59,8,14,15,12,6,80.0,140.0,150.0,120.0,60.0,210.0,525.0,110.0,0.2745972080013429,0.0004290760844014585,0.12448462098836899,0.013339943252503872,0.022025736048817635
135,sample_000135,samples/sample_000135.npz,21,26,44,58,4,8,5,14,4,40.0,80.0,50.0,140.0,40.0,230.0,505.0,60.0,0.21080970244989958,5.2941959438612685e-05,0.06922582536935806,0.003164037363603711,0.008424428291618824
136,sample_000136,samples/sample_000136.npz,4,9,56,64,2,6,5,8,4,20.0,60.0,50.0,80.0,40.0,60.0,595.0,40.0,0.7756804210935522,3.9285623643081635e-05,0.34352022409439087,0.006561854854226112,0.028329143300652504
137,sample_000137,samples/sample_000137.npz,12,21,16,27,8,12,9,11,4,80.0,120.0,90.0,110.0,40.0,160.0,210.0,100.0,0.6729958918703116,0.000411921733757481,0.14584992825984955,0.012808051891624928,0.022747281938791275
138,sample_000138,samples/sample_000138.npz,24,36,22,33,3,7,12,11,4,30.0,70.0,120.0,110.0,40.0,295.0,270.0,50.0,0.3395653771192027,0.0002613739052321762,0.22496329247951508,0.010166366584599018,0.02838483639061451
139,sample_000139,samples/sample_000139.npz,45,56,24,36,7,9,11,12,2,70.0,90.0,110.0,120.0,20.0,500.0,295.0,80.0,0.9637510996881506,0.0003599677584134042,0.179059237241745,0.012925677932798862,0.02653564140200615
140,sample_000140,samples/sample_000140.npz,15,21,27,43,8,10,6,16,2,80.0,100.0,60.0,160.0,20.0,175.0,345.0,90.0,0.5818549545580736,0.00020029873121529818,0.06613358855247498,0.005611049477010965,0.01027686707675457
141,sample_000141,samples/sample_000141.npz,6,11,31,39,4,11,5,8,7,40.0,110.0,50.0,80.0,70.0,80.0,345.0,75.0,0.6920079636727972,0.0002116407558787614,0.2236366719007492,0.00974496640264988,0.024815764278173447
142,sample_000142,samples/sample_000142.npz,37,50,18,33,3,6,13,15,3,30.0,60.0,130.0,150.0,30.0,430.0,250.0,45.0,0.5166820864013048,0.00027376486104913056,0.3258752226829529,0.017220428213477135,0.047010328620672226
143,sample_000143,samples/sample_000143.npz,28,40,13,27,8,15,12,14,7,80.0,150.0,120.0,140.0,70.0,335.0,195.0,115.0,0.4306877558372265,0.0012579101603478193,0.20561863481998444,0.023847708478569984,0.03572281077504158
144,sample_000144,samples/sample_000144.npz,12,16,41,51,7,15,4,10,8,70.0,150.0,40.0,100.0,80.0,135.0,455.0,110.0,0.5166440440056412,0.00023670573136769235,0.09101636707782745,0.007555648218840361,0.01349115464836359
145,sample_000145,samples/sample_000145.npz,24,34,4,19,7,15,10,15,8,70.0,150.0,100.0,150.0,80.0,285.0,110.0,110.0,0.9181605701253936,0.0019299383275210857,0.49523377418518066,0.050320450216531754,0.08386684209108353
146,sample_000146,samples/sample_000146.npz,1,12,40,53,4,7,11,13,3,40.0,70.0,110.0,130.0,30.0,60.0,460.0,55.0,0.6663966720060721,0.00016958815103862435,0.307295560836792,0.014900005422532558,0.041309159249067307
147,sample_000147,samples/sample_000147.npz,12,25,28,41,5,7,13,13,2,50.0,70.0,130.0,130.0,20.0,180.0,340.0,60.0,0.7723513030642546,0.00032805834780447185,0.23540544509887695,0.01426635030657053,0.033846139907836914
148,sample_000148,samples/sample_000148.npz,57,61,26,35,6,12,4,9,6,60.0,120.0,40.0,90.0,60.0,585.0,300.0,90.0,0.8621016645370339,0.00022380486188922077,0.14553077518939972,0.008578168228268623,0.019091935828328133
149,sample_000149,samples/sample_000149.npz,26,41,14,21,2,4,15,7,2,20.0,40.0,150.0,70.0,20.0,330.0,170.0,30.0,0.7748147902798181,0.00010175520583288744,0.3243577778339386,0.009630471467971802,0.036398451775312424
150,sample_000150,samples/sample_000150.npz,32,41,20,28,5,8,9,8,3,50.0,80.0,90.0,80.0,30.0,360.0,235.0,65.0,0.5033500607486536,0.0001665262971073389,0.12463442236185074,0.005916061345487833,0.014761601574718952
151,sample_000151,samples/sample_000151.npz,3,7,25,33,5,8,4,8,3,50.0,80.0,40.0,80.0,30.0,45.0,285.0,65.0,0.2978229179032972,2.4342873075511307e-05,0.038188859820365906,0.0014410801231861115,0.004089819733053446
152,sample_000152,samples/sample_000152.npz,3,16,18,28,4,10,13,10,6,40.0,100.0,130.0,100.0,60.0,90.0,225.0,70.0,0.7142023141066649,0.0005166419432498515,0.49402952194213867,0.028395604342222214,0.06797152012586594
153,sample_000153,samples/sample_000153.npz,55,62,52,63,2,10,7,11,8,20.0,100.0,70.0,110.0,80.0,580.0,570.0,60.0,0.8345949645585902,0.0002516529057174921,0.7315500378608704,0.025069378316402435,0.08065587282180786
154,sample_000154,samples/sample_000154.npz,1,13,44,54,7,9,12,10,2,70.0,90.0,120.0,100.0,20.0,65.0,485.0,80.0,0.35005112444043684,6.89135558786802e-05,0.060865338891744614,0.003967496566474438,0.008923212066292763
155,sample_000155,samples/sample_000155.npz,32,38,44,54,7,11,6,10,4,70.0,110.0,60.0,100.0,40.0,345.0,485.0,90.0,0.3429446631422488,0.00013319331628736109,0.05833286792039871,0.004090989474207163,0.0080966055393219
156,sample_000156,samples/sample_000156.npz,14,19,38,53,2,7,5,15,5,20.0,70.0,50.0,150.0,50.0,160.0,450.0,45.0,0.6496310473277617,0.0001597348164068535,0.40154555439949036,0.01371580921113491,0.04442906752228737
157,sample_000157,samples/sample_000157.npz,16,21,52,61,5,10,5,9,5,50.0,100.0,50.0,90.0,50.0,180.0,560.0,75.0,0.6124445318328228,0.00011596660624491051,0.1422172486782074,0.006766445469111204,0.01703435555100441
158,sample_000158,samples/sample_000158.npz,43,53,17,27,2,4,10,10,2,20.0,40.0,100.0,100.0,20.0,475.0,215.0,30.0,0.2984070235870901,2.833811959135346e-05,0.1326839178800583,0.0035162600688636303,0.013946748338639736
159,sample_000159,samples/sample_000159.npz,43,59,39,44,5,11,16,5,6,50.0,110.0,160.0,50.0,60.0,505.0,410.0,80.0,0.32050570099526765,0.000178338450496085,0.11624101549386978,0.00773503165692091,0.01655174419283867
160,sample_000160,samples/sample_000160.npz,54,63,2,13,6,14,9,11,8,60.0,140.0,90.0,110.0,80.0,580.0,70.0,100.0,0.7573353552880362,0.0004952606977894902,0.35377827286720276,0.024605698883533478,0.05378517135977745
161,sample_000161,samples/sample_000161.npz,43,57,12,16,8,16,14,4,8,80.0,160.0,140.0,40.0,80.0,495.0,135.0,120.0,0.8433315989837613,0.0005319861811585724,0.16194787621498108,0.016351256519556046,0.027056775987148285
162,sample_000162,samples/sample_000162.npz,44,53,1,6,7,14,9,5,7,70.0,140.0,90.0,50.0,70.0,480.0,30.0,105.0,0.605184773503524,0.0001867264072643593,0.1122245043516159,0.007882998324930668,0.01646748185157776
163,sample_000163,samples/sample_000163.npz,51,61,37,51,3,5,10,14,2,30.0,50.0,100.0,140.0,20.0,555.0,435.0,40.0,0.6152726946197704,8.225730562116951e-05,0.24628885090351105,0.009614918380975723,0.030998989939689636
164,sample_000164,samples/sample_000164.npz,18,27,33,45,2,4,9,12,2,20.0,40.0,90.0,120.0,20.0,220.0,385.0,30.0,0.7952688461787167,0.00010869036486838013,0.3576403558254242,0.010195828974246979,0.03919508308172226
165,sample_000165,samples/sample_000165.npz,20,32,11,22,6,14,12,11,8,60.0,140.0,120.0,110.0,80.0,255.0,160.0,100.0,0.8130188858516527,0.0014923784183338284,0.4732630252838135,0.04160009324550629,0.07378099858760834
166,sample_000166,samples/sample_000166.npz,1,6,20,30,4,9,5,10,5,40.0,90.0,50.0,100.0,50.0,30.0,245.0,65.0,0.9228819418882435,0.00017302251944784075,0.2924319803714752,0.01140172965824604,0.032712649554014206
167,sample_000167,samples/sample_000167.npz,47,52,45,56,8,15,5,11,7,80.0,150.0,50.0,110.0,70.0,490.0,500.0,115.0,0.42255720470714375,0.00021988230582792312,0.07746104896068573,0.007165136747062206,0.012384970672428608
168,sample_000168,samples/sample_000168.npz,24,34,35,46,8,13,10,11,5,80.0,130.0,100.0,110.0,50.0,285.0,400.0,105.0,0.35402484683168595,0.0004852457204833627,0.09802132099866867,0.009515591897070408,0.015579009428620338
169,sample_000169,samples/sample_000169.npz,24,33,8,21,2,7,9,13,5,20.0,70.0,90.0,130.0,50.0,280.0,140.0,45.0,0.6766733079869205,0.00031787672196514904,0.5865548849105835,0.02236039750277996,0.07003530114889145
170,sample_000170,samples/sample_000170.npz,57,62,5,15,8,12,5,10,4,80.0,120.0,50.0,100.0,40.0,590.0,95.0,100.0,0.8953011708452796,0.0001526687410660088,0.10660325735807419,0.007405325770378113,0.01596999727189541
171,sample_000171,samples/sample_000171.npz,46,55,9,13,3,5,9,4,2,30.0,50.0,90.0,40.0,20.0,500.0,105.0,40.0,0.6488364763077721,2.0620980649255216e-05,0.12026525288820267,0.00261681922711432,0.010263989679515362
172,sample_000172,samples/sample_000172.npz,45,54,38,46,6,8,9,8,2,60.0,80.0,90.0,80.0,20.0,490.0,415.0,70.0,0.45921214564720564,6.921861495357007e-05,0.06700266897678375,0.0034568114206194878,0.008334722369909286
173,sample_000173,samples/sample_000173.npz,24,34,22,28,3,10,10,6,7,30.0,100.0,100.0,60.0,70.0,285.0,245.0,65.0,0.8669425777666184,0.0006020207074470818,0.48539668321609497,0.019857356324791908,0.05245451256632805
174,sample_000174,samples/sample_000174.npz,34,42,42,56,4,9,8,14,5,40.0,90.0,80.0,140.0,50.0,375.0,485.0,65.0,0.6783989948872378,0.00041789785609580576,0.37525513768196106,0.020253393799066544,0.04938257858157158
175,sample_000175,samples/sample_000175.npz,30,41,40,53,3,9,11,13,6,30.0,90.0,110.0,130.0,60.0,350.0,460.0,60.0,0.8307043149728166,0.0008394909673370421,0.73023921251297,0.03887971490621567,0.0981152206659317
176,sample_000176,samples/sample_000176.npz,12,28,32,39,5,9,16,7,4,50.0,90.0,160.0,70.0,40.0,195.0,350.0,70.0,0.6528667617770079,0.0004370883107185364,0.24545614421367645,0.01559538021683693,0.03453196957707405
177,sample_000177,samples/sample_000177.npz,19,31,37,43,5,11,12,6,6,50.0,110.0,120.0,60.0,60.0,245.0,395.0,80.0,0.4055537556457042,0.00030316493939608335,0.1490754336118698,0.00914374366402626,0.019492071121931076
178,sample_000178,samples/sample_000178.npz,18,29,46,62,6,9,11,16,3,60.0,90.0,110.0,160.0,30.0,230.0,535.0,75.0,0.7942484307284456,0.0004295755934435874,0.2862851023674011,0.021021025255322456,0.04480314254760742
179,sample_000179,samples/sample_000179.npz,8,24,24,29,6,9,16,5,3,60.0,90.0,160.0,50.0,30.0,155.0,260.0,75.0,0.21757411608665045,6.924786430317909e-05,0.04108876734972,0.0027112928219139576,0.00583332683891058
180,sample_000180,samples/sample_000180.npz,27,34,25,31,4,10,7,6,6,40.0,100.0,70.0,60.0,60.0,300.0,275.0,70.0,0.427615128477047,0.00022302301658783108,0.136302188038826,0.005817778874188662,0.01459883525967598
181,sample_000181,samples/sample_000181.npz,28,39,37,45,4,11,11,8,7,40.0,110.0,110.0,80.0,70.0,330.0,405.0,75.0,0.7584924922894787,0.0008677398436702788,0.4432697296142578,0.024771152064204216,0.05604987591505051
182,sample_000182,samples/sample_000182.npz,23,38,29,37,5,11,15,8,6,50.0,110.0,150.0,80.0,60.0,300.0,325.0,80.0,0.8461974565208115,0.001610848936252296,0.4465150535106659,0.03205364942550659,0.06438962370157242
183,sample_000183,samples/sample_000183.npz,19,32,45,56,8,14,13,11,6,80.0,140.0,130.0,110.0,60.0,250.0,500.0,110.0,0.5291225751810547,0.0007778393337503076,0.2020961493253708,0.020980631932616234,0.034287746995687485
184,sample_000184,samples/sample_000184.npz,10,17,49,53,6,11,7,4,5,60.0,110.0,70.0,40.0,50.0,130.0,505.0,85.0,0.778815536374533,0.0001061476141330786,0.09690666198730469,0.005281445104628801,0.011992589570581913
185,sample_000185,samples/sample_000185.npz,24,32,36,41,5,13,8,5,8,50.0,130.0,80.0,50.0,80.0,275.0,380.0,90.0,0.839332843593561,0.0005956537206657231,0.22703348100185394,0.013726909644901752,0.028009817004203796
186,sample_000186,samples/sample_000186.npz,16,20,27,31,3,11,4,4,8,30.0,110.0,40.0,40.0,80.0,175.0,285.0,70.0,0.7043973114302104,0.0001255727984244004,0.15418052673339844,0.004803490359336138,0.013341548852622509
187,sample_000187,samples/sample_000187.npz,43,48,0,16,8,10,5,16,2,80.0,100.0,50.0,160.0,20.0,450.0,75.0,90.0,0.6988979174229939,0.00011467890726635233,0.06686930358409882,0.0051779611967504025,0.010463641956448555
188,sample_000188,samples/sample_000188.npz,51,60,51,57,4,9,9,6,5,40.0,90.0,90.0,60.0,50.0,550.0,535.0,65.0,0.4659665723827107,7.753445242997259e-05,0.1615903377532959,0.006273447070270777,0.017939254641532898
189,sample_000189,samples/sample_000189.npz,30,35,4,16,3,6,5,12,3,30.0,60.0,50.0,120.0,30.0,320.0,95.0,45.0,0.30328619452394945,4.043728404212743e-05,0.09935560077428818,0.003040800103917718,0.010230360552668571
190,sample_000190,samples/sample_000190.npz,30,35,15,28,2,7,5,13,5,20.0,70.0,50.0,130.0,50.0,320.0,210.0,45.0,0.3040902232422423,0.00010950533032882959,0.18080779910087585,0.005652281921356916,0.0186995230615139
191,sample_000191,samples/sample_000191.npz,51,63,29,35,8,10,12,6,2,80.0,100.0,120.0,60.0,20.0,565.0,315.0,90.0,0.516165543280098,9.908433275995776e-05,0.04893014580011368,0.0034788239281624556,0.007169170770794153
192,sample_000192,samples/sample_000192.npz,38,52,1,10,5,10,14,9,5,50.0,100.0,140.0,90.0,50.0,445.0,50.0,75.0,0.9513313457530024,0.0004842040943913162,0.4735645651817322,0.028819942846894264,0.06796703487634659
193,sample_000193,samples/sample_000193.npz,5,15,34,38,8,15,10,4,7,80.0,150.0,100.0,40.0,70.0,95.0,355.0,115.0,0.8488172315489486,0.00040180879295803607,0.11696412414312363,0.010583720169961452,0.018176982179284096
194,sample_000194,samples/sample_000194.npz,37,50,45,52,4,12,13,7,8,40.0,120.0,130.0,70.0,80.0,430.0,480.0,80.0,0.8483121437621688,0.0007271830108948052,0.5215795040130615,0.031386759132146835,0.0695127621293068
195,sample_000195,samples/sample_000195.npz,29,45,2,10,5,8,16,8,3,50.0,80.0,160.0,80.0,30.0,365.0,55.0,65.0,0.48673387518577677,0.00015825137961655855,0.16592495143413544,0.00947435200214386,0.023381924256682396
196,sample_000196,samples/sample_000196.npz,17,23,3,14,2,10,6,11,8,20.0,100.0,60.0,110.0,80.0,195.0,80.0,60.0,0.6511661819687117,0.0002472724881954491,0.5170174241065979,0.017995597794651985,0.05445612221956253
197,sample_000197,samples/sample_000197.npz,35,45,2,7,2,4,10,5,2,20.0,40.0,100.0,50.0,20.0,395.0,40.0,30.0,0.8976157552747548,3.161346830893308e-05,0.28065118193626404,0.00512878829613328,0.02368844486773014
198,sample_000198,samples/sample_000198.npz,26,37,35,50,3,7,11,15,4,30.0,70.0,110.0,150.0,40.0,310.0,420.0,50.0,0.9723033483190442,0.0007942676893435419,0.7016744613647461,0.0362030491232872,0.09669695794582367
199,sample_000199,samples/sample_000199.npz,16,28,41,56,3,8,12,15,5,30.0,80.0,120.0,150.0,50.0,215.0,480.0,55.0,0.7603318125376113,0.0005863163387402892,0.666732132434845,0.03745054081082344,0.09563074260950089
200,sample_000200,samples/sample_000200.npz,0,12,53,64,6,12,12,11,6,60.0,120.0,120.0,110.0,60.0,55.0,580.0,90.0,0.2744560853477075,0.0001571169268572703,0.13568350672721863,0.009098838083446026,0.020924467593431473
201,sample_000201,samples/sample_000201.npz,39,50,49,53,8,14,11,4,6,80.0,140.0,110.0,40.0,60.0,440.0,505.0,110.0,0.7861302466790849,0.00030071480432525277,0.10652320086956024,0.009464188478887081,0.016522850841283798
202,sample_000202,samples/sample_000202.npz,14,30,36,48,6,10,16,12,4,60.0,100.0,160.0,120.0,40.0,215.0,415.0,80.0,0.5662618216826578,0.0006527025252580643,0.27001461386680603,0.02247627079486847,0.04326270893216133
203,sample_000203,samples/sample_000203.npz,25,37,22,35,4,12,12,13,8,40.0,120.0,120.0,130.0,80.0,305.0,280.0,80.0,0.9314094672290456,0.0028544683009386063,0.8432368040084839,0.061120081692934036,0.12362837791442871
204,sample_000204,samples/sample_000204.npz,43,49,19,35,8,14,6,16,6,80.0,140.0,60.0,160.0,60.0,455.0,265.0,110.0,0.6054736964358632,0.0007143100374378264,0.15758559107780457,0.01652127504348755,0.026257313787937164
205,sample_000205,samples/sample_000205.npz,37,44,45,54,7,15,7,9,8,70.0,150.0,70.0,90.0,80.0,400.0,490.0,110.0,0.29306944141669233,0.00024673540610820055,0.07935509830713272,0.006864999420940876,0.01193680614233017
206,sample_000206,samples/sample_000206.npz,23,35,5,13,4,7,12,8,3,40.0,70.0,120.0,80.0,30.0,285.0,85.0,55.0,0.8190743063310679,0.00019436742877587676,0.3006225526332855,0.012675580568611622,0.03596397861838341
207,sample_000207,samples/sample_000207.npz,41,49,38,54,3,7,8,16,4,30.0,70.0,80.0,160.0,40.0,445.0,455.0,50.0,0.49942213422980236,0.00019745664030779153,0.3075268566608429,0.014224651269614697,0.039771027863025665
208,sample_000208,samples/sample_000208.npz,43,58,48,59,6,8,15,11,2,60.0,80.0,150.0,110.0,20.0,500.0,530.0,70.0,0.7553410869157671,0.00018999511667061597,0.1891547292470932,0.012472870759665966,0.028620027005672455
209,sample_000209,samples/sample_000209.npz,5,12,14,29,3,9,7,15,6,30.0,90.0,70.0,150.0,60.0,80.0,210.0,60.0,0.6586920021247377,0.00030960573349148035,0.45870721340179443,0.021761370822787285,0.05870159715414047
210,sample_000210,samples/sample_000210.npz,15,25,18,28,3,9,10,10,6,30.0,90.0,100.0,100.0,60.0,195.0,225.0,60.0,0.9421818730685152,0.0006166031234897673,0.69141685962677,0.030886612832546234,0.08248024433851242
211,sample_000211,samples/sample_000211.npz,36,44,15,25,6,8,8,10,2,60.0,80.0,80.0,100.0,20.0,395.0,195.0,70.0,0.39337745647565997,8.220065501518548e-05,0.06200600787997246,0.00334821455180645,0.007830850780010223
212,sample_000212,samples/sample_000212.npz,29,36,48,64,6,14,7,16,8,60.0,140.0,70.0,160.0,80.0,320.0,555.0,100.0,0.984051525213357,0.0013324510073289275,0.47520771622657776,0.04025047644972801,0.07569096237421036
213,sample_000213,samples/sample_000213.npz,29,43,8,23,8,12,14,15,4,80.0,120.0,140.0,150.0,40.0,355.0,150.0,100.0,0.7244764347655686,0.0010889805853366852,0.2756572961807251,0.02930258959531784,0.04832731559872627
214,sample_000214,samples/sample_000214.npz,47,58,11,24,4,6,11,13,2,40.0,60.0,110.0,130.0,20.0,520.0,170.0,50.0,0.5439830313774974,9.630082786316052e-05,0.1822356879711151,0.008487941697239876,0.023984771221876144
215,sample_000215,samples/sample_000215.npz,57,61,41,47,2,4,4,6,2,20.0,40.0,40.0,60.0,20.0,585.0,435.0,30.0,0.7116632957207709,1.1194033504580148e-05,0.15898892283439636,0.001953883096575737,0.010217358358204365
216,sample_000216,samples/sample_000216.npz,18,28,40,51,8,15,10,11,7,80.0,150.0,100.0,110.0,70.0,225.0,450.0,115.0,0.36213539605576045,0.0005419647786766291,0.12414897978305817,0.012965294532477856,0.020453447476029396
217,sample_000217,samples/sample_000217.npz,39,43,29,36,8,13,4,7,5,80.0,130.0,40.0,70.0,50.0,405.0,320.0,105.0,0.8405318124847987,0.0003081565664615482,0.0695321261882782,0.005759227555245161,0.009948144666850567
218,sample_000218,samples/sample_000218.npz,23,33,28,44,2,7,10,16,5,20.0,70.0,100.0,160.0,50.0,275.0,355.0,45.0,0.6132115979220445,0.00061536964494735,0.5992018580436707,0.02814745344221592,0.08051818609237671
219,sample_000219,samples/sample_000219.npz,28,41,34,42,5,7,13,8,2,50.0,70.0,130.0,80.0,20.0,340.0,375.0,60.0,0.857707734406314,0.0002895541547331959,0.19344462454319,0.00985464546829462,0.024613510817289352
220,sample_000220,samples/sample_000220.npz,0,15,53,64,7,11,15,11,4,70.0,110.0,150.0,110.0,40.0,70.0,580.0,90.0,0.7223231364416982,0.00035725338966585696,0.2667631506919861,0.020165832713246346,0.04404320940375328
221,sample_000221,samples/sample_000221.npz,7,13,36,46,2,4,6,10,2,20.0,40.0,60.0,100.0,20.0,95.0,405.0,30.0,0.27558642595623506,1.3421296898741275e-05,0.09745485335588455,0.0019289462361484766,0.00852231215685606
222,sample_000222,samples/sample_000222.npz,46,62,16,27,6,11,16,11,5,60.0,110.0,160.0,110.0,50.0,535.0,210.0,85.0,0.8427649388781568,0.000817270134575665,0.4416312873363495,0.03585946932435036,0.07138662040233612
223,sample_000223,samples/sample_000223.npz,50,58,45,56,6,9,8,11,3,60.0,90.0,80.0,110.0,30.0,535.0,500.0,75.0,0.2458987870638194,5.203999899094924e-05,0.056441742926836014,0.0031925695948302746,0.007570269517600536
224,sample_000224,samples/sample_000224.npz,31,40,14,22,7,9,9,8,2,70.0,90.0,90.0,80.0,20.0,350.0,175.0,80.0,0.5412624350821327,0.00012289751612115651,0.06421445310115814,0.004029465839266777,0.008556845597922802
225,sample_000225,samples/sample_000225.npz,47,54,20,36,4,7,7,16,3,40.0,70.0,70.0,160.0,30.0,500.0,275.0,55.0,0.4948974929092671,0.00015523725596722215,0.18421056866645813,0.0091026546433568,0.024097127839922905
226,sample_000226,samples/sample_000226.npz,3,8,53,61,2,8,5,8,6,20.0,80.0,50.0,80.0,60.0,50.0,565.0,50.0,0.5346681212475293,5.300755947246216e-05,0.28497496247291565,0.006580052897334099,0.0249018594622612
227,sample_000227,samples/sample_000227.npz,39,50,10,24,4,7,11,14,3,40.0,70.0,110.0,140.0,30.0,440.0,165.0,55.0,0.9714772436879422,0.00037532090209424496,0.4637318253517151,0.024574769660830498,0.06359999626874924
228,sample_000228,samples/sample_000228.npz,26,42,24,37,3,6,16,13,3,30.0,60.0,160.0,130.0,30.0,335.0,300.0,45.0,0.43124807661798414,0.00039768466376699507,0.27791276574134827,0.015451941639184952,0.0410924106836319
229,sample_000229,samples/sample_000229.npz,16,24,60,64,4,9,8,4,5,40.0,90.0,80.0,40.0,50.0,195.0,615.0,65.0,0.711878377851388,7.386916695395485e-05,0.16207368671894073,0.005478424485772848,0.016670970246195793
230,sample_000230,samples/sample_000230.npz,29,40,47,52,7,15,11,5,8,70.0,150.0,110.0,50.0,80.0,340.0,490.0,110.0,0.9892650556466507,0.0008426395361311734,0.2307431995868683,0.020384086295962334,0.034944549202919006
231,sample_000231,samples/sample_000231.npz,3,10,4,17,6,14,7,13,8,60.0,140.0,70.0,130.0,80.0,60.0,100.0,100.0,0.5114082867809959,0.00033669930417090654,0.21716125309467316,0.0158903319388628,0.033209268003702164
232,sample_000232,samples/sample_000232.npz,51,57,29,45,2,10,6,16,8,20.0,100.0,60.0,160.0,80.0,535.0,365.0,60.0,0.8081827678497719,0.0005482438136823475,0.7357848286628723,0.03302762657403946,0.09044390171766281
233,sample_000233,samples/sample_000233.npz,38,51,22,33,7,10,13,11,3,70.0,100.0,130.0,110.0,30.0,440.0,270.0,85.0,0.3702397478733513,0.0002730185224208981,0.10054034739732742,0.008113018237054348,0.015449631959199905
234,sample_000234,samples/sample_000234.npz,38,49,16,20,8,14,11,4,6,80.0,140.0,110.0,40.0,60.0,430.0,175.0,110.0,0.3231823155526301,0.00014613712846767157,0.043792251497507095,0.003998227883130312,0.006751282140612602
235,sample_000235,samples/sample_000235.npz,5,17,36,51,4,11,12,15,7,40.0,110.0,120.0,150.0,70.0,105.0,430.0,75.0,0.7500763029041742,0.0009236733894795179,0.6821268796920776,0.047656457871198654,0.10420247167348862
236,sample_000236,samples/sample_000236.npz,2,14,43,52,4,12,12,9,8,40.0,120.0,120.0,90.0,80.0,75.0,470.0,80.0,0.9700300027104123,0.0007279880810528994,0.6926134824752808,0.040333669632673264,0.09430275857448578
237,sample_000237,samples/sample_000237.npz,18,32,50,60,6,9,14,10,3,60.0,90.0,140.0,100.0,30.0,245.0,545.0,75.0,0.24987819290877306,0.00010739780555013567,0.0787620097398758,0.005256096366792917,0.011592943221330643
238,sample_000238,samples/sample_000238.npz,28,44,1,13,5,12,16,12,7,50.0,120.0,160.0,120.0,70.0,355.0,65.0,85.0,0.7356040132269086,0.0011468591401353478,0.5915725827217102,0.04708758741617203,0.09586433321237564
239,sample_000239,samples/sample_000239.npz,17,23,42,56,2,5,6,14,3,20.0,50.0,60.0,140.0,30.0,195.0,485.0,35.0,0.2558702969888061,3.291656685178168e-05,0.13121220469474792,0.0037324330769479275,0.013806836679577827
240,sample_000240,samples/sample_000240.npz,23,38,24,39,3,9,15,15,6,30.0,90.0,150.0,150.0,60.0,300.0,310.0,60.0,0.870335982659969,0.0024236266035586596,0.9459786415100098,0.06500598788261414,0.1476922631263733
241,sample_000241,samples/sample_000241.npz,28,36,4,16,6,9,8,12,3,60.0,90.0,80.0,120.0,30.0,315.0,95.0,75.0,0.26463886110946205,9.424135350855067e-05,0.06437785923480988,0.0038554188795387745,0.008756140246987343
242,sample_000242,samples/sample_000242.npz,43,54,13,27,4,9,11,14,5,40.0,90.0,110.0,140.0,50.0,480.0,195.0,65.0,0.21822690116421928,0.00016048249381128699,0.14883407950401306,0.00890786200761795,0.02109915018081665
243,sample_000243,samples/sample_000243.npz,39,50,32,45,2,7,11,13,5,20.0,70.0,110.0,130.0,50.0,440.0,380.0,45.0,0.560567956533323,0.00034966637031175196,0.534824013710022,0.022821765393018723,0.06829112768173218
244,sample_000244,samples/sample_000244.npz,9,15,47,59,6,10,6,12,4,60.0,100.0,60.0,120.0,40.0,115.0,525.0,80.0,0.9197806194195024,0.0002235669962828979,0.21569488942623138,0.012780200690031052,0.02928093820810318
245,sample_000245,samples/sample_000245.npz,1,13,26,34,2,5,12,8,3,20.0,50.0,120.0,80.0,30.0,65.0,295.0,35.0,0.4366408519048685,6.363113061524928e-05,0.25308752059936523,0.007137196604162455,0.026982609182596207
246,sample_000246,samples/sample_000246.npz,17,29,45,57,8,12,12,12,4,80.0,120.0,120.0,120.0,40.0,225.0,505.0,100.0,0.4741696066458017,0.0003968511300627142,0.13839563727378845,0.012915595434606075,0.022712526842951775
247,sample_000247,samples/sample_000247.npz,17,21,29,41,2,6,4,12,4,20.0,60.0,40.0,120.0,40.0,185.0,345.0,40.0,0.9369144971952845,0.00015069442451931536,0.41297978162765503,0.010392937809228897,0.03818759694695473
248,sample_000248,samples/sample_000248.npz,8,12,26,41,5,8,4,15,3,50.0,80.0,40.0,150.0,30.0,95.0,330.0,65.0,0.997122192087579,0.00018580483447294682,0.18284213542938232,0.009401902556419373,0.02345801517367363
249,sample_000249,samples/sample_000249.npz,24,33,5,21,5,8,9,16,3,50.0,80.0,90.0,160.0,30.0,280.0,125.0,65.0,0.24927266510384138,0.0001187919988296926,0.09234704822301865,0.005695572588592768,0.013277046382427216
250,sample_000250,samples/sample_000250.npz,16,21,48,58,3,5,5,10,2,30.0,50.0,50.0,100.0,20.0,180.0,525.0,40.0,0.27292052000803413,1.363389765174361e-05,0.06264610588550568,0.0015400522388517857,0.005791923962533474
251,sample_000251,samples/sample_000251.npz,22,36,45,60,5,10,14,15,5,50.0,100.0,140.0,150.0,50.0,285.0,520.0,75.0,0.4771147405213568,0.0006114641437307,0.3292446732521057,0.02550763264298439,0.05291189253330231
252,sample_000252,samples/sample_000252.npz,20,35,31,35,4,6,15,4,2,40.0,60.0,150.0,40.0,20.0,270.0,325.0,50.0,0.4152014324367905,7.52209743950516e-05,0.07048521935939789,0.0028254580684006214,0.008116143755614758
253,sample_000253,samples/sample_000253.npz,5,18,33,46,6,12,13,13,6,60.0,120.0,130.0,130.0,60.0,110.0,390.0,90.0,0.279221561359454,0.00036894294316880405,0.16306951642036438,0.013720590621232986,0.026188166812062263
254,sample_000254,samples/sample_000254.npz,40,53,56,63,6,13,13,7,7,60.0,130.0,130.0,70.0,70.0,460.0,590.0,95.0,0.6441032372161397,0.0003918310976587236,0.2547997236251831,0.018018832430243492,0.03818589448928833
255,sample_000255,samples/sample_000255.npz,36,49,1,9,2,4,13,8,2,20.0,40.0,130.0,80.0,20.0,420.0,45.0,30.0,0.5203038190406011,3.676977939903736e-05,0.22749952971935272,0.0061832694336771965,0.024766050279140472
256,sample_000256,samples/sample_000256.npz,50,54,38,47,6,12,4,9,6,60.0,120.0,40.0,90.0,60.0,515.0,420.0,90.0,0.5399672178619397,0.0001423654903192073,0.09115148335695267,0.005669345613569021,0.01192204374819994
257,sample_000257,samples/sample_000257.npz,30,37,19,28,8,16,7,9,8,80.0,160.0,70.0,90.0,80.0,330.0,230.0,120.0,0.8275098231699369,0.001218869467265904,0.1894354373216629,0.019604476168751717,0.029861871153116226
258,sample_000258,samples/sample_000258.npz,31,43,33,47,7,12,12,14,5,70.0,120.0,120.0,140.0,50.0,365.0,395.0,95.0,0.7515436513309226,0.0013784340117126703,0.3332062363624573,0.031650301069021225,0.054228998720645905
259,sample_000259,samples/sample_000259.npz,39,43,43,53,4,7,4,10,3,40.0,70.0,40.0,100.0,30.0,405.0,475.0,55.0,0.7174683510709243,7.633092172909528e-05,0.13820263743400574,0.004732117522507906,0.014099039137363434
260,sample_000260,samples/sample_000260.npz,30,41,11,16,4,8,11,5,4,40.0,80.0,110.0,50.0,40.0,350.0,130.0,60.0,0.5253266359763402,0.00011845524568343535,0.15371978282928467,0.006242412142455578,0.017211858183145523
261,sample_000261,samples/sample_000261.npz,5,13,17,30,7,12,8,13,5,70.0,120.0,80.0,130.0,50.0,85.0,230.0,95.0,0.5767499382975229,0.00037163286469876766,0.17639902234077454,0.014043721370398998,0.027154525741934776
262,sample_000262,samples/sample_000262.npz,17,28,57,64,3,6,11,7,3,30.0,60.0,110.0,70.0,30.0,220.0,600.0,45.0,0.20567784608756565,2.3594691811013035e-05,0.08308326452970505,0.0025327729526907206,0.008824771270155907
263,sample_000263,samples/sample_000263.npz,15,22,10,19,3,6,7,9,3,30.0,60.0,70.0,90.0,30.0,180.0,140.0,45.0,0.40722257038956694,4.761548188980669e-05,0.14968349039554596,0.0043176449835300446,0.014785253442823887
264,sample_000264,samples/sample_000264.npz,22,34,23,37,2,7,12,14,5,20.0,70.0,120.0,140.0,50.0,275.0,295.0,45.0,0.5834445476172143,0.0006577413878403604,0.5943459868431091,0.02813686802983284,0.08040033280849457
265,sample_000265,samples/sample_000265.npz,23,36,13,26,2,5,13,13,3,20.0,50.0,130.0,130.0,30.0,290.0,190.0,35.0,0.4105888841758047,0.00015914911637082696,0.29365912079811096,0.012180803343653679,0.0391978919506073
266,sample_000266,samples/sample_000266.npz,24,36,53,60,4,9,12,7,5,40.0,90.0,120.0,70.0,50.0,295.0,560.0,65.0,0.5332940713888342,0.00021122099133208394,0.24640537798404694,0.011540092527866364,0.030333517119288445
267,sample_000267,samples/sample_000267.npz,15,25,12,26,4,12,10,14,8,40.0,120.0,100.0,140.0,80.0,195.0,185.0,80.0,0.653172022949642,0.0009425749885849655,0.5483931303024292,0.03748917207121849,0.07898230105638504
268,sample_000268,samples/sample_000268.npz,4,13,14,29,2,5,9,15,3,20.0,50.0,90.0,150.0,30.0,80.0,210.0,35.0,0.7162747009473132,0.00012729864101856947,0.4620477259159088,0.016535965725779533,0.0571896918118
269,sample_000269,samples/sample_000269.npz,10,19,3,15,5,10,9,12,5,50.0,100.0,90.0,120.0,50.0,140.0,85.0,75.0,0.42957357572417765,0.00018572082626633346,0.19603709876537323,0.0113619240000844,0.02691357210278511
270,sample_000270,samples/sample_000270.npz,8,17,41,48,7,12,9,7,5,70.0,120.0,90.0,70.0,50.0,120.0,440.0,95.0,0.7094088346244332,0.0002781107905320823,0.14667271077632904,0.010652570053935051,0.020982570946216583
271,sample_000271,samples/sample_000271.npz,33,42,41,56,8,11,9,15,3,80.0,110.0,90.0,150.0,30.0,370.0,480.0,95.0,0.7080067931449348,0.00046937947627156973,0.15338048338890076,0.014006407000124454,0.024878378957509995
272,sample_000272,samples/sample_000272.npz,18,27,18,27,4,12,9,9,8,40.0,120.0,90.0,90.0,80.0,220.0,220.0,80.0,0.3785920907283837,0.0003747078881133348,0.22395652532577515,0.012739521451294422,0.028237221762537956
273,sample_000273,samples/sample_000273.npz,36,49,14,22,2,4,13,8,2,20.0,40.0,130.0,80.0,20.0,420.0,175.0,30.0,0.6010788186192544,6.220345676410943e-05,0.2628178596496582,0.007380352355539799,0.02856447920203209
274,sample_000274,samples/sample_000274.npz,24,33,47,53,6,8,9,6,2,60.0,80.0,90.0,60.0,20.0,280.0,495.0,70.0,0.8153378546488377,0.00010672301868908107,0.09414155036211014,0.004625470843166113,0.011282007209956646
275,sample_000275,samples/sample_000275.npz,34,41,57,63,5,9,7,6,4,50.0,90.0,70.0,60.0,40.0,370.0,595.0,70.0,0.29863442722226186,4.23548262915574e-05,0.05925225839018822,0.00244690477848053,0.006677929777652025
276,sample_000276,samples/sample_000276.npz,32,45,7,20,2,5,13,13,3,20.0,50.0,130.0,130.0,30.0,380.0,130.0,35.0,0.48743549353489446,0.0001392849226249382,0.3486209213733673,0.014310544356703758,0.04657571762800217
277,sample_000277,samples/sample_000277.npz,45,51,42,56,5,7,6,14,2,50.0,70.0,60.0,140.0,20.0,475.0,485.0,60.0,0.5832442591058662,7.671968342037871e-05,0.10892238467931747,0.00522215710952878,0.013670823536813259
278,sample_000278,samples/sample_000278.npz,54,61,11,25,6,9,7,14,3,60.0,90.0,70.0,140.0,30.0,570.0,175.0,75.0,0.8294292067444629,0.0001980063389055431,0.19697263836860657,0.011831801384687424,0.027744052931666374
279,sample_000279,samples/sample_000279.npz,15,29,16,30,7,9,14,14,2,70.0,90.0,140.0,140.0,20.0,215.0,225.0,80.0,0.3474498467529563,0.00021075154654681683,0.08355704694986343,0.007050210610032082,0.013449640944600105
280,sample_000280,samples/sample_000280.npz,28,42,25,34,7,13,14,9,6,70.0,130.0,140.0,90.0,60.0,345.0,290.0,100.0,0.6826717955148642,0.001510830596089363,0.2719086706638336,0.025736365467309952,0.04310261085629463
281,sample_000281,samples/sample_000281.npz,54,64,20,30,4,7,10,10,3,40.0,70.0,100.0,100.0,30.0,585.0,245.0,55.0,0.7466618430629406,0.00014965006266720593,0.2867044508457184,0.011640527285635471,0.034284558147192
282,sample_000282,samples/sample_000282.npz,40,49,0,14,3,7,9,14,4,30.0,70.0,90.0,140.0,40.0,440.0,65.0,50.0,0.394310436914898,0.00011387956328690052,0.24901500344276428,0.010606719180941582,0.031583722680807114
283,sample_000283,samples/sample_000283.npz,53,57,3,15,6,10,4,12,4,60.0,100.0,40.0,120.0,40.0,545.0,85.0,80.0,0.8207551791079548,0.00011781874491134658,0.13285250961780548,0.007364972960203886,0.017657609656453133
284,sample_000284,samples/sample_000284.npz,4,8,50,60,7,11,4,10,4,70.0,110.0,40.0,100.0,40.0,55.0,545.0,90.0,0.5221968754297813,6.518915324704722e-05,0.060947343707084656,0.003650546306744218,0.008419159799814224
285,sample_000285,samples/sample_000285.npz,18,31,25,30,6,11,13,5,5,60.0,110.0,130.0,50.0,50.0,240.0,270.0,85.0,0.8400120091096648,0.0005509433685801923,0.20171380043029785,0.014095581136643887,0.028030745685100555
286,sample_000286,samples/sample_000286.npz,30,43,7,23,4,9,13,16,5,40.0,90.0,130.0,160.0,50.0,360.0,145.0,65.0,0.8926958595448438,0.0010670857736840844,0.710923969745636,0.04946954920887947,0.11043831706047058
287,sample_000287,samples/sample_000287.npz,8,21,27,41,3,5,13,14,2,30.0,50.0,130.0,140.0,20.0,140.0,335.0,40.0,0.5153106510874732,0.00013973205932416022,0.22949105501174927,0.010743155144155025,0.03182941675186157
288,sample_000288,samples/sample_000288.npz,0,8,43,47,6,12,8,4,6,60.0,120.0,80.0,40.0,60.0,35.0,445.0,90.0,0.9860890784300471,0.00017461094830650836,0.15222661197185516,0.008449137210845947,0.01958802528679371
289,sample_000289,samples/sample_000289.npz,19,34,40,46,6,11,15,6,5,60.0,110.0,150.0,60.0,50.0,260.0,425.0,85.0,0.7672946439234274,0.0006032248493283987,0.23712602257728577,0.017701558768749237,0.03456329554319382
290,sample_000290,samples/sample_000290.npz,13,20,7,16,2,10,7,9,8,20.0,100.0,70.0,90.0,80.0,160.0,110.0,60.0,0.9668653457100038,0.0003496561839710921,0.7685657739639282,0.025763463228940964,0.07859579473733902
291,sample_000291,samples/sample_000291.npz,3,11,38,44,4,12,8,6,8,40.0,120.0,80.0,60.0,80.0,65.0,405.0,80.0,0.418174515724672,0.00015652418369427323,0.167954683303833,0.007793484255671501,0.01932292990386486
292,sample_000292,samples/sample_000292.npz,49,58,22,30,8,15,9,8,7,80.0,150.0,90.0,80.0,70.0,530.0,255.0,115.0,0.65010567883577,0.000537556828930974,0.15606589615345,0.014628225937485695,0.02481367439031601
293,sample_000293,samples/sample_000293.npz,26,39,36,45,7,15,13,9,8,70.0,150.0,130.0,90.0,80.0,320.0,400.0,110.0,0.7280742591172003,0.0019030346302315593,0.3256632089614868,0.0328998826444149,0.05237143486738205
294,sample_000294,samples/sample_000294.npz,13,21,1,17,8,14,8,16,6,80.0,140.0,80.0,160.0,60.0,165.0,85.0,110.0,0.5780618309466061,0.000546806026250124,0.1953909695148468,0.01927880384027958,0.03369922190904617
295,sample_000295,samples/sample_000295.npz,23,34,6,19,7,14,11,13,7,70.0,140.0,110.0,130.0,70.0,280.0,120.0,105.0,0.4015858600666298,0.0006871151272207499,0.19585981965065002,0.018798578530550003,0.03225471451878548
296,sample_000296,samples/sample_000296.npz,39,46,8,18,5,13,7,10,8,50.0,130.0,70.0,100.0,80.0,420.0,125.0,90.0,0.7744369785084133,0.0005453585763461888,0.33177754282951355,0.02118396945297718,0.044266607612371445
297,sample_000297,samples/sample_000297.npz,26,42,50,61,6,14,16,11,8,60.0,140.0,160.0,110.0,80.0,335.0,550.0,100.0,0.9541568060163397,0.0019890135154128075,0.6682500839233398,0.06190690025687218,0.11222028732299805
298,sample_000298,samples/sample_000298.npz,27,40,14,18,5,11,13,4,6,50.0,110.0,130.0,40.0,60.0,330.0,155.0,80.0,0.6681809483288637,0.00032256581471301615,0.17796353995800018,0.010727009736001492,0.02326607145369053
299,sample_000299,samples/sample_000299.npz,39,54,7,16,5,10,15,9,5,50.0,100.0,150.0,90.0,50.0,460.0,110.0,75.0,0.37603494605370236,0.00023371026327367872,0.1935967206954956,0.01275305449962616,0.02835822105407715
300,sample_000300,samples/sample_000300.npz,45,60,32,41,5,12,15,9,7,50.0,120.0,150.0,90.0,70.0,520.0,360.0,85.0,0.25154805775661143,0.00031494785798713565,0.1583913415670395,0.011735371313989162,0.02387220785021782
301,sample_000301,samples/sample_000301.npz,43,58,22,28,3,11,15,6,8,30.0,110.0,150.0,60.0,80.0,500.0,245.0,70.0,0.5745756904286867,0.0004541184171102941,0.41142767667770386,0.021599337458610535,0.0525837205350399
302,sample_000302,samples/sample_000302.npz,19,29,1,6,4,8,10,5,4,40.0,80.0,100.0,50.0,40.0,235.0,30.0,60.0,0.7871825875801053,0.00010698343976400793,0.21933701634407043,0.007924807257950306,0.023865792900323868
303,sample_000303,samples/sample_000303.npz,29,33,12,27,2,8,4,15,6,20.0,80.0,40.0,150.0,60.0,305.0,190.0,50.0,0.3129223223334009,0.00012736505595967174,0.1795070320367813,0.006341372150927782,0.01936655305325985
304,sample_000304,samples/sample_000304.npz,5,16,36,43,7,9,11,7,2,70.0,90.0,110.0,70.0,20.0,100.0,390.0,80.0,0.49187479679751434,8.528267062501982e-05,0.06024998798966408,0.0037701413966715336,0.008272917941212654
305,sample_000305,samples/sample_000305.npz,1,12,13,25,6,13,11,12,7,60.0,130.0,110.0,120.0,70.0,60.0,185.0,95.0,0.3224782812991032,0.00031098825274966657,0.1744871586561203,0.013448851183056831,0.027158470824360847
306,sample_000306,samples/sample_000306.npz,54,59,48,55,7,14,5,7,7,70.0,140.0,50.0,70.0,70.0,560.0,510.0,105.0,0.3901124657729734,9.69066095422022e-05,0.05840367078781128,0.0041151330806314945,0.008375853300094604
307,sample_000307,samples/sample_000307.npz,15,25,9,18,5,13,10,9,8,50.0,130.0,100.0,90.0,80.0,195.0,130.0,90.0,0.43687966710116016,0.0003866743063554168,0.2289075404405594,0.015352782793343067,0.03162620961666107
308,sample_000308,samples/sample_000308.npz,50,62,12,23,2,6,12,11,4,20.0,60.0,120.0,110.0,40.0,555.0,170.0,40.0,0.799933393504016,0.00019027107919100672,0.6460492610931396,0.02349492348730564,0.07885240018367767
309,sample_000309,samples/sample_000309.npz,49,53,1,11,6,10,4,10,4,60.0,100.0,40.0,100.0,40.0,505.0,55.0,80.0,0.5309146974500472,6.469187792390585e-05,0.07616057991981506,0.0039546797052025795,0.009696917608380318
310,sample_000310,samples/sample_000310.npz,16,21,18,30,5,12,5,12,7,50.0,120.0,50.0,120.0,70.0,180.0,235.0,85.0,0.7159255896360319,0.0004503898089751601,0.2416062355041504,0.015296975150704384,0.03195519000291824
311,sample_000311,samples/sample_000311.npz,13,23,4,18,8,16,10,14,8,80.0,160.0,100.0,140.0,80.0,175.0,105.0,120.0,0.8180567472456166,0.0013199126115068793,0.36484211683273315,0.039470087736845016,0.06395368278026581
312,sample_000312,samples/sample_000312.npz,4,19,28,38,5,12,15,10,7,50.0,120.0,150.0,100.0,70.0,110.0,325.0,85.0,0.5422781904292155,0.0008189003565348685,0.370663583278656,0.028148086741566658,0.056663330644369125
313,sample_000313,samples/sample_000313.npz,15,30,20,27,7,14,15,7,7,70.0,140.0,150.0,70.0,70.0,220.0,230.0,105.0,0.41705467484153724,0.0006276183994486928,0.1531226485967636,0.014847531914710999,0.02459808997809887
314,sample_000314,samples/sample_000314.npz,23,37,31,47,3,5,14,16,2,30.0,50.0,140.0,160.0,20.0,295.0,385.0,40.0,0.8053544895882767,0.00039046138408593833,0.3835386037826538,0.02093108557164669,0.05783393234014511
315,sample_000315,samples/sample_000315.npz,26,39,3,9,2,5,13,6,3,20.0,50.0,130.0,60.0,30.0,320.0,55.0,35.0,0.5076134627199622,5.969810808892362e-05,0.25555214285850525,0.006727508269250393,0.026013031601905823
316,sample_000316,samples/sample_000316.npz,51,56,35,39,2,6,5,4,4,20.0,60.0,50.0,40.0,40.0,530.0,365.0,40.0,0.2884622005312868,1.3861327715858351e-05,0.08367683738470078,0.0013100027572363615,0.005679438356310129
317,sample_000317,samples/sample_000317.npz,0,8,23,34,3,9,8,11,6,30.0,90.0,80.0,110.0,60.0,35.0,280.0,60.0,0.6953848158497049,0.00027762007084675133,0.4669684171676636,0.018621481955051422,0.05453003942966461
318,sample_000318,samples/sample_000318.npz,21,27,3,15,5,8,6,12,3,50.0,80.0,60.0,120.0,30.0,235.0,85.0,65.0,0.9985715127112051,0.00018748488218989223,0.23591744899749756,0.011155824176967144,0.028943385928869247
319,sample_000319,samples/sample_000319.npz,54,58,41,47,7,14,4,6,7,70.0,140.0,40.0,60.0,70.0,555.0,435.0,105.0,0.514789448191705,0.0001052945081028156,0.05474020913243294,0.0038648487534374,0.007602535653859377
320,sample_000320,samples/sample_000320.npz,13,18,12,22,4,12,5,10,8,40.0,120.0,50.0,100.0,80.0,150.0,165.0,80.0,0.6526229382287294,0.0002797570778056979,0.2595515549182892,0.013165462762117386,0.03090701252222061
321,sample_000321,samples/sample_000321.npz,31,43,45,56,6,14,12,11,8,60.0,140.0,120.0,110.0,80.0,365.0,500.0,100.0,0.9891184220909932,0.001693311962299049,0.5757716298103333,0.04993170127272606,0.09001047164201736
322,sample_000322,samples/sample_000322.npz,32,44,4,19,2,10,12,15,8,20.0,100.0,120.0,150.0,80.0,375.0,110.0,60.0,0.6192611690448377,0.0008125670137815177,0.8396540284156799,0.047591935843229294,0.12096630036830902
323,sample_000323,samples/sample_000323.npz,34,40,22,35,8,12,6,13,4,80.0,120.0,60.0,130.0,40.0,365.0,280.0,100.0,0.8707647868773136,0.0007169622695073485,0.14960061013698578,0.013522117398679256,0.022995444014668465
324,sample_000324,samples/sample_000324.npz,10,26,8,23,7,14,16,15,7,70.0,140.0,160.0,150.0,70.0,175.0,150.0,105.0,0.506345175809118,0.0012286824639886618,0.35533225536346436,0.039514653384685516,0.06457088887691498
325,sample_000325,samples/sample_000325.npz,24,33,52,56,7,12,9,4,5,70.0,120.0,90.0,40.0,50.0,280.0,535.0,95.0,0.31407478056583804,8.057009836193174e-05,0.03893142566084862,0.002690665889531374,0.005380088929086924
326,sample_000326,samples/sample_000326.npz,47,60,27,31,8,10,13,4,2,80.0,100.0,130.0,40.0,20.0,530.0,285.0,90.0,0.9485290495058767,0.00013833513366989791,0.06482668966054916,0.004764893092215061,0.009489087387919426
327,sample_000327,samples/sample_000327.npz,36,50,49,59,5,9,14,10,4,50.0,90.0,140.0,100.0,40.0,425.0,535.0,70.0,0.49715056276693464,0.00025005434872582555,0.23076094686985016,0.014203913509845734,0.03295142948627472
328,sample_000328,samples/sample_000328.npz,5,19,49,55,3,11,14,6,8,30.0,110.0,140.0,60.0,80.0,115.0,515.0,70.0,0.36427672139458817,0.0001856736053014174,0.2540288269519806,0.01232584472745657,0.03169531002640724
329,sample_000329,samples/sample_000329.npz,17,21,56,61,6,10,4,5,4,60.0,100.0,40.0,50.0,40.0,185.0,580.0,80.0,0.7547140503259662,5.172063538338989e-05,0.06120532378554344,0.002861339133232832,0.007148013915866613
330,sample_000330,samples/sample_000330.npz,27,39,1,11,7,14,12,10,7,70.0,140.0,120.0,100.0,70.0,325.0,55.0,105.0,0.305371344946018,0.00037398835411295295,0.13097989559173584,0.011300752870738506,0.02102060429751873
331,sample_000331,samples/sample_000331.npz,14,24,55,61,4,8,10,6,4,40.0,80.0,100.0,60.0,40.0,185.0,575.0,60.0,0.46847570818187007,7.378942973446101e-05,0.15285132825374603,0.005769612267613411,0.016885744407773018
332,sample_000332,samples/sample_000332.npz,8,12,11,19,4,8,4,8,4,40.0,80.0,40.0,80.0,40.0,95.0,145.0,60.0,0.42347174857659864,3.607741018640809e-05,0.08534695953130722,0.0028342916630208492,0.008499127812683582
333,sample_000333,samples/sample_000333.npz,4,9,29,34,7,11,5,5,4,70.0,110.0,50.0,50.0,40.0,60.0,310.0,90.0,0.338816687776381,4.366134089650586e-05,0.026818227022886276,0.0015878264093771577,0.0034829587675631046
334,sample_000334,samples/sample_000334.npz,2,14,8,19,6,12,12,11,6,60.0,120.0,120.0,110.0,60.0,75.0,130.0,90.0,0.3734141190778164,0.00026928132865577936,0.18460562825202942,0.013517515733838081,0.028354566544294357
335,sample_000335,samples/sample_000335.npz,35,43,31,40,8,12,8,9,4,80.0,120.0,80.0,90.0,40.0,385.0,350.0,100.0,0.8195652619424556,0.0005809072754345834,0.13724203407764435,0.011725406162440777,0.020389657467603683
336,sample_000336,samples/sample_000336.npz,1,10,5,15,5,11,9,10,6,50.0,110.0,90.0,100.0,60.0,50.0,95.0,80.0,0.5634030299431099,0.00021403003484010696,0.25435107946395874,0.013866550289094448,0.03424171358346939
337,sample_000337,samples/sample_000337.npz,38,45,37,46,3,11,7,9,8,30.0,110.0,70.0,90.0,80.0,410.0,410.0,70.0,0.8257844806528294,0.0005580930155701935,0.510762095451355,0.02221836894750595,0.05667266994714737
338,sample_000338,samples/sample_000338.npz,14,20,30,39,6,10,6,9,4,60.0,100.0,60.0,90.0,40.0,165.0,340.0,80.0,0.7774267610516181,0.00026226555928587914,0.14896385371685028,0.008664866909384727,0.01892411895096302
339,sample_000339,samples/sample_000339.npz,16,20,40,48,4,7,4,8,3,40.0,70.0,40.0,80.0,30.0,175.0,435.0,55.0,0.40092542490795086,3.330917752464302e-05,0.06775983422994614,0.0021178442984819412,0.006485756486654282
340,sample_000340,samples/sample_000340.npz,41,57,54,64,6,9,16,10,3,60.0,90.0,160.0,100.0,30.0,485.0,585.0,75.0,0.5620909171750054,0.00019753589003812522,0.18990039825439453,0.012703717686235905,0.02928028255701065
341,sample_000341,samples/sample_000341.npz,33,49,37,44,3,7,16,7,4,30.0,70.0,160.0,70.0,40.0,405.0,400.0,50.0,0.664745408092194,0.00030394349596463144,0.3718700110912323,0.01677248626947403,0.04692096635699272
342,sample_000342,samples/sample_000342.npz,19,34,21,29,5,8,15,8,3,50.0,80.0,150.0,80.0,30.0,260.0,245.0,65.0,0.40850054079312326,0.00022696686210110784,0.13525670766830444,0.007998274639248848,0.018498335033655167
343,sample_000343,samples/sample_000343.npz,52,61,40,54,4,12,9,14,8,40.0,120.0,90.0,140.0,80.0,560.0,465.0,80.0,0.7460535669979571,0.0006521053146570921,0.5795915722846985,0.0361240990459919,0.08270050585269928
344,sample_000344,samples/sample_000344.npz,25,29,12,25,3,6,4,13,3,30.0,60.0,40.0,130.0,30.0,265.0,180.0,45.0,0.9068952040577587,0.00012450708891265094,0.2562952935695648,0.008050681091845036,0.026304973289370537
345,sample_000345,samples/sample_000345.npz,6,20,8,12,8,14,14,4,6,80.0,140.0,140.0,40.0,60.0,125.0,95.0,110.0,0.5097485768641463,0.00019617652287706733,0.08262500911951065,0.007403485011309385,0.01346493698656559
346,sample_000346,samples/sample_000346.npz,38,44,12,21,6,9,6,9,3,60.0,90.0,60.0,90.0,30.0,405.0,160.0,75.0,0.3052611858997152,6.02521795372013e-05,0.047970958054065704,0.002568888943642378,0.0059331562370061874
347,sample_000347,samples/sample_000347.npz,22,30,19,31,6,13,8,12,7,60.0,130.0,80.0,120.0,70.0,255.0,245.0,95.0,0.9165663628258727,0.0013364746700972319,0.3873141407966614,0.030943922698497772,0.056491076946258545
348,sample_000348,samples/sample_000348.npz,42,52,29,37,3,6,10,8,3,30.0,60.0,100.0,80.0,30.0,465.0,325.0,45.0,0.22432557542268167,5.005618368159048e-05,0.09530383348464966,0.0030600985046476126,0.00998382642865181
349,sample_000349,samples/sample_000349.npz,51,62,17,28,2,4,11,11,2,20.0,40.0,110.0,110.0,20.0,560.0,220.0,30.0,0.5722132920249465,5.179327490623109e-05,0.2691548466682434,0.007998020388185978,0.030885446816682816
350,sample_000350,samples/sample_000350.npz,6,10,41,50,5,7,4,9,2,50.0,70.0,40.0,90.0,20.0,75.0,450.0,60.0,0.5426040553001996,2.6778452593134716e-05,0.05591387301683426,0.0020342685747891665,0.005940019153058529
351,sample_000351,samples/sample_000351.npz,37,53,35,40,2,8,16,5,6,20.0,80.0,160.0,50.0,60.0,445.0,370.0,50.0,0.5538418402703627,0.00026075399364344776,0.38221976161003113,0.014928937889635563,0.044345974922180176
352,sample_000352,samples/sample_000352.npz,31,40,22,33,4,12,9,11,8,40.0,120.0,90.0,110.0,80.0,350.0,270.0,80.0,0.6082255932719172,0.001044383505359292,0.4110780358314514,0.025309497490525246,0.054155778139829636
353,sample_000353,samples/sample_000353.npz,3,7,53,60,4,6,4,7,2,40.0,60.0,40.0,70.0,20.0,45.0,560.0,50.0,0.4920386840399596,1.1388025995984208e-05,0.05725095421075821,0.0014091759221628308,0.005139353219419718
354,sample_000354,samples/sample_000354.npz,25,38,8,19,3,11,13,11,8,30.0,110.0,130.0,110.0,80.0,310.0,130.0,70.0,0.3816796227602353,0.0005605692858807743,0.3897136151790619,0.022895995527505875,0.053846415132284164
355,sample_000355,samples/sample_000355.npz,19,32,28,42,2,4,13,14,2,20.0,40.0,130.0,140.0,20.0,250.0,345.0,30.0,0.591368352740427,0.00017182459123432636,0.3122715353965759,0.01280532218515873,0.04275297001004219
356,sample_000356,samples/sample_000356.npz,27,39,39,50,3,5,12,11,2,30.0,50.0,120.0,110.0,20.0,325.0,440.0,40.0,0.47158621273453494,0.00011294989963062108,0.1865200400352478,0.007194218225777149,0.02277078852057457
357,sample_000357,samples/sample_000357.npz,44,58,7,13,2,8,14,6,6,20.0,80.0,140.0,60.0,60.0,505.0,95.0,50.0,0.6556696365438632,0.0001755457924446091,0.5035915970802307,0.017772063612937927,0.056535184383392334
358,sample_000358,samples/sample_000358.npz,4,13,43,52,3,7,9,9,4,30.0,70.0,90.0,90.0,40.0,80.0,470.0,50.0,0.29503093423958965,5.3048010158818215e-05,0.15172967314720154,0.005145993549376726,0.016496572643518448
359,sample_000359,samples/sample_000359.npz,31,37,18,23,7,14,6,5,7,70.0,140.0,60.0,50.0,70.0,335.0,200.0,105.0,0.8424756691068065,0.00040620233630761504,0.11024277657270432,0.008609438315033913,0.015269726514816284
360,sample_000360,samples/sample_000360.npz,7,20,16,21,6,13,13,5,7,60.0,130.0,130.0,50.0,70.0,130.0,180.0,95.0,0.23510802135108363,0.0001336249988526106,0.0686778575181961,0.005109902936965227,0.009995427913963795
361,sample_000361,samples/sample_000361.npz,21,36,15,23,4,12,15,8,8,40.0,120.0,150.0,80.0,80.0,280.0,185.0,80.0,0.46174022389864144,0.0007220188854262233,0.3406027555465698,0.02298150584101677,0.04810681194067001
362,sample_000362,samples/sample_000362.npz,12,20,38,53,3,10,8,15,7,30.0,100.0,80.0,150.0,70.0,155.0,450.0,65.0,0.49735349311795063,0.00038792702252976596,0.41497373580932617,0.022135086357593536,0.054958637803792953
363,sample_000363,samples/sample_000363.npz,21,25,30,35,8,10,4,5,2,80.0,100.0,40.0,50.0,20.0,225.0,320.0,90.0,0.8163838604631841,7.416481093969196e-05,0.025478463619947433,0.0016642368864268064,0.0032983734272420406
364,sample_000364,samples/sample_000364.npz,26,36,54,62,2,6,10,8,4,20.0,60.0,100.0,80.0,40.0,305.0,575.0,40.0,0.4516506584311656,8.214820991270244e-05,0.2959083616733551,0.008036869578063488,0.029828879982233047
365,sample_000365,samples/sample_000365.npz,48,63,60,64,3,6,15,4,3,30.0,60.0,150.0,40.0,30.0,550.0,615.0,45.0,0.802561997019702,5.139008499099873e-05,0.23649141192436218,0.0073502217419445515,0.02604525536298752
366,sample_000366,samples/sample_000366.npz,22,37,56,62,3,10,15,6,7,30.0,100.0,150.0,60.0,70.0,290.0,585.0,65.0,0.8759416352854703,0.0004745950282085687,0.5897489190101624,0.027837323024868965,0.07447510957717896
367,sample_000367,samples/sample_000367.npz,28,32,51,59,4,6,4,8,2,40.0,60.0,40.0,80.0,20.0,295.0,545.0,50.0,0.28488295367735594,1.3963028322905302e-05,0.036340758204460144,0.0009963704505935311,0.0033397567458450794
368,sample_000368,samples/sample_000368.npz,23,28,6,18,4,6,5,12,2,40.0,60.0,50.0,120.0,20.0,250.0,115.0,50.0,0.35119494460946304,3.214106254745275e-05,0.06611348688602448,0.0023253827821463346,0.007164395414292812
369,sample_000369,samples/sample_000369.npz,36,48,7,22,6,12,12,15,6,60.0,120.0,120.0,150.0,60.0,415.0,140.0,90.0,0.7001497346255863,0.0010148893343284726,0.42434191703796387,0.03708717226982117,0.06908769905567169
370,sample_000370,samples/sample_000370.npz,0,10,22,36,3,10,10,14,7,30.0,100.0,100.0,140.0,70.0,45.0,285.0,65.0,0.38988554942310377,0.0003262908139731735,0.36619749665260315,0.019202496856451035,0.049918416887521744
371,sample_000371,samples/sample_000371.npz,3,9,3,19,2,4,6,16,2,20.0,40.0,60.0,160.0,20.0,55.0,105.0,30.0,0.3385376605575223,1.799349774955772e-05,0.13248085975646973,0.0036825239658355713,0.014599465765058994
372,sample_000372,samples/sample_000372.npz,36,45,23,34,4,6,9,11,2,40.0,60.0,90.0,110.0,20.0,400.0,280.0,50.0,0.8503371364057841,0.0002029285387834534,0.23554125428199768,0.009519731625914574,0.02753438986837864
373,sample_000373,samples/sample_000373.npz,49,54,9,13,7,14,5,4,7,70.0,140.0,50.0,40.0,70.0,510.0,105.0,105.0,0.7757885161461189,0.0001200146070914343,0.06949041038751602,0.004828150849789381,0.00961336586624384
374,sample_000374,samples/sample_000374.npz,40,55,35,41,5,8,15,6,3,50.0,80.0,150.0,60.0,30.0,470.0,375.0,65.0,0.901959485063887,0.00028145223041065037,0.23706111311912537,0.01303710974752903,0.03128891438245773
375,sample_000375,samples/sample_000375.npz,37,43,0,16,6,13,6,16,7,60.0,130.0,60.0,160.0,70.0,395.0,75.0,95.0,0.6594562509508131,0.0005415530758909881,0.2588958740234375,0.020446397364139557,0.04012077674269676
376,sample_000376,samples/sample_000376.npz,32,45,26,41,2,9,13,15,7,20.0,90.0,130.0,150.0,70.0,380.0,330.0,55.0,0.8006917780458849,0.0016594966873526573,1.0478219985961914,0.06111644208431244,0.15352660417556763
377,sample_000377,samples/sample_000377.npz,16,25,42,51,4,10,9,9,6,40.0,100.0,90.0,90.0,60.0,200.0,460.0,70.0,0.5447437845687415,0.00029025727417320013,0.28036752343177795,0.013942273333668709,0.03416714072227478
378,sample_000378,samples/sample_000378.npz,9,21,7,16,5,10,12,9,5,50.0,100.0,120.0,90.0,50.0,145.0,110.0,75.0,0.8820852455976098,0.00041173395584337413,0.4025420844554901,0.02376834861934185,0.0551668144762516
379,sample_000379,samples/sample_000379.npz,27,43,45,56,2,4,16,11,2,20.0,40.0,160.0,110.0,20.0,345.0,500.0,30.0,0.9597595667381016,0.0001780980237526819,0.4951615035533905,0.01986921764910221,0.06734544783830643
380,sample_000380,samples/sample_000380.npz,25,36,45,49,7,13,11,4,6,70.0,130.0,110.0,40.0,60.0,300.0,465.0,100.0,0.6441069422589201,0.0003362786374054849,0.10405935347080231,0.008292934857308865,0.01503775455057621
381,sample_000381,samples/sample_000381.npz,44,54,40,55,3,7,10,15,4,30.0,70.0,100.0,150.0,40.0,485.0,470.0,50.0,0.2865033742690541,0.00011414641630835831,0.1972447633743286,0.009460690431296825,0.026396872475743294
382,sample_000382,samples/sample_000382.npz,18,23,46,61,6,12,5,15,6,60.0,120.0,50.0,150.0,60.0,200.0,530.0,90.0,0.6187145232367622,0.0003199150669388473,0.18051926791667938,0.013296600431203842,0.026857567951083183
383,sample_000383,samples/sample_000383.npz,3,12,11,23,7,10,9,12,3,70.0,100.0,90.0,120.0,30.0,70.0,165.0,85.0,0.4126553250275675,0.0001231987844221294,0.09138165414333344,0.006288336124271154,0.013522451743483543
384,sample_000384,samples/sample_000384.npz,26,38,42,55,6,8,12,13,2,60.0,80.0,120.0,130.0,20.0,315.0,480.0,70.0,0.6742780120460952,0.0002951956703327596,0.16571196913719177,0.011092381551861763,0.024281352758407593
385,sample_000385,samples/sample_000385.npz,5,19,9,23,5,9,14,14,4,50.0,90.0,140.0,140.0,40.0,115.0,155.0,70.0,0.9106792757326654,0.0006024130270816386,0.5190666317939758,0.036319054663181305,0.08073894679546356
386,sample_000386,samples/sample_000386.npz,13,26,2,18,7,15,13,16,8,70.0,150.0,130.0,160.0,80.0,190.0,95.0,110.0,0.8451600176022716,0.0018890153151005507,0.5819353461265564,0.06223936378955841,0.10458816587924957
387,sample_000387,samples/sample_000387.npz,46,55,19,23,4,12,9,4,8,40.0,120.0,90.0,40.0,80.0,500.0,205.0,80.0,0.6281035382871898,0.00020313703862484545,0.19142894446849823,0.00913717970252037,0.021770987659692764
388,sample_000388,samples/sample_000388.npz,18,26,43,58,8,14,8,15,6,80.0,140.0,80.0,150.0,60.0,215.0,500.0,110.0,0.6120977051006158,0.0006936550489626825,0.19808325171470642,0.02020425722002983,0.033426184207201004
389,sample_000389,samples/sample_000389.npz,3,16,11,21,5,13,13,10,8,50.0,130.0,130.0,100.0,80.0,90.0,155.0,90.0,0.5463011145762704,0.0005695642321370542,0.36918801069259644,0.026634475216269493,0.05535796657204628
390,sample_000390,samples/sample_000390.npz,32,46,12,20,3,10,14,8,7,30.0,100.0,140.0,80.0,70.0,385.0,155.0,65.0,0.8660556632691239,0.0007476381724700332,0.7038286328315735,0.03633562847971916,0.09050517529249191
391,sample_000391,samples/sample_000391.npz,3,15,32,38,7,11,12,6,4,70.0,110.0,120.0,60.0,40.0,85.0,345.0,90.0,0.24639238878913794,9.464777394896373e-05,0.047785960137844086,0.0033895105589181185,0.006898785475641489
392,sample_000392,samples/sample_000392.npz,10,15,33,42,5,9,5,9,4,50.0,90.0,50.0,90.0,40.0,120.0,370.0,70.0,0.9902477274390338,0.00019578231149353087,0.20122621953487396,0.009298747405409813,0.023349011316895485
393,sample_000393,samples/sample_000393.npz,36,44,31,46,2,10,8,15,8,20.0,100.0,80.0,150.0,80.0,395.0,380.0,60.0,0.863742494584296,0.0011053245980292559,0.9363532066345215,0.045643534511327744,0.11906049400568008
394,sample_000394,samples/sample_000394.npz,11,20,42,54,5,7,9,12,2,50.0,70.0,90.0,120.0,20.0,150.0,475.0,60.0,0.5022714726663857,8.606022311141714e-05,0.1179860308766365,0.005791905801743269,0.015067944303154945
395,sample_000395,samples/sample_000395.npz,14,23,11,26,2,10,9,15,8,20.0,100.0,90.0,150.0,80.0,180.0,180.0,60.0,0.8590554994415078,0.0008541183196939528,0.9964250922203064,0.05018869414925575,0.13157206773757935
396,sample_000396,samples/sample_000396.npz,7,22,38,49,3,10,15,11,7,30.0,100.0,150.0,110.0,70.0,140.0,430.0,65.0,0.6643696271346302,0.0007216453668661416,0.6765156388282776,0.04056729003787041,0.09718391299247742
397,sample_000397,samples/sample_000397.npz,53,58,33,43,7,11,5,10,4,70.0,110.0,50.0,100.0,40.0,550.0,375.0,90.0,0.9545901800588512,0.000233478844165802,0.13689179718494415,0.009097174741327763,0.018987668678164482
398,sample_000398,samples/sample_000398.npz,57,63,51,64,2,7,6,13,5,20.0,70.0,60.0,130.0,50.0,595.0,570.0,45.0,0.7087067228446473,9.853583469521254e-05,0.48449739813804626,0.01422196626663208,0.051792386919260025
399,sample_000399,samples/sample_000399.npz,32,45,55,64,6,11,13,9,5,60.0,110.0,130.0,90.0,50.0,380.0,590.0,85.0,0.5329963653451448,0.00031716885860078037,0.21245329082012177,0.014400807209312916,0.031552355736494064
400,sample_000400,samples/sample_000400.npz,18,22,45,53,8,14,4,8,6,80.0,140.0,40.0,80.0,60.0,195.0,485.0,110.0,0.786518605869515,0.00023416061594616622,0.08210545778274536,0.006977925077080727,0.012212827801704407
401,sample_000401,samples/sample_000401.npz,54,64,33,37,2,10,10,4,8,20.0,100.0,100.0,40.0,80.0,585.0,345.0,60.0,0.5031663394713132,0.0001267942279810086,0.2815284729003906,0.008259929716587067,0.02656680718064308
402,sample_000402,samples/sample_000402.npz,43,48,45,54,4,8,5,9,4,40.0,80.0,50.0,90.0,40.0,450.0,490.0,60.0,0.43354287545025444,6.405761814676225e-05,0.1130182147026062,0.004183700308203697,0.011954552493989468
403,sample_000403,samples/sample_000403.npz,13,25,2,10,8,11,12,8,3,80.0,110.0,120.0,80.0,30.0,185.0,55.0,95.0,0.21565806432900284,6.394469528459013e-05,0.036560650914907455,0.0027869264595210552,0.005632570944726467
404,sample_000404,samples/sample_000404.npz,14,27,39,48,7,10,13,9,3,70.0,100.0,130.0,90.0,30.0,200.0,430.0,85.0,0.655977825494131,0.0003337469242978841,0.1528070569038391,0.011675714515149593,0.022815849632024765
405,sample_000405,samples/sample_000405.npz,25,38,53,61,5,9,13,8,4,50.0,90.0,130.0,80.0,40.0,310.0,565.0,70.0,0.5919073841731999,0.0002537481195759028,0.22426770627498627,0.012405038811266422,0.030125409364700317
406,sample_000406,samples/sample_000406.npz,39,44,12,28,3,8,5,16,5,30.0,80.0,50.0,160.0,50.0,410.0,195.0,55.0,0.21008842483278445,8.332034485647455e-05,0.10382287204265594,0.004648069851100445,0.012694097124040127
407,sample_000407,samples/sample_000407.npz,11,25,31,36,5,7,14,5,2,50.0,70.0,140.0,50.0,20.0,175.0,330.0,60.0,0.32256682372431683,5.719854016206227e-05,0.05123760178685188,0.002466771751642227,0.006335877347737551
408,sample_000408,samples/sample_000408.npz,46,62,19,25,5,13,16,6,8,50.0,130.0,160.0,60.0,80.0,535.0,215.0,90.0,0.8352757934058033,0.0007528885034844279,0.4185420870780945,0.030609840527176857,0.06218266859650612
409,sample_000409,samples/sample_000409.npz,6,14,46,61,2,10,8,15,8,20.0,100.0,80.0,150.0,80.0,95.0,530.0,60.0,0.21014345627864844,0.00012083641195204109,0.22780923545360565,0.010350791737437248,0.029182344675064087
410,sample_000410,samples/sample_000410.npz,39,51,12,22,4,8,12,10,4,40.0,80.0,120.0,100.0,40.0,445.0,165.0,60.0,0.30070250929708897,0.0001292978267883882,0.1556164026260376,0.00778781995177269,0.020033828914165497
411,sample_000411,samples/sample_000411.npz,25,37,2,6,2,6,12,4,4,20.0,60.0,120.0,40.0,40.0,305.0,35.0,40.0,0.37354739383965285,3.810762063949369e-05,0.16465485095977783,0.003940085880458355,0.015262378379702568
412,sample_000412,samples/sample_000412.npz,26,36,23,32,7,9,10,9,2,70.0,90.0,100.0,90.0,20.0,305.0,270.0,80.0,0.2021828894095138,8.612896635895595e-05,0.028497999534010887,0.0019124969840049744,0.00391518697142601
413,sample_000413,samples/sample_000413.npz,53,62,29,43,5,10,9,14,5,50.0,100.0,90.0,140.0,50.0,570.0,355.0,75.0,0.8990083770992705,0.0005715673905797303,0.4475186765193939,0.02785922959446907,0.06408636271953583
414,sample_000414,samples/sample_000414.npz,31,43,36,51,7,15,12,15,8,70.0,150.0,120.0,150.0,80.0,365.0,430.0,110.0,0.3241290269433445,0.0010404527420178056,0.20175707340240479,0.022274095565080643,0.03466702252626419
415,sample_000415,samples/sample_000415.npz,5,15,12,20,7,15,10,8,8,70.0,150.0,100.0,80.0,80.0,95.0,155.0,110.0,0.439146502862248,0.00034498205059207976,0.14641280472278595,0.012367804534733295,0.022680718451738358
416,sample_000416,samples/sample_000416.npz,52,60,36,45,6,14,8,9,8,60.0,140.0,80.0,90.0,80.0,555.0,400.0,100.0,0.8252370179511368,0.0005984794115647674,0.301152765750885,0.021737724542617798,0.04313476011157036
417,sample_000417,samples/sample_000417.npz,31,46,30,37,6,11,15,7,5,60.0,110.0,150.0,70.0,50.0,380.0,330.0,85.0,0.21134271803286275,0.00025575063773430884,0.07447697967290878,0.005740822292864323,0.01101287454366684
418,sample_000418,samples/sample_000418.npz,23,36,31,47,7,15,13,16,8,70.0,150.0,130.0,160.0,80.0,290.0,385.0,110.0,0.5609443448135512,0.0026096852961927652,0.3862384855747223,0.04507002234458923,0.06791063398122787
419,sample_000419,samples/sample_000419.npz,49,57,0,9,5,8,8,9,3,50.0,80.0,80.0,90.0,30.0,525.0,40.0,65.0,0.41957986452536505,5.1930892368545756e-05,0.10389209538698196,0.00437255809083581,0.012429919093847275
420,sample_000420,samples/sample_000420.npz,21,34,30,46,5,11,13,16,6,50.0,110.0,130.0,160.0,60.0,270.0,375.0,80.0,0.3800568563877542,0.0009583568316884339,0.29235780239105225,0.02482415735721588,0.04720563814043999
421,sample_000421,samples/sample_000421.npz,36,50,14,21,3,6,14,7,3,30.0,60.0,140.0,70.0,30.0,425.0,170.0,45.0,0.9147633290094612,0.00019442714983597398,0.40439102053642273,0.015213769860565662,0.04716626554727554
422,sample_000422,samples/sample_000422.npz,9,15,32,42,2,6,6,10,4,20.0,60.0,60.0,100.0,40.0,115.0,365.0,40.0,0.42342203819465435,6.415077950805426e-05,0.23510897159576416,0.005791964940726757,0.021774286404252052
423,sample_000423,samples/sample_000423.npz,3,18,35,49,6,12,15,14,6,60.0,120.0,150.0,140.0,60.0,100.0,415.0,90.0,0.5194297851936738,0.000782147457357496,0.3486723005771637,0.03129797428846359,0.0589185394346714
424,sample_000424,samples/sample_000424.npz,33,45,32,46,8,11,12,14,3,80.0,110.0,120.0,140.0,30.0,385.0,385.0,95.0,0.7866528553092669,0.0008409052970819175,0.20519527792930603,0.019855298101902008,0.033728208392858505
425,sample_000425,samples/sample_000425.npz,16,21,30,46,4,12,5,16,8,40.0,120.0,50.0,160.0,80.0,180.0,375.0,80.0,0.7817372920045089,0.0007481213542632759,0.3995063602924347,0.02586275525391102,0.05493704974651337
426,sample_000426,samples/sample_000426.npz,48,63,21,33,6,12,15,12,6,60.0,120.0,150.0,120.0,60.0,550.0,265.0,90.0,0.9283226504553199,0.0012644189409911633,0.5626314282417297,0.04745456948876381,0.09199371933937073
427,sample_000427,samples/sample_000427.npz,27,38,6,15,8,14,11,9,6,80.0,140.0,110.0,90.0,60.0,320.0,100.0,110.0,0.263656390702372,0.00027934013633057475,0.0751383900642395,0.007124452851712704,0.01218290627002716
428,sample_000428,samples/sample_000428.npz,36,51,4,17,5,9,15,13,4,50.0,90.0,150.0,130.0,40.0,430.0,100.0,70.0,0.25232017717556093,0.0001777815050445497,0.142495259642601,0.0100406464189291,0.022233325988054276
429,sample_000429,samples/sample_000429.npz,30,46,16,30,3,8,16,14,5,30.0,80.0,160.0,140.0,50.0,375.0,225.0,55.0,0.9384024551434884,0.0012782044941559434,0.9057942032814026,0.0584973581135273,0.1398741900920868
430,sample_000430,samples/sample_000430.npz,15,23,19,25,4,10,8,6,6,40.0,100.0,80.0,60.0,60.0,185.0,215.0,70.0,0.572326344208516,0.00019643318955786526,0.2021869271993637,0.008737186901271343,0.02215440943837166
431,sample_000431,samples/sample_000431.npz,52,62,51,60,7,9,10,9,2,70.0,90.0,100.0,90.0,20.0,565.0,550.0,80.0,0.9215554754229345,0.000117060961201787,0.1298947036266327,0.007576098665595055,0.01816827617585659
432,sample_000432,samples/sample_000432.npz,36,44,53,60,3,5,8,7,2,30.0,50.0,80.0,70.0,20.0,395.0,560.0,40.0,0.7811988803087455,4.4875097955809906e-05,0.2039300799369812,0.004896108992397785,0.018678909167647362
433,sample_000433,samples/sample_000433.npz,11,27,35,45,7,9,16,10,2,70.0,90.0,160.0,100.0,20.0,185.0,395.0,80.0,0.6913400198225484,0.0003211767179891467,0.1425064653158188,0.011392860673367977,0.022257709875702858
434,sample_000434,samples/sample_000434.npz,24,34,14,26,3,8,10,12,5,30.0,80.0,100.0,120.0,50.0,285.0,195.0,55.0,0.5922204950511614,0.00042368253343738616,0.43093162775039673,0.019749226048588753,0.053559157997369766
435,sample_000435,samples/sample_000435.npz,17,33,49,55,4,8,16,6,4,40.0,80.0,160.0,60.0,40.0,245.0,515.0,60.0,0.5277638828293317,0.00018248514970764518,0.21396932005882263,0.010852480307221413,0.027834314852952957
436,sample_000436,samples/sample_000436.npz,36,51,24,33,8,12,15,9,4,80.0,120.0,150.0,90.0,40.0,430.0,280.0,100.0,0.3126353765488687,0.00036015972727909684,0.08440665155649185,0.00829407200217247,0.013855638913810253
437,sample_000437,samples/sample_000437.npz,31,39,22,38,4,8,8,16,4,40.0,80.0,80.0,160.0,40.0,345.0,295.0,60.0,0.7737800451645176,0.0007295793620869517,0.39154019951820374,0.02191479504108429,0.05302254855632782
438,sample_000438,samples/sample_000438.npz,54,62,22,37,6,10,8,15,4,60.0,100.0,80.0,150.0,40.0,575.0,290.0,80.0,0.7253384418588682,0.00037977579631842673,0.24673086404800415,0.01674599200487137,0.03665585443377495
439,sample_000439,samples/sample_000439.npz,46,61,39,45,2,6,15,6,4,20.0,60.0,150.0,60.0,40.0,530.0,415.0,40.0,0.5372151522358461,0.00010413098789285868,0.33600905537605286,0.010910202749073505,0.03744131699204445
440,sample_000440,samples/sample_000440.npz,14,23,43,55,4,11,9,12,7,40.0,110.0,90.0,120.0,70.0,180.0,485.0,75.0,0.4932605548462191,0.0003866902843583375,0.3299224376678467,0.019105680286884308,0.04399748519062996
441,sample_000441,samples/sample_000441.npz,30,45,29,36,7,10,15,7,3,70.0,100.0,150.0,70.0,30.0,370.0,320.0,85.0,0.6994560891584871,0.0005444586859084666,0.1439903825521469,0.011411306448280811,0.02159477211534977
442,sample_000442,samples/sample_000442.npz,34,47,15,19,3,5,13,4,2,30.0,50.0,130.0,40.0,20.0,400.0,165.0,40.0,0.9104269377863292,6.410013156710193e-05,0.19310173392295837,0.005440978333353996,0.019170040264725685
443,sample_000443,samples/sample_000443.npz,41,53,44,53,4,10,12,9,6,40.0,100.0,120.0,90.0,60.0,465.0,480.0,70.0,0.5669255990716129,0.00034733308712020516,0.34946802258491516,0.019074518233537674,0.045828111469745636
444,sample_000444,samples/sample_000444.npz,10,20,34,40,5,9,10,6,4,50.0,90.0,100.0,60.0,40.0,145.0,365.0,70.0,0.39800444080404723,0.00011535380326677114,0.10259827971458435,0.005029201973229647,0.012269873172044754
445,sample_000445,samples/sample_000445.npz,11,15,44,51,4,10,4,7,6,40.0,100.0,40.0,70.0,60.0,125.0,470.0,70.0,0.7246848909783559,0.0001057372210198082,0.16305385529994965,0.006270206533372402,0.016849130392074585
446,sample_000446,samples/sample_000446.npz,29,45,0,9,7,12,16,9,5,70.0,120.0,160.0,90.0,50.0,365.0,40.0,95.0,0.4870567154309393,0.00040973606519401073,0.18704453110694885,0.01561471726745367,0.03072720766067505
447,sample_000447,samples/sample_000447.npz,0,11,40,48,4,8,11,8,4,40.0,80.0,110.0,80.0,40.0,50.0,435.0,60.0,0.5434582464349951,0.0001268823107238859,0.23137213289737701,0.009745771996676922,0.027722299098968506
448,sample_000448,samples/sample_000448.npz,41,55,0,12,6,9,14,12,3,60.0,90.0,140.0,120.0,30.0,475.0,55.0,75.0,0.7511212929935864,0.0002909806207753718,0.26808294653892517,0.018071655184030533,0.04116743057966232
449,sample_000449,samples/sample_000449.npz,4,12,21,31,7,12,8,10,5,70.0,120.0,80.0,100.0,50.0,75.0,255.0,95.0,0.991799094182706,0.0005038338713347912,0.25144651532173157,0.018476391211152077,0.03681950643658638
450,sample_000450,samples/sample_000450.npz,21,30,42,52,3,8,9,10,5,30.0,80.0,90.0,100.0,50.0,250.0,465.0,55.0,0.8452482301553059,0.00037205556873232126,0.5269385576248169,0.020996112376451492,0.06007716804742813
451,sample_000451,samples/sample_000451.npz,36,43,50,59,6,13,7,9,7,60.0,130.0,70.0,90.0,70.0,390.0,540.0,95.0,0.7482315196018712,0.00042345307883806527,0.22713439166545868,0.015565834939479828,0.031582918018102646
452,sample_000452,samples/sample_000452.npz,14,27,38,48,5,9,13,10,4,50.0,90.0,130.0,100.0,40.0,200.0,425.0,70.0,0.5806054362460584,0.0003681679372675717,0.2585791349411011,0.015996498987078667,0.035989176481962204
453,sample_000453,samples/sample_000453.npz,24,38,36,48,6,12,14,12,6,60.0,120.0,140.0,120.0,60.0,305.0,415.0,90.0,0.5956389732063034,0.0013094419846311212,0.34687042236328125,0.030480697751045227,0.05498174950480461
454,sample_000454,samples/sample_000454.npz,40,46,52,63,2,8,6,11,6,20.0,80.0,60.0,110.0,60.0,425.0,570.0,50.0,0.7560702542927682,0.00017415924230590463,0.5331146717071533,0.016018096357584,0.05407938361167908
455,sample_000455,samples/sample_000455.npz,41,52,0,7,2,9,11,7,7,20.0,90.0,110.0,70.0,70.0,460.0,30.0,55.0,0.2894138458678411,8.490739128319547e-05,0.24028579890727997,0.007954162545502186,0.025983113795518875
456,sample_000456,samples/sample_000456.npz,21,34,31,44,8,13,13,13,5,80.0,130.0,130.0,130.0,50.0,270.0,370.0,105.0,0.2827657670020758,0.0006313968915492296,0.1085522323846817,0.01170442346483469,0.018394190818071365
457,sample_000457,samples/sample_000457.npz,48,57,16,31,5,8,9,15,3,50.0,80.0,90.0,150.0,30.0,520.0,230.0,65.0,0.2057312981236633,7.723195449216291e-05,0.0739978477358818,0.004372179973870516,0.010424372740089893
458,sample_000458,samples/sample_000458.npz,53,61,44,54,8,11,8,10,3,80.0,110.0,80.0,100.0,30.0,565.0,485.0,95.0,0.4513462102813877,0.00010468485561432317,0.06671179085969925,0.004852535668760538,0.00999464187771082
459,sample_000459,samples/sample_000459.npz,16,27,7,15,8,14,11,8,6,80.0,140.0,110.0,80.0,60.0,210.0,105.0,110.0,0.717596288713876,0.0005454148049466312,0.1851750910282135,0.017109638080000877,0.02971182018518448
460,sample_000460,samples/sample_000460.npz,39,52,22,37,6,8,13,15,2,60.0,80.0,130.0,150.0,20.0,450.0,290.0,70.0,0.24594474373964925,0.0001402289781253785,0.06841450929641724,0.005097586195915937,0.01066569983959198
461,sample_000461,samples/sample_000461.npz,15,25,51,59,5,13,10,8,8,50.0,130.0,100.0,80.0,80.0,195.0,545.0,90.0,0.590281469719621,0.0004088405694346875,0.2831389009952545,0.017916467040777206,0.038423631340265274
462,sample_000462,samples/sample_000462.npz,19,23,48,63,5,13,4,15,8,50.0,130.0,40.0,150.0,80.0,205.0,550.0,90.0,0.8378234009253662,0.0004410449764691293,0.27975404262542725,0.018924908712506294,0.039865583181381226
463,sample_000463,samples/sample_000463.npz,38,51,27,40,8,11,13,13,3,80.0,110.0,130.0,130.0,30.0,440.0,330.0,95.0,0.8911703468401846,0.0009390910854563117,0.23318979144096375,0.022466598078608513,0.03852564096450806
464,sample_000464,samples/sample_000464.npz,9,20,3,12,7,12,11,9,5,70.0,120.0,110.0,90.0,50.0,140.0,70.0,95.0,0.21133258429818824,0.00010126242705155164,0.06315985321998596,0.004700470250099897,0.00962502509355545
465,sample_000465,samples/sample_000465.npz,9,19,11,26,4,6,10,15,2,40.0,60.0,100.0,150.0,20.0,135.0,180.0,50.0,0.8933957877778471,0.00018248303967993706,0.3014428913593292,0.014765075407922268,0.04058641195297241
466,sample_000466,samples/sample_000466.npz,41,56,26,41,6,10,15,15,4,60.0,100.0,150.0,150.0,40.0,480.0,330.0,80.0,0.9248373283387281,0.0012842959258705378,0.48716434836387634,0.04257206246256828,0.08126991987228394
467,sample_000467,samples/sample_000467.npz,49,61,32,40,2,7,12,8,5,20.0,70.0,120.0,80.0,50.0,545.0,355.0,45.0,0.766185004648491,0.00024358251539524645,0.6104610562324524,0.020386602729558945,0.06761407852172852
468,sample_000468,samples/sample_000468.npz,18,23,23,35,6,14,5,12,8,60.0,140.0,50.0,120.0,80.0,200.0,285.0,100.0,0.8096885987257403,0.000830690492875874,0.2408752739429474,0.019157757982611656,0.034574393182992935
469,sample_000469,samples/sample_000469.npz,22,34,25,39,7,15,12,14,8,70.0,150.0,120.0,140.0,80.0,275.0,315.0,110.0,0.3256019665527752,0.001466379384510219,0.1937543898820877,0.02124219574034214,0.03259861096739769
470,sample_000470,samples/sample_000470.npz,32,37,5,16,2,9,5,11,7,20.0,90.0,50.0,110.0,70.0,340.0,100.0,55.0,0.7072032847103074,0.0002379733487032354,0.4621937572956085,0.014748647809028625,0.0465058870613575
471,sample_000471,samples/sample_000471.npz,40,48,33,49,3,6,8,16,3,30.0,60.0,80.0,160.0,30.0,435.0,405.0,45.0,0.6847876333625573,0.00021733528410550207,0.344992995262146,0.014951803721487522,0.043786901980638504
472,sample_000472,samples/sample_000472.npz,38,43,37,43,8,11,5,6,3,80.0,110.0,50.0,60.0,30.0,400.0,395.0,95.0,0.20591182702988214,3.5968747397419065e-05,0.012862560339272022,0.0009269775473512709,0.0017509940080344677
473,sample_000473,samples/sample_000473.npz,43,58,13,28,5,9,15,15,4,50.0,90.0,150.0,150.0,40.0,500.0,200.0,70.0,0.5145206303520617,0.0004570118326228112,0.3140183389186859,0.023964082822203636,0.05094999074935913
474,sample_000474,samples/sample_000474.npz,49,64,34,40,6,13,15,6,7,60.0,130.0,150.0,60.0,70.0,560.0,365.0,95.0,0.9103422504531367,0.0007368196966126561,0.3441528379917145,0.02644318901002407,0.052419357001781464
475,sample_000475,samples/sample_000475.npz,31,35,36,41,2,9,4,5,7,20.0,90.0,40.0,50.0,70.0,325.0,380.0,55.0,0.5716542306861375,0.00012146429799031466,0.20419390499591827,0.004482823424041271,0.015264696441590786
476,sample_000476,samples/sample_000476.npz,12,22,22,33,4,6,10,11,2,40.0,60.0,100.0,110.0,20.0,165.0,270.0,50.0,0.8823248728458906,0.00018284832185599953,0.26076674461364746,0.010871311649680138,0.03129642829298973
477,sample_000477,samples/sample_000477.npz,3,17,44,53,4,8,14,9,4,40.0,80.0,140.0,90.0,40.0,95.0,480.0,60.0,0.8602604637656712,0.0002937739482149482,0.4460044801235199,0.022590510547161102,0.05946752429008484
478,sample_000478,samples/sample_000478.npz,41,54,25,31,6,11,13,6,5,60.0,110.0,130.0,60.0,50.0,470.0,275.0,85.0,0.5716903981579067,0.00035083258990198374,0.16260643303394318,0.011296571232378483,0.022849733009934425
479,sample_000479,samples/sample_000479.npz,27,33,4,18,7,14,6,14,7,70.0,140.0,60.0,140.0,70.0,295.0,105.0,105.0,0.20853482627828335,0.00020671371021308005,0.06396695971488953,0.005674518179148436,0.01006963849067688
480,sample_000480,samples/sample_000480.npz,52,62,1,15,2,9,10,14,7,20.0,90.0,100.0,140.0,70.0,565.0,75.0,55.0,0.4176842022431137,0.00019762218289542943,0.47283416986465454,0.02074151113629341,0.06196238100528717
481,sample_000481,samples/sample_000481.npz,28,36,38,48,7,9,8,10,2,70.0,90.0,80.0,100.0,20.0,315.0,425.0,80.0,0.3627184633664139,0.0001119999069487676,0.046716585755348206,0.0030240407213568687,0.006305705290287733
482,sample_000482,samples/sample_000482.npz,36,45,57,63,3,10,9,6,7,30.0,100.0,90.0,60.0,70.0,400.0,595.0,65.0,0.5938732441491112,0.00016549814608879387,0.3119090497493744,0.011162633076310158,0.03300518915057182
483,sample_000483,samples/sample_000483.npz,18,28,31,45,8,13,10,14,5,80.0,130.0,100.0,140.0,50.0,225.0,375.0,105.0,0.23537409625117267,0.00037000005249865353,0.07798150926828384,0.008015824481844902,0.012891894206404686
484,sample_000484,samples/sample_000484.npz,11,18,15,25,5,12,7,10,7,50.0,120.0,70.0,100.0,70.0,140.0,195.0,85.0,0.6058340754582439,0.00035524365375749767,0.2433450073003769,0.014788282103836536,0.03188352659344673
485,sample_000485,samples/sample_000485.npz,39,55,44,60,5,9,16,16,4,50.0,90.0,160.0,160.0,40.0,465.0,515.0,70.0,0.957242072042549,0.000850812008138746,0.6245391964912415,0.0499006025493145,0.10546857118606567
486,sample_000486,samples/sample_000486.npz,15,31,28,42,6,9,16,14,3,60.0,90.0,160.0,140.0,30.0,225.0,345.0,75.0,0.5915232119731689,0.0007174668135121465,0.24911919236183167,0.021009117364883423,0.040739934891462326
487,sample_000487,samples/sample_000487.npz,37,48,25,34,3,7,11,9,4,30.0,70.0,110.0,90.0,40.0,420.0,290.0,50.0,0.7659968940768513,0.0003515161806717515,0.4369986057281494,0.017121577635407448,0.05045991390943527
488,sample_000488,samples/sample_000488.npz,29,42,1,5,2,7,13,4,5,20.0,70.0,130.0,40.0,50.0,350.0,25.0,45.0,0.31216451569906956,4.471556894714013e-05,0.15781044960021973,0.004331539385020733,0.015629490837454796
489,sample_000489,samples/sample_000489.npz,56,63,22,30,2,9,7,8,7,20.0,90.0,70.0,80.0,70.0,590.0,255.0,55.0,0.8575387846652047,0.00022477182210423052,0.6112111210823059,0.01749248616397381,0.05884264037013054
490,sample_000490,samples/sample_000490.npz,33,45,54,62,4,9,12,8,5,40.0,90.0,120.0,80.0,50.0,385.0,575.0,65.0,0.993257167571491,0.0003861066361423582,0.5096494555473328,0.024169573560357094,0.06395742297172546
491,sample_000491,samples/sample_000491.npz,7,13,50,59,6,12,6,9,6,60.0,120.0,60.0,90.0,60.0,95.0,540.0,90.0,0.8346908351103428,0.00023450802837032825,0.2045678347349167,0.012323769740760326,0.027604438364505768
492,sample_000492,samples/sample_000492.npz,40,44,38,52,3,9,4,14,6,30.0,90.0,40.0,140.0,60.0,415.0,445.0,60.0,0.20605537655574802,7.128994911909103e-05,0.08941991627216339,0.003770451992750168,0.010214663110673428
493,sample_000493,samples/sample_000493.npz,30,46,0,9,8,12,16,9,4,80.0,120.0,160.0,90.0,40.0,375.0,40.0,100.0,0.539508916805949,0.0003739107633009553,0.15189598500728607,0.013559442013502121,0.025666000321507454
494,sample_000494,samples/sample_000494.npz,23,32,26,35,6,10,9,9,4,60.0,100.0,90.0,90.0,40.0,270.0,300.0,80.0,0.3507058918603136,0.0002639653393998742,0.09341751784086227,0.0059724547900259495,0.012468067929148674
495,sample_000495,samples/sample_000495.npz,4,8,41,54,6,13,4,13,7,60.0,130.0,40.0,130.0,70.0,55.0,470.0,95.0,0.7799148127091096,0.00027577404398471117,0.1854689121246338,0.012701352126896381,0.02682291716337204
496,sample_000496,samples/sample_000496.npz,8,21,24,29,4,7,13,5,3,40.0,70.0,130.0,50.0,30.0,140.0,260.0,55.0,0.27945419759864243,5.068494283477776e-05,0.0732414498925209,0.0029881559312343597,0.008450300432741642
497,sample_000497,samples/sample_000497.npz,28,41,21,35,4,12,13,14,8,40.0,120.0,130.0,140.0,80.0,340.0,275.0,80.0,0.5828963611978588,0.0019509444246068597,0.576309859752655,0.044578440487384796,0.08819852024316788
498,sample_000498,samples/sample_000498.npz,35,51,13,27,7,13,16,14,6,70.0,130.0,160.0,140.0,60.0,425.0,195.0,100.0,0.3257523080293681,0.0007444119546562433,0.1978967934846878,0.021211324259638786,0.0347878560423851
499,sample_000499,samples/sample_000499.npz,11,17,4,16,2,6,6,12,4,20.0,60.0,60.0,120.0,40.0,135.0,95.0,40.0,0.9400228725959769,0.00011812647426268086,0.5551896095275879,0.015110868960618973,0.05570988729596138
500,sample_000500,samples/sample_000500.npz,52,56,25,36,8,15,4,11,7,80.0,150.0,40.0,110.0,70.0,535.0,300.0,115.0,0.3681131252764252,0.00020198184938635677,0.05463998392224312,0.005066841375082731,0.008613064885139465
501,sample_000501,samples/sample_000501.npz,49,54,47,56,6,12,5,9,6,60.0,120.0,50.0,90.0,60.0,510.0,510.0,90.0,0.6253856070991004,0.00016739846614655107,0.12942087650299072,0.007973583415150642,0.0172614473849535
502,sample_000502,samples/sample_000502.npz,30,34,15,19,4,9,4,4,5,40.0,90.0,40.0,40.0,50.0,315.0,165.0,65.0,0.5367094321244399,5.834005060023628e-05,0.0703435018658638,0.0023133978247642517,0.006500302813947201
503,sample_000503,samples/sample_000503.npz,41,50,55,60,7,9,9,5,2,70.0,90.0,90.0,50.0,20.0,450.0,570.0,80.0,0.9223726822011269,7.240303966682404e-05,0.07241466641426086,0.003966967575252056,0.00938509777188301
504,sample_000504,samples/sample_000504.npz,48,53,19,34,5,9,5,15,4,50.0,90.0,50.0,150.0,40.0,500.0,260.0,70.0,0.23397286450087043,7.980225927894935e-05,0.06387901306152344,0.003674114588648081,0.00855044461786747
505,sample_000505,samples/sample_000505.npz,31,36,22,34,8,16,5,12,8,80.0,160.0,50.0,120.0,80.0,330.0,275.0,120.0,0.4994810018238613,0.0008204213809221983,0.1057971939444542,0.011342036537826061,0.01693788170814514
506,sample_000506,samples/sample_000506.npz,9,17,21,30,4,12,8,9,8,40.0,120.0,80.0,90.0,80.0,125.0,250.0,80.0,0.23898751306789068,0.00017041781393345445,0.1303403377532959,0.006979417055845261,0.016056910157203674
507,sample_000507,samples/sample_000507.npz,27,40,26,34,5,13,13,8,8,50.0,130.0,130.0,80.0,80.0,330.0,295.0,90.0,0.33239658872140276,0.0007832373376004398,0.18913790583610535,0.01418329868465662,0.0269570741802454
508,sample_000508,samples/sample_000508.npz,53,60,56,63,3,9,7,7,6,30.0,90.0,70.0,70.0,60.0,560.0,590.0,60.0,0.22968057353148197,3.302102777524851e-05,0.10662934929132462,0.0032853689044713974,0.010771272704005241
509,sample_000509,samples/sample_000509.npz,22,38,33,42,7,10,16,9,3,70.0,100.0,160.0,90.0,30.0,295.0,370.0,85.0,0.5896529355006255,0.0005997216794639826,0.15561062097549438,0.013184679672122002,0.024348091334104538
510,sample_000510,samples/sample_000510.npz,25,39,44,58,5,7,14,14,2,50.0,70.0,140.0,140.0,20.0,315.0,505.0,60.0,0.31102336386489987,0.00013519094500225037,0.10247933119535446,0.006554572843015194,0.015413621440529823
511,sample_000511,samples/sample_000511.npz,20,24,38,42,8,14,4,4,6,80.0,140.0,40.0,40.0,60.0,215.0,395.0,110.0,0.9959708295933525,0.00020267120271455497,0.05479724332690239,0.004576614126563072,0.007797075901180506
512,sample_000512,samples/sample_000512.npz,19,30,14,21,6,8,11,7,2,60.0,80.0,110.0,70.0,20.0,240.0,170.0,70.0,0.9259319727849817,0.00017464168195147067,0.1386430710554123,0.007547774352133274,0.01771668903529644
513,sample_000513,samples/sample_000513.npz,12,17,34,42,7,10,5,8,3,70.0,100.0,50.0,80.0,30.0,140.0,375.0,85.0,0.8253846157307698,0.00013813750410918146,0.08105659484863281,0.0049797468818724155,0.010542051866650581
514,sample_000514,samples/sample_000514.npz,1,9,8,20,2,9,8,12,7,20.0,90.0,80.0,120.0,70.0,45.0,135.0,55.0,0.4765289166125758,0.00016819823940750211,0.4492886960506439,0.016432594507932663,0.05166677385568619
515,sample_000515,samples/sample_000515.npz,31,46,34,49,8,12,15,15,4,80.0,120.0,150.0,150.0,40.0,380.0,410.0,100.0,0.3763551204477902,0.0007098661735653877,0.14980098605155945,0.016651377081871033,0.026509979739785194
516,sample_000516,samples/sample_000516.npz,35,50,12,19,7,9,15,7,2,70.0,90.0,150.0,70.0,20.0,420.0,150.0,80.0,0.9073154556809881,0.00023148984473664314,0.13467511534690857,0.009682337753474712,0.019907159730792046
517,sample_000517,samples/sample_000517.npz,15,24,10,19,5,7,9,9,2,50.0,70.0,90.0,90.0,20.0,190.0,140.0,60.0,0.5936596550282052,8.119724225252867e-05,0.11697074770927429,0.005161285866051912,0.013879242353141308
518,sample_000518,samples/sample_000518.npz,29,44,1,13,7,9,15,12,2,70.0,90.0,150.0,120.0,20.0,360.0,65.0,80.0,0.35363900544852706,0.00013812549877911806,0.08007614314556122,0.006153831724077463,0.012818771414458752
519,sample_000519,samples/sample_000519.npz,4,20,18,30,7,13,16,12,6,70.0,130.0,160.0,120.0,60.0,115.0,235.0,100.0,0.42143967619140493,0.0007039791089482605,0.22950051724910736,0.022793615236878395,0.039500098675489426
520,sample_000520,samples/sample_000520.npz,9,25,25,38,8,11,16,13,3,80.0,110.0,160.0,130.0,30.0,165.0,310.0,95.0,0.3056079098195601,0.0003749483439605683,0.09176861494779587,0.009390133433043957,0.015854794532060623
521,sample_000521,samples/sample_000521.npz,1,15,28,40,3,8,14,12,5,30.0,80.0,140.0,120.0,50.0,75.0,335.0,55.0,0.6070123556796079,0.0004180651740171015,0.5189407467842102,0.027137592434883118,0.07256222516298294
522,sample_000522,samples/sample_000522.npz,41,55,47,56,8,16,14,9,8,80.0,160.0,140.0,90.0,80.0,475.0,510.0,120.0,0.700062267631653,0.001006430247798562,0.28480443358421326,0.030539583414793015,0.04953477159142494
523,sample_000523,samples/sample_000523.npz,12,16,26,35,2,5,4,9,3,20.0,50.0,40.0,90.0,30.0,135.0,300.0,35.0,0.3735156890767337,2.5909630494425073e-05,0.12704166769981384,0.0023451901506632566,0.010035418905317783
524,sample_000524,samples/sample_000524.npz,32,44,42,48,7,12,12,6,5,70.0,120.0,120.0,60.0,50.0,375.0,445.0,95.0,0.7028447766571804,0.00045311969006434083,0.15828636288642883,0.012552153319120407,0.023143978789448738
525,sample_000525,samples/sample_000525.npz,52,60,53,62,7,13,8,9,6,70.0,130.0,80.0,90.0,60.0,555.0,570.0,100.0,0.438744733108525,0.00016197265358641744,0.11416566371917725,0.007912042550742626,0.017025407403707504
526,sample_000526,samples/sample_000526.npz,48,53,59,63,2,10,5,4,8,20.0,100.0,50.0,40.0,80.0,500.0,605.0,60.0,0.4206099086966944,3.607015605666675e-05,0.15612047910690308,0.003323501907289028,0.0120210787281394
527,sample_000527,samples/sample_000527.npz,49,64,19,35,6,9,15,16,3,60.0,90.0,150.0,160.0,30.0,560.0,265.0,75.0,0.7190546973564536,0.0005322802462615073,0.3143158257007599,0.025493701919913292,0.05302564799785614
528,sample_000528,samples/sample_000528.npz,17,27,49,63,4,12,10,14,8,40.0,120.0,100.0,140.0,80.0,215.0,555.0,80.0,0.6892271632061312,0.0007622136035934091,0.5786644816398621,0.03752521425485611,0.08387818932533264
529,sample_000529,samples/sample_000529.npz,45,49,1,12,3,6,4,11,3,30.0,60.0,40.0,110.0,30.0,465.0,60.0,45.0,0.36309521270407824,2.2984580937190913e-05,0.09665679186582565,0.0025958491023629904,0.009276298806071281
530,sample_000530,samples/sample_000530.npz,36,43,46,51,7,14,7,5,7,70.0,140.0,70.0,50.0,70.0,390.0,480.0,105.0,0.7778351902664096,0.00032170844497159123,0.11644957214593887,0.009059476666152477,0.01645444706082344
531,sample_000531,samples/sample_000531.npz,6,12,11,22,3,7,6,11,4,30.0,70.0,60.0,110.0,40.0,85.0,160.0,50.0,0.5727035537809515,8.498360693920404e-05,0.2514301836490631,0.008166826330125332,0.026382777839899063
532,sample_000532,samples/sample_000532.npz,11,18,22,38,6,12,7,16,6,60.0,120.0,70.0,160.0,60.0,140.0,295.0,90.0,0.3273979011607977,0.0003588251711335033,0.13417547941207886,0.010915011167526245,0.02064039558172226
533,sample_000533,samples/sample_000533.npz,32,43,34,49,7,11,11,15,4,70.0,110.0,110.0,150.0,40.0,370.0,410.0,90.0,0.7074398447219277,0.0009098235750570893,0.2612665593624115,0.023650171235203743,0.04216683283448219
534,sample_000534,samples/sample_000534.npz,26,41,47,61,5,11,15,14,6,50.0,110.0,150.0,140.0,60.0,330.0,535.0,80.0,0.995476651600552,0.0016016277950257063,0.7741029262542725,0.06232228875160217,0.12609286606311798
535,sample_000535,samples/sample_000535.npz,19,23,13,25,3,9,4,12,6,30.0,90.0,40.0,120.0,60.0,205.0,185.0,60.0,0.4032354232113307,0.0001160170795628801,0.16455505788326263,0.006319032981991768,0.017675243318080902
536,sample_000536,samples/sample_000536.npz,24,29,41,54,8,14,5,13,6,80.0,140.0,50.0,130.0,60.0,260.0,470.0,110.0,0.2640367971945088,0.00019854330457746983,0.05007635056972504,0.004844260402023792,0.00799228623509407
537,sample_000537,samples/sample_000537.npz,39,52,8,17,4,9,13,9,5,40.0,90.0,130.0,90.0,50.0,450.0,120.0,65.0,0.5188715671325614,0.0002557173138484359,0.29935765266418457,0.0158862192183733,0.039647847414016724
538,sample_000538,samples/sample_000538.npz,25,30,34,39,5,10,5,5,5,50.0,100.0,50.0,50.0,50.0,270.0,360.0,75.0,0.6630566753095939,0.00016286761092487723,0.09579683840274811,0.004411081783473492,0.01050140056759119
539,sample_000539,samples/sample_000539.npz,28,43,1,16,3,10,15,15,7,30.0,100.0,150.0,150.0,70.0,350.0,80.0,65.0,0.7898640875162031,0.0011831980664283037,0.9413923025131226,0.06417611241340637,0.14943857491016388
540,sample_000540,samples/sample_000540.npz,54,63,27,33,3,10,9,6,7,30.0,100.0,90.0,60.0,70.0,580.0,295.0,65.0,0.2631246076980083,8.785712998360395e-05,0.13819606602191925,0.005035788752138615,0.014612563885748386
541,sample_000541,samples/sample_000541.npz,41,49,3,15,8,13,8,12,5,80.0,130.0,80.0,120.0,50.0,445.0,85.0,105.0,0.5434351276615765,0.00032109126914292574,0.13347554206848145,0.011657023802399635,0.021366801112890244
542,sample_000542,samples/sample_000542.npz,22,33,19,30,5,7,11,11,2,50.0,70.0,110.0,110.0,20.0,270.0,240.0,60.0,0.7388505428755143,0.0002588632924016565,0.18731360137462616,0.009855455718934536,0.024436401203274727
543,sample_000543,samples/sample_000543.npz,2,18,3,12,8,13,16,9,5,80.0,130.0,160.0,90.0,50.0,95.0,70.0,105.0,0.36409367480358057,0.0002527403412386775,0.12033182382583618,0.010954819619655609,0.02086191065609455
544,sample_000544,samples/sample_000544.npz,8,18,43,56,5,9,10,13,4,50.0,90.0,100.0,130.0,40.0,125.0,490.0,70.0,0.8338196318994746,0.0003604483790695667,0.37135088443756104,0.02210068330168724,0.05198104679584503
545,sample_000545,samples/sample_000545.npz,34,39,22,31,4,7,5,9,3,40.0,70.0,50.0,90.0,30.0,360.0,260.0,55.0,0.5017896004809055,9.572188719175756e-05,0.1090550497174263,0.0037905287463217974,0.011134807020425797
546,sample_000546,samples/sample_000546.npz,55,61,36,48,2,6,6,12,4,20.0,60.0,60.0,120.0,40.0,575.0,415.0,40.0,0.8080713821354963,0.00010928833216894418,0.4772573411464691,0.012907128781080246,0.047896794974803925
547,sample_000547,samples/sample_000547.npz,11,25,37,51,4,7,14,14,3,40.0,70.0,140.0,140.0,30.0,175.0,435.0,55.0,0.8249632485210536,0.0004242398135829717,0.44503188133239746,0.026622546836733818,0.06573867797851562
548,sample_000548,samples/sample_000548.npz,46,51,2,10,5,10,5,8,5,50.0,100.0,50.0,80.0,50.0,480.0,55.0,75.0,0.20031821571278732,3.025867772521451e-05,0.0428544245660305,0.0019250607583671808,0.005007702391594648
549,sample_000549,samples/sample_000549.npz,8,21,49,61,8,15,13,12,7,80.0,150.0,130.0,120.0,70.0,140.0,545.0,115.0,0.6770994582526503,0.0008942453423514962,0.3057187795639038,0.03127225115895271,0.05385869741439819
550,sample_000550,samples/sample_000550.npz,0,14,33,38,8,10,14,5,2,80.0,100.0,140.0,50.0,20.0,65.0,350.0,90.0,0.601535771593086,0.00010459258919581771,0.05316975712776184,0.003927210811525583,0.008014772087335587
551,sample_000551,samples/sample_000551.npz,57,63,32,39,8,14,6,7,6,80.0,140.0,60.0,70.0,60.0,595.0,350.0,110.0,0.7551066160132327,0.00025821977760642767,0.10252063721418381,0.008009528741240501,0.015432965941727161
552,sample_000552,samples/sample_000552.npz,7,15,28,35,6,12,8,7,6,60.0,120.0,80.0,70.0,60.0,105.0,310.0,90.0,0.7725030168486076,0.00038875883910804987,0.19706390798091888,0.012645792216062546,0.02628842368721962
553,sample_000553,samples/sample_000553.npz,26,40,51,55,3,6,14,4,3,30.0,60.0,140.0,40.0,30.0,325.0,525.0,45.0,0.21099612919691194,2.6720226742327213e-05,0.061089616268873215,0.001985690323635936,0.0064788395538926125
554,sample_000554,samples/sample_000554.npz,2,18,49,58,6,14,16,9,8,60.0,140.0,160.0,90.0,80.0,95.0,530.0,100.0,0.35985246336345655,0.00040919071761891246,0.2151905745267868,0.01821526698768139,0.03546522930264473
555,sample_000555,samples/sample_000555.npz,5,14,31,35,2,7,9,4,5,20.0,70.0,90.0,40.0,50.0,90.0,325.0,45.0,0.7777255756859138,0.00010036504681920633,0.34466567635536194,0.007794667966663837,0.029132304713129997
556,sample_000556,samples/sample_000556.npz,11,22,41,56,7,9,11,15,2,70.0,90.0,110.0,150.0,20.0,160.0,480.0,80.0,0.25366871035336036,8.944763249019161e-05,0.053930848836898804,0.004192300606518984,0.008485359139740467
557,sample_000557,samples/sample_000557.npz,48,53,39,47,2,6,5,8,4,20.0,60.0,50.0,80.0,40.0,500.0,425.0,40.0,0.35698655625703624,3.2518411899218336e-05,0.15809616446495056,0.0032563430722802877,0.01300046592950821
558,sample_000558,samples/sample_000558.npz,45,53,35,45,4,8,8,10,4,40.0,80.0,80.0,100.0,40.0,485.0,395.0,60.0,0.5268464554764605,0.0001621333067305386,0.21320538222789764,0.009118287824094296,0.02466021478176117
559,sample_000559,samples/sample_000559.npz,35,46,9,21,7,9,11,12,2,70.0,90.0,110.0,120.0,20.0,400.0,145.0,80.0,0.8055140269916039,0.0002684151113498956,0.14965973794460297,0.010813909582793713,0.02217947319149971
560,sample_000560,samples/sample_000560.npz,28,41,3,14,6,8,13,11,2,60.0,80.0,130.0,110.0,20.0,340.0,80.0,70.0,0.26962295720489227,8.033510675886646e-05,0.0625249370932579,0.0039208498783409595,0.009041660465300083
561,sample_000561,samples/sample_000561.npz,43,51,49,58,6,8,8,9,2,60.0,80.0,80.0,90.0,20.0,465.0,530.0,70.0,0.45620509253796976,5.423349284683354e-05,0.0665639117360115,0.003337809117510915,0.00830860435962677
562,sample_000562,samples/sample_000562.npz,53,57,51,64,5,8,4,13,3,50.0,80.0,40.0,130.0,30.0,545.0,570.0,65.0,0.6237369551850175,5.5994783906498924e-05,0.10708469152450562,0.004728036001324654,0.013144309632480145
563,sample_000563,samples/sample_000563.npz,39,45,4,19,2,5,6,15,3,20.0,50.0,60.0,150.0,30.0,415.0,110.0,35.0,0.9994605795635301,0.00013110111467540264,0.5192986130714417,0.01551521010696888,0.05661057308316231
564,sample_000564,samples/sample_000564.npz,16,27,33,44,7,12,11,11,5,70.0,120.0,110.0,110.0,50.0,210.0,380.0,95.0,0.9794557452842021,0.00113640574272722,0.3425371050834656,0.029544373974204063,0.052784405648708344
565,sample_000565,samples/sample_000565.npz,44,56,6,20,8,12,12,14,4,80.0,120.0,120.0,140.0,40.0,495.0,125.0,100.0,0.3253709882536769,0.00025406022905372083,0.10597873479127884,0.010014835745096207,0.0180138498544693
566,sample_000566,samples/sample_000566.npz,26,40,24,37,8,13,14,13,5,80.0,130.0,140.0,130.0,50.0,325.0,300.0,105.0,0.8435192348082015,0.0026234169490635395,0.3419588506221771,0.037781234830617905,0.05850833281874657
567,sample_000567,samples/sample_000567.npz,42,56,46,51,8,12,14,5,4,80.0,120.0,140.0,50.0,40.0,485.0,480.0,100.0,0.6456333736629063,0.000229136785492301,0.09827542304992676,0.008454965427517891,0.015466829761862755
568,sample_000568,samples/sample_000568.npz,10,24,13,23,2,7,14,10,5,20.0,70.0,140.0,100.0,50.0,165.0,175.0,45.0,0.9255400591414178,0.00042582122841849923,0.8705849051475525,0.03646271303296089,0.11050935834646225
569,sample_000569,samples/sample_000569.npz,27,34,1,6,3,6,7,5,3,30.0,60.0,70.0,50.0,30.0,300.0,30.0,45.0,0.49903094237844475,3.050207487831358e-05,0.1250433772802353,0.0028078160248696804,0.01075682882219553
570,sample_000570,samples/sample_000570.npz,30,43,36,43,7,9,13,7,2,70.0,90.0,130.0,70.0,20.0,360.0,390.0,80.0,0.5031015199028817,0.00017470739840064198,0.0687272846698761,0.004789413418620825,0.00972124096006155
571,sample_000571,samples/sample_000571.npz,5,16,44,53,7,14,11,9,7,70.0,140.0,110.0,90.0,70.0,100.0,480.0,105.0,0.6433157999871895,0.0005250687245279551,0.23618265986442566,0.01996629871428013,0.03716116398572922
572,sample_000572,samples/sample_000572.npz,0,10,33,42,5,8,10,9,3,50.0,80.0,100.0,90.0,30.0,45.0,370.0,65.0,0.7515427497732228,0.00016482880164403468,0.2170102596282959,0.010162515565752983,0.027128012850880623
573,sample_000573,samples/sample_000573.npz,37,42,37,53,8,14,5,16,6,80.0,140.0,50.0,160.0,60.0,390.0,445.0,110.0,0.5417249888124629,0.0005152566009201109,0.1184350997209549,0.012305845506489277,0.01965799741446972
574,sample_000574,samples/sample_000574.npz,41,49,13,23,7,10,8,10,3,70.0,100.0,80.0,100.0,30.0,445.0,175.0,85.0,0.9916066981495095,0.00030711080762557685,0.17587995529174805,0.011957656592130661,0.02447713352739811
575,sample_000575,samples/sample_000575.npz,45,50,44,50,2,8,5,6,6,20.0,80.0,50.0,60.0,60.0,470.0,465.0,50.0,0.781008167084076,9.764688002178445e-05,0.35324230790138245,0.0077922591008245945,0.028138501569628716
576,sample_000576,samples/sample_000576.npz,34,46,41,52,3,9,12,11,6,30.0,90.0,120.0,110.0,60.0,395.0,460.0,60.0,0.6899710355253418,0.0005688974051736295,0.585300862789154,0.02972964383661747,0.07637845724821091
577,sample_000577,samples/sample_000577.npz,13,28,16,27,8,13,15,11,5,80.0,130.0,150.0,110.0,50.0,200.0,210.0,105.0,0.34220106547226914,0.0005158690619282424,0.1278008222579956,0.013527967967092991,0.021850265562534332
578,sample_000578,samples/sample_000578.npz,48,63,35,42,7,10,15,7,3,70.0,100.0,150.0,70.0,30.0,550.0,380.0,85.0,0.9498295960006204,0.0003454161633271724,0.19553238153457642,0.014373453333973885,0.029683560132980347
579,sample_000579,samples/sample_000579.npz,39,53,19,29,5,12,14,10,7,50.0,120.0,140.0,100.0,70.0,455.0,235.0,85.0,0.987291407477463,0.001435588696040213,0.650679886341095,0.04905969649553299,0.09696193039417267
580,sample_000580,samples/sample_000580.npz,1,6,34,46,2,10,5,12,8,20.0,100.0,50.0,120.0,80.0,30.0,395.0,60.0,0.48169906707608734,0.00015679647913202643,0.34387847781181335,0.01168068591505289,0.03651226684451103
581,sample_000581,samples/sample_000581.npz,31,45,47,55,6,11,14,8,5,60.0,110.0,140.0,80.0,50.0,375.0,505.0,85.0,0.5126756274343216,0.0003832504735328257,0.19541887938976288,0.014313634485006332,0.028812143951654434
582,sample_000582,samples/sample_000582.npz,24,29,54,59,3,7,5,5,4,30.0,70.0,50.0,50.0,40.0,260.0,560.0,50.0,0.7174329205398098,4.838567110709846e-05,0.16688543558120728,0.003889787709340453,0.013914256356656551
583,sample_000583,samples/sample_000583.npz,15,30,38,50,5,12,15,12,7,50.0,120.0,150.0,120.0,70.0,220.0,435.0,85.0,0.810900741530657,0.0015474834945052862,0.6291579008102417,0.05194360762834549,0.09927868098020554
584,sample_000584,samples/sample_000584.npz,6,10,11,15,5,9,4,4,4,50.0,90.0,40.0,40.0,40.0,75.0,125.0,70.0,0.44624603982937283,2.0023173419758677e-05,0.03859270364046097,0.0014140680432319641,0.003950218670070171
585,sample_000585,samples/sample_000585.npz,43,59,8,13,2,10,16,5,8,20.0,100.0,160.0,50.0,80.0,505.0,100.0,60.0,0.37629007366688205,0.00015507946955040097,0.29568973183631897,0.01252597477287054,0.035601016134023666
586,sample_000586,samples/sample_000586.npz,2,13,11,20,8,11,11,9,3,80.0,110.0,110.0,90.0,30.0,70.0,150.0,95.0,0.5132554007789782,0.00015115250425878912,0.08966781944036484,0.006864092778414488,0.013862556777894497
587,sample_000587,samples/sample_000587.npz,46,55,52,62,5,7,9,10,2,50.0,70.0,90.0,100.0,20.0,500.0,565.0,60.0,0.8015129751857422,8.610034274170175e-05,0.16962729394435883,0.007342678960412741,0.020656509324908257
588,sample_000588,samples/sample_000588.npz,49,59,34,49,7,10,10,15,3,70.0,100.0,100.0,150.0,30.0,535.0,410.0,85.0,0.6263653728569858,0.0003169747069478035,0.1734163910150528,0.013703270815312862,0.02734311856329441
589,sample_000589,samples/sample_000589.npz,25,32,37,53,5,11,7,16,6,50.0,110.0,70.0,160.0,60.0,280.0,445.0,80.0,0.33794747713197887,0.0003726624127011746,0.16464202105998993,0.011754891835153103,0.023988895118236542
590,sample_000590,samples/sample_000590.npz,18,30,15,26,8,12,12,11,4,80.0,120.0,120.0,110.0,40.0,235.0,200.0,100.0,0.5760261258422612,0.0005689545650966465,0.1570541113615036,0.01487549114972353,0.025289077311754227
591,sample_000591,samples/sample_000591.npz,49,64,24,38,2,9,15,14,7,20.0,90.0,150.0,140.0,70.0,560.0,305.0,55.0,0.4387264829201265,0.0005316608585417271,0.5928682088851929,0.03419925644993782,0.08963805437088013
592,sample_000592,samples/sample_000592.npz,55,61,53,64,2,7,6,11,5,20.0,70.0,60.0,110.0,50.0,575.0,580.0,45.0,0.8359351119551097,0.00010055597522296011,0.5400601029396057,0.014330664649605751,0.053704604506492615
593,sample_000593,samples/sample_000593.npz,12,25,9,22,7,14,13,13,7,70.0,140.0,130.0,130.0,70.0,180.0,150.0,105.0,0.7271331040210047,0.0012535477289929986,0.401569664478302,0.04013022780418396,0.06807257980108261
594,sample_000594,samples/sample_000594.npz,9,20,37,41,8,16,11,4,8,80.0,160.0,110.0,40.0,80.0,140.0,385.0,120.0,0.5715414040098381,0.00037875413545407355,0.09136086702346802,0.009086872451007366,0.01455248799175024
595,sample_000595,samples/sample_000595.npz,8,20,17,26,4,10,12,9,6,40.0,100.0,120.0,90.0,60.0,135.0,210.0,70.0,0.626198776171768,0.00041357098962180316,0.38600558042526245,0.02114804834127426,0.05058782920241356
596,sample_000596,samples/sample_000596.npz,25,36,15,31,8,10,11,16,2,80.0,100.0,110.0,160.0,20.0,300.0,225.0,90.0,0.7808468299355138,0.0006161018391139805,0.14778843522071838,0.013962864875793457,0.024361098185181618
597,sample_000597,samples/sample_000597.npz,3,7,3,9,6,12,4,6,6,60.0,120.0,40.0,60.0,60.0,45.0,55.0,90.0,0.41162237939580515,4.217545210849494e-05,0.0498453713953495,0.002497214125469327,0.006250754930078983
598,sample_000598,samples/sample_000598.npz,42,55,27,41,7,11,13,14,4,70.0,110.0,130.0,140.0,40.0,480.0,335.0,90.0,0.6831077411176192,0.0008448715670965612,0.27274954319000244,0.024722913280129433,0.04475117847323418
599,sample_000599,samples/sample_000599.npz,11,22,51,62,6,13,11,11,7,60.0,130.0,110.0,110.0,70.0,160.0,560.0,95.0,0.8641197358352617,0.0007415779400616884,0.43852663040161133,0.03315398469567299,0.06733543425798416
600,sample_000600,samples/sample_000600.npz,17,32,42,51,5,13,15,9,8,50.0,130.0,150.0,90.0,80.0,240.0,460.0,90.0,0.7228532840355799,0.0012180623598396778,0.4888700544834137,0.039015140384435654,0.07434264570474625
601,sample_000601,samples/sample_000601.npz,6,16,9,17,5,13,10,8,8,50.0,130.0,100.0,80.0,80.0,105.0,125.0,90.0,0.6294322040203926,0.00038944603875279427,0.30191823840141296,0.01890098862349987,0.04106438532471657
602,sample_000602,samples/sample_000602.npz,42,58,51,55,7,9,16,4,2,70.0,90.0,160.0,40.0,20.0,495.0,525.0,80.0,0.4931487326538526,5.60733606107533e-05,0.04571007564663887,0.0030695765744894743,0.006678490899503231
603,sample_000603,samples/sample_000603.npz,21,29,14,25,4,8,8,11,4,40.0,80.0,80.0,110.0,40.0,245.0,190.0,60.0,0.7050412549954324,0.00028252595802769065,0.3001645505428314,0.013570640236139297,0.03576134517788887
604,sample_000604,samples/sample_000604.npz,34,46,25,34,4,12,12,9,8,40.0,120.0,120.0,90.0,80.0,395.0,290.0,80.0,0.7954423058739879,0.001366334967315197,0.5679556727409363,0.03599061071872711,0.07643648982048035
605,sample_000605,samples/sample_000605.npz,21,37,48,61,7,12,16,13,5,70.0,120.0,160.0,130.0,50.0,285.0,540.0,95.0,0.5062161284209181,0.0007540681981481612,0.25767216086387634,0.0247918963432312,0.04456102102994919
606,sample_000606,samples/sample_000606.npz,36,44,41,49,3,5,8,8,2,30.0,50.0,80.0,80.0,20.0,395.0,445.0,40.0,0.5822437058773803,5.436953142634593e-05,0.16516827046871185,0.004296230152249336,0.015592075884342194
607,sample_000607,samples/sample_000607.npz,5,17,49,64,5,9,12,15,4,50.0,90.0,120.0,150.0,40.0,105.0,560.0,70.0,0.5163489815578075,0.0002477975795045495,0.2787158489227295,0.017957350239157677,0.04274573549628258
608,sample_000608,samples/sample_000608.npz,18,32,48,61,2,7,14,13,5,20.0,70.0,140.0,130.0,50.0,245.0,540.0,45.0,0.6054941159424501,0.0003473323304206133,0.6348505020141602,0.030542245134711266,0.08905801177024841
609,sample_000609,samples/sample_000609.npz,0,9,12,19,6,8,9,7,2,60.0,80.0,90.0,70.0,20.0,40.0,150.0,70.0,0.2647386177022919,2.2690295736538246e-05,0.03459751233458519,0.0016018657479435205,0.004267987795174122
610,sample_000610,samples/sample_000610.npz,44,59,38,43,6,14,15,5,8,60.0,140.0,150.0,50.0,80.0,510.0,400.0,100.0,0.35138754619669377,0.0003048824146389961,0.12026194483041763,0.00995564740151167,0.01840617135167122
611,sample_000611,samples/sample_000611.npz,19,33,41,52,7,12,14,11,5,70.0,120.0,140.0,110.0,50.0,255.0,460.0,95.0,0.3918753844894856,0.0005178704159334302,0.16256257891654968,0.01487166341394186,0.026254059746861458
612,sample_000612,samples/sample_000612.npz,34,49,45,58,2,8,15,13,6,20.0,80.0,150.0,130.0,60.0,410.0,510.0,50.0,0.9286193600795973,0.0007840683101676404,1.113006353378296,0.05987746641039848,0.16223309934139252
613,sample_000613,samples/sample_000613.npz,27,37,31,38,4,8,10,7,4,40.0,80.0,100.0,70.0,40.0,315.0,340.0,60.0,0.9292675186676127,0.0005187085480429232,0.33962681889533997,0.014410469681024551,0.03839590400457382
614,sample_000614,samples/sample_000614.npz,1,7,37,52,4,10,6,15,6,40.0,100.0,60.0,150.0,60.0,35.0,440.0,70.0,0.25979223244406324,0.0001025648380164057,0.13109508156776428,0.006785396486520767,0.017416393384337425
615,sample_000615,samples/sample_000615.npz,22,31,12,21,2,5,9,9,3,20.0,50.0,90.0,90.0,30.0,260.0,160.0,35.0,0.3374234791244367,5.1871436880901456e-05,0.18494084477424622,0.0047798482701182365,0.018366510048508644
616,sample_000616,samples/sample_000616.npz,22,38,36,44,4,11,16,8,7,40.0,110.0,160.0,80.0,70.0,295.0,395.0,75.0,0.8355732509900407,0.0014252797700464725,0.5938620567321777,0.03970775380730629,0.08436783403158188
617,sample_000617,samples/sample_000617.npz,36,50,15,29,4,8,14,14,4,40.0,80.0,140.0,140.0,40.0,425.0,215.0,60.0,0.46718307355550615,0.0004033994919154793,0.31246042251586914,0.01998552307486534,0.046696800738573074
618,sample_000618,samples/sample_000618.npz,33,39,36,51,4,11,6,15,7,40.0,110.0,60.0,150.0,70.0,355.0,430.0,75.0,0.9109080603625692,0.000914565403945744,0.49862709641456604,0.030236052349209785,0.06675423681735992
619,sample_000619,samples/sample_000619.npz,4,8,0,12,4,10,4,12,6,40.0,100.0,40.0,120.0,60.0,55.0,55.0,70.0,0.31911354587067636,5.242475162958726e-05,0.10171275585889816,0.004267367068678141,0.012080078944563866
620,sample_000620,samples/sample_000620.npz,18,34,4,10,7,11,16,6,4,70.0,110.0,160.0,60.0,40.0,255.0,65.0,90.0,0.5263346199807393,0.00023667157802265137,0.1219460591673851,0.009474767372012138,0.018951155245304108
621,sample_000621,samples/sample_000621.npz,12,27,33,49,3,10,15,16,7,30.0,100.0,150.0,160.0,70.0,190.0,405.0,65.0,0.6572442424867952,0.0012944418704137206,0.8062298893928528,0.05932791903614998,0.13009469211101532
622,sample_000622,samples/sample_000622.npz,16,26,36,48,8,13,10,12,5,80.0,130.0,100.0,120.0,50.0,205.0,415.0,105.0,0.7808863344386516,0.0008781395736150444,0.23156708478927612,0.022539006546139717,0.03738219290971756
623,sample_000623,samples/sample_000623.npz,44,59,21,27,2,6,15,6,4,20.0,60.0,150.0,60.0,40.0,510.0,235.0,40.0,0.4461172108199186,9.641604992793873e-05,0.2790305018424988,0.009132381528615952,0.03107558935880661
624,sample_000624,samples/sample_000624.npz,54,62,35,39,7,13,8,4,6,70.0,130.0,80.0,40.0,60.0,575.0,365.0,100.0,0.3576136168351773,8.78688006196171e-05,0.04498748481273651,0.0030786851420998573,0.006265495903789997
625,sample_000625,samples/sample_000625.npz,39,46,1,6,7,15,7,5,8,70.0,150.0,70.0,50.0,80.0,420.0,30.0,110.0,0.473199334512512,0.00015359721146523952,0.07586627453565598,0.005490034352988005,0.01101019699126482
626,sample_000626,samples/sample_000626.npz,51,57,14,19,4,12,6,5,8,40.0,120.0,60.0,50.0,80.0,535.0,160.0,80.0,0.7925831669946424,0.0001734491961542517,0.21704882383346558,0.009336340241134167,0.02346854843199253
627,sample_000627,samples/sample_000627.npz,19,32,6,20,6,13,13,14,7,60.0,130.0,130.0,140.0,70.0,250.0,125.0,95.0,0.6250443963162207,0.0011726564262062311,0.4213469326496124,0.03838657960295677,0.06945788115262985
628,sample_000628,samples/sample_000628.npz,8,13,25,36,2,9,5,11,7,20.0,90.0,50.0,110.0,70.0,100.0,300.0,55.0,0.7641038552117401,0.0002619820588734001,0.4993811845779419,0.015964975580573082,0.05024241656064987
629,sample_000629,samples/sample_000629.npz,17,24,0,13,5,7,7,13,2,50.0,70.0,70.0,130.0,20.0,200.0,60.0,60.0,0.6220451831853288,7.825474312994629e-05,0.12619251012802124,0.00580972945317626,0.015902487561106682
630,sample_000630,samples/sample_000630.npz,29,33,10,14,2,9,4,4,7,20.0,90.0,40.0,40.0,70.0,305.0,115.0,55.0,0.3121400030792367,3.3056574466172606e-05,0.09572186321020126,0.0019098436459898949,0.0067711458541452885
631,sample_000631,samples/sample_000631.npz,2,12,1,15,7,10,10,14,3,70.0,100.0,100.0,140.0,30.0,65.0,75.0,85.0,0.926431996661732,0.00028864253545179963,0.24661438167095184,0.017242401838302612,0.03851235285401344
632,sample_000632,samples/sample_000632.npz,32,43,44,51,4,8,11,7,4,40.0,80.0,110.0,70.0,40.0,370.0,470.0,60.0,0.7501212138578439,0.0002485578297637403,0.2882533669471741,0.012572110630571842,0.033698566257953644
633,sample_000633,samples/sample_000633.npz,52,60,9,24,4,7,8,15,3,40.0,70.0,80.0,150.0,30.0,555.0,160.0,55.0,0.4600789339648607,9.992092236643657e-05,0.1851540356874466,0.008721325546503067,0.024173138663172722
634,sample_000634,samples/sample_000634.npz,42,55,17,22,3,5,13,5,2,30.0,50.0,130.0,50.0,20.0,480.0,190.0,40.0,0.31309163991319516,2.372494236624334e-05,0.07854040712118149,0.0023234067484736443,0.00813150405883789
635,sample_000635,samples/sample_000635.npz,29,40,38,46,4,8,11,8,4,40.0,80.0,110.0,80.0,40.0,340.0,415.0,60.0,0.7244495665995669,0.00035876885522156954,0.30842748284339905,0.014035006985068321,0.03671525418758392
636,sample_000636,samples/sample_000636.npz,5,16,42,47,6,8,11,5,2,60.0,80.0,110.0,50.0,20.0,100.0,440.0,70.0,0.3469654351730709,3.348231257405132e-05,0.03885742649435997,0.0019487104145810008,0.004835551138967276
637,sample_000637,samples/sample_000637.npz,15,20,15,23,3,11,5,8,8,30.0,110.0,50.0,80.0,80.0,170.0,185.0,70.0,0.917835598934656,0.00030779748340137303,0.40679043531417847,0.015443876385688782,0.04139640927314758
638,sample_000638,samples/sample_000638.npz,8,24,52,59,4,6,16,7,2,40.0,60.0,160.0,70.0,20.0,155.0,550.0,50.0,0.5295323386960036,6.526869401568547e-05,0.14400522410869598,0.006370923947542906,0.018482668325304985
639,sample_000639,samples/sample_000639.npz,47,54,41,45,8,13,7,4,5,80.0,130.0,70.0,40.0,50.0,500.0,425.0,105.0,0.9348656969372713,0.00019094999879598618,0.07733580470085144,0.006109144538640976,0.011187314055860043
640,sample_000640,samples/sample_000640.npz,14,26,8,22,3,7,12,14,4,30.0,70.0,120.0,140.0,40.0,195.0,145.0,50.0,0.8922297771099654,0.00043694107444025576,0.657808780670166,0.03318314626812935,0.09058481454849243
641,sample_000641,samples/sample_000641.npz,58,63,16,23,5,11,5,7,6,50.0,110.0,50.0,70.0,60.0,600.0,190.0,80.0,0.2900819621940969,4.991005334886722e-05,0.061351943761110306,0.0028175225015729666,0.007231155876070261
642,sample_000642,samples/sample_000642.npz,57,64,28,37,4,9,7,9,5,40.0,90.0,70.0,90.0,50.0,600.0,320.0,65.0,0.9611058655144433,0.000258292187936604,0.37395426630973816,0.014975810423493385,0.042643558233976364
643,sample_000643,samples/sample_000643.npz,12,20,32,43,3,11,8,11,8,30.0,110.0,80.0,110.0,80.0,155.0,370.0,70.0,0.6011652483150601,0.000519359193276614,0.4616658687591553,0.02237004041671753,0.05558309331536293
644,sample_000644,samples/sample_000644.npz,15,29,6,11,2,9,14,5,7,20.0,90.0,140.0,50.0,70.0,215.0,80.0,55.0,0.7542157301291621,0.00025541792274452746,0.5384746789932251,0.019752467051148415,0.05997283011674881
645,sample_000645,samples/sample_000645.npz,28,41,32,46,6,11,13,14,5,60.0,110.0,130.0,140.0,50.0,340.0,385.0,85.0,0.31386083374228946,0.0006286472780629992,0.17089273035526276,0.01475513819605112,0.027210168540477753
646,sample_000646,samples/sample_000646.npz,23,37,24,30,3,10,14,6,7,30.0,100.0,140.0,60.0,70.0,295.0,265.0,65.0,0.20228533281732855,0.000218648710870184,0.13279569149017334,0.006495368201285601,0.016167357563972473
647,sample_000647,samples/sample_000647.npz,17,26,30,41,2,5,9,11,3,20.0,50.0,90.0,110.0,30.0,210.0,350.0,35.0,0.46638670472259736,0.00010956046025967225,0.2759954631328583,0.008122911676764488,0.02966807782649994
648,sample_000648,samples/sample_000648.npz,36,43,25,37,5,13,7,12,8,50.0,130.0,70.0,120.0,80.0,390.0,305.0,90.0,0.8083479007884711,0.0012825678568333387,0.3913974165916443,0.027741702273488045,0.05394286289811134
649,sample_000649,samples/sample_000649.npz,20,30,54,62,4,6,10,8,2,40.0,60.0,100.0,80.0,20.0,245.0,575.0,50.0,0.6568491671652941,6.577093154191971e-05,0.16227948665618896,0.005622978787869215,0.01779572106897831
650,sample_000650,samples/sample_000650.npz,41,57,7,19,4,9,16,12,5,40.0,90.0,160.0,120.0,50.0,485.0,125.0,65.0,0.5055519479448038,0.00038115319330245256,0.3860197365283966,0.025156982243061066,0.05873795226216316
651,sample_000651,samples/sample_000651.npz,17,22,44,56,6,8,5,12,2,60.0,80.0,50.0,120.0,20.0,190.0,495.0,70.0,0.7002715627220188,8.140998397720978e-05,0.08287477493286133,0.00436258502304554,0.01050543412566185
652,sample_000652,samples/sample_000652.npz,16,20,39,55,4,6,4,16,2,40.0,60.0,40.0,160.0,20.0,175.0,465.0,50.0,0.8141227414707517,7.605538121424615e-05,0.14108657836914062,0.005777266342192888,0.01673687994480133
653,sample_000653,samples/sample_000653.npz,23,35,13,26,2,4,12,13,2,20.0,40.0,120.0,130.0,20.0,285.0,190.0,30.0,0.20871106214101243,4.2108782508876175e-05,0.10589437931776047,0.0038596398662775755,0.013530189171433449
654,sample_000654,samples/sample_000654.npz,51,55,37,44,6,13,4,7,7,60.0,130.0,40.0,70.0,70.0,525.0,400.0,95.0,0.9584753659975587,0.0002456727088429034,0.1429050862789154,0.008968686684966087,0.018484432250261307
655,sample_000655,samples/sample_000655.npz,28,37,28,39,4,12,9,11,8,40.0,120.0,90.0,110.0,80.0,320.0,330.0,80.0,0.321017593127058,0.0006791020859964192,0.21696436405181885,0.01338924653828144,0.02857029251754284
656,sample_000656,samples/sample_000656.npz,18,34,24,28,8,15,16,4,7,80.0,150.0,160.0,40.0,70.0,255.0,255.0,115.0,0.2069483026886615,0.0002483803837094456,0.04027675837278366,0.004412882495671511,0.00667597958818078
657,sample_000657,samples/sample_000657.npz,27,43,35,49,3,6,16,14,3,30.0,60.0,160.0,140.0,30.0,345.0,415.0,45.0,0.20415349760142984,0.00014519448450300843,0.1356610804796219,0.007838834077119827,0.020600704476237297
658,sample_000658,samples/sample_000658.npz,0,5,53,60,8,16,5,7,8,80.0,160.0,50.0,70.0,80.0,20.0,560.0,120.0,0.9701657858238921,0.00024876423412933946,0.1301082819700241,0.009784710593521595,0.02032262459397316
659,sample_000659,samples/sample_000659.npz,1,11,52,63,8,10,10,11,2,80.0,100.0,100.0,110.0,20.0,55.0,570.0,90.0,0.9585736500126483,0.00015597816673107445,0.13150611519813538,0.008925010450184345,0.02018963173031807
660,sample_000660,samples/sample_000660.npz,39,47,3,19,3,7,8,16,4,30.0,70.0,80.0,160.0,40.0,425.0,105.0,50.0,0.6302189171032114,0.00021498430578503758,0.38806697726249695,0.017629027366638184,0.05027266591787338
661,sample_000661,samples/sample_000661.npz,8,24,30,41,6,10,16,11,4,60.0,100.0,160.0,110.0,40.0,155.0,350.0,80.0,0.7233990512589537,0.0007588097942061722,0.3241107761859894,0.026082292199134827,0.051256414502859116
662,sample_000662,samples/sample_000662.npz,51,62,3,9,2,7,11,6,5,20.0,70.0,110.0,60.0,50.0,560.0,55.0,45.0,0.24603727046787444,3.0968392820796e-05,0.15895362198352814,0.004271942190825939,0.01580103486776352
663,sample_000663,samples/sample_000663.npz,23,33,24,31,8,11,10,7,3,80.0,110.0,100.0,70.0,30.0,275.0,270.0,95.0,0.5427535896836335,0.0002864697598852217,0.0712086632847786,0.005751901771873236,0.010371221229434013
664,sample_000664,samples/sample_000664.npz,13,21,35,44,3,11,8,9,8,30.0,110.0,80.0,90.0,80.0,165.0,390.0,70.0,0.8710281464132474,0.0006022093002684414,0.5948367118835449,0.026554079726338387,0.06761530786752701
665,sample_000665,samples/sample_000665.npz,35,41,0,12,5,13,6,12,8,50.0,130.0,60.0,120.0,80.0,375.0,55.0,90.0,0.6992931562554752,0.0004572741163428873,0.2978096604347229,0.018644966185092926,0.040758732706308365
666,sample_000666,samples/sample_000666.npz,19,26,48,55,3,10,7,7,7,30.0,100.0,70.0,70.0,70.0,220.0,510.0,65.0,0.8188329405618346,0.00025986871332861483,0.40620648860931396,0.01482932735234499,0.041754044592380524
667,sample_000667,samples/sample_000667.npz,56,62,11,15,6,12,6,4,6,60.0,120.0,60.0,40.0,60.0,585.0,125.0,90.0,0.776299037995793,9.285980195272714e-05,0.09400586038827896,0.004964287392795086,0.011754868552088737
668,sample_000668,samples/sample_000668.npz,11,21,19,34,6,11,10,15,5,60.0,110.0,100.0,150.0,50.0,155.0,260.0,85.0,0.7135220265984652,0.0007975680055096745,0.33676832914352417,0.027024811133742332,0.05216299742460251
669,sample_000669,samples/sample_000669.npz,25,33,6,18,2,8,8,12,6,20.0,80.0,80.0,120.0,60.0,285.0,115.0,50.0,0.3501105332433234,0.00016707461327314377,0.3068808615207672,0.011150045320391655,0.034571390599012375
670,sample_000670,samples/sample_000670.npz,24,30,26,37,7,14,6,11,7,70.0,140.0,60.0,110.0,70.0,265.0,310.0,105.0,0.3442004096739167,0.00048105473979376256,0.08882938325405121,0.007826571352779865,0.013201449997723103
671,sample_000671,samples/sample_000671.npz,47,52,51,56,5,10,5,5,5,50.0,100.0,50.0,50.0,50.0,490.0,530.0,75.0,0.9843161406267344,0.00010191799810854718,0.1422116458415985,0.0061149816028773785,0.01572495326399803
672,sample_000672,samples/sample_000672.npz,34,43,47,56,6,9,9,9,3,60.0,90.0,90.0,90.0,30.0,380.0,510.0,75.0,0.8588758319039331,0.00024001795100048184,0.18669657409191132,0.010698563419282436,0.024469248950481415
673,sample_000673,samples/sample_000673.npz,21,34,18,25,4,7,13,7,3,40.0,70.0,130.0,70.0,30.0,270.0,210.0,55.0,0.8073328876283863,0.0002643887128215283,0.27710863947868347,0.012270547449588776,0.033389583230018616
674,sample_000674,samples/sample_000674.npz,4,12,6,12,6,13,8,6,7,60.0,130.0,80.0,60.0,70.0,75.0,85.0,95.0,0.9180695118826783,0.0002654202689882368,0.22310185432434082,0.013522918336093426,0.030180666595697403
675,sample_000675,samples/sample_000675.npz,41,49,48,56,2,9,8,8,7,20.0,90.0,80.0,80.0,70.0,445.0,515.0,55.0,0.7579770966827317,0.00024129333905875683,0.5882160663604736,0.018365586176514626,0.05841006711125374
676,sample_000676,samples/sample_000676.npz,21,28,47,51,8,15,7,4,7,80.0,150.0,70.0,40.0,70.0,240.0,485.0,115.0,0.47891897750158297,0.00016986812988761812,0.04841113090515137,0.0043198768980801105,0.007257680408656597
677,sample_000677,samples/sample_000677.npz,37,51,6,18,8,10,14,12,2,80.0,100.0,140.0,120.0,20.0,435.0,115.0,90.0,0.23668703147470993,9.44427665672265e-05,0.044112857431173325,0.0038301802705973387,0.007213583681732416
678,sample_000678,samples/sample_000678.npz,49,59,17,23,7,14,10,6,7,70.0,140.0,100.0,60.0,70.0,535.0,195.0,105.0,0.7736526054432986,0.00041950971353799105,0.18595318496227264,0.014746819622814655,0.027646489441394806
679,sample_000679,samples/sample_000679.npz,13,26,47,58,7,9,13,11,2,70.0,90.0,130.0,110.0,20.0,190.0,520.0,80.0,0.54842092365412,0.00016167951980605721,0.10706883668899536,0.007781318388879299,0.016260337084531784
680,sample_000680,samples/sample_000680.npz,46,56,28,36,5,11,10,8,6,50.0,110.0,100.0,80.0,60.0,505.0,315.0,80.0,0.3065040468621786,0.00021359420497901738,0.12697531282901764,0.007471834309399128,0.016528891399502754
681,sample_000681,samples/sample_000681.npz,48,63,0,8,2,8,15,8,6,20.0,80.0,150.0,80.0,60.0,550.0,35.0,50.0,0.476006886510213,0.0001419129694113508,0.44891971349716187,0.01738031394779682,0.05600941181182861
682,sample_000682,samples/sample_000682.npz,54,64,45,56,5,11,10,11,6,50.0,110.0,100.0,110.0,60.0,585.0,500.0,80.0,0.4276439818335924,0.0002121701545547694,0.2223280817270279,0.013004113920032978,0.031110120937228203
683,sample_000683,samples/sample_000683.npz,11,18,20,33,4,10,7,13,6,40.0,100.0,70.0,130.0,60.0,140.0,260.0,70.0,0.6719691228375764,0.00043010813533328474,0.3575529456138611,0.019285043701529503,0.046040866523981094
684,sample_000684,samples/sample_000684.npz,49,54,43,53,5,9,5,10,4,50.0,90.0,50.0,100.0,40.0,510.0,475.0,70.0,0.23200087146750842,3.937328074243851e-05,0.050771187990903854,0.0023777552414685488,0.006025726906955242
685,sample_000685,samples/sample_000685.npz,46,59,9,14,8,16,13,5,8,80.0,160.0,130.0,50.0,80.0,520.0,110.0,120.0,0.71913712413714,0.0004648439062293619,0.16151227056980133,0.01564168743789196,0.02705291658639908
686,sample_000686,samples/sample_000686.npz,28,41,31,39,7,9,13,8,2,70.0,90.0,130.0,80.0,20.0,340.0,345.0,80.0,0.5950981252348511,0.0002944130974356085,0.0912601426243782,0.006505698896944523,0.01303084660321474
687,sample_000687,samples/sample_000687.npz,2,15,6,18,2,8,13,12,6,20.0,80.0,130.0,120.0,60.0,80.0,115.0,50.0,0.5462186085486792,0.00025598780484870076,0.602978527545929,0.027144692838191986,0.0806710496544838
688,sample_000688,samples/sample_000688.npz,57,64,30,35,4,9,7,5,5,40.0,90.0,70.0,50.0,50.0,600.0,320.0,65.0,0.7147904412452688,0.00010668614413589239,0.17760822176933289,0.006189173553138971,0.018365755677223206
689,sample_000689,samples/sample_000689.npz,4,9,55,63,8,11,5,8,3,80.0,110.0,50.0,80.0,30.0,60.0,585.0,95.0,0.5230594024161972,4.768564394908026e-05,0.04207267612218857,0.0025844236370176077,0.005984954535961151
690,sample_000690,samples/sample_000690.npz,53,63,3,14,3,11,10,11,8,30.0,110.0,100.0,110.0,80.0,575.0,80.0,70.0,0.7741724899248938,0.00041126340511254966,0.6864929795265198,0.032298408448696136,0.08819448947906494
691,sample_000691,samples/sample_000691.npz,45,61,14,19,4,8,16,5,4,40.0,80.0,160.0,50.0,40.0,525.0,160.0,60.0,0.48619529018348673,0.00011098698450950906,0.1679501235485077,0.008163101971149445,0.021611874923110008
692,sample_000692,samples/sample_000692.npz,19,34,49,57,4,7,15,8,3,40.0,70.0,150.0,80.0,30.0,260.0,525.0,55.0,0.443020092264929,0.00013254497025627643,0.17828889191150665,0.008642149157822132,0.023210957646369934
693,sample_000693,samples/sample_000693.npz,3,16,24,37,7,13,13,13,6,70.0,130.0,130.0,130.0,60.0,90.0,300.0,100.0,0.9747211266214688,0.0015334857162088156,0.48915404081344604,0.04586561396718025,0.08201232552528381
694,sample_000694,samples/sample_000694.npz,44,52,10,24,8,10,8,14,2,80.0,100.0,80.0,140.0,20.0,475.0,165.0,90.0,0.8867452844329518,0.0002435602218611166,0.11999031901359558,0.00968631636351347,0.018540091812610626
695,sample_000695,samples/sample_000695.npz,22,33,31,40,8,15,11,9,7,80.0,150.0,110.0,90.0,70.0,270.0,350.0,115.0,0.7077526270231702,0.00149145710747689,0.22154921293258667,0.023468326777219772,0.035860881209373474
696,sample_000696,samples/sample_000696.npz,48,53,51,62,6,12,5,11,6,60.0,120.0,50.0,110.0,60.0,500.0,560.0,90.0,0.537379033513,0.0001590211468283087,0.1289212554693222,0.00808971282094717,0.017875660210847855
697,sample_000697,samples/sample_000697.npz,5,17,25,40,2,4,12,15,2,20.0,40.0,120.0,150.0,20.0,105.0,320.0,30.0,0.6349520843526795,0.00011749393161153421,0.3330356180667877,0.013373450376093388,0.04550132155418396
698,sample_000698,samples/sample_000698.npz,16,31,52,64,3,6,15,12,3,30.0,60.0,150.0,120.0,30.0,230.0,575.0,45.0,0.5128659833886331,0.0001519261277280748,0.3135271668434143,0.015021438710391521,0.0440206453204155
699,sample_000699,samples/sample_000699.npz,15,31,47,56,3,11,16,9,8,30.0,110.0,160.0,90.0,80.0,225.0,510.0,70.0,0.948907291181345,0.001106051029637456,0.937488317489624,0.056772101670503616,0.1327739804983139
700,sample_000700,samples/sample_000700.npz,7,21,45,53,8,10,14,8,2,80.0,100.0,140.0,80.0,20.0,135.0,485.0,90.0,0.22939794559676746,5.672012775903568e-05,0.031041083857417107,0.002463404554873705,0.0048111602663993835
701,sample_000701,samples/sample_000701.npz,18,26,50,58,6,9,8,8,3,60.0,90.0,80.0,80.0,30.0,215.0,535.0,75.0,0.44351486133000595,8.346120011992753e-05,0.08113674819469452,0.0042876009829342365,0.010188044048845768
702,sample_000702,samples/sample_000702.npz,43,58,43,54,2,10,15,11,8,20.0,100.0,150.0,110.0,80.0,500.0,480.0,60.0,0.8101595266123609,0.0007940885261632502,1.049823522567749,0.056651610881090164,0.14749547839164734
703,sample_000703,samples/sample_000703.npz,47,60,43,48,3,11,13,5,8,30.0,110.0,130.0,50.0,80.0,530.0,450.0,70.0,0.46856007884381445,0.0002083014405798167,0.2699822187423706,0.01242823526263237,0.03222668915987015
704,sample_000704,samples/sample_000704.npz,54,59,37,42,4,12,5,5,8,40.0,120.0,50.0,50.0,80.0,560.0,390.0,80.0,0.4904938753776973,0.00010011552512878552,0.11447753012180328,0.004800345748662949,0.012186002917587757
705,sample_000705,samples/sample_000705.npz,2,17,9,15,2,4,15,6,2,20.0,40.0,150.0,60.0,20.0,90.0,115.0,30.0,0.38898646084360583,2.1647751054842956e-05,0.1505807787179947,0.004020989872515202,0.016058485954999924
706,sample_000706,samples/sample_000706.npz,54,60,47,57,4,6,6,10,2,40.0,60.0,60.0,100.0,20.0,565.0,515.0,50.0,0.9388518453644126,5.417568900156766e-05,0.18930257856845856,0.005948410369455814,0.019620193168520927
707,sample_000707,samples/sample_000707.npz,23,33,47,59,6,10,10,12,4,60.0,100.0,100.0,120.0,40.0,275.0,525.0,80.0,0.7195062785151767,0.00042912981007248163,0.25542935729026794,0.017288677394390106,0.03678406402468681
708,sample_000708,samples/sample_000708.npz,51,55,10,19,6,13,4,9,7,60.0,130.0,40.0,90.0,70.0,525.0,140.0,95.0,0.7854081604015835,0.0002088177134282887,0.14379757642745972,0.009202208369970322,0.019294116646051407
709,sample_000709,samples/sample_000709.npz,50,62,28,33,8,11,12,5,3,80.0,110.0,120.0,50.0,30.0,555.0,300.0,95.0,0.9478367850790304,0.0002397540956735611,0.10476355999708176,0.007938089780509472,0.015640130266547203
710,sample_000710,samples/sample_000710.npz,19,35,8,20,8,11,16,12,3,80.0,110.0,160.0,120.0,30.0,265.0,135.0,95.0,0.9740196351316368,0.0008864536066539586,0.2765173614025116,0.027220211923122406,0.04721248894929886
711,sample_000711,samples/sample_000711.npz,26,41,31,40,3,5,15,9,2,30.0,50.0,150.0,90.0,20.0,330.0,350.0,40.0,0.4169360212155231,0.0001393509010085836,0.1605217009782791,0.006544273812323809,0.020183125510811806
712,sample_000712,samples/sample_000712.npz,34,41,49,57,3,11,7,8,8,30.0,110.0,70.0,80.0,80.0,370.0,525.0,70.0,0.5373812791912248,0.0002517825341783464,0.3096012771129608,0.012476914562284946,0.03329730033874512
713,sample_000713,samples/sample_000713.npz,30,38,33,45,2,6,8,12,4,20.0,60.0,80.0,120.0,40.0,335.0,385.0,40.0,0.6627547295620151,0.0002719357726164162,0.4636428952217102,0.014777954667806625,0.05028095096349716
714,sample_000714,samples/sample_000714.npz,39,52,14,30,2,10,13,16,8,20.0,100.0,130.0,160.0,80.0,450.0,215.0,60.0,0.3489564831877836,0.0005917631788179278,0.502096951007843,0.03156261891126633,0.07617514580488205
715,sample_000715,samples/sample_000715.npz,13,26,31,42,2,8,13,11,6,20.0,80.0,130.0,110.0,60.0,190.0,360.0,50.0,0.7705257989090761,0.0006771796615794301,0.816638171672821,0.03718217834830284,0.10557704418897629
716,sample_000716,samples/sample_000716.npz,46,56,23,36,8,16,10,13,8,80.0,160.0,100.0,130.0,80.0,505.0,290.0,120.0,0.7618692041070769,0.0015898765996098518,0.32126152515411377,0.0355832464993,0.05514651536941528
717,sample_000717,samples/sample_000717.npz,43,47,26,42,2,7,4,16,5,20.0,70.0,40.0,160.0,50.0,445.0,335.0,45.0,0.847234221891185,0.00026276073185727,0.45151761174201965,0.015458112582564354,0.04915172979235649
718,sample_000718,samples/sample_000718.npz,25,34,33,40,3,8,9,7,5,30.0,80.0,90.0,70.0,50.0,290.0,360.0,55.0,0.9392299566771183,0.0004620276449713856,0.4679781496524811,0.016576705500483513,0.048736829310655594
719,sample_000719,samples/sample_000719.npz,25,36,37,41,2,5,11,4,3,20.0,50.0,110.0,40.0,30.0,300.0,385.0,35.0,0.991752460632525,0.00012397649697959423,0.3602646291255951,0.00769812474027276,0.031067609786987305
720,sample_000720,samples/sample_000720.npz,34,48,37,49,7,11,14,12,4,70.0,110.0,140.0,120.0,40.0,405.0,425.0,90.0,0.5598010444066082,0.0006300773238763213,0.211880162358284,0.018906906247138977,0.03408246487379074
721,sample_000721,samples/sample_000721.npz,46,56,49,57,5,10,10,8,5,50.0,100.0,100.0,80.0,50.0,505.0,525.0,75.0,0.6377382717180937,0.00020695944840554148,0.23801006376743317,0.012607909739017487,0.030506707727909088
722,sample_000722,samples/sample_000722.npz,4,11,21,26,7,11,7,5,4,70.0,110.0,70.0,50.0,40.0,70.0,230.0,90.0,0.4754965438980574,7.475037273252383e-05,0.05088261142373085,0.003130990779027343,0.00677252933382988
723,sample_000723,samples/sample_000723.npz,7,17,14,26,6,14,10,12,8,60.0,140.0,100.0,120.0,80.0,115.0,195.0,100.0,0.27923364948848955,0.00034994285670109093,0.15159398317337036,0.012548301368951797,0.02338496968150139
724,sample_000724,samples/sample_000724.npz,13,27,1,14,6,9,14,13,3,60.0,90.0,140.0,130.0,30.0,195.0,70.0,75.0,0.514557717565234,0.00024635475710965693,0.192657008767128,0.01374890748411417,0.030158214271068573
725,sample_000725,samples/sample_000725.npz,42,46,49,53,3,8,4,4,5,30.0,80.0,40.0,40.0,50.0,435.0,505.0,55.0,0.2932506738427237,1.75547793332953e-05,0.05399327725172043,0.0012757973745465279,0.004289331845939159
726,sample_000726,samples/sample_000726.npz,31,43,42,47,6,13,12,5,7,60.0,130.0,120.0,50.0,70.0,365.0,440.0,95.0,0.7374766686711276,0.0005780846695415676,0.20483936369419098,0.015413814224302769,0.028971239924430847
727,sample_000727,samples/sample_000727.npz,30,37,45,52,8,14,7,7,6,80.0,140.0,70.0,70.0,60.0,330.0,480.0,110.0,0.37092334437344743,0.00022412430553231388,0.05778803676366806,0.005131538026034832,0.00872129201889038
728,sample_000728,samples/sample_000728.npz,31,38,48,58,6,10,7,10,4,60.0,100.0,70.0,100.0,40.0,340.0,525.0,80.0,0.3723096655628615,0.00013369465887080878,0.08785869926214218,0.00523038487881422,0.011605962179601192
729,sample_000729,samples/sample_000729.npz,12,23,38,43,7,9,11,5,2,70.0,90.0,110.0,50.0,20.0,170.0,400.0,80.0,0.8498630603219948,0.00012685888214036822,0.0771770253777504,0.004801528993993998,0.010291751474142075
730,sample_000730,samples/sample_000730.npz,42,56,39,52,7,9,14,13,2,70.0,90.0,140.0,130.0,20.0,485.0,450.0,80.0,0.7111567760805151,0.0002877504157368094,0.1630004495382309,0.01301395520567894,0.025987764820456505
731,sample_000731,samples/sample_000731.npz,5,10,41,50,3,9,5,9,6,30.0,90.0,50.0,90.0,60.0,70.0,450.0,60.0,0.9690675144746734,0.00017665074847172946,0.4085735082626343,0.01359347440302372,0.04142674431204796
732,sample_000732,samples/sample_000732.npz,6,10,43,57,4,8,4,14,4,40.0,80.0,40.0,140.0,40.0,75.0,495.0,60.0,0.6181349560285376,8.569923375034705e-05,0.16788102686405182,0.00712399510666728,0.01999770849943161
733,sample_000733,samples/sample_000733.npz,50,62,12,21,5,9,12,9,4,50.0,90.0,120.0,90.0,40.0,555.0,160.0,70.0,0.9284607790371397,0.00030656185117550194,0.3666340410709381,0.019969012588262558,0.04927318915724754
734,sample_000734,samples/sample_000734.npz,15,28,3,7,4,7,13,4,3,40.0,70.0,130.0,40.0,30.0,210.0,45.0,55.0,0.5679926404981004,5.482409687829204e-05,0.12352211028337479,0.004609826020896435,0.013913528993725777
735,sample_000735,samples/sample_000735.npz,31,36,12,23,3,7,5,11,4,30.0,70.0,50.0,110.0,40.0,330.0,170.0,50.0,0.6874952191887824,0.00015663867816329002,0.259951114654541,0.00848894752562046,0.026644207537174225
736,sample_000736,samples/sample_000736.npz,4,17,39,54,6,11,13,15,5,60.0,110.0,130.0,150.0,50.0,100.0,460.0,85.0,0.48824554328422476,0.00048305318341590464,0.27644380927085876,0.022914960980415344,0.04551389440894127
737,sample_000737,samples/sample_000737.npz,38,43,0,16,4,7,5,16,3,40.0,70.0,50.0,160.0,30.0,400.0,75.0,55.0,0.38759692470780654,6.613682489842176e-05,0.10987871140241623,0.004922244232147932,0.013807753100991249
738,sample_000738,samples/sample_000738.npz,57,63,20,27,7,9,6,7,2,70.0,90.0,60.0,70.0,20.0,595.0,230.0,80.0,0.9922618527609379,7.542876846855506e-05,0.07529474794864655,0.003895688569173217,0.009506135247647762
739,sample_000739,samples/sample_000739.npz,38,43,45,49,6,11,5,4,5,60.0,110.0,50.0,40.0,50.0,400.0,465.0,85.0,0.6672243888479821,9.399872942594811e-05,0.061820048838853836,0.0033788245636969805,0.007381328381597996
740,sample_000740,samples/sample_000740.npz,19,29,16,23,3,9,10,7,6,30.0,90.0,100.0,70.0,60.0,235.0,190.0,60.0,0.916980882447175,0.000424723606556654,0.5331896543502808,0.02105521410703659,0.058501727879047394
741,sample_000741,samples/sample_000741.npz,22,28,48,62,4,12,6,14,8,40.0,120.0,60.0,140.0,80.0,245.0,545.0,80.0,0.8190743671204124,0.0005987136391922832,0.46374377608299255,0.027109794318675995,0.061904869973659515
742,sample_000742,samples/sample_000742.npz,5,18,17,24,5,7,13,7,2,50.0,70.0,130.0,70.0,20.0,110.0,200.0,60.0,0.47952902908173095,6.954075070098042e-05,0.09728067368268967,0.0046311537735164165,0.012232372537255287
743,sample_000743,samples/sample_000743.npz,17,32,6,13,4,8,15,7,4,40.0,80.0,150.0,70.0,40.0,240.0,90.0,60.0,0.5860019691360712,0.00020282262994442135,0.260258287191391,0.01301628164947033,0.033995259553194046
744,sample_000744,samples/sample_000744.npz,23,36,42,54,8,15,13,12,7,80.0,150.0,130.0,120.0,70.0,290.0,475.0,115.0,0.35602086098161323,0.0008309605764225125,0.16074782609939575,0.01801508106291294,0.027765503153204918
745,sample_000745,samples/sample_000745.npz,28,36,10,19,6,9,8,9,3,60.0,90.0,80.0,90.0,30.0,315.0,140.0,75.0,0.7490721204183324,0.00023271629470400512,0.1493418961763382,0.008393407799303532,0.019109340384602547
746,sample_000746,samples/sample_000746.npz,47,52,15,22,2,10,5,7,8,20.0,100.0,50.0,70.0,80.0,490.0,180.0,60.0,0.7774293857266039,0.00017794835730455816,0.42339417338371277,0.011689359322190285,0.03718956932425499
747,sample_000747,samples/sample_000747.npz,48,59,11,21,4,6,11,10,2,40.0,60.0,110.0,100.0,20.0,530.0,155.0,50.0,0.31583891735888453,4.028802868560888e-05,0.09334462136030197,0.0037669669836759567,0.011237777769565582
748,sample_000748,samples/sample_000748.npz,20,32,36,49,8,12,12,13,4,80.0,120.0,120.0,130.0,40.0,255.0,420.0,100.0,0.948660560729907,0.0012131271651014686,0.29293978214263916,0.029093941673636436,0.048375196754932404
749,sample_000749,samples/sample_000749.npz,6,14,13,20,7,15,8,7,8,70.0,150.0,80.0,70.0,80.0,95.0,160.0,110.0,0.7338402756415843,0.00040776905370876193,0.1804061084985733,0.014520843513309956,0.026980862021446228
750,sample_000750,samples/sample_000750.npz,25,32,37,47,3,8,7,10,5,30.0,80.0,70.0,100.0,50.0,280.0,415.0,55.0,0.8242162536378241,0.00036150735104456544,0.4365925192832947,0.016083477064967155,0.04681927710771561
751,sample_000751,samples/sample_000751.npz,11,26,32,38,3,5,15,6,2,30.0,50.0,150.0,60.0,20.0,180.0,345.0,40.0,0.6287837055814998,9.409032645635307e-05,0.18934406340122223,0.006527774501591921,0.021402372047305107
752,sample_000752,samples/sample_000752.npz,33,40,48,58,5,8,7,10,3,50.0,80.0,70.0,100.0,30.0,360.0,525.0,65.0,0.7938310901719376,0.00016688878531567752,0.1900855302810669,0.008759433403611183,0.02269347943365574
753,sample_000753,samples/sample_000753.npz,11,17,14,23,2,9,6,9,7,20.0,90.0,60.0,90.0,70.0,135.0,180.0,55.0,0.4427226196891796,0.00012410218187142164,0.3043067455291748,0.0091050760820508,0.029186122119426727
754,sample_000754,samples/sample_000754.npz,19,34,12,20,6,13,15,8,7,60.0,130.0,150.0,80.0,70.0,260.0,155.0,95.0,0.5996963368042991,0.0008319420157931745,0.29138368368148804,0.02473144792020321,0.04513697326183319
755,sample_000755,samples/sample_000755.npz,24,31,44,50,5,8,7,6,3,50.0,80.0,70.0,60.0,30.0,270.0,465.0,65.0,0.7637272287967505,0.00011660830932669342,0.12567079067230225,0.005175111349672079,0.01363364513963461
756,sample_000756,samples/sample_000756.npz,41,50,11,22,5,12,9,11,7,50.0,120.0,90.0,110.0,70.0,450.0,160.0,85.0,0.3216634995503858,0.00027181231416761875,0.16795147955417633,0.011137651279568672,0.023322632536292076
757,sample_000757,samples/sample_000757.npz,11,19,60,64,7,13,8,4,6,70.0,130.0,80.0,40.0,60.0,145.0,615.0,100.0,0.9104342261106211,0.0001555936469230801,0.11453183740377426,0.007151663303375244,0.015967633575201035
758,sample_000758,samples/sample_000758.npz,2,9,10,26,2,6,7,16,4,20.0,60.0,70.0,160.0,40.0,50.0,175.0,40.0,0.7515434845464,0.00014316489978227764,0.522605299949646,0.018519822508096695,0.06288745999336243
759,sample_000759,samples/sample_000759.npz,29,45,19,33,8,14,16,14,6,80.0,140.0,160.0,140.0,60.0,365.0,255.0,110.0,0.9940995475069252,0.003580298274755478,0.5284543633460999,0.06442588567733765,0.09506400674581528
760,sample_000760,samples/sample_000760.npz,2,16,14,20,8,13,14,6,5,80.0,130.0,140.0,60.0,50.0,85.0,165.0,105.0,0.33724461685653195,0.000166596524650231,0.07133897393941879,0.006275540217757225,0.011550084687769413
761,sample_000761,samples/sample_000761.npz,6,13,14,18,5,12,7,4,7,50.0,120.0,70.0,40.0,70.0,90.0,155.0,85.0,0.9991389798346451,0.0001848864631028846,0.18674719333648682,0.009388504549860954,0.022082548588514328
762,sample_000762,samples/sample_000762.npz,49,57,50,56,7,12,8,6,5,70.0,120.0,80.0,60.0,50.0,525.0,525.0,95.0,0.5363143664405516,0.00012491742381826043,0.08833853155374527,0.005858488380908966,0.01231875829398632
763,sample_000763,samples/sample_000763.npz,10,23,0,7,7,13,13,7,6,70.0,130.0,130.0,70.0,60.0,160.0,30.0,100.0,0.2291078440305226,0.0001197409292217344,0.06983285397291183,0.005274258088320494,0.010898197069764137
764,sample_000764,samples/sample_000764.npz,19,25,48,64,4,12,6,16,8,40.0,120.0,60.0,160.0,80.0,215.0,555.0,80.0,0.4760820397306571,0.0003614686138462275,0.28679749369621277,0.017737219110131264,0.04018314555287361
765,sample_000765,samples/sample_000765.npz,10,16,51,63,8,14,6,12,6,80.0,140.0,60.0,120.0,60.0,125.0,565.0,110.0,0.753509776199252,0.00034591389703564346,0.16063262522220612,0.013621160760521889,0.025838054716587067
766,sample_000766,samples/sample_000766.npz,14,27,37,50,8,10,13,13,2,80.0,100.0,130.0,130.0,20.0,200.0,430.0,90.0,0.8409306219228256,0.0004366452048998326,0.15720315277576447,0.014189817942678928,0.025603679940104485
767,sample_000767,samples/sample_000767.npz,29,38,9,22,6,9,9,13,3,60.0,90.0,90.0,130.0,30.0,330.0,150.0,75.0,0.5330092011632006,0.00026981107657775283,0.14821961522102356,0.009725517593324184,0.02099326066672802
768,sample_000768,samples/sample_000768.npz,5,17,47,54,6,12,12,7,6,60.0,120.0,120.0,70.0,60.0,105.0,500.0,90.0,0.39643754851002133,0.0001959728979272768,0.13668124377727509,0.009375066496431828,0.019697178155183792
769,sample_000769,samples/sample_000769.npz,32,44,29,36,7,11,12,7,4,70.0,110.0,120.0,70.0,40.0,375.0,320.0,90.0,0.31400517967214764,0.0002687427622731775,0.06959055364131927,0.005393811967223883,0.010081169195473194
770,sample_000770,samples/sample_000770.npz,10,19,30,41,4,12,9,11,8,40.0,120.0,90.0,110.0,80.0,140.0,350.0,80.0,0.22518270400792872,0.0002497649402357638,0.15219296514987946,0.009117629379034042,0.02014377899467945
771,sample_000771,samples/sample_000771.npz,54,63,6,14,2,6,9,8,4,20.0,60.0,90.0,80.0,40.0,580.0,95.0,40.0,0.2685217637472205,2.7445123123470694e-05,0.1675931066274643,0.004185175057500601,0.01631646417081356
772,sample_000772,samples/sample_000772.npz,32,44,17,28,3,5,12,11,2,30.0,50.0,120.0,110.0,20.0,375.0,220.0,40.0,0.2464567914489879,5.655261338688433e-05,0.09747767448425293,0.0037660147063434124,0.0118985241279006
773,sample_000773,samples/sample_000773.npz,41,48,32,45,7,11,7,13,4,70.0,110.0,70.0,130.0,40.0,440.0,380.0,90.0,0.3024024095513668,0.0001880310446722433,0.07056435942649841,0.005539940670132637,0.010458537377417088
774,sample_000774,samples/sample_000774.npz,48,53,48,54,5,11,5,6,6,50.0,110.0,50.0,60.0,60.0,500.0,505.0,80.0,0.9811483314456215,0.00016199640231207013,0.18353918194770813,0.008706540800631046,0.021091846749186516
775,sample_000775,samples/sample_000775.npz,42,58,30,35,6,14,16,5,8,60.0,140.0,160.0,50.0,80.0,495.0,320.0,100.0,0.32970629012970487,0.00038987345760688186,0.11726296693086624,0.010116844438016415,0.01818513683974743
776,sample_000776,samples/sample_000776.npz,9,22,38,52,4,7,13,14,3,40.0,70.0,130.0,140.0,30.0,150.0,445.0,55.0,0.5883193049142594,0.00025428205844946206,0.30618149042129517,0.017503822222352028,0.04423070698976517
777,sample_000777,samples/sample_000777.npz,47,53,42,52,8,10,6,10,2,80.0,100.0,60.0,100.0,20.0,495.0,465.0,90.0,0.5416093625676883,7.522971282014623e-05,0.04492812231183052,0.0031486856751143932,0.006364080589264631
778,sample_000778,samples/sample_000778.npz,16,31,44,56,3,8,15,12,5,30.0,80.0,150.0,120.0,50.0,230.0,495.0,55.0,0.6554467734138336,0.0005015900824218988,0.5747588276863098,0.03221382945775986,0.08246006071567535
779,sample_000779,samples/sample_000779.npz,4,20,35,49,7,14,16,14,7,70.0,140.0,160.0,140.0,70.0,115.0,415.0,105.0,0.42504932626724656,0.0009643188677728176,0.2851039171218872,0.030670417472720146,0.05108586698770523
780,sample_000780,samples/sample_000780.npz,28,32,43,48,7,14,4,5,7,70.0,140.0,40.0,50.0,70.0,295.0,450.0,105.0,0.6748241563187967,0.00020256463903933764,0.060446638613939285,0.00457041198387742,0.008231439627707005
781,sample_000781,samples/sample_000781.npz,24,31,54,59,8,15,7,5,7,80.0,150.0,70.0,50.0,70.0,270.0,560.0,115.0,0.9170940521775226,0.000346524640917778,0.11442387104034424,0.009772651828825474,0.01745687425136566
782,sample_000782,samples/sample_000782.npz,29,45,46,55,7,14,16,9,7,70.0,140.0,160.0,90.0,70.0,365.0,500.0,105.0,0.6420899454401168,0.0010999246733263135,0.30573368072509766,0.030452311038970947,0.051242630928754807
783,sample_000783,samples/sample_000783.npz,14,30,27,37,5,12,16,10,7,50.0,120.0,160.0,100.0,70.0,215.0,315.0,85.0,0.29183923663434536,0.0006971935508772731,0.20662368834018707,0.016818514093756676,0.03192717581987381
784,sample_000784,samples/sample_000784.npz,31,45,2,17,4,8,14,15,4,40.0,80.0,140.0,150.0,40.0,375.0,90.0,60.0,0.39941817118454487,0.00028833126998506486,0.2751215696334839,0.01767735742032528,0.04235900565981865
785,sample_000785,samples/sample_000785.npz,28,35,21,31,4,7,7,10,3,40.0,70.0,70.0,100.0,30.0,310.0,255.0,55.0,0.6136927817921671,0.0002043267450062558,0.18559017777442932,0.00721508264541626,0.020416269078850746
786,sample_000786,samples/sample_000786.npz,55,63,11,25,3,9,8,14,6,30.0,90.0,80.0,140.0,60.0,585.0,175.0,60.0,0.23017956042012902,9.678289643488824e-05,0.17277714610099792,0.00784111488610506,0.021990783512592316
787,sample_000787,samples/sample_000787.npz,21,29,17,31,6,13,8,14,7,60.0,130.0,80.0,140.0,70.0,245.0,235.0,95.0,0.821874410077412,0.001315896399319172,0.38377276062965393,0.0322672463953495,0.05803762376308441
788,sample_000788,samples/sample_000788.npz,11,22,10,24,2,7,11,14,5,20.0,70.0,110.0,140.0,50.0,160.0,165.0,45.0,0.6434816574962512,0.0003127481904812157,0.6303895115852356,0.027811311185359955,0.08299585431814194
789,sample_000789,samples/sample_000789.npz,23,32,38,49,6,10,9,11,4,60.0,100.0,90.0,110.0,40.0,270.0,430.0,80.0,0.5656464877128407,0.0003739892563316971,0.17419277131557465,0.011640139855444431,0.024172699078917503
790,sample_000790,samples/sample_000790.npz,46,59,27,43,4,9,13,16,5,40.0,90.0,130.0,160.0,50.0,520.0,345.0,65.0,0.6139119474717903,0.0006766347214579582,0.4889063835144043,0.03358298912644386,0.07608868181705475
791,sample_000791,samples/sample_000791.npz,4,17,24,31,7,11,13,7,4,70.0,110.0,130.0,70.0,40.0,100.0,270.0,90.0,0.2975324681415827,0.0001466865069232881,0.0694279745221138,0.005227838642895222,0.010363062843680382
792,sample_000792,samples/sample_000792.npz,26,33,10,25,4,6,7,15,2,40.0,60.0,70.0,150.0,20.0,290.0,170.0,50.0,0.8739898589377948,0.0001864002988440916,0.23253275454044342,0.01028724480420351,0.028947962448000908
793,sample_000793,samples/sample_000793.npz,39,45,35,45,6,14,6,10,8,60.0,140.0,60.0,100.0,80.0,415.0,395.0,100.0,0.37880675544033227,0.00035319020389579237,0.11723941564559937,0.008947351947426796,0.01637556590139866
794,sample_000794,samples/sample_000794.npz,51,60,42,55,5,8,9,13,3,50.0,80.0,90.0,130.0,30.0,550.0,480.0,65.0,0.7164767838166379,0.00017698401643428952,0.24037018418312073,0.01277543418109417,0.03242127597332001
795,sample_000795,samples/sample_000795.npz,42,58,51,64,2,10,16,13,8,20.0,100.0,160.0,130.0,80.0,495.0,570.0,60.0,0.7681634194362383,0.0007637113449163735,1.105273962020874,0.06477408856153488,0.16894663870334625
796,sample_000796,samples/sample_000796.npz,3,18,2,18,4,7,15,16,3,40.0,70.0,150.0,160.0,30.0,100.0,95.0,55.0,0.3239403502110828,0.0001291800435865298,0.1898256540298462,0.01210470125079155,0.030425874516367912
797,sample_000797,samples/sample_000797.npz,38,43,16,30,2,7,5,14,5,20.0,70.0,50.0,140.0,50.0,400.0,225.0,45.0,0.25452309713968735,8.162176527548581e-05,0.15476343035697937,0.0050860182382166386,0.016536980867385864
798,sample_000798,samples/sample_000798.npz,22,27,38,47,8,15,5,9,7,80.0,150.0,50.0,90.0,70.0,240.0,420.0,115.0,0.8089863870005485,0.0005634582485072315,0.1257968693971634,0.012014434672892094,0.01931498572230339
799,sample_000799,samples/sample_000799.npz,26,41,41,53,5,13,15,12,8,50.0,130.0,150.0,120.0,80.0,330.0,465.0,90.0,0.20791135295818491,0.0005398672656156123,0.17376333475112915,0.01499592699110508,0.027734404429793358
800,sample_000800,samples/sample_000800.npz,37,50,22,34,3,6,13,12,3,30.0,60.0,130.0,120.0,30.0,430.0,275.0,45.0,0.2456081229247923,0.00011164530587848276,0.14275318384170532,0.006558404769748449,0.01884111762046814
801,sample_000801,samples/sample_000801.npz,31,35,38,44,4,6,4,6,2,40.0,60.0,40.0,60.0,20.0,325.0,405.0,50.0,0.8897893272377273,5.423976472229697e-05,0.09355718642473221,0.0024166228249669075,0.008028265088796616
802,sample_000802,samples/sample_000802.npz,16,30,16,27,7,15,14,11,8,70.0,150.0,140.0,110.0,80.0,225.0,210.0,110.0,0.9508857626515719,0.0023951176553964615,0.5281931161880493,0.05575047433376312,0.08849557489156723
803,sample_000803,samples/sample_000803.npz,14,29,34,40,4,7,15,6,3,40.0,70.0,150.0,60.0,30.0,210.0,365.0,55.0,0.2725273051990533,8.734270522836596e-05,0.08840179443359375,0.004093269817531109,0.010931315831840038
804,sample_000804,samples/sample_000804.npz,31,47,37,51,7,14,16,14,7,70.0,140.0,160.0,140.0,70.0,385.0,435.0,105.0,0.8844410681965011,0.0027624526992440224,0.5932431817054749,0.06678736954927444,0.10510236024856567
805,sample_000805,samples/sample_000805.npz,47,61,34,43,8,15,14,9,7,80.0,150.0,140.0,90.0,70.0,535.0,380.0,115.0,0.7275265101791379,0.0010304689640179276,0.27366507053375244,0.028375690802931786,0.04680466279387474
806,sample_000806,samples/sample_000806.npz,27,31,25,36,4,6,4,11,2,40.0,60.0,40.0,110.0,20.0,285.0,300.0,50.0,0.6096422455765143,8.348723349627107e-05,0.09182204306125641,0.003045234829187393,0.009341472759842873
807,sample_000807,samples/sample_000807.npz,15,30,3,15,3,7,15,12,4,30.0,70.0,150.0,120.0,40.0,220.0,85.0,50.0,0.433048630005721,0.0002028014132520184,0.3268949091434479,0.016926374286413193,0.04642118141055107
808,sample_000808,samples/sample_000808.npz,46,56,33,41,5,9,10,8,4,50.0,90.0,100.0,80.0,40.0,505.0,365.0,70.0,0.9234045075940904,0.000334876065608114,0.29977095127105713,0.015433206222951412,0.03732405975461006
809,sample_000809,samples/sample_000809.npz,24,37,54,60,2,9,13,6,7,20.0,90.0,130.0,60.0,70.0,300.0,565.0,55.0,0.6467563580665783,0.00028042434132657945,0.5196669101715088,0.01879068650305271,0.05754624679684639
810,sample_000810,samples/sample_000810.npz,29,42,27,37,7,14,13,10,7,70.0,140.0,130.0,100.0,70.0,350.0,315.0,105.0,0.6298409543044314,0.0018732019234448671,0.2855803668498993,0.02821873314678669,0.045718103647232056
811,sample_000811,samples/sample_000811.npz,2,15,50,60,5,7,13,10,2,50.0,70.0,130.0,100.0,20.0,80.0,545.0,60.0,0.984205069931291,0.00014299577742349356,0.2585669457912445,0.012868516147136688,0.03482768312096596
812,sample_000812,samples/sample_000812.npz,20,27,26,33,2,7,7,7,5,20.0,70.0,70.0,70.0,50.0,230.0,290.0,45.0,0.6399675614159568,0.0001745912159094587,0.36424461007118225,0.008986277505755424,0.032221462577581406
813,sample_000813,samples/sample_000813.npz,37,41,11,25,4,7,4,14,3,40.0,70.0,40.0,140.0,30.0,385.0,175.0,55.0,0.36301710657315733,6.095671051298268e-05,0.08143685013055801,0.0033695644233375788,0.00938555970788002
814,sample_000814,samples/sample_000814.npz,35,39,33,48,3,8,4,15,5,30.0,80.0,40.0,150.0,50.0,365.0,400.0,55.0,0.3585183930159592,0.00013606969150714576,0.14463704824447632,0.005999000743031502,0.016655845567584038
815,sample_000815,samples/sample_000815.npz,6,16,39,54,3,10,10,15,7,30.0,100.0,100.0,150.0,70.0,105.0,460.0,65.0,0.6973370841455098,0.000577768252696842,0.6731511354446411,0.037966251373291016,0.0941951647400856
816,sample_000816,samples/sample_000816.npz,32,48,5,18,3,7,16,13,4,30.0,70.0,160.0,130.0,40.0,395.0,110.0,50.0,0.5395951384955013,0.00032669754000380635,0.4312879145145416,0.024668864905834198,0.06462089717388153
817,sample_000817,samples/sample_000817.npz,57,62,0,8,6,10,5,8,4,60.0,100.0,50.0,80.0,40.0,590.0,35.0,80.0,0.32174927645924156,3.094186104135588e-05,0.04780127853155136,0.002191629959270358,0.0059628975577652454
818,sample_000818,samples/sample_000818.npz,17,26,24,39,4,9,9,15,5,40.0,90.0,90.0,150.0,50.0,210.0,310.0,65.0,0.60578727663395,0.0006495303241536021,0.3734920024871826,0.022191446274518967,0.0517006441950798
819,sample_000819,samples/sample_000819.npz,33,40,28,35,4,11,7,7,7,40.0,110.0,70.0,70.0,70.0,360.0,310.0,75.0,0.6556601256157557,0.0005046148435212672,0.2520390748977661,0.011986128985881805,0.028409484773874283
820,sample_000820,samples/sample_000820.npz,39,43,19,24,4,10,4,5,6,40.0,100.0,40.0,50.0,60.0,405.0,210.0,70.0,0.20554319402380408,3.253345494158566e-05,0.0352865532040596,0.0013159826630726457,0.00346218328922987
821,sample_000821,samples/sample_000821.npz,25,30,47,59,3,5,5,12,2,30.0,50.0,50.0,120.0,20.0,270.0,525.0,40.0,0.9633843569407692,7.186705624917522e-05,0.2362510710954666,0.006559984292834997,0.02356494404375553
822,sample_000822,samples/sample_000822.npz,43,59,19,26,2,7,16,7,5,20.0,70.0,160.0,70.0,50.0,505.0,220.0,45.0,0.3964306842011639,0.00014656674466095865,0.31541916728019714,0.01243539061397314,0.03851760923862457
823,sample_000823,samples/sample_000823.npz,52,58,11,23,8,13,6,12,5,80.0,130.0,60.0,120.0,50.0,545.0,165.0,105.0,0.7523554527281304,0.0003176429308950901,0.1426597535610199,0.012056982144713402,0.02243676781654358
824,sample_000824,samples/sample_000824.npz,26,31,8,22,6,13,5,14,7,60.0,130.0,50.0,140.0,70.0,280.0,145.0,95.0,0.61632496482893,0.0005092158680781722,0.18888312578201294,0.014772403053939342,0.027813903987407684
825,sample_000825,samples/sample_000825.npz,46,60,29,35,8,14,14,6,6,80.0,140.0,140.0,60.0,60.0,525.0,315.0,110.0,0.9665410155168954,0.0008982170256786048,0.23027637600898743,0.022183572873473167,0.03760157525539398
826,sample_000826,samples/sample_000826.npz,10,20,6,21,3,10,10,15,7,30.0,100.0,100.0,150.0,70.0,145.0,130.0,65.0,0.30810055895362,0.0002566230541560799,0.2974146008491516,0.016829604282975197,0.041605331003665924
827,sample_000827,samples/sample_000827.npz,58,62,23,31,7,10,4,8,3,70.0,100.0,40.0,80.0,30.0,595.0,265.0,85.0,0.24520678312898925,2.4240192942670546e-05,0.01963146962225437,0.001085178111679852,0.002531864680349827
828,sample_000828,samples/sample_000828.npz,32,41,32,45,8,13,9,13,5,80.0,130.0,90.0,130.0,50.0,360.0,380.0,105.0,0.6249895857699019,0.0009314189665019512,0.17931897938251495,0.017900796607136726,0.028976859524846077
829,sample_000829,samples/sample_000829.npz,54,61,33,38,5,8,7,5,3,50.0,80.0,70.0,50.0,30.0,570.0,350.0,65.0,0.24361318371169294,2.2629394152318127e-05,0.0341174453496933,0.001306110993027687,0.0036696763709187508
830,sample_000830,samples/sample_000830.npz,41,47,27,36,5,9,6,9,4,50.0,90.0,60.0,90.0,40.0,435.0,310.0,70.0,0.471146006787809,0.00016363130998797715,0.1127396896481514,0.005441093817353249,0.01318911463022232
831,sample_000831,samples/sample_000831.npz,10,24,3,8,6,9,14,5,3,60.0,90.0,140.0,50.0,30.0,165.0,50.0,75.0,0.9024406168026535,0.00014639421715401113,0.15945416688919067,0.009085899218916893,0.021869920194149017
832,sample_000832,samples/sample_000832.npz,13,18,35,39,5,9,5,4,4,50.0,90.0,50.0,40.0,40.0,150.0,365.0,70.0,0.20206290796128867,1.9757699192268774e-05,0.021192770451307297,0.0008535648812539876,0.0022074582520872355
833,sample_000833,samples/sample_000833.npz,33,41,34,46,6,8,8,12,2,60.0,80.0,80.0,120.0,20.0,365.0,395.0,70.0,0.4683268118301402,0.0001462150103179738,0.08287335932254791,0.004824997391551733,0.01092173345386982
834,sample_000834,samples/sample_000834.npz,30,45,16,22,5,10,15,6,5,50.0,100.0,150.0,60.0,50.0,370.0,185.0,75.0,0.4163028699796832,0.0002719153999350965,0.15492574870586395,0.009830823168158531,0.021318668499588966
835,sample_000835,samples/sample_000835.npz,41,54,29,42,7,14,13,13,7,70.0,140.0,130.0,130.0,70.0,470.0,350.0,105.0,0.6597694970481107,0.001521534170024097,0.36436715722084045,0.03729918226599693,0.06136469542980194
836,sample_000836,samples/sample_000836.npz,47,59,0,7,4,9,12,7,5,40.0,90.0,120.0,70.0,50.0,525.0,30.0,65.0,0.9467465359947937,0.0002223333576694131,0.43743863701820374,0.018983451649546623,0.05409626662731171
837,sample_000837,samples/sample_000837.npz,3,9,43,54,5,10,6,11,5,50.0,100.0,60.0,110.0,50.0,55.0,480.0,75.0,0.28062282284395385,7.000305049587041e-05,0.08789762854576111,0.004450229462236166,0.011154333129525185
838,sample_000838,samples/sample_000838.npz,14,20,22,29,5,7,6,7,2,50.0,70.0,60.0,70.0,20.0,165.0,250.0,60.0,0.8393704937790987,7.494330930057913e-05,0.10284700244665146,0.0038398895412683487,0.010749821551144123
839,sample_000839,samples/sample_000839.npz,19,32,17,32,8,15,13,15,7,80.0,150.0,130.0,150.0,70.0,250.0,240.0,115.0,0.2603060565117746,0.0008983642910607159,0.1382817029953003,0.01683724671602249,0.024626530706882477
840,sample_000840,samples/sample_000840.npz,50,62,30,43,5,7,12,13,2,50.0,70.0,120.0,130.0,20.0,555.0,360.0,60.0,0.9913513756057273,0.0002613496617414057,0.2902098596096039,0.016182268038392067,0.04085022211074829
841,sample_000841,samples/sample_000841.npz,47,63,8,16,2,6,16,8,4,20.0,60.0,160.0,80.0,40.0,545.0,115.0,40.0,0.37520529345546594,7.817063305992633e-05,0.2836211323738098,0.010601731948554516,0.035213883966207504
842,sample_000842,samples/sample_000842.npz,31,41,14,24,3,5,10,10,2,30.0,50.0,100.0,100.0,20.0,355.0,185.0,40.0,0.6430621334443736,0.00010524760728003457,0.2272016853094101,0.007425169926136732,0.02492181956768036
843,sample_000843,samples/sample_000843.npz,48,57,42,52,7,10,9,10,3,70.0,100.0,90.0,100.0,30.0,520.0,465.0,85.0,0.6444002540239926,0.00017835585458669811,0.12530653178691864,0.008447813801467419,0.017857801169157028
844,sample_000844,samples/sample_000844.npz,7,18,43,59,2,4,11,16,2,20.0,40.0,110.0,160.0,20.0,120.0,505.0,30.0,0.6122217548647133,7.387856021523476e-05,0.31585896015167236,0.012482397258281708,0.0430096834897995
845,sample_000845,samples/sample_000845.npz,15,27,6,18,6,13,12,12,7,60.0,130.0,120.0,120.0,70.0,205.0,115.0,95.0,0.2732774716321024,0.00035174094955436885,0.1576995998620987,0.013115148060023785,0.02475683204829693
846,sample_000846,samples/sample_000846.npz,51,56,56,61,8,14,5,5,6,80.0,140.0,50.0,50.0,60.0,530.0,580.0,110.0,0.8000054664784522,0.00011584489402594045,0.06694241613149643,0.0048726145178079605,0.009950632229447365
847,sample_000847,samples/sample_000847.npz,0,11,38,53,8,13,11,15,5,80.0,130.0,110.0,150.0,50.0,50.0,450.0,105.0,0.4341219710943576,0.00039699862827546895,0.16213025152683258,0.015299067832529545,0.028194835409522057
848,sample_000848,samples/sample_000848.npz,9,14,0,5,5,13,5,5,8,50.0,130.0,50.0,50.0,80.0,110.0,20.0,90.0,0.9327707840459223,0.00014088282478041947,0.16881047189235687,0.00793266948312521,0.02014349214732647
849,sample_000849,samples/sample_000849.npz,2,16,18,31,6,11,14,13,5,60.0,110.0,140.0,130.0,50.0,85.0,240.0,85.0,0.6497918233281481,0.0006773256463930011,0.353802353143692,0.02853720262646675,0.05702858045697212
850,sample_000850,samples/sample_000850.npz,41,46,42,48,2,5,5,6,3,20.0,50.0,50.0,60.0,30.0,430.0,445.0,35.0,0.7408868250907474,3.849786298815161e-05,0.24278178811073303,0.0038870840799063444,0.017442822456359863
851,sample_000851,samples/sample_000851.npz,50,54,7,15,2,9,4,8,7,20.0,90.0,40.0,80.0,70.0,515.0,105.0,55.0,0.6441402151811921,8.394393080379814e-05,0.30962562561035156,0.007649003062397242,0.026332013309001923
852,sample_000852,samples/sample_000852.npz,44,53,2,6,6,12,9,4,6,60.0,120.0,90.0,40.0,60.0,480.0,35.0,90.0,0.4484542584088386,8.286580123240128e-05,0.07570324093103409,0.00428765220567584,0.009967074729502201
853,sample_000853,samples/sample_000853.npz,21,35,52,62,6,12,14,10,6,60.0,120.0,140.0,100.0,60.0,275.0,565.0,90.0,0.9158932679154612,0.0009410442435182631,0.4671880304813385,0.03607262298464775,0.07260709255933762
854,sample_000854,samples/sample_000854.npz,41,53,6,21,5,11,12,15,6,50.0,110.0,120.0,150.0,60.0,465.0,130.0,80.0,0.8614795680222909,0.000953177863266319,0.609707236289978,0.04629930481314659,0.09565162658691406
855,sample_000855,samples/sample_000855.npz,39,53,34,39,2,7,14,5,5,20.0,70.0,140.0,50.0,50.0,455.0,360.0,45.0,0.49864983192062406,0.00015325458662118763,0.30320531129837036,0.009924978017807007,0.032409101724624634
856,sample_000856,samples/sample_000856.npz,0,14,41,55,7,13,14,14,6,70.0,130.0,140.0,140.0,60.0,65.0,475.0,100.0,0.9639892290892973,0.0011826414847746491,0.5374646186828613,0.049717891961336136,0.09325908124446869
857,sample_000857,samples/sample_000857.npz,14,30,43,48,8,14,16,5,6,80.0,140.0,160.0,50.0,60.0,215.0,450.0,110.0,0.6369491029339129,0.0005557624390348792,0.13925355672836304,0.014383574016392231,0.023157037794589996
858,sample_000858,samples/sample_000858.npz,39,49,56,63,3,9,10,7,6,30.0,90.0,100.0,70.0,60.0,435.0,590.0,60.0,0.37112925616492903,0.0001002336575766094,0.21579760313034058,0.007900580763816833,0.023803502321243286
859,sample_000859,samples/sample_000859.npz,45,58,58,63,6,13,13,5,7,60.0,130.0,130.0,50.0,70.0,510.0,600.0,95.0,0.6925826987346471,0.000263343594269827,0.2023116797208786,0.013348081149160862,0.029703473672270775
860,sample_000860,samples/sample_000860.npz,11,27,19,34,2,5,16,15,3,20.0,50.0,160.0,150.0,30.0,185.0,260.0,35.0,0.3977659218144628,0.00019903900101780891,0.3135695159435272,0.016724830493330956,0.04873213544487953
861,sample_000861,samples/sample_000861.npz,15,19,16,31,3,5,4,15,2,30.0,50.0,40.0,150.0,20.0,165.0,230.0,40.0,0.8105009507743453,6.594337173737586e-05,0.17835892736911774,0.005587707739323378,0.01893901638686657
862,sample_000862,samples/sample_000862.npz,17,23,10,26,3,6,6,16,3,30.0,60.0,60.0,160.0,30.0,195.0,175.0,45.0,0.4634578840201816,9.548082744004205e-05,0.19210119545459747,0.007543116807937622,0.02292781136929989
863,sample_000863,samples/sample_000863.npz,7,14,48,56,7,15,7,8,8,70.0,150.0,70.0,80.0,80.0,100.0,515.0,110.0,0.30839614963243334,0.00015590664406772703,0.0758156105875969,0.005982298403978348,0.01137813925743103
864,sample_000864,samples/sample_000864.npz,40,54,2,16,8,16,14,14,8,80.0,160.0,140.0,140.0,80.0,465.0,85.0,120.0,0.33037472608047314,0.0006921925232745707,0.1920829564332962,0.02175753377377987,0.035364653915166855
865,sample_000865,samples/sample_000865.npz,46,62,52,64,6,13,16,12,7,60.0,130.0,160.0,120.0,70.0,535.0,575.0,95.0,0.9147554662050614,0.0010387660004198551,0.6336196660995483,0.052510425448417664,0.10775977373123169
866,sample_000866,samples/sample_000866.npz,16,32,5,19,2,10,16,14,8,20.0,100.0,160.0,140.0,80.0,235.0,115.0,60.0,0.7315906911879995,0.0011570262722671032,1.089059829711914,0.0700126588344574,0.16972114145755768
867,sample_000867,samples/sample_000867.npz,28,42,36,42,8,16,14,6,8,80.0,160.0,140.0,60.0,80.0,345.0,385.0,120.0,0.5498405164575504,0.001089317025616765,0.15544268488883972,0.017388509586453438,0.02567717432975769
868,sample_000868,samples/sample_000868.npz,40,56,47,56,3,10,16,9,7,30.0,100.0,160.0,90.0,70.0,475.0,510.0,65.0,0.7772955884891037,0.0006206279504112899,0.7180013656616211,0.04074036329984665,0.10060134530067444
869,sample_000869,samples/sample_000869.npz,6,12,25,41,6,8,6,16,2,60.0,80.0,60.0,160.0,20.0,85.0,325.0,70.0,0.5662102160407441,0.00011849273141706362,0.09167848527431488,0.005563701968640089,0.012867129407823086
870,sample_000870,samples/sample_000870.npz,26,40,15,31,8,14,14,16,6,80.0,140.0,140.0,160.0,60.0,325.0,225.0,110.0,0.2775814730231587,0.0010219382820650935,0.14755980670452118,0.017939575016498566,0.02657066471874714
871,sample_000871,samples/sample_000871.npz,41,53,24,37,5,10,12,13,5,50.0,100.0,120.0,130.0,50.0,465.0,300.0,75.0,0.6668171053906173,0.0007891753921285272,0.38824447989463806,0.027179714292287827,0.057305630296468735
872,sample_000872,samples/sample_000872.npz,38,47,26,37,8,16,9,11,8,80.0,160.0,90.0,110.0,80.0,420.0,310.0,120.0,0.2027574015716418,0.00045149269863031805,0.0685122087597847,0.007508327718824148,0.011265025474131107
873,sample_000873,samples/sample_000873.npz,17,32,20,34,7,13,15,14,6,70.0,130.0,150.0,140.0,60.0,240.0,265.0,100.0,0.4827610411692571,0.001419765641912818,0.2812201678752899,0.0300900898873806,0.048483945429325104
874,sample_000874,samples/sample_000874.npz,27,38,26,42,7,13,11,16,6,70.0,130.0,110.0,160.0,60.0,320.0,335.0,100.0,0.4233451623135978,0.00146083056461066,0.2154138684272766,0.022299109026789665,0.03610436990857124
875,sample_000875,samples/sample_000875.npz,20,24,1,14,5,8,4,13,3,50.0,80.0,40.0,130.0,30.0,215.0,70.0,65.0,0.28759883144777043,3.567519524949603e-05,0.04937566816806793,0.0022868404630571604,0.006036232691258192
876,sample_000876,samples/sample_000876.npz,30,41,9,17,7,11,11,8,4,70.0,110.0,110.0,80.0,40.0,350.0,125.0,90.0,0.4100880371348381,0.0002160268631996587,0.09590540081262589,0.007103398907929659,0.013934871181845665
877,sample_000877,samples/sample_000877.npz,37,42,7,22,5,13,5,15,8,50.0,130.0,50.0,150.0,80.0,390.0,140.0,90.0,0.20512106415608786,0.00017530230979900807,0.08387801796197891,0.006072388030588627,0.012070580385625362
878,sample_000878,samples/sample_000878.npz,50,58,58,63,2,8,8,5,6,20.0,80.0,80.0,50.0,60.0,535.0,600.0,50.0,0.36062493602872386,3.6446504964260384e-05,0.19221097230911255,0.004426117520779371,0.016790661960840225
879,sample_000879,samples/sample_000879.npz,26,40,19,34,2,4,14,15,2,20.0,40.0,140.0,150.0,20.0,325.0,260.0,30.0,0.8811692009680876,0.0003280499076936394,0.48179617524147034,0.02202576771378517,0.07036042958498001
880,sample_000880,samples/sample_000880.npz,16,27,4,19,6,13,11,15,7,60.0,130.0,110.0,150.0,70.0,210.0,110.0,95.0,0.5630450748041451,0.000830664299428463,0.3512781858444214,0.03082755208015442,0.05735071003437042
881,sample_000881,samples/sample_000881.npz,0,8,8,15,5,13,8,7,8,50.0,130.0,80.0,70.0,80.0,35.0,110.0,90.0,0.7892529313481693,0.00027734923060052097,0.2861475348472595,0.015356156043708324,0.03702249377965927
882,sample_000882,samples/sample_000882.npz,54,58,10,16,6,8,4,6,2,60.0,80.0,40.0,60.0,20.0,555.0,125.0,70.0,0.6695469272963848,2.255471372336615e-05,0.03934745863080025,0.0015895927790552378,0.004314712714403868
883,sample_000883,samples/sample_000883.npz,17,25,22,38,2,10,8,16,8,20.0,100.0,80.0,160.0,80.0,205.0,295.0,60.0,0.831446686643954,0.0011733752908185124,0.9213745594024658,0.046797968447208405,0.12031326442956924
884,sample_000884,samples/sample_000884.npz,36,45,25,36,7,10,9,11,3,70.0,100.0,90.0,110.0,30.0,400.0,300.0,85.0,0.8309609271591929,0.0005280267796479166,0.17279931902885437,0.012740686535835266,0.02482915110886097
885,sample_000885,samples/sample_000885.npz,23,30,9,18,6,12,7,9,6,60.0,120.0,70.0,90.0,60.0,260.0,130.0,90.0,0.7365196202102029,0.00040259474189952016,0.20565365254878998,0.0137258879840374,0.027940569445490837
886,sample_000886,samples/sample_000886.npz,5,11,18,32,3,9,6,14,6,30.0,90.0,60.0,140.0,60.0,75.0,245.0,60.0,0.847318051094075,0.00033925435855053365,0.5155795216560364,0.022419089451432228,0.06202131509780884
887,sample_000887,samples/sample_000887.npz,32,42,23,34,3,11,10,11,8,30.0,110.0,100.0,110.0,80.0,365.0,280.0,70.0,0.7836249568452158,0.0012944829650223255,0.6948748826980591,0.03716563805937767,0.08813195675611496
888,sample_000888,samples/sample_000888.npz,39,55,50,64,2,10,16,14,8,20.0,100.0,160.0,140.0,80.0,465.0,565.0,60.0,0.36584377232758636,0.00042521991417743266,0.5446019768714905,0.03359890356659889,0.08523070812225342
889,sample_000889,samples/sample_000889.npz,39,49,20,32,8,16,10,12,8,80.0,160.0,100.0,120.0,80.0,435.0,255.0,120.0,0.8802924380629988,0.0019414738053455949,0.34979701042175293,0.03915061056613922,0.05873313546180725
890,sample_000890,samples/sample_000890.npz,12,22,22,31,5,12,10,9,7,50.0,120.0,100.0,90.0,70.0,165.0,260.0,85.0,0.7473973598736983,0.0007209216710180044,0.3664710223674774,0.02390192449092865,0.04959407448768616
891,sample_000891,samples/sample_000891.npz,46,56,35,49,7,14,10,14,7,70.0,140.0,100.0,140.0,70.0,505.0,415.0,105.0,0.6593654865379621,0.0009568404057063162,0.3151194453239441,0.030067820101976395,0.051875896751880646
892,sample_000892,samples/sample_000892.npz,18,27,32,38,7,11,9,6,4,70.0,110.0,90.0,60.0,40.0,220.0,345.0,90.0,0.9433901782515008,0.0004236339882481843,0.14746317267417908,0.010362686589360237,0.02011249028146267
893,sample_000893,samples/sample_000893.npz,48,56,23,29,3,6,8,6,3,30.0,60.0,80.0,60.0,30.0,515.0,255.0,45.0,0.20231299872838335,2.0188945200061426e-05,0.0637083649635315,0.0016346959164366126,0.005784994922578335
894,sample_000894,samples/sample_000894.npz,21,34,0,15,7,9,13,15,2,70.0,90.0,130.0,150.0,20.0,270.0,70.0,80.0,0.7883134562367515,0.000339922757120803,0.18780042231082916,0.014884846284985542,0.030638284981250763
895,sample_000895,samples/sample_000895.npz,27,40,6,20,4,8,13,14,4,40.0,80.0,130.0,140.0,40.0,330.0,125.0,60.0,0.9542290726522507,0.000742274452932179,0.6144641637802124,0.03735722601413727,0.0900031328201294
896,sample_000896,samples/sample_000896.npz,12,23,6,14,8,14,11,8,6,80.0,140.0,110.0,80.0,60.0,170.0,95.0,110.0,0.42852718082060753,0.00028819573344662786,0.11058105528354645,0.010006406344473362,0.017815303057432175
897,sample_000897,samples/sample_000897.npz,6,21,46,56,7,12,15,10,5,70.0,120.0,150.0,100.0,50.0,130.0,505.0,95.0,0.4951626292318766,0.0004052701115142554,0.19944816827774048,0.01727680303156376,0.032653093338012695
898,sample_000898,samples/sample_000898.npz,49,59,16,25,4,6,10,9,2,40.0,60.0,100.0,90.0,20.0,535.0,200.0,50.0,0.21022787558249265,2.4087506972136907e-05,0.05562526360154152,0.0020630734506994486,0.006308404728770256
899,sample_000899,samples/sample_000899.npz,8,19,17,22,4,10,11,5,6,40.0,100.0,110.0,50.0,60.0,130.0,190.0,70.0,0.9538208441863378,0.0002998522249981761,0.35051026940345764,0.016329459846019745,0.04128766432404518
900,sample_000900,samples/sample_000900.npz,47,58,19,31,7,10,11,12,3,70.0,100.0,110.0,120.0,30.0,520.0,245.0,85.0,0.858979847478875,0.0004242203140165657,0.22161619365215302,0.016769735142588615,0.03362703323364258
901,sample_000901,samples/sample_000901.npz,10,20,10,20,7,11,10,10,4,70.0,110.0,100.0,100.0,40.0,145.0,145.0,90.0,0.967586651571946,0.0004374472191557288,0.25274670124053955,0.018674733117222786,0.03727179393172264
902,sample_000902,samples/sample_000902.npz,2,13,50,63,6,8,11,13,2,60.0,80.0,110.0,130.0,20.0,70.0,560.0,70.0,0.2392892315964706,4.199501927359961e-05,0.05549061670899391,0.003235745942220092,0.008084205910563469
903,sample_000903,samples/sample_000903.npz,23,32,6,22,7,11,9,16,4,70.0,110.0,90.0,160.0,40.0,270.0,135.0,90.0,0.4196551002453636,0.00036783621180802584,0.13771021366119385,0.01190226897597313,0.022090798243880272
904,sample_000904,samples/sample_000904.npz,29,43,39,55,5,12,14,16,7,50.0,120.0,140.0,160.0,70.0,355.0,465.0,85.0,0.21656058388513985,0.000546648632735014,0.19191387295722961,0.017203105613589287,0.031972143799066544
905,sample_000905,samples/sample_000905.npz,58,62,15,31,7,13,4,16,6,70.0,130.0,40.0,160.0,60.0,595.0,225.0,100.0,0.7059335191206824,0.0003011830267496407,0.14653146266937256,0.011754674836993217,0.023248296231031418
906,sample_000906,samples/sample_000906.npz,35,39,20,29,4,6,4,9,2,40.0,60.0,40.0,90.0,20.0,365.0,240.0,50.0,0.7479121588528366,6.381264392985031e-05,0.10168884694576263,0.0030467365868389606,0.00968803372234106
907,sample_000907,samples/sample_000907.npz,7,17,38,51,7,10,10,13,3,70.0,100.0,100.0,130.0,30.0,115.0,440.0,85.0,0.9963697880244762,0.00043034207192249596,0.25269511342048645,0.019032932817935944,0.03843674808740616
908,sample_000908,samples/sample_000908.npz,39,55,25,33,5,13,16,8,8,50.0,130.0,160.0,80.0,80.0,465.0,285.0,90.0,0.6262676339088955,0.001114697428420186,0.40086960792541504,0.03208303079009056,0.06085880473256111
909,sample_000909,samples/sample_000909.npz,19,34,38,42,6,9,15,4,3,60.0,90.0,150.0,40.0,30.0,260.0,395.0,75.0,0.570001167730128,0.0001755096745910123,0.08513328433036804,0.005430635996162891,0.011624202132225037
910,sample_000910,samples/sample_000910.npz,3,7,34,43,5,13,4,9,8,50.0,130.0,40.0,90.0,80.0,45.0,380.0,90.0,0.8212730468249296,0.00025655736681073904,0.19815704226493835,0.010882670059800148,0.02487991563975811
911,sample_000911,samples/sample_000911.npz,48,55,27,40,3,9,7,13,6,30.0,90.0,70.0,130.0,60.0,510.0,330.0,60.0,0.2951559015605616,0.00016766879707574844,0.19423915445804596,0.008676109835505486,0.023440496996045113
912,sample_000912,samples/sample_000912.npz,0,10,25,30,2,7,10,5,5,20.0,70.0,100.0,50.0,50.0,45.0,270.0,45.0,0.8485955710020092,0.00012223697558511049,0.46194252371788025,0.011481119319796562,0.042700331658124924
913,sample_000913,samples/sample_000913.npz,9,24,15,25,7,12,15,10,5,70.0,120.0,150.0,100.0,50.0,160.0,195.0,95.0,0.9801120088922544,0.0010438805911689997,0.39478248357772827,0.035666242241859436,0.06409550458192825
914,sample_000914,samples/sample_000914.npz,12,23,18,32,7,9,11,14,2,70.0,90.0,110.0,140.0,20.0,170.0,245.0,80.0,0.3902534153593651,0.0001706779294181615,0.07987247407436371,0.006177091505378485,0.012254600413143635
915,sample_000915,samples/sample_000915.npz,5,18,8,20,8,14,13,12,6,80.0,140.0,130.0,120.0,60.0,110.0,135.0,110.0,0.5256862449745667,0.0006014528917148709,0.21533577144145966,0.021578611806035042,0.03734314814209938
916,sample_000916,samples/sample_000916.npz,17,22,7,11,5,8,5,4,3,50.0,80.0,50.0,40.0,30.0,190.0,85.0,65.0,0.5847888789024132,2.7339387088431977e-05,0.051257483661174774,0.0018114106496796012,0.005159891676157713
917,sample_000917,samples/sample_000917.npz,28,39,12,27,8,13,11,15,5,80.0,130.0,110.0,150.0,50.0,330.0,190.0,105.0,0.7989226403710872,0.001504924613982439,0.298371285200119,0.031857650727033615,0.05087129399180412
918,sample_000918,samples/sample_000918.npz,41,45,15,22,5,11,4,7,6,50.0,110.0,40.0,70.0,60.0,425.0,180.0,80.0,0.20835932236038293,4.544743205769919e-05,0.0361715704202652,0.0017986366292461753,0.004148941021412611
919,sample_000919,samples/sample_000919.npz,41,46,44,50,8,14,5,6,6,80.0,140.0,50.0,60.0,60.0,430.0,465.0,110.0,0.8502090215597908,0.0002542364236433059,0.08460240811109543,0.007150358520448208,0.0124260438606143
920,sample_000920,samples/sample_000920.npz,31,46,38,52,5,12,15,14,7,50.0,120.0,150.0,140.0,70.0,380.0,445.0,85.0,0.8124476281943622,0.001912553794682026,0.6941759586334229,0.06078855320811272,0.11360518634319305
921,sample_000921,samples/sample_000921.npz,33,49,24,34,6,11,16,10,5,60.0,110.0,160.0,100.0,50.0,405.0,285.0,85.0,0.5938519789169319,0.0009616543538868427,0.2907789349555969,0.024462824687361717,0.045607712119817734
922,sample_000922,samples/sample_000922.npz,33,49,3,7,5,11,16,4,6,50.0,110.0,160.0,40.0,60.0,405.0,45.0,80.0,0.21714173293470315,7.68807512940839e-05,0.06440523266792297,0.003956125117838383,0.009064223617315292
923,sample_000923,samples/sample_000923.npz,26,31,47,60,8,11,5,13,3,80.0,110.0,50.0,130.0,30.0,280.0,530.0,95.0,0.409582839053503,0.00011656984861474484,0.04776713624596596,0.003795670811086893,0.007245449814945459
924,sample_000924,samples/sample_000924.npz,19,27,27,31,4,7,8,4,3,40.0,70.0,80.0,40.0,30.0,225.0,285.0,55.0,0.85843206219658,0.00010829878010554239,0.14508236944675446,0.004601423628628254,0.013867216184735298
925,sample_000925,samples/sample_000925.npz,11,19,44,55,4,7,8,11,3,40.0,70.0,80.0,110.0,30.0,145.0,490.0,55.0,0.604486334258421,0.00011006858403561637,0.21189874410629272,0.008614219725131989,0.024694429710507393
926,sample_000926,samples/sample_000926.npz,12,26,3,14,5,9,14,11,4,50.0,90.0,140.0,110.0,40.0,185.0,80.0,70.0,0.5054183348891013,0.000255971506703645,0.24924154579639435,0.015650149434804916,0.036505840718746185
927,sample_000927,samples/sample_000927.npz,29,34,44,53,6,9,5,9,3,60.0,90.0,50.0,90.0,30.0,310.0,480.0,75.0,0.7263964545243506,0.00014415523037314415,0.09664016216993332,0.0051071736961603165,0.011836967431008816
928,sample_000928,samples/sample_000928.npz,27,32,52,64,4,10,5,12,6,40.0,100.0,50.0,120.0,60.0,290.0,575.0,70.0,0.4935792532811751,0.0001703843445284292,0.1907384991645813,0.008842507377266884,0.023068631067872047
929,sample_000929,samples/sample_000929.npz,56,63,17,28,7,14,7,11,7,70.0,140.0,70.0,110.0,70.0,590.0,220.0,105.0,0.7622384936955864,0.0004796968132723123,0.22536370158195496,0.017609767615795135,0.03460262715816498
930,sample_000930,samples/sample_000930.npz,22,37,16,31,4,7,15,15,3,40.0,70.0,150.0,150.0,30.0,290.0,230.0,55.0,0.44681484937779214,0.000416157185100019,0.25480347871780396,0.016819892451167107,0.0395631343126297
931,sample_000931,samples/sample_000931.npz,3,9,18,26,6,10,6,8,4,60.0,100.0,60.0,80.0,40.0,55.0,215.0,80.0,0.7562544920287844,0.00013479300832841545,0.1328195333480835,0.00695269089192152,0.016634821891784668
932,sample_000932,samples/sample_000932.npz,43,50,27,34,7,15,7,7,8,70.0,150.0,70.0,70.0,80.0,460.0,300.0,110.0,0.5222350894513712,0.0004492506559472531,0.11392833292484283,0.009726078249514103,0.016645116731524467
933,sample_000933,samples/sample_000933.npz,34,39,14,23,6,14,5,9,8,60.0,140.0,50.0,90.0,80.0,360.0,180.0,100.0,0.4125926996193302,0.0002850658493116498,0.09900978952646255,0.0072731454856693745,0.013558667153120041
934,sample_000934,samples/sample_000934.npz,7,19,28,44,6,9,12,16,3,60.0,90.0,120.0,160.0,30.0,125.0,355.0,75.0,0.47705718295944505,0.0003432958328630775,0.1827363818883896,0.014112163335084915,0.02895587496459484
935,sample_000935,samples/sample_000935.npz,20,34,37,48,6,8,14,11,2,60.0,80.0,140.0,110.0,20.0,265.0,420.0,70.0,0.6464779450368596,0.0002991723013110459,0.15649551153182983,0.010639659129083157,0.02291181869804859
936,sample_000936,samples/sample_000936.npz,49,58,36,47,4,8,9,11,4,40.0,80.0,90.0,110.0,40.0,530.0,410.0,60.0,0.908694497549394,0.0002915129589382559,0.41722434759140015,0.019088372588157654,0.05138907954096794
937,sample_000937,samples/sample_000937.npz,43,50,45,50,5,10,7,5,5,50.0,100.0,70.0,50.0,50.0,460.0,470.0,75.0,0.7449614360689776,0.0001367567601846531,0.14304256439208984,0.006705660838633776,0.016347529366612434
938,sample_000938,samples/sample_000938.npz,10,22,6,21,3,9,12,15,6,30.0,90.0,120.0,150.0,60.0,155.0,130.0,60.0,0.6060286263389267,0.000493380066473037,0.5946980118751526,0.034678779542446136,0.08653388172388077
939,sample_000939,samples/sample_000939.npz,13,26,10,24,2,5,13,14,3,20.0,50.0,130.0,140.0,30.0,190.0,165.0,35.0,0.5567362327179519,0.00016276902169920504,0.40733256936073303,0.017633041366934776,0.05611201748251915
940,sample_000940,samples/sample_000940.npz,32,40,8,14,6,14,8,6,8,60.0,140.0,80.0,60.0,80.0,355.0,105.0,100.0,0.80215126990303,0.00046970663242973387,0.20814542472362518,0.01454564556479454,0.02836073376238346
941,sample_000941,samples/sample_000941.npz,26,38,18,34,6,11,12,16,5,60.0,110.0,120.0,160.0,50.0,315.0,255.0,85.0,0.6132266000738589,0.0014578638365492225,0.3424284756183624,0.030455026775598526,0.055414363741874695
942,sample_000942,samples/sample_000942.npz,54,62,47,57,7,10,8,10,3,70.0,100.0,80.0,100.0,30.0,575.0,515.0,85.0,0.7353361859825305,0.0001395457366015762,0.1304256021976471,0.00800869707018137,0.01836172491312027
943,sample_000943,samples/sample_000943.npz,30,46,39,53,5,7,16,14,2,50.0,70.0,160.0,140.0,20.0,375.0,455.0,60.0,0.9611971023769339,0.0004853122227359563,0.3362763524055481,0.023448817431926727,0.05284237489104271
944,sample_000944,samples/sample_000944.npz,39,51,1,14,2,6,12,13,4,20.0,60.0,120.0,130.0,40.0,445.0,70.0,40.0,0.836431647425957,0.0002403866674285382,0.7177855968475342,0.028987953439354897,0.09367524832487106
945,sample_000945,samples/sample_000945.npz,15,20,16,20,4,12,5,4,8,40.0,120.0,50.0,40.0,80.0,170.0,175.0,80.0,0.8919004693052588,0.00016545543621759862,0.1720786988735199,0.007270429283380508,0.01777796633541584
946,sample_000946,samples/sample_000946.npz,26,33,40,45,2,4,7,5,2,20.0,40.0,70.0,50.0,20.0,290.0,420.0,30.0,0.8937473575282957,4.351222014520317e-05,0.243754580616951,0.003717113519087434,0.01780848577618599
947,sample_000947,samples/sample_000947.npz,30,41,10,25,8,16,11,15,8,80.0,160.0,110.0,150.0,80.0,350.0,170.0,120.0,0.9878608694437623,0.0029735283460468054,0.49895504117012024,0.059883423149585724,0.08831840753555298
948,sample_000948,samples/sample_000948.npz,58,62,30,37,5,8,4,7,3,50.0,80.0,40.0,70.0,30.0,595.0,330.0,65.0,0.25308457216550606,1.8061749869957566e-05,0.02924288623034954,0.0010597127256914973,0.003073053667321801
949,sample_000949,samples/sample_000949.npz,13,28,17,21,4,6,15,4,2,40.0,60.0,150.0,40.0,20.0,200.0,185.0,50.0,0.6494763144469811,6.444579776143655e-05,0.11025607585906982,0.004354724660515785,0.01271597295999527
950,sample_000950,samples/sample_000950.npz,48,59,18,27,6,14,11,9,8,60.0,140.0,110.0,90.0,80.0,530.0,220.0,100.0,0.31857337168049615,0.0003348137834109366,0.14881694316864014,0.011752452701330185,0.022359928116202354
951,sample_000951,samples/sample_000951.npz,16,28,3,9,6,10,12,6,4,60.0,100.0,120.0,60.0,40.0,215.0,55.0,80.0,0.9802774650436217,0.0002623882610350847,0.22988182306289673,0.013509252108633518,0.03116779215633869
952,sample_000952,samples/sample_000952.npz,11,27,1,10,2,8,16,9,6,20.0,80.0,160.0,90.0,60.0,185.0,50.0,50.0,0.6474430164850574,0.0003033716056961566,0.6636301279067993,0.0296340174973011,0.08817129582166672
953,sample_000953,samples/sample_000953.npz,12,17,17,29,7,13,5,12,6,70.0,130.0,50.0,120.0,60.0,140.0,225.0,100.0,0.8934598116187342,0.00048576638801023364,0.18971507251262665,0.015389550477266312,0.028232106938958168
954,sample_000954,samples/sample_000954.npz,26,39,29,42,7,15,13,13,8,70.0,150.0,130.0,130.0,80.0,320.0,350.0,110.0,0.3597666653564333,0.0016327736666426063,0.21479760110378265,0.023620018735527992,0.03624269366264343
955,sample_000955,samples/sample_000955.npz,44,56,7,14,8,12,12,7,4,80.0,120.0,120.0,70.0,40.0,495.0,100.0,100.0,0.7508415264674235,0.0002738488547038287,0.1399867832660675,0.011407152749598026,0.021866818889975548
956,sample_000956,samples/sample_000956.npz,39,48,27,39,2,6,9,12,4,20.0,60.0,90.0,120.0,40.0,430.0,325.0,40.0,0.8979767628774495,0.0003634869062807411,0.6637035012245178,0.022448688745498657,0.07515807449817657
957,sample_000957,samples/sample_000957.npz,37,45,29,41,2,5,8,12,3,20.0,50.0,80.0,120.0,30.0,405.0,345.0,35.0,0.2580464566091729,6.28244670224376e-05,0.14956991374492645,0.004363321233540773,0.01591506041586399
958,sample_000958,samples/sample_000958.npz,23,31,14,28,4,11,8,14,7,40.0,110.0,80.0,140.0,70.0,265.0,205.0,75.0,0.256654875664467,0.00031651704921387136,0.17152665555477142,0.010606682859361172,0.023289861157536507
959,sample_000959,samples/sample_000959.npz,40,55,38,54,8,16,15,16,8,80.0,160.0,150.0,160.0,80.0,470.0,455.0,120.0,0.684178240371618,0.002208160236477852,0.4587865471839905,0.05849795043468475,0.08667876571416855
960,sample_000960,samples/sample_000960.npz,3,16,16,31,7,9,13,15,2,70.0,90.0,130.0,150.0,20.0,90.0,230.0,80.0,0.5205721800609728,0.00021780662063974887,0.12401624768972397,0.00998902041465044,0.020218251273036003
961,sample_000961,samples/sample_000961.npz,45,49,39,51,5,11,4,12,6,50.0,110.0,40.0,120.0,60.0,465.0,445.0,80.0,0.7670377788938159,0.0002608808863442391,0.19551759958267212,0.011243832297623158,0.0249785203486681
962,sample_000962,samples/sample_000962.npz,33,49,34,45,4,7,16,11,3,40.0,70.0,160.0,110.0,30.0,405.0,390.0,55.0,0.5855065272662064,0.000358592631528154,0.2944103181362152,0.017189396545290947,0.042403411120176315
963,sample_000963,samples/sample_000963.npz,4,14,42,57,2,8,10,15,6,20.0,80.0,100.0,150.0,60.0,85.0,490.0,50.0,0.26389730262846733,0.00012775338836945593,0.28142279386520386,0.012746543623507023,0.03743378818035126
964,sample_000964,samples/sample_000964.npz,20,25,45,54,7,14,5,9,7,70.0,140.0,50.0,90.0,70.0,220.0,490.0,105.0,0.6927991957939571,0.0003403523296583444,0.12847158312797546,0.010277298279106617,0.01865733414888382
965,sample_000965,samples/sample_000965.npz,45,54,42,54,4,7,9,12,3,40.0,70.0,90.0,120.0,30.0,490.0,475.0,55.0,0.9380579850317419,0.0002153862442355603,0.3705129325389862,0.01644052565097809,0.04571448266506195
966,sample_000966,samples/sample_000966.npz,25,35,27,41,2,10,10,14,8,20.0,100.0,100.0,140.0,80.0,295.0,335.0,60.0,0.9201610442955819,0.001955416752025485,1.1104704141616821,0.05705772340297699,0.14584693312644958
967,sample_000967,samples/sample_000967.npz,29,40,35,48,8,14,11,13,6,80.0,140.0,110.0,130.0,60.0,340.0,410.0,110.0,0.25938833192273497,0.0005691653932444751,0.09907228499650955,0.01070195809006691,0.01662435010075569
968,sample_000968,samples/sample_000968.npz,9,24,20,29,4,12,15,9,8,40.0,120.0,150.0,90.0,80.0,160.0,240.0,80.0,0.2219280994774958,0.0003246223786845803,0.17816473543643951,0.012279368005692959,0.025822916999459267
969,sample_000969,samples/sample_000969.npz,42,46,13,22,7,12,4,9,5,70.0,120.0,40.0,90.0,50.0,435.0,170.0,95.0,0.8593242347945205,0.00022431115212384611,0.10651832073926926,0.007558940444141626,0.014666381292045116
970,sample_000970,samples/sample_000970.npz,12,27,29,37,3,6,15,8,3,30.0,60.0,150.0,80.0,30.0,190.0,325.0,45.0,0.7469486838616419,0.00027505122125148773,0.36914512515068054,0.015331060625612736,0.04556012153625488
971,sample_000971,samples/sample_000971.npz,23,38,40,45,7,12,15,5,5,70.0,120.0,150.0,50.0,50.0,300.0,420.0,95.0,0.9680249985908793,0.0008026393479667604,0.2118309736251831,0.01817217469215393,0.032373204827308655
972,sample_000972,samples/sample_000972.npz,50,55,47,59,6,8,5,12,2,60.0,80.0,50.0,120.0,20.0,520.0,525.0,70.0,0.7231699501718767,6.351886258926243e-05,0.08558472245931625,0.004330922849476337,0.010899167507886887
973,sample_000973,samples/sample_000973.npz,58,63,38,52,6,10,5,14,4,60.0,100.0,50.0,140.0,40.0,600.0,445.0,80.0,0.8402518377497079,0.00019133069145027548,0.18238484859466553,0.0108327092602849,0.025606056675314903
974,sample_000974,samples/sample_000974.npz,36,40,18,32,8,12,4,14,4,80.0,120.0,40.0,140.0,40.0,375.0,245.0,100.0,0.5005034222154676,0.00025597092462703586,0.061771735548973083,0.005552454851567745,0.009495144709944725
975,sample_000975,samples/sample_000975.npz,49,64,33,38,4,9,15,5,5,40.0,90.0,150.0,50.0,50.0,560.0,350.0,65.0,0.2921848938515961,0.0001008282633847557,0.11302546411752701,0.005604768171906471,0.01450279075652361
976,sample_000976,samples/sample_000976.npz,41,53,19,29,3,5,12,10,2,30.0,50.0,120.0,100.0,20.0,465.0,235.0,40.0,0.23190540291392356,3.833044320344925e-05,0.08821567893028259,0.0031972925644367933,0.010381026193499565
977,sample_000977,samples/sample_000977.npz,1,13,38,54,2,5,12,16,3,20.0,50.0,120.0,160.0,30.0,65.0,455.0,35.0,0.813360580789096,0.0001824431528802961,0.6001343727111816,0.026396607980132103,0.08502127230167389
978,sample_000978,samples/sample_000978.npz,20,24,29,37,5,12,4,8,7,50.0,120.0,40.0,80.0,70.0,215.0,325.0,85.0,0.9785005957691788,0.0004473393491934985,0.20413827896118164,0.011306248605251312,0.024265438318252563
979,sample_000979,samples/sample_000979.npz,3,19,40,54,5,12,16,14,7,50.0,120.0,160.0,140.0,70.0,105.0,465.0,85.0,0.872079533643006,0.0013907661195844412,0.7728284001350403,0.06587477028369904,0.12999555468559265
980,sample_000980,samples/sample_000980.npz,9,22,27,43,3,8,13,16,5,30.0,80.0,130.0,160.0,50.0,150.0,345.0,55.0,0.9036125081850517,0.0009665275574661791,0.8422274589538574,0.05169754847884178,0.1272336095571518
981,sample_000981,samples/sample_000981.npz,4,13,54,62,3,11,9,8,8,30.0,110.0,90.0,80.0,80.0,80.0,575.0,70.0,0.740783722138481,0.0002571504155639559,0.5058910846710205,0.020293215289711952,0.0580289363861084
982,sample_000982,samples/sample_000982.npz,41,47,9,23,4,6,6,14,2,40.0,60.0,60.0,140.0,20.0,435.0,155.0,50.0,0.37709363389662054,4.740388612844981e-05,0.0879373773932457,0.0035164435394108295,0.01029687188565731
983,sample_000983,samples/sample_000983.npz,33,48,41,47,3,7,15,6,4,30.0,70.0,150.0,60.0,40.0,400.0,435.0,50.0,0.8165969443983097,0.00027272829902358353,0.40261244773864746,0.016505371779203415,0.04775671288371086
984,sample_000984,samples/sample_000984.npz,33,40,41,48,8,12,7,7,4,80.0,120.0,70.0,70.0,40.0,360.0,440.0,100.0,0.7810422627378169,0.00030432347557507455,0.0934586450457573,0.007513010408729315,0.013502722606062889
985,sample_000985,samples/sample_000985.npz,49,60,19,33,3,10,11,14,7,30.0,100.0,110.0,140.0,70.0,540.0,255.0,65.0,0.6562668182189669,0.000653086113743484,0.6498779058456421,0.03682350367307663,0.0910317599773407
986,sample_000986,samples/sample_000986.npz,50,55,47,58,6,9,5,11,3,60.0,90.0,50.0,110.0,30.0,520.0,520.0,75.0,0.40078226366392244,5.238133962848224e-05,0.06126806139945984,0.003252028487622738,0.007882201112806797
987,sample_000987,samples/sample_000987.npz,25,29,30,41,8,13,4,11,5,80.0,130.0,40.0,110.0,50.0,265.0,350.0,105.0,0.41387426790984166,0.0002503815630916506,0.04997502267360687,0.004474710673093796,0.007496401201933622
988,sample_000988,samples/sample_000988.npz,32,44,21,35,6,13,12,14,7,60.0,130.0,120.0,140.0,70.0,375.0,275.0,95.0,0.9867455222147938,0.0027871993370354176,0.630770742893219,0.058419544249773026,0.1011018455028534
989,sample_000989,samples/sample_000989.npz,42,47,36,46,3,9,5,10,6,30.0,90.0,50.0,100.0,60.0,440.0,405.0,60.0,0.7687722808852782,0.00024701288202777505,0.3447023332118988,0.012597941793501377,0.035836830735206604
990,sample_000990,samples/sample_000990.npz,19,30,6,16,8,11,11,10,3,80.0,110.0,110.0,100.0,30.0,240.0,105.0,95.0,0.9703049627549292,0.00043183323577977717,0.18507571518421173,0.01523684710264206,0.02870040386915207
991,sample_000991,samples/sample_000991.npz,3,11,47,55,8,12,8,8,4,80.0,120.0,80.0,80.0,40.0,65.0,505.0,100.0,0.4619771002191011,0.00011463729606475681,0.07022561132907867,0.005152474623173475,0.010509166866540909
992,sample_000992,samples/sample_000992.npz,39,46,10,23,2,10,7,13,8,20.0,100.0,70.0,130.0,80.0,420.0,160.0,60.0,0.6094851097787979,0.0004177686932962388,0.5724194049835205,0.024027369916439056,0.06689539551734924
993,sample_000993,samples/sample_000993.npz,15,31,42,48,7,14,16,6,7,70.0,140.0,160.0,60.0,70.0,225.0,445.0,105.0,0.9587634215723835,0.0011692425468936563,0.31985366344451904,0.030889272689819336,0.05163009092211723
994,sample_000994,samples/sample_000994.npz,0,13,5,20,8,14,13,15,6,80.0,140.0,130.0,150.0,60.0,60.0,120.0,110.0,0.33611185311229513,0.0004098857461940497,0.16162388026714325,0.01619151048362255,0.029343102127313614
995,sample_000995,samples/sample_000995.npz,31,47,53,63,3,5,16,10,2,30.0,50.0,160.0,100.0,20.0,385.0,575.0,40.0,0.9785821094310558,0.00015767219883855432,0.4062526524066925,0.017343906685709953,0.05431279540061951
996,sample_000996,samples/sample_000996.npz,33,48,30,41,2,4,15,11,2,20.0,40.0,150.0,110.0,20.0,400.0,350.0,30.0,0.5289617898344134,0.0001279255811823532,0.26930224895477295,0.010373555123806,0.03551227226853371
997,sample_000997,samples/sample_000997.npz,59,64,46,58,6,13,5,12,7,60.0,130.0,50.0,120.0,70.0,610.0,515.0,95.0,0.2923434147585715,9.901080193230882e-05,0.08120045810937881,0.005097819492220879,0.011661786586046219
998,sample_000998,samples/sample_000998.npz,14,25,34,48,8,11,11,14,3,80.0,110.0,110.0,140.0,30.0,190.0,405.0,95.0,0.35472131183717104,0.00027597436564974487,0.08648872375488281,0.008089005947113037,0.014110824093222618
999,sample_000999,samples/sample_000999.npz,11,21,2,8,8,13,10,6,5,80.0,130.0,100.0,60.0,50.0,155.0,45.0,105.0,0.5786393448726141,0.0001789864618331194,0.09530861675739288,0.007345604710280895,0.014616081491112709
1000,sample_001000,samples/sample_001000.npz,21,36,24,40,3,7,15,16,4,30.0,70.0,150.0,160.0,40.0,280.0,315.0,50.0,0.2102947845960606,0.00033061421709135175,0.17815890908241272,0.011444080621004105,0.028008591383695602
1001,sample_001001,samples/sample_001001.npz,6,22,44,52,4,8,16,8,4,40.0,80.0,160.0,80.0,40.0,135.0,475.0,60.0,0.4402465758725372,0.00017217670392710716,0.22276903688907623,0.011962499469518661,0.030340218916535378
1002,sample_001002,samples/sample_001002.npz,20,28,48,60,8,14,8,12,6,80.0,140.0,80.0,120.0,60.0,235.0,535.0,110.0,0.9990795176366956,0.0008548319456167519,0.2762434482574463,0.02584662288427353,0.04481097310781479
1003,sample_001003,samples/sample_001003.npz,41,49,15,25,5,11,8,10,6,50.0,110.0,80.0,100.0,60.0,445.0,195.0,80.0,0.7931708977966812,0.0004892457509413362,0.3285865783691406,0.01952766440808773,0.04272022098302841
1004,sample_001004,samples/sample_001004.npz,0,9,11,24,7,9,9,13,2,70.0,90.0,90.0,130.0,20.0,40.0,170.0,80.0,0.5283125497725243,0.00010026713425759226,0.08875592052936554,0.005725182592868805,0.013104130513966084
1005,sample_001005,samples/sample_001005.npz,23,28,22,34,7,10,5,12,3,70.0,100.0,50.0,120.0,30.0,250.0,275.0,85.0,0.6595552944826315,0.0002514402149245143,0.08756718784570694,0.00613982230424881,0.012141766026616096
1006,sample_001006,samples/sample_001006.npz,45,50,38,54,4,8,5,16,4,40.0,80.0,50.0,160.0,40.0,470.0,455.0,60.0,0.6119805231251456,0.0001685054594418034,0.2114010602235794,0.010529627092182636,0.027132831513881683
1007,sample_001007,samples/sample_001007.npz,16,22,1,11,3,9,6,10,6,30.0,90.0,60.0,100.0,60.0,185.0,55.0,60.0,0.2133111586331765,5.0405633373884484e-05,0.11140820384025574,0.003935143351554871,0.011862139217555523
1008,sample_001008,samples/sample_001008.npz,16,25,12,17,6,12,9,5,6,60.0,120.0,90.0,50.0,60.0,200.0,140.0,90.0,0.8617316259629746,0.00029779147007502615,0.17833168804645538,0.011428422294557095,0.02364206686615944
1009,sample_001009,samples/sample_001009.npz,13,20,9,21,3,6,7,12,3,30.0,60.0,70.0,120.0,30.0,160.0,145.0,45.0,0.20834134368086643,3.131100311293267e-05,0.08736252784729004,0.0029374361038208008,0.00955637451261282
1010,sample_001010,samples/sample_001010.npz,0,9,42,47,5,10,9,5,5,50.0,100.0,90.0,50.0,50.0,40.0,440.0,75.0,0.8893765358713097,0.00015857195830903947,0.2065243124961853,0.009529677219688892,0.024747377261519432
1011,sample_001011,samples/sample_001011.npz,31,41,45,52,8,15,10,7,7,80.0,150.0,100.0,70.0,70.0,355.0,480.0,115.0,0.607543974064851,0.0005990970530547202,0.14134131371974945,0.013780847191810608,0.022356858476996422
1012,sample_001012,samples/sample_001012.npz,31,37,3,16,8,13,6,13,5,80.0,130.0,60.0,130.0,50.0,335.0,90.0,105.0,0.6873129398539712,0.0004303819441702217,0.137858584523201,0.012240760959684849,0.021900778636336327
1013,sample_001013,samples/sample_001013.npz,49,56,16,27,5,12,7,11,7,50.0,120.0,70.0,110.0,70.0,520.0,210.0,85.0,0.9861189536950283,0.0006060055457055569,0.42141178250312805,0.026157986372709274,0.056628450751304626
1014,sample_001014,samples/sample_001014.npz,30,43,36,52,2,10,13,16,8,20.0,100.0,130.0,160.0,80.0,360.0,435.0,60.0,0.4180730791472995,0.0008694205898791552,0.601545512676239,0.03810041770339012,0.09115763008594513
1015,sample_001015,samples/sample_001015.npz,23,37,25,34,7,11,14,9,4,70.0,110.0,140.0,90.0,40.0,295.0,290.0,90.0,0.8254979192060481,0.0011457883520051837,0.25025638937950134,0.021307893097400665,0.03845326602458954
1016,sample_001016,samples/sample_001016.npz,40,45,11,25,8,15,5,14,7,80.0,150.0,50.0,140.0,70.0,420.0,175.0,115.0,0.5799266403890755,0.0005227018846198916,0.1275150328874588,0.013135682791471481,0.020928744226694107
1017,sample_001017,samples/sample_001017.npz,31,35,11,23,3,8,4,12,5,30.0,80.0,40.0,120.0,50.0,325.0,165.0,55.0,0.5667331036884594,0.00015410826017614454,0.21120277047157288,0.007522723637521267,0.022142134606838226
1018,sample_001018,samples/sample_001018.npz,32,38,28,39,4,10,6,11,6,40.0,100.0,60.0,110.0,60.0,345.0,330.0,70.0,0.7374132992252171,0.000628451001830399,0.31833040714263916,0.015766650438308716,0.037788454443216324
1019,sample_001019,samples/sample_001019.npz,58,63,1,8,6,9,5,7,3,60.0,90.0,50.0,70.0,30.0,600.0,40.0,75.0,0.8517869414811048,4.9903472245205194e-05,0.0931883454322815,0.0038779103197157383,0.011106254532933235
1020,sample_001020,samples/sample_001020.npz,15,22,49,58,2,5,7,9,3,20.0,50.0,70.0,90.0,30.0,180.0,530.0,35.0,0.993455205288974,8.097866520984098e-05,0.48207175731658936,0.010754208080470562,0.0440058670938015
1021,sample_001021,samples/sample_001021.npz,54,61,35,42,6,12,7,7,6,60.0,120.0,70.0,70.0,60.0,570.0,380.0,90.0,0.6971554717614598,0.00023315419093705714,0.15855269134044647,0.009571000002324581,0.020984463393688202
1022,sample_001022,samples/sample_001022.npz,24,34,10,26,6,11,10,16,5,60.0,110.0,100.0,160.0,50.0,285.0,175.0,85.0,0.9987002541516776,0.0013651903718709946,0.4890124201774597,0.040642522275447845,0.07691160589456558
1023,sample_001023,samples/sample_001023.npz,43,48,22,34,4,9,5,12,5,40.0,90.0,50.0,120.0,50.0,450.0,275.0,65.0,0.28552171118480807,0.00011060897668357939,0.09996823966503143,0.004623132757842541,0.01175942923873663
1024,sample_001024,samples/sample_001024.npz,51,63,10,14,2,5,12,4,3,20.0,50.0,120.0,40.0,30.0,565.0,115.0,35.0,0.6928695671596321,3.369829209987074e-05,0.2581614851951599,0.005578087642788887,0.02320491150021553
1025,sample_001025,samples/sample_001025.npz,53,61,49,57,7,13,8,8,6,70.0,130.0,80.0,80.0,60.0,565.0,525.0,100.0,0.5713752888010992,0.00020303182827774435,0.13518333435058594,0.009454411454498768,0.019797086715698242
1026,sample_001026,samples/sample_001026.npz,37,52,18,31,7,9,15,13,2,70.0,90.0,150.0,130.0,20.0,440.0,240.0,80.0,0.8037099348073442,0.0004691679496318102,0.19146834313869476,0.01617073267698288,0.030964968726038933
1027,sample_001027,samples/sample_001027.npz,40,54,20,26,5,8,14,6,3,50.0,80.0,140.0,60.0,30.0,465.0,225.0,65.0,0.7451006270583092,0.0002029926108662039,0.1901865005493164,0.010040824301540852,0.024456849321722984
1028,sample_001028,samples/sample_001028.npz,26,39,25,36,5,13,13,11,8,50.0,130.0,130.0,110.0,80.0,320.0,300.0,90.0,0.8634892716633054,0.0029594823718070984,0.6231449842453003,0.05065764859318733,0.09382959455251694
1029,sample_001029,samples/sample_001029.npz,22,33,27,33,5,9,11,6,4,50.0,90.0,110.0,60.0,40.0,270.0,295.0,70.0,0.23121913591075816,0.00012278232316020876,0.06308437138795853,0.0032920534722507,0.007723729591816664
1030,sample_001030,samples/sample_001030.npz,26,40,10,20,7,11,14,10,4,70.0,110.0,140.0,100.0,40.0,325.0,145.0,90.0,0.9974585431271044,0.0009526897920295596,0.3296838402748108,0.027751097455620766,0.0515957735478878
1031,sample_001031,samples/sample_001031.npz,27,37,31,42,6,11,10,11,5,60.0,110.0,100.0,110.0,50.0,315.0,360.0,85.0,0.32945453785693046,0.00046948218368925154,0.12774541974067688,0.009399548172950745,0.01828952692449093
1032,sample_001032,samples/sample_001032.npz,28,38,44,52,3,6,10,8,3,30.0,60.0,100.0,80.0,30.0,325.0,475.0,45.0,0.6127153521814651,0.0001318434369750321,0.2603096663951874,0.0083441361784935,0.027273286134004593
1033,sample_001033,samples/sample_001033.npz,22,28,35,51,5,12,6,16,7,50.0,120.0,60.0,160.0,70.0,245.0,425.0,85.0,0.9390510336786826,0.0010575089836493134,0.43890711665153503,0.032286714762449265,0.06369934976100922
1034,sample_001034,samples/sample_001034.npz,53,63,2,18,2,5,10,16,3,20.0,50.0,100.0,160.0,30.0,575.0,95.0,35.0,0.9583474340282814,0.00014536609523929656,0.659757673740387,0.02539954148232937,0.08719538897275925
1035,sample_001035,samples/sample_001035.npz,21,37,49,59,3,6,16,10,3,30.0,60.0,160.0,100.0,30.0,285.0,535.0,45.0,0.2154292273981236,7.24567289580591e-05,0.12325771898031235,0.0057588363997638226,0.016688494011759758
1036,sample_001036,samples/sample_001036.npz,38,46,40,56,2,9,8,16,7,20.0,90.0,80.0,160.0,70.0,415.0,475.0,55.0,0.479829013837858,0.00037291328771971166,0.4993397295475006,0.02357398346066475,0.06452713906764984
1037,sample_001037,samples/sample_001037.npz,28,33,8,17,7,15,5,9,8,70.0,150.0,50.0,90.0,80.0,300.0,120.0,110.0,0.8010552198625194,0.0005358390626497567,0.15929171442985535,0.013341279700398445,0.023520126938819885
1038,sample_001038,samples/sample_001038.npz,14,25,6,12,8,16,11,6,8,80.0,160.0,110.0,60.0,80.0,190.0,85.0,120.0,0.8589243187941955,0.0006376205710694194,0.2019818127155304,0.01938582770526409,0.03295554593205452
1039,sample_001039,samples/sample_001039.npz,37,47,17,25,3,9,10,8,6,30.0,90.0,100.0,80.0,60.0,415.0,205.0,60.0,0.9624552167764064,0.000503803079482168,0.616591215133667,0.025256633758544922,0.06928312033414841
1040,sample_001040,samples/sample_001040.npz,13,24,32,44,3,9,11,12,6,30.0,90.0,110.0,120.0,60.0,180.0,375.0,60.0,0.3099606792307512,0.0002786295081023127,0.2629389464855194,0.01340663805603981,0.03429480269551277
1041,sample_001041,samples/sample_001041.npz,34,46,5,13,8,11,12,8,3,80.0,110.0,120.0,80.0,30.0,395.0,85.0,95.0,0.6009565481443055,0.00021702097728848457,0.10188055038452148,0.00810643844306469,0.015630947425961494
1042,sample_001042,samples/sample_001042.npz,22,34,20,27,4,10,12,7,6,40.0,100.0,120.0,70.0,60.0,275.0,230.0,70.0,0.6690124013461509,0.0005536162643693388,0.34221091866493225,0.018104644492268562,0.04272831231355667
1043,sample_001043,samples/sample_001043.npz,16,28,16,26,4,12,12,10,8,40.0,120.0,120.0,100.0,80.0,215.0,205.0,80.0,0.8592939233919743,0.001190684735774994,0.6624658107757568,0.0426560677587986,0.09102878719568253
1044,sample_001044,samples/sample_001044.npz,26,33,42,57,4,9,7,15,5,40.0,90.0,70.0,150.0,50.0,290.0,490.0,65.0,0.8440177460278235,0.0005248981760814786,0.43200311064720154,0.02361452206969261,0.05740278586745262
1045,sample_001045,samples/sample_001045.npz,55,60,7,20,3,10,5,13,7,30.0,100.0,50.0,130.0,70.0,570.0,130.0,65.0,0.6242691051014291,0.00018062573508359492,0.3394067883491516,0.01418297365307808,0.039923980832099915
1046,sample_001046,samples/sample_001046.npz,14,22,32,36,5,13,8,4,8,50.0,130.0,80.0,40.0,80.0,175.0,335.0,90.0,0.2699551465216127,0.00012614720617420971,0.059793271124362946,0.0034816721454262733,0.007262793835252523
1047,sample_001047,samples/sample_001047.npz,24,36,2,17,6,10,12,15,4,60.0,100.0,120.0,150.0,40.0,295.0,90.0,80.0,0.7267987058414358,0.0006511826650239527,0.33427175879478455,0.025861037895083427,0.05301923304796219
1048,sample_001048,samples/sample_001048.npz,28,39,51,62,2,8,11,11,6,20.0,80.0,110.0,110.0,60.0,330.0,560.0,50.0,0.5504647798416632,0.00029511560569517314,0.5447043776512146,0.021634608507156372,0.06632039695978165
1049,sample_001049,samples/sample_001049.npz,14,21,36,51,5,11,7,15,6,50.0,110.0,70.0,150.0,60.0,170.0,430.0,80.0,0.2609974392940322,0.00020583532750606537,0.12300805747509003,0.008399846963584423,0.017621062695980072
1050,sample_001050,samples/sample_001050.npz,30,36,49,53,7,10,6,4,3,70.0,100.0,60.0,40.0,30.0,325.0,505.0,85.0,0.24297705079912557,2.6211955628241412e-05,0.015229089185595512,0.000876156787853688,0.0018966181669384241
1051,sample_001051,samples/sample_001051.npz,5,16,57,63,4,8,11,6,4,40.0,80.0,110.0,60.0,40.0,100.0,595.0,60.0,0.6413972516995092,8.757539762882516e-05,0.21987801790237427,0.008305120281875134,0.025146303698420525
1052,sample_001052,samples/sample_001052.npz,29,39,42,57,2,4,10,15,2,20.0,40.0,100.0,150.0,20.0,335.0,490.0,30.0,0.9181646622237434,0.00015442435687873513,0.45332032442092896,0.01622237265110016,0.05740330368280411
1053,sample_001053,samples/sample_001053.npz,39,43,0,8,2,4,4,8,2,20.0,40.0,40.0,80.0,20.0,405.0,35.0,30.0,0.912399295694114,1.98579000425525e-05,0.2308461219072342,0.0033202292397618294,0.016579844057559967
1054,sample_001054,samples/sample_001054.npz,30,37,40,44,6,14,7,4,8,60.0,140.0,70.0,40.0,80.0,330.0,415.0,100.0,0.9544251304415421,0.0005002868711017072,0.15166334807872772,0.010591358877718449,0.019808629527688026
1055,sample_001055,samples/sample_001055.npz,36,41,24,35,3,7,5,11,4,30.0,70.0,50.0,110.0,40.0,380.0,290.0,50.0,0.3666695438968639,0.00010709465277614072,0.13864263892173767,0.004571028519421816,0.014198028482496738
1056,sample_001056,samples/sample_001056.npz,48,56,14,20,8,16,8,6,8,80.0,160.0,80.0,60.0,80.0,515.0,165.0,120.0,0.6317201478082783,0.0003484146436676383,0.11388707160949707,0.01054722722619772,0.01789652183651924
1057,sample_001057,samples/sample_001057.npz,27,33,10,18,4,10,6,8,6,40.0,100.0,60.0,80.0,60.0,295.0,135.0,70.0,0.9809697689615147,0.0003546606458257884,0.34654924273490906,0.014855439774692059,0.038006581366062164
1058,sample_001058,samples/sample_001058.npz,29,39,40,50,3,11,10,10,8,30.0,110.0,100.0,100.0,80.0,335.0,445.0,70.0,0.831353917018371,0.0009910622611641884,0.6999605298042297,0.03547795116901398,0.08624937385320663
1059,sample_001059,samples/sample_001059.npz,0,14,42,52,3,11,14,10,8,30.0,110.0,140.0,100.0,80.0,65.0,465.0,70.0,0.9022742985115118,0.000760386697947979,0.9054948687553406,0.04995442554354668,0.1252504140138626
1060,sample_001060,samples/sample_001060.npz,10,26,44,60,4,10,16,16,6,40.0,100.0,160.0,160.0,60.0,175.0,515.0,70.0,0.5539470660189552,0.0007562990067526698,0.5523211359977722,0.04346593841910362,0.09277058392763138
1061,sample_001061,samples/sample_001061.npz,9,14,22,35,5,9,5,13,4,50.0,90.0,50.0,130.0,40.0,110.0,280.0,70.0,0.31729109742592165,9.213218436343595e-05,0.08074777573347092,0.004286280833184719,0.010316616855561733
1062,sample_001062,samples/sample_001062.npz,0,10,14,22,6,10,10,8,4,60.0,100.0,100.0,80.0,40.0,45.0,175.0,80.0,0.47267408987664683,0.00012548576341941953,0.12496130913496017,0.007069429382681847,0.016803748905658722
1063,sample_001063,samples/sample_001063.npz,58,64,21,31,6,8,6,10,2,60.0,80.0,60.0,100.0,20.0,605.0,255.0,70.0,0.5599527797450874,5.455605059978552e-05,0.06979350000619888,0.00322486343793571,0.008558239787817001
1064,sample_001064,samples/sample_001064.npz,8,14,52,56,8,12,6,4,4,80.0,120.0,60.0,40.0,40.0,105.0,535.0,100.0,0.8237273889337267,7.86347227403894e-05,0.05134095624089241,0.003510415321215987,0.007225935347378254
1065,sample_001065,samples/sample_001065.npz,20,29,41,50,6,9,9,9,3,60.0,90.0,90.0,90.0,30.0,240.0,450.0,75.0,0.8454282947481468,0.0002775065368041396,0.1837734431028366,0.010748717002570629,0.024015119299292564
1066,sample_001066,samples/sample_001066.npz,9,21,21,27,5,12,12,6,7,50.0,120.0,120.0,60.0,70.0,145.0,235.0,85.0,0.2628106309689948,0.0001786469656508416,0.10482215136289597,0.006652310024946928,0.014022186398506165
1067,sample_001067,samples/sample_001067.npz,23,35,46,55,8,11,12,9,3,80.0,110.0,120.0,90.0,30.0,285.0,500.0,95.0,0.5722740743995018,0.0003010735963471234,0.10684715956449509,0.009006060659885406,0.01654093898832798
1068,sample_001068,samples/sample_001068.npz,27,39,3,7,6,9,12,4,3,60.0,90.0,120.0,40.0,30.0,325.0,45.0,75.0,0.8093220483701544,0.0001188222668133676,0.10715550929307938,0.005660444498062134,0.01379537582397461
1069,sample_001069,samples/sample_001069.npz,28,32,43,52,2,5,4,9,3,20.0,50.0,40.0,90.0,30.0,295.0,470.0,35.0,0.25679108757552227,1.9209812307963148e-05,0.0873408243060112,0.0016183349071070552,0.006898066028952599
1070,sample_001070,samples/sample_001070.npz,0,15,20,29,6,10,15,9,4,60.0,100.0,150.0,90.0,40.0,70.0,240.0,80.0,0.7544194248022749,0.0004208198224660009,0.28093552589416504,0.019696151837706566,0.04252851381897926
1071,sample_001071,samples/sample_001071.npz,40,55,17,24,2,4,15,7,2,20.0,40.0,150.0,70.0,20.0,470.0,200.0,30.0,0.5353067067392796,5.219276499701664e-05,0.22409342229366302,0.0066169751808047295,0.02515607327222824
1072,sample_001072,samples/sample_001072.npz,39,43,21,28,3,11,4,7,8,30.0,110.0,40.0,70.0,80.0,405.0,240.0,70.0,0.7292922487195492,0.00023564383445773274,0.2453567385673523,0.008752183057367802,0.02344500459730625
1073,sample_001073,samples/sample_001073.npz,54,62,9,18,8,13,8,9,5,80.0,130.0,80.0,90.0,50.0,575.0,130.0,105.0,0.7538543020336979,0.00027185591170564294,0.14702628552913666,0.011489356867969036,0.02281203120946884
1074,sample_001074,samples/sample_001074.npz,42,48,10,20,4,8,6,10,4,40.0,80.0,60.0,100.0,40.0,445.0,145.0,60.0,0.21307212432513511,4.316598642617464e-05,0.06951984018087387,0.002747200895100832,0.007654393091797829
1075,sample_001075,samples/sample_001075.npz,18,30,46,61,6,10,12,15,4,60.0,100.0,120.0,150.0,40.0,235.0,530.0,80.0,0.9107611348547777,0.0007336157723329961,0.4188803732395172,0.03250495716929436,0.06644488126039505
1076,sample_001076,samples/sample_001076.npz,6,20,33,46,6,14,14,13,8,60.0,140.0,140.0,130.0,80.0,125.0,390.0,100.0,0.570249484940401,0.0012514295522123575,0.4149828553199768,0.039371032267808914,0.06923416256904602
1077,sample_001077,samples/sample_001077.npz,12,28,11,26,2,5,16,15,3,20.0,50.0,160.0,150.0,30.0,195.0,180.0,35.0,0.428184420307423,0.00017547067545820028,0.33754923939704895,0.017916610464453697,0.052486613392829895
1078,sample_001078,samples/sample_001078.npz,47,57,10,21,8,11,10,11,3,80.0,110.0,100.0,110.0,30.0,515.0,150.0,95.0,0.37848694787674453,0.00013935838069301099,0.07219250500202179,0.005841543897986412,0.011239632964134216
1079,sample_001079,samples/sample_001079.npz,5,13,15,21,8,15,8,6,7,80.0,150.0,80.0,60.0,70.0,85.0,175.0,115.0,0.6342874376911989,0.00027816384681500494,0.1063040941953659,0.009213966317474842,0.016475507989525795
1080,sample_001080,samples/sample_001080.npz,32,46,2,17,5,11,14,15,6,50.0,110.0,140.0,150.0,60.0,385.0,90.0,80.0,0.7653774647055811,0.0010710230562835932,0.5951731204986572,0.04752408713102341,0.0970655009150505
1081,sample_001081,samples/sample_001081.npz,16,29,3,15,6,14,13,12,8,60.0,140.0,130.0,120.0,80.0,220.0,85.0,100.0,0.21046266361051,0.0003344722499605268,0.1379351168870926,0.012056748382747173,0.02240425907075405
1082,sample_001082,samples/sample_001082.npz,17,23,46,56,2,7,6,10,5,20.0,70.0,60.0,100.0,50.0,195.0,505.0,45.0,0.5735926864095263,0.00010597948130453005,0.35815030336380005,0.009636450558900833,0.03403393551707268
1083,sample_001083,samples/sample_001083.npz,19,34,28,38,3,7,15,10,4,30.0,70.0,150.0,100.0,40.0,260.0,325.0,50.0,0.8947418420013682,0.0007836652221158147,0.6159897446632385,0.030421322211623192,0.08215532451868057
1084,sample_001084,samples/sample_001084.npz,7,12,46,52,5,10,5,6,5,50.0,100.0,50.0,60.0,50.0,90.0,485.0,75.0,0.8259819100271215,0.00010123110405402258,0.1404954046010971,0.006129339803010225,0.015728339552879333
1085,sample_001085,samples/sample_001085.npz,44,60,6,11,6,9,16,5,3,60.0,90.0,160.0,50.0,30.0,515.0,80.0,75.0,0.37231698630187116,6.669009599136189e-05,0.07031188160181046,0.004310607444494963,0.010082531720399857
1086,sample_001086,samples/sample_001086.npz,7,17,36,47,3,7,10,11,4,30.0,70.0,100.0,110.0,40.0,115.0,410.0,50.0,0.4433989023887479,0.0001381779438816011,0.2691018581390381,0.010746365413069725,0.03201506659388542
1087,sample_001087,samples/sample_001087.npz,54,63,36,41,5,7,9,5,2,50.0,70.0,90.0,50.0,20.0,580.0,380.0,60.0,0.7137356751540842,4.789704325958155e-05,0.08900201320648193,0.0032970875035971403,0.009693058207631111
1088,sample_001088,samples/sample_001088.npz,32,39,53,61,5,12,7,8,7,50.0,120.0,70.0,80.0,70.0,350.0,565.0,85.0,0.3600003786829593,0.00016442412743344903,0.12262357771396637,0.006758547388017178,0.015477517619729042
1089,sample_001089,samples/sample_001089.npz,43,52,55,59,5,10,9,4,5,50.0,100.0,90.0,40.0,50.0,470.0,565.0,75.0,0.2624382190630032,3.7442296161316335e-05,0.050039757043123245,0.002302617998793721,0.005878716707229614
1090,sample_001090,samples/sample_001090.npz,22,36,42,56,2,8,14,14,6,20.0,80.0,140.0,140.0,60.0,285.0,485.0,50.0,0.8166776572079446,0.0008838318753987551,0.9862551689147949,0.05352800339460373,0.14321368932724
1091,sample_001091,samples/sample_001091.npz,6,17,54,60,2,5,11,6,3,20.0,50.0,110.0,60.0,30.0,110.0,565.0,35.0,0.5933635147189109,3.9198723243316635e-05,0.28526750206947327,0.006572388578206301,0.026909247040748596
1092,sample_001092,samples/sample_001092.npz,10,17,35,41,4,11,7,6,7,40.0,110.0,70.0,60.0,70.0,130.0,375.0,75.0,0.6581526349036833,0.00023126201995182782,0.2250467836856842,0.009989066049456596,0.024770529940724373
1093,sample_001093,samples/sample_001093.npz,51,55,57,62,3,6,4,5,3,30.0,60.0,40.0,50.0,30.0,525.0,590.0,45.0,0.8494311182091396,2.0250538000254892e-05,0.14301760494709015,0.002695610746741295,0.010948164388537407
1094,sample_001094,samples/sample_001094.npz,7,11,5,14,4,10,4,9,6,40.0,100.0,40.0,90.0,60.0,85.0,90.0,70.0,0.7115137040895563,0.00010178102820646018,0.1910003274679184,0.007527590729296207,0.020904749631881714
1095,sample_001095,samples/sample_001095.npz,60,64,31,41,7,15,4,10,8,70.0,150.0,40.0,100.0,80.0,615.0,355.0,110.0,0.6998511877920409,0.0002826200798153877,0.12329168617725372,0.00910293497145176,0.01826167292892933
1096,sample_001096,samples/sample_001096.npz,57,61,46,59,8,11,4,13,3,80.0,110.0,40.0,130.0,30.0,585.0,520.0,95.0,0.3292645572493582,4.365462882560678e-05,0.031167488545179367,0.002204280346632004,0.004730108194053173
1097,sample_001097,samples/sample_001097.npz,31,38,48,63,3,11,7,15,8,30.0,110.0,70.0,150.0,80.0,340.0,550.0,70.0,0.5535471468941611,0.00048446975415572524,0.4445026218891144,0.023630240932106972,0.05865804851055145
1098,sample_001098,samples/sample_001098.npz,19,34,41,56,8,11,15,15,3,80.0,110.0,150.0,150.0,30.0,260.0,480.0,95.0,0.6287783537024421,0.0006970556569285691,0.1995285302400589,0.020706914365291595,0.03507202863693237
1099,sample_001099,samples/sample_001099.npz,19,32,46,59,3,11,13,13,8,30.0,110.0,130.0,130.0,80.0,250.0,520.0,70.0,0.9162263823072769,0.0012941034510731697,1.024344563484192,0.0641128197312355,0.14904628694057465
1100,sample_001100,samples/sample_001100.npz,34,41,59,63,3,8,7,4,5,30.0,80.0,70.0,40.0,50.0,370.0,605.0,55.0,0.6181208550963643,5.584463360719383e-05,0.17206957936286926,0.00443216972053051,0.015280678868293762
1101,sample_001101,samples/sample_001101.npz,25,32,56,63,5,13,7,7,8,50.0,130.0,70.0,70.0,80.0,280.0,590.0,90.0,0.9178402844823181,0.0004090085276402533,0.2975409924983978,0.01644902490079403,0.03775997832417488
1102,sample_001102,samples/sample_001102.npz,47,61,48,56,5,7,14,8,2,50.0,70.0,140.0,80.0,20.0,535.0,515.0,60.0,0.8288982201121995,0.00011560644634300843,0.19391527771949768,0.009562450461089611,0.02546919323503971
1103,sample_001103,samples/sample_001103.npz,3,19,46,61,2,6,16,15,4,20.0,60.0,160.0,150.0,40.0,105.0,530.0,40.0,0.5752510603485457,0.00022853424889035523,0.564971387386322,0.03050709329545498,0.08846187591552734
1104,sample_001104,samples/sample_001104.npz,16,23,32,40,8,14,7,8,6,80.0,140.0,70.0,80.0,60.0,190.0,355.0,110.0,0.6374311774353549,0.00047122276737354696,0.11207344383001328,0.010225300677120686,0.016979776322841644
1105,sample_001105,samples/sample_001105.npz,47,59,44,49,6,8,12,5,2,60.0,80.0,120.0,50.0,20.0,525.0,460.0,70.0,0.7663327427088444,7.798243314027786e-05,0.09069289267063141,0.004685831256210804,0.011521604843437672
1106,sample_001106,samples/sample_001106.npz,7,19,30,42,8,10,12,12,2,80.0,100.0,120.0,120.0,20.0,125.0,355.0,90.0,0.9232795753741618,0.0003952467814087868,0.15495982766151428,0.013048672117292881,0.024463746696710587
1107,sample_001107,samples/sample_001107.npz,58,62,40,46,8,11,4,6,3,80.0,110.0,40.0,60.0,30.0,595.0,425.0,95.0,0.3067102055265061,2.237868648080621e-05,0.015570210292935371,0.0009720726520754397,0.0021220268681645393
1108,sample_001108,samples/sample_001108.npz,31,46,19,34,2,8,15,15,6,20.0,80.0,150.0,150.0,60.0,380.0,260.0,50.0,0.8323534321220496,0.0013718128902837634,1.0526506900787354,0.06352325528860092,0.16161082684993744
1109,sample_001109,samples/sample_001109.npz,13,24,5,21,2,10,11,16,8,20.0,100.0,110.0,160.0,80.0,180.0,125.0,60.0,0.5450305461056952,0.0006075534038245678,0.7231913208961487,0.040829770267009735,0.10412727296352386
1110,sample_001110,samples/sample_001110.npz,33,49,10,24,4,6,16,14,2,40.0,60.0,160.0,140.0,20.0,405.0,165.0,50.0,0.2277145700151566,8.58146813698113e-05,0.09291842579841614,0.005687154829502106,0.014260666444897652
1111,sample_001111,samples/sample_001111.npz,35,42,17,28,4,9,7,11,5,40.0,90.0,70.0,110.0,50.0,380.0,220.0,65.0,0.7962406698939373,0.00042063058936037123,0.3500584065914154,0.016627077013254166,0.04184474050998688
1112,sample_001112,samples/sample_001112.npz,20,34,50,62,5,11,14,12,6,50.0,110.0,140.0,120.0,60.0,265.0,555.0,80.0,0.6848885966899563,0.0007627722807228565,0.46755993366241455,0.033756453543901443,0.0718502625823021
1113,sample_001113,samples/sample_001113.npz,17,33,13,22,5,8,16,9,3,50.0,80.0,160.0,90.0,30.0,245.0,170.0,65.0,0.4624974058324319,0.00023184921883512288,0.17133957147598267,0.010720047168433666,0.024586398154497147
1114,sample_001114,samples/sample_001114.npz,19,31,21,25,7,11,12,4,4,70.0,110.0,120.0,40.0,40.0,245.0,225.0,90.0,0.7565862211093524,0.0002726625243667513,0.10060319304466248,0.007365708705037832,0.014118429273366928
1115,sample_001115,samples/sample_001115.npz,45,60,36,45,4,10,15,9,6,40.0,100.0,150.0,90.0,60.0,520.0,400.0,70.0,0.30682055265483693,0.0002480431867297739,0.21108470857143402,0.0128145357593894,0.029841680079698563
1116,sample_001116,samples/sample_001116.npz,46,56,10,24,3,11,10,14,8,30.0,110.0,100.0,140.0,80.0,505.0,165.0,70.0,0.4996292785957206,0.0004944900283589959,0.5014126896858215,0.028788123279809952,0.06913318485021591
1117,sample_001117,samples/sample_001117.npz,32,47,16,32,5,11,15,16,6,50.0,110.0,150.0,160.0,60.0,390.0,235.0,80.0,0.909947791904614,0.0022604914847761393,0.7610824108123779,0.06818024069070816,0.12768076360225677
1118,sample_001118,samples/sample_001118.npz,8,12,12,17,2,4,4,5,2,20.0,40.0,40.0,50.0,20.0,95.0,140.0,30.0,0.6197238226849838,8.195322152459994e-06,0.12363598495721817,0.0014359105844050646,0.007601191755384207
1119,sample_001119,samples/sample_001119.npz,20,24,37,53,8,16,4,16,8,80.0,160.0,40.0,160.0,80.0,215.0,445.0,120.0,0.7262386462067849,0.0007431043195538223,0.15273022651672363,0.01701478473842144,0.025841010734438896
1120,sample_001120,samples/sample_001120.npz,23,32,7,23,7,10,9,16,3,70.0,100.0,90.0,160.0,30.0,270.0,145.0,85.0,0.6481865411088252,0.0004168858868069947,0.17105776071548462,0.014063961803913116,0.026943199336528778
1121,sample_001121,samples/sample_001121.npz,6,20,31,40,4,6,14,9,2,40.0,60.0,140.0,90.0,20.0,125.0,350.0,50.0,0.4480462186512453,9.601601050235331e-05,0.13814079761505127,0.006253709085285664,0.0176257137209177
1122,sample_001122,samples/sample_001122.npz,43,52,48,55,2,8,9,7,6,20.0,80.0,90.0,70.0,60.0,470.0,510.0,50.0,0.27628544154624335,6.438956188503653e-05,0.19556991755962372,0.005722443573176861,0.019232111051678658
1123,sample_001123,samples/sample_001123.npz,25,40,49,54,5,11,15,5,6,50.0,110.0,150.0,50.0,60.0,320.0,510.0,80.0,0.994794771979127,0.0006301107932813466,0.3492327332496643,0.022692987695336342,0.04867163673043251
1124,sample_001124,samples/sample_001124.npz,46,61,35,49,7,9,15,14,2,70.0,90.0,150.0,140.0,20.0,530.0,415.0,80.0,0.20350914942418755,9.134233550867066e-05,0.05088270083069801,0.004220162518322468,0.008421991020441055
1125,sample_001125,samples/sample_001125.npz,46,54,10,16,6,8,8,6,2,60.0,80.0,80.0,60.0,20.0,495.0,125.0,70.0,0.8475655819503722,6.653165473835543e-05,0.0900832861661911,0.004150228574872017,0.01056819036602974
1126,sample_001126,samples/sample_001126.npz,27,33,19,33,6,14,6,14,8,60.0,140.0,60.0,140.0,80.0,295.0,255.0,100.0,0.9668003948666155,0.0017357540782541037,0.3772635757923126,0.03234284371137619,0.05632903799414635
1127,sample_001127,samples/sample_001127.npz,11,23,24,33,8,10,12,9,2,80.0,100.0,120.0,90.0,20.0,165.0,280.0,90.0,0.21140936180915207,7.826554792700335e-05,0.028386469930410385,0.002284390153363347,0.004287452902644873
1128,sample_001128,samples/sample_001128.npz,1,5,31,37,4,7,4,6,3,40.0,70.0,40.0,60.0,30.0,25.0,335.0,55.0,0.48929153051595914,2.4363218471989967e-05,0.06764592230319977,0.0018041160656139255,0.006108217407017946
1129,sample_001129,samples/sample_001129.npz,1,5,17,26,4,6,4,9,2,40.0,60.0,40.0,90.0,20.0,25.0,210.0,50.0,0.24719696946282427,9.459757166041527e-06,0.033609796315431595,0.0009253979078494012,0.0032162428833544254
1130,sample_001130,samples/sample_001130.npz,6,14,46,52,5,11,8,6,6,50.0,110.0,80.0,60.0,60.0,95.0,485.0,80.0,0.3584859548537046,9.106285142479464e-05,0.09976298362016678,0.005030827131122351,0.012070444412529469
1131,sample_001131,samples/sample_001131.npz,27,34,23,30,8,14,7,7,6,80.0,140.0,70.0,70.0,60.0,300.0,260.0,110.0,0.8393725848951692,0.0007404324715025723,0.13077013194561005,0.011977365240454674,0.019572041928768158
1132,sample_001132,samples/sample_001132.npz,22,33,2,7,2,8,11,5,6,20.0,80.0,110.0,50.0,60.0,270.0,40.0,50.0,0.5698449944968722,0.00011802968219853938,0.349128395318985,0.009983866475522518,0.03446879982948303
1133,sample_001133,samples/sample_001133.npz,22,34,2,12,8,11,12,10,3,80.0,110.0,120.0,100.0,30.0,275.0,65.0,95.0,0.2123983821524451,9.860321006271988e-05,0.04330418258905411,0.003518804907798767,0.006818716414272785
1134,sample_001134,samples/sample_001134.npz,45,55,33,44,3,9,10,11,6,30.0,90.0,100.0,110.0,60.0,495.0,380.0,60.0,0.8065906451909559,0.0005160073633305728,0.6213961243629456,0.02873287722468376,0.0766640305519104
1135,sample_001135,samples/sample_001135.npz,34,49,4,12,3,9,15,8,6,30.0,90.0,150.0,80.0,60.0,410.0,75.0,60.0,0.6269422805190039,0.0003397070977371186,0.48248448967933655,0.023613572120666504,0.06308720260858536
1136,sample_001136,samples/sample_001136.npz,0,10,20,29,7,15,10,9,8,70.0,150.0,100.0,90.0,80.0,45.0,240.0,110.0,0.5228093344133256,0.00048623388283886015,0.19212114810943604,0.015993991866707802,0.03012925013899803
1137,sample_001137,samples/sample_001137.npz,52,61,31,45,8,12,9,14,4,80.0,120.0,90.0,140.0,40.0,560.0,375.0,100.0,0.8881739409267719,0.0005894932546652853,0.22952525317668915,0.02034260518848896,0.03758945316076279
1138,sample_001138,samples/sample_001138.npz,35,40,29,33,7,13,5,4,6,70.0,130.0,50.0,40.0,60.0,370.0,305.0,100.0,0.4504644176134637,0.0001506496628280729,0.037144385278224945,0.002696596086025238,0.0049364324659109116
1139,sample_001139,samples/sample_001139.npz,19,30,1,12,8,13,11,11,5,80.0,130.0,110.0,110.0,50.0,240.0,60.0,105.0,0.24043029353205345,0.00018856515816878527,0.07167677581310272,0.0063995434902608395,0.011767292395234108
1140,sample_001140,samples/sample_001140.npz,17,29,17,23,5,10,12,6,5,50.0,100.0,120.0,60.0,50.0,225.0,195.0,75.0,0.3179128424758164,0.00015506344789173454,0.10524517297744751,0.005998608656227589,0.013503126800060272
1141,sample_001141,samples/sample_001141.npz,40,48,22,35,4,11,8,13,7,40.0,110.0,80.0,130.0,70.0,435.0,280.0,75.0,0.36824883091582983,0.00042433541966602206,0.23653462529182434,0.014124924317002296,0.03142314404249191
1142,sample_001142,samples/sample_001142.npz,20,36,22,29,4,12,16,7,8,40.0,120.0,160.0,70.0,80.0,275.0,250.0,80.0,0.8096008189060118,0.0014513242058455944,0.5519630312919617,0.03801008686423302,0.07827342301607132
1143,sample_001143,samples/sample_001143.npz,39,55,35,48,2,5,16,13,3,20.0,50.0,160.0,130.0,30.0,465.0,410.0,35.0,0.8841829357903481,0.00032150172046385705,0.6685912013053894,0.03207337483763695,0.09782131016254425
1144,sample_001144,samples/sample_001144.npz,12,17,28,38,6,9,5,10,3,60.0,90.0,50.0,100.0,30.0,140.0,325.0,75.0,0.7756991871313912,0.0001628991012694314,0.11160024255514145,0.0060400948859751225,0.013913605362176895
1145,sample_001145,samples/sample_001145.npz,27,33,16,28,5,7,6,12,2,50.0,70.0,60.0,120.0,20.0,295.0,215.0,60.0,0.2686967530335264,5.539899575524032e-05,0.04665714502334595,0.00212917965836823,0.005530188791453838
1146,sample_001146,samples/sample_001146.npz,37,53,2,6,5,11,16,4,6,50.0,110.0,160.0,40.0,60.0,445.0,35.0,80.0,0.26078010011021846,8.252042607637122e-05,0.07734856754541397,0.004653287120163441,0.010899406857788563
1147,sample_001147,samples/sample_001147.npz,35,46,20,26,6,8,11,6,2,60.0,80.0,110.0,60.0,20.0,400.0,225.0,70.0,0.895052092807185,0.00016670308832544833,0.11830493807792664,0.006312916986644268,0.014776722528040409
1148,sample_001148,samples/sample_001148.npz,8,21,24,32,8,10,13,8,2,80.0,100.0,130.0,80.0,20.0,140.0,275.0,90.0,0.5261146172855683,0.00017072887567337602,0.06771258264780045,0.005413017235696316,0.010275870561599731
1149,sample_001149,samples/sample_001149.npz,3,13,15,23,4,7,10,8,3,40.0,70.0,100.0,80.0,30.0,75.0,185.0,55.0,0.7627736771071321,0.00011677264410536736,0.25481200218200684,0.009687358513474464,0.028784731402993202
1150,sample_001150,samples/sample_001150.npz,19,29,8,14,2,4,10,6,2,20.0,40.0,100.0,60.0,20.0,235.0,105.0,30.0,0.4891445889497118,2.5138875571428798e-05,0.1729748249053955,0.003433703677728772,0.015124524012207985
1151,sample_001151,samples/sample_001151.npz,46,62,43,56,5,7,16,13,2,50.0,70.0,160.0,130.0,20.0,535.0,490.0,60.0,0.6780857262925666,0.00018739576626103371,0.22795811295509338,0.014605585485696793,0.035334810614585876
1152,sample_001152,samples/sample_001152.npz,3,8,14,22,5,7,5,8,2,50.0,70.0,50.0,80.0,20.0,50.0,175.0,60.0,0.28669141655273456,1.4519327123707626e-05,0.03317796811461449,0.0011697047157213092,0.0035062888637185097
1153,sample_001153,samples/sample_001153.npz,53,58,0,12,3,8,5,12,5,30.0,80.0,50.0,120.0,50.0,550.0,55.0,55.0,0.28074577142687923,4.011308556073345e-05,0.12519674003124237,0.004253525286912918,0.01366410031914711
1154,sample_001154,samples/sample_001154.npz,9,15,27,43,8,12,6,16,4,80.0,120.0,60.0,160.0,40.0,115.0,345.0,100.0,0.827512676286603,0.000515107880346477,0.1630081683397293,0.015068690292537212,0.02649247832596302
1155,sample_001155,samples/sample_001155.npz,31,42,37,42,3,6,11,5,3,30.0,60.0,110.0,50.0,30.0,360.0,390.0,45.0,0.6789925626763642,0.00012170252011856064,0.21459783613681793,0.006420035380870104,0.021341554820537567
1156,sample_001156,samples/sample_001156.npz,44,54,27,36,5,7,10,9,2,50.0,70.0,100.0,90.0,20.0,485.0,310.0,60.0,0.6170650250091461,0.00012949459778610617,0.13059186935424805,0.006025509908795357,0.01580847054719925
1157,sample_001157,samples/sample_001157.npz,24,39,17,31,5,13,15,14,8,50.0,130.0,150.0,140.0,80.0,310.0,235.0,90.0,0.6147012642060259,0.0024592264089733362,0.5668749213218689,0.052605681121349335,0.09336839616298676
1158,sample_001158,samples/sample_001158.npz,1,11,30,43,5,12,10,13,7,50.0,120.0,100.0,130.0,70.0,55.0,360.0,85.0,0.5849420594561844,0.0005904182326048613,0.3684394955635071,0.025131674483418465,0.054359521716833115
1159,sample_001159,samples/sample_001159.npz,36,48,28,44,4,8,12,16,4,40.0,80.0,120.0,160.0,40.0,415.0,355.0,60.0,0.595504506339436,0.0006209242856130004,0.39006930589675903,0.02512623555958271,0.05819983407855034
1160,sample_001160,samples/sample_001160.npz,32,48,39,50,2,5,16,11,3,20.0,50.0,160.0,110.0,30.0,395.0,440.0,35.0,0.8541320564204697,0.0002951175265479833,0.6091148853302002,0.026335246860980988,0.08334770053625107
1161,sample_001161,samples/sample_001161.npz,31,39,36,48,6,8,8,12,2,60.0,80.0,80.0,120.0,20.0,345.0,415.0,70.0,0.4847631593367047,0.00015038150013424456,0.08578187227249146,0.004985868465155363,0.011308219283819199
1162,sample_001162,samples/sample_001162.npz,33,38,33,42,8,16,5,9,8,80.0,160.0,50.0,90.0,80.0,350.0,370.0,120.0,0.6336386193946055,0.0006932698888704181,0.10602432489395142,0.010767809115350246,0.01643858477473259
1163,sample_001163,samples/sample_001163.npz,9,17,53,59,2,8,8,6,6,20.0,80.0,80.0,60.0,60.0,125.0,555.0,50.0,0.5503414751041179,7.979691872606054e-05,0.3364992141723633,0.008460160344839096,0.030245712026953697
1164,sample_001164,samples/sample_001164.npz,35,50,36,49,3,5,15,13,2,30.0,50.0,150.0,130.0,20.0,420.0,420.0,40.0,0.232765891577019,6.712893809890375e-05,0.10572770982980728,0.005230317823588848,0.015111871995031834
1165,sample_001165,samples/sample_001165.npz,42,55,14,20,6,9,13,6,3,60.0,90.0,130.0,60.0,30.0,480.0,165.0,75.0,0.476909687024412,0.00011299063044134527,0.09545237571001053,0.005699934437870979,0.012869630940258503
1166,sample_001166,samples/sample_001166.npz,47,59,33,40,2,8,12,7,6,20.0,80.0,120.0,70.0,60.0,525.0,360.0,50.0,0.38360509830650635,0.0001496221375418827,0.30819791555404663,0.01064408291131258,0.033701907843351364
1167,sample_001167,samples/sample_001167.npz,42,53,34,41,8,14,11,7,6,80.0,140.0,110.0,70.0,60.0,470.0,370.0,110.0,0.26081610658987864,0.00023195508401840925,0.059605106711387634,0.005672486033290625,0.009410683996975422
1168,sample_001168,samples/sample_001168.npz,3,8,14,30,4,9,5,16,5,40.0,90.0,50.0,160.0,50.0,50.0,215.0,65.0,0.9862333626386643,0.00029522948898375034,0.39178523421287537,0.01986328698694706,0.05157928168773651
1169,sample_001169,samples/sample_001169.npz,26,40,34,38,2,4,14,4,2,20.0,40.0,140.0,40.0,20.0,325.0,355.0,30.0,0.5897940749946498,6.110616232035682e-05,0.17234474420547485,0.003935035318136215,0.016139792278409004
1170,sample_001170,samples/sample_001170.npz,27,35,45,55,4,7,8,10,3,40.0,70.0,80.0,100.0,30.0,305.0,495.0,55.0,0.635429319369879,0.00015567899390589446,0.21227137744426727,0.008368427865207195,0.023905396461486816
1171,sample_001171,samples/sample_001171.npz,16,27,21,31,4,9,11,10,5,40.0,90.0,110.0,100.0,50.0,210.0,255.0,65.0,0.9687857967079556,0.0007199390674941242,0.5492506623268127,0.028861647471785545,0.07028549909591675
1172,sample_001172,samples/sample_001172.npz,50,55,21,36,5,11,5,15,6,50.0,110.0,50.0,150.0,60.0,520.0,280.0,80.0,0.8464158226706415,0.00048395429621450603,0.29714280366897583,0.019188400357961655,0.04145022854208946
1173,sample_001173,samples/sample_001173.npz,46,60,31,47,5,7,14,16,2,50.0,70.0,140.0,160.0,20.0,525.0,385.0,60.0,0.46356059047616816,0.00018275405454915017,0.1621774137020111,0.01102844811975956,0.02557707391679287
1174,sample_001174,samples/sample_001174.npz,47,55,35,39,4,12,8,4,8,40.0,120.0,80.0,40.0,80.0,505.0,365.0,80.0,0.9621406435572288,0.0003158803447149694,0.2712639272212982,0.012509630993008614,0.029917621985077858
1175,sample_001175,samples/sample_001175.npz,9,18,34,48,8,12,9,14,4,80.0,120.0,90.0,140.0,40.0,130.0,405.0,100.0,0.6618747347135214,0.0004912754520773888,0.17104415595531464,0.01583760604262352,0.027858160436153412
1176,sample_001176,samples/sample_001176.npz,46,53,22,32,4,8,7,10,4,40.0,80.0,70.0,100.0,40.0,490.0,265.0,60.0,0.9755425182290087,0.0002789365535136312,0.3565393090248108,0.014787694439291954,0.04041643440723419
1177,sample_001177,samples/sample_001177.npz,30,43,31,36,4,9,13,5,5,40.0,90.0,130.0,50.0,50.0,360.0,330.0,65.0,0.6719733474225761,0.0004164392303209752,0.24410368502140045,0.01192953996360302,0.02952313981950283
1178,sample_001178,samples/sample_001178.npz,25,29,23,37,4,9,4,14,5,40.0,90.0,40.0,140.0,50.0,265.0,295.0,65.0,0.4141917283869903,0.00021344942797441036,0.1286708116531372,0.006332202814519405,0.015574805438518524
1179,sample_001179,samples/sample_001179.npz,50,61,3,16,5,10,11,13,5,50.0,100.0,110.0,130.0,50.0,550.0,90.0,75.0,0.6267701082199086,0.00031536308233626187,0.3442746698856354,0.021286094561219215,0.050544388592243195
1180,sample_001180,samples/sample_001180.npz,32,37,43,56,4,8,5,13,4,40.0,80.0,50.0,130.0,40.0,340.0,490.0,60.0,0.6631244276287456,0.00018834637012332678,0.2105354517698288,0.00933071319013834,0.02494310960173607
1181,sample_001181,samples/sample_001181.npz,20,34,22,31,8,15,14,9,7,80.0,150.0,140.0,90.0,70.0,265.0,260.0,115.0,0.7764182781657958,0.0019252971978858113,0.2920561134815216,0.032657645642757416,0.049029428511857986
1182,sample_001182,samples/sample_001182.npz,36,45,0,12,3,7,9,12,4,30.0,70.0,90.0,120.0,40.0,400.0,55.0,50.0,0.21684495095133613,5.689831232302822e-05,0.128957599401474,0.004992248956114054,0.015391270630061626
1183,sample_001183,samples/sample_001183.npz,20,29,51,58,7,12,9,7,5,70.0,120.0,90.0,70.0,50.0,240.0,540.0,95.0,0.7365854931974825,0.0002979281998705119,0.15229158103466034,0.010942965745925903,0.02180270105600357
1184,sample_001184,samples/sample_001184.npz,42,56,8,20,4,10,14,12,6,40.0,100.0,140.0,120.0,60.0,485.0,135.0,70.0,0.368412055297134,0.0003212577721569687,0.296731561422348,0.019030045717954636,0.043690260499715805
1185,sample_001185,samples/sample_001185.npz,16,20,37,50,7,14,4,13,7,70.0,140.0,40.0,130.0,70.0,175.0,430.0,105.0,0.4020213715389532,0.00024006806779652834,0.07994211465120316,0.006959506776183844,0.012161060236394405
1186,sample_001186,samples/sample_001186.npz,0,11,37,45,8,16,11,8,8,80.0,160.0,110.0,80.0,80.0,50.0,405.0,120.0,0.25471129210570603,0.0002473419299349189,0.07782737165689468,0.007379737216979265,0.012909017503261566
1187,sample_001187,samples/sample_001187.npz,29,40,15,23,8,12,11,8,4,80.0,120.0,110.0,80.0,40.0,340.0,185.0,100.0,0.759484142638541,0.0005535297677852213,0.14930978417396545,0.013107695616781712,0.022845452651381493
1188,sample_001188,samples/sample_001188.npz,20,32,8,20,4,6,12,12,2,40.0,60.0,120.0,120.0,20.0,255.0,135.0,50.0,0.24791101979596475,5.885693462914787e-05,0.08407505601644516,0.003964589908719063,0.010989147238433361
1189,sample_001189,samples/sample_001189.npz,26,38,24,33,8,12,12,9,4,80.0,120.0,120.0,90.0,40.0,315.0,280.0,100.0,0.6812890830245755,0.0009202453074976802,0.15796256065368652,0.014682651497423649,0.024680284783244133
1190,sample_001190,samples/sample_001190.npz,4,13,36,47,4,8,9,11,4,40.0,80.0,90.0,110.0,40.0,80.0,410.0,60.0,0.9575963180103242,0.000289630435872823,0.4396774470806122,0.019887762144207954,0.05420488119125366
1191,sample_001191,samples/sample_001191.npz,23,36,29,42,8,10,13,13,2,80.0,100.0,130.0,130.0,20.0,290.0,350.0,90.0,0.5938906723349175,0.0005270002293400466,0.11102163046598434,0.01026636641472578,0.017967818304896355
1192,sample_001192,samples/sample_001192.npz,19,27,48,59,5,10,8,11,5,50.0,100.0,80.0,110.0,50.0,225.0,530.0,75.0,0.7601703174453676,0.0003410677018109709,0.30110421776771545,0.016901306807994843,0.03945154324173927
1193,sample_001193,samples/sample_001193.npz,25,31,45,57,5,9,6,12,4,50.0,90.0,60.0,120.0,40.0,275.0,505.0,70.0,0.8593844248684741,0.0002878922678064555,0.24740445613861084,0.01292509213089943,0.031085969880223274
1194,sample_001194,samples/sample_001194.npz,37,42,28,38,6,12,5,10,6,60.0,120.0,50.0,100.0,60.0,390.0,325.0,90.0,0.6647741419866607,0.00047073455061763525,0.14937974512577057,0.01018573623150587,0.0199449323117733
1195,sample_001195,samples/sample_001195.npz,38,43,11,27,7,14,5,16,7,70.0,140.0,50.0,160.0,70.0,400.0,185.0,105.0,0.6184755561510176,0.0006384538137353957,0.17352963984012604,0.016608772799372673,0.027867313474416733
1196,sample_001196,samples/sample_001196.npz,0,6,57,62,5,8,6,5,3,50.0,80.0,60.0,50.0,30.0,25.0,590.0,65.0,0.980695025937316,4.2297218897147104e-05,0.12219394743442535,0.004004256334155798,0.012838381342589855
1197,sample_001197,samples/sample_001197.npz,0,6,5,14,3,10,6,9,7,30.0,100.0,60.0,90.0,70.0,25.0,90.0,65.0,0.5181688150307577,0.00010450054833199829,0.2721481919288635,0.009265540167689323,0.028875598683953285
1198,sample_001198,samples/sample_001198.npz,4,11,21,28,3,5,7,7,2,30.0,50.0,70.0,70.0,20.0,70.0,240.0,40.0,0.5075273159334351,2.5789269784581847e-05,0.12204519659280777,0.002784191397950053,0.010818488895893097
1199,sample_001199,samples/sample_001199.npz,55,60,24,39,8,12,5,15,4,80.0,120.0,50.0,150.0,40.0,570.0,310.0,100.0,0.6103609735322733,0.0002613226242829114,0.09699470549821854,0.008274662308394909,0.015557117760181427
1200,sample_001200,samples/sample_001200.npz,41,50,52,63,8,16,9,11,8,80.0,160.0,90.0,110.0,80.0,450.0,570.0,120.0,0.7246360225970292,0.0007386247161775827,0.24485622346401215,0.02365587279200554,0.04123872518539429
1201,sample_001201,samples/sample_001201.npz,23,29,8,15,7,9,6,7,2,70.0,90.0,60.0,70.0,20.0,255.0,110.0,80.0,0.5614256146216123,5.652967593050562e-05,0.0426020622253418,0.002370602684095502,0.0053576030768454075
1202,sample_001202,samples/sample_001202.npz,2,18,7,14,3,10,16,7,7,30.0,100.0,160.0,70.0,70.0,95.0,100.0,65.0,0.49966818365790816,0.00025419582379981875,0.38627249002456665,0.019685637205839157,0.051664430648088455
1203,sample_001203,samples/sample_001203.npz,12,24,9,15,4,11,12,6,7,40.0,110.0,120.0,60.0,70.0,175.0,115.0,75.0,0.953981536092257,0.0004522202943917364,0.4680979251861572,0.02432284690439701,0.05842462182044983
1204,sample_001204,samples/sample_001204.npz,28,44,22,38,7,14,16,16,7,70.0,140.0,160.0,160.0,70.0,355.0,295.0,105.0,0.4160806105074901,0.002264660317450762,0.304888516664505,0.03660254552960396,0.05514344945549965
1205,sample_001205,samples/sample_001205.npz,45,52,26,36,6,10,7,10,4,60.0,100.0,70.0,100.0,40.0,480.0,305.0,80.0,0.7266306192838623,0.00031399549334309995,0.17147237062454224,0.01044582948088646,0.022579099982976913
1206,sample_001206,samples/sample_001206.npz,17,32,5,12,7,12,15,7,5,70.0,120.0,150.0,70.0,50.0,240.0,80.0,95.0,0.42946140181149794,0.0002815625339280814,0.12779241800308228,0.010527127422392368,0.020167574286460876
1207,sample_001207,samples/sample_001207.npz,8,16,26,37,3,5,8,11,2,30.0,50.0,80.0,110.0,20.0,115.0,310.0,40.0,0.49501434110512976,6.13045776844956e-05,0.16216708719730377,0.0049667940475046635,0.01721111685037613
1208,sample_001208,samples/sample_001208.npz,21,25,49,58,2,7,4,9,5,20.0,70.0,40.0,90.0,50.0,225.0,530.0,45.0,0.5995633993917864,6.643826054641977e-05,0.2657093405723572,0.0060142530128359795,0.022458722814917564
1209,sample_001209,samples/sample_001209.npz,1,9,3,11,7,15,8,8,8,70.0,150.0,80.0,80.0,80.0,45.0,65.0,110.0,0.8104344513706321,0.0003666025004349649,0.22455163300037384,0.016157858073711395,0.034149810671806335
1210,sample_001210,samples/sample_001210.npz,22,32,33,46,6,10,10,13,4,60.0,100.0,100.0,130.0,40.0,265.0,390.0,80.0,0.2130233630225188,0.00020850238797720522,0.07935038954019547,0.005790236406028271,0.011589507572352886
1211,sample_001211,samples/sample_001211.npz,47,55,28,42,7,14,8,14,7,70.0,140.0,80.0,140.0,70.0,505.0,345.0,105.0,0.6746328657233311,0.0009260235237888992,0.2675524055957794,0.02487526275217533,0.04288331791758537
1212,sample_001212,samples/sample_001212.npz,13,20,48,61,4,11,7,13,7,40.0,110.0,70.0,130.0,70.0,160.0,540.0,75.0,0.8363016978126423,0.0004525969852693379,0.48219943046569824,0.0263814814388752,0.06355024129152298
1213,sample_001213,samples/sample_001213.npz,27,42,4,9,7,11,15,5,4,70.0,110.0,150.0,50.0,40.0,340.0,60.0,90.0,0.9336676202528704,0.00034713270724751055,0.17541277408599854,0.01310267299413681,0.02665102109313011
1214,sample_001214,samples/sample_001214.npz,11,22,24,34,5,9,11,10,4,50.0,90.0,110.0,100.0,40.0,160.0,285.0,70.0,0.41754134206190346,0.0002460166288074106,0.16849662363529205,0.009723692201077938,0.022431103512644768
1215,sample_001215,samples/sample_001215.npz,11,26,11,19,7,14,15,8,7,70.0,140.0,150.0,80.0,70.0,180.0,145.0,105.0,0.7451931667527913,0.0008978908881545067,0.30860477685928345,0.02916860207915306,0.05045722424983978
1216,sample_001216,samples/sample_001216.npz,9,19,42,56,5,12,10,14,7,50.0,120.0,100.0,140.0,70.0,135.0,485.0,85.0,0.43599260230693937,0.00044557059300132096,0.2873433530330658,0.020857706665992737,0.0431206189095974
1217,sample_001217,samples/sample_001217.npz,39,53,46,54,2,10,14,8,8,20.0,100.0,140.0,80.0,80.0,455.0,495.0,60.0,0.9779767234476793,0.0007010166882537305,1.036628246307373,0.04685072973370552,0.12832167744636536
1218,sample_001218,samples/sample_001218.npz,18,24,17,21,5,11,6,4,6,50.0,110.0,60.0,40.0,60.0,205.0,185.0,80.0,0.9209185697560722,0.00017459446098655462,0.14148099720478058,0.006823866628110409,0.015835534781217575
1219,sample_001219,samples/sample_001219.npz,28,32,46,56,2,4,4,10,2,20.0,40.0,40.0,100.0,20.0,295.0,505.0,30.0,0.4636230033591686,1.9595005142036825e-05,0.12596577405929565,0.0021812026388943195,0.009989896789193153
1220,sample_001220,samples/sample_001220.npz,36,47,1,10,8,15,11,9,7,80.0,150.0,110.0,90.0,70.0,410.0,50.0,115.0,0.4069915521112515,0.0003698348009493202,0.12740136682987213,0.011811544187366962,0.021111296489834785
1221,sample_001221,samples/sample_001221.npz,10,20,51,62,2,10,10,11,8,20.0,100.0,100.0,110.0,80.0,145.0,560.0,60.0,0.9255095404300016,0.0005086028249934316,1.0059453248977661,0.04189129173755646,0.12184612452983856
1222,sample_001222,samples/sample_001222.npz,8,21,19,29,7,12,13,10,5,70.0,120.0,130.0,100.0,50.0,140.0,235.0,95.0,0.9969540529036276,0.0009614392183721066,0.36603862047195435,0.03144562244415283,0.057541538029909134
1223,sample_001223,samples/sample_001223.npz,1,6,18,31,4,6,5,13,2,40.0,60.0,50.0,130.0,20.0,30.0,240.0,50.0,0.4823658754321316,3.600948548410088e-05,0.09357026219367981,0.003283624304458499,0.010513135232031345
1224,sample_001224,samples/sample_001224.npz,41,52,42,54,3,7,11,12,4,30.0,70.0,110.0,120.0,40.0,460.0,475.0,50.0,0.328312171508481,0.00012128408707212657,0.217508003115654,0.009585997089743614,0.027520673349499702
1225,sample_001225,samples/sample_001225.npz,27,42,25,39,5,8,15,14,3,50.0,80.0,150.0,140.0,30.0,340.0,315.0,65.0,0.6775445378646527,0.0009342756820842624,0.321111261844635,0.023309579119086266,0.04992986470460892
1226,sample_001226,samples/sample_001226.npz,48,55,36,43,2,6,7,7,4,20.0,60.0,70.0,70.0,40.0,510.0,390.0,40.0,0.7948378076451434,9.399360715178773e-05,0.4046410918235779,0.008880947716534138,0.034846432507038116
1227,sample_001227,samples/sample_001227.npz,49,61,24,32,6,8,12,8,2,60.0,80.0,120.0,80.0,20.0,545.0,275.0,70.0,0.7007247162786108,0.00013778182619716972,0.12399762123823166,0.006860638968646526,0.0164490994066
1228,sample_001228,samples/sample_001228.npz,5,20,49,63,2,5,15,14,3,20.0,50.0,150.0,140.0,30.0,120.0,555.0,35.0,0.903204605951285,0.0002005590795306489,0.6879178881645203,0.031880151480436325,0.10113297402858734
1229,sample_001229,samples/sample_001229.npz,7,15,12,17,7,10,8,5,3,70.0,100.0,80.0,50.0,30.0,105.0,140.0,85.0,0.8277377919485389,9.432395017938688e-05,0.0812876895070076,0.0047720568254590034,0.01064466591924429
1230,sample_001230,samples/sample_001230.npz,48,59,38,54,2,6,11,16,4,20.0,60.0,110.0,160.0,40.0,530.0,455.0,40.0,0.40969010431751807,0.0001411114353686571,0.36005350947380066,0.016214169561862946,0.049808479845523834
1231,sample_001231,samples/sample_001231.npz,34,44,35,50,4,12,10,15,8,40.0,120.0,100.0,150.0,80.0,385.0,420.0,80.0,0.8198056394882947,0.0015798126114532351,0.7115563750267029,0.05109415948390961,0.10466372221708298
1232,sample_001232,samples/sample_001232.npz,7,21,22,35,4,12,14,13,8,40.0,120.0,140.0,130.0,80.0,135.0,280.0,80.0,0.4445968833381964,0.0008978759869933128,0.43957313895225525,0.03294241800904274,0.0676887035369873
1233,sample_001233,samples/sample_001233.npz,36,40,50,56,5,12,4,6,7,50.0,120.0,40.0,60.0,70.0,375.0,525.0,85.0,0.43480319544738777,9.10646776901558e-05,0.07182630896568298,0.003610747866332531,0.008263234980404377
1234,sample_001234,samples/sample_001234.npz,11,25,29,34,3,10,14,5,7,30.0,100.0,140.0,50.0,70.0,175.0,310.0,65.0,0.4448174720934245,0.0003054965054616332,0.2498050183057785,0.011752916499972343,0.029964707791805267
1235,sample_001235,samples/sample_001235.npz,42,50,39,48,3,7,8,9,4,30.0,70.0,80.0,90.0,40.0,455.0,430.0,50.0,0.6239792028579987,0.00014380767242982984,0.30092909932136536,0.010032443329691887,0.03141595423221588
1236,sample_001236,samples/sample_001236.npz,4,12,38,42,2,9,8,4,7,20.0,90.0,80.0,40.0,70.0,75.0,395.0,55.0,0.7068575365565823,0.00011266236833762378,0.33977261185646057,0.00845258217304945,0.028874287381768227
1237,sample_001237,samples/sample_001237.npz,16,27,6,17,2,9,11,11,7,20.0,90.0,110.0,110.0,70.0,210.0,110.0,55.0,0.3901425993354023,0.00024695158936083317,0.4171413779258728,0.017873961478471756,0.05147464573383331
1238,sample_001238,samples/sample_001238.npz,41,55,24,28,6,12,14,4,6,60.0,120.0,140.0,40.0,60.0,475.0,255.0,90.0,0.685139360638578,0.0003572448913473636,0.1567516028881073,0.011452988721430302,0.02238444611430168
1239,sample_001239,samples/sample_001239.npz,18,33,37,44,2,7,15,7,5,20.0,70.0,150.0,70.0,50.0,250.0,400.0,45.0,0.8094271106263442,0.00042131851660087705,0.6330002546310425,0.024300551041960716,0.07495627552270889
1240,sample_001240,samples/sample_001240.npz,14,19,22,37,2,5,5,15,3,20.0,50.0,50.0,150.0,30.0,160.0,290.0,35.0,0.9377918415871322,0.00014445654232986271,0.42662790417671204,0.01230965182185173,0.045083820819854736
1241,sample_001241,samples/sample_001241.npz,40,56,19,30,4,7,16,11,3,40.0,70.0,160.0,110.0,30.0,475.0,240.0,55.0,0.4079963285953134,0.0002006415743380785,0.20515283942222595,0.011828327551484108,0.029599295929074287
1242,sample_001242,samples/sample_001242.npz,32,46,56,64,2,4,14,8,2,20.0,40.0,140.0,80.0,20.0,385.0,595.0,30.0,0.7586811893974497,6.037474304321222e-05,0.3374312222003937,0.009666508994996548,0.03802759200334549
1243,sample_001243,samples/sample_001243.npz,8,19,20,33,3,10,11,13,7,30.0,100.0,110.0,130.0,70.0,130.0,260.0,65.0,0.851795508789825,0.000902980100363493,0.8137916922569275,0.04527948051691055,0.11103736609220505
1244,sample_001244,samples/sample_001244.npz,1,15,22,31,2,7,14,9,5,20.0,70.0,140.0,90.0,50.0,75.0,260.0,45.0,0.8442902557570473,0.00033098767744377255,0.7505351901054382,0.029269566759467125,0.09254087507724762
1245,sample_001245,samples/sample_001245.npz,9,18,3,10,4,10,9,7,6,40.0,100.0,90.0,70.0,60.0,130.0,60.0,70.0,0.6793088270636738,0.00017555136582814157,0.29112792015075684,0.012566032819449902,0.03407701849937439
1246,sample_001246,samples/sample_001246.npz,11,16,30,45,8,11,5,15,3,80.0,110.0,50.0,150.0,30.0,130.0,370.0,95.0,0.9719255607247133,0.0003338063834235072,0.12436822056770325,0.010607556439936161,0.0194252897053957
1247,sample_001247,samples/sample_001247.npz,60,64,40,53,2,8,4,13,6,20.0,80.0,40.0,130.0,60.0,615.0,460.0,50.0,0.751988093839445,0.00011166618787683547,0.4141850471496582,0.012014225125312805,0.04202476888895035
1248,sample_001248,samples/sample_001248.npz,8,17,49,58,3,5,9,9,2,30.0,50.0,90.0,90.0,20.0,120.0,530.0,40.0,0.6939185608495235,4.789698505192064e-05,0.2201460897922516,0.006266171578317881,0.022691069170832634
1249,sample_001249,samples/sample_001249.npz,19,25,4,17,2,5,6,13,3,20.0,50.0,60.0,130.0,30.0,215.0,100.0,35.0,0.35630760465129896,3.924552584066987e-05,0.179378941655159,0.004783269949257374,0.01824871450662613
1250,sample_001250,samples/sample_001250.npz,0,7,56,64,6,14,7,8,8,60.0,140.0,70.0,80.0,80.0,30.0,595.0,100.0,0.3076766505183174,0.00010058917541755363,0.09109023213386536,0.005272493697702885,0.012747549451887608
1251,sample_001251,samples/sample_001251.npz,51,55,29,35,2,10,4,6,8,20.0,100.0,40.0,60.0,80.0,525.0,315.0,60.0,0.8218388988623817,0.00016056033200584352,0.34873467683792114,0.00845951959490776,0.027699187397956848
1252,sample_001252,samples/sample_001252.npz,27,32,47,51,8,12,5,4,4,80.0,120.0,50.0,40.0,40.0,290.0,485.0,100.0,0.9010676083442339,0.00012991810217499733,0.04727824777364731,0.00348525564186275,0.006523351650685072
1253,sample_001253,samples/sample_001253.npz,15,28,44,57,3,11,13,13,8,30.0,110.0,130.0,130.0,80.0,210.0,500.0,70.0,0.26500290511241276,0.0003603416553232819,0.29627424478530884,0.018627990037202835,0.043091561645269394
1254,sample_001254,samples/sample_001254.npz,25,39,41,52,2,5,14,11,3,20.0,50.0,140.0,110.0,30.0,315.0,460.0,35.0,0.9596980998889577,0.0003372824576217681,0.6633273363113403,0.025892989709973335,0.0853206142783165
1255,sample_001255,samples/sample_001255.npz,23,30,0,4,6,9,7,4,3,60.0,90.0,70.0,40.0,30.0,260.0,15.0,75.0,0.3095861792176189,2.2101414288044907e-05,0.027752839028835297,0.0012059391010552645,0.003226910252124071
1256,sample_001256,samples/sample_001256.npz,30,38,42,50,6,14,8,8,8,60.0,140.0,80.0,80.0,80.0,335.0,455.0,100.0,0.9496156216654212,0.0009812902426347136,0.3158731460571289,0.023802416399121284,0.04395012557506561
1257,sample_001257,samples/sample_001257.npz,57,63,35,50,6,12,6,15,6,60.0,120.0,60.0,150.0,60.0,595.0,420.0,90.0,0.25020002397375846,0.00013156286149751395,0.08655473589897156,0.006062604021281004,0.013007951900362968
1258,sample_001258,samples/sample_001258.npz,44,48,59,63,2,6,4,4,4,20.0,60.0,40.0,40.0,40.0,455.0,605.0,40.0,0.7340250323437651,1.857517781900242e-05,0.18468661606311798,0.0025417939759790897,0.01178535632789135
1259,sample_001259,samples/sample_001259.npz,18,34,35,45,6,9,16,10,3,60.0,90.0,160.0,100.0,30.0,255.0,395.0,75.0,0.6849528789520143,0.0005566598265431821,0.23140884935855865,0.017379581928253174,0.03517291322350502
1260,sample_001260,samples/sample_001260.npz,18,29,19,29,3,10,11,10,7,30.0,100.0,110.0,100.0,70.0,230.0,235.0,65.0,0.9555250332273502,0.0009952896507456899,0.7961375713348389,0.03990006446838379,0.09960774332284927
1261,sample_001261,samples/sample_001261.npz,31,43,55,60,3,8,12,5,5,30.0,80.0,120.0,50.0,50.0,365.0,570.0,55.0,0.6504004638375909,0.0001418057654518634,0.29004183411598206,0.010329162701964378,0.031557388603687286
1262,sample_001262,samples/sample_001262.npz,5,9,11,20,7,14,4,9,7,70.0,140.0,40.0,90.0,70.0,65.0,150.0,105.0,0.7082653189429484,0.00019132043235003948,0.10666186362504959,0.007761241402477026,0.015486598946154118
1263,sample_001263,samples/sample_001263.npz,41,56,46,51,2,9,15,5,7,20.0,90.0,150.0,50.0,70.0,480.0,480.0,55.0,0.25125305344997345,9.459823922952637e-05,0.18289890885353088,0.007149703335016966,0.021020790562033653
1264,sample_001264,samples/sample_001264.npz,46,59,24,37,2,7,13,13,5,20.0,70.0,130.0,130.0,50.0,520.0,300.0,45.0,0.9609909458477375,0.0006199318449944258,0.9802156686782837,0.04546811059117317,0.13354696333408356
1265,sample_001265,samples/sample_001265.npz,6,18,48,62,6,12,12,14,6,60.0,120.0,120.0,140.0,60.0,115.0,545.0,90.0,0.675492016167424,0.0006149256369099021,0.3933728337287903,0.03107287548482418,0.0635463297367096
1266,sample_001266,samples/sample_001266.npz,0,15,26,39,8,15,15,13,7,80.0,150.0,150.0,130.0,70.0,70.0,320.0,115.0,0.9537401659586227,0.002207915997132659,0.5066528916358948,0.0561336912214756,0.09198824316263199
1267,sample_001267,samples/sample_001267.npz,50,54,37,45,4,6,4,8,2,40.0,60.0,40.0,80.0,20.0,515.0,405.0,50.0,0.5885451783344846,2.6900681405095384e-05,0.07507707923650742,0.002078654943034053,0.006895917933434248
1268,sample_001268,samples/sample_001268.npz,47,56,41,57,2,5,9,16,3,20.0,50.0,90.0,160.0,30.0,510.0,485.0,35.0,0.7345162838611721,0.00013318179117050022,0.48076704144477844,0.01815468817949295,0.06130191683769226
1269,sample_001269,samples/sample_001269.npz,30,38,18,27,3,8,8,9,5,30.0,80.0,80.0,90.0,50.0,335.0,220.0,55.0,0.9241041693105354,0.0004432699643075466,0.5059019923210144,0.018567461520433426,0.0540677048265934
1270,sample_001270,samples/sample_001270.npz,3,19,53,64,5,12,16,11,7,50.0,120.0,160.0,110.0,70.0,105.0,580.0,85.0,0.9848047621935203,0.000929179775994271,0.7446133494377136,0.054176103323698044,0.11969469487667084
1271,sample_001271,samples/sample_001271.npz,4,13,33,44,5,12,9,11,7,50.0,120.0,90.0,110.0,70.0,80.0,380.0,85.0,0.649520816632839,0.0005156752886250615,0.3391369581222534,0.021785123273730278,0.047261301428079605
1272,sample_001272,samples/sample_001272.npz,30,36,6,22,8,13,6,16,5,80.0,130.0,60.0,160.0,50.0,325.0,135.0,105.0,0.8468713689705487,0.00077904446516186,0.19535113871097565,0.019167961552739143,0.032211482524871826
1273,sample_001273,samples/sample_001273.npz,22,35,16,32,5,13,13,16,8,50.0,130.0,130.0,160.0,80.0,280.0,235.0,90.0,0.7300658708674284,0.0026420599315315485,0.6659762859344482,0.06180889904499054,0.10980531573295593
1274,sample_001274,samples/sample_001274.npz,34,47,6,16,6,10,13,10,4,60.0,100.0,130.0,100.0,40.0,400.0,105.0,80.0,0.8829992340011892,0.0005128454067744315,0.3289138376712799,0.0229018647223711,0.048437368124723434
1275,sample_001275,samples/sample_001275.npz,15,20,17,22,5,13,5,5,8,50.0,130.0,50.0,50.0,80.0,170.0,190.0,90.0,0.4604994629600138,0.00012461605365388095,0.08334001153707504,0.004570989869534969,0.009856968186795712
1276,sample_001276,samples/sample_001276.npz,28,43,44,53,8,13,15,9,5,80.0,130.0,150.0,90.0,50.0,350.0,480.0,105.0,0.2745770880509734,0.0003490418312139809,0.08693769574165344,0.008820921182632446,0.014559061266481876
1277,sample_001277,samples/sample_001277.npz,45,56,45,51,3,8,11,6,5,30.0,80.0,110.0,60.0,50.0,500.0,475.0,55.0,0.5536263974231161,0.000125726597616449,0.2757507264614105,0.009863019920885563,0.02965506725013256
1278,sample_001278,samples/sample_001278.npz,0,9,48,62,2,9,9,14,7,20.0,90.0,90.0,140.0,70.0,40.0,545.0,55.0,0.6587004867570838,0.0002703007194213569,0.7014981508255005,0.029036449268460274,0.08937295526266098
1279,sample_001279,samples/sample_001279.npz,16,22,36,48,8,16,6,12,8,80.0,160.0,60.0,120.0,80.0,185.0,415.0,120.0,0.46205608399769577,0.0005297241150401533,0.11653951555490494,0.012201798148453236,0.018932489678263664
1280,sample_001280,samples/sample_001280.npz,42,49,48,63,2,4,7,15,2,20.0,40.0,70.0,150.0,20.0,450.0,550.0,30.0,0.3010852700118881,2.2247157176025212e-05,0.1260421872138977,0.003648711135610938,0.014164713211357594
1281,sample_001281,samples/sample_001281.npz,36,52,40,45,7,14,16,5,7,70.0,140.0,160.0,50.0,70.0,435.0,420.0,105.0,0.8335916254924312,0.0008374822791665792,0.23388613760471344,0.02236570604145527,0.03757205605506897
1282,sample_001282,samples/sample_001282.npz,31,42,26,38,8,15,11,12,7,80.0,150.0,110.0,120.0,70.0,360.0,315.0,115.0,0.41018145960687724,0.001295272959396243,0.16270199418067932,0.0181491170078516,0.027166670188307762
1283,sample_001283,samples/sample_001283.npz,4,13,36,50,3,5,9,14,2,30.0,50.0,90.0,140.0,20.0,80.0,425.0,40.0,0.26757828359102964,3.339404065627605e-05,0.10119055956602097,0.0037774585653096437,0.012357744388282299
1284,sample_001284,samples/sample_001284.npz,41,47,1,5,8,13,6,4,5,80.0,130.0,60.0,40.0,50.0,435.0,25.0,105.0,0.28393662075004666,3.618642222136259e-05,0.020494922995567322,0.0014168169582262635,0.002940709702670574
1285,sample_001285,samples/sample_001285.npz,10,16,7,19,7,10,6,12,3,70.0,100.0,60.0,120.0,30.0,125.0,125.0,85.0,0.855004962164692,0.00017823168309405446,0.13458462059497833,0.008894937112927437,0.01902828924357891
1286,sample_001286,samples/sample_001286.npz,38,54,50,63,6,10,16,13,4,60.0,100.0,160.0,130.0,40.0,455.0,560.0,80.0,0.5106620231992565,0.00037937669549137354,0.2560191750526428,0.020311366766691208,0.04234398528933525
1287,sample_001287,samples/sample_001287.npz,20,33,0,8,3,8,13,8,5,30.0,80.0,130.0,80.0,50.0,260.0,35.0,55.0,0.3492969940920885,0.00012122558109695092,0.22939437627792358,0.009376171045005322,0.027882516384124756
1288,sample_001288,samples/sample_001288.npz,48,56,23,34,4,11,8,11,7,40.0,110.0,80.0,110.0,70.0,515.0,280.0,75.0,0.7742865252739344,0.0005784048116765916,0.4524998962879181,0.024471860378980637,0.05749095231294632
1289,sample_001289,samples/sample_001289.npz,0,6,29,45,4,10,6,16,6,40.0,100.0,60.0,160.0,60.0,25.0,365.0,70.0,0.5221148072507413,0.0002489620528649539,0.2710225582122803,0.014474647119641304,0.036798059940338135
1290,sample_001290,samples/sample_001290.npz,11,25,7,23,3,9,14,16,6,30.0,90.0,140.0,160.0,60.0,175.0,145.0,60.0,0.9134232924204544,0.0010179522214457393,0.991661548614502,0.0656193271279335,0.15515664219856262
1291,sample_001291,samples/sample_001291.npz,20,28,52,61,7,9,8,9,2,70.0,90.0,80.0,90.0,20.0,235.0,560.0,80.0,0.8661313767453829,0.00012669357238337398,0.10275635123252869,0.006064132321625948,0.0137976398691535
1292,sample_001292,samples/sample_001292.npz,32,42,42,50,3,8,10,8,5,30.0,80.0,100.0,80.0,50.0,365.0,455.0,55.0,0.36884055932415355,0.00015501286543440074,0.21483881771564484,0.008170093409717083,0.023634547367691994
1293,sample_001293,samples/sample_001293.npz,22,29,32,48,8,10,7,16,2,80.0,100.0,70.0,160.0,20.0,250.0,395.0,90.0,0.6211252117349182,0.00027575797867029905,0.08083479851484299,0.007058983203023672,0.012696671299636364
1294,sample_001294,samples/sample_001294.npz,25,30,37,48,6,8,5,11,2,60.0,80.0,50.0,110.0,20.0,270.0,420.0,70.0,0.6879416270086703,0.00011473785707494244,0.07704409956932068,0.0040490697138011456,0.009529550559818745
1295,sample_001295,samples/sample_001295.npz,11,25,9,16,8,10,14,7,2,80.0,100.0,140.0,70.0,20.0,175.0,120.0,90.0,0.4103499463324826,9.189463162329048e-05,0.04930168762803078,0.0038725598715245724,0.007570447865873575
1296,sample_001296,samples/sample_001296.npz,37,52,42,53,5,9,15,11,4,50.0,90.0,150.0,110.0,40.0,440.0,470.0,70.0,0.5020108393606142,0.0003459343279246241,0.25584766268730164,0.017327068373560905,0.03817933797836304
1297,sample_001297,samples/sample_001297.npz,1,7,2,8,6,12,6,6,6,60.0,120.0,60.0,60.0,60.0,35.0,45.0,90.0,0.8033527745731348,0.00011816022015409544,0.1410064399242401,0.007112490013241768,0.018106235191226006
1298,sample_001298,samples/sample_001298.npz,17,24,9,23,5,7,7,14,2,50.0,70.0,70.0,140.0,20.0,200.0,155.0,60.0,0.5616568437639351,9.993451385525987e-05,0.11814339458942413,0.0059360321611166,0.015187479555606842
1299,sample_001299,samples/sample_001299.npz,6,16,37,51,6,13,10,14,7,60.0,130.0,100.0,140.0,70.0,105.0,435.0,95.0,0.6089397744442256,0.0007225480512715876,0.3402897119522095,0.02817051112651825,0.05362241715192795
1300,sample_001300,samples/sample_001300.npz,49,61,41,50,6,8,12,9,2,60.0,80.0,120.0,90.0,20.0,545.0,450.0,70.0,0.33508848922161405,5.959115151199512e-05,0.06458970904350281,0.003647024044767022,0.008780771866440773
1301,sample_001301,samples/sample_001301.npz,47,56,49,59,2,4,9,10,2,20.0,40.0,90.0,100.0,20.0,510.0,535.0,30.0,0.2981511771577857,1.696788240224123e-05,0.1271248161792755,0.0030939753632992506,0.01286448072642088
1302,sample_001302,samples/sample_001302.npz,57,64,19,33,6,12,7,14,6,60.0,120.0,70.0,140.0,60.0,600.0,255.0,90.0,0.6615312603637062,0.0004092196759302169,0.251384973526001,0.017418265342712402,0.03754350543022156
1303,sample_001303,samples/sample_001303.npz,54,64,25,39,2,6,10,14,4,20.0,60.0,100.0,140.0,40.0,585.0,315.0,40.0,0.24714768030361425,7.785957132000476e-05,0.20187908411026,0.007630737964063883,0.02534380741417408
1304,sample_001304,samples/sample_001304.npz,7,17,37,47,4,11,10,10,7,40.0,110.0,100.0,100.0,70.0,115.0,415.0,75.0,0.599895844010451,0.0004362333274912089,0.38704991340637207,0.02139369584619999,0.05018894746899605
1305,sample_001305,samples/sample_001305.npz,53,64,49,56,6,8,11,7,2,60.0,80.0,110.0,70.0,20.0,580.0,520.0,70.0,0.31755336540982965,3.1262807169696316e-05,0.04754839092493057,0.0023356573656201363,0.006134149618446827
1306,sample_001306,samples/sample_001306.npz,40,52,9,15,6,13,12,6,7,60.0,130.0,120.0,60.0,70.0,455.0,115.0,95.0,0.2614122745460889,0.0001557491923449561,0.08609062433242798,0.006239426787942648,0.012381116859614849
1307,sample_001307,samples/sample_001307.npz,13,26,25,38,6,11,13,13,5,60.0,110.0,130.0,130.0,50.0,190.0,310.0,85.0,0.6303540115716266,0.0010229945182800293,0.32709309458732605,0.027251766994595528,0.0513896644115448
1308,sample_001308,samples/sample_001308.npz,7,14,8,13,6,9,7,5,3,60.0,90.0,70.0,50.0,30.0,100.0,100.0,75.0,0.9007003806131082,7.121176895452663e-05,0.09853963553905487,0.004608255811035633,0.011712695471942425
1309,sample_001309,samples/sample_001309.npz,3,7,29,41,7,13,4,12,6,70.0,130.0,40.0,120.0,60.0,45.0,345.0,100.0,0.41048046719671893,0.00015263550449162722,0.07078533619642258,0.005246409215033054,0.010485011152923107
1310,sample_001310,samples/sample_001310.npz,18,30,20,24,4,9,12,4,5,40.0,90.0,120.0,40.0,50.0,235.0,215.0,65.0,0.6706430096576979,0.0002076331729767844,0.1939973682165146,0.008713018149137497,0.02225232869386673
1311,sample_001311,samples/sample_001311.npz,50,64,22,26,8,16,14,4,8,80.0,160.0,140.0,40.0,80.0,565.0,235.0,120.0,0.30246148588384303,0.00019989156862720847,0.05808271840214729,0.005688654258847237,0.009690526872873306
1312,sample_001312,samples/sample_001312.npz,47,57,12,17,6,11,10,5,5,60.0,110.0,100.0,50.0,50.0,515.0,140.0,85.0,0.5271679026013276,0.000128442989080213,0.1065429076552391,0.00636853463947773,0.014089264906942844
1313,sample_001313,samples/sample_001313.npz,12,28,10,26,2,7,16,16,5,20.0,70.0,160.0,160.0,50.0,195.0,175.0,45.0,0.4402404723707831,0.0004055376921314746,0.5169020891189575,0.03181080147624016,0.08312500268220901
1314,sample_001314,samples/sample_001314.npz,51,57,7,22,6,13,6,15,7,60.0,130.0,60.0,150.0,70.0,535.0,140.0,95.0,0.35801059796093526,0.00023278380103874952,0.13534508645534515,0.010375508107244968,0.020698146894574165
1315,sample_001315,samples/sample_001315.npz,8,20,39,52,2,6,12,13,4,20.0,60.0,120.0,130.0,40.0,135.0,450.0,40.0,0.8880159607593092,0.0003022862074431032,0.7620528340339661,0.0314832478761673,0.09929443895816803
1316,sample_001316,samples/sample_001316.npz,19,26,20,36,3,8,7,16,5,30.0,80.0,70.0,160.0,50.0,220.0,275.0,55.0,0.3722992931810762,0.00026293244445696473,0.23935699462890625,0.011621009558439255,0.030738722532987595
1317,sample_001317,samples/sample_001317.npz,37,48,38,48,2,5,11,10,3,20.0,50.0,110.0,100.0,30.0,420.0,425.0,35.0,0.4322292264542206,9.040944860316813e-05,0.26822832226753235,0.008331580087542534,0.029895268380641937
1318,sample_001318,samples/sample_001318.npz,9,16,27,32,2,7,7,5,5,20.0,70.0,70.0,50.0,50.0,120.0,290.0,45.0,0.46949284722945345,6.280514207901433e-05,0.21459755301475525,0.004625044763088226,0.01750357076525688
1319,sample_001319,samples/sample_001319.npz,26,31,32,42,2,5,5,10,3,20.0,50.0,50.0,100.0,30.0,280.0,365.0,35.0,0.5215547749087284,7.453727448591962e-05,0.21419766545295715,0.004602691624313593,0.018653247505426407
1320,sample_001320,samples/sample_001320.npz,27,32,41,49,7,15,5,8,8,70.0,150.0,50.0,80.0,80.0,290.0,445.0,110.0,0.38840310190443256,0.00027950326330028474,0.07015173137187958,0.005934807471930981,0.010128634981811047
1321,sample_001321,samples/sample_001321.npz,10,17,0,8,2,10,7,8,8,20.0,100.0,70.0,80.0,80.0,130.0,35.0,60.0,0.5034565660142294,0.0001241950667463243,0.37689337134361267,0.011230516247451305,0.03705209493637085
1322,sample_001322,samples/sample_001322.npz,58,63,35,44,8,16,5,9,8,80.0,160.0,50.0,90.0,80.0,600.0,390.0,120.0,0.8399101767129051,0.0004046026442665607,0.14053894579410553,0.012140573002398014,0.02225196547806263
1323,sample_001323,samples/sample_001323.npz,5,16,33,38,8,14,11,5,6,80.0,140.0,110.0,50.0,60.0,100.0,350.0,110.0,0.3843844683825989,0.00021178355382289737,0.06429220736026764,0.005760181229561567,0.010057161562144756
1324,sample_001324,samples/sample_001324.npz,29,41,25,40,4,12,12,15,8,40.0,120.0,120.0,150.0,80.0,345.0,320.0,80.0,0.4074939994047232,0.0014962173299863935,0.3983421325683594,0.0308529082685709,0.060929570347070694
1325,sample_001325,samples/sample_001325.npz,10,16,33,43,2,8,6,10,6,20.0,80.0,60.0,100.0,60.0,125.0,375.0,50.0,0.8621886664054039,0.00024587108055129647,0.58620285987854,0.017223045229911804,0.05697930231690407
1326,sample_001326,samples/sample_001326.npz,31,44,7,23,6,11,13,16,5,60.0,110.0,130.0,160.0,50.0,370.0,145.0,85.0,0.4554222820066926,0.0006878764252178371,0.2677477300167084,0.023764751851558685,0.04445914179086685
1327,sample_001327,samples/sample_001327.npz,31,44,14,18,5,11,13,4,6,50.0,110.0,130.0,40.0,60.0,370.0,155.0,80.0,0.5204634407440656,0.00022693994105793536,0.13862042129039764,0.008337430655956268,0.01812979206442833
1328,sample_001328,samples/sample_001328.npz,8,23,17,27,2,9,15,10,7,20.0,90.0,150.0,100.0,70.0,150.0,215.0,55.0,0.47171799217113525,0.0004232073260936886,0.5460894703865051,0.027127038687467575,0.07326489686965942
1329,sample_001329,samples/sample_001329.npz,19,24,1,14,8,14,5,13,6,80.0,140.0,50.0,130.0,60.0,210.0,70.0,110.0,0.8465635474298212,0.0004310680669732392,0.16055645048618317,0.014359400607645512,0.025943206623196602
1330,sample_001330,samples/sample_001330.npz,31,46,39,50,5,13,15,11,8,50.0,130.0,150.0,110.0,80.0,380.0,440.0,90.0,0.5633577989689523,0.0012719598598778248,0.44239571690559387,0.0374138280749321,0.06947986781597137
1331,sample_001331,samples/sample_001331.npz,38,43,9,20,2,4,5,11,2,20.0,40.0,50.0,110.0,20.0,400.0,140.0,30.0,0.26013968113074326,1.3493509868567344e-05,0.08325900137424469,0.00168382388073951,0.00735798804089427
1332,sample_001332,samples/sample_001332.npz,3,12,43,52,5,9,9,9,4,50.0,90.0,90.0,90.0,40.0,70.0,470.0,70.0,0.5929367703249266,0.00014460113015957177,0.19378851354122162,0.009549721144139767,0.024408647790551186
1333,sample_001333,samples/sample_001333.npz,8,18,17,27,5,9,10,10,4,50.0,90.0,100.0,100.0,40.0,125.0,215.0,70.0,0.9214339800289597,0.0003694216429721564,0.35063719749450684,0.019146353006362915,0.045634299516677856
1334,sample_001334,samples/sample_001334.npz,13,26,38,48,8,11,13,10,3,80.0,110.0,130.0,100.0,30.0,190.0,425.0,95.0,0.627471727405419,0.00038898951606824994,0.1351194828748703,0.012032744474709034,0.021443277597427368
1335,sample_001335,samples/sample_001335.npz,43,59,3,13,4,9,16,10,5,40.0,90.0,160.0,100.0,50.0,505.0,75.0,65.0,0.2309272225645736,0.00012127320223953575,0.15776412189006805,0.00925842858850956,0.023000255227088928
1336,sample_001336,samples/sample_001336.npz,26,36,43,54,6,12,10,11,6,60.0,120.0,100.0,110.0,60.0,305.0,480.0,90.0,0.9843196215582943,0.0011249944800511003,0.4270467460155487,0.032372113317251205,0.06256453692913055
1337,sample_001337,samples/sample_001337.npz,25,37,8,15,6,12,12,7,6,60.0,120.0,120.0,70.0,60.0,305.0,110.0,90.0,0.9383274991178632,0.0007125025149434805,0.32351064682006836,0.023109475150704384,0.046301763504743576
1338,sample_001338,samples/sample_001338.npz,38,48,17,26,4,11,10,9,7,40.0,110.0,100.0,90.0,70.0,425.0,210.0,75.0,0.5144046326837697,0.0004326842026785016,0.30804702639579773,0.016984589397907257,0.03900022432208061
1339,sample_001339,samples/sample_001339.npz,43,55,10,19,7,14,12,9,7,70.0,140.0,120.0,90.0,70.0,485.0,140.0,105.0,0.38932680121783786,0.0003801044949796051,0.15284766256809235,0.013494668528437614,0.02426384761929512
1340,sample_001340,samples/sample_001340.npz,1,6,33,46,3,11,5,13,8,30.0,110.0,50.0,130.0,80.0,30.0,390.0,70.0,0.2421275018784825,0.00010037704487331212,0.1395127922296524,0.006114523857831955,0.01668057218194008
1341,sample_001341,samples/sample_001341.npz,52,62,11,20,2,9,10,9,7,20.0,90.0,100.0,90.0,70.0,565.0,150.0,55.0,0.7859260862052977,0.0002832341706380248,0.7280421853065491,0.025896549224853516,0.08124960213899612
1342,sample_001342,samples/sample_001342.npz,9,22,49,59,5,13,13,10,8,50.0,130.0,130.0,100.0,80.0,150.0,535.0,90.0,0.5036836646796765,0.0005254804855212569,0.3403873145580292,0.024635188281536102,0.05103626102209091
1343,sample_001343,samples/sample_001343.npz,56,64,22,26,7,14,8,4,7,70.0,140.0,80.0,40.0,70.0,595.0,235.0,105.0,0.2594868324618016,6.895732803968713e-05,0.03552984818816185,0.0024776626378297806,0.005048725288361311
1344,sample_001344,samples/sample_001344.npz,26,36,16,31,8,10,10,15,2,80.0,100.0,100.0,150.0,20.0,305.0,230.0,90.0,0.2034287925013641,0.00014101671695243567,0.034448590129613876,0.003104810370132327,0.005506149027496576
1345,sample_001345,samples/sample_001345.npz,37,44,15,30,8,11,7,15,3,80.0,110.0,70.0,150.0,30.0,400.0,220.0,95.0,0.38966518972439623,0.0002294840378453955,0.06793138384819031,0.006110046058893204,0.01073503214865923
1346,sample_001346,samples/sample_001346.npz,1,12,29,40,3,10,11,11,7,30.0,100.0,110.0,110.0,70.0,60.0,340.0,65.0,0.5016012829542356,0.000384639686672017,0.4398282766342163,0.021665237843990326,0.05708269029855728
1347,sample_001347,samples/sample_001347.npz,50,62,4,20,2,10,12,16,8,20.0,100.0,120.0,160.0,80.0,555.0,115.0,60.0,0.7915303411234,0.0007201593252830207,1.0995038747787476,0.06191764026880264,0.16318517923355103
1348,sample_001348,samples/sample_001348.npz,8,13,19,28,6,8,5,9,2,60.0,80.0,50.0,90.0,20.0,100.0,230.0,70.0,0.8368163770125749,7.248287874972448e-05,0.08191126585006714,0.003877325914800167,0.009741251356899738
1349,sample_001349,samples/sample_001349.npz,0,16,32,41,6,10,16,9,4,60.0,100.0,160.0,90.0,40.0,75.0,360.0,80.0,0.33498850909873656,0.0002166272170143202,0.12922005355358124,0.009387988597154617,0.01990336738526821
1350,sample_001350,samples/sample_001350.npz,45,60,28,41,3,9,15,13,6,30.0,90.0,150.0,130.0,60.0,520.0,340.0,60.0,0.3649500848897196,0.0004237209213897586,0.3718707263469696,0.022804521024227142,0.055566705763339996
1351,sample_001351,samples/sample_001351.npz,31,44,7,13,3,6,13,6,3,30.0,60.0,130.0,60.0,30.0,370.0,95.0,45.0,0.24902003146230653,3.840199497062713e-05,0.0969981849193573,0.003247513435781002,0.010575208812952042
1352,sample_001352,samples/sample_001352.npz,19,32,29,45,2,8,13,16,6,20.0,80.0,130.0,160.0,60.0,250.0,365.0,50.0,0.4128682793221546,0.0006384379812516272,0.5058189034461975,0.02913983166217804,0.07539737224578857
1353,sample_001353,samples/sample_001353.npz,23,27,26,30,2,6,4,4,4,20.0,60.0,40.0,40.0,40.0,245.0,275.0,40.0,0.8441281918683257,5.37003725185059e-05,0.21238945424556732,0.0031376138795167208,0.01352127268910408
1354,sample_001354,samples/sample_001354.npz,13,23,34,38,6,10,10,4,4,60.0,100.0,100.0,40.0,40.0,175.0,355.0,80.0,0.7825409542317874,0.0001946456468431279,0.11225677281618118,0.006472415756434202,0.014132811687886715
1355,sample_001355,samples/sample_001355.npz,50,63,29,36,7,14,13,7,7,70.0,140.0,130.0,70.0,70.0,560.0,320.0,105.0,0.5333154788258758,0.0005269182147458196,0.1780467927455902,0.015210370533168316,0.028089197352528572
1356,sample_001356,samples/sample_001356.npz,20,31,32,38,3,10,11,6,7,30.0,100.0,110.0,60.0,70.0,250.0,345.0,65.0,0.8032892919658001,0.0006254320032894611,0.47149473428726196,0.020244592800736427,0.05271076038479805
1357,sample_001357,samples/sample_001357.npz,20,28,2,11,5,12,8,9,7,50.0,120.0,80.0,90.0,70.0,235.0,60.0,85.0,0.749176624670036,0.00039389324956573546,0.3109584450721741,0.017899202182888985,0.04078447446227074
1358,sample_001358,samples/sample_001358.npz,16,23,15,19,4,7,7,4,3,40.0,70.0,70.0,40.0,30.0,190.0,165.0,55.0,0.9483456350215203,6.605708767892793e-05,0.14569500088691711,0.004371917340904474,0.013606301508843899
1359,sample_001359,samples/sample_001359.npz,8,12,3,13,2,9,4,10,7,20.0,90.0,40.0,100.0,70.0,95.0,75.0,55.0,0.4856738121297176,7.014667789917439e-05,0.25926387310028076,0.007042556535452604,0.024001311510801315
1360,sample_001360,samples/sample_001360.npz,26,36,46,58,8,10,10,12,2,80.0,100.0,100.0,120.0,20.0,305.0,515.0,90.0,0.8400562540389496,0.0003110389516223222,0.12302986532449722,0.009849713183939457,0.01886906288564205
1361,sample_001361,samples/sample_001361.npz,24,30,11,17,6,8,6,6,2,60.0,80.0,60.0,60.0,20.0,265.0,135.0,70.0,0.9182959113554345,7.714827370364219e-05,0.07742706686258316,0.0034710459876805544,0.008706359192728996
1362,sample_001362,samples/sample_001362.npz,32,45,16,26,2,9,13,10,7,20.0,90.0,130.0,100.0,70.0,380.0,205.0,55.0,0.4727209998691504,0.00047848219401203096,0.5196471810340881,0.02390819415450096,0.06568881869316101
1363,sample_001363,samples/sample_001363.npz,32,43,30,43,3,8,11,13,5,30.0,80.0,110.0,130.0,50.0,370.0,360.0,55.0,0.2518800107685798,0.0002562275331001729,0.1988842785358429,0.010070168413221836,0.026299094781279564
1364,sample_001364,samples/sample_001364.npz,6,18,52,61,6,14,12,9,8,60.0,140.0,120.0,90.0,80.0,115.0,560.0,100.0,0.675379950395088,0.0005596794071607292,0.33645644783973694,0.025430215522646904,0.05176498368382454
1365,sample_001365,samples/sample_001365.npz,46,61,23,28,6,12,15,5,6,60.0,120.0,150.0,50.0,60.0,530.0,250.0,90.0,0.46025572957074945,0.0002680005272850394,0.1342865377664566,0.009971140883862972,0.019946523010730743
1366,sample_001366,samples/sample_001366.npz,19,29,43,58,6,8,10,15,2,60.0,80.0,100.0,150.0,20.0,235.0,500.0,70.0,0.843059398102584,0.00027218012837693095,0.19834940135478973,0.013164504431188107,0.02918282151222229
1367,sample_001367,samples/sample_001367.npz,0,15,14,19,5,9,15,5,4,50.0,90.0,150.0,50.0,40.0,70.0,160.0,70.0,0.8347975749852863,0.0001891610590973869,0.22791551053524017,0.012378428131341934,0.030685314908623695
1368,sample_001368,samples/sample_001368.npz,4,13,5,9,4,10,9,4,6,40.0,100.0,90.0,40.0,60.0,80.0,65.0,70.0,0.6797060756129902,9.059564035851508e-05,0.18246182799339294,0.007042773067951202,0.019992947578430176
1369,sample_001369,samples/sample_001369.npz,22,31,42,52,2,9,9,10,7,20.0,90.0,90.0,100.0,70.0,260.0,465.0,55.0,0.6868769485313029,0.00043401552829891443,0.636288046836853,0.02391054295003414,0.07070636004209518
1370,sample_001370,samples/sample_001370.npz,12,21,1,14,8,13,9,13,5,80.0,130.0,90.0,130.0,50.0,160.0,70.0,105.0,0.7990136475009837,0.0005223169573582709,0.22924913465976715,0.020341292023658752,0.03789158910512924
1371,sample_001371,samples/sample_001371.npz,43,48,9,25,3,11,5,16,8,30.0,110.0,50.0,160.0,80.0,450.0,165.0,70.0,0.35397883954280884,0.000232429476454854,0.22208251059055328,0.011855901218950748,0.02864133194088936
1372,sample_001372,samples/sample_001372.npz,47,55,41,56,4,12,8,15,8,40.0,120.0,80.0,150.0,80.0,505.0,480.0,80.0,0.30623222951721935,0.00028482748894020915,0.22589227557182312,0.01456667110323906,0.032148607075214386
1373,sample_001373,samples/sample_001373.npz,40,44,39,51,7,9,4,12,2,70.0,90.0,40.0,120.0,20.0,415.0,445.0,80.0,0.6326872030360078,8.275420987047255e-05,0.04976806044578552,0.0031249106395989656,0.006650457624346018
1374,sample_001374,samples/sample_001374.npz,54,59,41,45,8,15,5,4,7,80.0,150.0,50.0,40.0,70.0,560.0,425.0,115.0,0.9066882739798563,0.00016987814160529524,0.06712958216667175,0.005461524240672588,0.009995865635573864
1375,sample_001375,samples/sample_001375.npz,48,63,24,37,4,8,15,13,4,40.0,80.0,150.0,130.0,40.0,550.0,300.0,60.0,0.6083805004652745,0.00043660085066221654,0.40330952405929565,0.024881891906261444,0.060770850628614426
1376,sample_001376,samples/sample_001376.npz,26,32,20,35,2,6,6,15,4,20.0,60.0,60.0,150.0,40.0,285.0,270.0,40.0,0.7970152233866241,0.0003247846325393766,0.49850478768348694,0.016673855483531952,0.05542461574077606
1377,sample_001377,samples/sample_001377.npz,14,27,20,24,2,10,13,4,8,20.0,100.0,130.0,40.0,80.0,200.0,215.0,60.0,0.283418367949016,0.0001265439495909959,0.17547312378883362,0.006442038342356682,0.018425434827804565
1378,sample_001378,samples/sample_001378.npz,45,57,29,39,4,10,12,10,6,40.0,100.0,120.0,100.0,60.0,505.0,335.0,70.0,0.4076404272234811,0.00035821215715259314,0.2706584930419922,0.015341721475124359,0.036159075796604156
1379,sample_001379,samples/sample_001379.npz,38,43,23,38,4,10,5,15,6,40.0,100.0,50.0,150.0,60.0,400.0,300.0,70.0,0.8581727775428851,0.0006847181357443333,0.368107408285141,0.020748980343341827,0.047836996614933014
1380,sample_001380,samples/sample_001380.npz,50,57,54,60,2,4,7,6,2,20.0,40.0,70.0,60.0,20.0,530.0,565.0,30.0,0.3319360194185899,7.787424692651257e-06,0.10199036449193954,0.0015882704174146056,0.007760732900351286
1381,sample_001381,samples/sample_001381.npz,44,53,52,57,4,6,9,5,2,40.0,60.0,90.0,50.0,20.0,480.0,540.0,50.0,0.8425210138603108,4.21586591983214e-05,0.13716310262680054,0.004097905941307545,0.013552391901612282
1382,sample_001382,samples/sample_001382.npz,37,44,3,12,6,14,7,9,8,60.0,140.0,70.0,90.0,80.0,400.0,70.0,100.0,0.9997482347938649,0.0006253144238144159,0.3246278166770935,0.02291185036301613,0.046019598841667175
1383,sample_001383,samples/sample_001383.npz,16,31,50,59,8,11,15,9,3,80.0,110.0,150.0,90.0,30.0,230.0,540.0,95.0,0.6898976310115725,0.0003523084451444447,0.14945736527442932,0.013115032576024532,0.024419458582997322
1384,sample_001384,samples/sample_001384.npz,7,15,48,62,5,12,8,14,7,50.0,120.0,80.0,140.0,70.0,105.0,545.0,85.0,0.4369567137661692,0.00028514311998151243,0.24276790022850037,0.01588987000286579,0.03537551686167717
1385,sample_001385,samples/sample_001385.npz,28,36,32,39,6,8,8,7,2,60.0,80.0,80.0,70.0,20.0,315.0,350.0,70.0,0.3575351821737218,8.91969830263406e-05,0.04298927262425423,0.002161663258448243,0.0051194303669035435
1386,sample_001386,samples/sample_001386.npz,24,31,45,61,6,9,7,16,3,60.0,90.0,70.0,160.0,30.0,270.0,525.0,75.0,0.5805872333560745,0.00022621246171183884,0.14751853048801422,0.009888180531561375,0.021570876240730286
1387,sample_001387,samples/sample_001387.npz,16,30,39,53,8,14,14,14,6,80.0,140.0,140.0,140.0,60.0,225.0,455.0,110.0,0.4453664145646705,0.0009686175617389381,0.2160881608724594,0.024601507931947708,0.03823372721672058
1388,sample_001388,samples/sample_001388.npz,35,49,23,37,6,14,14,14,8,60.0,140.0,140.0,140.0,80.0,415.0,295.0,100.0,0.20654294979418744,0.000757613976020366,0.15820816159248352,0.015990637242794037,0.026497500017285347
1389,sample_001389,samples/sample_001389.npz,4,19,6,14,3,8,15,8,5,30.0,80.0,150.0,80.0,50.0,110.0,95.0,55.0,0.32849805326602954,0.00011119581176899374,0.22777843475341797,0.010334059596061707,0.02933003194630146
1390,sample_001390,samples/sample_001390.npz,53,63,45,50,8,12,10,5,4,80.0,120.0,100.0,50.0,40.0,575.0,470.0,100.0,0.8757673276409093,0.00017906984430737793,0.10427737236022949,0.007651090621948242,0.015553842298686504
1391,sample_001391,samples/sample_001391.npz,45,54,47,63,2,5,9,16,3,20.0,50.0,90.0,160.0,30.0,490.0,545.0,35.0,0.21031674693989777,3.4399217838654295e-05,0.13765980303287506,0.005132321268320084,0.017567181959748268
1392,sample_001392,samples/sample_001392.npz,50,56,30,40,6,11,6,10,5,60.0,110.0,60.0,100.0,50.0,525.0,345.0,85.0,0.8411101785711417,0.00033809911110438406,0.2012215405702591,0.012481529265642166,0.026718443259596825
1393,sample_001393,samples/sample_001393.npz,18,23,0,8,2,5,5,8,3,20.0,50.0,50.0,80.0,30.0,200.0,35.0,35.0,0.42111145411690565,1.900216557260137e-05,0.15896882116794586,0.002812753664329648,0.012648671865463257
1394,sample_001394,samples/sample_001394.npz,36,50,16,27,6,11,14,11,5,60.0,110.0,140.0,110.0,50.0,425.0,210.0,85.0,0.4025566718108203,0.00046993870637379587,0.19560052454471588,0.015763504430651665,0.030222639441490173
1395,sample_001395,samples/sample_001395.npz,47,62,39,46,4,11,15,7,7,40.0,110.0,150.0,70.0,70.0,540.0,420.0,75.0,0.7108693575668568,0.0005006561405025423,0.4396427869796753,0.026107776910066605,0.06070518493652344
1396,sample_001396,samples/sample_001396.npz,38,52,7,20,2,8,14,13,6,20.0,80.0,140.0,130.0,60.0,445.0,130.0,50.0,0.48516517323512903,0.00036016650847159326,0.5686072111129761,0.02916846238076687,0.08049332350492477
1397,sample_001397,samples/sample_001397.npz,29,36,31,47,7,11,7,16,4,70.0,110.0,70.0,160.0,40.0,320.0,385.0,90.0,0.832887418213963,0.0009227696573361754,0.22073926031589508,0.019033681601285934,0.03429084271192551
1398,sample_001398,samples/sample_001398.npz,4,18,47,62,2,8,14,15,6,20.0,80.0,140.0,150.0,60.0,105.0,540.0,50.0,0.5233352758392753,0.00033136230194941163,0.646619975566864,0.03498232364654541,0.0971648320555687
1399,sample_001399,samples/sample_001399.npz,34,43,31,41,5,12,9,10,7,50.0,120.0,90.0,100.0,70.0,380.0,355.0,85.0,0.47684315636930474,0.0006346346926875412,0.23381029069423676,0.015543901361525059,0.03152421861886978
1400,sample_001400,samples/sample_001400.npz,42,53,33,44,3,5,11,11,2,30.0,50.0,110.0,110.0,20.0,470.0,380.0,40.0,0.5542336932022041,9.463186142966151e-05,0.21126554906368256,0.007705845404416323,0.025019360706210136
1401,sample_001401,samples/sample_001401.npz,37,43,35,40,5,13,6,5,8,50.0,130.0,60.0,50.0,80.0,395.0,370.0,90.0,0.3337109292565371,0.0001612384367035702,0.07127144932746887,0.0040810140781104565,0.008479819633066654
1402,sample_001402,samples/sample_001402.npz,49,54,5,16,3,5,5,11,2,30.0,50.0,50.0,110.0,20.0,510.0,100.0,40.0,0.48970935366292534,2.2945139789953828e-05,0.11624967306852341,0.0030026615131646395,0.011214140802621841
1403,sample_001403,samples/sample_001403.npz,30,41,52,64,7,11,11,12,4,70.0,110.0,110.0,120.0,40.0,350.0,575.0,90.0,0.511446919630558,0.00032427776022814214,0.16362814605236053,0.01247541606426239,0.025406643748283386
1404,sample_001404,samples/sample_001404.npz,37,51,3,8,3,11,14,5,8,30.0,110.0,140.0,50.0,80.0,435.0,50.0,70.0,0.6897609318178135,0.0002969002816826105,0.4110413193702698,0.019080819562077522,0.05048396438360214
1405,sample_001405,samples/sample_001405.npz,46,62,16,30,8,11,16,14,3,80.0,110.0,160.0,140.0,30.0,535.0,225.0,95.0,0.3694448871728024,0.0003161757776979357,0.11699261516332626,0.011620961129665375,0.020671313628554344
1406,sample_001406,samples/sample_001406.npz,40,54,33,45,4,7,14,12,3,40.0,70.0,140.0,120.0,30.0,465.0,385.0,55.0,0.8992274964328211,0.00044053595047444105,0.45088323950767517,0.024969924241304398,0.06324046105146408
1407,sample_001407,samples/sample_001407.npz,0,10,25,34,7,10,10,9,3,70.0,100.0,100.0,90.0,30.0,45.0,290.0,85.0,0.6360018219449997,0.00019259149848949164,0.12367342412471771,0.007994216866791248,0.01763087883591652
1408,sample_001408,samples/sample_001408.npz,34,46,12,23,4,11,12,11,7,40.0,110.0,120.0,110.0,70.0,395.0,170.0,75.0,0.5450742576564824,0.0006510449456982315,0.4168972969055176,0.02626202069222927,0.057975348085165024
1409,sample_001409,samples/sample_001409.npz,51,55,24,32,2,9,4,8,7,20.0,90.0,40.0,80.0,70.0,525.0,275.0,55.0,0.9216322930238217,0.00017632867093198001,0.4430106282234192,0.01122454646974802,0.037607405334711075
1410,sample_001410,samples/sample_001410.npz,30,41,55,61,5,12,11,6,7,50.0,120.0,110.0,60.0,70.0,350.0,575.0,85.0,0.38649264398122285,0.00020147972099948674,0.145480215549469,0.008468043990433216,0.019201558083295822
1411,sample_001411,samples/sample_001411.npz,39,53,47,54,3,5,14,7,2,30.0,50.0,140.0,70.0,20.0,455.0,500.0,40.0,0.5083328559449418,5.281691119307652e-05,0.16579367220401764,0.005654168780893087,0.018910417333245277
1412,sample_001412,samples/sample_001412.npz,9,23,18,30,6,12,14,12,6,60.0,120.0,140.0,120.0,60.0,155.0,235.0,90.0,0.8920965753764094,0.0013283035950735211,0.5195125341415405,0.044578928500413895,0.08280700445175171
1413,sample_001413,samples/sample_001413.npz,21,35,18,30,4,10,14,12,6,40.0,100.0,140.0,120.0,60.0,275.0,235.0,70.0,0.5610818207069715,0.0009507913491688669,0.45191437005996704,0.030356252565979958,0.06603904813528061
1414,sample_001414,samples/sample_001414.npz,50,54,19,35,6,9,4,16,3,60.0,90.0,40.0,160.0,30.0,515.0,265.0,75.0,0.24345053863909857,5.485302608576603e-05,0.037559933960437775,0.0023938778322190046,0.005260803271085024
1415,sample_001415,samples/sample_001415.npz,0,11,29,35,3,8,11,6,5,30.0,80.0,110.0,60.0,50.0,50.0,315.0,55.0,0.7718770185074015,0.00019950936257373542,0.38445717096328735,0.013334281742572784,0.04139614850282669
1416,sample_001416,samples/sample_001416.npz,16,27,30,43,4,10,11,13,6,40.0,100.0,110.0,130.0,60.0,210.0,360.0,70.0,0.5992004211056372,0.0007811227696947753,0.43902504444122314,0.027498262003064156,0.061597615480422974
1417,sample_001417,samples/sample_001417.npz,36,41,1,8,4,9,5,7,5,40.0,90.0,50.0,70.0,50.0,380.0,40.0,65.0,0.9255994331311843,0.0001264631428057328,0.2299891710281372,0.00809770729392767,0.02378891408443451
1418,sample_001418,samples/sample_001418.npz,47,55,48,61,2,5,8,13,3,20.0,50.0,80.0,130.0,30.0,505.0,540.0,35.0,0.7453125855074674,8.577510743634775e-05,0.4408392906188965,0.013150193728506565,0.048852693289518356
1419,sample_001419,samples/sample_001419.npz,13,23,45,58,8,12,10,13,4,80.0,120.0,100.0,130.0,40.0,175.0,510.0,100.0,0.7621163191830871,0.0005014057387597859,0.2042502611875534,0.01843779720366001,0.03329820930957794
1420,sample_001420,samples/sample_001420.npz,15,21,23,29,7,10,6,6,3,70.0,100.0,60.0,60.0,30.0,175.0,255.0,85.0,0.4814566337376026,8.099732804112136e-05,0.04381747916340828,0.0026475032791495323,0.005566563457250595
1421,sample_001421,samples/sample_001421.npz,32,45,56,61,6,11,13,5,5,60.0,110.0,130.0,50.0,50.0,380.0,580.0,85.0,0.9562300198599492,0.00032495567575097084,0.22962146997451782,0.014598910696804523,0.032295700162649155
1422,sample_001422,samples/sample_001422.npz,10,23,15,21,4,6,13,6,2,40.0,60.0,130.0,60.0,20.0,160.0,175.0,50.0,0.8428377400583478,9.444177703699097e-05,0.19083300232887268,0.007286676671355963,0.021730033680796623
1423,sample_001423,samples/sample_001423.npz,23,35,17,27,2,8,12,10,6,20.0,80.0,120.0,100.0,60.0,285.0,215.0,50.0,0.9300664978559248,0.0007773459074087441,0.9181640148162842,0.03781725466251373,0.11071911454200745
1424,sample_001424,samples/sample_001424.npz,0,4,11,25,7,9,4,14,2,70.0,90.0,40.0,140.0,20.0,15.0,175.0,80.0,0.5084547501891776,4.357022771728225e-05,0.04389074444770813,0.0025475281290709972,0.0061555118300020695
1425,sample_001425,samples/sample_001425.npz,14,25,58,64,2,5,11,6,3,20.0,50.0,110.0,60.0,30.0,190.0,605.0,35.0,0.5133173091677605,3.6407276638783514e-05,0.24678419530391693,0.0056135873310267925,0.02328030951321125
1426,sample_001426,samples/sample_001426.npz,46,62,8,22,2,7,16,14,5,20.0,70.0,160.0,140.0,50.0,535.0,145.0,45.0,0.9508293333865736,0.0005386208649724722,1.0690582990646362,0.05831068381667137,0.16332030296325684
1427,sample_001427,samples/sample_001427.npz,41,47,48,56,8,11,6,8,3,80.0,110.0,60.0,80.0,30.0,435.0,515.0,95.0,0.5611681380919024,0.00010039810877060518,0.053605448454618454,0.0038451706059277058,0.007587393280118704
1428,sample_001428,samples/sample_001428.npz,5,14,10,23,5,13,9,13,8,50.0,130.0,90.0,130.0,80.0,90.0,160.0,90.0,0.5570112895394149,0.0005281905177980661,0.3466862440109253,0.02453499473631382,0.051209911704063416
1429,sample_001429,samples/sample_001429.npz,59,64,4,19,6,11,5,15,5,60.0,110.0,50.0,150.0,50.0,610.0,110.0,85.0,0.7821246237749553,0.00021055534307379276,0.2039874941110611,0.012624711729586124,0.029975976794958115
1430,sample_001430,samples/sample_001430.npz,51,63,54,59,5,7,12,5,2,50.0,70.0,120.0,50.0,20.0,565.0,560.0,60.0,0.25396902303842295,1.5839241314097308e-05,0.037533070892095566,0.0015066370833665133,0.004436209797859192
1431,sample_001431,samples/sample_001431.npz,20,26,46,54,4,7,6,8,3,40.0,70.0,60.0,80.0,30.0,225.0,495.0,55.0,0.6955064360374871,8.352137228939682e-05,0.16478195786476135,0.005476668011397123,0.01655377261340618
1432,sample_001432,samples/sample_001432.npz,21,33,25,30,7,13,12,5,6,70.0,130.0,120.0,50.0,60.0,265.0,270.0,100.0,0.707383141241813,0.0006485539488494396,0.15020401775836945,0.01267284620553255,0.022142522037029266
1433,sample_001433,samples/sample_001433.npz,29,38,23,31,8,13,9,8,5,80.0,130.0,90.0,80.0,50.0,330.0,265.0,105.0,0.24224087969364608,0.0002560224966146052,0.04724491015076637,0.004289739765226841,0.00714850053191185
1434,sample_001434,samples/sample_001434.npz,55,64,12,18,2,10,9,6,8,20.0,100.0,90.0,60.0,80.0,590.0,145.0,60.0,0.30298886101046985,7.544369145762175e-05,0.21870256960391998,0.006574437487870455,0.02145831473171711
1435,sample_001435,samples/sample_001435.npz,22,30,27,35,6,13,8,8,7,60.0,130.0,80.0,80.0,70.0,255.0,305.0,95.0,0.925032624987288,0.001084984396584332,0.2877335548400879,0.02092823199927807,0.03921348229050636
1436,sample_001436,samples/sample_001436.npz,10,25,31,37,5,7,15,6,2,50.0,70.0,150.0,60.0,20.0,170.0,335.0,60.0,0.5397512616322826,0.00011955235095229,0.10358336567878723,0.005298395175486803,0.013323338702321053
1437,sample_001437,samples/sample_001437.npz,20,35,29,35,2,4,15,6,2,20.0,40.0,150.0,60.0,20.0,270.0,315.0,30.0,0.8784508171005738,0.00014934898354113102,0.3400576114654541,0.00941702164709568,0.036189042031764984
1438,sample_001438,samples/sample_001438.npz,45,54,30,36,5,13,9,6,8,50.0,130.0,90.0,60.0,80.0,490.0,325.0,90.0,0.9572951305657849,0.0006883623427711427,0.33344849944114685,0.020556146278977394,0.04273678734898567
1439,sample_001439,samples/sample_001439.npz,44,52,45,55,8,13,8,10,5,80.0,130.0,80.0,100.0,50.0,475.0,495.0,105.0,0.49271818995656,0.0002576568513177335,0.10504961013793945,0.009055420756340027,0.016324128955602646
1440,sample_001440,samples/sample_001440.npz,36,48,19,29,7,14,12,10,7,70.0,140.0,120.0,100.0,70.0,415.0,235.0,105.0,0.997982252592323,0.0017136429669335485,0.4280546009540558,0.04061165452003479,0.06774833798408508
1441,sample_001441,samples/sample_001441.npz,22,36,27,31,8,14,14,4,6,80.0,140.0,140.0,40.0,60.0,285.0,285.0,110.0,0.7191062634409118,0.0007559783407486975,0.11655973643064499,0.011733364313840866,0.018491562455892563
1442,sample_001442,samples/sample_001442.npz,11,23,47,61,5,12,12,14,7,50.0,120.0,120.0,140.0,70.0,165.0,535.0,85.0,0.49929064168365694,0.0005795310134999454,0.37324514985084534,0.02815648727118969,0.0582585372030735
1443,sample_001443,samples/sample_001443.npz,33,40,7,22,8,15,7,15,7,80.0,150.0,70.0,150.0,70.0,360.0,140.0,115.0,0.5813432211677949,0.0008285062504000962,0.18324114382266998,0.01959381066262722,0.031018488109111786
1444,sample_001444,samples/sample_001444.npz,43,56,27,31,5,8,13,4,3,50.0,80.0,130.0,40.0,30.0,490.0,285.0,65.0,0.9553678815318702,0.00017391503206454217,0.1640198975801468,0.0079469820484519,0.019969385117292404
1445,sample_001445,samples/sample_001445.npz,17,29,23,29,3,8,12,6,5,30.0,80.0,120.0,60.0,50.0,225.0,255.0,55.0,0.8858024402638784,0.0003837117983493954,0.4599262475967407,0.01777358539402485,0.050777584314346313
1446,sample_001446,samples/sample_001446.npz,12,26,16,28,3,8,14,12,5,30.0,80.0,140.0,120.0,50.0,185.0,215.0,55.0,0.9522201790505529,0.0007599555538035929,0.8140622973442078,0.04413047432899475,0.11343135684728622
1447,sample_001447,samples/sample_001447.npz,34,40,15,28,6,14,6,13,8,60.0,140.0,60.0,130.0,80.0,365.0,210.0,100.0,0.8654960658661641,0.0011312855640426278,0.32157909870147705,0.026624394580721855,0.04738639295101166
1448,sample_001448,samples/sample_001448.npz,33,46,25,39,7,11,13,14,4,70.0,110.0,130.0,140.0,40.0,390.0,315.0,90.0,0.5840722873151305,0.0010490028653293848,0.23320692777633667,0.021669013425707817,0.038032032549381256
1449,sample_001449,samples/sample_001449.npz,12,26,57,61,8,10,14,4,2,80.0,100.0,140.0,40.0,20.0,185.0,585.0,90.0,0.6403850072905433,6.815232336521149e-05,0.04598253220319748,0.0032430998980998993,0.0068802908062934875
1450,sample_001450,samples/sample_001450.npz,43,56,38,54,6,11,13,16,5,60.0,110.0,130.0,160.0,50.0,490.0,455.0,85.0,0.716723246901245,0.0008554219966754317,0.42136943340301514,0.03675152361392975,0.07024461030960083
1451,sample_001451,samples/sample_001451.npz,37,45,30,37,2,9,8,7,7,20.0,90.0,80.0,70.0,70.0,405.0,330.0,55.0,0.24056497450168302,0.00012934590631630272,0.1714627891778946,0.005268637090921402,0.016436539590358734
1452,sample_001452,samples/sample_001452.npz,4,16,1,13,4,7,12,12,3,40.0,70.0,120.0,120.0,30.0,95.0,65.0,55.0,0.9360249026810958,0.00020478972874116153,0.43702614307403564,0.02065342850983143,0.058560870587825775
1453,sample_001453,samples/sample_001453.npz,35,51,53,59,4,10,16,6,6,40.0,100.0,160.0,60.0,60.0,425.0,555.0,70.0,0.6535679257555072,0.00031841645250096917,0.3392580449581146,0.01899181306362152,0.046029675751924515
1454,sample_001454,samples/sample_001454.npz,56,61,20,24,2,7,5,4,5,20.0,70.0,50.0,40.0,50.0,580.0,215.0,45.0,0.6818527257114134,3.537514930940233e-05,0.2169932723045349,0.0037055048160254955,0.015318755060434341
1455,sample_001455,samples/sample_001455.npz,13,19,42,53,2,6,6,11,4,20.0,60.0,60.0,110.0,40.0,155.0,470.0,40.0,0.6551594227283264,9.41412799875252e-05,0.37536442279815674,0.009849057532846928,0.036294568330049515
1456,sample_001456,samples/sample_001456.npz,4,17,15,30,7,11,13,15,4,70.0,110.0,130.0,150.0,40.0,100.0,220.0,90.0,0.8498022697767809,0.0008011918980628252,0.3536648154258728,0.03174889460206032,0.05949348583817482
1457,sample_001457,samples/sample_001457.npz,7,16,5,16,5,10,9,11,5,50.0,100.0,90.0,110.0,50.0,110.0,100.0,75.0,0.5572216429455099,0.00021329698211047798,0.2402854561805725,0.013479422777891159,0.0323743000626564
1458,sample_001458,samples/sample_001458.npz,57,64,43,51,4,10,7,8,6,40.0,100.0,70.0,80.0,60.0,600.0,465.0,70.0,0.5944359965907565,0.00013637045049108565,0.2358734905719757,0.009549383074045181,0.026776056736707687
1459,sample_001459,samples/sample_001459.npz,26,31,51,60,5,7,5,9,2,50.0,70.0,50.0,90.0,20.0,280.0,550.0,60.0,0.759109828247144,5.966027674730867e-05,0.09466011822223663,0.003598724724724889,0.010296332649886608
1460,sample_001460,samples/sample_001460.npz,52,56,26,41,4,8,4,15,4,40.0,80.0,40.0,150.0,40.0,535.0,330.0,60.0,0.7428390709502859,0.00017057241348084062,0.20689620077610016,0.009491099044680595,0.025286749005317688
1461,sample_001461,samples/sample_001461.npz,35,40,18,26,4,12,5,8,8,40.0,120.0,50.0,80.0,80.0,370.0,215.0,80.0,0.4837898310691411,0.00026150670601055026,0.16535349190235138,0.008076081052422523,0.018617594614624977
1462,sample_001462,samples/sample_001462.npz,27,38,48,64,6,11,11,16,5,60.0,110.0,110.0,160.0,50.0,320.0,555.0,85.0,0.7288880089279808,0.0008326153620146215,0.3819567561149597,0.030729996040463448,0.061719395220279694
1463,sample_001463,samples/sample_001463.npz,27,43,19,23,2,8,16,4,6,20.0,80.0,160.0,40.0,60.0,345.0,205.0,50.0,0.9305424331333108,0.0004002230998594314,0.5429621338844299,0.02015743777155876,0.06032918021082878
1464,sample_001464,samples/sample_001464.npz,37,51,3,13,3,6,14,10,3,30.0,60.0,140.0,100.0,30.0,435.0,75.0,45.0,0.45390792970212424,0.00010227904567727819,0.2493124157190323,0.01045668963342905,0.03190380334854126
1465,sample_001465,samples/sample_001465.npz,20,26,40,55,5,9,6,15,4,50.0,90.0,60.0,150.0,40.0,225.0,470.0,70.0,0.3562024736096313,0.00014688960800413042,0.11472248286008835,0.006746978964656591,0.015497313812375069
1466,sample_001466,samples/sample_001466.npz,22,28,32,41,8,12,6,9,4,80.0,120.0,60.0,90.0,40.0,245.0,360.0,100.0,0.9656231993890394,0.0004969277651980519,0.1251630336046219,0.01035586092621088,0.01821524277329445
1467,sample_001467,samples/sample_001467.npz,35,40,8,22,7,15,5,14,8,70.0,150.0,50.0,140.0,80.0,370.0,145.0,110.0,0.6209216978894565,0.0006390755879692733,0.17246685922145844,0.01624019630253315,0.027282265946269035
1468,sample_001468,samples/sample_001468.npz,13,25,48,53,2,10,12,5,8,20.0,100.0,120.0,50.0,80.0,185.0,500.0,60.0,0.6232260504785334,0.00024144181224983186,0.4449126422405243,0.0160162802785635,0.04711410030722618
1469,sample_001469,samples/sample_001469.npz,3,17,42,46,2,9,14,4,7,20.0,90.0,140.0,40.0,70.0,95.0,435.0,55.0,0.4650115839751052,0.00012592093844432384,0.2803401052951813,0.0097639299929142,0.029922103509306908
1470,sample_001470,samples/sample_001470.npz,3,9,13,29,2,7,6,16,5,20.0,70.0,60.0,160.0,50.0,55.0,205.0,45.0,0.23110359555377447,5.735654849559069e-05,0.16718417406082153,0.006033867131918669,0.019604265689849854
1471,sample_001471,samples/sample_001471.npz,43,52,32,42,4,12,9,10,8,40.0,120.0,90.0,100.0,80.0,470.0,365.0,80.0,0.49361794225657507,0.0005111077334731817,0.314788281917572,0.018288230523467064,0.040542371571063995
1472,sample_001472,samples/sample_001472.npz,9,22,23,37,4,9,13,14,5,40.0,90.0,130.0,140.0,50.0,150.0,295.0,65.0,0.7869162769436711,0.0008884951239451766,0.5899029970169067,0.038302622735500336,0.08748754113912582
1473,sample_001473,samples/sample_001473.npz,17,29,13,29,3,9,12,16,6,30.0,90.0,120.0,160.0,60.0,225.0,205.0,60.0,0.3585807915098751,0.00046810420462861657,0.3612416684627533,0.022572170943021774,0.053575385361909866
1474,sample_001474,samples/sample_001474.npz,42,51,39,51,2,9,9,12,7,20.0,90.0,90.0,120.0,70.0,460.0,445.0,55.0,0.6666953521581656,0.0004192350315861404,0.6698071956634521,0.02764924056828022,0.07967308163642883
1475,sample_001475,samples/sample_001475.npz,1,6,34,43,7,13,5,9,6,70.0,130.0,50.0,90.0,60.0,30.0,380.0,100.0,0.9320844104219594,0.00028942464268766344,0.15855048596858978,0.010873116552829742,0.022730791941285133
1476,sample_001476,samples/sample_001476.npz,8,23,36,46,2,4,15,10,2,20.0,40.0,150.0,100.0,20.0,150.0,405.0,30.0,0.6472338485787695,9.374461660627276e-05,0.3195551633834839,0.01142927911132574,0.04046681150794029
1477,sample_001477,samples/sample_001477.npz,46,62,38,44,8,15,16,6,7,80.0,150.0,160.0,60.0,70.0,535.0,405.0,115.0,0.8043840370585837,0.0008206100319512188,0.2304120659828186,0.023756997659802437,0.039408572018146515
1478,sample_001478,samples/sample_001478.npz,5,11,26,30,8,11,6,4,3,80.0,110.0,60.0,40.0,30.0,75.0,275.0,95.0,0.8344525861089445,7.95819578343071e-05,0.04236116632819176,0.0028059284668415785,0.005758281331509352
1479,sample_001479,samples/sample_001479.npz,11,15,23,27,4,8,4,4,4,40.0,80.0,40.0,40.0,40.0,125.0,245.0,60.0,0.6147569005640199,3.633985761553049e-05,0.07193812727928162,0.002118474803864956,0.006416936405003071
1480,sample_001480,samples/sample_001480.npz,9,13,39,43,4,10,4,4,6,40.0,100.0,40.0,40.0,60.0,105.0,405.0,70.0,0.6082257681302525,5.617010538117029e-05,0.0866231620311737,0.0030175356660038233,0.008284165523946285
1481,sample_001481,samples/sample_001481.npz,48,58,21,36,7,10,10,15,3,70.0,100.0,100.0,150.0,30.0,525.0,280.0,85.0,0.6790146350038573,0.0004072410811204463,0.18799293041229248,0.015061309561133385,0.02957054227590561
1482,sample_001482,samples/sample_001482.npz,31,43,46,55,2,7,12,9,5,20.0,70.0,120.0,90.0,50.0,365.0,500.0,45.0,0.8063547648476288,0.0003249203728046268,0.6811187863349915,0.024540595710277557,0.07852067798376083
1483,sample_001483,samples/sample_001483.npz,22,36,2,9,6,8,14,7,2,60.0,80.0,140.0,70.0,20.0,285.0,50.0,70.0,0.4483443157804752,8.198255090974271e-05,0.07727785408496857,0.004359029699116945,0.010602363385260105
1484,sample_001484,samples/sample_001484.npz,48,57,10,19,7,12,9,9,5,70.0,120.0,90.0,90.0,50.0,520.0,140.0,95.0,0.9363669515447435,0.00040654861368238926,0.23939616978168488,0.01763625256717205,0.035303376615047455
1485,sample_001485,samples/sample_001485.npz,5,20,24,35,3,6,15,11,3,30.0,60.0,150.0,110.0,30.0,120.0,290.0,45.0,0.737556096453315,0.00028249676688574255,0.43221795558929443,0.020486818626523018,0.058892298489809036
1486,sample_001486,samples/sample_001486.npz,30,46,58,62,7,14,16,4,7,70.0,140.0,160.0,40.0,70.0,375.0,595.0,105.0,0.2485453927864855,0.00013762274465989321,0.056554555892944336,0.004765829537063837,0.009105476550757885
1487,sample_001487,samples/sample_001487.npz,48,53,39,55,8,11,5,16,3,80.0,110.0,50.0,160.0,30.0,500.0,465.0,95.0,0.26729316844154405,7.741525041637942e-05,0.03560416027903557,0.0030435037333518267,0.005672393832355738
1488,sample_001488,samples/sample_001488.npz,55,63,12,27,2,9,8,15,7,20.0,90.0,80.0,150.0,70.0,585.0,190.0,55.0,0.29316503924839604,0.00014604604803025723,0.2988187372684479,0.01277242973446846,0.03774086758494377
1489,sample_001489,samples/sample_001489.npz,26,38,44,51,3,11,12,7,8,30.0,110.0,120.0,70.0,80.0,315.0,470.0,70.0,0.8862885657586832,0.0008554939995519817,0.6452962160110474,0.03159152716398239,0.07799503952264786
1490,sample_001490,samples/sample_001490.npz,32,37,2,8,3,7,5,6,4,30.0,70.0,50.0,60.0,40.0,340.0,45.0,50.0,0.5523127424312,4.403845377964899e-05,0.14840589463710785,0.0035314622800797224,0.01269000954926014
1491,sample_001491,samples/sample_001491.npz,19,28,24,38,7,13,9,14,6,70.0,130.0,90.0,140.0,60.0,230.0,305.0,100.0,0.3426789789364129,0.0006552013219334185,0.13648928701877594,0.012843022122979164,0.021673627197742462
1492,sample_001492,samples/sample_001492.npz,37,44,6,12,8,16,7,6,8,80.0,160.0,70.0,60.0,80.0,400.0,85.0,120.0,0.2876091990537827,0.00014858650683891028,0.045907165855169296,0.004178349394351244,0.0071536884643137455
1493,sample_001493,samples/sample_001493.npz,9,20,23,39,3,7,11,16,4,30.0,70.0,110.0,160.0,40.0,140.0,305.0,50.0,0.23177225164434567,0.000154916153405793,0.17108720541000366,0.009088480845093727,0.024221329018473625
1494,sample_001494,samples/sample_001494.npz,47,58,31,45,8,14,11,14,6,80.0,140.0,110.0,140.0,60.0,520.0,375.0,110.0,0.7027750499219916,0.0010589300654828548,0.28357475996017456,0.029609056189656258,0.04879368469119072
1495,sample_001495,samples/sample_001495.npz,7,21,47,62,8,14,14,15,6,80.0,140.0,140.0,150.0,60.0,135.0,540.0,110.0,0.7975394711584742,0.0011705192737281322,0.40546223521232605,0.043166130781173706,0.07418560236692429
1496,sample_001496,samples/sample_001496.npz,14,26,36,49,8,11,12,13,3,80.0,110.0,120.0,130.0,30.0,195.0,420.0,95.0,0.5690271734426828,0.0004362786712590605,0.14086833596229553,0.01312184426933527,0.02295970357954502
1497,sample_001497,samples/sample_001497.npz,0,6,27,43,4,8,6,16,4,40.0,80.0,60.0,160.0,40.0,25.0,345.0,60.0,0.3983775719610522,0.0001133031546487473,0.16151270270347595,0.007660017814487219,0.02108343504369259
1498,sample_001498,samples/sample_001498.npz,26,30,2,14,2,8,4,12,6,20.0,80.0,40.0,120.0,60.0,275.0,75.0,50.0,0.7409330469156616,0.0001517289347248152,0.39845073223114014,0.0115769412368536,0.03886096179485321
1499,sample_001499,samples/sample_001499.npz,46,54,49,57,8,15,8,8,7,80.0,150.0,80.0,80.0,70.0,495.0,525.0,115.0,0.2605384074988266,0.00014613140956498682,0.056626468896865845,0.005039955954998732,0.00895782746374607
1500,sample_001500,samples/sample_001500.npz,35,47,22,36,2,8,12,14,6,20.0,80.0,120.0,140.0,60.0,405.0,285.0,50.0,0.5724435747907114,0.000696282833814621,0.6504851579666138,0.03260508179664612,0.08893468230962753
1501,sample_001501,samples/sample_001501.npz,6,13,24,39,5,10,7,15,5,50.0,100.0,70.0,150.0,50.0,90.0,310.0,75.0,0.8111676201337938,0.0005097140092402697,0.3424029052257538,0.021526968106627464,0.04834939166903496
1502,sample_001502,samples/sample_001502.npz,7,13,46,52,7,14,6,6,7,70.0,140.0,60.0,60.0,70.0,95.0,485.0,105.0,0.2845613062052825,8.209398220060393e-05,0.044214095920324326,0.0032032327726483345,0.006264836993068457
1503,sample_001503,samples/sample_001503.npz,33,43,31,38,2,9,10,7,7,20.0,90.0,100.0,70.0,70.0,375.0,340.0,55.0,0.43940482155635535,0.00031872137333266437,0.3506907820701599,0.012054831720888615,0.036271095275878906
1504,sample_001504,samples/sample_001504.npz,48,56,13,24,5,10,8,11,5,50.0,100.0,80.0,110.0,50.0,515.0,180.0,75.0,0.8790527962844055,0.00036894853110425174,0.3481936752796173,0.019567206501960754,0.045632947236299515
1505,sample_001505,samples/sample_001505.npz,38,46,21,33,4,12,8,12,8,40.0,120.0,80.0,120.0,80.0,415.0,265.0,80.0,0.901942770799262,0.001192106050439179,0.5926510691642761,0.036120783537626266,0.07785017043352127
1506,sample_001506,samples/sample_001506.npz,28,40,4,11,8,10,12,7,2,80.0,100.0,120.0,70.0,20.0,335.0,70.0,90.0,0.5259937514099754,0.00011440935486461967,0.057040393352508545,0.004173664376139641,0.008476169779896736
1507,sample_001507,samples/sample_001507.npz,12,25,20,36,8,16,13,16,8,80.0,160.0,130.0,160.0,80.0,180.0,275.0,120.0,0.47575717600753553,0.0018416650127619505,0.2870332896709442,0.03648216277360916,0.052417539060115814
1508,sample_001508,samples/sample_001508.npz,13,26,0,6,6,8,13,6,2,60.0,80.0,130.0,60.0,20.0,190.0,25.0,70.0,0.4492297154325495,4.988401633454487e-05,0.0655161589384079,0.0033337550703436136,0.008636181242763996
1509,sample_001509,samples/sample_001509.npz,33,45,28,43,3,5,12,15,2,30.0,50.0,120.0,150.0,20.0,385.0,350.0,40.0,0.4760493245841806,0.00017588440096005797,0.21018604934215546,0.009942329488694668,0.02904907427728176
1510,sample_001510,samples/sample_001510.npz,28,36,54,58,7,12,8,4,5,70.0,120.0,80.0,40.0,50.0,315.0,555.0,95.0,0.7326025797436766,0.00016871991101652384,0.08273234218358994,0.005489124450832605,0.011248706839978695
1511,sample_001511,samples/sample_001511.npz,30,40,2,8,4,8,10,6,4,40.0,80.0,100.0,60.0,40.0,345.0,45.0,60.0,0.36564937242466233,6.9133318902459e-05,0.11930179595947266,0.0045025534927845,0.013171115890145302
1512,sample_001512,samples/sample_001512.npz,16,26,22,31,2,6,10,9,4,20.0,60.0,100.0,90.0,40.0,205.0,260.0,40.0,0.26944812123583395,8.114067168207839e-05,0.18618115782737732,0.005610594060271978,0.019576672464609146
1513,sample_001513,samples/sample_001513.npz,34,39,50,62,8,13,5,12,5,80.0,130.0,50.0,120.0,50.0,360.0,555.0,105.0,0.6191993132146276,0.0002688483218662441,0.09870685636997223,0.008349231444299221,0.015381616540253162
1514,sample_001514,samples/sample_001514.npz,23,38,2,11,4,8,15,9,4,40.0,80.0,150.0,90.0,40.0,300.0,60.0,60.0,0.4669263353465528,0.0002156440168619156,0.24878744781017303,0.013086269609630108,0.034071698784828186
1515,sample_001515,samples/sample_001515.npz,41,48,24,39,4,7,7,15,3,40.0,70.0,70.0,150.0,30.0,440.0,310.0,55.0,0.4373846715322368,0.0001729142531985417,0.15894940495491028,0.007654858287423849,0.02024076133966446
1516,sample_001516,samples/sample_001516.npz,17,29,47,52,3,9,12,5,6,30.0,90.0,120.0,50.0,60.0,225.0,490.0,60.0,0.7913798108968553,0.00026250502560287714,0.38735565543174744,0.015380063094198704,0.043003879487514496
1517,sample_001517,samples/sample_001517.npz,4,8,11,18,8,16,4,7,8,80.0,160.0,40.0,70.0,80.0,55.0,140.0,120.0,0.9409790798245701,0.0002442057302687317,0.10219235718250275,0.008528457023203373,0.015835799276828766
1518,sample_001518,samples/sample_001518.npz,42,51,11,27,4,11,9,16,7,40.0,110.0,90.0,160.0,70.0,460.0,185.0,75.0,0.29528893039353127,0.00033647046075202525,0.22821453213691711,0.015374165028333664,0.03337237238883972
1519,sample_001519,samples/sample_001519.npz,1,7,30,46,8,16,6,16,8,80.0,160.0,60.0,160.0,80.0,35.0,375.0,120.0,0.6465518499763685,0.0006962827756069601,0.2002662867307663,0.0201120562851429,0.0347726009786129
1520,sample_001520,samples/sample_001520.npz,12,22,40,49,2,5,10,9,3,20.0,50.0,100.0,90.0,30.0,165.0,440.0,35.0,0.6570612478910741,9.442093869438395e-05,0.37699800729751587,0.010301643051207066,0.038873039186000824
1521,sample_001521,samples/sample_001521.npz,55,63,52,57,2,9,8,5,7,20.0,90.0,80.0,50.0,70.0,585.0,540.0,55.0,0.8265709265898646,0.00010977123747579753,0.4670734405517578,0.011712131090462208,0.04179129749536514
1522,sample_001522,samples/sample_001522.npz,18,26,48,52,4,11,8,4,7,40.0,110.0,80.0,40.0,70.0,215.0,495.0,75.0,0.5501643439440445,0.00013521038636099547,0.1468321681022644,0.006347514223307371,0.0158550925552845
1523,sample_001523,samples/sample_001523.npz,18,27,10,15,7,15,9,5,8,70.0,150.0,90.0,50.0,80.0,220.0,120.0,110.0,0.6158874539147408,0.0003400879504624754,0.1224706768989563,0.010172363370656967,0.018124742433428764
1524,sample_001524,samples/sample_001524.npz,10,19,7,18,4,11,9,11,7,40.0,110.0,90.0,110.0,70.0,140.0,120.0,75.0,0.22834789143474873,0.0001384278293699026,0.1447385549545288,0.00793054886162281,0.01894683577120304
1525,sample_001525,samples/sample_001525.npz,9,23,36,51,2,5,14,15,3,20.0,50.0,140.0,150.0,30.0,155.0,430.0,35.0,0.6867949281789296,0.0002316441823495552,0.5230913162231445,0.025078747421503067,0.07668362557888031
1526,sample_001526,samples/sample_001526.npz,18,28,5,12,5,9,10,7,4,50.0,90.0,100.0,70.0,40.0,225.0,80.0,70.0,0.8300567091277509,0.0002084906300297007,0.24172015488147736,0.011800951324403286,0.029720257967710495
1527,sample_001527,samples/sample_001527.npz,12,25,3,16,3,11,13,13,8,30.0,110.0,130.0,130.0,80.0,180.0,90.0,70.0,0.9028191070387777,0.0010182550176978111,1.0093551874160767,0.06178417056798935,0.14728190004825592
1528,sample_001528,samples/sample_001528.npz,41,56,7,15,5,11,15,8,6,50.0,110.0,150.0,80.0,60.0,480.0,105.0,80.0,0.28127031865581487,0.00018638110486790538,0.148418590426445,0.009918011724948883,0.021673355251550674
1529,sample_001529,samples/sample_001529.npz,58,64,16,30,6,9,6,14,3,60.0,90.0,60.0,140.0,30.0,605.0,225.0,75.0,0.4166531244746017,8.592341328039765e-05,0.08706101775169373,0.004922484513372183,0.01201783586293459
1530,sample_001530,samples/sample_001530.npz,1,12,48,62,7,13,11,14,6,70.0,130.0,110.0,140.0,60.0,60.0,545.0,100.0,0.2253942638395545,0.00018272314628120512,0.10540466010570526,0.008709591813385487,0.017645156010985374
1531,sample_001531,samples/sample_001531.npz,14,25,23,34,3,9,11,11,6,30.0,90.0,110.0,110.0,60.0,190.0,280.0,60.0,0.881703232564125,0.0008044128771871328,0.7136048078536987,0.03507686406373978,0.09070459008216858
1532,sample_001532,samples/sample_001532.npz,15,29,16,31,7,9,14,15,2,70.0,90.0,140.0,150.0,20.0,215.0,230.0,80.0,0.9593387172738124,0.000633523624856025,0.23986020684242249,0.020867636427283287,0.039353739470243454
1533,sample_001533,samples/sample_001533.npz,44,55,5,13,5,12,11,8,7,50.0,120.0,110.0,80.0,70.0,490.0,85.0,85.0,0.9231514295922316,0.0005129117635078728,0.4415213167667389,0.02694539725780487,0.06042579188942909
1534,sample_001534,samples/sample_001534.npz,32,40,32,43,4,10,8,11,6,40.0,100.0,80.0,110.0,60.0,355.0,370.0,70.0,0.6560015593025411,0.0006295487401075661,0.3543451130390167,0.018653515726327896,0.04398457705974579
1535,sample_001535,samples/sample_001535.npz,32,45,46,54,8,15,13,8,7,80.0,150.0,130.0,80.0,70.0,380.0,495.0,115.0,0.8140375503962447,0.0010712197981774807,0.26206159591674805,0.027100075036287308,0.043529488146305084
1536,sample_001536,samples/sample_001536.npz,47,54,35,45,4,8,7,10,4,40.0,80.0,70.0,100.0,40.0,500.0,395.0,60.0,0.7974388065762208,0.0002049516624538228,0.291446328163147,0.012021365575492382,0.03305772319436073
1537,sample_001537,samples/sample_001537.npz,33,38,39,52,2,5,5,13,3,20.0,50.0,50.0,130.0,30.0,350.0,450.0,35.0,0.9411115357442923,0.0001313289103563875,0.41528555750846863,0.010728328488767147,0.040914054960012436
1538,sample_001538,samples/sample_001538.npz,50,57,28,41,8,12,7,13,4,80.0,120.0,70.0,130.0,40.0,530.0,340.0,100.0,0.32965611887669777,0.00018723342509474605,0.06495573371648788,0.0056326077319681644,0.01023836713284254
1539,sample_001539,samples/sample_001539.npz,7,21,40,52,8,15,14,12,7,80.0,150.0,140.0,120.0,70.0,135.0,455.0,115.0,0.29405258068510876,0.0005202423199079931,0.14038637280464172,0.015463123098015785,0.02476075477898121
1540,sample_001540,samples/sample_001540.npz,45,49,35,50,7,14,4,15,7,70.0,140.0,40.0,150.0,70.0,465.0,420.0,105.0,0.5955389313097018,0.0004100690712220967,0.13009290397167206,0.011874510906636715,0.020436851307749748
1541,sample_001541,samples/sample_001541.npz,30,45,24,37,2,5,15,13,3,20.0,50.0,150.0,130.0,30.0,370.0,300.0,35.0,0.7726279129442779,0.00045832127216272056,0.5747625827789307,0.0265749990940094,0.08165374398231506
1542,sample_001542,samples/sample_001542.npz,21,35,33,46,2,5,14,13,3,20.0,50.0,140.0,130.0,30.0,275.0,390.0,35.0,0.37276146579975267,0.00017700115859042853,0.2727285623550415,0.011951196938753128,0.03752720728516579
1543,sample_001543,samples/sample_001543.npz,38,45,5,9,8,13,7,4,5,80.0,130.0,70.0,40.0,50.0,410.0,65.0,105.0,0.3708463720435866,6.505283818114549e-05,0.030677882954478264,0.0023046426940709352,0.004462541081011295
1544,sample_001544,samples/sample_001544.npz,3,10,20,29,7,13,7,9,6,70.0,130.0,70.0,90.0,60.0,60.0,240.0,100.0,0.9529170980173838,0.00044389074901118875,0.22021104395389557,0.016210556030273438,0.032249074429273605
1545,sample_001545,samples/sample_001545.npz,37,52,14,18,6,14,15,4,8,60.0,140.0,150.0,40.0,80.0,440.0,155.0,100.0,0.2311755056494282,0.00015998745220713317,0.06433521211147308,0.005300764460116625,0.009710310027003288
1546,sample_001546,samples/sample_001546.npz,24,38,9,25,7,9,14,16,2,70.0,90.0,140.0,160.0,20.0,305.0,165.0,80.0,0.29626647663182465,0.0002189832302974537,0.07690086215734482,0.006823104806244373,0.012840455397963524
1547,sample_001547,samples/sample_001547.npz,32,41,15,29,4,8,9,14,4,40.0,80.0,90.0,140.0,40.0,360.0,215.0,60.0,0.6796836737174041,0.0004567015275824815,0.35238391160964966,0.018824974074959755,0.046686556190252304
1548,sample_001548,samples/sample_001548.npz,47,56,29,40,5,9,9,11,4,50.0,90.0,90.0,110.0,40.0,510.0,340.0,70.0,0.711824799722659,0.00033377972431480885,0.2660335302352905,0.014708190225064754,0.03485428914427757
1549,sample_001549,samples/sample_001549.npz,54,62,19,25,6,11,8,6,5,60.0,110.0,80.0,60.0,50.0,575.0,215.0,85.0,0.6696002482992203,0.00015825616719666868,0.13513168692588806,0.007549636531621218,0.01737835630774498
1550,sample_001550,samples/sample_001550.npz,8,24,47,63,6,8,16,16,2,60.0,80.0,160.0,160.0,20.0,155.0,545.0,70.0,0.5848449267217632,0.00023413164308294654,0.1886216402053833,0.014895946718752384,0.03204725310206413
1551,sample_001551,samples/sample_001551.npz,43,59,54,60,4,6,16,6,2,40.0,60.0,160.0,60.0,20.0,505.0,565.0,50.0,0.633548804086047,6.003752787364647e-05,0.15427561104297638,0.0064276112243533134,0.019213665276765823
1552,sample_001552,samples/sample_001552.npz,1,6,22,32,5,13,5,10,8,50.0,130.0,50.0,100.0,80.0,30.0,265.0,90.0,0.9537955776153122,0.00040800124406814575,0.3043668270111084,0.01718655414879322,0.039570875465869904
1553,sample_001553,samples/sample_001553.npz,10,24,45,61,6,14,14,16,8,60.0,140.0,140.0,160.0,80.0,165.0,525.0,100.0,0.8447419022673162,0.0017986524617299438,0.703109860420227,0.06929801404476166,0.12367723137140274
1554,sample_001554,samples/sample_001554.npz,20,25,41,50,6,12,5,9,6,60.0,120.0,50.0,90.0,60.0,220.0,450.0,90.0,0.8692537650840395,0.00035618647234514356,0.17988835275173187,0.01174208428710699,0.023769525811076164
1555,sample_001555,samples/sample_001555.npz,38,50,9,13,4,6,12,4,2,40.0,60.0,120.0,40.0,20.0,435.0,105.0,50.0,0.32825689297530647,2.0357270841486752e-05,0.05149336904287338,0.0017263765912503004,0.005414149723947048
1556,sample_001556,samples/sample_001556.npz,48,60,54,60,8,15,12,6,7,80.0,150.0,120.0,60.0,70.0,535.0,565.0,115.0,0.5645933942349135,0.00029435771284624934,0.1320514678955078,0.011459029279649258,0.021665126085281372
1557,sample_001557,samples/sample_001557.npz,58,63,54,63,2,4,5,9,2,20.0,40.0,50.0,90.0,20.0,600.0,580.0,30.0,0.43472466643301283,9.001418220577762e-06,0.13105255365371704,0.00215470721013844,0.010602717287838459
1558,sample_001558,samples/sample_001558.npz,41,55,24,28,6,9,14,4,3,60.0,90.0,140.0,40.0,30.0,475.0,255.0,75.0,0.28470559830201303,6.241108349058777e-05,0.04112033545970917,0.0024849465116858482,0.005501412320882082
1559,sample_001559,samples/sample_001559.npz,22,31,52,63,4,6,9,11,2,40.0,60.0,90.0,110.0,20.0,260.0,570.0,50.0,0.6774344854387908,8.822703966870904e-05,0.18764765560626984,0.007192934863269329,0.022028731182217598
1560,sample_001560,samples/sample_001560.npz,9,18,36,49,3,8,9,13,5,30.0,80.0,90.0,130.0,50.0,130.0,420.0,55.0,0.26091290553947055,0.00012106733629480004,0.1838059276342392,0.008313924074172974,0.02303442917764187
1561,sample_001561,samples/sample_001561.npz,26,41,47,63,6,13,15,16,7,60.0,130.0,150.0,160.0,70.0,330.0,545.0,95.0,0.8993153764015676,0.0022059676703065634,0.7213821411132812,0.07071740925312042,0.12732291221618652
1562,sample_001562,samples/sample_001562.npz,48,57,25,31,6,11,9,6,5,60.0,110.0,90.0,60.0,50.0,520.0,275.0,85.0,0.3519913174483696,0.00012662158405873924,0.07762161642313004,0.004709345288574696,0.01014780718833208
1563,sample_001563,samples/sample_001563.npz,41,45,32,36,6,10,4,4,4,60.0,100.0,40.0,40.0,40.0,425.0,335.0,80.0,0.6147400960215893,7.122434908524156e-05,0.040825001895427704,0.002052170457318425,0.004636572673916817
1564,sample_001564,samples/sample_001564.npz,2,17,16,31,5,9,15,15,4,50.0,90.0,150.0,150.0,40.0,90.0,230.0,70.0,0.5398191798079808,0.00045848009176552296,0.3294583559036255,0.024690816178917885,0.05356743931770325
1565,sample_001565,samples/sample_001565.npz,59,64,48,54,4,6,5,6,2,40.0,60.0,50.0,60.0,20.0,610.0,505.0,50.0,0.48816856199964526,1.2848355254391208e-05,0.06128528341650963,0.0014913682825863361,0.005474586505442858
1566,sample_001566,samples/sample_001566.npz,15,24,50,57,7,15,9,7,8,70.0,150.0,90.0,70.0,80.0,190.0,530.0,110.0,0.759189836902054,0.0005164851900190115,0.2055675983428955,0.017154838889837265,0.031135790050029755
1567,sample_001567,samples/sample_001567.npz,15,30,19,31,2,10,15,12,8,20.0,100.0,150.0,120.0,80.0,220.0,245.0,60.0,0.6875898749479239,0.0012438322883099318,0.9323007464408875,0.05435897037386894,0.13383765518665314
1568,sample_001568,samples/sample_001568.npz,33,43,22,26,6,9,10,4,3,60.0,90.0,100.0,40.0,30.0,375.0,235.0,75.0,0.7198538742614997,0.0001448359980713576,0.08477064967155457,0.0045741102658212185,0.01035483367741108
1569,sample_001569,samples/sample_001569.npz,34,41,3,11,6,8,7,8,2,60.0,80.0,70.0,80.0,20.0,370.0,65.0,70.0,0.9963202648341649,0.00010344594193156809,0.11979543417692184,0.005611281841993332,0.014378499239683151
1570,sample_001570,samples/sample_001570.npz,31,38,40,45,7,14,7,5,7,70.0,140.0,70.0,50.0,70.0,340.0,420.0,105.0,0.4485705424763895,0.00025750193162821233,0.06715542078018188,0.0053599015809595585,0.009431974962353706
1571,sample_001571,samples/sample_001571.npz,17,23,37,53,5,13,6,16,8,50.0,130.0,60.0,160.0,80.0,195.0,445.0,90.0,0.9114677991489801,0.0010099118808284402,0.45672059059143066,0.0348309651017189,0.0674341544508934
1572,sample_001572,samples/sample_001572.npz,16,29,19,29,5,7,13,10,2,50.0,70.0,130.0,100.0,20.0,220.0,235.0,60.0,0.9339958089927338,0.00029616919346153736,0.2453761249780655,0.013317877426743507,0.03274301439523697
1573,sample_001573,samples/sample_001573.npz,45,49,9,24,2,8,4,15,6,20.0,80.0,40.0,150.0,60.0,465.0,160.0,50.0,0.4329329438921737,0.00010885533993132412,0.24835078418254852,0.008624213747680187,0.02683682180941105
1574,sample_001574,samples/sample_001574.npz,3,7,22,35,2,4,4,13,2,20.0,40.0,40.0,130.0,20.0,45.0,280.0,30.0,0.4546202138557586,1.8559938325779513e-05,0.13096009194850922,0.002712820889428258,0.011843226850032806
1575,sample_001575,samples/sample_001575.npz,28,39,26,36,4,11,11,10,7,40.0,110.0,110.0,100.0,70.0,330.0,305.0,75.0,0.3224979548962078,0.0006145117804408073,0.22036069631576538,0.013241739012300968,0.029137833043932915
1576,sample_001576,samples/sample_001576.npz,12,25,5,10,6,11,13,5,5,60.0,110.0,130.0,50.0,50.0,180.0,70.0,85.0,0.9357576630752036,0.0002892683260142803,0.22470539808273315,0.014413272961974144,0.031636688858270645
1577,sample_001577,samples/sample_001577.npz,6,12,12,26,6,14,6,14,8,60.0,140.0,60.0,140.0,80.0,85.0,185.0,100.0,0.9351715084112859,0.0007359528681263328,0.3649213910102844,0.02870916575193405,0.05543775111436844
1578,sample_001578,samples/sample_001578.npz,55,63,38,44,4,10,8,6,6,40.0,100.0,80.0,60.0,60.0,585.0,405.0,70.0,0.8992539868502021,0.00020943138224538416,0.31768134236335754,0.01274420041590929,0.03500291332602501
1579,sample_001579,samples/sample_001579.npz,26,36,15,30,7,10,10,15,3,70.0,100.0,100.0,150.0,30.0,305.0,220.0,85.0,0.919838495029393,0.0008742273785173893,0.2546677589416504,0.021309204399585724,0.0397186353802681
1580,sample_001580,samples/sample_001580.npz,52,64,58,63,4,12,12,5,8,40.0,120.0,120.0,50.0,80.0,575.0,600.0,80.0,0.8361453243549613,0.0002463720738887787,0.3707137405872345,0.017315775156021118,0.04689214006066322
1581,sample_001581,samples/sample_001581.npz,44,49,51,57,4,6,5,6,2,40.0,60.0,50.0,60.0,20.0,460.0,535.0,50.0,0.42300160338443915,1.4987609574745875e-05,0.05310414358973503,0.0013802647590637207,0.004734470043331385
1582,sample_001582,samples/sample_001582.npz,43,49,52,58,2,7,6,6,5,20.0,70.0,60.0,60.0,50.0,455.0,545.0,45.0,0.2745692668455177,2.5867340809782036e-05,0.1318555325269699,0.002725456142798066,0.010555517859756947
1583,sample_001583,samples/sample_001583.npz,6,22,5,11,4,12,16,6,8,40.0,120.0,160.0,60.0,80.0,135.0,75.0,80.0,0.6276939599558975,0.0003953643317800015,0.37813031673431396,0.023021496832370758,0.05315452069044113
1584,sample_001584,samples/sample_001584.npz,1,6,51,64,4,12,5,13,8,40.0,120.0,50.0,130.0,80.0,30.0,570.0,80.0,0.3272826435852515,0.00010565861884970218,0.15119746327400208,0.007372089195996523,0.01965608447790146
1585,sample_001585,samples/sample_001585.npz,42,48,48,54,3,6,6,6,3,30.0,60.0,60.0,60.0,30.0,445.0,505.0,45.0,0.81458144565051,5.276198135106824e-05,0.21454735100269318,0.004923183470964432,0.018060587346553802
1586,sample_001586,samples/sample_001586.npz,48,55,10,17,7,15,7,7,8,70.0,150.0,70.0,70.0,80.0,510.0,130.0,110.0,0.9415824129743873,0.0004538937646429986,0.2054111659526825,0.01637337915599346,0.030454421415925026
1587,sample_001587,samples/sample_001587.npz,47,53,34,43,3,7,6,9,4,30.0,70.0,60.0,90.0,40.0,495.0,380.0,50.0,0.24451410438205487,4.26843180321157e-05,0.09727002680301666,0.0029373185243457556,0.009508747607469559
1588,sample_001588,samples/sample_001588.npz,10,14,18,33,6,9,4,15,3,60.0,90.0,40.0,150.0,30.0,115.0,250.0,75.0,0.28480500444049994,5.802827945444733e-05,0.04253742843866348,0.0026226285845041275,0.005840635858476162
1589,sample_001589,samples/sample_001589.npz,48,59,22,26,7,13,11,4,6,70.0,130.0,110.0,40.0,60.0,530.0,235.0,100.0,0.3863421793355212,0.00014026074495632201,0.06241590529680252,0.004760265350341797,0.009091649204492569
1590,sample_001590,samples/sample_001590.npz,47,61,15,31,3,6,14,16,3,30.0,60.0,140.0,160.0,30.0,535.0,225.0,45.0,0.21137194647836274,8.70416552061215e-05,0.14045776426792145,0.007869504392147064,0.02140514925122261
1591,sample_001591,samples/sample_001591.npz,37,48,25,40,7,15,11,15,8,70.0,150.0,110.0,150.0,80.0,420.0,320.0,110.0,0.28923874865628907,0.0009969206294044852,0.16802386939525604,0.018331430852413177,0.028512289747595787
1592,sample_001592,samples/sample_001592.npz,53,59,27,40,7,15,6,13,8,70.0,150.0,60.0,130.0,80.0,555.0,330.0,110.0,0.4950804804330468,0.0004949679714627564,0.15515753626823425,0.013757392764091492,0.02452426590025425
1593,sample_001593,samples/sample_001593.npz,55,60,48,61,5,13,5,13,8,50.0,130.0,50.0,130.0,80.0,570.0,540.0,90.0,0.813918508492274,0.0003377724497113377,0.307108610868454,0.018697919324040413,0.04295402020215988
1594,sample_001594,samples/sample_001594.npz,36,46,26,31,8,13,10,5,5,80.0,130.0,100.0,50.0,50.0,405.0,280.0,105.0,0.584530432460924,0.00035152575583197176,0.08095943927764893,0.007138283923268318,0.012096635065972805
1595,sample_001595,samples/sample_001595.npz,37,45,33,43,3,10,8,10,7,30.0,100.0,80.0,100.0,70.0,405.0,375.0,65.0,0.5784729389568772,0.00045736628817394376,0.39869335293769836,0.017596058547496796,0.045623525977134705
1596,sample_001596,samples/sample_001596.npz,35,49,32,41,8,10,14,9,2,80.0,100.0,140.0,90.0,20.0,415.0,360.0,90.0,0.914406330196416,0.0004543256072793156,0.1361490786075592,0.011675101704895496,0.021176718175411224
1597,sample_001597,samples/sample_001597.npz,35,49,1,16,2,8,14,15,6,20.0,80.0,140.0,150.0,60.0,415.0,80.0,50.0,0.6854459093252605,0.0005480835679918528,0.8469198346138,0.04666242375969887,0.1269969791173935
1598,sample_001598,samples/sample_001598.npz,40,45,14,18,3,7,5,4,4,30.0,70.0,50.0,40.0,40.0,420.0,155.0,50.0,0.49227440452947885,3.0436984161497094e-05,0.09674686193466187,0.0021944516338407993,0.007717077154666185
1599,sample_001599,samples/sample_001599.npz,36,43,32,40,5,12,7,8,7,50.0,120.0,70.0,80.0,70.0,390.0,355.0,85.0,0.9220045944931565,0.0007362100877799094,0.31405383348464966,0.018687916919589043,0.03925727307796478
1600,sample_001600,samples/sample_001600.npz,35,47,21,30,8,15,12,9,7,80.0,150.0,120.0,90.0,70.0,405.0,250.0,115.0,0.6418208160572292,0.001162610249593854,0.21546225249767303,0.022965414449572563,0.035361018031835556
1601,sample_001601,samples/sample_001601.npz,32,44,29,45,8,14,12,16,6,80.0,140.0,120.0,160.0,60.0,375.0,365.0,110.0,0.9297092754007774,0.002863271627575159,0.4405362010002136,0.05167229846119881,0.07738611847162247
1602,sample_001602,samples/sample_001602.npz,23,31,17,31,3,8,8,14,5,30.0,80.0,80.0,140.0,50.0,265.0,235.0,55.0,0.33435260328465066,0.0002409431035630405,0.22647957503795624,0.010447909124195576,0.028125591576099396
1603,sample_001603,samples/sample_001603.npz,52,60,0,9,4,8,8,9,4,40.0,80.0,80.0,90.0,40.0,555.0,40.0,60.0,0.2696622877327733,3.8473339373013005e-05,0.10191304236650467,0.003773292526602745,0.011593783274292946
1604,sample_001604,samples/sample_001604.npz,22,27,53,61,7,15,5,8,8,70.0,150.0,50.0,80.0,80.0,240.0,565.0,110.0,0.6543504327592699,0.00028622636455111206,0.11818602681159973,0.009168353863060474,0.017298126593232155
1605,sample_001605,samples/sample_001605.npz,34,38,22,29,6,12,4,7,6,60.0,120.0,40.0,70.0,60.0,355.0,250.0,90.0,0.709355243213263,0.0002647379878908396,0.09770268946886063,0.006088899914175272,0.012252471409738064
1606,sample_001606,samples/sample_001606.npz,48,58,49,62,7,12,10,13,5,70.0,120.0,100.0,130.0,50.0,525.0,550.0,95.0,0.3263557716575554,0.00019452572450973094,0.11982380598783493,0.009405437856912613,0.019099324941635132
1607,sample_001607,samples/sample_001607.npz,9,22,13,28,8,16,13,15,8,80.0,160.0,130.0,150.0,80.0,150.0,200.0,120.0,0.8812445796824229,0.002392970258370042,0.5078797340393066,0.06156877055764198,0.0926198959350586
1608,sample_001608,samples/sample_001608.npz,13,28,33,48,5,12,15,15,7,50.0,120.0,150.0,150.0,70.0,200.0,400.0,85.0,0.8017654744270648,0.002004859736189246,0.7117392420768738,0.06432410329580307,0.11879551410675049
1609,sample_001609,samples/sample_001609.npz,6,13,44,50,4,6,7,6,2,40.0,60.0,70.0,60.0,20.0,90.0,465.0,50.0,0.8050139745533227,3.895343252224848e-05,0.13024365901947021,0.0036647263914346695,0.012299632653594017
1610,sample_001610,samples/sample_001610.npz,11,23,30,41,6,9,12,11,3,60.0,90.0,120.0,110.0,30.0,165.0,350.0,75.0,0.28185045867513986,0.00016071445134002715,0.08643267303705215,0.005828151945024729,0.012408156879246235
1611,sample_001611,samples/sample_001611.npz,13,28,20,27,7,11,15,7,4,70.0,110.0,150.0,70.0,40.0,200.0,230.0,90.0,0.6681623331992765,0.00046886532800272107,0.1704142689704895,0.014105632901191711,0.02615230157971382
1612,sample_001612,samples/sample_001612.npz,42,48,16,32,7,11,6,16,4,70.0,110.0,60.0,160.0,40.0,445.0,235.0,90.0,0.5657459137817444,0.00035112601472064853,0.13107722997665405,0.010889710858464241,0.02016710862517357
1613,sample_001613,samples/sample_001613.npz,41,52,18,26,2,7,11,8,5,20.0,70.0,110.0,80.0,50.0,460.0,215.0,45.0,0.20292318300312912,6.61945523461327e-05,0.15614201128482819,0.005057828035205603,0.016707567498087883
1614,sample_001614,samples/sample_001614.npz,34,44,39,49,8,13,10,10,5,80.0,130.0,100.0,100.0,50.0,385.0,435.0,105.0,0.48555745252613375,0.00048018136294558644,0.12489023059606552,0.011718718335032463,0.019631963223218918
1615,sample_001615,samples/sample_001615.npz,5,12,47,52,4,11,7,5,7,40.0,110.0,70.0,50.0,70.0,80.0,490.0,75.0,0.46916695843934986,9.038080315804109e-05,0.136696457862854,0.005640503950417042,0.01490864809602499
1616,sample_001616,samples/sample_001616.npz,28,42,20,24,3,8,14,4,5,30.0,80.0,140.0,40.0,50.0,345.0,215.0,55.0,0.30112340701584595,0.00010725333413574845,0.11891310662031174,0.004701022058725357,0.013272477313876152
1617,sample_001617,samples/sample_001617.npz,10,24,24,37,8,16,14,13,8,80.0,160.0,140.0,130.0,80.0,165.0,300.0,120.0,0.9295885956793102,0.003196026897057891,0.5106444358825684,0.06209016963839531,0.09116217494010925
1618,sample_001618,samples/sample_001618.npz,36,44,31,37,4,8,8,6,4,40.0,80.0,80.0,60.0,40.0,395.0,335.0,60.0,0.5822881089991349,0.0001707495393930003,0.16532832384109497,0.006170572713017464,0.01712685450911522
1619,sample_001619,samples/sample_001619.npz,18,26,50,55,3,6,8,5,3,30.0,60.0,80.0,50.0,30.0,215.0,520.0,45.0,0.9491947284349345,7.048714905977249e-05,0.25878793001174927,0.006366858258843422,0.022952748462557793
1620,sample_001620,samples/sample_001620.npz,21,36,22,31,3,5,15,9,2,30.0,50.0,150.0,90.0,20.0,280.0,260.0,40.0,0.7740012943136128,0.00022521588834933937,0.2979929745197296,0.012135635130107403,0.03747203201055527
1621,sample_001621,samples/sample_001621.npz,44,52,49,64,3,9,8,15,6,30.0,90.0,80.0,150.0,60.0,475.0,560.0,60.0,0.8372488711459258,0.0003867360937874764,0.644333004951477,0.03092256747186184,0.08438147604465485
1622,sample_001622,samples/sample_001622.npz,7,15,20,35,3,11,8,15,8,30.0,110.0,80.0,150.0,80.0,105.0,270.0,70.0,0.3348960948970191,0.000345113716321066,0.2980443239212036,0.01665624789893627,0.040061451494693756
1623,sample_001623,samples/sample_001623.npz,18,22,12,24,6,10,4,12,4,60.0,100.0,40.0,120.0,40.0,195.0,175.0,80.0,0.641979899418859,0.0001541570818517357,0.10391483455896378,0.006301908288151026,0.013662876561284065
1624,sample_001624,samples/sample_001624.npz,55,60,40,52,2,5,5,12,3,20.0,50.0,50.0,120.0,30.0,570.0,455.0,35.0,0.6619650088905491,4.5488541218219325e-05,0.28685158491134644,0.0067239683121442795,0.027207626029849052
1625,sample_001625,samples/sample_001625.npz,51,62,21,37,5,11,11,16,6,50.0,110.0,110.0,160.0,60.0,560.0,285.0,80.0,0.5109393489363094,0.0006123569910414517,0.35241079330444336,0.026306813582777977,0.055462516844272614
1626,sample_001626,samples/sample_001626.npz,22,27,17,29,3,9,5,12,6,30.0,90.0,50.0,120.0,60.0,240.0,225.0,60.0,0.6796104931115305,0.00030576216522604227,0.33264806866645813,0.01344576757401228,0.036857154220342636
1627,sample_001627,samples/sample_001627.npz,20,33,26,41,7,10,13,15,3,70.0,100.0,130.0,150.0,30.0,260.0,330.0,85.0,0.4761653342866762,0.0006689766887575388,0.15874913334846497,0.01441354863345623,0.025967437773942947
1628,sample_001628,samples/sample_001628.npz,47,63,26,33,3,11,16,7,8,30.0,110.0,160.0,70.0,80.0,545.0,290.0,70.0,0.5537865325591345,0.0005262845661491156,0.4565671682357788,0.02528657391667366,0.061711836606264114
1629,sample_001629,samples/sample_001629.npz,45,51,8,22,7,13,6,14,6,70.0,130.0,60.0,140.0,60.0,475.0,145.0,100.0,0.5700180920524751,0.00036862713750451803,0.15962308645248413,0.01347328256815672,0.02478562295436859
1630,sample_001630,samples/sample_001630.npz,41,47,8,14,3,11,6,6,8,30.0,110.0,60.0,60.0,80.0,435.0,105.0,70.0,0.8872816169518594,0.00022867640655022115,0.3743148744106293,0.013150825165212154,0.036564894020557404
1631,sample_001631,samples/sample_001631.npz,1,14,9,15,4,8,13,6,4,40.0,80.0,130.0,60.0,40.0,70.0,115.0,60.0,0.6113164823655356,0.0001113852922571823,0.2275676727294922,0.009680800139904022,0.027498740702867508
1632,sample_001632,samples/sample_001632.npz,1,8,44,48,8,14,7,4,6,80.0,140.0,70.0,40.0,60.0,40.0,455.0,110.0,0.9017332064470904,0.00016800312732812017,0.08344022184610367,0.00629777554422617,0.012423458509147167
1633,sample_001633,samples/sample_001633.npz,44,48,38,53,4,7,4,15,3,40.0,70.0,40.0,150.0,30.0,455.0,450.0,55.0,0.5419701301262319,8.141000580508262e-05,0.12444274127483368,0.005347468890249729,0.01479346863925457
1634,sample_001634,samples/sample_001634.npz,16,26,32,45,5,8,10,13,3,50.0,80.0,100.0,130.0,30.0,205.0,380.0,65.0,0.7298627758340019,0.0003739266248885542,0.26411503553390503,0.015392599627375603,0.03600221127271652
1635,sample_001635,samples/sample_001635.npz,51,61,53,57,8,12,10,4,4,80.0,120.0,100.0,40.0,40.0,555.0,545.0,100.0,0.790732956213912,0.00011459937377367169,0.07639321684837341,0.0054158736020326614,0.011327294632792473
1636,sample_001636,samples/sample_001636.npz,4,18,38,53,3,9,14,15,6,30.0,90.0,140.0,150.0,60.0,105.0,450.0,60.0,0.7292151514712761,0.0006894642137922347,0.7705054879188538,0.04842454567551613,0.11805784702301025
1637,sample_001637,samples/sample_001637.npz,35,51,49,60,5,8,16,11,3,50.0,80.0,160.0,110.0,30.0,425.0,540.0,65.0,0.8519102288927107,0.00037123088259249926,0.36161571741104126,0.023234497755765915,0.05437753349542618
1638,sample_001638,samples/sample_001638.npz,35,50,45,50,5,8,15,5,3,50.0,80.0,150.0,50.0,30.0,420.0,470.0,65.0,0.35108851276197983,8.068210445344448e-05,0.07832764834165573,0.004212893545627594,0.010235732421278954
1639,sample_001639,samples/sample_001639.npz,18,26,57,63,7,12,8,6,5,70.0,120.0,80.0,60.0,50.0,215.0,595.0,95.0,0.7720012311845745,0.00019177391368430108,0.1271594762802124,0.008168892003595829,0.017673417925834656
1640,sample_001640,samples/sample_001640.npz,51,62,16,31,2,8,11,15,6,20.0,80.0,110.0,150.0,60.0,560.0,230.0,50.0,0.6319952282468522,0.0003973189741373062,0.7040286660194397,0.03374975174665451,0.09686869382858276
1641,sample_001641,samples/sample_001641.npz,53,57,28,33,4,11,4,5,7,40.0,110.0,40.0,50.0,70.0,545.0,300.0,75.0,0.3774931338589614,6.055184712749906e-05,0.06916800886392593,0.002670116489753127,0.006995838135480881
1642,sample_001642,samples/sample_001642.npz,41,47,17,29,5,11,6,12,6,50.0,110.0,60.0,120.0,60.0,435.0,225.0,80.0,0.6889079019640612,0.0004287902847863734,0.2532321512699127,0.015384150668978691,0.03316935896873474
1643,sample_001643,samples/sample_001643.npz,39,52,37,41,3,6,13,4,3,30.0,60.0,130.0,40.0,30.0,450.0,385.0,45.0,0.2825101313839158,3.6677145544672385e-05,0.07983945310115814,0.002505376236513257,0.00819507148116827
1644,sample_001644,samples/sample_001644.npz,40,56,50,55,2,6,16,5,4,20.0,60.0,160.0,50.0,40.0,475.0,520.0,40.0,0.9620356688862972,0.00014695600839331746,0.5320936441421509,0.01732972450554371,0.05947161093354225
1645,sample_001645,samples/sample_001645.npz,50,57,42,49,8,16,7,7,8,80.0,160.0,70.0,70.0,80.0,530.0,450.0,120.0,0.8004448161529825,0.00044865725794807076,0.14679007232189178,0.013563374988734722,0.02317238785326481
1646,sample_001646,samples/sample_001646.npz,6,21,12,28,7,13,15,16,6,70.0,130.0,150.0,160.0,60.0,130.0,195.0,100.0,0.6446351037876854,0.0012754307826980948,0.4093669652938843,0.04360836371779442,0.07366342842578888
1647,sample_001647,samples/sample_001647.npz,38,42,37,53,4,9,4,16,5,40.0,90.0,40.0,160.0,50.0,395.0,445.0,65.0,0.39676466577661895,0.00015010325296316296,0.12997236847877502,0.0068286145105957985,0.016611550003290176
1648,sample_001648,samples/sample_001648.npz,40,44,44,49,2,4,4,5,2,20.0,40.0,40.0,50.0,20.0,415.0,460.0,30.0,0.6219791431720956,1.2288813195482362e-05,0.1240859255194664,0.0014693958219140768,0.007624051999300718
1649,sample_001649,samples/sample_001649.npz,38,52,25,32,5,9,14,7,4,50.0,90.0,140.0,70.0,40.0,445.0,280.0,70.0,0.5612314069735127,0.00031694286735728383,0.19833903014659882,0.011711858212947845,0.026658937335014343
1650,sample_001650,samples/sample_001650.npz,15,26,60,64,4,9,11,4,5,40.0,90.0,110.0,40.0,50.0,200.0,615.0,65.0,0.287326992468641,4.144337435718626e-05,0.07921533286571503,0.0030414231587201357,0.008912935853004456
1651,sample_001651,samples/sample_001651.npz,26,39,21,31,2,5,13,10,3,20.0,50.0,130.0,100.0,30.0,320.0,255.0,35.0,0.9842733967097224,0.0003919777227565646,0.6436232328414917,0.022575531154870987,0.07702526450157166
1652,sample_001652,samples/sample_001652.npz,31,47,46,55,8,11,16,9,3,80.0,110.0,160.0,90.0,30.0,385.0,500.0,95.0,0.601897388062406,0.0003838372358586639,0.13582749664783478,0.012570027261972427,0.02239973656833172
1653,sample_001653,samples/sample_001653.npz,20,29,9,23,5,8,9,14,3,50.0,80.0,90.0,140.0,30.0,240.0,155.0,65.0,0.46611737773995404,0.00019257755775470287,0.1626274287700653,0.009407361038029194,0.02228708006441593
1654,sample_001654,samples/sample_001654.npz,52,63,23,38,2,7,11,15,5,20.0,70.0,110.0,150.0,50.0,570.0,300.0,45.0,0.2096130888343457,0.00011154119420098141,0.20944610238075256,0.009456655941903591,0.02849620208144188
1655,sample_001655,samples/sample_001655.npz,54,64,11,26,2,7,10,15,5,20.0,70.0,100.0,150.0,50.0,585.0,180.0,45.0,0.3781348255819376,0.00013528228737413883,0.36258918046951294,0.015227031894028187,0.04765070974826813
1656,sample_001656,samples/sample_001656.npz,51,57,7,23,6,8,6,16,2,60.0,80.0,60.0,160.0,20.0,535.0,145.0,70.0,0.731375732305527,0.00010934109741356224,0.11842143535614014,0.0070604076609015465,0.016668520867824554
1657,sample_001657,samples/sample_001657.npz,36,51,15,29,4,6,15,14,2,40.0,60.0,150.0,140.0,20.0,430.0,215.0,50.0,0.6402887338939989,0.00024442150606773794,0.25485914945602417,0.015067245811223984,0.038171377032995224
1658,sample_001658,samples/sample_001658.npz,54,62,4,16,6,10,8,12,4,60.0,100.0,80.0,120.0,40.0,575.0,95.0,80.0,0.903889422662705,0.00024746384588070214,0.27030542492866516,0.01587451435625553,0.03796914964914322
1659,sample_001659,samples/sample_001659.npz,4,15,18,27,3,5,11,9,2,30.0,50.0,110.0,90.0,20.0,90.0,220.0,40.0,0.8171361325653119,8.538022666471079e-05,0.2837319076061249,0.009109539911150932,0.03139901161193848
1660,sample_001660,samples/sample_001660.npz,47,52,36,52,2,10,5,16,8,20.0,100.0,50.0,160.0,80.0,490.0,435.0,60.0,0.354703516862015,0.00019390249508433044,0.2787269651889801,0.01220177486538887,0.03345096856355667
1661,sample_001661,samples/sample_001661.npz,4,10,24,40,7,12,6,16,5,70.0,120.0,60.0,160.0,50.0,65.0,315.0,95.0,0.7271438424757954,0.0004872419813182205,0.1965673863887787,0.016139039769768715,0.0310915969312191
1662,sample_001662,samples/sample_001662.npz,1,15,19,30,6,8,14,11,2,60.0,80.0,140.0,110.0,20.0,75.0,240.0,70.0,0.4392656411529388,0.00012458721175789833,0.10633479058742523,0.006809925194829702,0.015690233558416367
1663,sample_001663,samples/sample_001663.npz,7,11,25,36,4,6,4,11,2,40.0,60.0,40.0,110.0,20.0,85.0,300.0,50.0,0.6448707222621032,4.387590888654813e-05,0.0971280187368393,0.0031040715985000134,0.009911784902215004
1664,sample_001664,samples/sample_001664.npz,45,61,2,8,4,7,16,6,3,40.0,70.0,160.0,60.0,30.0,525.0,45.0,55.0,0.9684100344653459,0.00013752390805166215,0.32159334421157837,0.014111042954027653,0.041140951216220856
1665,sample_001665,samples/sample_001665.npz,47,57,1,11,5,10,10,10,5,50.0,100.0,100.0,100.0,50.0,515.0,55.0,75.0,0.38677398425626985,0.00013536146434489638,0.16978107392787933,0.009135620668530464,0.022753268480300903
1666,sample_001666,samples/sample_001666.npz,35,42,7,19,6,9,7,12,3,60.0,90.0,70.0,120.0,30.0,380.0,125.0,75.0,0.8879444676702379,0.00026194367092102766,0.19295431673526764,0.011485076509416103,0.025877343490719795
1667,sample_001667,samples/sample_001667.npz,23,27,29,36,5,8,4,7,3,50.0,80.0,40.0,70.0,30.0,245.0,320.0,65.0,0.8834689949801866,0.00013277976540848613,0.10208123177289963,0.004049078095704317,0.010658053681254387
1668,sample_001668,samples/sample_001668.npz,47,54,58,62,7,12,7,4,5,70.0,120.0,70.0,40.0,50.0,500.0,595.0,95.0,0.2070454508196855,2.5029503376572393e-05,0.02079945243895054,0.001245675957761705,0.002816815860569477
1669,sample_001669,samples/sample_001669.npz,12,21,0,13,2,8,9,13,6,20.0,80.0,90.0,130.0,60.0,160.0,60.0,50.0,0.9111100418424505,0.0003371092607267201,0.8730109333992004,0.03392339497804642,0.10621688514947891
1670,sample_001670,samples/sample_001670.npz,10,19,19,32,5,11,9,13,6,50.0,110.0,90.0,130.0,60.0,140.0,250.0,80.0,0.4411616526672042,0.0004035523743368685,0.23498322069644928,0.01577989012002945,0.033401235938072205
1671,sample_001671,samples/sample_001671.npz,42,50,39,52,5,9,8,13,4,50.0,90.0,80.0,130.0,40.0,455.0,450.0,70.0,0.35429596225676463,0.00015568405797239393,0.13423915207386017,0.007730910088866949,0.017962533980607986
1672,sample_001672,samples/sample_001672.npz,45,53,53,64,3,10,8,11,7,30.0,100.0,80.0,110.0,70.0,485.0,580.0,65.0,0.6260967515285774,0.000247426622081548,0.4531072974205017,0.01911119744181633,0.05400058254599571
1673,sample_001673,samples/sample_001673.npz,56,63,47,55,5,12,7,8,7,50.0,120.0,70.0,80.0,70.0,590.0,505.0,85.0,0.5956364596009753,0.00018131568504031748,0.20288610458374023,0.01050481479614973,0.025736000388860703
1674,sample_001674,samples/sample_001674.npz,36,48,7,18,2,4,12,11,2,20.0,40.0,120.0,110.0,20.0,415.0,120.0,30.0,0.7145303294339667,8.085543231572956e-05,0.3455348610877991,0.01104752067476511,0.04107284173369408
1675,sample_001675,samples/sample_001675.npz,3,14,20,34,7,10,11,14,3,70.0,100.0,110.0,140.0,30.0,80.0,265.0,85.0,0.7571029097582602,0.00041646769386716187,0.21585769951343536,0.016883214935660362,0.03399435058236122
1676,sample_001676,samples/sample_001676.npz,50,62,29,40,5,9,12,11,4,50.0,90.0,120.0,110.0,40.0,555.0,340.0,70.0,0.6608741550988767,0.0003576268791221082,0.29923152923583984,0.017669515684247017,0.04184993728995323
1677,sample_001677,samples/sample_001677.npz,10,25,38,48,7,12,15,10,5,70.0,120.0,150.0,100.0,50.0,170.0,425.0,95.0,0.6158754656283238,0.000693545734975487,0.24807047843933105,0.022554881870746613,0.04021661356091499
1678,sample_001678,samples/sample_001678.npz,8,19,50,60,6,8,11,10,2,60.0,80.0,110.0,100.0,20.0,130.0,545.0,70.0,0.9259574235207959,0.0001489863352617249,0.1824214905500412,0.010122490115463734,0.02478736825287342
1679,sample_001679,samples/sample_001679.npz,33,37,49,55,3,9,4,6,6,30.0,90.0,40.0,60.0,60.0,345.0,515.0,60.0,0.890927411687267,0.00012635119492188096,0.24305425584316254,0.006897155195474625,0.0212907362729311
1680,sample_001680,samples/sample_001680.npz,34,46,56,64,6,9,12,8,3,60.0,90.0,120.0,80.0,30.0,395.0,595.0,75.0,0.9814112967609079,0.0002431790198897943,0.2387448102235794,0.013445837423205376,0.0325809009373188
1681,sample_001681,samples/sample_001681.npz,27,41,34,50,2,10,14,16,8,20.0,100.0,140.0,160.0,80.0,335.0,415.0,60.0,0.7508690409781391,0.0019383587641641498,1.1177579164505005,0.07398384064435959,0.17346762120723724
1682,sample_001682,samples/sample_001682.npz,18,23,37,42,8,16,5,5,8,80.0,160.0,50.0,50.0,80.0,200.0,390.0,120.0,0.26425224510319273,0.00011746193922590464,0.02592727728188038,0.0024522151798009872,0.003899743314832449
1683,sample_001683,samples/sample_001683.npz,53,60,20,32,5,11,7,12,6,50.0,110.0,70.0,120.0,60.0,560.0,255.0,80.0,0.6693609504501163,0.0003572879359126091,0.2791292369365692,0.01647937297821045,0.03758987411856651
1684,sample_001684,samples/sample_001684.npz,10,26,16,31,8,13,16,15,5,80.0,130.0,160.0,150.0,50.0,175.0,230.0,105.0,0.8165351088000465,0.0017658803844824433,0.4005228281021118,0.04668564349412918,0.0729379802942276
1685,sample_001685,samples/sample_001685.npz,15,23,44,55,2,9,8,11,7,20.0,90.0,80.0,110.0,70.0,185.0,490.0,55.0,0.2226217810468697,0.00010472398571437225,0.20189626514911652,0.007470808923244476,0.02241828478872776
1686,sample_001686,samples/sample_001686.npz,46,52,16,32,6,14,6,16,8,60.0,140.0,60.0,160.0,80.0,485.0,235.0,100.0,0.5364859325770945,0.0006486442871391773,0.2264959067106247,0.019786803051829338,0.0353507399559021
1687,sample_001687,samples/sample_001687.npz,1,17,8,14,7,12,16,6,5,70.0,120.0,160.0,60.0,50.0,85.0,105.0,95.0,0.43137465305226325,0.00019233238708693534,0.11661267280578613,0.009208496659994125,0.01858067885041237
1688,sample_001688,samples/sample_001688.npz,6,22,12,17,2,10,16,5,8,20.0,100.0,160.0,50.0,80.0,135.0,140.0,60.0,0.6618045319185342,0.00030997031717561185,0.5200477838516235,0.02243122085928917,0.0625094398856163
1689,sample_001689,samples/sample_001689.npz,25,34,44,59,6,13,9,15,7,60.0,130.0,90.0,150.0,70.0,290.0,510.0,95.0,0.46517833232498307,0.0007015643641352654,0.24833795428276062,0.021193182095885277,0.03923946991562843
1690,sample_001690,samples/sample_001690.npz,49,53,34,42,8,15,4,8,7,80.0,150.0,40.0,80.0,70.0,505.0,375.0,115.0,0.5855424009536783,0.00023172004148364067,0.06680916994810104,0.005978413857519627,0.010110657662153244
1691,sample_001691,samples/sample_001691.npz,46,62,28,39,8,13,16,11,5,80.0,130.0,160.0,110.0,50.0,535.0,330.0,105.0,0.83454746273398,0.0012187210377305746,0.32545235753059387,0.03356587886810303,0.056853994727134705
1692,sample_001692,samples/sample_001692.npz,30,44,7,22,7,9,14,15,2,70.0,90.0,140.0,150.0,20.0,365.0,140.0,80.0,0.6595135140615321,0.00037847773637622595,0.1648959219455719,0.014080406166613102,0.027158569544553757
1693,sample_001693,samples/sample_001693.npz,44,59,38,54,7,10,15,16,3,70.0,100.0,150.0,160.0,30.0,510.0,455.0,85.0,0.5466848361902891,0.00042862584814429283,0.20746459066867828,0.019172178581357002,0.036072004586458206
1694,sample_001694,samples/sample_001694.npz,26,35,13,20,5,10,9,7,5,50.0,100.0,90.0,70.0,50.0,300.0,160.0,75.0,0.636274030631347,0.0002967717591673136,0.19702675938606262,0.01047641783952713,0.024243859574198723
1695,sample_001695,samples/sample_001695.npz,46,56,58,63,8,12,10,5,4,80.0,120.0,100.0,50.0,40.0,505.0,600.0,100.0,0.7934215907066937,0.00014088409079704434,0.0944724828004837,0.006588886491954327,0.014111903496086597
1696,sample_001696,samples/sample_001696.npz,36,52,10,26,7,15,16,16,8,70.0,150.0,160.0,160.0,80.0,435.0,175.0,110.0,0.2860059767918817,0.0010001593036577106,0.22755949199199677,0.02727266401052475,0.0420481413602829
1697,sample_001697,samples/sample_001697.npz,5,18,48,61,8,11,13,13,3,80.0,110.0,130.0,130.0,30.0,110.0,540.0,95.0,0.21090097286136045,0.00010191382898483425,0.05518580973148346,0.004785728640854359,0.009302429854869843
1698,sample_001698,samples/sample_001698.npz,39,55,46,58,4,6,16,12,2,40.0,60.0,160.0,120.0,20.0,465.0,515.0,50.0,0.46007431989829534,0.00010980970546370372,0.17506368458271027,0.009635573253035545,0.02555779367685318
1699,sample_001699,samples/sample_001699.npz,0,12,18,27,2,8,12,9,6,20.0,80.0,120.0,90.0,60.0,55.0,220.0,50.0,0.5987446764586974,0.0002303184592165053,0.557948648929596,0.020682716742157936,0.065547414124012
1700,sample_001700,samples/sample_001700.npz,12,21,17,27,4,6,9,10,2,40.0,60.0,90.0,100.0,20.0,160.0,215.0,50.0,0.9318090588022718,0.00013404927449300885,0.24655210971832275,0.009349321015179157,0.02790844440460205
1701,sample_001701,samples/sample_001701.npz,8,22,24,40,5,7,14,16,2,50.0,70.0,140.0,160.0,20.0,145.0,315.0,60.0,0.5328856616772417,0.00028427981305867434,0.1864309012889862,0.012923520058393478,0.029322078451514244
1702,sample_001702,samples/sample_001702.npz,24,37,46,51,7,12,13,5,5,70.0,120.0,130.0,50.0,50.0,300.0,480.0,95.0,0.3134243282750062,0.00018277077469974756,0.0626506358385086,0.005006146151572466,0.009296716190874577
1703,sample_001703,samples/sample_001703.npz,45,56,46,55,2,9,11,9,7,20.0,90.0,110.0,90.0,70.0,500.0,500.0,55.0,0.33318120882773417,0.0001490191789343953,0.32168927788734436,0.01238514855504036,0.0372004397213459
1704,sample_001704,samples/sample_001704.npz,59,64,28,35,4,7,5,7,3,40.0,70.0,50.0,70.0,30.0,610.0,310.0,55.0,0.8746491333726463,6.434533133869991e-05,0.1612420231103897,0.004668971989303827,0.015583689324557781
1705,sample_001705,samples/sample_001705.npz,29,37,41,55,2,6,8,14,4,20.0,60.0,80.0,140.0,40.0,325.0,475.0,40.0,0.3696975596493137,0.0001330259838141501,0.2705824375152588,0.009518824517726898,0.0314607173204422
1706,sample_001706,samples/sample_001706.npz,13,18,46,61,8,11,5,15,3,80.0,110.0,50.0,150.0,30.0,150.0,530.0,95.0,0.642082963840322,0.00015520617307629436,0.08216135203838348,0.006669999565929174,0.012945860624313354
1707,sample_001707,samples/sample_001707.npz,8,14,34,46,7,12,6,12,5,70.0,120.0,60.0,120.0,50.0,105.0,395.0,95.0,0.2952680668979092,0.00014121409913059324,0.06649676710367203,0.005066486541181803,0.009797018021345139
1708,sample_001708,samples/sample_001708.npz,22,28,39,46,7,14,6,7,7,70.0,140.0,60.0,70.0,70.0,245.0,420.0,105.0,0.3326079273023875,0.00020145693270023912,0.05913447216153145,0.004747617524117231,0.008365867659449577
1709,sample_001709,samples/sample_001709.npz,41,45,15,31,5,8,4,16,3,50.0,80.0,40.0,160.0,30.0,425.0,225.0,65.0,0.48117042152813366,0.00011277198791503906,0.09072280675172806,0.004982769023627043,0.011867411434650421
1710,sample_001710,samples/sample_001710.npz,35,44,35,49,7,15,9,14,8,70.0,150.0,90.0,140.0,80.0,390.0,415.0,110.0,0.403806252510466,0.0008819253998808563,0.19047856330871582,0.019456632435321808,0.03111960180103779
1711,sample_001711,samples/sample_001711.npz,38,47,7,13,2,9,9,6,7,20.0,90.0,90.0,60.0,70.0,420.0,95.0,55.0,0.7289576404589153,0.00019632198382169008,0.5010512471199036,0.014837021939456463,0.048088908195495605
1712,sample_001712,samples/sample_001712.npz,30,36,43,52,7,9,6,9,2,70.0,90.0,60.0,90.0,20.0,325.0,470.0,80.0,0.25572440059929635,4.4187880121171474e-05,0.023766471073031425,0.0014224698534235358,0.0030773677863180637
1713,sample_001713,samples/sample_001713.npz,3,17,24,30,7,15,14,6,8,70.0,150.0,140.0,60.0,80.0,95.0,265.0,110.0,0.823464187335132,0.0008807247504591942,0.2719877064228058,0.024947717785835266,0.04350662603974342
1714,sample_001714,samples/sample_001714.npz,7,20,19,23,7,12,13,4,5,70.0,120.0,130.0,40.0,50.0,130.0,205.0,95.0,0.2036702700099765,7.055290916468948e-05,0.033080775290727615,0.0025438114535063505,0.004874324891716242
1715,sample_001715,samples/sample_001715.npz,14,29,14,21,8,13,15,7,5,80.0,130.0,150.0,70.0,50.0,210.0,170.0,105.0,0.23554187093060755,0.0002063030406134203,0.059804122895002365,0.005874542519450188,0.009830796159803867
1716,sample_001716,samples/sample_001716.npz,24,34,52,57,6,14,10,5,8,60.0,140.0,100.0,50.0,80.0,285.0,540.0,100.0,0.9114318184602557,0.0005419201334007084,0.23789598047733307,0.01702880673110485,0.033293817192316055
1717,sample_001717,samples/sample_001717.npz,42,52,34,47,3,9,10,13,6,30.0,90.0,100.0,130.0,60.0,465.0,400.0,60.0,0.4731716932104849,0.00037319466355256736,0.39543184638023376,0.02004731446504593,0.05156183987855911
1718,sample_001718,samples/sample_001718.npz,51,61,14,28,4,8,10,14,4,40.0,80.0,100.0,140.0,40.0,555.0,205.0,60.0,0.28538641600221015,0.00011650295346044004,0.15896281599998474,0.008328089490532875,0.021637236699461937
1719,sample_001719,samples/sample_001719.npz,25,38,7,14,2,4,13,7,2,20.0,40.0,130.0,70.0,20.0,310.0,100.0,30.0,0.48356920551704996,4.41936390416231e-05,0.19685518741607666,0.005149409174919128,0.020604927092790604
1720,sample_001720,samples/sample_001720.npz,35,46,48,59,8,13,11,11,5,80.0,130.0,110.0,110.0,50.0,400.0,530.0,105.0,0.7520875577895636,0.0006493967375718057,0.22421137988567352,0.020842015743255615,0.03669463470578194
1721,sample_001721,samples/sample_001721.npz,33,47,55,61,3,8,14,6,5,30.0,80.0,140.0,60.0,50.0,395.0,575.0,55.0,0.2828638195166912,7.986367563717067e-05,0.15599983930587769,0.00624826131388545,0.01840631291270256
1722,sample_001722,samples/sample_001722.npz,8,12,21,30,4,6,4,9,2,40.0,60.0,40.0,90.0,20.0,95.0,250.0,50.0,0.7300311967538335,3.7492456613108516e-05,0.0992576852440834,0.002883657580241561,0.009479478001594543
1723,sample_001723,samples/sample_001723.npz,20,25,22,34,3,9,5,12,6,30.0,90.0,50.0,120.0,60.0,220.0,275.0,60.0,0.5127392697280009,0.0002519617264624685,0.250969797372818,0.010163729079067707,0.02780088223516941
1724,sample_001724,samples/sample_001724.npz,51,61,15,25,5,9,10,10,4,50.0,90.0,100.0,100.0,40.0,555.0,195.0,70.0,0.981036475043084,0.00032472159364260733,0.37331798672676086,0.01972128637135029,0.0487486757338047
1725,sample_001725,samples/sample_001725.npz,56,61,33,41,5,11,5,8,6,50.0,110.0,50.0,80.0,60.0,580.0,365.0,80.0,0.5652057417599021,0.0001377354346914217,0.13334991037845612,0.006507480517029762,0.015949726104736328
1726,sample_001726,samples/sample_001726.npz,28,38,40,44,4,9,10,4,5,40.0,90.0,100.0,40.0,50.0,325.0,415.0,65.0,0.49742755147174966,0.00015741612878628075,0.13038785755634308,0.00540886027738452,0.014118113555014133
1727,sample_001727,samples/sample_001727.npz,48,62,2,14,2,5,14,12,3,20.0,50.0,140.0,120.0,30.0,545.0,75.0,35.0,0.378075307197751,6.173853762447834e-05,0.2701334059238434,0.010583620518445969,0.036031465977430344
1728,sample_001728,samples/sample_001728.npz,46,52,9,25,6,8,6,16,2,60.0,80.0,60.0,160.0,20.0,485.0,165.0,70.0,0.35604921303794423,6.398632831405848e-05,0.057650063186883926,0.0035378029569983482,0.008084611035883427
1729,sample_001729,samples/sample_001729.npz,56,61,25,37,2,7,5,12,5,20.0,70.0,50.0,120.0,50.0,580.0,305.0,45.0,0.8000893594329284,0.0001504829415353015,0.46494752168655396,0.01308843120932579,0.046444039791822433
1730,sample_001730,samples/sample_001730.npz,36,45,28,44,2,7,9,16,5,20.0,70.0,90.0,160.0,50.0,400.0,355.0,45.0,0.9083838988687785,0.0007019732147455215,0.8379988670349121,0.037435632199048996,0.10934343934059143
1731,sample_001731,samples/sample_001731.npz,12,19,21,34,6,9,7,13,3,60.0,90.0,70.0,130.0,30.0,150.0,270.0,75.0,0.9548472955402871,0.00034675997449085116,0.21712474524974823,0.0135518629103899,0.02975546009838581
1732,sample_001732,samples/sample_001732.npz,13,18,43,48,5,13,5,5,8,50.0,130.0,50.0,50.0,80.0,150.0,450.0,90.0,0.9813475027033871,0.0002445865247864276,0.17760175466537476,0.009646609425544739,0.021038400009274483
1733,sample_001733,samples/sample_001733.npz,50,63,3,11,3,5,13,8,2,30.0,50.0,130.0,80.0,20.0,560.0,65.0,40.0,0.8551542367409315,6.193630542838946e-05,0.29727113246917725,0.009586134925484657,0.03391854092478752
1734,sample_001734,samples/sample_001734.npz,23,34,1,16,8,12,11,15,4,80.0,120.0,110.0,150.0,40.0,280.0,80.0,100.0,0.8332729570979018,0.0007935325847938657,0.26488590240478516,0.02517051249742508,0.0450960248708725
1735,sample_001735,samples/sample_001735.npz,42,49,22,28,5,11,7,6,6,50.0,110.0,70.0,60.0,60.0,450.0,245.0,80.0,0.44714566456786176,0.00016348106146324426,0.1115160882472992,0.00582328625023365,0.013181239366531372
1736,sample_001736,samples/sample_001736.npz,26,31,9,24,2,7,5,15,5,20.0,70.0,50.0,150.0,50.0,280.0,160.0,45.0,0.6498705491664385,0.0002095080417348072,0.4016936123371124,0.013822034932672977,0.04441649466753006
1737,sample_001737,samples/sample_001737.npz,47,56,24,33,8,12,9,9,4,80.0,120.0,90.0,90.0,40.0,510.0,280.0,100.0,0.3685044068852345,0.00019435453577898443,0.06799526512622833,0.005679490510374308,0.010350149124860764
1738,sample_001738,samples/sample_001738.npz,39,51,35,47,8,11,12,12,3,80.0,110.0,120.0,120.0,30.0,445.0,405.0,95.0,0.9835285795272573,0.0007042809156700969,0.2304150015115738,0.020945511758327484,0.03694005683064461
1739,sample_001739,samples/sample_001739.npz,54,62,39,52,6,9,8,13,3,60.0,90.0,80.0,130.0,30.0,575.0,450.0,75.0,0.7106894396679662,0.0001795960561139509,0.1809675097465515,0.010711144655942917,0.025310922414064407
1740,sample_001740,samples/sample_001740.npz,41,54,22,37,8,13,13,15,5,80.0,130.0,130.0,150.0,50.0,470.0,290.0,105.0,0.7676777348986059,0.0015015541575849056,0.32574257254600525,0.03574976325035095,0.057095158845186234
1741,sample_001741,samples/sample_001741.npz,41,50,4,20,2,9,9,16,7,20.0,90.0,90.0,160.0,70.0,450.0,115.0,55.0,0.8155904351391998,0.000581023225095123,0.9069145917892456,0.044266898185014725,0.12173854559659958
1742,sample_001742,samples/sample_001742.npz,49,61,6,22,7,12,12,16,5,70.0,120.0,120.0,160.0,50.0,545.0,135.0,95.0,0.22761609089541485,0.0002183007454732433,0.10964121669530869,0.009883166290819645,0.01880449801683426
1743,sample_001743,samples/sample_001743.npz,14,28,4,13,3,8,14,9,5,30.0,80.0,140.0,90.0,50.0,205.0,80.0,55.0,0.5952487313553798,0.00025423342594876885,0.43278738856315613,0.01996927335858345,0.05581765994429588
1744,sample_001744,samples/sample_001744.npz,44,54,2,15,3,7,10,13,4,30.0,70.0,100.0,130.0,40.0,485.0,80.0,50.0,0.5513973288208021,0.0001540992088848725,0.3600956201553345,0.01534522045403719,0.04562483727931976
1745,sample_001745,samples/sample_001745.npz,13,28,20,24,5,9,15,4,4,50.0,90.0,150.0,40.0,40.0,200.0,215.0,70.0,0.20956797721715567,6.308925367193297e-05,0.0469362698495388,0.0026695795822888613,0.006152081303298473
1746,sample_001746,samples/sample_001746.npz,47,52,21,35,5,13,5,14,8,50.0,130.0,50.0,140.0,80.0,490.0,275.0,90.0,0.7342843741125797,0.0006359114777296782,0.2896888256072998,0.020412394776940346,0.040722157806158066
1747,sample_001747,samples/sample_001747.npz,60,64,6,22,5,11,4,16,6,50.0,110.0,40.0,160.0,60.0,615.0,135.0,80.0,0.3622739861032443,9.794152720132843e-05,0.10745211690664291,0.006156519521027803,0.015147961676120758
1748,sample_001748,samples/sample_001748.npz,57,61,44,59,3,7,4,15,4,30.0,70.0,40.0,150.0,40.0,585.0,510.0,50.0,0.28018983453374136,3.1145762477535754e-05,0.09933314472436905,0.003503970568999648,0.011239245533943176
1749,sample_001749,samples/sample_001749.npz,3,15,50,62,5,10,12,12,5,50.0,100.0,120.0,120.0,50.0,85.0,555.0,75.0,0.5358954163234575,0.00026517853257246315,0.2980971932411194,0.01818661205470562,0.04355747997760773
1750,sample_001750,samples/sample_001750.npz,21,25,7,22,6,13,4,15,7,60.0,130.0,40.0,150.0,70.0,225.0,140.0,95.0,0.3099412768923805,0.00018802152771968395,0.08036630600690842,0.006308852694928646,0.011944037862122059
1751,sample_001751,samples/sample_001751.npz,48,53,43,56,2,7,5,13,5,20.0,70.0,50.0,130.0,50.0,500.0,490.0,45.0,0.6405936918533017,0.00011314670700812712,0.38088807463645935,0.011566092260181904,0.03948148339986801
1752,sample_001752,samples/sample_001752.npz,23,28,39,48,5,8,5,9,3,50.0,80.0,50.0,90.0,30.0,250.0,430.0,65.0,0.8365839959507726,0.00014520353579428047,0.14058947563171387,0.006108392030000687,0.015777360647916794
1753,sample_001753,samples/sample_001753.npz,47,62,57,63,8,10,15,6,2,80.0,100.0,150.0,60.0,20.0,540.0,595.0,90.0,0.34346581158389383,4.666915629059076e-05,0.037546899169683456,0.0026210821233689785,0.005852494854480028
1754,sample_001754,samples/sample_001754.npz,43,47,27,35,4,7,4,8,3,40.0,70.0,40.0,80.0,30.0,445.0,305.0,55.0,0.5252437547678597,6.097072036936879e-05,0.08877069503068924,0.0028017465956509113,0.008488873019814491
1755,sample_001755,samples/sample_001755.npz,22,33,4,15,3,6,11,11,3,30.0,60.0,110.0,110.0,30.0,270.0,90.0,45.0,0.6280549416547063,0.00015181351045612246,0.3267870843410492,0.012663793750107288,0.03949984908103943
1756,sample_001756,samples/sample_001756.npz,17,26,23,35,6,9,9,12,3,60.0,90.0,90.0,120.0,30.0,210.0,285.0,75.0,0.5349691896183535,0.00029386242385953665,0.142065167427063,0.00915505737066269,0.019614147022366524
1757,sample_001757,samples/sample_001757.npz,50,62,46,51,2,6,12,5,4,20.0,60.0,120.0,50.0,40.0,555.0,480.0,40.0,0.6529040876335205,6.724750710418448e-05,0.3367026150226593,0.00869661569595337,0.03281985595822334
1758,sample_001758,samples/sample_001758.npz,11,24,52,64,4,8,13,12,4,40.0,80.0,130.0,120.0,40.0,170.0,575.0,60.0,0.6651702345780619,0.00026478705694898963,0.3968014121055603,0.02111174911260605,0.055589161813259125
1759,sample_001759,samples/sample_001759.npz,30,39,42,57,8,16,9,15,8,80.0,160.0,90.0,150.0,80.0,340.0,490.0,120.0,0.5742515035837266,0.0013136290945112705,0.24491821229457855,0.028060106560587883,0.04267844557762146
1760,sample_001760,samples/sample_001760.npz,28,38,57,62,3,8,10,5,5,30.0,80.0,100.0,50.0,50.0,325.0,590.0,55.0,0.7550314194944059,0.0001396278094034642,0.3096742630004883,0.0098350765183568,0.03153228759765625
1761,sample_001761,samples/sample_001761.npz,32,36,34,47,5,10,4,13,5,50.0,100.0,40.0,130.0,50.0,335.0,400.0,75.0,0.3570884657918969,0.00017361836216878146,0.08571083843708038,0.0049223885871469975,0.01094191987067461
1762,sample_001762,samples/sample_001762.npz,47,57,54,64,8,10,10,10,2,80.0,100.0,100.0,100.0,20.0,515.0,585.0,90.0,0.49010142096526066,8.002797403605655e-05,0.0626959428191185,0.004289901349693537,0.009432190097868443
1763,sample_001763,samples/sample_001763.npz,54,62,53,58,4,11,8,5,7,40.0,110.0,80.0,50.0,70.0,575.0,550.0,75.0,0.5083778139251522,9.175029845209792e-05,0.16429278254508972,0.006628456059843302,0.018343815580010414
1764,sample_001764,samples/sample_001764.npz,22,34,16,31,6,8,12,15,2,60.0,80.0,120.0,150.0,20.0,275.0,230.0,70.0,0.50911226199191,0.00030444562435150146,0.1352062076330185,0.009824048727750778,0.02058480866253376
1765,sample_001765,samples/sample_001765.npz,31,42,4,11,8,10,11,7,2,80.0,100.0,110.0,70.0,20.0,360.0,70.0,90.0,0.47775069484674726,9.031844820128754e-05,0.04856162145733833,0.003470837604254484,0.007119092158973217
1766,sample_001766,samples/sample_001766.npz,42,50,27,41,4,9,8,14,5,40.0,90.0,80.0,140.0,50.0,455.0,335.0,65.0,0.7207369042515748,0.000542535912245512,0.39867427945137024,0.021762168034911156,0.052382942289114
1767,sample_001767,samples/sample_001767.npz,5,11,27,33,5,7,6,6,2,50.0,70.0,60.0,60.0,20.0,75.0,295.0,60.0,0.9843180689987763,6.277478678384796e-05,0.10758347064256668,0.0037277122028172016,0.01094907522201538
1768,sample_001768,samples/sample_001768.npz,2,14,50,55,5,11,12,5,6,50.0,110.0,120.0,50.0,60.0,75.0,520.0,80.0,0.4018698493497179,0.00011191271187271923,0.12507887184619904,0.006817494984716177,0.016414863988757133
1769,sample_001769,samples/sample_001769.npz,14,20,22,28,5,8,6,6,3,50.0,80.0,60.0,60.0,30.0,165.0,245.0,65.0,0.664237382133456,8.130591595545411e-05,0.09720023721456528,0.0038513722829520702,0.010262362658977509
1770,sample_001770,samples/sample_001770.npz,9,24,22,29,3,8,15,7,5,30.0,80.0,150.0,70.0,50.0,160.0,250.0,55.0,0.9325198526156442,0.00047365479986183345,0.5862519145011902,0.026962487027049065,0.07345215231180191
1771,sample_001771,samples/sample_001771.npz,18,27,1,8,2,7,9,7,5,20.0,70.0,90.0,70.0,50.0,220.0,40.0,45.0,0.8242769618965586,0.00013253447832539678,0.53548264503479,0.013988090679049492,0.051546335220336914
1772,sample_001772,samples/sample_001772.npz,44,55,18,25,3,10,11,7,7,30.0,100.0,110.0,70.0,70.0,490.0,210.0,65.0,0.43199304865487415,0.00022343733871821314,0.2830973267555237,0.012355095706880093,0.03282077983021736
1773,sample_001773,samples/sample_001773.npz,8,21,54,61,6,13,13,7,7,60.0,130.0,130.0,70.0,70.0,140.0,570.0,95.0,0.5693458213831604,0.0003417611587792635,0.22522658109664917,0.01615612581372261,0.03380817547440529
1774,sample_001774,samples/sample_001774.npz,7,17,5,17,6,12,10,12,6,60.0,120.0,100.0,120.0,60.0,115.0,105.0,90.0,0.863428352987665,0.0005885485443286598,0.3988906741142273,0.02890154905617237,0.06003735959529877
1775,sample_001775,samples/sample_001775.npz,11,16,7,14,5,13,5,7,8,50.0,130.0,50.0,70.0,80.0,130.0,100.0,90.0,0.30022736910429393,8.104298467515036e-05,0.07266481220722198,0.003949947189539671,0.008950645104050636
1776,sample_001776,samples/sample_001776.npz,21,29,16,24,5,8,8,8,3,50.0,80.0,80.0,80.0,30.0,245.0,195.0,65.0,0.23220531146862566,5.564217644860037e-05,0.053118422627449036,0.002407957799732685,0.006126793567091227
1777,sample_001777,samples/sample_001777.npz,10,24,23,33,2,4,14,10,2,20.0,40.0,140.0,100.0,20.0,165.0,275.0,30.0,0.9867145901715679,0.0001597291266079992,0.48086681962013245,0.016328513622283936,0.05883142724633217
1778,sample_001778,samples/sample_001778.npz,14,24,10,20,4,9,10,10,5,40.0,90.0,100.0,100.0,50.0,185.0,145.0,65.0,0.34424668880313036,0.00015734275802969933,0.18489114940166473,0.009103618562221527,0.023069187998771667
1779,sample_001779,samples/sample_001779.npz,48,53,17,22,8,12,5,5,4,80.0,120.0,50.0,50.0,40.0,500.0,190.0,100.0,0.7091135456924555,9.512290125712752e-05,0.04582155495882034,0.0033500627614557743,0.006424957886338234
1780,sample_001780,samples/sample_001780.npz,45,54,35,42,7,15,9,7,8,70.0,150.0,90.0,70.0,80.0,490.0,380.0,110.0,0.6375185335684141,0.0005643715267069638,0.17262236773967743,0.014981881715357304,0.025944095104932785
1781,sample_001781,samples/sample_001781.npz,22,26,11,15,2,6,4,4,4,20.0,60.0,40.0,40.0,40.0,235.0,125.0,40.0,0.9451040803810586,3.6525059840641916e-05,0.23779578506946564,0.003453145269304514,0.015151032246649265
1782,sample_001782,samples/sample_001782.npz,5,11,53,57,3,7,6,4,4,30.0,70.0,60.0,40.0,40.0,75.0,545.0,50.0,0.5892447190675356,2.5938532417058013e-05,0.13360215723514557,0.0029761618934571743,0.010971810668706894
1783,sample_001783,samples/sample_001783.npz,51,61,23,31,8,13,10,8,5,80.0,130.0,100.0,80.0,50.0,555.0,265.0,105.0,0.9451631854832563,0.0005404168623499572,0.20151279866695404,0.0170137882232666,0.03132171183824539
1784,sample_001784,samples/sample_001784.npz,9,18,12,20,2,6,9,8,4,20.0,60.0,90.0,80.0,40.0,130.0,155.0,40.0,0.21407305803669274,3.0958864954300225e-05,0.13360992074012756,0.003491031238809228,0.012979566119611263
1785,sample_001785,samples/sample_001785.npz,30,45,28,39,2,5,15,11,3,20.0,50.0,150.0,110.0,30.0,370.0,330.0,35.0,0.2930866145323197,0.0001468001282773912,0.2057940512895584,0.008531092666089535,0.027336401864886284
1786,sample_001786,samples/sample_001786.npz,45,53,30,35,4,12,8,5,8,40.0,120.0,80.0,50.0,80.0,485.0,320.0,80.0,0.20971021299409723,0.0001026507597998716,0.07167640328407288,0.003443595953285694,0.008089486509561539
1787,sample_001787,samples/sample_001787.npz,23,37,39,53,8,11,14,14,3,80.0,110.0,140.0,140.0,30.0,295.0,455.0,95.0,0.40438194447043085,0.00046395615208894014,0.11755454540252686,0.011757410131394863,0.01994502916932106
1788,sample_001788,samples/sample_001788.npz,4,10,16,23,7,9,6,7,2,70.0,90.0,60.0,70.0,20.0,65.0,190.0,80.0,0.9451229041731435,7.177360384957865e-05,0.0717177540063858,0.003821067977696657,0.009058983065187931
1789,sample_001789,samples/sample_001789.npz,12,22,31,37,8,16,10,6,8,80.0,160.0,100.0,60.0,80.0,165.0,335.0,120.0,0.3923298474018104,0.00043561094207689166,0.08556477725505829,0.008663875982165337,0.01355055719614029
1790,sample_001790,samples/sample_001790.npz,48,58,41,56,3,10,10,15,7,30.0,100.0,100.0,150.0,70.0,525.0,480.0,65.0,0.8028460207905421,0.0006336088408716023,0.7750006914138794,0.04347427934408188,0.1085212305188179
1791,sample_001791,samples/sample_001791.npz,28,35,53,59,3,6,7,6,3,30.0,60.0,70.0,60.0,30.0,310.0,555.0,45.0,0.4130117962839955,3.5829973057843745e-05,0.11941896378993988,0.0028788712806999683,0.01051864493638277
1792,sample_001792,samples/sample_001792.npz,55,62,17,29,2,10,7,12,8,20.0,100.0,70.0,120.0,80.0,580.0,225.0,60.0,0.8861319307953379,0.0004196972877252847,0.8080354332923889,0.030641987919807434,0.09159793704748154
1793,sample_001793,samples/sample_001793.npz,29,33,15,29,3,8,4,14,5,30.0,80.0,40.0,140.0,50.0,305.0,215.0,55.0,0.7649284260682923,0.00029029836878180504,0.30206888914108276,0.011942364275455475,0.033715032041072845
1794,sample_001794,samples/sample_001794.npz,40,53,7,21,5,8,13,14,3,50.0,80.0,130.0,140.0,30.0,460.0,135.0,65.0,0.7574250292376457,0.0003557645541150123,0.33352693915367126,0.021668558940291405,0.050002314150333405
1795,sample_001795,samples/sample_001795.npz,33,44,50,61,3,11,11,11,8,30.0,110.0,110.0,110.0,80.0,380.0,550.0,70.0,0.31703676605274467,0.0002914314391091466,0.29629936814308167,0.015613926574587822,0.03899248689413071
1796,sample_001796,samples/sample_001796.npz,10,19,45,49,7,9,9,4,2,70.0,90.0,90.0,40.0,20.0,140.0,465.0,80.0,0.41039604631803894,3.091292819590308e-05,0.026298344135284424,0.0014821430668234825,0.0033423432614654303
1797,sample_001797,samples/sample_001797.npz,23,27,25,35,4,6,4,10,2,40.0,60.0,40.0,100.0,20.0,245.0,295.0,50.0,0.6032930123863953,6.394505180651322e-05,0.08709343522787094,0.002734299749135971,0.008544132113456726
1798,sample_001798,samples/sample_001798.npz,10,25,9,13,6,8,15,4,2,60.0,80.0,150.0,40.0,20.0,170.0,105.0,70.0,0.8820639703178885,8.978249388746917e-05,0.09593271464109421,0.005398484878242016,0.012861082330346107
1799,sample_001799,samples/sample_001799.npz,50,58,16,28,4,7,8,12,3,40.0,70.0,80.0,120.0,30.0,535.0,215.0,55.0,0.9883860966559981,0.00020616802794393152,0.3627645671367645,0.015302188694477081,0.04340337589383125
1800,sample_001800,samples/sample_001800.npz,14,20,37,50,2,7,6,13,5,20.0,70.0,60.0,130.0,50.0,165.0,430.0,45.0,0.49120016461934224,0.00013431525439955294,0.3358020782470703,0.010826846584677696,0.035718388855457306
1801,sample_001801,samples/sample_001801.npz,49,64,53,60,2,9,15,7,7,20.0,90.0,150.0,70.0,70.0,560.0,560.0,55.0,0.5040546484420376,0.00017879888764582574,0.4690064787864685,0.01878316141664982,0.057743970304727554
1802,sample_001802,samples/sample_001802.npz,2,12,27,43,6,13,10,16,7,60.0,130.0,100.0,160.0,70.0,65.0,345.0,95.0,0.9654461323345178,0.001422266592271626,0.5839282274246216,0.04987028241157532,0.09538143873214722
1803,sample_001803,samples/sample_001803.npz,20,25,1,8,6,11,5,7,5,60.0,110.0,50.0,70.0,50.0,220.0,40.0,85.0,0.25276718600763753,4.21479380747769e-05,0.03849325329065323,0.002041952218860388,0.004845429677516222
1804,sample_001804,samples/sample_001804.npz,5,9,53,60,7,15,4,7,8,70.0,150.0,40.0,70.0,80.0,65.0,560.0,110.0,0.39278251985230145,8.217075082939118e-05,0.05113256350159645,0.003549154382199049,0.007408100180327892
1805,sample_001805,samples/sample_001805.npz,52,57,30,40,8,14,5,10,6,80.0,140.0,50.0,100.0,60.0,540.0,345.0,110.0,0.9100915842184589,0.00044480973156169057,0.1414061039686203,0.01232754997909069,0.021812688559293747
1806,sample_001806,samples/sample_001806.npz,33,45,48,62,2,8,12,14,6,20.0,80.0,120.0,140.0,60.0,385.0,545.0,50.0,0.8984386011844745,0.000623713422100991,1.020923137664795,0.04924609139561653,0.14012247323989868
1807,sample_001807,samples/sample_001807.npz,36,50,37,50,5,11,14,13,6,50.0,110.0,140.0,130.0,60.0,425.0,430.0,80.0,0.21650610627226927,0.0003287133004050702,0.15504372119903564,0.012168518267571926,0.024171754717826843
1808,sample_001808,samples/sample_001808.npz,51,61,11,26,2,8,10,15,6,20.0,80.0,100.0,150.0,60.0,555.0,180.0,50.0,0.7809233123098891,0.0004039938503410667,0.8327845931053162,0.037827882915735245,0.11072834581136703
1809,sample_001809,samples/sample_001809.npz,43,51,51,58,5,10,8,7,5,50.0,100.0,80.0,70.0,50.0,465.0,540.0,75.0,0.4939861858847621,0.00011864949919981882,0.14079156517982483,0.006876830011606216,0.01699936017394066
1810,sample_001810,samples/sample_001810.npz,38,52,33,44,2,5,14,11,3,20.0,50.0,140.0,110.0,30.0,445.0,380.0,35.0,0.406028147482773,0.0001259716518688947,0.2806398868560791,0.010957256890833378,0.03609679639339447
1811,sample_001811,samples/sample_001811.npz,46,57,44,49,6,8,11,5,2,60.0,80.0,110.0,50.0,20.0,510.0,460.0,70.0,0.7125451069218063,6.918116559972987e-05,0.07979950308799744,0.004026999231427908,0.009925667196512222
1812,sample_001812,samples/sample_001812.npz,57,62,42,52,6,11,5,10,5,60.0,110.0,50.0,100.0,50.0,590.0,465.0,85.0,0.9907044357619192,0.0002099697885569185,0.20022563636302948,0.011302794329822063,0.02654717117547989
1813,sample_001813,samples/sample_001813.npz,54,62,53,61,4,10,8,8,6,40.0,100.0,80.0,80.0,60.0,575.0,565.0,70.0,0.7998340497459855,0.00017908646259456873,0.352192759513855,0.014415410347282887,0.04089386761188507
1814,sample_001814,samples/sample_001814.npz,16,27,38,54,5,12,11,16,7,50.0,120.0,110.0,160.0,70.0,210.0,455.0,85.0,0.7725290313232087,0.0013220164692029357,0.5841110944747925,0.048010628670454025,0.09250620752573013
1815,sample_001815,samples/sample_001815.npz,47,58,57,62,7,15,11,5,8,70.0,150.0,110.0,50.0,80.0,520.0,590.0,110.0,0.48264248320996156,0.0002046642330242321,0.11257494986057281,0.008557509630918503,0.01735653728246689
1816,sample_001816,samples/sample_001816.npz,30,41,35,51,7,13,11,16,6,70.0,130.0,110.0,160.0,60.0,350.0,425.0,100.0,0.8799632394286914,0.002018104773014784,0.4477582573890686,0.045701127499341965,0.07537004351615906
1817,sample_001817,samples/sample_001817.npz,4,13,6,16,2,10,9,10,8,20.0,100.0,90.0,100.0,80.0,80.0,105.0,60.0,0.300067786091981,0.00012592780694831163,0.2940221130847931,0.011047778651118279,0.03337060287594795
1818,sample_001818,samples/sample_001818.npz,9,25,50,58,4,8,16,8,4,40.0,80.0,160.0,80.0,40.0,165.0,535.0,60.0,0.7699071649163136,0.0002767976839095354,0.38958048820495605,0.020647047087550163,0.053134288638830185
1819,sample_001819,samples/sample_001819.npz,19,31,37,44,3,10,12,7,7,30.0,100.0,120.0,70.0,70.0,245.0,400.0,65.0,0.3899490191013877,0.00031941337510943413,0.26754438877105713,0.012449339032173157,0.03177158534526825
1820,sample_001820,samples/sample_001820.npz,21,31,16,32,5,12,10,16,7,50.0,120.0,100.0,160.0,70.0,255.0,235.0,85.0,0.6099524356662306,0.001300554838962853,0.43184947967529297,0.03516843914985657,0.0667230486869812
1821,sample_001821,samples/sample_001821.npz,8,24,20,26,3,9,16,6,6,30.0,90.0,160.0,60.0,60.0,155.0,225.0,60.0,0.4797075613436686,0.00026816854369826615,0.3060116469860077,0.014946871437132359,0.03880803659558296
1822,sample_001822,samples/sample_001822.npz,25,35,41,45,4,10,10,4,6,40.0,100.0,100.0,40.0,60.0,295.0,425.0,70.0,0.47398823598787887,0.0001812392147257924,0.13642093539237976,0.006093873176723719,0.015149007551372051
1823,sample_001823,samples/sample_001823.npz,39,53,10,26,2,6,14,16,4,20.0,60.0,140.0,160.0,40.0,455.0,175.0,40.0,0.5727167855326041,0.0003103313210885972,0.5513892769813538,0.029316764324903488,0.08348990976810455
1824,sample_001824,samples/sample_001824.npz,6,11,37,49,7,9,5,12,2,70.0,90.0,50.0,120.0,20.0,80.0,425.0,80.0,0.4248997636178271,4.9802209105109796e-05,0.040982574224472046,0.002493467414751649,0.0055948528461158276
1825,sample_001825,samples/sample_001825.npz,7,14,47,56,4,7,7,9,3,40.0,70.0,70.0,90.0,30.0,100.0,510.0,55.0,0.5859534198524008,6.461812881752849e-05,0.16600026190280914,0.005855256225913763,0.017894500866532326
1826,sample_001826,samples/sample_001826.npz,40,48,47,56,7,9,8,9,2,70.0,90.0,80.0,90.0,20.0,435.0,510.0,80.0,0.6490817721242612,9.995593427447602e-05,0.07700596004724503,0.0046779690310359,0.01031562127172947
1827,sample_001827,samples/sample_001827.npz,16,24,38,48,4,10,8,10,6,40.0,100.0,80.0,100.0,60.0,195.0,425.0,70.0,0.9377215610307703,0.0005381274968385696,0.4795774817466736,0.02385712042450905,0.057996805757284164
1828,sample_001828,samples/sample_001828.npz,52,64,33,44,5,12,12,11,7,50.0,120.0,120.0,110.0,70.0,575.0,380.0,85.0,0.32217820251099377,0.00031704854336567223,0.20635268092155457,0.014000540599226952,0.03043292835354805
1829,sample_001829,samples/sample_001829.npz,57,61,13,22,3,6,4,9,3,30.0,60.0,40.0,90.0,30.0,585.0,170.0,45.0,0.7690021653273458,3.8591973861912265e-05,0.18728983402252197,0.00447102403268218,0.016678960993885994
1830,sample_001830,samples/sample_001830.npz,58,63,9,17,4,8,5,8,4,40.0,80.0,50.0,80.0,40.0,600.0,125.0,60.0,0.8636213894315421,7.442716741934419e-05,0.2096310704946518,0.006816783919930458,0.021535459905862808
1831,sample_001831,samples/sample_001831.npz,30,44,5,19,8,10,14,14,2,80.0,100.0,140.0,140.0,20.0,365.0,115.0,90.0,0.41773629108451127,0.00023092605988495052,0.086542047560215,0.007966579869389534,0.01455144677311182
1832,sample_001832,samples/sample_001832.npz,49,56,24,40,3,6,7,16,3,30.0,60.0,70.0,160.0,30.0,520.0,315.0,45.0,0.6176603539061039,0.000163204429554753,0.2835959792137146,0.01163711491972208,0.03515072911977768
1833,sample_001833,samples/sample_001833.npz,7,13,1,12,2,8,6,11,6,20.0,80.0,60.0,110.0,60.0,95.0,60.0,50.0,0.5371539487799991,9.645706450100988e-05,0.37875404953956604,0.0111115463078022,0.03848329186439514
1834,sample_001834,samples/sample_001834.npz,52,61,51,56,5,9,9,5,4,50.0,90.0,90.0,50.0,40.0,560.0,530.0,70.0,0.7762116425827394,9.147982200374827e-05,0.15773238241672516,0.006794284097850323,0.018425162881612778
1835,sample_001835,samples/sample_001835.npz,22,34,48,55,6,9,12,7,3,60.0,90.0,120.0,70.0,30.0,275.0,510.0,75.0,0.3879779026829264,0.00011936417286051437,0.08430933952331543,0.00502274464815855,0.01130533218383789
1836,sample_001836,samples/sample_001836.npz,48,63,21,26,7,11,15,5,4,70.0,110.0,150.0,50.0,40.0,550.0,230.0,90.0,0.9887764356301971,0.0003455059486441314,0.185766339302063,0.013981311582028866,0.028209684416651726
1837,sample_001837,samples/sample_001837.npz,8,20,40,55,2,10,12,15,8,20.0,100.0,120.0,150.0,80.0,135.0,470.0,60.0,0.28357135819807494,0.0003153977741021663,0.3844934105873108,0.02172601968050003,0.05542902275919914
1838,sample_001838,samples/sample_001838.npz,11,15,33,44,4,12,4,11,8,40.0,120.0,40.0,110.0,80.0,125.0,380.0,80.0,0.5497013889272606,0.0002392123860772699,0.19030246138572693,0.009817385114729404,0.022769544273614883
1839,sample_001839,samples/sample_001839.npz,23,39,1,5,4,12,16,4,8,40.0,120.0,160.0,40.0,80.0,305.0,25.0,80.0,0.7295750380032295,0.0003792851057369262,0.306193083524704,0.017379803583025932,0.04159710183739662
1840,sample_001840,samples/sample_001840.npz,46,56,40,54,8,10,10,14,2,80.0,100.0,100.0,140.0,20.0,505.0,465.0,90.0,0.32690921464962897,0.00010358459257986397,0.05311339721083641,0.0043991380371153355,0.008445469662547112
1841,sample_001841,samples/sample_001841.npz,13,19,49,57,2,8,6,8,6,20.0,80.0,60.0,80.0,60.0,155.0,525.0,50.0,0.3575049259825169,6.0196860431460664e-05,0.21859179437160492,0.00560817401856184,0.01962503232061863
1842,sample_001842,samples/sample_001842.npz,20,28,14,21,5,8,8,7,3,50.0,80.0,80.0,70.0,30.0,235.0,170.0,65.0,0.603273806875348,0.00011371477012289688,0.1241300106048584,0.0054408893920481205,0.014082381501793861
1843,sample_001843,samples/sample_001843.npz,20,33,15,19,8,12,13,4,4,80.0,120.0,130.0,40.0,40.0,260.0,165.0,100.0,0.2507328418375768,9.323195990873501e-05,0.02937902882695198,0.0025342002045363188,0.004477382637560368
1844,sample_001844,samples/sample_001844.npz,20,30,0,9,3,8,10,9,5,30.0,80.0,100.0,90.0,50.0,245.0,40.0,55.0,0.48796633347953017,0.00014427477435674518,0.30420446395874023,0.011377732269465923,0.034822966903448105
1845,sample_001845,samples/sample_001845.npz,17,32,17,26,6,13,15,9,7,60.0,130.0,150.0,90.0,70.0,240.0,210.0,95.0,0.9901756901252783,0.0017428011633455753,0.5286105871200562,0.046588070690631866,0.08298239856958389
1846,sample_001846,samples/sample_001846.npz,11,19,42,47,4,7,8,5,3,40.0,70.0,80.0,50.0,30.0,145.0,440.0,55.0,0.5178741240662372,4.873563739238307e-05,0.10511090606451035,0.0033934402745217085,0.010383296757936478
1847,sample_001847,samples/sample_001847.npz,7,13,9,14,4,6,6,5,2,40.0,60.0,60.0,50.0,20.0,95.0,110.0,50.0,0.2257949696229316,6.924834451638162e-06,0.028346579521894455,0.0007261160644702613,0.0025296921376138926
1848,sample_001848,samples/sample_001848.npz,37,43,33,43,4,6,6,10,2,40.0,60.0,60.0,100.0,20.0,395.0,375.0,50.0,0.3583439610245723,4.8642574256518856e-05,0.07225360721349716,0.002430346794426441,0.007449687924236059
1849,sample_001849,samples/sample_001849.npz,11,21,47,58,7,14,10,11,7,70.0,140.0,100.0,110.0,70.0,155.0,520.0,105.0,0.9256955258952535,0.0008726390078663826,0.37122294306755066,0.03222883120179176,0.05894586816430092
1850,sample_001850,samples/sample_001850.npz,18,33,18,23,3,7,15,5,4,30.0,70.0,150.0,50.0,40.0,250.0,200.0,50.0,0.9006421263659043,0.0002695358998607844,0.381673127412796,0.01520510297268629,0.04442118853330612
1851,sample_001851,samples/sample_001851.npz,1,17,51,63,8,15,16,12,7,80.0,150.0,160.0,120.0,70.0,85.0,565.0,115.0,0.521498212274861,0.0007122569368220866,0.2729751765727997,0.027669768780469894,0.05022751912474632
1852,sample_001852,samples/sample_001852.npz,28,37,5,11,2,6,9,6,4,20.0,60.0,90.0,60.0,40.0,320.0,75.0,40.0,0.33540003679697517,4.438042378751561e-05,0.1778310388326645,0.00407511368393898,0.01586378738284111
1853,sample_001853,samples/sample_001853.npz,12,20,56,61,7,15,8,5,8,70.0,150.0,80.0,50.0,80.0,155.0,580.0,110.0,0.6447764422800948,0.0002246877265861258,0.11645681411027908,0.008666576817631721,0.017132245004177094
1854,sample_001854,samples/sample_001854.npz,52,57,39,48,7,9,5,9,2,70.0,90.0,50.0,90.0,20.0,540.0,430.0,80.0,0.5876593389445632,5.248321031103842e-05,0.04613661766052246,0.0026052065659314394,0.005964791867882013
1855,sample_001855,samples/sample_001855.npz,31,36,21,36,5,12,5,15,7,50.0,120.0,50.0,150.0,70.0,330.0,280.0,85.0,0.9698960650588544,0.001300136442296207,0.37051302194595337,0.026429617777466774,0.05214259400963783
1856,sample_001856,samples/sample_001856.npz,11,27,33,39,3,6,16,6,3,30.0,60.0,160.0,60.0,30.0,185.0,355.0,45.0,0.35614331538814226,9.48454617173411e-05,0.1476197987794876,0.0058392975479364395,0.017605962231755257
1857,sample_001857,samples/sample_001857.npz,16,24,30,42,2,7,8,12,5,20.0,70.0,80.0,120.0,50.0,195.0,355.0,45.0,0.8161082774993551,0.00037160346983000636,0.6502376198768616,0.022354966029524803,0.0718647912144661
1858,sample_001858,samples/sample_001858.npz,10,22,6,22,8,16,12,16,8,80.0,160.0,120.0,160.0,80.0,155.0,135.0,120.0,0.5993515168388837,0.0013710262719541788,0.3403432369232178,0.04010361433029175,0.06242331489920616
1859,sample_001859,samples/sample_001859.npz,5,14,40,47,5,10,9,7,5,50.0,100.0,90.0,70.0,50.0,90.0,430.0,75.0,0.7729665202610301,0.00022697863460052758,0.23935453593730927,0.012191001325845718,0.029611049219965935
1860,sample_001860,samples/sample_001860.npz,36,41,28,41,5,13,5,13,8,50.0,130.0,50.0,130.0,80.0,380.0,340.0,90.0,0.5320240318556071,0.0006456913542933762,0.2007438689470291,0.01414024643599987,0.027525590732693672
1861,sample_001861,samples/sample_001861.npz,15,19,40,48,8,11,4,8,3,80.0,110.0,40.0,80.0,30.0,165.0,435.0,95.0,0.6135414479565655,8.422620157944039e-05,0.04009293392300606,0.0028732132632285357,0.005553192924708128
1862,sample_001862,samples/sample_001862.npz,54,61,59,63,3,6,7,4,3,30.0,60.0,70.0,40.0,30.0,570.0,605.0,45.0,0.3134240845174243,9.154319741355721e-06,0.06644684821367264,0.0013474206207320094,0.005485315807163715
1863,sample_001863,samples/sample_001863.npz,12,21,9,23,3,8,9,14,5,30.0,80.0,90.0,140.0,50.0,160.0,155.0,55.0,0.9989313571237832,0.00047084581456147134,0.7262928485870361,0.034205157309770584,0.0935053676366806
1864,sample_001864,samples/sample_001864.npz,33,43,0,15,3,5,10,15,2,30.0,50.0,100.0,150.0,20.0,375.0,70.0,40.0,0.41581895414768594,6.745161226717755e-05,0.16953694820404053,0.006949957460165024,0.022028611972928047
1865,sample_001865,samples/sample_001865.npz,20,31,54,64,2,9,11,10,7,20.0,90.0,110.0,100.0,70.0,250.0,585.0,55.0,0.4093606039503181,0.00021238144836388528,0.4192321002483368,0.016427461057901382,0.05001639202237129
1866,sample_001866,samples/sample_001866.npz,6,19,3,11,3,10,13,8,7,30.0,100.0,130.0,80.0,70.0,120.0,65.0,65.0,0.9341213629202036,0.00042858850792981684,0.7336913347244263,0.03390665352344513,0.09261823445558548
1867,sample_001867,samples/sample_001867.npz,31,37,25,38,6,9,6,13,3,60.0,90.0,60.0,130.0,30.0,335.0,310.0,75.0,0.2973595079108822,0.00017261203902307898,0.0595158152282238,0.0037087160162627697,0.007966164499521255
1868,sample_001868,samples/sample_001868.npz,44,49,49,54,3,6,5,5,3,30.0,60.0,50.0,50.0,30.0,460.0,510.0,45.0,0.696596507358199,2.973949995066505e-05,0.13823053240776062,0.0029141418635845184,0.0110514210537076
1869,sample_001869,samples/sample_001869.npz,14,25,13,17,3,5,11,4,2,30.0,50.0,110.0,40.0,20.0,190.0,145.0,40.0,0.7261019883004314,3.66165186278522e-05,0.14597436785697937,0.003647026838734746,0.013470666483044624
1870,sample_001870,samples/sample_001870.npz,47,59,29,35,5,11,12,6,6,50.0,110.0,120.0,60.0,60.0,525.0,315.0,80.0,0.7922780757252923,0.0004650127957575023,0.2912294566631317,0.017172379419207573,0.03830447793006897
1871,sample_001871,samples/sample_001871.npz,7,18,1,16,6,10,11,15,4,60.0,100.0,110.0,150.0,40.0,120.0,80.0,80.0,0.7603369281720884,0.0004044516244903207,0.32866954803466797,0.023708004504442215,0.05169236287474632
1872,sample_001872,samples/sample_001872.npz,20,31,23,30,8,13,11,7,5,80.0,130.0,110.0,70.0,50.0,250.0,260.0,105.0,0.3896218026414038,0.0003689592704176903,0.07920502871274948,0.0073422328568995,0.01221320778131485
1873,sample_001873,samples/sample_001873.npz,47,60,27,35,2,9,13,8,7,20.0,90.0,130.0,80.0,70.0,530.0,305.0,55.0,0.31154269233235177,0.0002057472593151033,0.3023124039173126,0.012273545376956463,0.03584638237953186
1874,sample_001874,samples/sample_001874.npz,17,30,2,15,8,15,13,13,7,80.0,150.0,130.0,130.0,70.0,230.0,80.0,115.0,0.7952184832563747,0.001380907604470849,0.3809903860092163,0.04082908853888512,0.06757946312427521
1875,sample_001875,samples/sample_001875.npz,54,60,21,31,3,11,6,10,8,30.0,110.0,60.0,100.0,80.0,565.0,255.0,70.0,0.7771179141134303,0.00034068163949996233,0.4596911668777466,0.01882551982998848,0.05094088613986969
1876,sample_001876,samples/sample_001876.npz,42,49,46,59,3,10,7,13,7,30.0,100.0,70.0,130.0,70.0,450.0,520.0,65.0,0.9455286259084708,0.0004929407732561231,0.6716472506523132,0.03138218820095062,0.08266373723745346
1877,sample_001877,samples/sample_001877.npz,0,16,42,51,7,14,16,9,7,70.0,140.0,160.0,90.0,70.0,75.0,460.0,105.0,0.6141072477734979,0.0007183107081800699,0.29240962862968445,0.027129605412483215,0.04956165701150894
1878,sample_001878,samples/sample_001878.npz,53,61,3,17,3,8,8,14,5,30.0,80.0,80.0,140.0,50.0,565.0,95.0,55.0,0.46329699787482537,0.0001311794767389074,0.31382229924201965,0.013291353359818459,0.03928437829017639
1879,sample_001879,samples/sample_001879.npz,47,56,16,25,7,9,9,9,2,70.0,90.0,90.0,90.0,20.0,510.0,200.0,80.0,0.9974672801315039,0.00017502973787486553,0.1294662058353424,0.008094440214335918,0.017686929553747177
1880,sample_001880,samples/sample_001880.npz,18,26,54,60,4,8,8,6,4,40.0,80.0,80.0,60.0,40.0,215.0,565.0,60.0,0.21974636116473595,3.0419560062000528e-05,0.062392305582761765,0.002192647894844413,0.006497705355286598
1881,sample_001881,samples/sample_001881.npz,26,33,36,44,2,4,7,8,2,20.0,40.0,70.0,80.0,20.0,290.0,395.0,30.0,0.47481562182856857,4.0448350773658603e-05,0.167044535279274,0.0031637491192668676,0.014053881168365479
1882,sample_001882,samples/sample_001882.npz,49,54,6,18,4,11,5,12,7,40.0,110.0,50.0,120.0,70.0,510.0,115.0,75.0,0.9463492888582727,0.00032629474299028516,0.3947494328022003,0.019718941301107407,0.04877237603068352
1883,sample_001883,samples/sample_001883.npz,8,16,44,55,4,8,8,11,4,40.0,80.0,80.0,110.0,40.0,115.0,490.0,60.0,0.4246515458215391,0.00010383409244241193,0.18079131841659546,0.007860858924686909,0.021633900701999664
1884,sample_001884,samples/sample_001884.npz,35,50,22,27,3,5,15,5,2,30.0,50.0,150.0,50.0,20.0,420.0,240.0,40.0,0.6136589449744074,7.407825614791363e-05,0.1599157154560089,0.005318649113178253,0.017673468217253685
1885,sample_001885,samples/sample_001885.npz,13,19,6,19,3,6,6,13,3,30.0,60.0,60.0,130.0,30.0,155.0,120.0,45.0,0.48375351396441035,6.234942702576518e-05,0.18843147158622742,0.006284960079938173,0.02055165357887745
1886,sample_001886,samples/sample_001886.npz,45,52,38,46,5,12,7,8,7,50.0,120.0,70.0,80.0,70.0,480.0,415.0,85.0,0.9835972359451894,0.0004996539209969342,0.3350335657596588,0.019370291382074356,0.04209437221288681
1887,sample_001887,samples/sample_001887.npz,38,42,11,27,2,7,4,16,5,20.0,70.0,40.0,160.0,50.0,395.0,185.0,45.0,0.5805604549999838,0.00015305039414670318,0.3093988001346588,0.010557848028838634,0.033690664917230606
1888,sample_001888,samples/sample_001888.npz,32,41,51,57,7,14,9,6,7,70.0,140.0,90.0,60.0,70.0,360.0,535.0,105.0,0.8237271003277309,0.0004769152728840709,0.18145133554935455,0.01434116717427969,0.02659032866358757
1889,sample_001889,samples/sample_001889.npz,14,29,24,33,3,8,15,9,5,30.0,80.0,150.0,90.0,50.0,210.0,280.0,55.0,0.6120834486327265,0.0005128788179717958,0.45580947399139404,0.02299807034432888,0.06024394929409027
1890,sample_001890,samples/sample_001890.npz,5,18,21,27,4,10,13,6,6,40.0,100.0,130.0,60.0,60.0,110.0,235.0,70.0,0.8925589815584674,0.0004206194425933063,0.4214162230491638,0.021586734801530838,0.05299822986125946
1891,sample_001891,samples/sample_001891.npz,39,51,35,43,3,5,12,8,2,30.0,50.0,120.0,80.0,20.0,445.0,385.0,40.0,0.44604316198607785,6.448925705626607e-05,0.1512952595949173,0.004937398713082075,0.01657738722860813
1892,sample_001892,samples/sample_001892.npz,20,30,51,56,3,5,10,5,2,30.0,50.0,100.0,50.0,20.0,245.0,530.0,40.0,0.9034650273969687,5.1906237786170095e-05,0.20738114416599274,0.005121710244566202,0.01916762813925743
1893,sample_001893,samples/sample_001893.npz,51,59,2,18,8,12,8,16,4,80.0,120.0,80.0,160.0,40.0,545.0,95.0,100.0,0.8771538204636602,0.0004283629823476076,0.2237813025712967,0.01943269558250904,0.03762300685048103
1894,sample_001894,samples/sample_001894.npz,46,60,57,63,4,6,14,6,2,40.0,60.0,140.0,60.0,20.0,525.0,595.0,50.0,0.5661312265154015,4.1602768760640174e-05,0.1320205181837082,0.004877449478954077,0.015539931133389473
1895,sample_001895,samples/sample_001895.npz,52,56,39,54,4,9,4,15,5,40.0,90.0,40.0,150.0,50.0,535.0,460.0,65.0,0.3866492138004408,8.892541518434882e-05,0.12338666617870331,0.0059904735535383224,0.015468721278011799
1896,sample_001896,samples/sample_001896.npz,0,7,23,29,2,7,7,6,5,20.0,70.0,70.0,60.0,50.0,30.0,255.0,45.0,0.5065586438284991,5.665157004841603e-05,0.2645905017852783,0.0056913248263299465,0.022324934601783752
1897,sample_001897,samples/sample_001897.npz,3,18,32,47,5,12,15,15,7,50.0,120.0,150.0,150.0,70.0,100.0,390.0,85.0,0.892093345631227,0.0016855457797646523,0.7919246554374695,0.06860814988613129,0.13321560621261597
1898,sample_001898,samples/sample_001898.npz,50,59,28,36,2,10,9,8,8,20.0,100.0,90.0,80.0,80.0,540.0,315.0,60.0,0.9736074997000908,0.0005444639245979488,0.8450836539268494,0.02979486994445324,0.08905937522649765
1899,sample_001899,samples/sample_001899.npz,5,16,29,43,8,11,11,14,3,80.0,110.0,110.0,140.0,30.0,100.0,355.0,95.0,0.3261711103214817,0.0002174687251681462,0.07952757179737091,0.007161316461861134,0.013069852255284786
1900,sample_001900,samples/sample_001900.npz,36,48,48,58,5,11,12,10,6,50.0,110.0,120.0,100.0,60.0,415.0,525.0,80.0,0.23647523589658015,0.0001831859553931281,0.1303311586380005,0.008480840362608433,0.01845327764749527
1901,sample_001901,samples/sample_001901.npz,34,47,7,12,4,12,13,5,8,40.0,120.0,130.0,50.0,80.0,400.0,90.0,80.0,0.2443315457949088,0.00013487410615198314,0.11287586390972137,0.006300597917288542,0.014559122733771801
1902,sample_001902,samples/sample_001902.npz,30,40,16,24,7,13,10,8,6,70.0,130.0,100.0,80.0,60.0,345.0,195.0,100.0,0.21037209329284048,0.00021287226991262287,0.059709206223487854,0.004967343993484974,0.008808011189103127
1903,sample_001903,samples/sample_001903.npz,24,40,3,10,4,9,16,7,5,40.0,90.0,160.0,70.0,50.0,315.0,60.0,65.0,0.6561275386276284,0.00034967288956977427,0.34514471888542175,0.018769782036542892,0.047137048095464706
1904,sample_001904,samples/sample_001904.npz,20,36,26,32,6,11,16,6,5,60.0,110.0,160.0,60.0,50.0,275.0,285.0,85.0,0.7328950450835623,0.0008423624676652253,0.23471905291080475,0.01823178119957447,0.03474079817533493
1905,sample_001905,samples/sample_001905.npz,7,19,41,51,7,14,12,10,7,70.0,140.0,120.0,100.0,70.0,125.0,455.0,105.0,0.8473491177440307,0.0009537229198031127,0.3634450435638428,0.03274625539779663,0.05823470279574394
1906,sample_001906,samples/sample_001906.npz,46,59,15,19,3,7,13,4,4,30.0,70.0,130.0,40.0,40.0,520.0,165.0,50.0,0.8947989245535288,0.00011347691179253161,0.3029181659221649,0.010152431204915047,0.03209889307618141
1907,sample_001907,samples/sample_001907.npz,11,26,30,38,7,11,15,8,4,70.0,110.0,150.0,80.0,40.0,180.0,335.0,90.0,0.6776262538916245,0.000612158328294754,0.19453328847885132,0.016353346407413483,0.030111568048596382
1908,sample_001908,samples/sample_001908.npz,51,61,26,37,4,7,10,11,3,40.0,70.0,100.0,110.0,30.0,555.0,310.0,55.0,0.9632770392184482,0.0002679359167814255,0.3886398673057556,0.016968149691820145,0.04789433628320694
1909,sample_001909,samples/sample_001909.npz,41,48,7,17,7,14,7,10,7,70.0,140.0,70.0,100.0,70.0,440.0,115.0,105.0,0.8599116851388815,0.0005684900679625571,0.23672515153884888,0.019388437271118164,0.03561416268348694
1910,sample_001910,samples/sample_001910.npz,44,53,21,30,8,13,9,9,5,80.0,130.0,90.0,90.0,50.0,480.0,250.0,105.0,0.5088475948485295,0.00035860927891917527,0.10946326702833176,0.009790441021323204,0.016947949305176735
1911,sample_001911,samples/sample_001911.npz,5,10,28,41,6,8,5,13,2,60.0,80.0,50.0,130.0,20.0,70.0,340.0,70.0,0.7990350257720331,0.00010423994535813108,0.09868735820055008,0.005259320605546236,0.01285921223461628
1912,sample_001912,samples/sample_001912.npz,42,56,2,16,7,11,14,14,4,70.0,110.0,140.0,140.0,40.0,485.0,85.0,90.0,0.2719791838249231,0.00020715969731099904,0.11424841731786728,0.009857931174337864,0.019257167354226112
1913,sample_001913,samples/sample_001913.npz,49,54,5,12,6,12,5,7,6,60.0,120.0,50.0,70.0,60.0,510.0,80.0,90.0,0.3196643414624549,6.019205102347769e-05,0.05394217371940613,0.0030856758821755648,0.006979876197874546
1914,sample_001914,samples/sample_001914.npz,23,27,0,14,5,10,4,14,5,50.0,100.0,40.0,140.0,50.0,245.0,65.0,75.0,0.7487703952247322,0.00020205193141009659,0.1871911734342575,0.010294144041836262,0.024626359343528748
1915,sample_001915,samples/sample_001915.npz,19,28,6,14,5,9,9,8,4,50.0,90.0,90.0,80.0,40.0,230.0,95.0,70.0,0.5592331268113027,0.0001528463326394558,0.16836895048618317,0.008262038230895996,0.020607631653547287
1916,sample_001916,samples/sample_001916.npz,11,25,43,58,6,14,14,15,8,60.0,140.0,140.0,150.0,80.0,175.0,500.0,100.0,0.79382246480647,0.0017365914536640048,0.6343907117843628,0.06237991154193878,0.10958340764045715
1917,sample_001917,samples/sample_001917.npz,35,40,44,57,3,8,5,13,5,30.0,80.0,50.0,130.0,50.0,370.0,500.0,55.0,0.28253625096675866,8.263697964139283e-05,0.12984564900398254,0.005020658019930124,0.014578500762581825
1918,sample_001918,samples/sample_001918.npz,13,21,28,38,3,9,8,10,6,30.0,90.0,80.0,100.0,60.0,165.0,325.0,60.0,0.5510298037355521,0.0003251038142479956,0.3530139625072479,0.014437496662139893,0.0396721325814724
1919,sample_001919,samples/sample_001919.npz,27,31,20,24,2,4,4,4,2,20.0,40.0,40.0,40.0,20.0,285.0,215.0,30.0,0.6330390655026945,1.4104059118835721e-05,0.11116090416908264,0.0012040017172694206,0.006354312878102064
1920,sample_001920,samples/sample_001920.npz,25,39,10,23,5,12,14,13,7,50.0,120.0,140.0,130.0,70.0,315.0,160.0,85.0,0.3690393634649679,0.0008216047426685691,0.28973495960235596,0.023839520290493965,0.045732926577329636
1921,sample_001921,samples/sample_001921.npz,33,39,50,54,6,14,6,4,8,60.0,140.0,60.0,40.0,80.0,355.0,515.0,100.0,0.7239802786806899,0.00021851850033272058,0.10095370560884476,0.006613784469664097,0.013053392991423607
1922,sample_001922,samples/sample_001922.npz,45,60,20,30,6,11,15,10,5,60.0,110.0,150.0,100.0,50.0,520.0,245.0,85.0,0.8012662958830297,0.0007515352335758507,0.37818190455436707,0.029568050056695938,0.058834295719861984
1923,sample_001923,samples/sample_001923.npz,35,49,13,25,5,8,14,12,3,50.0,80.0,140.0,120.0,30.0,415.0,185.0,65.0,0.5433930205006909,0.0003067005891352892,0.22922177612781525,0.014687462709844112,0.03341436758637428
1924,sample_001924,samples/sample_001924.npz,34,42,22,38,4,7,8,16,3,40.0,70.0,80.0,160.0,30.0,375.0,295.0,55.0,0.8877605610949835,0.0005181250162422657,0.3660729229450226,0.019067583605647087,0.04866758733987808
1925,sample_001925,samples/sample_001925.npz,24,36,22,28,2,10,12,6,8,20.0,100.0,120.0,60.0,80.0,295.0,245.0,60.0,0.3196050084521036,0.0002906512236222625,0.26371240615844727,0.010171559639275074,0.02853892557322979
1926,sample_001926,samples/sample_001926.npz,25,29,9,22,2,9,4,13,7,20.0,90.0,40.0,130.0,70.0,265.0,150.0,55.0,0.8557804518493597,0.0003021465672645718,0.503222644329071,0.01714739017188549,0.05191844329237938
1927,sample_001927,samples/sample_001927.npz,43,51,0,4,4,11,8,4,7,40.0,110.0,80.0,40.0,70.0,465.0,15.0,75.0,0.46421451822527393,7.289078348549083e-05,0.12389320880174637,0.0047731245867908,0.013436694629490376
1928,sample_001928,samples/sample_001928.npz,4,9,48,58,5,10,5,10,5,50.0,100.0,50.0,100.0,50.0,60.0,525.0,75.0,0.2442161301287185,4.221346171107143e-05,0.06117447838187218,0.0028951403219252825,0.0074957492761313915
1929,sample_001929,samples/sample_001929.npz,17,26,1,10,6,11,9,9,5,60.0,110.0,90.0,90.0,50.0,210.0,50.0,85.0,0.4175758371616528,0.0001626345474505797,0.12853331863880157,0.007878607138991356,0.017764899879693985
1930,sample_001930,samples/sample_001930.npz,56,64,25,35,8,11,8,10,3,80.0,110.0,80.0,100.0,30.0,595.0,295.0,95.0,0.761871621078505,0.00022295661619864404,0.1126093864440918,0.008100600913167,0.016780171543359756
1931,sample_001931,samples/sample_001931.npz,28,42,21,29,2,9,14,8,7,20.0,90.0,140.0,80.0,70.0,345.0,245.0,55.0,0.8690702547130287,0.0009623841033317149,0.8672524690628052,0.03809776529669762,0.10552802681922913
1932,sample_001932,samples/sample_001932.npz,45,50,5,20,5,13,5,15,8,50.0,130.0,50.0,150.0,80.0,470.0,120.0,90.0,0.2659498764252036,0.0001752948301145807,0.10875210911035538,0.007649396546185017,0.015730274841189384
1933,sample_001933,samples/sample_001933.npz,7,21,28,41,7,11,14,13,4,70.0,110.0,140.0,130.0,40.0,135.0,340.0,90.0,0.5851308066114393,0.0006802246207371354,0.23362956941127777,0.0210146252065897,0.03839266300201416
1934,sample_001934,samples/sample_001934.npz,8,23,31,36,8,15,15,5,7,80.0,150.0,150.0,50.0,70.0,150.0,330.0,115.0,0.5898339476441921,0.0006684603285975754,0.13578423857688904,0.014312089420855045,0.022611187770962715
1935,sample_001935,samples/sample_001935.npz,13,28,38,49,4,8,15,11,4,40.0,80.0,150.0,110.0,40.0,200.0,430.0,60.0,0.690313807725231,0.00047235991223715246,0.4175453782081604,0.02479400858283043,0.05971751734614372
1936,sample_001936,samples/sample_001936.npz,27,41,52,57,3,7,14,5,4,30.0,70.0,140.0,50.0,40.0,335.0,540.0,50.0,0.9349562665201896,0.0002036649384535849,0.38830769062042236,0.014350193552672863,0.043883539736270905
1937,sample_001937,samples/sample_001937.npz,20,36,39,51,3,7,16,12,4,30.0,70.0,160.0,120.0,40.0,275.0,445.0,50.0,0.5081228883170452,0.00040028186049312353,0.39251160621643066,0.021921733394265175,0.05694049596786499
1938,sample_001938,samples/sample_001938.npz,4,13,56,63,2,7,9,7,5,20.0,70.0,90.0,70.0,50.0,80.0,590.0,45.0,0.6573901830658329,7.794459816068411e-05,0.427066445350647,0.010837884619832039,0.041175682097673416
1939,sample_001939,samples/sample_001939.npz,19,34,43,56,4,10,15,13,6,40.0,100.0,150.0,130.0,60.0,260.0,490.0,70.0,0.5955087443420168,0.000822486006654799,0.5170021653175354,0.036539383232593536,0.07962557673454285
1940,sample_001940,samples/sample_001940.npz,36,47,7,12,2,10,11,5,8,20.0,100.0,110.0,50.0,80.0,410.0,90.0,60.0,0.3135580324024185,0.00010796854621730745,0.21558217704296112,0.007302309852093458,0.022112606093287468
1941,sample_001941,samples/sample_001941.npz,20,30,34,48,3,7,10,14,4,30.0,70.0,100.0,140.0,40.0,245.0,405.0,50.0,0.42893040029777807,0.00025665457360446453,0.2886897027492523,0.01354513131082058,0.037401266396045685
1942,sample_001942,samples/sample_001942.npz,37,49,18,22,2,5,12,4,3,20.0,50.0,120.0,40.0,30.0,425.0,195.0,35.0,0.4723188041857991,4.11488363170065e-05,0.17598481476306915,0.0039687613025307655,0.015785489231348038
1943,sample_001943,samples/sample_001943.npz,48,62,46,51,8,10,14,5,2,80.0,100.0,140.0,50.0,20.0,545.0,480.0,90.0,0.624709946535781,8.571476064389572e-05,0.05521812289953232,0.004061203915625811,0.008353427052497864
1944,sample_001944,samples/sample_001944.npz,46,55,46,50,7,12,9,4,5,70.0,120.0,90.0,40.0,50.0,500.0,475.0,95.0,0.9072181070399983,0.00019114620226901025,0.11245504766702652,0.007743851747363806,0.01556850504130125
1945,sample_001945,samples/sample_001945.npz,32,45,31,45,5,8,13,14,3,50.0,80.0,130.0,140.0,30.0,380.0,375.0,65.0,0.56670861308612,0.0004795305139850825,0.24954627454280853,0.01682191528379917,0.037187933921813965
1946,sample_001946,samples/sample_001946.npz,46,54,1,7,6,9,8,6,3,60.0,90.0,80.0,60.0,30.0,495.0,35.0,75.0,0.6944782318282154,6.945884524611756e-05,0.10022320598363876,0.00466537568718195,0.012210031040012836
1947,sample_001947,samples/sample_001947.npz,17,21,4,15,7,11,4,11,4,70.0,110.0,40.0,110.0,40.0,185.0,90.0,90.0,0.48518650450918965,9.182356006931514e-05,0.060571473091840744,0.00404231995344162,0.008470055647194386
1948,sample_001948,samples/sample_001948.npz,19,24,3,15,3,11,5,12,8,30.0,110.0,50.0,120.0,80.0,210.0,85.0,70.0,0.896322695524391,0.00037824720493517816,0.4987789988517761,0.0218657199293375,0.05770419165492058
1949,sample_001949,samples/sample_001949.npz,0,8,53,64,5,11,8,11,6,50.0,110.0,80.0,110.0,60.0,35.0,580.0,80.0,0.8497613518414773,0.000275951053481549,0.3741931915283203,0.019275089725852013,0.050473205745220184
1950,sample_001950,samples/sample_001950.npz,49,61,2,11,6,9,12,9,3,60.0,90.0,120.0,90.0,30.0,545.0,60.0,75.0,0.8089376021680843,0.00017369496345054358,0.21481956541538239,0.012203451246023178,0.0301031656563282
1951,sample_001951,samples/sample_001951.npz,45,61,16,31,7,10,16,15,3,70.0,100.0,160.0,150.0,30.0,525.0,230.0,85.0,0.6739654034438332,0.0005793353193439543,0.25576701760292053,0.023683812469244003,0.044416673481464386
1952,sample_001952,samples/sample_001952.npz,53,58,20,33,8,13,5,13,5,80.0,130.0,50.0,130.0,50.0,550.0,260.0,105.0,0.3359335436448142,0.00015644343511667103,0.0566396564245224,0.00494803860783577,0.008971105329692364
1953,sample_001953,samples/sample_001953.npz,36,49,29,38,7,9,13,9,2,70.0,90.0,130.0,90.0,20.0,420.0,330.0,80.0,0.8666246521220133,0.0003833081864286214,0.14559197425842285,0.010567215271294117,0.0212142001837492
1954,sample_001954,samples/sample_001954.npz,38,48,52,59,8,10,10,7,2,80.0,100.0,100.0,70.0,20.0,425.0,550.0,90.0,0.4996213095085196,7.657756941625848e-05,0.047388896346092224,0.003302212106063962,0.006829122081398964
1955,sample_001955,samples/sample_001955.npz,41,57,18,34,3,5,16,16,2,30.0,50.0,160.0,160.0,20.0,485.0,255.0,40.0,0.2719135920288149,9.5789109764155e-05,0.13495399057865143,0.007964221760630608,0.021548517048358917
1956,sample_001956,samples/sample_001956.npz,19,31,43,58,2,6,12,15,4,20.0,60.0,120.0,150.0,40.0,245.0,500.0,40.0,0.27771351568420866,0.00012725214764941484,0.24882382154464722,0.011402935720980167,0.03446054086089134
1957,sample_001957,samples/sample_001957.npz,41,57,11,19,3,7,16,8,4,30.0,70.0,160.0,80.0,40.0,485.0,145.0,50.0,0.8657568046930915,0.00028292275965213776,0.5331030488014221,0.024309806525707245,0.06904827803373337
1958,sample_001958,samples/sample_001958.npz,52,64,21,35,2,5,12,14,3,20.0,50.0,120.0,140.0,30.0,575.0,275.0,35.0,0.6121914299006079,0.0001451474236091599,0.4374085068702698,0.01740262657403946,0.05826559290289879
1959,sample_001959,samples/sample_001959.npz,34,38,51,57,4,7,4,6,3,40.0,70.0,40.0,60.0,30.0,355.0,535.0,55.0,0.9256145444570159,5.528214023797773e-05,0.12796880304813385,0.003602915909141302,0.011535673402249813
1960,sample_001960,samples/sample_001960.npz,5,16,6,20,4,7,11,14,3,40.0,70.0,110.0,140.0,30.0,100.0,125.0,55.0,0.9865327889523245,0.00027047013281844556,0.47091856598854065,0.024055400863289833,0.06485005468130112
1961,sample_001961,samples/sample_001961.npz,16,26,25,30,6,12,10,5,6,60.0,120.0,100.0,50.0,60.0,205.0,270.0,90.0,0.7282406160062926,0.00041309886728413403,0.16364113986492157,0.011068051680922508,0.021887199953198433
1962,sample_001962,samples/sample_001962.npz,46,55,37,42,8,10,9,5,2,80.0,100.0,90.0,50.0,20.0,500.0,390.0,90.0,0.7617307347551387,9.450552897760645e-05,0.04887311905622482,0.003369679441675544,0.006777220405638218
1963,sample_001963,samples/sample_001963.npz,40,52,25,32,5,8,12,7,3,50.0,80.0,120.0,70.0,30.0,455.0,280.0,65.0,0.5699508697174017,0.0001858075993368402,0.15193651616573334,0.007737564388662577,0.01901494339108467
1964,sample_001964,samples/sample_001964.npz,9,21,1,6,8,10,12,5,2,80.0,100.0,120.0,50.0,20.0,145.0,30.0,90.0,0.22556867289484395,2.2679205358144827e-05,0.018009383231401443,0.0011804889654740691,0.002636337885633111
1965,sample_001965,samples/sample_001965.npz,47,53,0,11,2,6,6,11,4,20.0,60.0,60.0,110.0,40.0,495.0,50.0,40.0,0.29505569570984974,3.02597491099732e-05,0.1690480262041092,0.004251838196069002,0.016378814354538918
1966,sample_001966,samples/sample_001966.npz,49,60,21,33,3,11,11,12,8,30.0,110.0,110.0,120.0,80.0,540.0,265.0,70.0,0.8090012698276376,0.0008658413426019251,0.794791579246521,0.04381095618009567,0.1070503294467926
1967,sample_001967,samples/sample_001967.npz,9,18,3,7,2,4,9,4,2,20.0,40.0,90.0,40.0,20.0,130.0,45.0,30.0,0.47740622344853945,9.775129001354799e-06,0.12524959444999695,0.0019523106748238206,0.00951076578348875
1968,sample_001968,samples/sample_001968.npz,26,34,10,23,4,7,8,13,3,40.0,70.0,80.0,130.0,30.0,295.0,160.0,55.0,0.3382616707207201,0.00011491125769680366,0.1284635215997696,0.005825317930430174,0.01580657996237278
1969,sample_001969,samples/sample_001969.npz,33,42,45,56,7,11,9,11,4,70.0,110.0,90.0,110.0,40.0,370.0,500.0,90.0,0.6961851367717804,0.0004001921333838254,0.17881609499454498,0.013568324968218803,0.02642516978085041
1970,sample_001970,samples/sample_001970.npz,18,23,49,60,8,14,5,11,6,80.0,140.0,50.0,110.0,60.0,200.0,540.0,110.0,0.6251889438475624,0.0002780764480121434,0.1045691967010498,0.009165001101791859,0.016428757458925247
1971,sample_001971,samples/sample_001971.npz,12,28,12,17,5,7,16,5,2,50.0,70.0,160.0,50.0,20.0,195.0,140.0,60.0,0.9235185770302081,0.0001266844046767801,0.15471415221691132,0.007931545376777649,0.02018987201154232
1972,sample_001972,samples/sample_001972.npz,52,61,22,36,7,15,9,14,8,70.0,150.0,90.0,140.0,80.0,560.0,285.0,110.0,0.4153835468484734,0.0006414502277038991,0.19593967497348785,0.018487609922885895,0.032489873468875885
1973,sample_001973,samples/sample_001973.npz,41,50,40,56,7,9,9,16,2,70.0,90.0,90.0,160.0,20.0,450.0,475.0,80.0,0.6233950764044033,0.00020509748719632626,0.11810645461082458,0.009062141180038452,0.018292821943759918
1974,sample_001974,samples/sample_001974.npz,41,50,5,20,7,12,9,15,5,70.0,120.0,90.0,150.0,50.0,450.0,120.0,95.0,0.8898136502836878,0.0007332805544137955,0.32834288477897644,0.028431154787540436,0.05300139635801315
1975,sample_001975,samples/sample_001975.npz,59,63,14,22,6,8,4,8,2,60.0,80.0,40.0,80.0,20.0,605.0,175.0,70.0,0.8608922764088505,3.7928897654637694e-05,0.06368646770715714,0.0026201989967375994,0.007264756131917238
1976,sample_001976,samples/sample_001976.npz,27,40,47,60,5,8,13,13,3,50.0,80.0,130.0,130.0,30.0,330.0,530.0,65.0,0.6479552151074424,0.00034851106465794146,0.27391406893730164,0.017191672697663307,0.040221478790044785
1977,sample_001977,samples/sample_001977.npz,29,42,15,24,8,11,13,9,3,80.0,110.0,130.0,90.0,30.0,350.0,190.0,95.0,0.6493732489314694,0.0004462517099454999,0.1280287206172943,0.011336209252476692,0.0200558640062809
1978,sample_001978,samples/sample_001978.npz,23,35,55,61,2,6,12,6,4,20.0,60.0,120.0,60.0,40.0,285.0,575.0,40.0,0.8013717935598363,0.000125776874483563,0.4733005166053772,0.012841792777180672,0.04748925939202309
1979,sample_001979,samples/sample_001979.npz,24,39,1,14,5,12,15,13,7,50.0,120.0,150.0,130.0,70.0,310.0,70.0,85.0,0.5201635163119467,0.0009016635012812912,0.4240115284919739,0.034003615379333496,0.06886626034975052
1980,sample_001980,samples/sample_001980.npz,45,55,38,42,7,13,10,4,6,70.0,130.0,100.0,40.0,60.0,495.0,395.0,100.0,0.6581551441873219,0.00024103916075546294,0.09916224330663681,0.0075485799461603165,0.01413620077073574
1981,sample_001981,samples/sample_001981.npz,9,14,33,48,4,12,5,15,8,40.0,120.0,50.0,150.0,80.0,110.0,400.0,80.0,0.6480192510553282,0.000438626972027123,0.32130271196365356,0.019512182101607323,0.04342946410179138
1982,sample_001982,samples/sample_001982.npz,41,56,10,19,5,9,15,9,4,50.0,90.0,150.0,90.0,40.0,480.0,140.0,70.0,0.40442563961470274,0.00019394097034819424,0.17932330071926117,0.011230465024709702,0.025777794420719147
1983,sample_001983,samples/sample_001983.npz,50,57,11,26,6,13,7,15,7,60.0,130.0,70.0,150.0,70.0,530.0,180.0,95.0,0.7446886227217457,0.0006298194639384747,0.32168057560920715,0.02566543221473694,0.04979195073246956
1984,sample_001984,samples/sample_001984.npz,59,64,14,29,8,13,5,15,5,80.0,130.0,50.0,150.0,50.0,610.0,210.0,105.0,0.530245380018455,0.00021529982041101903,0.09853026270866394,0.008193986490368843,0.016094353049993515
1985,sample_001985,samples/sample_001985.npz,2,14,0,14,7,10,12,14,3,70.0,100.0,120.0,140.0,30.0,75.0,65.0,85.0,0.6797348941907801,0.00025440988247282803,0.20665448904037476,0.015141290612518787,0.0333271399140358
1986,sample_001986,samples/sample_001986.npz,49,54,20,27,6,11,5,7,5,60.0,110.0,50.0,70.0,50.0,510.0,230.0,85.0,0.5372415034433393,0.00011576462566154078,0.08181510120630264,0.004670354537665844,0.010252050124108791
1987,sample_001987,samples/sample_001987.npz,34,38,11,16,3,10,4,5,7,30.0,100.0,40.0,50.0,70.0,355.0,130.0,65.0,0.8876715139071181,0.00013551303709391505,0.22144392132759094,0.006621028296649456,0.019465604797005653
1988,sample_001988,samples/sample_001988.npz,17,27,32,46,8,13,10,14,5,80.0,130.0,100.0,140.0,50.0,215.0,385.0,105.0,0.7943564803848808,0.0011744180228561163,0.2631772756576538,0.02695518173277378,0.04355684295296669
1989,sample_001989,samples/sample_001989.npz,35,43,20,27,4,6,8,7,2,40.0,60.0,80.0,70.0,20.0,385.0,230.0,50.0,0.3453597026737262,4.171003820374608e-05,0.06814423948526382,0.0021840217523276806,0.006822128314524889
1990,sample_001990,samples/sample_001990.npz,0,12,59,63,4,6,12,4,2,40.0,60.0,120.0,40.0,20.0,55.0,605.0,50.0,0.5221858095325516,1.918192174343858e-05,0.08191481977701187,0.0024808808229863644,0.00865235086530447
1991,sample_001991,samples/sample_001991.npz,43,50,13,27,7,10,7,14,3,70.0,100.0,70.0,140.0,30.0,460.0,195.0,85.0,0.5728837761295928,0.000220722213271074,0.11347692459821701,0.00846398901194334,0.016792787238955498
1992,sample_001992,samples/sample_001992.npz,6,13,38,49,8,13,7,11,5,80.0,130.0,70.0,110.0,50.0,90.0,430.0,105.0,0.4237092647550135,0.00021034303063061088,0.08613456785678864,0.007377902511507273,0.013510022312402725
1993,sample_001993,samples/sample_001993.npz,37,44,15,21,5,10,7,6,5,50.0,100.0,70.0,60.0,50.0,400.0,175.0,75.0,0.6770661149679313,0.0001832779817050323,0.1531578004360199,0.007428562734276056,0.017664674669504166
1994,sample_001994,samples/sample_001994.npz,10,15,8,19,5,9,5,11,4,50.0,90.0,50.0,110.0,40.0,120.0,130.0,70.0,0.3892261635512399,6.829800986452028e-05,0.09012120962142944,0.00434861658141017,0.011004656553268433
1995,sample_001995,samples/sample_001995.npz,52,60,36,46,3,11,8,10,8,30.0,110.0,80.0,100.0,80.0,555.0,405.0,70.0,0.4553268409097407,0.0002570454671513289,0.3325147330760956,0.014765172265470028,0.03894416242837906
1996,sample_001996,samples/sample_001996.npz,49,61,51,62,4,11,12,11,7,40.0,110.0,120.0,110.0,70.0,545.0,560.0,75.0,0.24875345657885006,0.00015584772336296737,0.19025781750679016,0.0108195710927248,0.026770560070872307
1997,sample_001997,samples/sample_001997.npz,21,25,24,33,2,7,4,9,5,20.0,70.0,40.0,90.0,50.0,225.0,280.0,45.0,0.296269857645729,5.658323425450362e-05,0.13129831850528717,0.0030545666813850403,0.011078787967562675
1998,sample_001998,samples/sample_001998.npz,49,59,53,60,8,13,10,7,5,80.0,130.0,100.0,70.0,50.0,535.0,560.0,105.0,0.6386279423735075,0.00021462359291035682,0.12067381292581558,0.00940927118062973,0.018812933936715126
1999,sample_001999,samples/sample_001999.npz,30,35,42,53,7,9,5,11,2,70.0,90.0,50.0,110.0,20.0,320.0,470.0,80.0,0.2779836525603055,4.965822881786153e-05,0.025244010612368584,0.0015741734532639384,0.003364648437127471
2000,sample_002000,samples/sample_002000.npz,14,28,57,61,8,11,14,4,3,80.0,110.0,140.0,40.0,30.0,205.0,585.0,95.0,0.7484029144437574,0.00013132164895068854,0.07453158497810364,0.005608360283076763,0.011417113244533539
2001,sample_002001,samples/sample_002001.npz,35,49,37,49,8,10,14,12,2,80.0,100.0,140.0,120.0,20.0,415.0,425.0,90.0,0.5202286449568096,0.0002846231800504029,0.09695829451084137,0.008766042068600655,0.01572166010737419
2002,sample_002002,samples/sample_002002.npz,37,53,12,20,6,12,16,8,6,60.0,120.0,160.0,80.0,60.0,445.0,155.0,90.0,0.7321157969708365,0.0007266136817634106,0.3373194932937622,0.02760423719882965,0.05252924561500549
2003,sample_002003,samples/sample_002003.npz,7,17,1,9,7,12,10,8,5,70.0,120.0,100.0,80.0,50.0,115.0,45.0,95.0,0.7344018043999556,0.0002522462164051831,0.1861896961927414,0.012650304473936558,0.02747081033885479
2004,sample_002004,samples/sample_002004.npz,46,59,0,16,6,11,13,16,5,60.0,110.0,130.0,160.0,50.0,520.0,75.0,85.0,0.48226100836818664,0.00041428618715144694,0.2835265100002289,0.02295312099158764,0.04773382842540741
2005,sample_002005,samples/sample_002005.npz,21,25,15,31,2,5,4,16,3,20.0,50.0,40.0,160.0,30.0,225.0,225.0,35.0,0.5913186781602517,8.012525358935818e-05,0.23353765904903412,0.006647382862865925,0.02417781762778759
2006,sample_002006,samples/sample_002006.npz,11,19,27,39,5,11,8,12,6,50.0,110.0,80.0,120.0,60.0,145.0,325.0,80.0,0.252254215147145,0.0002204420743510127,0.11765950173139572,0.007445340044796467,0.01596764102578163
2007,sample_002007,samples/sample_002007.npz,5,15,29,35,6,11,10,6,5,60.0,110.0,100.0,60.0,50.0,95.0,315.0,85.0,0.9804150743014428,0.0004087816341780126,0.23454789817333221,0.014437058009207249,0.031167294830083847
2008,sample_002008,samples/sample_002008.npz,37,47,27,41,6,9,10,14,3,60.0,90.0,100.0,140.0,30.0,415.0,335.0,75.0,0.35938583200424407,0.0002687772212084383,0.11327898502349854,0.007978473789989948,0.016535943374037743
2009,sample_002009,samples/sample_002009.npz,30,44,0,11,8,12,14,11,4,80.0,120.0,140.0,110.0,40.0,365.0,50.0,100.0,0.2848180171555975,0.0002223773772129789,0.08662628382444382,0.007764067500829697,0.01454227976500988
2010,sample_002010,samples/sample_002010.npz,8,14,46,60,8,10,6,14,2,80.0,100.0,60.0,140.0,20.0,105.0,525.0,90.0,0.9304313938037605,0.00014459603698924184,0.09767252206802368,0.007209319621324539,0.014887399040162563
2011,sample_002011,samples/sample_002011.npz,13,18,39,50,6,10,5,11,4,60.0,100.0,50.0,110.0,40.0,150.0,440.0,80.0,0.643013315976376,0.00016241766570601612,0.12015016376972198,0.007170730270445347,0.015784863382577896
2012,sample_002012,samples/sample_002012.npz,45,60,5,9,7,15,15,4,8,70.0,150.0,150.0,40.0,80.0,520.0,65.0,110.0,0.23114540363148983,0.00011385558900656179,0.05436573922634125,0.004611887503415346,0.008827609941363335
2013,sample_002013,samples/sample_002013.npz,37,44,19,24,4,7,7,5,3,40.0,70.0,70.0,50.0,30.0,400.0,210.0,55.0,0.745229834614922,8.302795322379097e-05,0.13738352060317993,0.0043472545221447945,0.01322642620652914
2014,sample_002014,samples/sample_002014.npz,32,46,2,9,3,8,14,7,5,30.0,80.0,140.0,70.0,50.0,385.0,50.0,55.0,0.620534634281626,0.00020580767886713147,0.3812778890132904,0.015927648171782494,0.04653953015804291
2015,sample_002015,samples/sample_002015.npz,40,52,46,56,7,15,12,10,8,70.0,150.0,120.0,100.0,80.0,455.0,505.0,110.0,0.5553524182377358,0.0007456156890839338,0.25673434138298035,0.02415507100522518,0.041714780032634735
2016,sample_002016,samples/sample_002016.npz,36,48,8,22,7,12,12,14,5,70.0,120.0,120.0,140.0,50.0,415.0,145.0,95.0,0.2999089815291465,0.0003611719293985516,0.13296839594841003,0.01219895202666521,0.021828902885317802
2017,sample_002017,samples/sample_002017.npz,28,43,13,26,3,6,15,13,3,30.0,60.0,150.0,130.0,30.0,350.0,190.0,45.0,0.3912269401413948,0.00021848725737072527,0.24674972891807556,0.013039866462349892,0.0355953723192215
2018,sample_002018,samples/sample_002018.npz,55,64,35,48,8,13,9,13,5,80.0,130.0,90.0,130.0,50.0,590.0,410.0,105.0,0.9590543956508462,0.0006570990663021803,0.2751672565937042,0.023935191333293915,0.045345716178417206
2019,sample_002019,samples/sample_002019.npz,25,32,20,28,3,9,7,8,6,30.0,90.0,70.0,80.0,60.0,280.0,235.0,60.0,0.995852218642103,0.00048728028195910156,0.5080815553665161,0.018462345004081726,0.05223189294338226
2020,sample_002020,samples/sample_002020.npz,52,61,5,13,2,6,9,8,4,20.0,60.0,90.0,80.0,40.0,560.0,85.0,40.0,0.9457258721431852,9.911119559546933e-05,0.5902580618858337,0.014854777604341507,0.05745391920208931
2021,sample_002021,samples/sample_002021.npz,49,58,3,8,7,9,9,5,2,70.0,90.0,90.0,50.0,20.0,530.0,50.0,80.0,0.7810400138995637,4.998892836738378e-05,0.061318762600421906,0.0032171232160180807,0.007976985536515713
2022,sample_002022,samples/sample_002022.npz,37,45,21,28,4,10,8,7,6,40.0,100.0,80.0,70.0,60.0,405.0,240.0,70.0,0.68192394480891,0.00033189234090968966,0.2705889046192169,0.012266432866454124,0.030467860400676727
2023,sample_002023,samples/sample_002023.npz,46,59,10,21,7,9,13,11,2,70.0,90.0,130.0,110.0,20.0,520.0,150.0,80.0,0.49807845988175903,0.00013317030970938504,0.09724042564630508,0.006979253608733416,0.014798016287386417
2024,sample_002024,samples/sample_002024.npz,50,54,18,28,3,7,4,10,4,30.0,70.0,40.0,100.0,40.0,515.0,225.0,50.0,0.259574535608379,2.966076681332197e-05,0.07916540652513504,0.0022921175695955753,0.007535785436630249
2025,sample_002025,samples/sample_002025.npz,9,19,13,21,3,10,10,8,7,30.0,100.0,100.0,80.0,70.0,135.0,165.0,65.0,0.9506650669441832,0.00044841307681053877,0.6552144885063171,0.027968572452664375,0.07527786493301392
2026,sample_002026,samples/sample_002026.npz,18,28,26,42,2,5,10,16,3,20.0,50.0,100.0,160.0,30.0,225.0,335.0,35.0,0.26101324434362194,0.00010980014485539868,0.17969003319740295,0.007353788707405329,0.023642485961318016
2027,sample_002027,samples/sample_002027.npz,53,57,45,58,7,12,4,13,5,70.0,120.0,40.0,130.0,50.0,545.0,510.0,95.0,0.49606973292068357,0.0001237213145941496,0.08057322353124619,0.005825365893542767,0.011985041201114655
2028,sample_002028,samples/sample_002028.npz,55,64,18,23,5,9,9,5,4,50.0,90.0,90.0,50.0,40.0,590.0,200.0,70.0,0.3499839430909172,4.7693527449155226e-05,0.0711195170879364,0.003062731819227338,0.008287874981760979
2029,sample_002029,samples/sample_002029.npz,24,32,7,16,2,4,8,9,2,20.0,40.0,80.0,90.0,20.0,275.0,110.0,30.0,0.6769895283211123,4.671100396080874e-05,0.26545557379722595,0.005714167840778828,0.024525484070181847
2030,sample_002030,samples/sample_002030.npz,20,26,1,8,7,9,6,7,2,70.0,90.0,60.0,70.0,20.0,225.0,40.0,80.0,0.7038763845079075,5.3743762691738084e-05,0.05341150239109993,0.0027790339663624763,0.006744170095771551
2031,sample_002031,samples/sample_002031.npz,23,29,28,40,4,10,6,12,6,40.0,100.0,60.0,120.0,60.0,255.0,335.0,70.0,0.6254906321689369,0.0005144611350260675,0.28406259417533875,0.01455918699502945,0.0345362052321434
2032,sample_002032,samples/sample_002032.npz,6,14,27,43,7,14,8,16,7,70.0,140.0,80.0,160.0,70.0,95.0,345.0,105.0,0.4062397354595822,0.000578578794375062,0.17535938322544098,0.01674259826540947,0.029109055176377296
2033,sample_002033,samples/sample_002033.npz,10,24,27,41,2,4,14,14,2,20.0,40.0,140.0,140.0,20.0,165.0,335.0,30.0,0.9189204612368531,0.0002201979368692264,0.4951375722885132,0.021291568875312805,0.07001873105764389
2034,sample_002034,samples/sample_002034.npz,3,13,12,24,5,8,10,12,3,50.0,80.0,100.0,120.0,30.0,75.0,175.0,65.0,0.630523251405396,0.00016704069275874645,0.21895483136177063,0.011558691039681435,0.029291080310940742
2035,sample_002035,samples/sample_002035.npz,14,23,20,35,7,9,9,15,2,70.0,90.0,90.0,150.0,20.0,180.0,270.0,80.0,0.6605338281982793,0.00027955425321124494,0.12070455402135849,0.009216162376105785,0.018289167433977127
2036,sample_002036,samples/sample_002036.npz,12,19,47,58,8,14,7,11,6,80.0,140.0,70.0,110.0,60.0,150.0,520.0,110.0,0.6249315437593759,0.00036477233516052365,0.14281752705574036,0.012807062827050686,0.022846590727567673
2037,sample_002037,samples/sample_002037.npz,48,54,4,19,5,12,6,15,7,50.0,120.0,60.0,150.0,70.0,505.0,110.0,85.0,0.6301474090830996,0.0003689719596877694,0.2847180962562561,0.018953587859869003,0.04100446030497551
2038,sample_002038,samples/sample_002038.npz,58,64,5,21,7,12,6,16,5,70.0,120.0,60.0,160.0,50.0,605.0,125.0,95.0,0.6222926585062829,0.00024986520293168724,0.16822315752506256,0.012507356703281403,0.02677628956735134
2039,sample_002039,samples/sample_002039.npz,35,41,25,33,2,4,6,8,2,20.0,40.0,60.0,80.0,20.0,375.0,285.0,30.0,0.5931467528545058,4.567300493363291e-05,0.19426053762435913,0.0033902719151228666,0.015422748401761055
2040,sample_002040,samples/sample_002040.npz,42,58,34,45,8,16,16,11,8,80.0,160.0,160.0,110.0,80.0,495.0,390.0,120.0,0.5150029512636036,0.0013384390622377396,0.27221059799194336,0.0324765108525753,0.049078356474637985
2041,sample_002041,samples/sample_002041.npz,55,59,29,41,3,9,4,12,6,30.0,90.0,40.0,120.0,60.0,565.0,345.0,60.0,0.34980255584018105,8.442648686468601e-05,0.14274980127811432,0.0052686273120343685,0.015382450073957443
2042,sample_002042,samples/sample_002042.npz,25,29,50,60,3,8,4,10,5,30.0,80.0,40.0,100.0,50.0,265.0,545.0,55.0,0.6648764713542141,0.00010468782420502976,0.228287473320961,0.00714028300717473,0.022409217432141304
2043,sample_002043,samples/sample_002043.npz,45,57,40,48,6,13,12,8,7,60.0,130.0,120.0,80.0,70.0,505.0,435.0,95.0,0.9090030048752797,0.0007815275457687676,0.38411808013916016,0.0292186476290226,0.056607477366924286
2044,sample_002044,samples/sample_002044.npz,52,56,59,64,2,7,4,5,5,20.0,70.0,40.0,50.0,50.0,535.0,610.0,45.0,0.9592608232102608,3.550911424099468e-05,0.3052758276462555,0.004967991728335619,0.021578041836619377
2045,sample_002045,samples/sample_002045.npz,33,46,17,32,6,13,13,15,7,60.0,130.0,130.0,150.0,70.0,390.0,240.0,95.0,0.6434117843119957,0.001803319901227951,0.4519917964935303,0.043930307030677795,0.07521617412567139
2046,sample_002046,samples/sample_002046.npz,51,56,36,52,3,11,5,16,8,30.0,110.0,50.0,160.0,80.0,530.0,435.0,70.0,0.6210946397087374,0.00035215329262427986,0.3896680772304535,0.020368745550513268,0.05038187652826309
2047,sample_002047,samples/sample_002047.npz,47,53,2,14,4,10,6,12,6,40.0,100.0,60.0,120.0,60.0,495.0,75.0,70.0,0.6167139989018404,0.00019176260684616864,0.2800767719745636,0.01318577490746975,0.034389056265354156
2048,sample_002048,samples/sample_002048.npz,47,57,41,50,3,8,10,9,5,30.0,80.0,100.0,90.0,50.0,515.0,450.0,55.0,0.5848022957792869,0.00018525673658587039,0.36457324028015137,0.014201339334249496,0.04165815934538841
2049,sample_002049,samples/sample_002049.npz,35,51,33,46,2,7,16,13,5,20.0,70.0,160.0,130.0,50.0,425.0,390.0,45.0,0.6633808207928482,0.0006170423584990203,0.7246422171592712,0.03930022567510605,0.10727882385253906
2050,sample_002050,samples/sample_002050.npz,31,39,11,16,2,7,8,5,5,20.0,70.0,80.0,50.0,50.0,345.0,130.0,45.0,0.2759653926537782,4.306781556806527e-05,0.13611312210559845,0.0031156085897237062,0.011532832868397236
2051,sample_002051,samples/sample_002051.npz,0,14,6,19,8,16,14,13,8,80.0,160.0,140.0,130.0,80.0,65.0,120.0,120.0,0.5929302015879427,0.0009878459386527538,0.3257102370262146,0.034519705921411514,0.05969636142253876
2052,sample_002052,samples/sample_002052.npz,31,35,48,62,3,9,4,14,6,30.0,90.0,40.0,140.0,60.0,325.0,545.0,60.0,0.9517328353786925,0.00030103448079898953,0.41301456093788147,0.01686844974756241,0.04731215909123421
2053,sample_002053,samples/sample_002053.npz,20,24,21,32,2,4,4,11,2,20.0,40.0,40.0,110.0,20.0,215.0,260.0,30.0,0.5387376691546925,3.075430868193507e-05,0.14966580271720886,0.002815403277054429,0.012446364387869835
2054,sample_002054,samples/sample_002054.npz,8,24,8,15,2,9,16,7,7,20.0,90.0,160.0,70.0,70.0,155.0,110.0,55.0,0.5085988372205585,0.000260618282482028,0.4828948378562927,0.021365541964769363,0.06088573858141899
2055,sample_002055,samples/sample_002055.npz,47,53,42,49,5,9,6,7,4,50.0,90.0,60.0,70.0,40.0,495.0,450.0,70.0,0.4600237368532767,7.269829075084999e-05,0.09127361327409744,0.0040117548778653145,0.010257909074425697
2056,sample_002056,samples/sample_002056.npz,2,17,27,40,6,10,15,13,4,60.0,100.0,150.0,130.0,40.0,90.0,330.0,80.0,0.7852833720872174,0.0007709520286880434,0.3796185851097107,0.030269866809248924,0.06142935901880264
2057,sample_002057,samples/sample_002057.npz,46,62,18,34,5,10,16,16,5,50.0,100.0,160.0,160.0,50.0,535.0,255.0,75.0,0.26388830533430796,0.0003673402825370431,0.20232029259204865,0.016973329707980156,0.03449069336056709
2058,sample_002058,samples/sample_002058.npz,50,62,26,34,4,12,12,8,8,40.0,120.0,120.0,80.0,80.0,555.0,295.0,80.0,0.6569631460986269,0.0005929103936068714,0.4316791892051697,0.02476350963115692,0.05714091286063194
2059,sample_002059,samples/sample_002059.npz,29,39,21,34,8,13,10,13,5,80.0,130.0,100.0,130.0,50.0,335.0,270.0,105.0,0.7930333899134734,0.0015245811082422733,0.24895407259464264,0.02533607929944992,0.04053742438554764
2060,sample_002060,samples/sample_002060.npz,49,53,36,48,6,9,4,12,3,60.0,90.0,40.0,120.0,30.0,505.0,415.0,75.0,0.5336622887640147,8.221860480261967e-05,0.07065772265195847,0.003934715874493122,0.009063730016350746
2061,sample_002061,samples/sample_002061.npz,16,25,3,13,8,16,9,10,8,80.0,160.0,90.0,100.0,80.0,200.0,75.0,120.0,0.2557511576245274,0.0002579867432359606,0.08010483533143997,0.007794027216732502,0.013281239196658134
2062,sample_002062,samples/sample_002062.npz,33,47,44,58,3,6,14,14,3,30.0,60.0,140.0,140.0,30.0,395.0,505.0,45.0,0.6064695504938453,0.00024494744138792157,0.3855185806751251,0.019995970651507378,0.05555974692106247
2063,sample_002063,samples/sample_002063.npz,0,12,11,18,8,14,12,7,6,80.0,140.0,120.0,70.0,60.0,55.0,140.0,110.0,0.42948754453628396,0.00023206732294056565,0.10515512526035309,0.009009698405861855,0.017085932195186615
2064,sample_002064,samples/sample_002064.npz,1,17,43,55,8,12,16,12,4,80.0,120.0,160.0,120.0,40.0,85.0,485.0,100.0,0.6496273346764132,0.0005367865087464452,0.23080259561538696,0.022201551124453545,0.04052044823765755
2065,sample_002065,samples/sample_002065.npz,33,44,39,50,2,5,11,11,3,20.0,50.0,110.0,110.0,30.0,380.0,440.0,35.0,0.6860182643096225,0.00016934949962887913,0.4397646486759186,0.014559580944478512,0.05106368660926819
2066,sample_002066,samples/sample_002066.npz,40,44,20,33,3,11,4,13,8,30.0,110.0,40.0,130.0,80.0,415.0,260.0,70.0,0.3699985804696356,0.00022919071489013731,0.177022323012352,0.008243599906563759,0.02040000632405281
2067,sample_002067,samples/sample_002067.npz,28,44,28,39,7,13,16,11,6,70.0,130.0,160.0,110.0,60.0,355.0,330.0,100.0,0.8255103278739029,0.0025626576971262693,0.42005056142807007,0.043420448899269104,0.07043465971946716
2068,sample_002068,samples/sample_002068.npz,43,57,14,24,5,10,14,10,5,50.0,100.0,140.0,100.0,50.0,495.0,185.0,75.0,0.3436349254621354,0.00024666122044436634,0.18520252406597137,0.012266919948160648,0.026872944086790085
2069,sample_002069,samples/sample_002069.npz,8,22,35,51,5,9,14,16,4,50.0,90.0,140.0,160.0,40.0,145.0,425.0,70.0,0.49576777186536547,0.0004637508245650679,0.3021298944950104,0.023152973502874374,0.04880773648619652
2070,sample_002070,samples/sample_002070.npz,48,58,21,25,5,7,10,4,2,50.0,70.0,100.0,40.0,20.0,525.0,225.0,60.0,0.22264887093531743,1.4812857443757821e-05,0.024580517783761024,0.0009475400438532233,0.0026688510552048683
2071,sample_002071,samples/sample_002071.npz,50,59,29,39,7,14,9,10,7,70.0,140.0,90.0,100.0,70.0,540.0,335.0,105.0,0.8017312260123721,0.0008066844893619418,0.27392899990081787,0.023157896474003792,0.04215900972485542
2072,sample_002072,samples/sample_002072.npz,17,31,2,18,7,11,14,16,4,70.0,110.0,140.0,160.0,40.0,235.0,95.0,90.0,0.968476061904014,0.001073735416866839,0.4414655566215515,0.04138622805476189,0.07641139626502991
2073,sample_002073,samples/sample_002073.npz,39,46,4,15,8,13,7,11,5,80.0,130.0,70.0,110.0,50.0,420.0,90.0,105.0,0.24694595272674108,0.00012563403288368136,0.05020089074969292,0.004302536603063345,0.007869208231568336
2074,sample_002074,samples/sample_002074.npz,51,55,14,27,5,11,4,13,6,50.0,110.0,40.0,130.0,60.0,525.0,200.0,80.0,0.6615860992239374,0.00021368048328440636,0.1762070655822754,0.010273666121065617,0.023152781650424004
2075,sample_002075,samples/sample_002075.npz,12,26,13,27,3,5,14,14,2,30.0,50.0,140.0,140.0,20.0,185.0,195.0,40.0,0.415010975777686,0.0001069714198820293,0.18991509079933167,0.009332868270576,0.027090799063444138
2076,sample_002076,samples/sample_002076.npz,51,57,57,64,4,9,6,7,5,40.0,90.0,60.0,70.0,50.0,535.0,600.0,65.0,0.9706942956985218,0.00011132017243653536,0.28242573142051697,0.00970918033272028,0.029756823554635048
2077,sample_002077,samples/sample_002077.npz,10,24,47,59,4,8,14,12,4,40.0,80.0,140.0,120.0,40.0,165.0,525.0,60.0,0.9530688992712844,0.00046272575855255127,0.5900046229362488,0.033671654760837555,0.08438947796821594
2078,sample_002078,samples/sample_002078.npz,14,24,57,63,2,9,10,6,7,20.0,90.0,100.0,60.0,70.0,185.0,595.0,55.0,0.4202769161515225,0.00010046343231806532,0.304801344871521,0.009081350639462471,0.03034297749400139
2079,sample_002079,samples/sample_002079.npz,15,30,30,46,4,7,15,16,3,40.0,70.0,150.0,160.0,30.0,220.0,375.0,55.0,0.5902673014223667,0.0005098409601487219,0.34589049220085144,0.023632245138287544,0.05493917316198349
2080,sample_002080,samples/sample_002080.npz,35,40,30,39,5,10,5,9,5,50.0,100.0,50.0,90.0,50.0,370.0,340.0,75.0,0.6369228003967475,0.000291347416350618,0.14790140092372894,0.007626516278833151,0.01754661649465561
2081,sample_002081,samples/sample_002081.npz,1,13,55,64,7,13,12,9,6,70.0,130.0,120.0,90.0,60.0,65.0,590.0,100.0,0.6976198076471145,0.00036137033021077514,0.24992546439170837,0.018096115440130234,0.03946113958954811
2082,sample_002082,samples/sample_002082.npz,2,16,17,31,8,13,14,14,5,80.0,130.0,140.0,140.0,50.0,85.0,235.0,105.0,0.9095452620510791,0.001236177165992558,0.3894498348236084,0.04015815630555153,0.06881009042263031
2083,sample_002083,samples/sample_002083.npz,50,63,11,24,6,11,13,13,5,60.0,110.0,130.0,130.0,50.0,560.0,170.0,85.0,0.21240344480514795,0.00016770344518590719,0.11021696031093597,0.008425413630902767,0.017551060765981674
2084,sample_002084,samples/sample_002084.npz,2,8,39,55,5,10,6,16,5,50.0,100.0,60.0,160.0,50.0,45.0,465.0,75.0,0.9050998979801967,0.00033132790122181177,0.3476203680038452,0.020704401656985283,0.04936615005135536
2085,sample_002085,samples/sample_002085.npz,14,26,9,20,7,10,12,11,3,70.0,100.0,120.0,110.0,30.0,195.0,140.0,85.0,0.5993634365617784,0.0002857739746104926,0.15463535487651825,0.01178746297955513,0.023445868864655495
2086,sample_002086,samples/sample_002086.npz,23,34,44,55,8,10,11,11,2,80.0,100.0,110.0,110.0,20.0,280.0,490.0,90.0,0.9421596825236271,0.0003597191534936428,0.1386551409959793,0.011288146488368511,0.0213019922375679
2087,sample_002087,samples/sample_002087.npz,6,19,27,37,8,10,13,10,2,80.0,100.0,130.0,100.0,20.0,120.0,315.0,90.0,0.5581355270480963,0.00023338955361396074,0.0862112045288086,0.007107580546289682,0.013454609550535679
2088,sample_002088,samples/sample_002088.npz,11,21,21,35,3,5,10,14,2,30.0,50.0,100.0,140.0,20.0,155.0,275.0,40.0,0.2907164043790002,6.039619984221645e-05,0.1163715049624443,0.004676925949752331,0.014613236300647259
2089,sample_002089,samples/sample_002089.npz,39,44,51,56,3,7,5,5,4,30.0,70.0,50.0,50.0,40.0,410.0,530.0,50.0,0.9915373658007025,6.683998071821406e-05,0.23064616322517395,0.005440912209451199,0.019219672307372093
2090,sample_002090,samples/sample_002090.npz,4,10,14,30,7,14,6,16,7,70.0,140.0,60.0,160.0,70.0,65.0,215.0,105.0,0.2182416376574824,0.0001822302583605051,0.07280772924423218,0.0064915623515844345,0.0119139039888978
2091,sample_002091,samples/sample_002091.npz,25,38,56,64,8,12,13,8,4,80.0,120.0,130.0,80.0,40.0,310.0,595.0,100.0,0.4074988764169234,0.0002234514831798151,0.09057805687189102,0.0073754312470555305,0.014436038210988045
2092,sample_002092,samples/sample_002092.npz,11,23,29,42,2,8,12,13,6,20.0,80.0,120.0,130.0,60.0,165.0,350.0,50.0,0.7705532392128134,0.0006983972270973027,0.850624680519104,0.04040207341313362,0.113234743475914
2093,sample_002093,samples/sample_002093.npz,17,21,1,14,3,5,4,13,2,30.0,50.0,40.0,130.0,20.0,185.0,70.0,40.0,0.2419476940637126,1.156897906184895e-05,0.05131715536117554,0.0013978019123896956,0.005104654934257269
2094,sample_002094,samples/sample_002094.npz,33,49,11,20,2,5,16,9,3,20.0,50.0,160.0,90.0,30.0,405.0,150.0,35.0,0.7068334836798278,0.00017143994045909494,0.4626476764678955,0.01773223653435707,0.05892227962613106
2095,sample_002095,samples/sample_002095.npz,28,35,39,50,8,13,7,11,5,80.0,130.0,70.0,110.0,50.0,310.0,440.0,105.0,0.8128654721605102,0.0007288178894668818,0.1652449518442154,0.015161114744842052,0.025552885606884956
2096,sample_002096,samples/sample_002096.npz,28,33,28,33,4,9,5,5,5,40.0,90.0,50.0,50.0,50.0,300.0,300.0,65.0,0.5389766518683654,0.00014186878979671746,0.1023608073592186,0.0036872075870633125,0.010021612048149109
2097,sample_002097,samples/sample_002097.npz,49,54,22,30,4,12,5,8,8,40.0,120.0,50.0,80.0,80.0,510.0,255.0,80.0,0.24531730467413626,9.66480074566789e-05,0.08384647965431213,0.003976108506321907,0.009479467757046223
2098,sample_002098,samples/sample_002098.npz,25,40,25,34,4,10,15,9,6,40.0,100.0,150.0,90.0,60.0,320.0,290.0,70.0,0.5806386144490756,0.0010750532383099198,0.39946454763412476,0.02538047544658184,0.056084223091602325
2099,sample_002099,samples/sample_002099.npz,53,60,28,36,6,10,7,8,4,60.0,100.0,70.0,80.0,40.0,560.0,315.0,80.0,0.7482604024472159,0.00020165846217423677,0.149269238114357,0.008204502984881401,0.019034339115023613
2100,sample_002100,samples/sample_002100.npz,30,45,43,59,7,12,15,16,5,70.0,120.0,150.0,160.0,50.0,370.0,505.0,95.0,0.9882838545418497,0.001799476332962513,0.5535297393798828,0.057071294635534286,0.09823314100503922
2101,sample_002101,samples/sample_002101.npz,30,37,49,62,7,9,7,13,2,70.0,90.0,70.0,130.0,20.0,330.0,550.0,80.0,0.4706511898473251,0.0001039382623275742,0.06429433077573776,0.004206926096230745,0.00917737651616335
2102,sample_002102,samples/sample_002102.npz,5,14,19,23,7,15,9,4,8,70.0,150.0,90.0,40.0,80.0,90.0,205.0,110.0,0.2983595759619577,0.00011679914314299822,0.04815506562590599,0.0038339458405971527,0.007077115587890148
2103,sample_002103,samples/sample_002103.npz,8,18,25,37,4,10,10,12,6,40.0,100.0,100.0,120.0,60.0,125.0,305.0,70.0,0.7026880208260515,0.0006312463083304465,0.46655943989753723,0.02646763063967228,0.06232515349984169
2104,sample_002104,samples/sample_002104.npz,31,42,21,36,7,15,11,15,8,70.0,150.0,110.0,150.0,80.0,360.0,280.0,110.0,0.9468366552895402,0.003668655874207616,0.5500340461730957,0.060555778443813324,0.0930539071559906
2105,sample_002105,samples/sample_002105.npz,2,15,42,49,4,8,13,7,4,40.0,80.0,130.0,70.0,40.0,80.0,450.0,60.0,0.9714716042628835,0.0002467333688400686,0.4058837294578552,0.018393369391560555,0.05035318061709404
2106,sample_002106,samples/sample_002106.npz,31,43,44,55,7,14,12,11,7,70.0,140.0,120.0,110.0,70.0,365.0,490.0,105.0,0.4522548565524718,0.000732967397198081,0.2085973471403122,0.019773803651332855,0.03372422978281975
2107,sample_002107,samples/sample_002107.npz,48,62,19,26,6,8,14,7,2,60.0,80.0,140.0,70.0,20.0,545.0,220.0,70.0,0.9070875824990989,0.00016092600708361715,0.1563481092453003,0.00900593027472496,0.021428368985652924
2108,sample_002108,samples/sample_002108.npz,43,52,1,16,2,4,9,15,2,20.0,40.0,90.0,150.0,20.0,470.0,80.0,30.0,0.2049772277530309,1.8588436432764865e-05,0.09673554450273514,0.0031870377715677023,0.011826436966657639
2109,sample_002109,samples/sample_002109.npz,12,16,51,62,7,10,4,11,3,70.0,100.0,40.0,110.0,30.0,135.0,560.0,85.0,0.9944422502890022,0.00011277899466222152,0.10109283030033112,0.00610679667443037,0.01382078230381012
2110,sample_002110,samples/sample_002110.npz,42,58,26,38,4,12,16,12,8,40.0,120.0,160.0,120.0,80.0,495.0,315.0,80.0,0.7707137635231185,0.0017939142417162657,0.7786581516265869,0.060236554592847824,0.12221334129571915
2111,sample_002111,samples/sample_002111.npz,12,20,26,31,5,9,8,5,4,50.0,90.0,80.0,50.0,40.0,155.0,280.0,70.0,0.7762631840394283,0.0001607181620784104,0.1456078737974167,0.006570066791027784,0.01641193777322769
2112,sample_002112,samples/sample_002112.npz,41,48,11,20,2,5,7,9,3,20.0,50.0,70.0,90.0,30.0,440.0,150.0,35.0,0.4252073139484247,4.091552546015009e-05,0.20633083581924438,0.004657667595893145,0.01882348209619522
2113,sample_002113,samples/sample_002113.npz,1,6,51,57,3,10,5,6,7,30.0,100.0,50.0,60.0,70.0,30.0,535.0,65.0,0.7567653124627363,8.664358028909191e-05,0.2614946961402893,0.007602423429489136,0.024553099647164345
2114,sample_002114,samples/sample_002114.npz,36,46,23,34,3,5,10,11,2,30.0,50.0,100.0,110.0,20.0,405.0,280.0,40.0,0.3129572779072062,6.553161074407399e-05,0.11480952054262161,0.00399106414988637,0.013081971555948257
2115,sample_002115,samples/sample_002115.npz,0,4,34,41,2,9,4,7,7,20.0,90.0,40.0,70.0,70.0,15.0,370.0,55.0,0.31258922510456594,3.831635331152938e-05,0.1388542801141739,0.0031033928971737623,0.011370991356670856
2116,sample_002116,samples/sample_002116.npz,11,17,28,44,4,11,6,16,7,40.0,110.0,60.0,160.0,70.0,135.0,355.0,75.0,0.949756327399125,0.0008170750224962831,0.5354470610618591,0.033025674521923065,0.07350360602140427
2117,sample_002117,samples/sample_002117.npz,25,32,50,56,7,11,7,6,4,70.0,110.0,70.0,60.0,40.0,280.0,525.0,90.0,0.4356873043010698,0.00010240922711091116,0.05527421087026596,0.003562899539247155,0.0073819514364004135
2118,sample_002118,samples/sample_002118.npz,51,58,32,44,8,14,7,12,6,80.0,140.0,70.0,120.0,60.0,540.0,375.0,110.0,0.6405384446415214,0.0004929871065542102,0.15682852268218994,0.01451658084988594,0.025257987901568413
2119,sample_002119,samples/sample_002119.npz,6,17,26,42,2,5,11,16,3,20.0,50.0,110.0,160.0,30.0,110.0,335.0,35.0,0.27205767303537665,8.4475519543048e-05,0.19401495158672333,0.008290980011224747,0.026574229821562767
2120,sample_002120,samples/sample_002120.npz,24,36,28,36,5,10,12,8,5,50.0,100.0,120.0,80.0,50.0,295.0,315.0,75.0,0.8324406271333853,0.0010081466753035784,0.34878623485565186,0.02130112610757351,0.0462317019701004
2121,sample_002121,samples/sample_002121.npz,34,41,39,51,4,12,7,12,8,40.0,120.0,70.0,120.0,80.0,370.0,445.0,80.0,0.6692349769095298,0.0006927400245331228,0.39452293515205383,0.023289857432246208,0.051057808101177216
2122,sample_002122,samples/sample_002122.npz,42,52,44,53,3,10,10,9,7,30.0,100.0,100.0,90.0,70.0,465.0,480.0,65.0,0.42315411652535667,0.0002339524362469092,0.3134506344795227,0.014070897363126278,0.03720369562506676
2123,sample_002123,samples/sample_002123.npz,8,23,48,58,3,11,15,10,8,30.0,110.0,150.0,100.0,80.0,150.0,525.0,70.0,0.4997494575803891,0.00048431550385430455,0.5160831809043884,0.03041594848036766,0.07320529222488403
2124,sample_002124,samples/sample_002124.npz,31,45,59,63,6,10,14,4,4,60.0,100.0,140.0,40.0,40.0,375.0,605.0,80.0,0.9537069704968393,0.0001974581682588905,0.16897131502628326,0.00987374596297741,0.023322001099586487
2125,sample_002125,samples/sample_002125.npz,40,52,42,56,4,7,12,14,3,40.0,70.0,120.0,140.0,30.0,455.0,485.0,55.0,0.25910834251525633,9.922312165144831e-05,0.12991996109485626,0.007094049826264381,0.0182562917470932
2126,sample_002126,samples/sample_002126.npz,34,48,50,55,7,15,14,5,8,70.0,150.0,140.0,50.0,80.0,405.0,520.0,110.0,0.6053609243614719,0.0005121577414683998,0.16814471781253815,0.015442605130374432,0.02674870193004608
2127,sample_002127,samples/sample_002127.npz,21,37,46,59,7,15,16,13,8,70.0,150.0,160.0,130.0,80.0,285.0,520.0,110.0,0.39785061973801916,0.0011590331560000777,0.27394023537635803,0.030247842893004417,0.04889976978302002
2128,sample_002128,samples/sample_002128.npz,26,31,21,32,6,10,5,11,4,60.0,100.0,50.0,110.0,40.0,280.0,260.0,80.0,0.4618306605479052,0.00021335994824767113,0.08629530668258667,0.005332406144589186,0.011267511174082756
2129,sample_002129,samples/sample_002129.npz,31,45,28,41,7,11,14,13,4,70.0,110.0,140.0,130.0,40.0,375.0,340.0,90.0,0.6607710660882689,0.0011578509584069252,0.2638310194015503,0.02454741857945919,0.043010544031858444
2130,sample_002130,samples/sample_002130.npz,24,28,30,36,8,11,4,6,3,80.0,110.0,40.0,60.0,30.0,255.0,325.0,95.0,0.9596526355764419,0.00018090030062012374,0.04871697351336479,0.003489249385893345,0.006539012771099806
2131,sample_002131,samples/sample_002131.npz,8,12,35,50,5,11,4,15,6,50.0,110.0,40.0,150.0,60.0,95.0,420.0,80.0,0.8091420310006388,0.0003003080782946199,0.23237979412078857,0.014428836293518543,0.0319477915763855
2132,sample_002132,samples/sample_002132.npz,56,60,1,14,7,12,4,13,5,70.0,120.0,40.0,130.0,50.0,575.0,70.0,95.0,0.7851958892368851,0.00016246334416791797,0.12753401696681976,0.008588351309299469,0.019048290327191353
2133,sample_002133,samples/sample_002133.npz,16,28,20,25,2,8,12,5,6,20.0,80.0,120.0,50.0,60.0,215.0,220.0,50.0,0.33256880359283003,0.00011419646762078628,0.2108641117811203,0.006736262235790491,0.02146979048848152
2134,sample_002134,samples/sample_002134.npz,4,9,12,28,5,13,5,16,8,50.0,130.0,50.0,160.0,80.0,60.0,195.0,90.0,0.9498287964938017,0.0006141754565760493,0.40208208560943604,0.028151288628578186,0.05945858731865883
2135,sample_002135,samples/sample_002135.npz,47,54,29,33,8,16,7,4,8,80.0,160.0,70.0,40.0,80.0,500.0,305.0,120.0,0.5233028864688118,0.0002464654389768839,0.05683182552456856,0.005299403332173824,0.008662056177854538
2136,sample_002136,samples/sample_002136.npz,6,17,44,59,7,10,11,15,3,70.0,100.0,110.0,150.0,30.0,110.0,510.0,85.0,0.4304178413320874,0.00019638019148260355,0.1276704967021942,0.01010829210281372,0.020586984232068062
2137,sample_002137,samples/sample_002137.npz,2,13,29,37,7,13,11,8,6,70.0,130.0,110.0,80.0,60.0,70.0,325.0,100.0,0.6710560536475829,0.0005185026675462723,0.20440790057182312,0.016158796846866608,0.03103640116751194
2138,sample_002138,samples/sample_002138.npz,46,61,27,40,2,7,15,13,5,20.0,70.0,150.0,130.0,50.0,530.0,330.0,45.0,0.8375507043161392,0.0006046279449947178,0.8965270519256592,0.0455004908144474,0.12956364452838898
2139,sample_002139,samples/sample_002139.npz,34,46,47,63,4,7,12,16,3,40.0,70.0,120.0,160.0,30.0,395.0,545.0,55.0,0.45810059448519597,0.00019593218166846782,0.24215848743915558,0.014057605527341366,0.035852573812007904
2140,sample_002140,samples/sample_002140.npz,19,31,3,8,5,11,12,5,6,50.0,110.0,120.0,50.0,60.0,245.0,50.0,80.0,0.41720108926833355,0.00014641039888374507,0.1298506110906601,0.007188764866441488,0.01698296144604683
2141,sample_002141,samples/sample_002141.npz,1,7,17,31,5,11,6,14,6,50.0,110.0,60.0,140.0,60.0,35.0,235.0,80.0,0.6108210846789773,0.00028148561250418425,0.24499981105327606,0.014420795254409313,0.03384973853826523
2142,sample_002142,samples/sample_002142.npz,8,23,20,29,5,13,15,9,8,50.0,130.0,150.0,90.0,80.0,150.0,240.0,90.0,0.6553129827622596,0.0010407877853140235,0.44319209456443787,0.035064298659563065,0.06750853359699249
2143,sample_002143,samples/sample_002143.npz,36,47,29,40,2,6,11,11,4,20.0,60.0,110.0,110.0,40.0,410.0,340.0,40.0,0.466197000406058,0.00021756735804956406,0.3637131154537201,0.013077450916171074,0.04284454509615898
2144,sample_002144,samples/sample_002144.npz,17,24,27,36,6,11,7,9,5,60.0,110.0,70.0,90.0,50.0,200.0,310.0,85.0,0.37697227418838974,0.0002341259823879227,0.09459956735372543,0.006101990584284067,0.012522969394922256
2145,sample_002145,samples/sample_002145.npz,43,51,41,53,7,11,8,12,4,70.0,110.0,80.0,120.0,40.0,465.0,465.0,90.0,0.23751819907955873,0.00011465517309261486,0.0592137910425663,0.0044694081880152225,0.008739367127418518
2146,sample_002146,samples/sample_002146.npz,31,39,8,24,5,10,8,16,5,50.0,100.0,80.0,160.0,50.0,345.0,155.0,75.0,0.7389137296133574,0.0006695114425383508,0.3602350056171417,0.024594265967607498,0.05238025262951851
2147,sample_002147,samples/sample_002147.npz,36,44,43,56,4,9,8,13,5,40.0,90.0,80.0,130.0,50.0,395.0,490.0,65.0,0.4043210379797393,0.00021600571926683187,0.21555514633655548,0.011174301616847515,0.027717934921383858
2148,sample_002148,samples/sample_002148.npz,33,45,37,49,3,9,12,12,6,30.0,90.0,120.0,120.0,60.0,385.0,425.0,60.0,0.718146036702916,0.0007422426715493202,0.6388950347900391,0.034001097083091736,0.08538729697465897
2149,sample_002149,samples/sample_002149.npz,20,32,15,25,5,7,12,10,2,50.0,70.0,120.0,100.0,20.0,255.0,195.0,60.0,0.8835026780340607,0.0002529716002754867,0.22324317693710327,0.01160889957100153,0.028993288055062294
2150,sample_002150,samples/sample_002150.npz,56,63,60,64,4,6,7,4,2,40.0,60.0,70.0,40.0,20.0,590.0,615.0,50.0,0.563802241767984,1.1417808309488464e-05,0.06560096889734268,0.0015317858196794987,0.005890375003218651
2151,sample_002151,samples/sample_002151.npz,10,24,50,57,8,10,14,7,2,80.0,100.0,140.0,70.0,20.0,165.0,530.0,90.0,0.7350120649751781,0.00015212046855594963,0.08830837160348892,0.006825971882790327,0.013593333773314953
2152,sample_002152,samples/sample_002152.npz,49,59,2,17,5,11,10,15,6,50.0,110.0,100.0,150.0,60.0,535.0,90.0,80.0,0.7823972872129861,0.000547245261259377,0.48897144198417664,0.03312721103429794,0.07437004148960114
2153,sample_002153,samples/sample_002153.npz,9,19,38,44,6,8,10,6,2,60.0,80.0,100.0,60.0,20.0,135.0,405.0,70.0,0.3300266961700229,4.1904520912794396e-05,0.04113510623574257,0.002068951027467847,0.0050246575847268105
2154,sample_002154,samples/sample_002154.npz,0,5,9,15,3,10,5,6,7,30.0,100.0,50.0,60.0,70.0,20.0,115.0,65.0,0.5743675124343517,6.699648656649515e-05,0.19846849143505096,0.00574169447645545,0.018619753420352936
2155,sample_002155,samples/sample_002155.npz,13,22,11,27,4,8,9,16,4,40.0,80.0,90.0,160.0,40.0,170.0,185.0,60.0,0.7969257975471169,0.0004182102275080979,0.43606674671173096,0.0247751846909523,0.060921330004930496
2156,sample_002156,samples/sample_002156.npz,3,7,5,19,7,12,4,14,5,70.0,120.0,40.0,140.0,50.0,45.0,115.0,95.0,0.42448511982238596,0.00010210567415924743,0.07245055586099625,0.005121230613440275,0.010969262570142746
2157,sample_002157,samples/sample_002157.npz,20,26,39,52,2,10,6,13,8,20.0,100.0,60.0,130.0,80.0,225.0,450.0,60.0,0.822644091562027,0.0005343179800547659,0.6984874606132507,0.02797595225274563,0.07838650047779083
2158,sample_002158,samples/sample_002158.npz,40,52,38,54,3,7,12,16,4,30.0,70.0,120.0,160.0,40.0,455.0,455.0,50.0,0.8885141123293743,0.0005137378466315567,0.686353862285614,0.037875574082136154,0.09972266852855682
2159,sample_002159,samples/sample_002159.npz,8,22,2,11,8,16,14,9,8,80.0,160.0,140.0,90.0,80.0,145.0,60.0,120.0,0.3291555747970695,0.0003954624116886407,0.1339094638824463,0.013460857793688774,0.023456303402781487
2160,sample_002160,samples/sample_002160.npz,7,18,35,46,8,15,11,11,7,80.0,150.0,110.0,110.0,70.0,120.0,400.0,115.0,0.9883395597154967,0.0013790751108899713,0.3654302954673767,0.037740688771009445,0.06146955117583275
2161,sample_002161,samples/sample_002161.npz,33,46,47,53,2,6,13,6,4,20.0,60.0,130.0,60.0,40.0,390.0,495.0,40.0,0.8026836003662081,0.00015858250844758004,0.4842987656593323,0.014322647824883461,0.050411853939294815
2162,sample_002162,samples/sample_002162.npz,6,16,3,11,3,10,10,8,7,30.0,100.0,100.0,80.0,70.0,105.0,65.0,65.0,0.28761488156140413,9.794662764761597e-05,0.19822905957698822,0.007989183068275452,0.022881951183080673
2163,sample_002163,samples/sample_002163.npz,47,62,23,29,6,9,15,6,3,60.0,90.0,150.0,60.0,30.0,540.0,255.0,75.0,0.23704015571428574,6.825366290286183e-05,0.05124460905790329,0.0032096458598971367,0.007221823558211327
2164,sample_002164,samples/sample_002164.npz,26,32,32,36,3,11,6,4,8,30.0,110.0,60.0,40.0,80.0,285.0,335.0,70.0,0.7843924922667898,0.0003161121276207268,0.2377961277961731,0.00813779141753912,0.021833578124642372
2165,sample_002165,samples/sample_002165.npz,6,18,60,64,2,8,12,4,6,20.0,80.0,120.0,40.0,60.0,115.0,615.0,50.0,0.814163423198957,9.946701902663335e-05,0.43783172965049744,0.011859291233122349,0.0428108312189579
2166,sample_002166,samples/sample_002166.npz,7,23,3,7,3,8,16,4,5,30.0,80.0,160.0,40.0,50.0,145.0,45.0,55.0,0.33673150070809077,5.79514198761899e-05,0.13872045278549194,0.0055414484813809395,0.016533263027668
2167,sample_002167,samples/sample_002167.npz,1,10,47,57,4,10,9,10,6,40.0,100.0,90.0,100.0,60.0,50.0,515.0,70.0,0.45260434797916443,0.00015775530482642353,0.2505052983760834,0.011746714822947979,0.03143841400742531
2168,sample_002168,samples/sample_002168.npz,40,51,44,48,3,5,11,4,2,30.0,50.0,110.0,40.0,20.0,450.0,455.0,40.0,0.857741821984612,4.5846772991353646e-05,0.17243903875350952,0.004323354922235012,0.015909243375062943
2169,sample_002169,samples/sample_002169.npz,35,40,17,24,7,13,5,7,6,70.0,130.0,50.0,70.0,60.0,370.0,200.0,100.0,0.5640631782104044,0.00023598075495101511,0.07758314907550812,0.005827590357512236,0.0107050696387887
2170,sample_002170,samples/sample_002170.npz,27,33,46,61,6,12,6,15,6,60.0,120.0,60.0,150.0,60.0,295.0,530.0,90.0,0.9048175200589335,0.0007017293246462941,0.31301450729370117,0.023594802245497704,0.0467832088470459
2171,sample_002171,samples/sample_002171.npz,37,46,33,47,8,10,9,14,2,80.0,100.0,90.0,140.0,20.0,410.0,395.0,90.0,0.7198369347201354,0.00032712254323996603,0.10717897862195969,0.009164437651634216,0.016683267429471016
2172,sample_002172,samples/sample_002172.npz,6,18,14,22,3,10,12,8,7,30.0,100.0,120.0,80.0,70.0,115.0,175.0,65.0,0.8088091991453061,0.0004452417488209903,0.6132282614707947,0.02836863324046135,0.07478640228509903
2173,sample_002173,samples/sample_002173.npz,53,64,50,54,5,11,11,4,6,50.0,110.0,110.0,40.0,60.0,580.0,515.0,80.0,0.2520304180426036,4.891845310339704e-05,0.06074100732803345,0.003066312288865447,0.007672232110053301
2174,sample_002174,samples/sample_002174.npz,39,51,21,35,4,6,12,14,2,40.0,60.0,120.0,140.0,20.0,445.0,275.0,50.0,0.7095045229561354,0.00024435980594716966,0.2571415603160858,0.013393198139965534,0.035485319793224335
2175,sample_002175,samples/sample_002175.npz,34,46,47,61,7,15,12,14,8,70.0,150.0,120.0,140.0,80.0,395.0,535.0,110.0,0.34527203790852834,0.000690616259817034,0.2054593563079834,0.02081351913511753,0.03525117412209511
2176,sample_002176,samples/sample_002176.npz,10,25,16,29,8,15,15,13,7,80.0,150.0,150.0,130.0,70.0,170.0,220.0,115.0,0.6304945111759875,0.0016114385798573494,0.3349359333515167,0.03970511630177498,0.06018834933638573
2177,sample_002177,samples/sample_002177.npz,49,56,50,64,4,8,7,14,4,40.0,80.0,70.0,140.0,40.0,520.0,565.0,60.0,0.5805930993489388,0.00012989681272301823,0.25112539529800415,0.011465904302895069,0.03202623873949051
2178,sample_002178,samples/sample_002178.npz,37,46,33,40,4,10,9,7,6,40.0,100.0,90.0,70.0,60.0,410.0,360.0,70.0,0.7792780506384678,0.0004599398234859109,0.33397120237350464,0.01579589955508709,0.03872744366526604
2179,sample_002179,samples/sample_002179.npz,13,18,21,33,5,8,5,12,3,50.0,80.0,50.0,120.0,30.0,150.0,265.0,65.0,0.48973355014445596,0.0001005719241220504,0.09829594939947128,0.0047180503606796265,0.011882035061717033
2180,sample_002180,samples/sample_002180.npz,31,41,23,38,3,11,10,15,8,30.0,110.0,100.0,150.0,80.0,355.0,300.0,70.0,0.9576022009692966,0.002398786833509803,0.988900363445282,0.061976078897714615,0.13900713622570038
2181,sample_002181,samples/sample_002181.npz,45,53,35,48,3,11,8,13,8,30.0,110.0,80.0,130.0,80.0,485.0,410.0,70.0,0.2091951064018078,0.00018694413302000612,0.1748257726430893,0.009129175916314125,0.02226840704679489
2182,sample_002182,samples/sample_002182.npz,3,12,47,51,2,7,9,4,5,20.0,70.0,90.0,40.0,50.0,70.0,485.0,45.0,0.877165815674571,7.411561091430485e-05,0.38873475790023804,0.008592328988015652,0.03289828449487686
2183,sample_002183,samples/sample_002183.npz,12,16,26,37,8,11,4,11,3,80.0,110.0,40.0,110.0,30.0,135.0,310.0,95.0,0.6380171252951525,0.0001470613497076556,0.05361569672822952,0.004111299756914377,0.0077661750838160515
2184,sample_002184,samples/sample_002184.npz,29,39,5,10,3,8,10,5,5,30.0,80.0,100.0,50.0,50.0,335.0,70.0,55.0,0.24062245858435258,4.806444121641107e-05,0.0986907109618187,0.0032104100100696087,0.010039713233709335
2185,sample_002185,samples/sample_002185.npz,4,10,42,48,8,10,6,6,2,80.0,100.0,60.0,60.0,20.0,65.0,445.0,90.0,0.3719846265039668,2.683386810531374e-05,0.0200775396078825,0.0012416776735335588,0.0027039777487516403
2186,sample_002186,samples/sample_002186.npz,17,24,39,43,7,11,7,4,4,70.0,110.0,70.0,40.0,40.0,200.0,405.0,90.0,0.3460991873907232,6.333198689389974e-05,0.030163288116455078,0.0019513795850798488,0.003924988675862551
2187,sample_002187,samples/sample_002187.npz,49,53,10,23,3,9,4,13,6,30.0,90.0,40.0,130.0,60.0,505.0,160.0,60.0,0.38452190675252007,8.984369924291968e-05,0.1618928462266922,0.006373163312673569,0.018024828284978867
2188,sample_002188,samples/sample_002188.npz,39,46,37,41,6,14,7,4,8,60.0,140.0,70.0,40.0,80.0,420.0,385.0,100.0,0.4943165685772488,0.0002175533736590296,0.0785495936870575,0.005454421509057283,0.010273017920553684
2189,sample_002189,samples/sample_002189.npz,7,22,22,29,5,13,15,7,8,50.0,130.0,150.0,70.0,80.0,140.0,250.0,90.0,0.5344661332463476,0.0006563616334460676,0.29441994428634644,0.0221736878156662,0.04349462687969208
2190,sample_002190,samples/sample_002190.npz,40,51,21,37,5,11,11,16,6,50.0,110.0,110.0,160.0,60.0,450.0,285.0,80.0,0.6051130836075693,0.0010435892036184669,0.41736534237861633,0.033048614859580994,0.06512835621833801
2191,sample_002191,samples/sample_002191.npz,37,41,9,22,7,13,4,13,6,70.0,130.0,40.0,130.0,60.0,385.0,150.0,100.0,0.5194863722157503,0.0002663437626324594,0.09448517858982086,0.007804648485034704,0.014136947691440582
2192,sample_002192,samples/sample_002192.npz,30,46,1,6,7,9,16,5,2,70.0,90.0,160.0,50.0,20.0,375.0,30.0,80.0,0.6888886470447557,0.00010358575673308223,0.07837281376123428,0.005123774521052837,0.011599692516028881
2193,sample_002193,samples/sample_002193.npz,35,51,42,56,6,13,16,14,7,60.0,130.0,160.0,140.0,70.0,425.0,485.0,95.0,0.9882270566426243,0.0021675974130630493,0.7600346207618713,0.07483216375112534,0.13132628798484802
2194,sample_002194,samples/sample_002194.npz,53,61,39,46,3,9,8,7,6,30.0,90.0,80.0,70.0,60.0,565.0,420.0,60.0,0.3847402934222463,9.21515966183506e-05,0.19629362225532532,0.0067137484438717365,0.020282519981265068
2195,sample_002195,samples/sample_002195.npz,6,21,33,49,3,10,15,16,7,30.0,100.0,150.0,160.0,70.0,130.0,405.0,65.0,0.663530374997306,0.0010887953685596585,0.8139409422874451,0.05886228382587433,0.1317063719034195
2196,sample_002196,samples/sample_002196.npz,5,11,37,47,5,7,6,10,2,50.0,70.0,60.0,100.0,20.0,75.0,415.0,60.0,0.5062213649909248,4.514158354140818e-05,0.07944677770137787,0.0031771811190992594,0.008965502493083477
2197,sample_002197,samples/sample_002197.npz,33,46,52,58,2,8,13,6,6,20.0,80.0,130.0,60.0,60.0,390.0,545.0,50.0,0.48592938218429227,0.00015381289995275438,0.36405372619628906,0.012412123382091522,0.03956301510334015
2198,sample_002198,samples/sample_002198.npz,10,26,33,45,4,8,16,12,4,40.0,80.0,160.0,120.0,40.0,175.0,385.0,60.0,0.5469034183449486,0.0004598946252372116,0.3582344651222229,0.022858411073684692,0.05353042855858803
2199,sample_002199,samples/sample_002199.npz,35,39,14,22,6,14,4,8,8,60.0,140.0,40.0,80.0,80.0,365.0,175.0,100.0,0.8970678098618827,0.0004274523234926164,0.16000841557979584,0.011224891990423203,0.021205320954322815
