sample_index,relative_path,body_name,x_start,x_end,y_start,y_end,z_start,z_end,width_x,width_y,thickness_z,top_depth_index,bottom_depth_index,center_x_index,center_y_index,center_z_index,top_depth_m,bottom_depth_m,center_depth_m,width_x_m,width_y_m,thickness_z_m,center_x_m,center_y_m,density_contrast,nonzero_density_cells,gravity_minimum_mgal,gravity_maximum_mgal,gravity_mean_mgal,gravity_std_mgal
0,samples/sample_000000.npz,rectangular_body_000000,20,36,49,54,8,11,16,5,3,8,10,27.5,51.0,9.0,80.0,110.0,95.0,160.0,50.0,30.0,275.0,510.0,0.5823011515635614,240,0.00039326385653592826,0.0663578915679256,0.007884822772647647,0.009657177460443138
1,samples/sample_000001.npz,rectangular_body_000001,46,53,36,45,4,9,7,9,5,4,8,49.0,40.0,6.0,40.0,90.0,65.0,70.0,90.0,50.0,490.0,400.0,0.5125959519207172,315,0.0003135352786561176,0.16005785630280814,0.010536036163020575,0.016621674705066706
2,samples/sample_000002.npz,rectangular_body_000002,50,58,24,40,7,14,8,16,7,7,13,53.5,31.5,10.0,70.0,140.0,105.0,80.0,160.0,70.0,535.0,315.0,0.5030300855112483,896,0.0013771994278267518,0.18665912094601728,0.023299048400067808,0.028330572488194625
3,samples/sample_000003.npz,rectangular_body_000003,25,32,2,14,6,11,7,12,5,6,10,28.0,7.5,8.0,60.0,110.0,85.0,70.0,120.0,50.0,280.0,75.0,0.5888399509141371,420,0.0005424773098624567,0.1518687211260495,0.013045921274451554,0.019302188598143782
4,samples/sample_000004.npz,rectangular_body_000004,49,59,18,30,7,9,10,12,2,7,8,53.5,23.5,7.5,70.0,90.0,80.0,100.0,120.0,20.0,535.0,235.0,0.3684879516949954,240,0.0001772014707626515,0.053713126871778066,0.004963370534573178,0.007204591239872394
5,samples/sample_000005.npz,rectangular_body_000005,51,59,45,52,8,12,8,7,4,8,11,54.5,48.0,9.5,80.0,120.0,100.0,80.0,70.0,40.0,545.0,480.0,0.6378219029684873,224,0.0002652621859718684,0.07234143503464951,0.006752384510293542,0.009926471896030324
6,samples/sample_000006.npz,rectangular_body_000006,24,34,23,36,5,10,10,13,5,5,9,28.5,29.0,7.0,50.0,100.0,75.0,100.0,130.0,50.0,285.0,290.0,0.657265292946634,650,0.002069821712774185,0.28462593925245755,0.029592311304164468,0.03565121195176111
7,samples/sample_000007.npz,rectangular_body_000007,45,59,37,51,8,13,14,14,5,8,12,51.5,43.5,10.0,80.0,130.0,105.0,140.0,140.0,50.0,515.0,435.0,0.9073043414323758,980,0.002160919302713663,0.3383946814220805,0.04544667452309081,0.05499813001542941
8,samples/sample_000008.npz,rectangular_body_000008,13,26,45,58,7,10,13,13,3,7,9,19.0,51.0,8.0,70.0,100.0,85.0,130.0,130.0,30.0,190.0,510.0,0.9925207538285843,507,0.00102596393230471,0.26067320882783873,0.028197100989794544,0.03823718685799701
9,samples/sample_000009.npz,rectangular_body_000009,42,53,33,37,7,10,11,4,3,7,9,47.0,34.5,8.0,70.0,100.0,85.0,110.0,40.0,30.0,470.0,345.0,0.5473759913336271,132,0.0002240822528781507,0.04593846030113888,0.004503886963146202,0.005725421675185544
10,samples/sample_000010.npz,rectangular_body_000010,13,29,42,58,5,12,16,16,7,5,11,20.5,49.5,8.0,50.0,120.0,85.0,160.0,160.0,70.0,205.0,495.0,0.7524312741276036,1792,0.003034122473349594,0.626725762172354,0.07800358240709016,0.09910388329642
11,samples/sample_000011.npz,rectangular_body_000011,55,60,9,21,4,12,5,12,8,4,11,57.0,14.5,7.5,40.0,120.0,80.0,50.0,120.0,80.0,570.0,145.0,0.8188030068467509,480,0.0005509608840587292,0.2956210859902776,0.018890992743063745,0.03385332004438446
12,samples/sample_000012.npz,rectangular_body_000012,14,29,21,30,5,11,15,9,6,5,10,21.0,25.0,7.5,50.0,110.0,80.0,150.0,90.0,60.0,210.0,250.0,0.8109834552387294,810,0.002120440785496913,0.39690176973930225,0.04308478217364529,0.052396673858833204
13,samples/sample_000013.npz,rectangular_body_000013,2,13,48,58,3,10,11,10,7,3,9,7.0,52.5,6.0,30.0,100.0,65.0,110.0,100.0,70.0,70.0,525.0,0.7933045807495349,770,0.0006686529170909802,0.5418347829845469,0.030346849820657048,0.06112125863304214
14,samples/sample_000014.npz,rectangular_body_000014,22,27,4,13,8,13,5,9,5,8,12,24.0,8.0,10.0,80.0,130.0,105.0,50.0,90.0,50.0,240.0,80.0,0.20754495623670338,225,0.00011231599352388095,0.022302530266759723,0.002290706796498356,0.0030486925315847085
15,samples/sample_000015.npz,rectangular_body_000015,19,32,23,31,7,10,13,8,3,7,9,25.0,26.5,8.0,70.0,100.0,85.0,130.0,80.0,30.0,250.0,265.0,0.6645448098260138,312,0.0008680102700968414,0.11882710000176464,0.013675548271962653,0.015559410953232431
16,samples/sample_000016.npz,rectangular_body_000016,17,33,19,34,3,9,16,15,6,3,8,24.5,26.0,5.5,30.0,90.0,60.0,160.0,150.0,60.0,245.0,260.0,0.9019100585343176,1440,0.003986817344868323,0.8709514465216673,0.09317644020456438,0.12108896026737567
17,samples/sample_000017.npz,rectangular_body_000017,50,57,15,25,4,11,7,10,7,4,10,53.0,19.5,7.0,40.0,110.0,75.0,70.0,100.0,70.0,530.0,195.0,0.455060168177182,490,0.0003838144600276725,0.1830031669440263,0.012812770776233082,0.02066057604042661
18,samples/sample_000018.npz,rectangular_body_000018,36,47,15,26,7,11,11,11,4,7,10,41.0,20.0,8.5,70.0,110.0,90.0,110.0,110.0,40.0,410.0,200.0,0.7556496255102603,484,0.0011271380759038739,0.19333466506926117,0.02265964704262588,0.026548305874827777
19,samples/sample_000019.npz,rectangular_body_000019,25,36,38,44,6,14,11,6,8,6,13,30.0,40.5,9.5,60.0,140.0,100.0,110.0,60.0,80.0,300.0,405.0,0.26977642699442983,528,0.0006867424513161168,0.07472743192840017,0.00889278876015673,0.00960585951095389
20,samples/sample_000020.npz,rectangular_body_000020,25,38,19,27,4,9,13,8,5,4,8,31.0,22.5,6.0,40.0,90.0,65.0,130.0,80.0,50.0,310.0,225.0,0.527739747723183,520,0.0009767008342663286,0.23063296814942558,0.01941099820209814,0.026451176415708565
21,samples/sample_000021.npz,rectangular_body_000021,30,36,6,16,2,7,6,10,5,2,6,32.5,10.5,4.0,20.0,70.0,45.0,60.0,100.0,50.0,325.0,105.0,0.39044082342939723,300,0.00018155064338033322,0.18418687205630027,0.007973290419957505,0.015827405023451938
22,samples/sample_000022.npz,rectangular_body_000022,20,29,46,62,4,12,9,16,8,4,11,24.0,53.5,7.5,40.0,120.0,80.0,90.0,160.0,80.0,240.0,535.0,0.4605694393624532,1152,0.0010808689377517083,0.3233808058138009,0.029654472130868914,0.04337071678005263
23,samples/sample_000023.npz,rectangular_body_000023,29,43,29,34,3,11,14,5,8,3,10,35.5,31.0,6.5,30.0,110.0,70.0,140.0,50.0,80.0,355.0,310.0,0.225758546632446,560,0.0005982210121576674,0.10894345338111013,0.008930870251985749,0.011832403196964231
24,samples/sample_000024.npz,rectangular_body_000024,28,39,8,13,8,10,11,5,2,8,9,33.0,10.0,8.5,80.0,100.0,90.0,110.0,50.0,20.0,330.0,100.0,0.9409740811696254,110,0.00027391908018486614,0.059238086548589426,0.005762080692053452,0.007784633072283556
25,samples/sample_000025.npz,rectangular_body_000025,18,29,14,23,3,7,11,9,4,3,6,23.0,18.0,4.5,30.0,70.0,50.0,110.0,90.0,40.0,230.0,180.0,0.33140491519502346,396,0.0002390613095472589,0.15323723868937278,0.009432572256628285,0.01564020632063336
26,samples/sample_000026.npz,rectangular_body_000026,42,55,34,42,4,6,13,8,2,4,5,48.0,37.5,4.5,40.0,60.0,50.0,130.0,80.0,20.0,480.0,375.0,0.4725149145015195,208,0.00017382788337878726,0.10631814245678538,0.006902343620723535,0.011465202137369594
27,samples/sample_000027.npz,rectangular_body_000027,17,33,6,22,8,10,16,16,2,8,9,24.5,13.5,8.5,80.0,100.0,90.0,160.0,160.0,20.0,245.0,135.0,0.7789084607655188,512,0.0010629017436416081,0.16677061318554917,0.022983410519001338,0.027054643162911167
28,samples/sample_000028.npz,rectangular_body_000028,24,37,45,53,5,13,13,8,8,5,12,30.0,48.5,8.5,50.0,130.0,90.0,130.0,80.0,80.0,300.0,485.0,0.37916968038695953,832,0.001000462116942435,0.18092745452117923,0.019029578004802743,0.023795427960666027
29,samples/sample_000029.npz,rectangular_body_000029,25,32,19,28,3,6,7,9,3,3,5,28.0,23.0,4.0,30.0,60.0,45.0,70.0,90.0,30.0,280.0,230.0,0.8378726965056633,189,0.0003837254467974504,0.23983851864189698,0.012041833282137551,0.020771562057611805
30,samples/sample_000030.npz,rectangular_body_000030,49,55,24,39,8,15,6,15,7,8,14,51.5,31.0,11.0,80.0,150.0,115.0,60.0,150.0,70.0,515.0,310.0,0.32340379562796207,630,0.0007165584274219979,0.07657248063298938,0.01058704974589389,0.011793257339042566
31,samples/sample_000031.npz,rectangular_body_000031,7,16,33,40,4,6,9,7,2,4,5,11.0,36.0,4.5,40.0,60.0,50.0,90.0,70.0,20.0,110.0,360.0,0.2199793810711709,126,4.354262190414682e-05,0.03651312436747891,0.0018553926237885572,0.0034147613764958277
32,samples/sample_000032.npz,rectangular_body_000032,38,49,16,32,5,10,11,16,5,5,9,43.0,23.5,7.0,50.0,100.0,75.0,110.0,160.0,50.0,430.0,235.0,0.8991662605211204,880,0.002219496459789014,0.47166644881476916,0.0521864972297711,0.06501382234685132
33,samples/sample_000033.npz,rectangular_body_000033,29,38,22,32,3,8,9,10,5,3,7,33.0,26.5,5.0,30.0,80.0,55.0,90.0,100.0,50.0,330.0,265.0,0.6624796009659032,450,0.0010676983437790594,0.3314040615061306,0.022129371156913213,0.03335384118791048
34,samples/sample_000034.npz,rectangular_body_000034,28,36,16,30,5,13,8,14,8,5,12,31.5,22.5,8.5,50.0,130.0,90.0,80.0,140.0,80.0,315.0,225.0,0.4793614613190729,896,0.0020298468903382763,0.2394920424336458,0.027737922942718506,0.03133610097221201
35,samples/sample_000035.npz,rectangular_body_000035,38,53,48,61,4,8,15,13,4,4,7,45.0,54.0,5.5,40.0,80.0,60.0,150.0,130.0,40.0,450.0,540.0,0.7844032018316711,780,0.0008209591820198802,0.4446355731269796,0.03565689839180068,0.059943041044948735
36,samples/sample_000036.npz,rectangular_body_000036,43,59,39,50,6,11,16,11,5,6,10,50.5,44.0,8.0,60.0,110.0,85.0,160.0,110.0,50.0,505.0,440.0,0.3513652492027719,880,0.0006419618018096878,0.15841705763566785,0.017436776816734775,0.023429747123433483
37,samples/sample_000037.npz,rectangular_body_000037,31,39,25,33,8,11,8,8,3,8,10,34.5,28.5,9.0,80.0,110.0,95.0,80.0,80.0,30.0,345.0,285.0,0.7490368234415601,192,0.0008165510125192964,0.07694960839384041,0.009291058142877494,0.009896315293858156
38,samples/sample_000038.npz,rectangular_body_000038,23,35,24,34,5,7,12,10,2,5,6,28.5,28.5,5.5,50.0,70.0,60.0,120.0,100.0,20.0,285.0,285.0,0.6932820169050666,240,0.0006604612172511351,0.14377206332898185,0.012138832196866504,0.01659576246777114
39,samples/sample_000039.npz,rectangular_body_000039,38,42,26,34,4,8,4,8,4,4,7,39.5,29.5,5.5,40.0,80.0,60.0,40.0,80.0,40.0,395.0,295.0,0.6625174941681033,128,0.00027799121979576547,0.10110920773322205,0.006142062374488329,0.009290629751804249
40,samples/sample_000040.npz,rectangular_body_000040,29,40,32,48,5,8,11,16,3,5,7,34.0,39.5,6.0,50.0,80.0,65.0,110.0,160.0,30.0,340.0,395.0,0.6522510296859483,528,0.001211344734388377,0.23537777115530564,0.024318546474890963,0.030964575847146354
41,samples/sample_000041.npz,rectangular_body_000041,24,39,21,25,2,7,15,4,5,2,6,31.0,22.5,4.0,20.0,70.0,45.0,150.0,40.0,50.0,310.0,225.0,0.20777721073326233,300,0.0001646830205280622,0.08311957528901548,0.0047386635261377485,0.007901432993875045
42,samples/sample_000042.npz,rectangular_body_000042,22,28,40,49,2,7,6,9,5,2,6,24.5,44.0,4.0,20.0,70.0,45.0,60.0,90.0,50.0,245.0,440.0,0.3092615172089288,270,0.00015188863222137777,0.13842665869014567,0.006199625506528369,0.011336435880071528
43,samples/sample_000043.npz,rectangular_body_000043,29,36,28,43,3,6,7,15,3,3,5,32.0,35.0,4.0,30.0,60.0,45.0,70.0,150.0,30.0,320.0,350.0,0.9297482914906869,315,0.0010101041985122352,0.340293101375522,0.022520940052966447,0.03551156432707871
44,samples/sample_000044.npz,rectangular_body_000044,22,29,18,32,7,14,7,14,7,7,13,25.0,24.5,10.0,70.0,140.0,105.0,70.0,140.0,70.0,250.0,245.0,0.8129409408729518,686,0.0025505050503618226,0.24490841222765564,0.03400702851521985,0.03447860359567216
45,samples/sample_000045.npz,rectangular_body_000045,33,39,10,19,3,10,6,9,7,3,9,35.5,14.0,6.0,30.0,100.0,65.0,60.0,90.0,70.0,355.0,140.0,0.585696214499613,378,0.0004896374759376667,0.23975938750833822,0.014635255040475704,0.0233425058669953
46,samples/sample_000046.npz,rectangular_body_000046,26,42,47,61,4,6,16,14,2,4,5,33.5,53.5,4.5,40.0,60.0,50.0,160.0,140.0,20.0,335.0,535.0,0.5160173040865819,448,0.0003697596015341431,0.17994183376690037,0.014819104663753378,0.02448581023234478
47,samples/sample_000047.npz,rectangular_body_000047,9,14,53,62,3,5,5,9,2,3,4,11.0,57.0,3.5,30.0,50.0,40.0,50.0,90.0,20.0,110.0,570.0,0.8157948341691554,90,5.315311114787947e-05,0.13460082032447201,0.004100911377659152,0.010513076397834413
48,samples/sample_000048.npz,rectangular_body_000048,38,50,14,18,5,8,12,4,3,5,7,43.5,15.5,6.0,50.0,80.0,65.0,120.0,40.0,30.0,435.0,155.0,0.33976363172654256,144,9.024778006967067e-05,0.0446315015133113,0.00318590496480055,0.004929161876878014
49,samples/sample_000049.npz,rectangular_body_000049,13,27,18,23,2,7,14,5,5,2,6,19.5,20.0,4.0,20.0,70.0,45.0,140.0,50.0,50.0,195.0,200.0,0.7705323508373183,350,0.00043078467003212367,0.3670904357317861,0.01969243090641215,0.03476529429497788
50,samples/sample_000050.npz,rectangular_body_000050,28,44,29,39,3,11,16,10,8,3,10,35.5,33.5,6.5,30.0,110.0,70.0,160.0,100.0,80.0,355.0,335.0,0.34452026054367046,1280,0.001979628713676982,0.30747373963946867,0.031048743274451212,0.03894955549917869
51,samples/sample_000051.npz,rectangular_body_000051,17,22,42,55,2,8,5,13,6,2,7,19.0,48.0,4.5,20.0,80.0,50.0,50.0,130.0,60.0,190.0,480.0,0.9579506174671706,390,0.0005380104037448888,0.4890056101569036,0.025680696446316327,0.04630340050591769
52,samples/sample_000052.npz,rectangular_body_000052,10,16,16,28,7,9,6,12,2,7,8,12.5,21.5,7.5,70.0,90.0,80.0,60.0,120.0,20.0,125.0,215.0,0.8023777904824065,144,0.0002428469043451729,0.07563104598021136,0.006853698326895506,0.009672885871783707
53,samples/sample_000053.npz,rectangular_body_000053,43,48,20,32,6,10,5,12,4,6,9,45.0,25.5,7.5,60.0,100.0,80.0,50.0,120.0,40.0,450.0,255.0,0.734401532534041,240,0.000510937905454251,0.12024207166045853,0.011376573774080797,0.014652711756680746
54,samples/sample_000054.npz,rectangular_body_000054,10,19,5,18,8,11,9,13,3,8,10,14.0,11.0,9.0,80.0,110.0,95.0,90.0,130.0,30.0,140.0,110.0,0.589703997106479,351,0.00038814436675665065,0.09977213631157479,0.010346139521513486,0.014659961561926716
55,samples/sample_000055.npz,rectangular_body_000055,21,29,35,40,4,9,8,5,5,4,8,24.5,37.0,6.0,40.0,90.0,65.0,80.0,50.0,50.0,245.0,370.0,0.47082622661936213,200,0.00030124716025601417,0.10088556216098607,0.006685347158194566,0.00967977903006274
56,samples/sample_000056.npz,rectangular_body_000056,13,25,49,53,3,7,12,4,4,3,6,18.5,50.5,4.5,30.0,70.0,50.0,120.0,40.0,40.0,185.0,505.0,0.486115979181251,192,0.00012153722048648977,0.1220807580190897,0.006226130854734044,0.011576409301115335
57,samples/sample_000057.npz,rectangular_body_000057,24,36,5,12,7,10,12,7,3,7,9,29.5,8.0,8.0,70.0,100.0,85.0,120.0,70.0,30.0,295.0,80.0,0.5594899990243611,252,0.00032528259873537956,0.08424484803744484,0.007604436511278846,0.01098941802945544
58,samples/sample_000058.npz,rectangular_body_000058,10,18,45,53,4,8,8,8,4,4,7,13.5,48.5,5.5,40.0,80.0,60.0,80.0,80.0,40.0,135.0,485.0,0.34211798854958697,256,0.0001214552822964681,0.09411802107921144,0.005458415325088611,0.00965329716285652
59,samples/sample_000059.npz,rectangular_body_000059,49,58,32,41,2,10,9,9,8,2,9,53.0,36.0,5.5,20.0,100.0,60.0,90.0,90.0,80.0,530.0,360.0,0.9400558586085401,648,0.001063897352497806,0.6959346441493148,0.03850282513459886,0.06820566248600128
60,samples/sample_000060.npz,rectangular_body_000060,33,41,25,32,4,12,8,7,8,4,11,36.5,28.0,7.5,40.0,120.0,80.0,80.0,70.0,80.0,365.0,280.0,0.36709982204022884,448,0.0007278395072270237,0.13314968403214306,0.011185863327045124,0.014166935926372996
61,samples/sample_000061.npz,rectangular_body_000061,13,27,51,58,4,9,14,7,5,4,8,19.5,54.0,6.0,40.0,90.0,65.0,140.0,70.0,50.0,195.0,540.0,0.6081998361800318,490,0.0004417816596193078,0.24903041662023898,0.017418834540445575,0.029472508179967705
62,samples/sample_000062.npz,rectangular_body_000062,3,16,28,43,2,7,13,15,5,2,6,9.0,35.0,4.0,20.0,70.0,45.0,130.0,150.0,50.0,90.0,350.0,0.9681046825162396,975,0.001303135160020283,0.8829894946782578,0.0614489914694988,0.11065515505125881
63,samples/sample_000063.npz,rectangular_body_000063,36,47,5,16,5,10,11,11,5,5,9,41.0,10.0,7.0,50.0,100.0,75.0,110.0,110.0,50.0,410.0,100.0,0.532191217820781,605,0.0005969821470084634,0.22159318427467883,0.01857854291770586,0.028192395042708842
64,samples/sample_000064.npz,rectangular_body_000064,30,37,17,24,7,12,7,7,5,7,11,33.0,20.0,9.0,70.0,120.0,95.0,70.0,70.0,50.0,330.0,200.0,0.33894776967550994,245,0.00034653392459552893,0.047395634783820306,0.0051949281308497465,0.005933616951771704
65,samples/sample_000065.npz,rectangular_body_000065,41,47,22,26,3,5,6,4,2,3,4,43.5,23.5,3.5,30.0,50.0,40.0,60.0,40.0,20.0,435.0,235.0,0.3186383439866961,48,2.493610039673246e-05,0.03287514776432403,0.0011581656558321946,0.0022916099988971378
66,samples/sample_000066.npz,rectangular_body_000066,38,53,3,10,3,6,15,7,3,3,5,45.0,6.0,4.0,30.0,60.0,45.0,150.0,70.0,30.0,450.0,60.0,0.4180529396309754,315,0.00012587763545046388,0.1530097258817617,0.0076735654828504075,0.016135532421511927
67,samples/sample_000067.npz,rectangular_body_000067,31,47,36,49,5,13,16,13,8,5,12,38.5,42.0,8.5,50.0,130.0,90.0,160.0,130.0,80.0,385.0,420.0,0.602553111985221,1664,0.0035084002288480382,0.47644729569105415,0.06314265252873669,0.07015064699051306
68,samples/sample_000068.npz,rectangular_body_000068,21,34,6,15,6,10,13,9,4,6,9,27.0,10.0,7.5,60.0,100.0,80.0,130.0,90.0,40.0,270.0,100.0,0.8692397290182241,468,0.0009081317324149415,0.2520028839994052,0.023409440364547562,0.03329222212684479
69,samples/sample_000069.npz,rectangular_body_000069,38,52,40,52,4,9,14,12,5,4,8,44.5,45.5,6.0,40.0,90.0,65.0,140.0,120.0,50.0,445.0,455.0,0.5565470437089544,840,0.0009002792751611846,0.3370825865759096,0.03060970691543867,0.044184614261799725
70,samples/sample_000070.npz,rectangular_body_000070,46,55,43,50,2,4,9,7,2,2,3,50.0,46.0,2.5,20.0,40.0,30.0,90.0,70.0,20.0,500.0,460.0,0.22753479532929888,126,2.438772811054697e-05,0.06345401111584087,0.0020865365593165488,0.004806104509772502
71,samples/sample_000071.npz,rectangular_body_000071,50,60,41,57,3,8,10,16,5,3,7,54.5,48.5,5.0,30.0,80.0,55.0,100.0,160.0,50.0,545.0,485.0,0.950196374718226,800,0.0008467841790011027,0.6461790586585996,0.04366212504773957,0.08126149321546533
72,samples/sample_000072.npz,rectangular_body_000072,24,39,47,59,5,12,15,12,7,5,11,31.0,52.5,8.0,50.0,120.0,85.0,150.0,120.0,70.0,310.0,525.0,0.9044379796086117,1260,0.0030282588220610397,0.601986797301633,0.06503806456717486,0.08658106351315493
73,samples/sample_000073.npz,rectangular_body_000073,44,50,2,9,4,10,6,7,6,4,9,46.5,5.0,6.5,40.0,100.0,70.0,60.0,70.0,60.0,465.0,50.0,0.960857141891585,252,0.0003093006304392996,0.23951298632822463,0.011980578942439358,0.02334320423135378
74,samples/sample_000074.npz,rectangular_body_000074,13,23,39,52,8,14,10,13,6,8,13,17.5,45.0,10.5,80.0,140.0,110.0,100.0,130.0,60.0,175.0,450.0,0.2936956257509941,780,0.000669788479411269,0.08997138160620541,0.012445642999662571,0.013887059373815914
75,samples/sample_000075.npz,rectangular_body_000075,14,25,34,42,7,11,11,8,4,7,10,19.0,37.5,8.5,70.0,110.0,90.0,110.0,80.0,40.0,190.0,375.0,0.7011835364614531,352,0.0008223342441453375,0.13777508657838344,0.015426599621546824,0.01816911287765521
76,samples/sample_000076.npz,rectangular_body_000076,42,51,42,49,7,11,9,7,4,7,10,46.0,45.0,8.5,70.0,110.0,90.0,90.0,70.0,40.0,460.0,450.0,0.34369209335569,252,0.00021005355015973765,0.0513396820867955,0.0051030029244501784,0.006630340481885124
77,samples/sample_000077.npz,rectangular_body_000077,10,24,40,45,8,14,14,5,6,8,13,16.5,42.0,10.5,80.0,140.0,110.0,140.0,50.0,60.0,165.0,420.0,0.5529939983760436,420,0.0007214018109739171,0.09512775366179291,0.012802641497826894,0.014176526891048927
78,samples/sample_000078.npz,rectangular_body_000078,24,35,38,48,4,7,11,10,3,4,6,29.0,42.5,5.0,40.0,70.0,55.0,110.0,100.0,30.0,290.0,425.0,0.3314512381757112,330,0.00029143874933589226,0.10905056867944085,0.007930669154190655,0.011907359044365327
79,samples/sample_000079.npz,rectangular_body_000079,6,14,2,6,2,5,8,4,3,2,4,9.5,3.5,3.0,20.0,50.0,35.0,80.0,40.0,30.0,95.0,35.0,0.9637463281967422,96,5.4033792860100744e-05,0.21800082800382606,0.004707854941621663,0.014318958564096141
80,samples/sample_000080.npz,rectangular_body_000080,34,47,35,43,2,7,13,8,5,2,6,40.0,38.5,4.0,20.0,70.0,45.0,130.0,80.0,50.0,400.0,385.0,0.4787336263885227,520,0.000531896780177612,0.3134802395638985,0.018777646020701942,0.031395770856547586
81,samples/sample_000081.npz,rectangular_body_000081,34,42,8,23,2,5,8,15,3,2,4,37.5,15.0,3.0,20.0,50.0,35.0,80.0,150.0,30.0,375.0,150.0,0.5745234338916141,360,0.0002770784305989198,0.28282304232229283,0.015406515252374936,0.02903098161499377
82,samples/sample_000082.npz,rectangular_body_000082,19,23,24,30,8,11,4,6,3,8,10,20.5,26.5,9.0,80.0,110.0,95.0,40.0,60.0,30.0,205.0,265.0,0.49145527256784505,72,0.00013404169459538463,0.020470604102026738,0.0022094851915461845,0.0025445646082920843
83,samples/sample_000083.npz,rectangular_body_000083,4,16,29,39,3,9,12,10,6,3,8,9.5,33.5,5.5,30.0,90.0,60.0,120.0,100.0,60.0,95.0,335.0,0.22406604491713944,720,0.0002968012318863585,0.14792996338234826,0.010014837690931108,0.01690573050706549
84,samples/sample_000084.npz,rectangular_body_000084,44,53,43,51,7,9,9,8,2,7,8,48.0,46.5,7.5,70.0,90.0,80.0,90.0,80.0,20.0,480.0,465.0,0.6772901445738391,144,0.00019199600947270024,0.06632696977232379,0.005770174248504687,0.008292877586762653
85,samples/sample_000085.npz,rectangular_body_000085,6,10,37,45,5,11,4,8,6,5,10,7.5,40.5,7.5,50.0,110.0,80.0,40.0,80.0,60.0,75.0,405.0,0.9953341064435577,192,0.00034458388979805097,0.15236190201154953,0.010277599260448977,0.016753918949457162
86,samples/sample_000086.npz,rectangular_body_000086,44,48,5,12,4,11,4,7,7,4,10,45.5,8.0,7.0,40.0,110.0,75.0,40.0,70.0,70.0,455.0,80.0,0.9456680134255657,196,0.0002826619029480563,0.17649997288382382,0.01002327692328602,0.017683502486117653
87,samples/sample_000087.npz,rectangular_body_000087,10,26,24,33,2,4,16,9,2,2,3,17.5,28.0,2.5,20.0,40.0,30.0,160.0,90.0,20.0,175.0,280.0,0.8278355245381428,288,0.00034156471299624623,0.32545115994257207,0.018538109588156045,0.03465462810176139
88,samples/sample_000088.npz,rectangular_body_000088,6,22,18,34,2,7,16,16,5,2,6,13.5,25.5,4.0,20.0,70.0,45.0,160.0,160.0,50.0,135.0,255.0,0.872033054049786,1280,0.001728273781556705,0.8856142808591035,0.0780326784788304,0.12441835967425387
89,samples/sample_000089.npz,rectangular_body_000089,25,40,5,12,3,5,15,7,2,3,4,32.0,8.0,3.5,30.0,50.0,40.0,150.0,70.0,20.0,320.0,80.0,0.32708311713986654,210,8.85777016657803e-05,0.0876714349588825,0.004529385371409669,0.00903803696758502
90,samples/sample_000090.npz,rectangular_body_000090,31,35,42,47,7,9,4,5,2,7,8,32.5,44.0,7.5,70.0,90.0,80.0,40.0,50.0,20.0,325.0,440.0,0.3374063972261927,40,4.765801073236531e-05,0.010528125285142832,0.0008872342135425433,0.001157604470262838
91,samples/sample_000091.npz,rectangular_body_000091,32,38,44,58,8,13,6,14,5,8,12,34.5,50.5,10.0,80.0,130.0,105.0,60.0,140.0,50.0,345.0,505.0,0.314051292974615,420,0.00042521627964372166,0.0567001112542963,0.007190273776587217,0.008359664608811828
92,samples/sample_000092.npz,rectangular_body_000092,10,26,23,28,8,16,16,5,8,8,15,17.5,25.0,11.5,80.0,160.0,120.0,160.0,50.0,80.0,175.0,250.0,0.3527865265552321,640,0.0008849055967737717,0.07968569320187599,0.012351574813492024,0.01230546195045107
93,samples/sample_000093.npz,rectangular_body_000093,50,55,43,51,2,4,5,8,2,2,3,52.0,46.5,2.5,20.0,40.0,30.0,50.0,80.0,20.0,520.0,465.0,0.7512071158293232,80,4.713365953546179e-05,0.1565652442642604,0.0042636613113694885,0.010473068500229374
94,samples/sample_000094.npz,rectangular_body_000094,16,26,37,45,4,9,10,8,5,4,8,20.5,40.5,6.0,40.0,90.0,65.0,100.0,80.0,50.0,205.0,405.0,0.22300732516634592,400,0.0002165768381108546,0.08262608339351414,0.006141105727144385,0.008937650291802953
95,samples/sample_000095.npz,rectangular_body_000095,25,31,47,58,3,8,6,11,5,3,7,27.5,52.0,5.0,30.0,80.0,55.0,60.0,110.0,50.0,275.0,520.0,0.4337700634644878,330,0.00024651097986060777,0.1691920417914775,0.009371503879389061,0.016594570996809718
96,samples/sample_000096.npz,rectangular_body_000096,50,59,32,46,3,10,9,14,7,3,9,54.0,38.5,6.0,30.0,100.0,65.0,90.0,140.0,70.0,540.0,385.0,0.30725299857992516,882,0.00045817603427818383,0.22348201450564573,0.0162138629663153,0.02674516957097352
97,samples/sample_000097.npz,rectangular_body_000097,14,19,28,39,7,10,5,11,3,7,9,16.0,33.0,8.0,70.0,100.0,85.0,50.0,110.0,30.0,160.0,330.0,0.38162406129919557,165,0.00020308180117844496,0.03972827941470285,0.003941631503307658,0.004970078930473432
98,samples/sample_000098.npz,rectangular_body_000098,13,27,32,42,7,14,14,10,7,7,13,19.5,36.5,10.0,70.0,140.0,105.0,140.0,100.0,70.0,195.0,365.0,0.5784619057172555,980,0.0022626028525650627,0.23756363743122416,0.03363979875473816,0.03500094694744243
99,samples/sample_000099.npz,rectangular_body_000099,8,12,13,17,4,7,4,4,3,4,6,9.5,14.5,5.0,40.0,70.0,55.0,40.0,40.0,30.0,95.0,145.0,0.8294001997182849,48,4.530880630969499e-05,0.059145771278494505,0.0023899717877705643,0.004900860387668265
100,samples/sample_000100.npz,rectangular_body_000100,8,12,30,43,2,7,4,13,5,2,6,9.5,36.0,4.0,20.0,70.0,45.0,40.0,130.0,50.0,95.0,360.0,0.8666723554680504,260,0.0003054557942522841,0.3299254660669181,0.015093475488874283,0.029816083258974238
101,samples/sample_000101.npz,rectangular_body_000101,9,17,49,62,5,8,8,13,3,5,7,12.5,55.0,6.0,50.0,80.0,65.0,80.0,130.0,30.0,125.0,550.0,0.4764147715662276,312,0.00017728585707723374,0.1211158887691357,0.007791942937902507,0.01448766346255948
102,samples/sample_000102.npz,rectangular_body_000102,40,50,13,24,4,9,10,11,5,4,8,44.5,18.0,6.0,40.0,90.0,65.0,100.0,110.0,50.0,445.0,180.0,0.5703672773877432,550,0.0006110263196627025,0.26588814966438756,0.020716353491774475,0.031015770919517335
103,samples/sample_000103.npz,rectangular_body_000103,44,58,22,29,6,10,14,7,4,6,9,50.5,25.0,7.5,60.0,100.0,80.0,140.0,70.0,40.0,505.0,250.0,0.9970838266696098,392,0.0009132821924829589,0.24473017862315977,0.02335479024778795,0.03207981547017963
104,samples/sample_000104.npz,rectangular_body_000104,21,31,39,53,2,5,10,14,3,2,4,25.5,45.5,3.0,20.0,50.0,35.0,100.0,140.0,30.0,255.0,455.0,0.29018999468979223,420,0.00017987527954819627,0.15856365456487928,0.009281596924356386,0.01687314356411172
105,samples/sample_000105.npz,rectangular_body_000105,16,29,30,43,3,6,13,13,3,3,5,22.0,36.0,4.0,30.0,60.0,45.0,130.0,130.0,30.0,220.0,360.0,0.3438520567611396,507,0.0003956490484848174,0.17345498702690398,0.013137825551244634,0.02041634314384245
106,samples/sample_000106.npz,rectangular_body_000106,30,41,23,30,7,9,11,7,2,7,8,35.0,26.0,7.5,70.0,90.0,80.0,110.0,70.0,20.0,350.0,260.0,0.6076186970277863,154,0.00041025289371383563,0.06211575965014164,0.006332802249799055,0.007549483805712245
107,samples/sample_000107.npz,rectangular_body_000107,51,58,47,61,7,10,7,14,3,7,9,54.0,53.5,8.0,70.0,100.0,85.0,70.0,140.0,30.0,540.0,535.0,0.2618071885553499,294,0.00010925207857454241,0.043812652065979105,0.003544084725719626,0.005974222122374795
108,samples/sample_000108.npz,rectangular_body_000108,34,50,48,60,5,7,16,12,2,5,6,41.5,53.5,5.5,50.0,70.0,60.0,160.0,120.0,20.0,415.0,535.0,0.6914738976110106,384,0.0003985755090341861,0.18909040553902218,0.016021517511633103,0.025738187971083962
109,samples/sample_000109.npz,rectangular_body_000109,28,38,27,34,4,9,10,7,5,4,8,32.5,30.0,6.0,40.0,90.0,65.0,100.0,70.0,50.0,325.0,300.0,0.5369377491873798,350,0.00091743783333119,0.1797458178356936,0.013547806622454294,0.01865221478253863
110,samples/sample_000110.npz,rectangular_body_000110,11,18,24,30,2,7,7,6,5,2,6,14.0,26.5,4.0,20.0,70.0,45.0,70.0,60.0,50.0,140.0,265.0,0.4635946621396003,210,0.0001550023865086631,0.17798730489977257,0.006974736507601007,0.013579661759703978
111,samples/sample_000111.npz,rectangular_body_000111,33,37,21,29,5,13,4,8,8,5,12,34.5,24.5,8.5,50.0,130.0,90.0,40.0,80.0,80.0,345.0,245.0,0.753745409757403,256,0.00087939779591327,0.1333948517224151,0.012603224414081713,0.014938518125271827
112,samples/sample_000112.npz,rectangular_body_000112,4,17,23,28,8,13,13,5,5,8,12,10.0,25.0,10.0,80.0,130.0,105.0,130.0,50.0,50.0,100.0,250.0,0.5648137652792543,325,0.0004892540814582542,0.08161359268974416,0.009442870736856703,0.011778340049140202
113,samples/sample_000113.npz,rectangular_body_000113,51,61,18,28,5,9,10,10,4,5,8,55.5,22.5,6.5,50.0,90.0,70.0,100.0,100.0,40.0,555.0,225.0,0.5933520521682216,400,0.0003851643401505937,0.18485068475260458,0.013169910266921232,0.021963723441599227
114,samples/sample_000114.npz,rectangular_body_000114,47,62,28,44,8,10,15,16,2,8,9,54.0,35.5,8.5,80.0,100.0,90.0,150.0,160.0,20.0,540.0,355.0,0.6724820537541432,480,0.0007850056373170831,0.1381948034755821,0.01713471107594751,0.021927496879145424
115,samples/sample_000115.npz,rectangular_body_000115,45,57,46,60,4,6,12,14,2,4,5,50.5,52.5,4.5,40.0,60.0,50.0,120.0,140.0,20.0,505.0,525.0,0.735970250652668,336,0.00025643243729991304,0.22289114086609046,0.014751373078612543,0.027831343572519603
116,samples/sample_000116.npz,rectangular_body_000116,47,52,21,34,7,13,5,13,6,7,12,49.0,27.0,9.5,70.0,130.0,100.0,50.0,130.0,60.0,490.0,270.0,0.4886402766409633,390,0.0005939904035234315,0.09310809172216028,0.010916541609869981,0.012920923429723593
117,samples/sample_000117.npz,rectangular_body_000117,4,8,10,19,2,10,4,9,8,2,9,5.5,14.0,5.5,20.0,100.0,60.0,40.0,90.0,80.0,55.0,140.0,0.29781135205650977,288,9.155224998651632e-05,0.11719601374362607,0.004476827593226645,0.00984647450924528
118,samples/sample_000118.npz,rectangular_body_000118,28,44,56,62,5,13,16,6,8,5,12,35.5,58.5,8.5,50.0,130.0,90.0,160.0,60.0,80.0,355.0,585.0,0.36265099928464545,768,0.000561481363521445,0.15236623008434597,0.0131017743499343,0.019890279750715327
119,samples/sample_000119.npz,rectangular_body_000119,6,12,27,37,4,12,6,10,8,4,11,8.5,31.5,7.5,40.0,120.0,80.0,60.0,100.0,80.0,85.0,315.0,0.5049575505079639,480,0.0005647087332884198,0.18901977544869822,0.013667107307162718,0.02124229581164769
120,samples/sample_000120.npz,rectangular_body_000120,48,53,15,29,2,4,5,14,2,2,3,50.0,21.5,2.5,20.0,40.0,30.0,50.0,140.0,20.0,500.0,215.0,0.9033224956910024,140,0.00012314767477763404,0.233761205796645,0.009400932501184822,0.020049643710877214
121,samples/sample_000121.npz,rectangular_body_000121,42,48,52,61,2,5,6,9,3,2,4,44.5,56.0,3.0,20.0,50.0,35.0,60.0,90.0,30.0,445.0,560.0,0.783173102098575,162,0.00010388207249516533,0.26024974771847165,0.008087577460018766,0.01978932595328313
122,samples/sample_000122.npz,rectangular_body_000122,45,51,31,44,8,16,6,13,8,8,15,47.5,37.0,11.5,80.0,160.0,120.0,60.0,130.0,80.0,475.0,370.0,0.9981855270204449,624,0.0023129598197878273,0.23008122833272077,0.03360265734420083,0.034777554951419376
123,samples/sample_000123.npz,rectangular_body_000123,18,31,11,26,3,7,13,15,4,3,6,24.0,18.0,4.5,30.0,70.0,50.0,130.0,150.0,40.0,240.0,180.0,0.45816516524155326,780,0.0006803771766916377,0.3048508061996522,0.025610391920720663,0.03888143564148434
124,samples/sample_000124.npz,rectangular_body_000124,51,61,37,48,2,10,10,11,8,2,9,55.5,42.0,5.5,20.0,100.0,60.0,100.0,110.0,80.0,555.0,420.0,0.7713258461083334,880,0.0009287847545126409,0.6836347271690681,0.039430698862802226,0.07344402171290222
125,samples/sample_000125.npz,rectangular_body_000125,9,15,14,30,8,14,6,16,6,8,13,11.5,21.5,10.5,80.0,140.0,110.0,60.0,160.0,60.0,115.0,215.0,0.43709402633248157,576,0.0006670754452858458,0.09797151150498196,0.012919219063573172,0.015293753161739298
126,samples/sample_000126.npz,rectangular_body_000126,23,31,49,55,7,9,8,6,2,7,8,26.5,51.5,7.5,70.0,90.0,80.0,80.0,60.0,20.0,265.0,515.0,0.2728927351852563,96,6.087568210054981e-05,0.018794447147477515,0.0015598230129643211,0.0022400412856064195
127,samples/sample_000127.npz,rectangular_body_000127,23,30,53,57,3,11,7,4,8,3,10,26.0,54.5,6.5,30.0,110.0,70.0,70.0,40.0,80.0,260.0,545.0,0.7934138854022472,224,0.00032343994742700677,0.20113366632985363,0.01043523351239985,0.01827167846027037
128,samples/sample_000128.npz,rectangular_body_000128,29,35,44,60,3,10,6,16,7,3,9,31.5,51.5,6.0,30.0,100.0,65.0,60.0,160.0,70.0,315.0,515.0,0.41909458729910204,672,0.0006370311059352028,0.23472795420233183,0.017727823167310315,0.0276777687333478
129,samples/sample_000129.npz,rectangular_body_000129,6,15,19,32,7,9,9,13,2,7,8,10.0,25.0,7.5,70.0,90.0,80.0,90.0,130.0,20.0,100.0,250.0,0.8976451064883175,234,0.0004455749230514422,0.12769242232530978,0.012005939644305678,0.017090942540688735
130,samples/sample_000130.npz,rectangular_body_000130,22,30,7,19,5,12,8,12,7,5,11,25.5,12.5,8.0,50.0,120.0,85.0,80.0,120.0,70.0,255.0,125.0,0.5191532330755264,672,0.0008644509602443199,0.218202843979104,0.020580965467151775,0.02796040576519112
131,samples/sample_000131.npz,rectangular_body_000131,14,18,25,34,4,12,4,9,8,4,11,15.5,29.0,7.5,40.0,120.0,80.0,40.0,90.0,80.0,155.0,290.0,0.21373374187547914,288,0.00017835586320610075,0.05145998360079095,0.00392398485298726,0.005460478107626553
132,samples/sample_000132.npz,rectangular_body_000132,48,58,44,59,8,10,10,15,2,8,9,52.5,51.0,8.5,80.0,100.0,90.0,100.0,150.0,20.0,525.0,510.0,0.9166968828826836,300,0.00045977381839482035,0.13324365715453068,0.013401476127219059,0.020008494480937635
133,samples/sample_000133.npz,rectangular_body_000133,36,44,21,32,6,14,8,11,8,6,13,39.5,26.0,9.5,60.0,140.0,100.0,80.0,110.0,80.0,395.0,260.0,0.7944155083873499,704,0.002442812863566409,0.2845910257443586,0.03479553725257334,0.037436332994764836
134,samples/sample_000134.npz,rectangular_body_000134,15,30,45,57,8,14,15,12,6,8,13,22.0,50.5,10.5,80.0,140.0,110.0,150.0,120.0,60.0,220.0,505.0,0.2745972080013429,1080,0.0008292829345132998,0.10871419530885798,0.015458251378322643,0.01758586560100462
135,samples/sample_000135.npz,rectangular_body_000135,22,27,43,57,4,8,5,14,4,4,7,24.0,49.5,5.5,40.0,80.0,60.0,50.0,140.0,40.0,240.0,495.0,0.21080970244989958,280,0.00010938610566502098,0.05602338718069373,0.003886205354368761,0.006196628033110051
136,samples/sample_000136.npz,rectangular_body_000136,6,11,54,62,2,6,5,8,4,2,5,8.0,57.5,3.5,20.0,60.0,40.0,50.0,80.0,40.0,80.0,575.0,0.7756804210935522,160,8.182003536553896e-05,0.25163407673357807,0.006461799234697734,0.018133026908219527
137,samples/sample_000137.npz,rectangular_body_000137,13,22,17,28,8,12,9,11,4,8,11,17.0,22.0,9.5,80.0,120.0,100.0,90.0,110.0,40.0,170.0,220.0,0.6729958918703116,396,0.0008032518137454864,0.12491275049472586,0.01548169979861198,0.017799202486163533
138,samples/sample_000138.npz,rectangular_body_000138,24,36,23,34,3,7,12,11,4,3,6,29.5,28.0,4.5,30.0,70.0,50.0,120.0,110.0,40.0,295.0,280.0,0.3395653771192027,528,0.0006279609917518796,0.18540197820836285,0.013548863306417306,0.020373956352537137
139,samples/sample_000139.npz,rectangular_body_000139,43,54,24,36,7,9,11,12,2,7,8,48.0,29.5,7.5,70.0,90.0,80.0,110.0,120.0,20.0,480.0,295.0,0.9637510996881506,264,0.0007447161522172896,0.15147884446202345,0.015954356232983,0.02039246905359048
140,samples/sample_000140.npz,rectangular_body_000140,16,22,27,43,8,10,6,16,2,8,9,18.5,34.5,8.5,80.0,100.0,90.0,60.0,160.0,20.0,185.0,345.0,0.5818549545580736,192,0.0004025261939090861,0.05611273411125458,0.006990079228595846,0.007909952759803211
141,samples/sample_000141.npz,rectangular_body_000141,8,13,31,39,4,11,5,8,7,4,10,10.0,34.5,7.0,40.0,110.0,75.0,50.0,80.0,70.0,100.0,345.0,0.6920079636727972,280,0.00042216891080469946,0.1763954801382735,0.011542851767626096,0.018256975510999744
142,samples/sample_000142.npz,rectangular_body_000142,37,50,19,34,3,6,13,15,3,3,5,43.0,26.0,4.0,30.0,60.0,45.0,130.0,150.0,30.0,430.0,260.0,0.5166820864013048,585,0.000611678981161438,0.27732947537472075,0.02249826561466356,0.03462124759468827
143,samples/sample_000143.npz,rectangular_body_000143,28,40,14,28,8,15,12,14,7,8,14,33.5,20.5,11.0,80.0,150.0,115.0,120.0,140.0,70.0,335.0,205.0,0.4306877558372265,1176,0.002501529806268536,0.17903909606606594,0.029315989223653048,0.027714636099232987
144,samples/sample_000144.npz,rectangular_body_000144,13,17,40,50,7,15,4,10,8,7,14,14.5,44.5,10.5,70.0,150.0,110.0,40.0,100.0,80.0,145.0,445.0,0.5166440440056412,320,0.0004413763884836243,0.07622713376146925,0.008788562066278677,0.01064915077674017
145,samples/sample_000145.npz,rectangular_body_000145,24,34,5,20,7,15,10,15,8,7,14,28.5,12.0,10.5,70.0,150.0,110.0,100.0,150.0,80.0,285.0,120.0,0.9181605701253936,1200,0.0036167588085425674,0.4291025921781998,0.058342988115229574,0.06611674644114528
146,samples/sample_000146.npz,rectangular_body_000146,3,14,39,52,4,7,11,13,3,4,6,8.0,45.0,5.0,40.0,70.0,55.0,110.0,130.0,30.0,80.0,450.0,0.6663966720060721,429,0.0003443046388621486,0.25685211968908883,0.016728956793916824,0.030683157501334848
147,samples/sample_000147.npz,rectangular_body_000147,13,26,28,41,5,7,13,13,2,5,6,19.0,34.0,5.5,50.0,70.0,60.0,130.0,130.0,20.0,190.0,340.0,0.7723513030642546,338,0.0007060639774007465,0.19952911173549798,0.018344480908977615,0.025363358395061132
148,samples/sample_000148.npz,rectangular_body_000148,55,59,26,35,6,12,4,9,6,6,11,56.5,30.0,8.5,60.0,120.0,90.0,40.0,90.0,60.0,565.0,300.0,0.8621016645370339,216,0.00042777679993023657,0.11904729025093465,0.0094770123015365,0.014244038294963186
149,samples/sample_000149.npz,rectangular_body_000149,26,41,15,22,2,4,15,7,2,2,3,33.0,18.0,2.5,20.0,40.0,30.0,150.0,70.0,20.0,330.0,180.0,0.7748147902798181,210,0.00025053658204475185,0.2590701929367776,0.012774778008014291,0.02462443927960897
150,samples/sample_000150.npz,rectangular_body_000150,32,41,20,28,5,8,9,8,3,5,7,36.0,23.5,6.0,50.0,80.0,65.0,90.0,80.0,30.0,360.0,235.0,0.5033500607486536,216,0.0003487425392592338,0.10031317897314569,0.007695338865793872,0.010732909278750449
151,samples/sample_000151.npz,rectangular_body_000151,5,9,25,33,5,8,4,8,3,5,7,6.5,28.5,6.0,50.0,80.0,65.0,40.0,80.0,30.0,65.0,285.0,0.2978229179032972,96,4.841459568258094e-05,0.02952090714653035,0.0016138406022883453,0.0029238883134906067
152,samples/sample_000152.npz,rectangular_body_000152,5,18,19,29,4,10,13,10,6,4,9,11.0,23.5,6.5,40.0,100.0,70.0,130.0,100.0,60.0,110.0,235.0,0.7142023141066649,780,0.0010540774001505744,0.4118725528796848,0.03369137153517435,0.05149488753496296
153,samples/sample_000153.npz,rectangular_body_000153,53,60,50,61,2,10,7,11,8,2,9,56.0,55.0,5.5,20.0,100.0,60.0,70.0,110.0,80.0,560.0,550.0,0.8345949645585902,616,0.000491081170073493,0.5844347631193424,0.025064935682265407,0.05673628832234635
154,samples/sample_000154.npz,rectangular_body_000154,3,15,43,53,7,9,12,10,2,7,8,8.5,47.5,7.5,70.0,90.0,80.0,120.0,100.0,20.0,85.0,475.0,0.35005112444043684,240,0.0001315480392041502,0.051025659876314626,0.004322178274590548,0.0068725014676669985
155,samples/sample_000155.npz,rectangular_body_000155,32,38,43,53,7,11,6,10,4,7,10,34.5,47.5,8.5,70.0,110.0,90.0,60.0,100.0,40.0,345.0,475.0,0.3429446631422488,240,0.00026174368852345043,0.04826559730838727,0.005006572059800132,0.006202918022718087
156,samples/sample_000156.npz,rectangular_body_000156,15,20,37,52,2,7,5,15,5,2,6,17.0,44.0,4.0,20.0,70.0,45.0,50.0,150.0,50.0,170.0,440.0,0.6496310473277617,375,0.0003455010317663487,0.317280500389362,0.01740251396864445,0.031120835327542746
157,samples/sample_000157.npz,rectangular_body_000157,16,21,51,60,5,10,5,9,5,5,9,18.0,55.0,7.0,50.0,100.0,75.0,50.0,90.0,50.0,180.0,550.0,0.6124445318328228,225,0.0002136779848631637,0.11503728706131744,0.00742560536139041,0.012656704336422018
158,samples/sample_000158.npz,rectangular_body_000158,42,52,18,28,2,4,10,10,2,2,3,46.5,22.5,2.5,20.0,40.0,30.0,100.0,100.0,20.0,465.0,225.0,0.2984070235870901,200,6.812262960637625e-05,0.10467463277052537,0.004584244048427101,0.009402351471839925
159,samples/sample_000159.npz,rectangular_body_000159,41,57,38,43,5,11,16,5,6,5,10,48.5,40.0,7.5,50.0,110.0,80.0,160.0,50.0,60.0,485.0,400.0,0.32050570099526765,480,0.0003651220187306279,0.09725458455404029,0.009401959378877094,0.012666347172979774
160,samples/sample_000160.npz,rectangular_body_000160,52,61,3,14,6,14,9,11,8,6,13,56.0,8.0,9.5,60.0,140.0,100.0,90.0,110.0,80.0,560.0,80.0,0.7573353552880362,792,0.000885723669843187,0.3006738931859748,0.023750877476138136,0.0403358088137811
161,samples/sample_000161.npz,rectangular_body_000161,42,56,14,18,8,16,14,4,8,8,15,48.5,15.5,11.5,80.0,160.0,120.0,140.0,40.0,80.0,485.0,155.0,0.8433315989837613,448,0.0009953056535920769,0.1390664661085527,0.018544259901513954,0.021716056627342217
162,samples/sample_000162.npz,rectangular_body_000162,43,52,3,8,7,14,9,5,7,7,13,47.0,5.0,10.0,70.0,140.0,105.0,90.0,50.0,70.0,470.0,50.0,0.605184773503524,315,0.000339192948567425,0.09460660286000974,0.008045319393917363,0.01233149208466899
163,samples/sample_000163.npz,rectangular_body_000163,49,59,37,51,3,5,10,14,2,3,4,53.5,43.5,3.5,30.0,50.0,40.0,100.0,140.0,20.0,535.0,435.0,0.6152726946197704,280,0.00017563042086260897,0.2016466244109329,0.0113888679388255,0.022398674385018427
164,samples/sample_000164.npz,rectangular_body_000164,19,28,32,44,2,4,9,12,2,2,3,23.0,37.5,2.5,20.0,40.0,30.0,90.0,120.0,20.0,230.0,375.0,0.7952688461787167,216,0.00027947299186103304,0.28674083046699206,0.01370170826115804,0.02645636250203243
165,samples/sample_000165.npz,rectangular_body_000165,21,33,12,23,6,14,12,11,8,6,13,26.5,17.0,9.5,60.0,140.0,100.0,120.0,110.0,80.0,265.0,170.0,0.8130188858516527,1056,0.0029729789631662874,0.4045534655107718,0.05087691425328311,0.05726516639063224
166,samples/sample_000166.npz,rectangular_body_000166,3,8,21,31,4,9,5,10,5,4,8,5.0,25.5,6.0,40.0,90.0,65.0,50.0,100.0,50.0,50.0,255.0,0.9228819418882435,250,0.00034451433022233686,0.23173887612525151,0.01226060760294211,0.023041697711583802
167,samples/sample_000167.npz,rectangular_body_000167,46,51,43,54,8,15,5,11,7,8,14,48.0,48.0,11.0,80.0,150.0,115.0,50.0,110.0,70.0,480.0,480.0,0.42255720470714375,385,0.0004131945554327383,0.06646463779217651,0.008174862391209367,0.009893714787716487
168,samples/sample_000168.npz,rectangular_body_000168,24,34,35,46,8,13,10,11,5,8,12,28.5,40.0,10.0,80.0,130.0,105.0,100.0,110.0,50.0,285.0,400.0,0.35402484683168595,550,0.0009553836604994365,0.08408099360125793,0.01189512726497678,0.011927044426692752
169,samples/sample_000169.npz,rectangular_body_000169,24,33,9,22,2,7,9,13,5,2,6,28.0,15.0,4.0,20.0,70.0,45.0,90.0,130.0,50.0,280.0,150.0,0.6766733079869205,585,0.0006926978210014407,0.47963833466849415,0.02852672070760162,0.04983386635296472
170,samples/sample_000170.npz,rectangular_body_000170,56,61,7,17,8,12,5,10,4,8,11,58.0,11.5,9.5,80.0,120.0,100.0,50.0,100.0,40.0,580.0,115.0,0.8953011708452796,200,0.0002738780062422853,0.08982899896044004,0.007174315834686787,0.011869560645978643
171,samples/sample_000171.npz,rectangular_body_000171,45,54,10,14,3,5,9,4,2,3,4,49.0,11.5,3.5,30.0,50.0,40.0,90.0,40.0,20.0,490.0,115.0,0.6488364763077721,72,4.318389007591909e-05,0.08771768023082202,0.003108200686732704,0.006879259728847603
172,samples/sample_000172.npz,rectangular_body_000172,44,53,37,45,6,8,9,8,2,6,7,48.0,40.5,6.5,60.0,80.0,70.0,90.0,80.0,20.0,480.0,405.0,0.45921214564720564,144,0.00013995264472802668,0.05446308729312059,0.004256177738450121,0.0062450800243821145
173,samples/sample_000173.npz,rectangular_body_000173,24,34,22,28,3,10,10,6,7,3,9,28.5,24.5,6.0,30.0,100.0,65.0,100.0,60.0,70.0,285.0,245.0,0.8669425777666184,420,0.0012800278563493746,0.37877804566618256,0.02597262508070347,0.03734410966798606
174,samples/sample_000174.npz,rectangular_body_000174,34,42,41,55,4,9,8,14,5,4,8,37.5,47.5,6.0,40.0,90.0,65.0,80.0,140.0,50.0,375.0,475.0,0.6783989948872378,560,0.0008489110970299859,0.30800777398709367,0.02524894940880753,0.03689454347604595
175,samples/sample_000175.npz,rectangular_body_000175,29,40,39,52,3,9,11,13,6,3,8,34.0,45.0,5.5,30.0,90.0,60.0,110.0,130.0,60.0,340.0,450.0,0.8307043149728166,858,0.0018378592886283062,0.611615748984586,0.049837635752422296,0.07253206115121971
176,samples/sample_000176.npz,rectangular_body_000176,13,29,32,39,5,9,16,7,4,5,8,20.5,35.0,6.5,50.0,90.0,70.0,160.0,70.0,40.0,205.0,350.0,0.6528667617770079,448,0.0009245013505817593,0.205429083575144,0.019967026666931773,0.02585653902060224
177,samples/sample_000177.npz,rectangular_body_000177,19,31,36,42,5,11,12,6,6,5,10,24.5,38.5,7.5,50.0,110.0,80.0,120.0,60.0,60.0,245.0,385.0,0.4055537556457042,432,0.0006297306926824488,0.12184190393293262,0.011707947232211285,0.014511753758638193
178,samples/sample_000178.npz,rectangular_body_000178,19,30,44,60,6,9,11,16,3,6,8,24.0,51.5,7.0,60.0,90.0,75.0,110.0,160.0,30.0,240.0,515.0,0.7942484307284456,528,0.0008753093622200451,0.2449657310353978,0.024858256255679015,0.03469439975743996
179,samples/sample_000179.npz,rectangular_body_000179,10,26,25,30,6,9,16,5,3,6,8,17.5,27.0,7.0,60.0,90.0,75.0,160.0,50.0,30.0,175.0,270.0,0.21757411608665045,240,0.00014956803908448555,0.03438157642409967,0.0034080469670741114,0.004415842803469896
180,samples/sample_000180.npz,rectangular_body_000180,27,34,25,31,4,10,7,6,6,4,9,30.0,27.5,6.5,40.0,100.0,70.0,70.0,60.0,60.0,300.0,275.0,0.427615128477047,252,0.0004854334401387229,0.10659168002990756,0.007621399306918716,0.010429380511972956
181,samples/sample_000181.npz,rectangular_body_000181,28,39,36,44,4,11,11,8,7,4,10,33.0,39.5,7.0,40.0,110.0,75.0,110.0,80.0,70.0,330.0,395.0,0.7584924922894787,616,0.0018743969683071252,0.36237682858676223,0.03205493026997255,0.041233008510491775
182,samples/sample_000182.npz,rectangular_body_000182,23,38,29,37,5,11,15,8,6,5,10,30.0,32.5,7.5,50.0,110.0,80.0,150.0,80.0,60.0,300.0,325.0,0.8461974565208115,720,0.003543265693257677,0.3750074894033839,0.04158005615463771,0.047977645258592966
183,samples/sample_000183.npz,rectangular_body_000183,19,32,43,54,8,14,13,11,6,8,13,25.0,48.0,10.5,80.0,140.0,110.0,130.0,110.0,60.0,250.0,480.0,0.5291225751810547,858,0.0015102202760957307,0.1758679954022881,0.025053218179472637,0.027080568842323426
184,samples/sample_000184.npz,rectangular_body_000184,11,18,48,52,6,11,7,4,5,6,10,14.0,49.5,8.0,60.0,110.0,85.0,70.0,40.0,50.0,140.0,495.0,0.778815536374533,140,0.00019899993650634757,0.07818694246299548,0.006044891420361293,0.009192479658902374
185,samples/sample_000185.npz,rectangular_body_000185,24,32,36,41,5,13,8,5,8,5,12,27.5,38.0,8.5,50.0,130.0,90.0,80.0,50.0,80.0,275.0,380.0,0.839332843593561,320,0.0012030440409893147,0.18390892052949684,0.017542437196349576,0.020720060824051412
186,samples/sample_000186.npz,rectangular_body_000186,17,21,27,31,3,11,4,4,8,3,10,18.5,28.5,6.5,30.0,110.0,70.0,40.0,40.0,80.0,185.0,285.0,0.7043973114302104,128,0.00026013237552861466,0.11065085380844769,0.006143804963261541,0.009328544116683187
187,samples/sample_000187.npz,rectangular_body_000187,43,48,2,18,8,10,5,16,2,8,9,45.0,9.5,8.5,80.0,100.0,90.0,50.0,160.0,20.0,450.0,95.0,0.6988979174229939,160,0.00021439593783910993,0.056970570281564624,0.005750463673488094,0.008147991313442725
188,samples/sample_000188.npz,rectangular_body_000188,50,59,49,55,4,9,9,6,5,4,8,54.0,51.5,6.0,40.0,90.0,65.0,90.0,60.0,50.0,540.0,515.0,0.4659665723827107,270,0.00014954944810464254,0.12736866855332468,0.006770241023112728,0.013141717100065398
189,samples/sample_000189.npz,rectangular_body_000189,30,35,6,18,3,6,5,12,3,3,5,32.0,11.5,4.0,30.0,60.0,45.0,50.0,120.0,30.0,320.0,115.0,0.30328619452394945,180,8.981644072171042e-05,0.07734271237582749,0.003762959028482809,0.00711953431417849
190,samples/sample_000190.npz,rectangular_body_000190,30,35,16,29,2,7,5,13,5,2,6,32.0,22.0,4.0,20.0,70.0,45.0,50.0,130.0,50.0,320.0,220.0,0.3040902232422423,325,0.0002569019791491242,0.14122612945902874,0.007494750639674373,0.012794430576690947
191,samples/sample_000191.npz,rectangular_body_000191,49,61,29,35,8,10,12,6,2,8,9,54.5,31.5,8.5,80.0,100.0,90.0,120.0,60.0,20.0,545.0,315.0,0.516165543280098,144,0.00019371352471426578,0.04093420077033381,0.003955548755793856,0.005477407953270195
192,samples/sample_000192.npz,rectangular_body_000192,37,51,3,12,5,10,14,9,5,5,9,43.5,7.0,7.0,50.0,100.0,75.0,140.0,90.0,50.0,435.0,70.0,0.9513313457530024,630,0.0009388668611317702,0.39790925212283534,0.031502319259791266,0.05137507682483594
193,samples/sample_000193.npz,rectangular_body_000193,7,17,34,38,8,15,10,4,7,8,14,11.5,35.5,11.0,80.0,150.0,115.0,100.0,40.0,70.0,115.0,355.0,0.8488172315489486,280,0.0007657655338927883,0.09900413052296375,0.012304230324642253,0.014243282495895418
194,samples/sample_000194.npz,rectangular_body_000194,36,49,43,50,4,12,13,7,8,4,11,42.0,46.0,7.5,40.0,120.0,80.0,130.0,70.0,80.0,420.0,460.0,0.8483121437621688,728,0.0014919347096955915,0.43322509337175835,0.038796519556917264,0.05262412550824505
195,samples/sample_000195.npz,rectangular_body_000195,29,45,3,11,5,8,16,8,3,5,7,36.5,6.5,6.0,50.0,80.0,65.0,160.0,80.0,30.0,365.0,65.0,0.48673387518577677,384,0.0003036398974362392,0.1378949937221652,0.010408979543665722,0.017396906005575013
196,samples/sample_000196.npz,rectangular_body_000196,18,24,4,15,2,10,6,11,8,2,9,20.5,9.0,5.5,20.0,100.0,60.0,60.0,110.0,80.0,205.0,90.0,0.6511661819687117,528,0.0004882423247653956,0.40288884166530997,0.020737334902963984,0.038730907327678955
197,samples/sample_000197.npz,rectangular_body_000197,34,44,4,9,2,4,10,5,2,2,3,38.5,6.0,2.5,20.0,40.0,30.0,100.0,50.0,20.0,385.0,60.0,0.8976157552747548,100,7.341954139359621e-05,0.20755981183286373,0.005853867365325194,0.014996049497607746
198,samples/sample_000198.npz,rectangular_body_000198,26,37,34,49,3,7,11,15,4,3,6,31.0,41.0,4.5,30.0,70.0,50.0,110.0,150.0,40.0,310.0,410.0,0.9723033483190442,660,0.0018334912692239583,0.5907306153958405,0.04764944437832525,0.07067856754333418
199,samples/sample_000199.npz,rectangular_body_000199,17,29,40,55,3,8,12,15,5,3,7,22.5,47.0,5.0,30.0,80.0,55.0,120.0,150.0,50.0,225.0,470.0,0.7603318125376113,900,0.0012421407690931799,0.5632648771124976,0.04701605983073913,0.0717234665442271
200,samples/sample_000200.npz,rectangular_body_000200,2,14,51,62,6,12,12,11,6,6,11,7.5,56.0,8.5,60.0,120.0,90.0,120.0,110.0,60.0,75.0,560.0,0.2744560853477075,792,0.00029044773584612025,0.11535159264072659,0.00878486808901849,0.015577133829471306
201,samples/sample_000201.npz,rectangular_body_000201,38,49,47,51,8,14,11,4,6,8,13,43.0,48.5,10.5,80.0,140.0,110.0,110.0,40.0,60.0,430.0,485.0,0.7861302466790849,264,0.000580953373013698,0.09046392174464737,0.011133986332672256,0.01305812237464193
202,samples/sample_000202.npz,rectangular_body_000202,15,31,36,48,6,10,16,12,4,6,9,22.5,41.5,7.5,60.0,100.0,80.0,160.0,120.0,40.0,225.0,415.0,0.5662618216826578,768,0.0013171764449145928,0.23152664581629157,0.028224932213814453,0.03332262107517703
203,samples/sample_000203.npz,rectangular_body_000203,25,37,22,35,4,12,12,13,8,4,11,30.5,28.0,7.5,40.0,120.0,80.0,120.0,130.0,80.0,305.0,280.0,0.9314094672290456,1248,0.006165099995730455,0.7147076919071439,0.07919295070626253,0.09230921500796582
204,samples/sample_000204.npz,rectangular_body_000204,42,48,20,36,8,14,6,16,6,8,13,44.5,27.5,10.5,80.0,140.0,110.0,60.0,160.0,60.0,445.0,275.0,0.6054736964358632,576,0.0014274720327200228,0.13571261294647768,0.020209700194903993,0.020451486567639114
205,samples/sample_000205.npz,rectangular_body_000205,37,44,44,53,7,15,7,9,8,7,14,40.0,48.0,10.5,70.0,150.0,110.0,70.0,90.0,80.0,400.0,480.0,0.29306944141669233,504,0.00045926617108275815,0.06741391072564418,0.00814111799615056,0.009353041562655508
206,samples/sample_000206.npz,rectangular_body_000206,23,35,7,15,4,7,12,8,3,4,6,28.5,10.5,5.0,40.0,70.0,55.0,120.0,80.0,30.0,285.0,105.0,0.8190743063310679,288,0.00040856200629642357,0.241511880674825,0.015343333198802774,0.026286412802048076
207,samples/sample_000207.npz,rectangular_body_000207,40,48,37,53,3,7,8,16,4,3,6,43.5,44.5,4.5,30.0,70.0,50.0,80.0,160.0,40.0,435.0,445.0,0.49942213422980236,512,0.0004246893012455788,0.25123731660925175,0.018066747468388985,0.029086919548248238
208,samples/sample_000208.npz,rectangular_body_000208,41,56,47,58,6,8,15,11,2,6,7,48.0,52.0,6.5,60.0,80.0,70.0,150.0,110.0,20.0,480.0,520.0,0.7553410869157671,330,0.0003726075957490311,0.1612549226742389,0.014098508865732527,0.022263166142015373
209,samples/sample_000209.npz,rectangular_body_000209,7,14,15,30,3,9,7,15,6,3,8,10.0,22.0,5.5,30.0,90.0,60.0,70.0,150.0,60.0,100.0,220.0,0.6586920021247377,630,0.0006368600897865374,0.3773756072718901,0.025756829320057077,0.04350704509153458
210,samples/sample_000210.npz,rectangular_body_000210,16,26,19,29,3,9,10,10,6,3,8,20.5,23.5,5.5,30.0,90.0,60.0,100.0,100.0,60.0,205.0,235.0,0.9421818730685152,600,0.0013314655448900077,0.5574077223063926,0.03981476274131408,0.05985994856177605
211,samples/sample_000211.npz,rectangular_body_000211,35,43,16,26,6,8,8,10,2,6,7,38.5,20.5,6.5,60.0,80.0,70.0,80.0,100.0,20.0,385.0,205.0,0.39337745647565997,160,0.00017455454696413885,0.0503363099584566,0.004278397984666191,0.005813557708019302
212,samples/sample_000212.npz,rectangular_body_000212,29,36,46,62,6,14,7,16,8,6,13,32.0,53.5,9.5,60.0,140.0,100.0,70.0,160.0,80.0,320.0,535.0,0.984051525213357,896,0.0025891478578234815,0.4069112115418725,0.04607415575044477,0.05853691226404906
213,samples/sample_000213.npz,rectangular_body_000213,28,42,9,24,8,12,14,15,4,8,11,34.5,16.0,9.5,80.0,120.0,100.0,140.0,150.0,40.0,345.0,160.0,0.7244764347655686,840,0.002182354399980749,0.24086054175547106,0.035463517939081625,0.03801472891494745
214,samples/sample_000214.npz,rectangular_body_000214,46,57,12,25,4,6,11,13,2,4,5,51.0,18.0,4.5,40.0,60.0,50.0,110.0,130.0,20.0,510.0,180.0,0.5439830313774974,286,0.00019774829889487652,0.15185727367318325,0.010163142979671991,0.01783531897543203
215,samples/sample_000215.npz,rectangular_body_000215,56,60,41,47,2,4,4,6,2,2,3,57.5,43.5,2.5,20.0,40.0,30.0,40.0,60.0,20.0,575.0,435.0,0.7116632957207709,48,2.4234031783889355e-05,0.1038996058221767,0.0021621839257666745,0.006083992245027215
216,samples/sample_000216.npz,rectangular_body_000216,19,29,39,50,8,15,10,11,7,8,14,23.5,44.0,11.0,80.0,150.0,115.0,100.0,110.0,70.0,235.0,440.0,0.36213539605576045,770,0.0010596321824587703,0.10712980538098937,0.015720034477925412,0.0160126664997484
217,samples/sample_000217.npz,rectangular_body_000217,39,43,29,36,8,13,4,7,5,8,12,40.5,32.0,10.0,80.0,130.0,105.0,40.0,70.0,50.0,405.0,320.0,0.8405318124847987,140,0.0006104211143749022,0.058197710535722424,0.007217566537958002,0.007545994159482839
218,samples/sample_000218.npz,rectangular_body_000218,23,33,28,44,2,7,10,16,5,2,6,27.5,35.5,4.0,20.0,70.0,45.0,100.0,160.0,50.0,275.0,355.0,0.6132115979220445,800,0.0014284993077530257,0.4975763899642902,0.03756459411120937,0.05779230369526844
219,samples/sample_000219.npz,rectangular_body_000219,27,40,34,42,5,7,13,8,2,5,6,33.0,37.5,5.5,50.0,70.0,60.0,130.0,80.0,20.0,330.0,375.0,0.857707734406314,208,0.0006585984062196885,0.15826683919914056,0.012962943674974166,0.017940286685189277
220,samples/sample_000220.npz,rectangular_body_000220,2,17,51,62,7,11,15,11,4,7,10,9.0,56.0,8.5,70.0,110.0,90.0,150.0,110.0,40.0,90.0,560.0,0.7223231364416982,660,0.0006650743218046032,0.23044554307923096,0.01985472576257856,0.03339230042333993
221,samples/sample_000221.npz,rectangular_body_000221,9,15,35,45,2,4,6,10,2,2,3,11.5,39.5,2.5,20.0,40.0,30.0,60.0,100.0,20.0,115.0,395.0,0.27558642595623506,120,3.2230759418212744e-05,0.07199581496041703,0.002429948463485785,0.005516837720633443
222,samples/sample_000222.npz,rectangular_body_000222,44,60,17,28,6,11,16,11,5,6,10,51.5,22.0,8.0,60.0,110.0,85.0,160.0,110.0,50.0,515.0,220.0,0.8427649388781568,880,0.0016224458713750521,0.37997025134699364,0.04184201158232949,0.05585515047911519
223,samples/sample_000223.npz,rectangular_body_000223,48,56,43,54,6,9,8,11,3,6,8,51.5,48.0,7.0,60.0,90.0,75.0,80.0,110.0,30.0,515.0,480.0,0.2458987870638194,264,0.00010382301557621165,0.046589340068784145,0.0036611627029623462,0.0058122105649237536
224,samples/sample_000224.npz,rectangular_body_000224,31,40,15,23,7,9,9,8,2,7,8,35.0,18.5,7.5,70.0,90.0,80.0,90.0,80.0,20.0,350.0,185.0,0.5412624350821327,144,0.00025015249612955043,0.053005788527350474,0.005076568381365464,0.006447437998866289
225,samples/sample_000225.npz,rectangular_body_000225,46,53,21,37,4,7,7,16,3,4,6,49.0,28.5,5.0,40.0,70.0,55.0,70.0,160.0,30.0,490.0,285.0,0.4948974929092671,336,0.0003319914332196342,0.15177413452061075,0.011411880072852421,0.017790857222967454
226,samples/sample_000226.npz,rectangular_body_000226,5,10,51,59,2,8,5,8,6,2,7,7.0,54.5,4.5,20.0,80.0,50.0,50.0,80.0,60.0,70.0,545.0,0.5346681212475293,240,0.00010672830722568376,0.21190046634276688,0.006745574311809674,0.016723615474574936
227,samples/sample_000227.npz,rectangular_body_000227,38,49,11,25,4,7,11,14,3,4,6,43.0,17.5,5.0,40.0,70.0,55.0,110.0,140.0,30.0,430.0,175.0,0.9714772436879422,462,0.0007917432212897413,0.3881480459075526,0.030917072977073023,0.0475204537035941
228,samples/sample_000228.npz,rectangular_body_000228,26,42,24,37,3,6,16,13,3,3,5,33.5,30.0,4.0,30.0,60.0,45.0,160.0,130.0,30.0,335.0,300.0,0.43124807661798414,624,0.000962936787537124,0.23699693535809896,0.020672188176248614,0.03008750587255579
229,samples/sample_000229.npz,rectangular_body_000229,17,25,58,62,4,9,8,4,5,4,8,20.5,59.5,6.0,40.0,90.0,65.0,80.0,40.0,50.0,205.0,595.0,0.711878377851388,160,0.00014349811684392428,0.12377531262261718,0.005561081047486814,0.01126437055662274
230,samples/sample_000230.npz,rectangular_body_000230,29,40,46,51,7,15,11,5,8,7,14,34.0,48.0,10.5,70.0,150.0,110.0,110.0,50.0,80.0,340.0,480.0,0.9892650556466507,440,0.001607331729491708,0.19631038557195277,0.024472928098955453,0.02721594531208494
231,samples/sample_000231.npz,rectangular_body_000231,5,12,5,18,6,14,7,13,8,6,13,8.0,11.0,9.5,60.0,140.0,100.0,70.0,130.0,80.0,80.0,110.0,0.5114082867809959,728,0.0006119716112347759,0.18467889555200906,0.01628127497052534,0.02566813771295769
232,samples/sample_000232.npz,rectangular_body_000232,50,56,28,44,2,10,6,16,8,2,9,52.5,35.5,5.5,20.0,100.0,60.0,60.0,160.0,80.0,525.0,355.0,0.8081827678497719,768,0.0011191565660893677,0.5894923123313314,0.0397054582680727,0.06605607928785218
233,samples/sample_000233.npz,rectangular_body_000233,37,50,23,34,7,10,13,11,3,7,9,43.0,28.0,8.0,70.0,100.0,85.0,130.0,110.0,30.0,430.0,280.0,0.3702397478733513,429,0.0005748519831089012,0.08604342996285706,0.010223735880772706,0.011820014340440804
234,samples/sample_000234.npz,rectangular_body_000234,37,48,17,21,8,14,11,4,6,8,13,42.0,18.5,10.5,80.0,140.0,110.0,110.0,40.0,60.0,420.0,185.0,0.3231823155526301,264,0.00028234752561561143,0.037190197984263165,0.004823833519527905,0.005283078778972323
235,samples/sample_000235.npz,rectangular_body_000235,7,19,35,50,4,11,12,15,7,4,10,12.5,42.0,7.0,40.0,110.0,75.0,120.0,150.0,70.0,125.0,420.0,0.7500763029041742,1260,0.0018635237607764724,0.5815827932415607,0.05681004628291309,0.08070701218149381
236,samples/sample_000236.npz,rectangular_body_000236,3,15,42,51,4,12,12,9,8,4,11,8.5,46.0,7.5,40.0,120.0,80.0,120.0,90.0,80.0,85.0,460.0,0.9700300027104123,864,0.0013599996427349588,0.575909599641763,0.04421383172555836,0.07159847913546745
237,samples/sample_000237.npz,rectangular_body_000237,18,32,48,58,6,9,14,10,3,6,8,24.5,52.5,7.0,60.0,90.0,75.0,140.0,100.0,30.0,245.0,525.0,0.24987819290877306,420,0.00021229765055262486,0.0662192531042051,0.006174925881258494,0.008925934147809985
238,samples/sample_000238.npz,rectangular_body_000238,28,44,3,15,5,12,16,12,7,5,11,35.5,8.5,8.0,50.0,120.0,85.0,160.0,120.0,70.0,355.0,85.0,0.7356040132269086,1344,0.00222685933195826,0.5077760162630975,0.05352479371310111,0.07415026979623882
239,samples/sample_000239.npz,rectangular_body_000239,18,24,41,55,2,5,6,14,3,2,4,20.5,47.5,3.0,20.0,50.0,35.0,60.0,140.0,30.0,205.0,475.0,0.2558702969888061,252,7.50149022948541e-05,0.10126526005966555,0.004766612453805801,0.009410551128910481
240,samples/sample_000240.npz,rectangular_body_000240,23,38,24,39,3,9,15,15,6,3,8,30.0,31.0,5.5,30.0,90.0,60.0,150.0,150.0,60.0,300.0,310.0,0.870335982659969,1350,0.005638170352065606,0.8165049553946369,0.0857907784625925,0.10999679478118322
241,samples/sample_000241.npz,rectangular_body_000241,28,36,5,17,6,9,8,12,3,6,8,31.5,10.5,7.0,60.0,90.0,75.0,80.0,120.0,30.0,315.0,105.0,0.26463886110946205,288,0.000185192571910847,0.053123731716165426,0.004530376030225528,0.006643291911588337
242,samples/sample_000242.npz,rectangular_body_000242,41,52,14,28,4,9,11,14,5,4,8,46.0,20.5,6.0,40.0,90.0,65.0,110.0,140.0,50.0,460.0,205.0,0.21822690116421928,770,0.00033900362678521384,0.125276180101267,0.011114309719619329,0.01598255617497433
243,samples/sample_000243.npz,rectangular_body_000243,38,49,31,44,2,7,11,13,5,2,6,43.0,37.0,4.0,20.0,70.0,45.0,110.0,130.0,50.0,430.0,370.0,0.560567956533323,715,0.0008047379719491633,0.44480902976706005,0.02992474933066136,0.048962415855552825
244,samples/sample_000244.npz,rectangular_body_000244,10,16,45,57,6,10,6,12,4,6,9,12.5,50.5,7.5,60.0,100.0,80.0,60.0,120.0,40.0,125.0,505.0,0.9197806194195024,288,0.00042857514461834036,0.17733910503100836,0.014343985919165855,0.022621371285662578
245,samples/sample_000245.npz,rectangular_body_000245,3,15,26,34,2,5,12,8,3,2,4,8.5,29.5,3.0,20.0,50.0,35.0,120.0,80.0,30.0,85.0,295.0,0.4366408519048685,288,0.00014474209595163854,0.1989302737397194,0.00850691351470487,0.018412240939667514
246,samples/sample_000246.npz,rectangular_body_000246,17,29,44,56,8,12,12,12,4,8,11,22.5,49.5,9.5,80.0,120.0,100.0,120.0,120.0,40.0,225.0,495.0,0.4741696066458017,576,0.0007412844534957058,0.1188698008675845,0.015136367602868978,0.01797867592920167
247,samples/sample_000247.npz,rectangular_body_000247,18,22,29,41,2,6,4,12,4,2,5,19.5,34.5,3.5,20.0,60.0,40.0,40.0,120.0,40.0,195.0,345.0,0.9369144971952845,192,0.00034793868085078016,0.3045787891983839,0.013737635411537965,0.025450647612525478
248,samples/sample_000248.npz,rectangular_body_000248,9,13,26,41,5,8,4,15,3,5,7,10.5,33.0,6.0,50.0,80.0,65.0,40.0,150.0,30.0,105.0,330.0,0.997122192087579,180,0.00036962698918250496,0.14839786210130176,0.01122419770048821,0.017525820132678924
249,samples/sample_000249.npz,rectangular_body_000249,24,33,7,23,5,8,9,16,3,5,7,28.0,14.5,6.0,50.0,80.0,65.0,90.0,160.0,30.0,280.0,145.0,0.24927266510384138,432,0.00025113467088162247,0.0777408972990095,0.007068736704947911,0.010052629086806927
250,samples/sample_000250.npz,rectangular_body_000250,17,22,47,57,3,5,5,10,2,3,4,19.0,51.5,3.5,30.0,50.0,40.0,50.0,100.0,20.0,190.0,515.0,0.27292052000803413,100,2.9208776310038008e-05,0.04745162311382106,0.0018766793322166017,0.003925763085738859
251,samples/sample_000251.npz,rectangular_body_000251,22,36,43,58,5,10,14,15,5,5,9,28.5,50.0,7.0,50.0,100.0,75.0,140.0,150.0,50.0,285.0,500.0,0.4771147405213568,1050,0.0012543084886765545,0.2835715040241315,0.030929077500899755,0.04102321636257335
252,samples/sample_000252.npz,rectangular_body_000252,20,35,31,35,4,6,15,4,2,4,5,27.0,32.5,4.5,40.0,60.0,50.0,150.0,40.0,20.0,270.0,325.0,0.4152014324367905,120,0.00017436343400160402,0.055517858578583816,0.003760539932152345,0.005732077964674551
253,samples/sample_000253.npz,rectangular_body_000253,6,19,32,45,6,12,13,13,6,6,11,12.0,38.0,8.5,60.0,120.0,90.0,130.0,130.0,60.0,120.0,380.0,0.279221561359454,1014,0.0007159740891862846,0.1406360673369727,0.01610291467867251,0.020512674239381738
254,samples/sample_000254.npz,rectangular_body_000254,38,51,54,61,6,13,13,7,7,6,12,44.0,57.0,9.0,60.0,130.0,95.0,130.0,70.0,70.0,440.0,570.0,0.6441032372161397,637,0.0007474679408140657,0.21606292790195275,0.01916983523807752,0.028949159576888175
255,samples/sample_000255.npz,rectangular_body_000255,35,48,3,11,2,4,13,8,2,2,3,41.0,6.5,2.5,20.0,40.0,30.0,130.0,80.0,20.0,410.0,65.0,0.5203038190406011,208,8.501274740891504e-05,0.18021363233732182,0.007066569287838057,0.016699010193701597
256,samples/sample_000256.npz,rectangular_body_000256,49,53,37,46,6,12,4,9,6,6,11,50.5,41.0,8.5,60.0,120.0,90.0,40.0,90.0,60.0,505.0,410.0,0.5399672178619397,216,0.00027293815030721396,0.07456386937688439,0.006690681738785856,0.009153004544119233
257,samples/sample_000257.npz,rectangular_body_000257,30,37,19,28,8,16,7,9,8,8,15,33.0,23.0,11.5,80.0,160.0,120.0,70.0,90.0,80.0,330.0,230.0,0.8275098231699369,504,0.002368591504607574,0.16278878644715722,0.024263347420450616,0.022846951903410354
258,samples/sample_000258.npz,rectangular_body_000258,30,42,32,46,7,12,12,14,5,7,11,35.5,38.5,9.0,70.0,120.0,95.0,120.0,140.0,50.0,355.0,385.0,0.7515436513309226,840,0.002956187958500328,0.28654954008584826,0.040090520882199596,0.041405700397340116
259,samples/sample_000259.npz,rectangular_body_000259,38,42,42,52,4,7,4,10,3,4,6,39.5,46.5,5.0,40.0,70.0,55.0,40.0,100.0,30.0,395.0,465.0,0.7174683510709243,120,0.00016254723426330388,0.10561620624343088,0.006010204604667374,0.009999078825877345
260,samples/sample_000260.npz,rectangular_body_000260,30,41,12,17,4,8,11,5,4,4,7,35.0,14.0,5.5,40.0,80.0,60.0,110.0,50.0,40.0,350.0,140.0,0.5253266359763402,220,0.00024295171572422559,0.1227128076163369,0.007797848855441176,0.012472470153744877
261,samples/sample_000261.npz,rectangular_body_000261,7,15,17,30,7,12,8,13,5,7,11,10.5,23.0,9.0,70.0,120.0,95.0,80.0,130.0,50.0,105.0,230.0,0.5767499382975229,520,0.0007075153585277751,0.14978269346848236,0.01618854467318214,0.021245682339885868
262,samples/sample_000262.npz,rectangular_body_000262,17,28,55,62,3,6,11,7,3,3,5,22.0,58.0,4.0,30.0,60.0,45.0,110.0,70.0,30.0,220.0,580.0,0.20567784608756565,231,4.840432895928397e-05,0.06581326972534662,0.002725245782683209,0.006012267010371049
263,samples/sample_000263.npz,rectangular_body_000263,16,23,11,20,3,6,7,9,3,3,5,19.0,15.0,4.0,30.0,60.0,45.0,70.0,90.0,30.0,190.0,150.0,0.40722257038956694,189,0.00010169742055218944,0.11656622726657287,0.0054146236006177,0.010254965099346687
264,samples/sample_000264.npz,rectangular_body_000264,22,34,23,37,2,7,12,14,5,2,6,27.5,29.5,4.0,20.0,70.0,45.0,120.0,140.0,50.0,275.0,295.0,0.5834445476172143,840,0.0015510705999539512,0.4967277035017542,0.03762220979664867,0.05784833263282895
265,samples/sample_000265.npz,rectangular_body_000265,23,36,14,27,2,5,13,13,3,2,4,29.0,20.0,3.0,20.0,50.0,35.0,130.0,130.0,30.0,290.0,200.0,0.4105888841758047,507,0.0003830872139113223,0.2469723511167991,0.016164553950059345,0.027925385726418492
266,samples/sample_000266.npz,rectangular_body_000266,24,36,51,58,4,9,12,7,5,4,8,29.5,54.0,6.0,40.0,90.0,65.0,120.0,70.0,50.0,295.0,540.0,0.5332940713888342,420,0.00042904392636881124,0.20040280546905997,0.013549091821335185,0.022410505712181623
267,samples/sample_000267.npz,rectangular_body_000267,15,25,13,27,4,12,10,14,8,4,11,19.5,19.5,7.5,40.0,120.0,80.0,100.0,140.0,80.0,195.0,195.0,0.653172022949642,1120,0.0018417564845309787,0.4602199662429033,0.046309695803135834,0.06041140193833862
268,samples/sample_000268.npz,rectangular_body_000268,5,14,15,30,2,5,9,15,3,2,4,9.0,22.0,3.0,20.0,50.0,35.0,90.0,150.0,30.0,90.0,220.0,0.7162747009473132,405,0.00028004880697845983,0.3799437771424886,0.01970169208061784,0.04044641447611556
269,samples/sample_000269.npz,rectangular_body_000269,11,20,5,17,5,10,9,12,5,5,9,15.0,10.5,7.0,50.0,100.0,75.0,90.0,120.0,50.0,150.0,105.0,0.42957357572417765,540,0.00036004357748065194,0.16314155625940033,0.012797232282644812,0.020648096260823257
270,samples/sample_000270.npz,rectangular_body_000270,10,19,40,47,7,12,9,7,5,7,11,14.0,43.0,9.0,70.0,120.0,95.0,90.0,70.0,50.0,140.0,430.0,0.7094088346244332,315,0.0005455265701018958,0.12330151978181494,0.01263926111747109,0.01633871310286498
271,samples/sample_000271.npz,rectangular_body_000271,33,42,40,55,8,11,9,15,3,8,10,37.0,47.0,9.0,80.0,110.0,95.0,90.0,150.0,30.0,370.0,470.0,0.7080067931449348,405,0.0009117434715634635,0.13237015724633205,0.01698017230188681,0.01943716084437861
272,samples/sample_000272.npz,rectangular_body_000272,19,28,19,28,4,12,9,9,8,4,11,23.0,23.0,7.5,40.0,120.0,80.0,90.0,90.0,80.0,230.0,230.0,0.3785920907283837,648,0.0007850746714711677,0.1841795651937641,0.016230415729021664,0.020951636398211758
273,samples/sample_000273.npz,rectangular_body_000273,35,48,15,23,2,4,13,8,2,2,3,41.0,18.5,2.5,20.0,40.0,30.0,130.0,80.0,20.0,410.0,185.0,0.6010788186192544,208,0.0001512028854866512,0.20819103360974034,0.00970589265816446,0.019323518146757854
274,samples/sample_000274.npz,rectangular_body_000274,24,33,46,52,6,8,9,6,2,6,7,28.0,48.5,6.5,60.0,80.0,70.0,90.0,60.0,20.0,280.0,485.0,0.8153378546488377,108,0.00021476111549243354,0.07570320790844492,0.0057350859352936785,0.008378373357807757
275,samples/sample_000275.npz,rectangular_body_000275,34,41,56,62,5,9,7,6,4,5,8,37.0,58.5,6.5,50.0,90.0,70.0,70.0,60.0,40.0,370.0,585.0,0.29863442722226186,168,7.926184713571346e-05,0.04685540458723485,0.0025515554458123042,0.004677048536937513
276,samples/sample_000276.npz,rectangular_body_000276,31,44,8,21,2,5,13,13,3,2,4,37.0,14.0,3.0,20.0,50.0,35.0,130.0,130.0,30.0,370.0,140.0,0.48743549353489446,507,0.00032298337906576336,0.2931961672526975,0.018256459743805215,0.03345828235368745
277,samples/sample_000277.npz,rectangular_body_000277,44,50,41,55,5,7,6,14,2,5,6,46.5,47.5,5.5,50.0,70.0,60.0,60.0,140.0,20.0,465.0,475.0,0.5832442591058662,168,0.0001546669358847724,0.08804018173649862,0.006336244046208415,0.01020429006068313
278,samples/sample_000278.npz,rectangular_body_000278,53,60,12,26,6,9,7,14,3,6,8,56.0,18.5,7.0,60.0,90.0,75.0,70.0,140.0,30.0,560.0,185.0,0.8294292067444629,294,0.00037216488469507287,0.1645700757375997,0.012738591365889139,0.020987053577982664
279,samples/sample_000279.npz,rectangular_body_000279,16,30,17,31,7,9,14,14,2,7,8,22.5,23.5,7.5,70.0,90.0,80.0,140.0,140.0,20.0,225.0,235.0,0.3474498467529563,392,0.00044440468797448453,0.07173329128276094,0.008924870261787704,0.010330207994909541
280,samples/sample_000280.npz,rectangular_body_000280,28,42,25,34,7,13,14,9,6,7,12,34.5,29.0,9.5,70.0,130.0,100.0,140.0,90.0,60.0,345.0,290.0,0.6826717955148642,756,0.003135255823518594,0.233433302296844,0.03270262373409785,0.032612837870477106
281,samples/sample_000281.npz,rectangular_body_000281,52,62,21,31,4,7,10,10,3,4,6,56.5,25.5,5.0,40.0,70.0,55.0,100.0,100.0,30.0,565.0,255.0,0.7466618430629406,300,0.0003094332699691958,0.23068273298297554,0.012996310956842276,0.024572586531894945
282,samples/sample_000282.npz,rectangular_body_000282,40,49,2,16,3,7,9,14,4,3,6,44.0,8.5,4.5,30.0,70.0,50.0,90.0,140.0,40.0,440.0,85.0,0.394310436914898,504,0.0002313828262361576,0.20486934917776783,0.012092348686148259,0.02297691690654519
283,samples/sample_000283.npz,rectangular_body_000283,51,55,5,17,6,10,4,12,4,6,9,52.5,10.5,7.5,60.0,100.0,80.0,40.0,120.0,40.0,525.0,105.0,0.8207551791079548,192,0.00022707465505388176,0.1084440825443283,0.007936558192304835,0.013493475363052648
284,samples/sample_000284.npz,rectangular_body_000284,5,9,49,59,7,11,4,10,4,7,10,6.5,53.5,8.5,70.0,110.0,90.0,40.0,100.0,40.0,65.0,535.0,0.5221968754297813,160,0.00011568320093878567,0.05015037608572178,0.0035444182001594777,0.006292189498699335
285,samples/sample_000285.npz,rectangular_body_000285,18,31,25,30,6,11,13,5,5,6,10,24.0,27.0,8.0,60.0,110.0,85.0,130.0,50.0,50.0,240.0,270.0,0.8400120091096648,325,0.0011145652485243748,0.1688524215815458,0.017988241264961242,0.021026913873594004
286,samples/sample_000286.npz,rectangular_body_000286,30,43,8,24,4,9,13,16,5,4,8,36.0,15.5,6.0,40.0,90.0,65.0,130.0,160.0,50.0,360.0,155.0,0.8926958595448438,1040,0.0021887204114667564,0.6098194150161695,0.06159252512627064,0.0844700600413131
287,samples/sample_000287.npz,rectangular_body_000287,10,23,27,41,3,5,13,14,2,3,4,16.0,33.5,3.5,30.0,50.0,40.0,130.0,140.0,20.0,160.0,335.0,0.5153106510874732,364,0.0003279736664469922,0.1934222326502228,0.013903956898124244,0.023236002529405612
288,samples/sample_000288.npz,rectangular_body_000288,2,10,42,46,6,12,8,4,6,6,11,5.5,43.5,8.5,60.0,120.0,90.0,80.0,40.0,60.0,55.0,435.0,0.9860890784300471,192,0.00032776080052247455,0.1231829493201534,0.00893195258522814,0.014422571553746839
289,samples/sample_000289.npz,rectangular_body_000289,19,34,39,45,6,11,15,6,5,6,10,26.0,41.5,8.0,60.0,110.0,85.0,150.0,60.0,50.0,260.0,415.0,0.7672946439234274,450,0.00123108492805742,0.19908005620700023,0.022400296796390176,0.026210578117814395
290,samples/sample_000290.npz,rectangular_body_000290,14,21,8,17,2,10,7,9,8,2,9,17.0,12.0,5.5,20.0,100.0,60.0,70.0,90.0,80.0,170.0,120.0,0.9668653457100038,504,0.0006916873512077386,0.6038101107592416,0.030603202324338517,0.05599719757718398
291,samples/sample_000291.npz,rectangular_body_000291,5,13,37,43,4,12,8,6,8,4,11,8.5,39.5,7.5,40.0,120.0,80.0,80.0,60.0,80.0,85.0,395.0,0.418174515724672,384,0.00030765113918609514,0.13246891064862906,0.008908249131472479,0.014301116396540354
292,samples/sample_000292.npz,rectangular_body_000292,48,57,23,31,8,15,9,8,7,8,14,52.0,26.5,11.0,80.0,150.0,115.0,90.0,80.0,70.0,520.0,265.0,0.65010567883577,504,0.001008729483236272,0.1333847306538356,0.016753188160892246,0.019520091525526948
293,samples/sample_000293.npz,rectangular_body_000293,26,39,35,44,7,15,13,9,8,7,14,32.0,39.0,10.5,70.0,150.0,110.0,130.0,90.0,80.0,320.0,390.0,0.7280742591172003,936,0.003934750511314011,0.28116060045711433,0.041239525991474055,0.03993240461195115
294,samples/sample_000294.npz,rectangular_body_000294,14,22,3,19,8,14,8,16,6,8,13,17.5,10.5,10.5,80.0,140.0,110.0,80.0,160.0,60.0,175.0,105.0,0.5780618309466061,768,0.0010247730346509337,0.16896710005105783,0.021416030994889097,0.026821287874225348
295,samples/sample_000295.npz,rectangular_body_000295,24,35,7,20,7,14,11,13,7,7,13,29.0,13.0,10.0,70.0,140.0,105.0,110.0,130.0,70.0,290.0,130.0,0.4015858600666298,1001,0.0013362830540576448,0.16956329625840785,0.022162364467878407,0.025354427056867516
296,samples/sample_000296.npz,rectangular_body_000296,38,45,9,19,5,13,7,10,8,5,12,41.0,13.5,8.5,50.0,130.0,90.0,70.0,100.0,80.0,410.0,135.0,0.7744369785084133,560,0.0010526234569260542,0.27387482543557873,0.02522747208980009,0.03396641986346063
297,samples/sample_000297.npz,rectangular_body_000297,25,41,48,59,6,14,16,11,8,6,13,32.5,53.0,9.5,60.0,140.0,100.0,160.0,110.0,80.0,325.0,530.0,0.9541568060163397,1408,0.003941961230187431,0.5789667563926956,0.07146860436369219,0.08799548175709414
298,samples/sample_000298.npz,rectangular_body_000298,27,40,15,19,5,11,13,4,6,5,10,33.0,16.5,7.5,50.0,110.0,80.0,130.0,40.0,60.0,330.0,165.0,0.6681809483288637,312,0.0006515031214158285,0.14553711324816088,0.013395577220501064,0.01750129283567955
299,samples/sample_000299.npz,rectangular_body_000299,38,53,8,17,5,10,15,9,5,5,9,45.0,12.0,7.0,50.0,100.0,75.0,150.0,90.0,50.0,450.0,120.0,0.37603494605370236,675,0.0004508200529732271,0.16390691757076933,0.014834146651159149,0.02197772844373947
300,samples/sample_000300.npz,rectangular_body_000300,44,59,32,41,5,12,15,9,7,5,11,51.0,36.0,8.0,50.0,120.0,85.0,150.0,90.0,70.0,510.0,360.0,0.25154805775661143,945,0.0006061549381368486,0.1348772654030427,0.013866577974744661,0.01843838352840282
301,samples/sample_000301.npz,rectangular_body_000301,41,56,23,29,3,11,15,6,8,3,10,48.0,25.5,6.5,30.0,110.0,70.0,150.0,60.0,80.0,480.0,255.0,0.5745756904286867,720,0.0009615996062797372,0.3345229315201075,0.02683713772916166,0.03907293094936663
302,samples/sample_000302.npz,rectangular_body_000302,20,30,3,8,4,8,10,5,4,4,7,24.5,5.0,5.5,40.0,80.0,60.0,100.0,50.0,40.0,245.0,50.0,0.7871825875801053,200,0.0002149747889525725,0.17272563003973168,0.008523488241199622,0.01667098400159827
303,samples/sample_000303.npz,rectangular_body_000303,29,33,13,28,2,8,4,15,6,2,7,30.5,20.0,4.5,20.0,80.0,50.0,40.0,150.0,60.0,305.0,200.0,0.3129223223334009,360,0.00028728268489071026,0.1378551326998028,0.008298199752903666,0.013493401510027613
304,samples/sample_000304.npz,rectangular_body_000304,7,18,35,42,7,9,11,7,2,7,8,12.0,38.0,7.5,70.0,90.0,80.0,110.0,70.0,20.0,120.0,380.0,0.49187479679751434,154,0.00017306972751827325,0.05028346955316407,0.004505448426038857,0.006324033012707297
305,samples/sample_000305.npz,rectangular_body_000305,3,14,14,26,6,13,11,12,7,6,12,8.0,19.5,9.0,60.0,130.0,95.0,110.0,120.0,70.0,80.0,195.0,0.3224782812991032,924,0.0005887630354487571,0.14876511984092577,0.014781621938237404,0.021050177583658316
306,samples/sample_000306.npz,rectangular_body_000306,52,57,46,53,7,14,5,7,7,7,13,54.0,49.0,10.0,70.0,140.0,105.0,50.0,70.0,70.0,540.0,490.0,0.3901124657729734,245,0.0001820839784506103,0.048952720665072696,0.004449090953439343,0.0065251194740512785
307,samples/sample_000307.npz,rectangular_body_000307,16,26,10,19,5,13,10,9,8,5,12,20.5,14.0,8.5,50.0,130.0,90.0,100.0,90.0,80.0,205.0,140.0,0.43687966710116016,720,0.00074370310101777,0.19057011993673448,0.01826430319834961,0.02442233623456076
308,samples/sample_000308.npz,rectangular_body_000308,49,61,13,24,2,6,12,11,4,2,5,54.5,18.0,3.5,20.0,60.0,40.0,120.0,110.0,40.0,545.0,180.0,0.799933393504016,528,0.000399571008477851,0.5302190928168513,0.02699608991994843,0.05617239572643458
309,samples/sample_000309.npz,rectangular_body_000309,47,51,3,13,6,10,4,10,4,6,9,48.5,7.5,7.5,60.0,100.0,80.0,40.0,100.0,40.0,485.0,75.0,0.5309146974500472,160,0.0001249833308065856,0.06153240766977153,0.0042432936505660355,0.007271287591726019
310,samples/sample_000310.npz,rectangular_body_000310,17,22,19,31,5,12,5,12,7,5,11,19.0,24.5,8.0,50.0,120.0,85.0,50.0,120.0,70.0,190.0,245.0,0.7159255896360319,420,0.0009188389870674674,0.1992264886539779,0.019164584945872344,0.02409703747098251
311,samples/sample_000311.npz,rectangular_body_000311,14,24,6,20,8,16,10,14,8,8,15,18.5,12.5,11.5,80.0,160.0,120.0,100.0,140.0,80.0,185.0,125.0,0.8180567472456166,1120,0.002483547219111951,0.3168961008301133,0.04480651617770445,0.051318761578174096
312,samples/sample_000312.npz,rectangular_body_000312,5,20,28,38,5,12,15,10,7,5,11,12.0,32.5,8.0,50.0,120.0,85.0,150.0,100.0,70.0,120.0,325.0,0.5422781904292155,1050,0.0015968388609883311,0.31519497977669897,0.03335334540723509,0.04380589330017213
313,samples/sample_000313.npz,rectangular_body_000313,16,31,20,27,7,14,15,7,7,7,13,23.0,23.0,10.0,70.0,140.0,105.0,150.0,70.0,70.0,230.0,230.0,0.41705467484153724,735,0.0012336050697521219,0.131969789408227,0.01838304366958607,0.018987528080730908
314,samples/sample_000314.npz,rectangular_body_000314,23,37,30,46,3,5,14,16,2,3,4,29.5,37.5,3.5,30.0,50.0,40.0,140.0,160.0,20.0,295.0,375.0,0.8053544895882767,448,0.0009647212127210699,0.3276116289805091,0.028005556133807966,0.04236874013087321
315,samples/sample_000315.npz,rectangular_body_000315,26,39,5,11,2,5,13,6,3,2,4,32.0,7.5,3.0,20.0,50.0,35.0,130.0,60.0,30.0,320.0,75.0,0.5076134627199622,234,0.0001350540824300889,0.1965314246808339,0.00794662991868443,0.017550123737614626
316,samples/sample_000316.npz,rectangular_body_000316,49,54,34,38,2,6,5,4,4,2,5,51.0,35.5,3.5,20.0,60.0,40.0,50.0,40.0,40.0,510.0,355.0,0.2884622005312868,80,3.1788710513087155e-05,0.05657464929104805,0.0016510187696669276,0.003579984252638804
317,samples/sample_000317.npz,rectangular_body_000317,2,10,23,34,3,9,8,11,6,3,8,5.5,28.0,5.5,30.0,90.0,60.0,80.0,110.0,60.0,55.0,280.0,0.6953848158497049,528,0.0005545701186824429,0.3750381627050858,0.020362429567448992,0.03858748986114099
318,samples/sample_000318.npz,rectangular_body_000318,22,28,5,17,5,8,6,12,3,5,7,24.5,10.5,6.0,50.0,80.0,65.0,60.0,120.0,30.0,245.0,105.0,0.9985715127112051,216,0.0003869325693565659,0.18971884836985564,0.013247227899859167,0.02148055109021542
319,samples/sample_000319.npz,rectangular_body_000319,53,57,40,46,7,14,4,6,7,7,13,54.5,42.5,10.0,70.0,140.0,105.0,40.0,60.0,70.0,545.0,425.0,0.514789448191705,168,0.00019250614659331312,0.04506336117880358,0.004251965600644566,0.005875157367996634
320,samples/sample_000320.npz,rectangular_body_000320,14,19,13,23,4,12,5,10,8,4,11,16.0,17.5,7.5,40.0,120.0,80.0,50.0,100.0,80.0,160.0,175.0,0.6526229382287294,400,0.0005441040296067933,0.20868037064705752,0.015880884350818386,0.02322542810892518
321,samples/sample_000321.npz,rectangular_body_000321,31,43,43,54,6,14,12,11,8,6,13,36.5,48.0,9.5,60.0,140.0,100.0,120.0,110.0,80.0,365.0,480.0,0.9891184220909932,1056,0.003347608266939645,0.4921795740059342,0.06044061348155493,0.0701549504304693
322,samples/sample_000322.npz,rectangular_body_000322,32,44,6,21,2,10,12,15,8,2,9,37.5,13.0,5.5,20.0,100.0,60.0,120.0,150.0,80.0,375.0,130.0,0.6192611690448377,1440,0.001695760570121333,0.7111050237469567,0.058523770915953,0.0907445794760661
323,samples/sample_000323.npz,rectangular_body_000323,34,40,23,36,8,12,6,13,4,8,11,36.5,29.0,9.5,80.0,120.0,100.0,60.0,130.0,40.0,365.0,290.0,0.8707647868773136,312,0.0015111301088214604,0.12725301811174622,0.01715352475317883,0.017401923031935974
324,samples/sample_000324.npz,rectangular_body_000324,11,27,10,25,7,14,16,15,7,7,13,18.5,17.0,10.0,70.0,140.0,105.0,160.0,150.0,70.0,185.0,170.0,0.506345175809118,1680,0.0024120346922068825,0.3124094400963112,0.04676569473903745,0.051666610885117724
325,samples/sample_000325.npz,rectangular_body_000325,24,33,51,55,7,12,9,4,5,7,11,28.0,52.5,9.0,70.0,120.0,95.0,90.0,40.0,50.0,280.0,525.0,0.31407478056583804,180,0.0001513140235620199,0.032255953109062055,0.0031198579307252826,0.004145208690047871
326,samples/sample_000326.npz,rectangular_body_000326,45,58,27,31,8,10,13,4,2,8,9,51.0,28.5,8.5,80.0,100.0,90.0,130.0,40.0,20.0,510.0,285.0,0.9485290495058767,104,0.0002745048204293655,0.05438840601145399,0.0056605445276337015,0.007325554545240611
327,samples/sample_000327.npz,rectangular_body_000327,35,49,48,58,5,9,14,10,4,5,8,41.5,52.5,6.5,50.0,90.0,70.0,140.0,100.0,40.0,415.0,525.0,0.49715056276693464,560,0.000489725853074873,0.19297270453826823,0.016540130354597907,0.02524880234175993
328,samples/sample_000328.npz,rectangular_body_000328,6,20,48,54,3,11,14,6,8,3,10,12.5,50.5,6.5,30.0,110.0,70.0,140.0,60.0,80.0,125.0,505.0,0.36427672139458817,672,0.00035322880135669067,0.20481899257124037,0.013946973650096013,0.02383189042703373
329,samples/sample_000329.npz,rectangular_body_000329,18,22,54,59,6,10,4,5,4,6,9,19.5,56.0,7.5,60.0,100.0,80.0,40.0,50.0,40.0,195.0,560.0,0.7547140503259662,80,9.928933269489547e-05,0.04866129716403092,0.00313740843624026,0.005278220722056696
330,samples/sample_000330.npz,rectangular_body_000330,27,39,3,13,7,14,12,10,7,7,13,32.5,7.5,10.0,70.0,140.0,105.0,120.0,100.0,70.0,325.0,75.0,0.305371344946018,840,0.0007087004805549563,0.11185081050150536,0.012570224025225004,0.016211302701599664
331,samples/sample_000331.npz,rectangular_body_000331,15,25,53,59,4,8,10,6,4,4,7,19.5,55.5,5.5,40.0,80.0,60.0,100.0,60.0,40.0,195.0,555.0,0.46847570818187007,240,0.00014795290396761102,0.11971098732800892,0.006488188266050613,0.012197062514812045
332,samples/sample_000332.npz,rectangular_body_000332,10,14,13,21,4,8,4,8,4,4,7,11.5,16.5,5.5,40.0,80.0,60.0,40.0,80.0,40.0,115.0,165.0,0.42347174857659864,128,7.472893605153109e-05,0.06462756651234447,0.0033578356327245065,0.006114130093788335
333,samples/sample_000333.npz,rectangular_body_000333,5,10,29,34,7,11,5,5,4,7,10,7.0,31.0,8.5,70.0,110.0,90.0,50.0,50.0,40.0,70.0,310.0,0.338816687776381,100,8.134042262990483e-05,0.022047569665574862,0.0017488705781496356,0.002604833097421107
334,samples/sample_000334.npz,rectangular_body_000334,3,15,9,20,6,12,12,11,6,6,11,8.5,14.0,8.5,60.0,120.0,90.0,120.0,110.0,60.0,85.0,140.0,0.3734141190778164,792,0.0004906542552334593,0.15694282999478557,0.014305755920442436,0.022047287389720636
335,samples/sample_000335.npz,rectangular_body_000335,34,42,31,40,8,12,8,9,4,8,11,37.5,35.0,9.5,80.0,120.0,100.0,80.0,90.0,40.0,375.0,350.0,0.8195652619424556,288,0.001207896075478063,0.11601163912260394,0.014853171012573618,0.015427350708647565
336,samples/sample_000336.npz,rectangular_body_000336,3,12,6,16,5,11,9,10,6,5,10,7.0,10.5,7.5,50.0,110.0,80.0,90.0,100.0,60.0,70.0,105.0,0.5634030299431099,540,0.00039691293804149336,0.2102770223159476,0.014028804744585451,0.025622386416669658
337,samples/sample_000337.npz,rectangular_body_000337,37,44,37,46,3,11,7,9,8,3,10,40.0,41.0,6.5,30.0,110.0,70.0,70.0,90.0,80.0,400.0,410.0,0.8257844806528294,504,0.0011481196156865343,0.4081782292136181,0.02847941007067883,0.04091901699899195
338,samples/sample_000338.npz,rectangular_body_000338,15,21,30,39,6,10,6,9,4,6,9,17.5,34.0,7.5,60.0,100.0,80.0,60.0,90.0,40.0,175.0,340.0,0.7774267610516181,216,0.0005318411752909243,0.12142843194096958,0.01087878330408783,0.014184834143303779
339,samples/sample_000339.npz,rectangular_body_000339,17,21,40,48,4,7,4,8,3,4,6,18.5,43.5,5.0,40.0,70.0,55.0,40.0,80.0,30.0,185.0,435.0,0.40092542490795086,96,6.831979090559478e-05,0.05079287640701195,0.00268569717434234,0.004557531225619314
340,samples/sample_000340.npz,rectangular_body_000340,39,55,52,62,6,9,16,10,3,6,8,46.5,56.5,7.0,60.0,90.0,75.0,160.0,100.0,30.0,465.0,565.0,0.5620909171750054,480,0.0003863960253612235,0.16095772295732935,0.013491565867110592,0.022262765583624982
341,samples/sample_000341.npz,rectangular_body_000341,32,48,37,44,3,7,16,7,4,3,6,39.5,40.0,4.5,30.0,70.0,50.0,160.0,70.0,40.0,395.0,400.0,0.664745408092194,448,0.0006698099695515959,0.3041340875274749,0.02195068651514264,0.03378194831953221
342,samples/sample_000342.npz,rectangular_body_000342,19,34,22,30,5,8,15,8,3,5,7,26.0,25.5,6.0,50.0,80.0,65.0,150.0,80.0,30.0,260.0,255.0,0.40850054079312326,360,0.000496744309540571,0.11226377708658677,0.010421989944817954,0.013689692452655127
343,samples/sample_000343.npz,rectangular_body_000343,51,60,39,53,4,12,9,14,8,4,11,55.0,45.5,7.5,40.0,120.0,80.0,90.0,140.0,80.0,550.0,455.0,0.7460535669979571,1008,0.001217029073823019,0.4868207098167163,0.039388483153847756,0.06317616000677348
344,samples/sample_000344.npz,rectangular_body_000344,26,30,13,26,3,6,4,13,3,3,5,27.5,19.0,4.0,30.0,60.0,45.0,40.0,130.0,30.0,275.0,190.0,0.9068952040577587,156,0.00028678005272912775,0.19591768478600036,0.010531084568099956,0.01818114945335168
345,samples/sample_000345.npz,rectangular_body_000345,8,22,9,13,8,14,14,4,6,8,13,14.5,10.5,10.5,80.0,140.0,110.0,140.0,40.0,60.0,145.0,105.0,0.5097485768641463,336,0.00036152931481619316,0.07051933645547176,0.008053706013732566,0.010729139304294444
346,samples/sample_000346.npz,rectangular_body_000346,37,43,13,22,6,9,6,9,3,6,8,39.5,17.0,7.0,60.0,90.0,75.0,60.0,90.0,30.0,395.0,170.0,0.3052611858997152,162,0.0001228216261159148,0.038857987554408016,0.0032030310802759043,0.0044393919143132475
347,samples/sample_000347.npz,rectangular_body_000347,23,31,20,32,6,13,8,12,7,6,12,26.5,25.5,9.0,60.0,130.0,95.0,80.0,120.0,70.0,265.0,255.0,0.9165663628258727,672,0.002856978731388698,0.3249877902937719,0.03933730514053383,0.04265097238698619
348,samples/sample_000348.npz,rectangular_body_000348,41,51,29,37,3,6,10,8,3,3,5,45.5,32.5,4.0,30.0,60.0,45.0,100.0,80.0,30.0,455.0,325.0,0.22432557542268167,240,0.00011244726662415075,0.07429317281232514,0.003983525817976895,0.006957338518490926
349,samples/sample_000349.npz,rectangular_body_000349,49,60,18,29,2,4,11,11,2,2,3,54.0,23.0,2.5,20.0,40.0,30.0,110.0,110.0,20.0,540.0,230.0,0.5722132920249465,242,0.00012227643774129985,0.2193883805473412,0.009630192915533119,0.021258527694220763
350,samples/sample_000350.npz,rectangular_body_000350,7,11,40,49,5,7,4,9,2,5,6,8.5,44.0,5.5,50.0,70.0,60.0,40.0,90.0,20.0,85.0,440.0,0.5426040553001996,72,5.242125838946852e-05,0.04347276489714136,0.0023124258913771226,0.004294651512329282
351,samples/sample_000351.npz,rectangular_body_000351,36,52,34,39,2,8,16,5,6,2,7,43.5,36.0,4.5,20.0,80.0,50.0,160.0,50.0,60.0,435.0,360.0,0.5538418402703627,480,0.0005904134385015434,0.3044036925410257,0.019436147449955102,0.0312812925178671
352,samples/sample_000352.npz,rectangular_body_000352,31,40,22,33,4,12,9,11,8,4,11,35.0,27.0,7.5,40.0,120.0,80.0,90.0,110.0,80.0,350.0,270.0,0.6082255932719172,792,0.0021900312789193523,0.3416984687901931,0.032741090809249716,0.039999600774010574
353,samples/sample_000353.npz,rectangular_body_000353,5,9,51,58,4,6,4,7,2,4,5,6.5,54.0,4.5,40.0,60.0,50.0,40.0,70.0,20.0,65.0,540.0,0.4920386840399596,56,2.293384259993105e-05,0.04243754762397285,0.001434117931872667,0.0034955945230553983
354,samples/sample_000354.npz,rectangular_body_000354,25,38,10,21,3,11,13,11,8,3,10,31.0,15.0,6.5,30.0,110.0,70.0,130.0,110.0,80.0,310.0,150.0,0.3816796227602353,1144,0.0011877192328962056,0.32798101810406916,0.028634175696318046,0.040435543692578964
355,samples/sample_000355.npz,rectangular_body_000355,19,32,28,42,2,4,13,14,2,2,3,25.0,34.5,2.5,20.0,40.0,30.0,130.0,140.0,20.0,250.0,345.0,0.591368352740427,364,0.00043174307113484015,0.26345378887049076,0.01729162714752752,0.03022298881555586
356,samples/sample_000356.npz,rectangular_body_000356,27,39,38,49,3,5,12,11,2,3,4,32.5,43.0,3.5,30.0,50.0,40.0,120.0,110.0,20.0,325.0,430.0,0.47158621273453494,264,0.00026592791160505447,0.15289033632903937,0.009512846871736307,0.016146068063476925
357,samples/sample_000357.npz,rectangular_body_000357,43,57,8,14,2,8,14,6,6,2,7,49.5,10.5,4.5,20.0,80.0,50.0,140.0,60.0,60.0,495.0,105.0,0.6556696365438632,504,0.0003501764658695313,0.39562304250582525,0.020347163947847323,0.04053044966867322
358,samples/sample_000358.npz,rectangular_body_000358,5,14,42,51,3,7,9,9,4,3,6,9.0,46.0,4.5,30.0,70.0,50.0,90.0,90.0,40.0,90.0,460.0,0.29503093423958965,324,0.00010653915738714062,0.1210844332721078,0.005897391659789286,0.011769297582801477
359,samples/sample_000359.npz,rectangular_body_000359,31,37,19,24,7,14,6,5,7,7,13,33.5,21.0,10.0,70.0,140.0,105.0,60.0,50.0,70.0,335.0,210.0,0.8424756691068065,210,0.0008163542341614476,0.09157952821768364,0.010757469632547789,0.011585233392163332
360,samples/sample_000360.npz,rectangular_body_000360,8,21,17,22,6,13,13,5,7,6,12,14.0,19.0,9.0,60.0,130.0,95.0,130.0,50.0,70.0,140.0,190.0,0.23510802135108363,455,0.0002538493854244503,0.057914849631840196,0.005993457496659689,0.0078034743735140265
361,samples/sample_000361.npz,rectangular_body_000361,21,36,16,24,4,12,15,8,8,4,11,28.0,19.5,7.5,40.0,120.0,80.0,150.0,80.0,80.0,280.0,195.0,0.46174022389864144,960,0.0014795752009513197,0.28472838945110157,0.029107075977254822,0.036245989876217674
362,samples/sample_000362.npz,rectangular_body_000362,13,21,37,52,3,10,8,15,7,3,9,16.5,44.0,6.0,30.0,100.0,65.0,80.0,150.0,70.0,165.0,440.0,0.49735349311795063,840,0.0007865299631043855,0.34207508040116297,0.027330847506482618,0.04115024561137479
363,samples/sample_000363.npz,rectangular_body_000363,22,26,30,35,8,10,4,5,2,8,9,23.5,32.0,8.5,80.0,100.0,90.0,40.0,50.0,20.0,235.0,320.0,0.8163838604631841,40,0.000156926249935394,0.02084238581366994,0.002125097109525155,0.0024596165125035574
364,samples/sample_000364.npz,rectangular_body_000364,26,36,52,60,2,6,10,8,4,2,5,30.5,55.5,3.5,20.0,60.0,40.0,100.0,80.0,40.0,305.0,555.0,0.4516506584311656,320,0.00018037146290662593,0.22914110684587177,0.009412275388809826,0.0203163605935308
365,samples/sample_000365.npz,rectangular_body_000365,46,61,58,62,3,6,15,4,3,3,5,53.0,59.5,4.0,30.0,60.0,45.0,150.0,40.0,30.0,530.0,595.0,0.802561997019702,180,0.00010455857910083959,0.18298523462897082,0.006847554548472072,0.017296284875325512
366,samples/sample_000366.npz,rectangular_body_000366,23,38,54,60,3,10,15,6,7,3,9,30.0,56.5,6.0,30.0,100.0,65.0,150.0,60.0,70.0,300.0,565.0,0.8759416352854703,630,0.0009665977762919327,0.4776867363747934,0.031212935393568193,0.054300666044356356
367,samples/sample_000367.npz,rectangular_body_000367,28,32,50,58,4,6,4,8,2,4,5,29.5,53.5,4.5,40.0,60.0,50.0,40.0,80.0,20.0,295.0,535.0,0.28488295367735594,64,2.87635583282029e-05,0.02691083450131199,0.0011902861146721162,0.002309565487585961
368,samples/sample_000368.npz,rectangular_body_000368,24,29,8,20,4,6,5,12,2,4,5,26.0,13.5,4.5,40.0,60.0,50.0,50.0,120.0,20.0,260.0,135.0,0.35119494460946304,120,7.119551909809385e-05,0.05211787312183473,0.0029151788982246353,0.0050944715652334605
369,samples/sample_000369.npz,rectangular_body_000369,35,47,8,23,6,12,12,15,6,6,11,40.5,15.0,8.5,60.0,120.0,90.0,120.0,150.0,60.0,405.0,150.0,0.7001497346255863,1080,0.0019894515901580853,0.3655937249225464,0.04449748321035688,0.05423130942798709
370,samples/sample_000370.npz,rectangular_body_000370,2,12,22,36,3,10,10,14,7,3,9,6.5,28.5,6.0,30.0,100.0,65.0,100.0,140.0,70.0,65.0,285.0,0.38988554942310377,980,0.0006496790277602434,0.30410354421066865,0.02139840909475383,0.03670630449440258
371,samples/sample_000371.npz,rectangular_body_000371,5,11,5,21,2,4,6,16,2,2,3,7.5,12.5,2.5,20.0,40.0,30.0,60.0,160.0,20.0,75.0,125.0,0.3385376605575223,192,4.1209452694320104e-05,0.10263612986038399,0.0040913948940026045,0.009919184553638763
372,samples/sample_000372.npz,rectangular_body_000372,36,45,23,34,4,6,9,11,2,4,5,40.0,28.0,4.5,40.0,60.0,50.0,90.0,110.0,20.0,400.0,280.0,0.8503371364057841,198,0.0004456328673641441,0.19119401705145705,0.012559989082539096,0.01963229770798385
373,samples/sample_000373.npz,rectangular_body_000373,48,53,10,14,7,14,5,4,7,7,13,50.0,11.5,10.0,70.0,140.0,105.0,50.0,40.0,70.0,500.0,115.0,0.7757885161461189,140,0.00021644111424127616,0.05743134019328726,0.0052671354298802105,0.007541421875004388
374,samples/sample_000374.npz,rectangular_body_000374,39,54,34,40,5,8,15,6,3,5,7,46.0,36.5,6.0,50.0,80.0,65.0,150.0,60.0,30.0,460.0,365.0,0.901959485063887,270,0.0005969328365323626,0.19444171861208276,0.01644978594139559,0.0233261307371155
375,samples/sample_000375.npz,rectangular_body_000375,36,42,2,18,6,13,6,16,7,6,12,38.5,9.5,9.0,60.0,130.0,95.0,60.0,160.0,70.0,385.0,95.0,0.6594562509508131,672,0.0010569917831749539,0.21903816943342103,0.023306255245838802,0.03099981956065672
376,samples/sample_000376.npz,rectangular_body_000376,31,44,26,41,2,9,13,15,7,2,8,37.0,33.0,5.0,20.0,90.0,55.0,130.0,150.0,70.0,370.0,330.0,0.8006917780458849,1365,0.0038716433808887595,0.8952027248566129,0.08082185773834959,0.11279785525864847
377,samples/sample_000377.npz,rectangular_body_000377,17,26,41,50,4,10,9,9,6,4,9,21.0,45.0,6.5,40.0,100.0,70.0,90.0,90.0,60.0,210.0,450.0,0.5447437845687415,486,0.0005932036820942538,0.22889529048291288,0.01745626753531784,0.025339624879501196
378,samples/sample_000378.npz,rectangular_body_000378,11,23,8,17,5,10,12,9,5,5,9,16.5,12.0,7.0,50.0,100.0,75.0,120.0,90.0,50.0,165.0,120.0,0.8820852455976098,540,0.0008081946293037786,0.3349944553421153,0.027544865613527064,0.04241826718908445
379,samples/sample_000379.npz,rectangular_body_000379,27,43,43,54,2,4,16,11,2,2,3,34.5,48.0,2.5,20.0,40.0,30.0,160.0,110.0,20.0,345.0,480.0,0.9597595667381016,352,0.00044037999335224185,0.4158983365130984,0.02584946742325722,0.047872308972696925
380,samples/sample_000380.npz,rectangular_body_000380,25,36,44,48,7,13,11,4,6,7,12,30.0,45.5,9.5,70.0,130.0,100.0,110.0,40.0,60.0,300.0,455.0,0.6441069422589201,264,0.0006643783393127865,0.08719049845972951,0.010222923162437605,0.0115470531339787
381,samples/sample_000381.npz,rectangular_body_000381,42,52,39,54,3,7,10,15,4,3,6,46.5,46.0,4.5,30.0,70.0,50.0,100.0,150.0,40.0,465.0,460.0,0.2865033742690541,600,0.00024584407079501823,0.16378037865746609,0.011753725422262891,0.019557391692968527
382,samples/sample_000382.npz,rectangular_body_000382,19,24,44,59,6,12,5,15,6,6,11,21.0,51.0,8.5,60.0,120.0,90.0,50.0,150.0,60.0,210.0,510.0,0.6187145232367622,450,0.0006285324395403397,0.15279040663508414,0.015541185472364794,0.020864064024817473
383,samples/sample_000383.npz,rectangular_body_000383,5,14,12,24,7,10,9,12,3,7,9,9.0,17.5,8.0,70.0,100.0,85.0,90.0,120.0,30.0,90.0,175.0,0.4126553250275675,324,0.00023582857985615083,0.07708866731557396,0.006988644675785975,0.010490108851270651
384,samples/sample_000384.npz,rectangular_body_000384,26,38,41,54,6,8,12,13,2,6,7,31.5,47.0,6.5,60.0,80.0,70.0,120.0,130.0,20.0,315.0,470.0,0.6742780120460952,312,0.0006126191280161387,0.14009443284826362,0.013867889339786416,0.018494059514216118
385,samples/sample_000385.npz,rectangular_body_000385,7,21,11,25,5,9,14,14,4,5,8,13.5,17.5,6.5,50.0,90.0,70.0,140.0,140.0,40.0,135.0,175.0,0.9106792757326654,784,0.0012453786047342131,0.4427706509314958,0.04317485767416812,0.06289233401345759
386,samples/sample_000386.npz,rectangular_body_000386,14,27,3,19,7,15,13,16,8,7,14,20.0,10.5,10.5,70.0,150.0,110.0,130.0,160.0,80.0,200.0,105.0,0.8451600176022716,1664,0.003481921371321927,0.5100627145573295,0.0692790508949031,0.08344140615446519
387,samples/sample_000387.npz,rectangular_body_000387,44,53,20,24,4,12,9,4,8,4,11,48.0,21.5,7.5,40.0,120.0,80.0,90.0,40.0,80.0,480.0,215.0,0.6281035382871898,288,0.00041225002629423195,0.15122646266187514,0.01118722651674883,0.01618658860894713
388,samples/sample_000388.npz,rectangular_body_000388,19,27,41,56,8,14,8,15,6,8,13,22.5,48.0,10.5,80.0,140.0,110.0,80.0,150.0,60.0,225.0,480.0,0.6120977051006158,720,0.0013648602581740061,0.1713163947071128,0.023978427476329976,0.02645200998819313
389,samples/sample_000389.npz,rectangular_body_000389,5,18,12,22,5,13,13,10,8,5,12,11.0,16.5,8.5,50.0,130.0,90.0,130.0,100.0,80.0,110.0,165.0,0.5463011145762704,1040,0.0010889153914439838,0.31244856398308934,0.03013237921168,0.043282305522556214
390,samples/sample_000390.npz,rectangular_body_000390,31,45,14,22,3,10,14,8,7,3,9,37.5,17.5,6.0,30.0,100.0,65.0,140.0,80.0,70.0,375.0,175.0,0.8660556632691239,784,0.0016276222166834635,0.5753975481026041,0.04624555114195013,0.06685090342827986
391,samples/sample_000391.npz,rectangular_body_000391,4,16,32,38,7,11,12,6,4,7,10,9.5,34.5,8.5,70.0,110.0,90.0,120.0,60.0,40.0,95.0,345.0,0.24639238878913794,288,0.0001786032061430375,0.03985734435980733,0.0038706995863449856,0.005296719522062804
392,samples/sample_000392.npz,rectangular_body_000392,11,16,33,42,5,9,5,9,4,5,8,13.0,37.0,6.5,50.0,90.0,70.0,50.0,90.0,40.0,130.0,370.0,0.9902477274390338,180,0.0003864386764233814,0.161819444758586,0.011349712291791512,0.01727562946363473
393,samples/sample_000393.npz,rectangular_body_000393,35,43,30,45,2,10,8,15,8,2,9,38.5,37.0,5.5,20.0,100.0,60.0,80.0,150.0,80.0,385.0,370.0,0.863742494584296,960,0.002501964171376869,0.766438188377909,0.059801863098325345,0.0859907156966381
394,samples/sample_000394.npz,rectangular_body_000394,12,21,41,53,5,7,9,12,2,5,6,16.0,46.5,5.5,50.0,70.0,60.0,90.0,120.0,20.0,160.0,465.0,0.5022714726663857,216,0.00017393246514190428,0.09692047283463073,0.007058687696477309,0.011282641964274004
395,samples/sample_000395.npz,rectangular_body_000395,15,24,12,27,2,10,9,15,8,2,9,19.0,19.0,5.5,20.0,100.0,60.0,90.0,150.0,80.0,190.0,190.0,0.8590554994415078,1080,0.0017790377753831776,0.830128011575556,0.06320995914930012,0.09702138035159355
396,samples/sample_000396.npz,rectangular_body_000396,8,23,37,48,3,10,15,11,7,3,9,15.0,42.0,6.0,30.0,100.0,65.0,150.0,110.0,70.0,150.0,420.0,0.6643696271346302,1155,0.0014670113684789625,0.5733819482541568,0.04978817878490961,0.07367403856734828
397,samples/sample_000397.npz,rectangular_body_000397,51,56,33,43,7,11,5,10,4,7,10,53.0,37.5,8.5,70.0,110.0,90.0,50.0,100.0,40.0,530.0,375.0,0.9545901800588512,200,0.0004501761282947109,0.11376224533553099,0.010556360714833263,0.014597834108963278
398,samples/sample_000398.npz,rectangular_body_000398,55,61,49,62,2,7,6,13,5,2,6,57.5,55.0,4.0,20.0,70.0,45.0,60.0,130.0,50.0,575.0,550.0,0.7087067228446473,390,0.0002006871959809465,0.37746656729563843,0.013772158448569919,0.035104101028489175
399,samples/sample_000399.npz,rectangular_body_000399,31,44,53,62,6,11,13,9,5,6,10,37.0,57.0,8.0,60.0,110.0,85.0,130.0,90.0,50.0,370.0,570.0,0.5329963653451448,585,0.0006148762897776354,0.1801891589154544,0.015661393209325317,0.023662412135754228
400,samples/sample_000400.npz,rectangular_body_000400,19,23,44,52,8,14,4,8,6,8,13,20.5,47.5,10.5,80.0,140.0,110.0,40.0,80.0,60.0,205.0,475.0,0.786518605869515,192,0.00044334559537196065,0.06884352943997026,0.00824977772144167,0.009597532617177563
401,samples/sample_000401.npz,rectangular_body_000401,52,62,32,36,2,10,10,4,8,2,9,56.5,33.5,5.5,20.0,100.0,60.0,100.0,40.0,80.0,565.0,335.0,0.5031663394713132,320,0.00026141542664702525,0.2095106849044142,0.009279377671522279,0.01820541505885522
402,samples/sample_000402.npz,rectangular_body_000402,42,47,44,53,4,8,5,9,4,4,7,44.0,48.0,5.5,40.0,80.0,60.0,50.0,90.0,40.0,440.0,480.0,0.43354287545025444,180,0.00013017401638516714,0.0889854558311618,0.005152827332210661,0.00863046264472057
403,samples/sample_000403.npz,rectangular_body_000403,14,26,4,12,8,11,12,8,3,8,10,19.5,7.5,9.0,80.0,110.0,95.0,120.0,80.0,30.0,195.0,75.0,0.21565806432900284,288,0.00012071794161820999,0.030912764642343098,0.0030379847556713407,0.004355598725416432
404,samples/sample_000404.npz,rectangular_body_000404,15,28,39,48,7,10,13,9,3,7,9,21.0,43.0,8.0,70.0,100.0,85.0,130.0,90.0,30.0,210.0,430.0,0.655977825494131,351,0.0006546864029846587,0.12991636884265362,0.014453464827813017,0.01757676989936432
405,samples/sample_000405.npz,rectangular_body_000405,25,38,52,60,5,9,13,8,4,5,8,31.0,55.5,6.5,50.0,90.0,70.0,130.0,80.0,40.0,310.0,555.0,0.5919073841731999,416,0.0004906594604733298,0.18532276065637254,0.013956811218632022,0.022498028837267946
406,samples/sample_000406.npz,rectangular_body_000406,38,43,13,29,3,8,5,16,5,3,7,40.0,20.5,5.0,30.0,80.0,55.0,50.0,160.0,50.0,400.0,205.0,0.21008842483278445,400,0.00018233896788718413,0.08389342937108213,0.0060008007666243176,0.009163843988772034
407,samples/sample_000407.npz,rectangular_body_000407,12,26,31,36,5,7,14,5,2,5,6,18.5,33.0,5.5,50.0,70.0,60.0,140.0,50.0,20.0,185.0,330.0,0.32256682372431683,140,0.00012320909205525805,0.04164546696557686,0.003168640543046895,0.004633643115518313
408,samples/sample_000408.npz,rectangular_body_000408,44,60,20,26,5,13,16,6,8,5,12,51.5,22.5,8.5,50.0,130.0,90.0,160.0,60.0,80.0,515.0,225.0,0.8352757934058033,768,0.001484860913082837,0.3509374670901493,0.03575712514481533,0.048104511707046695
409,samples/sample_000409.npz,rectangular_body_000409,7,15,44,59,2,10,8,15,8,2,9,10.5,51.0,5.5,20.0,100.0,60.0,80.0,150.0,80.0,105.0,510.0,0.21014345627864844,960,0.00023819147922334545,0.18646990235551653,0.01153358066860712,0.0216466599385143
410,samples/sample_000410.npz,rectangular_body_000410,38,50,13,23,4,8,12,10,4,4,7,43.5,17.5,5.5,40.0,80.0,60.0,120.0,100.0,40.0,435.0,175.0,0.30070250929708897,480,0.00026781363209829297,0.12754102326378564,0.00974557433958706,0.014909828718299429
411,samples/sample_000411.npz,rectangular_body_000411,25,37,4,8,2,6,12,4,4,2,5,30.5,5.5,3.5,20.0,60.0,40.0,120.0,40.0,40.0,305.0,55.0,0.37354739383965285,192,8.23627297958243e-05,0.12143543075746403,0.004408453453061295,0.010086395613488362
412,samples/sample_000412.npz,rectangular_body_000412,26,36,23,32,7,9,10,9,2,7,8,30.5,27.0,7.5,70.0,90.0,80.0,100.0,90.0,20.0,305.0,270.0,0.2021828894095138,180,0.00018430577140931184,0.023728388208703464,0.0024750960581008253,0.002915037165799647
413,samples/sample_000413.npz,rectangular_body_000413,51,60,28,42,5,10,9,14,5,5,9,55.0,34.5,7.0,50.0,100.0,75.0,90.0,140.0,50.0,550.0,345.0,0.8990083770992705,630,0.0011507697580438784,0.3760243680336224,0.031767677171855226,0.04852881035566056
414,samples/sample_000414.npz,rectangular_body_000414,31,43,35,50,7,15,12,15,8,7,14,36.5,42.0,10.5,70.0,150.0,110.0,120.0,150.0,80.0,365.0,420.0,0.3241290269433445,1440,0.002054199008815853,0.17579485696065886,0.027460925656213442,0.026899368111715834
415,samples/sample_000415.npz,rectangular_body_000415,6,16,13,21,7,15,10,8,8,7,14,10.5,16.5,10.5,70.0,150.0,110.0,100.0,80.0,80.0,105.0,165.0,0.439146502862248,640,0.0006254756368282144,0.12385008315923857,0.013609450948053638,0.017959959437102054
416,samples/sample_000416.npz,rectangular_body_000416,51,59,36,45,6,14,8,9,8,6,13,54.5,40.0,9.5,60.0,140.0,100.0,80.0,90.0,80.0,545.0,400.0,0.8252370179511368,576,0.0010857294060378935,0.25184665653473215,0.02412141656483103,0.03325406863419075
417,samples/sample_000417.npz,rectangular_body_000417,30,45,30,37,6,11,15,7,5,6,10,37.0,33.0,8.0,60.0,110.0,85.0,150.0,70.0,50.0,370.0,330.0,0.21134271803286275,525,0.0005563866413887122,0.06318350326710939,0.007381147941069485,0.00827012195154726
418,samples/sample_000418.npz,rectangular_body_000418,23,36,31,47,7,15,13,16,8,7,14,29.0,38.5,10.5,70.0,150.0,110.0,130.0,160.0,80.0,290.0,385.0,0.5609443448135512,1664,0.005192334317919628,0.3385356375323815,0.056237614258556064,0.05211781846245299
419,samples/sample_000419.npz,rectangular_body_000419,48,56,2,11,5,8,8,9,3,5,7,51.5,6.0,6.0,50.0,80.0,65.0,80.0,90.0,30.0,515.0,60.0,0.41957986452536505,216,9.899513105604684e-05,0.08361852256839082,0.004431676215858144,0.00898317216022797
420,samples/sample_000420.npz,rectangular_body_000420,22,35,29,45,5,11,13,16,6,5,10,28.0,36.5,7.5,50.0,110.0,80.0,130.0,160.0,60.0,280.0,365.0,0.3800568563877542,1248,0.002153864853194929,0.25243391398875015,0.03200802725370894,0.03574250671791252
421,samples/sample_000421.npz,rectangular_body_000421,35,49,15,22,3,6,14,7,3,3,5,41.5,18.0,4.0,30.0,60.0,45.0,140.0,70.0,30.0,415.0,180.0,0.9147633290094612,294,0.0004292913494607426,0.3256340880557831,0.019580923067418314,0.033545088535183704
422,samples/sample_000422.npz,rectangular_body_000422,10,16,31,41,2,6,6,10,4,2,5,12.5,35.5,3.5,20.0,60.0,40.0,60.0,100.0,40.0,125.0,355.0,0.42342203819465435,240,0.00014314368525700878,0.17642512609069572,0.007305679214281293,0.014650311243737578
423,samples/sample_000423.npz,rectangular_body_000423,4,19,34,48,6,12,15,14,6,6,11,11.0,40.5,8.5,60.0,120.0,90.0,150.0,140.0,60.0,110.0,405.0,0.5194297851936738,1260,0.0014954759562127618,0.30253734229293266,0.03593136218699031,0.046459743398626095
424,samples/sample_000424.npz,rectangular_body_000424,33,45,31,45,8,11,12,14,3,8,10,38.5,37.5,9.0,80.0,110.0,95.0,120.0,140.0,30.0,385.0,375.0,0.7866528553092669,504,0.0017235448491432,0.17673693443346372,0.025021076855304254,0.025867763030578916
425,samples/sample_000425.npz,rectangular_body_000425,17,22,30,46,4,12,5,16,8,4,11,19.0,37.5,7.5,40.0,120.0,80.0,50.0,160.0,80.0,190.0,375.0,0.7817372920045089,640,0.0015063718905445659,0.33198134905637045,0.03256157300679703,0.04132673583668514
426,samples/sample_000426.npz,rectangular_body_000426,46,61,21,33,6,12,15,12,6,6,11,53.0,26.5,8.5,60.0,120.0,90.0,150.0,120.0,60.0,530.0,265.0,0.9283226504553199,1080,0.002457211357728765,0.4847376734572858,0.054734786204418955,0.07167089035910607
427,samples/sample_000427.npz,rectangular_body_000427,27,38,7,16,8,14,11,9,6,8,13,32.0,11.0,10.5,80.0,140.0,110.0,110.0,90.0,60.0,320.0,110.0,0.263656390702372,594,0.0005226271939356975,0.06477295387366319,0.008204906505773388,0.009576570697541661
428,samples/sample_000428.npz,rectangular_body_000428,35,50,6,19,5,9,15,13,4,5,8,42.0,12.0,6.5,50.0,90.0,70.0,150.0,130.0,40.0,420.0,120.0,0.25232017717556093,780,0.0003614671576157889,0.1224195715067363,0.011923244451406394,0.017252689402769514
429,samples/sample_000429.npz,rectangular_body_000429,29,45,17,31,3,8,16,14,5,3,7,36.5,23.5,5.0,30.0,80.0,55.0,160.0,140.0,50.0,365.0,235.0,0.9384024551434884,1120,0.002939291084849564,0.7756530906185917,0.07663131472481803,0.10450209712768782
430,samples/sample_000430.npz,rectangular_body_000430,16,24,19,25,4,10,8,6,6,4,9,19.5,21.5,6.5,40.0,100.0,70.0,80.0,60.0,60.0,195.0,215.0,0.572326344208516,288,0.00039481468515571857,0.15782230944304,0.011037535411003246,0.01614881854735854
431,samples/sample_000431.npz,rectangular_body_000431,50,60,49,58,7,9,10,9,2,7,8,54.5,53.0,7.5,70.0,90.0,80.0,100.0,90.0,20.0,545.0,530.0,0.9215554754229345,180,0.00022318344482625743,0.10815468019406829,0.007851597814267253,0.013815243890760312
432,samples/sample_000432.npz,rectangular_body_000432,35,43,52,59,3,5,8,7,2,3,4,38.5,55.0,3.5,30.0,50.0,40.0,80.0,70.0,20.0,385.0,550.0,0.7811988803087455,112,9.60125170418279e-05,0.15429942456031437,0.005737254151456855,0.012577305559827437
433,samples/sample_000433.npz,rectangular_body_000433,12,28,34,44,7,9,16,10,2,7,8,19.5,38.5,7.5,70.0,90.0,80.0,160.0,100.0,20.0,195.0,385.0,0.6913400198225484,320,0.0006670286973152947,0.12134613888480128,0.014284804487566588,0.01711213761757718
434,samples/sample_000434.npz,rectangular_body_000434,24,34,15,27,3,8,10,12,5,3,7,28.5,20.5,5.0,30.0,80.0,55.0,100.0,120.0,50.0,285.0,205.0,0.5922204950511614,600,0.0009314605518538079,0.3513924290402509,0.025745558691781988,0.03881987812937083
435,samples/sample_000435.npz,rectangular_body_000435,18,34,48,54,4,8,16,6,4,4,7,25.5,50.5,5.5,40.0,80.0,60.0,160.0,60.0,40.0,255.0,505.0,0.5277638828293317,384,0.00037586413175345434,0.17405236837167853,0.013288465711406485,0.020724523927118592
436,samples/sample_000436.npz,rectangular_body_000436,35,50,24,33,8,12,15,9,4,8,11,42.0,28.0,9.5,80.0,120.0,100.0,150.0,90.0,40.0,420.0,280.0,0.3126353765488687,540,0.0007272093303190036,0.07307620641040827,0.01033634021606027,0.010679677721655822
437,samples/sample_000437.npz,rectangular_body_000437,31,39,23,39,4,8,8,16,4,4,7,34.5,30.5,5.5,40.0,80.0,60.0,80.0,160.0,40.0,345.0,305.0,0.7737800451645176,512,0.001717956172746732,0.32325814050723184,0.028926173386951436,0.03879848448790141
438,samples/sample_000438.npz,rectangular_body_000438,52,60,22,37,6,10,8,15,4,6,9,55.5,29.0,7.5,60.0,100.0,80.0,80.0,150.0,40.0,555.0,290.0,0.7253384418588682,480,0.0007409415747090624,0.2079304983792573,0.01885280755417308,0.027894125826413107
439,samples/sample_000439.npz,rectangular_body_000439,45,60,38,44,2,6,15,6,4,2,5,52.0,40.5,3.5,20.0,60.0,40.0,150.0,60.0,40.0,520.0,405.0,0.5372151522358461,360,0.00022624816372406682,0.2632829473608779,0.013237890832859128,0.02609874543949647
440,samples/sample_000440.npz,rectangular_body_000440,15,24,42,54,4,11,9,12,7,4,10,19.0,47.5,7.0,40.0,110.0,75.0,90.0,120.0,70.0,190.0,475.0,0.4932605548462191,756,0.0007635807855113526,0.2734994182430787,0.023174857775388476,0.033428747038195206
441,samples/sample_000441.npz,rectangular_body_000441,29,44,29,36,7,10,15,7,3,7,9,36.0,32.0,8.0,70.0,100.0,85.0,150.0,70.0,30.0,360.0,320.0,0.6994560891584871,315,0.0012052175714426228,0.12249184935745146,0.014693229204481137,0.016226357979477638
442,samples/sample_000442.npz,rectangular_body_000442,34,47,16,20,3,5,13,4,2,3,4,40.0,17.5,3.5,30.0,50.0,40.0,130.0,40.0,20.0,400.0,175.0,0.9104269377863292,104,0.0001415897174374994,0.14597567146912038,0.007059460148611967,0.013076078654524316
443,samples/sample_000443.npz,rectangular_body_000443,39,51,43,52,4,10,12,9,6,4,9,44.5,47.0,6.5,40.0,100.0,70.0,120.0,90.0,60.0,445.0,470.0,0.5669255990716129,648,0.0007112097791953789,0.288738795825771,0.023353370125945103,0.0345964490337067
444,samples/sample_000444.npz,rectangular_body_000444,11,21,34,40,5,9,10,6,4,5,8,15.5,36.5,6.5,50.0,90.0,70.0,100.0,60.0,40.0,155.0,365.0,0.39800444080404723,240,0.00023242651295911007,0.08200293360595085,0.006267333253891144,0.009094922561583835
445,samples/sample_000445.npz,rectangular_body_000445,12,16,43,50,4,10,4,7,6,4,9,13.5,46.0,6.5,40.0,100.0,70.0,40.0,70.0,60.0,135.0,460.0,0.7246848909783559,168,0.00020609849484331486,0.12561510160726008,0.007476850297451129,0.012336484423548793
446,samples/sample_000446.npz,rectangular_body_000446,29,45,2,11,7,12,16,9,5,7,11,36.5,6.0,9.0,70.0,120.0,95.0,160.0,90.0,50.0,365.0,60.0,0.4870567154309393,720,0.0007691040340882525,0.1611285930424754,0.016894118467720345,0.023404391724604078
447,samples/sample_000447.npz,rectangular_body_000447,2,13,39,47,4,8,11,8,4,4,7,7.0,42.5,5.5,40.0,80.0,60.0,110.0,80.0,40.0,70.0,425.0,0.5434582464349951,352,0.0002549749443444531,0.1866594136807354,0.010816129515304683,0.020073059257522438
448,samples/sample_000448.npz,rectangular_body_000448,40,54,2,14,6,9,14,12,3,6,8,46.5,7.5,7.0,60.0,90.0,75.0,140.0,120.0,30.0,465.0,75.0,0.7511212929935864,504,0.0005598930193764556,0.22745024230626276,0.019503129624020284,0.03156751828536915
449,samples/sample_000449.npz,rectangular_body_000449,6,14,21,31,7,12,8,10,5,7,11,9.5,25.5,9.0,70.0,120.0,95.0,80.0,100.0,50.0,95.0,255.0,0.991799094182706,400,0.0009625874473162051,0.21040890349094557,0.02118584618469853,0.028485269800570995
450,samples/sample_000450.npz,rectangular_body_000450,21,30,41,51,3,8,9,10,5,3,7,25.0,45.5,5.0,30.0,80.0,55.0,90.0,100.0,50.0,250.0,455.0,0.8452482301553059,450,0.0007830504009112506,0.42283370319292135,0.026888375706985664,0.043159949399695356
451,samples/sample_000451.npz,rectangular_body_000451,36,43,48,57,6,13,7,9,7,6,12,39.0,52.0,9.0,60.0,130.0,95.0,70.0,90.0,70.0,390.0,520.0,0.7482315196018712,441,0.0008111725805689015,0.18982352063476074,0.018155906767615783,0.02436281842690141
452,samples/sample_000452.npz,rectangular_body_000452,15,28,37,47,5,9,13,10,4,5,8,21.0,41.5,6.5,50.0,90.0,70.0,130.0,100.0,40.0,210.0,415.0,0.5806054362460584,520,0.0007710350201015968,0.2160973330979124,0.020278129527710208,0.02712574375901873
453,samples/sample_000453.npz,rectangular_body_000453,25,39,35,47,6,12,14,12,6,6,11,31.5,40.5,8.5,60.0,120.0,90.0,140.0,120.0,60.0,315.0,405.0,0.5956389732063034,1008,0.0028492791043367893,0.2968859063256347,0.03867289719909284,0.04192174541294873
454,samples/sample_000454.npz,rectangular_body_000454,40,46,50,61,2,8,6,11,6,2,7,42.5,55.0,4.5,20.0,80.0,50.0,60.0,110.0,60.0,425.0,550.0,0.7560702542927682,396,0.0003544879142831891,0.4115304877779246,0.018372161823159025,0.037531059251498175
455,samples/sample_000455.npz,rectangular_body_000455,40,51,2,9,2,9,11,7,7,2,8,45.0,5.0,5.0,20.0,90.0,55.0,110.0,70.0,70.0,450.0,50.0,0.2894138458678411,539,0.00016920632954819177,0.19127668093414635,0.008403667279060044,0.01792612449938167
456,samples/sample_000456.npz,rectangular_body_000456,21,34,30,43,8,13,13,13,5,8,12,27.0,36.0,10.0,80.0,130.0,105.0,130.0,130.0,50.0,270.0,360.0,0.2827657670020758,845,0.0013131295537022487,0.09467630801102477,0.014734275080986339,0.014046565532258472
457,samples/sample_000457.npz,rectangular_body_000457,47,56,17,32,5,8,9,15,3,5,7,51.0,24.0,6.0,50.0,80.0,65.0,90.0,150.0,30.0,510.0,240.0,0.2057312981236633,405,0.00015586875434727936,0.062222662211419796,0.005262359304229331,0.007923916909666704
458,samples/sample_000458.npz,rectangular_body_000458,51,59,43,53,8,11,8,10,3,8,10,54.5,47.5,9.0,80.0,110.0,95.0,80.0,100.0,30.0,545.0,475.0,0.4513462102813877,240,0.00019550561123721886,0.056028418636296096,0.005248836041623587,0.007783701833948333
459,samples/sample_000459.npz,rectangular_body_000459,17,28,8,16,8,14,11,8,6,8,13,22.0,11.5,10.5,80.0,140.0,110.0,110.0,80.0,60.0,220.0,115.0,0.717596288713876,528,0.0010159657096292887,0.15853281900198746,0.01955115473532366,0.023529708987474657
460,samples/sample_000460.npz,rectangular_body_000460,38,51,23,38,6,8,13,15,2,6,7,44.0,30.0,6.5,60.0,80.0,70.0,130.0,150.0,20.0,440.0,300.0,0.24594474373964925,390,0.0003046071038227732,0.058805337185115276,0.006487692145741823,0.008132063387358874
461,samples/sample_000461.npz,rectangular_body_000461,15,25,49,57,5,13,10,8,8,5,12,19.5,52.5,8.5,50.0,130.0,90.0,100.0,80.0,80.0,195.0,525.0,0.590281469719621,640,0.0007707889346523206,0.2331172546425858,0.020530818176993586,0.029623105436431776
462,samples/sample_000462.npz,rectangular_body_000462,20,24,47,62,5,13,4,15,8,5,12,21.5,54.0,8.5,50.0,130.0,90.0,40.0,150.0,80.0,215.0,540.0,0.8378234009253662,480,0.000828748634363597,0.23258841151991214,0.021133275504948208,0.03046224341761837
463,samples/sample_000463.npz,rectangular_body_000463,37,50,27,40,8,11,13,13,3,8,10,43.0,33.0,9.0,80.0,110.0,95.0,130.0,130.0,30.0,430.0,330.0,0.8911703468401846,507,0.0019159564926344492,0.20228419827092275,0.02804741321456444,0.02974410498091346
464,samples/sample_000464.npz,rectangular_body_000464,10,21,5,14,7,12,11,9,5,7,11,15.0,9.0,9.0,70.0,120.0,95.0,110.0,90.0,50.0,150.0,90.0,0.21133258429818824,495,0.00018919149471283364,0.05374185868697268,0.005100631451942008,0.007526270829219559
465,samples/sample_000465.npz,rectangular_body_000465,11,21,12,27,4,6,10,15,2,4,5,15.5,19.0,4.5,40.0,60.0,50.0,100.0,150.0,20.0,155.0,190.0,0.8933957877778471,300,0.0003953443573430479,0.2503693157137966,0.018415600596488835,0.030158748484945038
466,samples/sample_000466.npz,rectangular_body_000466,40,55,26,41,6,10,15,15,4,6,9,47.0,33.0,7.5,60.0,100.0,80.0,150.0,150.0,40.0,470.0,330.0,0.9248373283387281,900,0.0026023296638387,0.4237028931012998,0.052533376586383906,0.06318989234722275
467,samples/sample_000467.npz,rectangular_body_000467,47,59,32,40,2,7,12,8,5,2,6,52.5,35.5,4.0,20.0,70.0,45.0,120.0,80.0,50.0,525.0,355.0,0.766185004648491,480,0.0005291098474465486,0.48376803486670433,0.024857858723502897,0.04757348851407234
468,samples/sample_000468.npz,rectangular_body_000468,19,24,24,36,6,14,5,12,8,6,13,21.0,29.5,9.5,60.0,140.0,100.0,50.0,120.0,80.0,210.0,295.0,0.8096885987257403,480,0.0017285174915620742,0.20219550001372774,0.024037683997365472,0.026250769622676057
469,samples/sample_000469.npz,rectangular_body_000469,23,35,25,39,7,15,12,14,8,7,14,28.5,31.5,10.5,70.0,150.0,110.0,120.0,140.0,80.0,285.0,315.0,0.3256019665527752,1344,0.0031684213487932055,0.16787550625641218,0.026791831787777477,0.024737694199590064
470,samples/sample_000470.npz,rectangular_body_000470,32,37,7,18,2,9,5,11,7,2,8,34.0,12.0,5.0,20.0,90.0,55.0,50.0,110.0,70.0,340.0,120.0,0.7072032847103074,385,0.0005067439740446763,0.35954184175396475,0.018217275842477735,0.032535115981932324
471,samples/sample_000471.npz,rectangular_body_000471,39,47,32,48,3,6,8,16,3,3,5,42.5,39.5,4.0,30.0,60.0,45.0,80.0,160.0,30.0,425.0,395.0,0.6847876333625573,384,0.0004947443971761677,0.2806747982876863,0.019533731163701693,0.03148638649646647
472,samples/sample_000472.npz,rectangular_body_000472,38,43,36,42,8,11,5,6,3,8,10,40.0,38.5,9.0,80.0,110.0,95.0,50.0,60.0,30.0,400.0,385.0,0.20591182702988214,90,7.212095896883108e-05,0.010649556327236076,0.0011661022840324072,0.0013241492254707223
473,samples/sample_000473.npz,rectangular_body_000473,41,56,14,29,5,9,15,15,4,5,8,48.0,21.0,6.5,50.0,90.0,70.0,150.0,150.0,40.0,480.0,210.0,0.5145206303520617,900,0.0009479870474969475,0.271896237630547,0.02924454142167615,0.0396549993673319
474,samples/sample_000474.npz,rectangular_body_000474,47,62,34,40,6,13,15,6,7,6,12,54.0,36.5,9.0,60.0,130.0,95.0,150.0,60.0,70.0,540.0,365.0,0.9103422504531367,630,0.0014121396965343193,0.291017297392988,0.0300468664112873,0.040304427292022466
475,samples/sample_000475.npz,rectangular_body_000475,31,35,36,41,2,9,4,5,7,2,8,32.5,38.0,5.0,20.0,90.0,55.0,40.0,50.0,70.0,325.0,380.0,0.5716542306861375,140,0.0002695887247299218,0.14236903403772466,0.005940734323649397,0.010029181925686899
476,samples/sample_000476.npz,rectangular_body_000476,13,23,23,34,4,6,10,11,2,4,5,17.5,28.0,4.5,40.0,60.0,50.0,100.0,110.0,20.0,175.0,280.0,0.8823248728458906,220,0.00040866782321068325,0.21170461907577537,0.01404587786018846,0.022590223639624547
477,samples/sample_000477.npz,rectangular_body_000477,5,19,43,52,4,8,14,9,4,4,7,11.5,47.0,5.5,40.0,80.0,60.0,140.0,90.0,40.0,115.0,470.0,0.8602604637656712,504,0.0005942033486167138,0.37000384176088064,0.026317329060128958,0.04479784636605641
478,samples/sample_000478.npz,rectangular_body_000478,40,53,26,32,6,11,13,6,5,6,10,46.0,28.5,8.0,60.0,110.0,85.0,130.0,60.0,50.0,460.0,285.0,0.5716903981579067,390,0.0007219649937725498,0.13549433309400488,0.014028873166221206,0.017405884626476544
479,samples/sample_000479.npz,rectangular_body_000479,28,34,5,19,7,14,6,14,7,7,13,30.5,11.5,10.0,70.0,140.0,105.0,60.0,140.0,70.0,305.0,115.0,0.20853482627828335,588,0.00039971473153161156,0.054365717493104225,0.0065861551370409825,0.00786475261460655
480,samples/sample_000480.npz,rectangular_body_000480,50,60,3,17,2,9,10,14,7,2,8,54.5,9.5,5.0,20.0,90.0,55.0,100.0,140.0,70.0,545.0,95.0,0.4176842022431137,980,0.00039656175942387266,0.39035542390897915,0.021793690102950576,0.045398509781492104
481,samples/sample_000481.npz,rectangular_body_000481,28,36,38,48,7,9,8,10,2,7,8,31.5,42.5,7.5,70.0,90.0,80.0,80.0,100.0,20.0,315.0,425.0,0.3627184633664139,160,0.0002279307412869495,0.0384978434840768,0.003843016277731515,0.0047367544161061184
482,samples/sample_000482.npz,rectangular_body_000482,35,44,55,61,3,10,9,6,7,3,9,39.0,57.5,6.0,30.0,100.0,65.0,90.0,60.0,70.0,390.0,575.0,0.5938732441491112,378,0.0003289469850859272,0.24310672442986248,0.012147042917573559,0.02317754476713494
483,samples/sample_000483.npz,rectangular_body_000483,19,29,30,44,8,13,10,14,5,8,12,23.5,36.5,10.0,80.0,130.0,105.0,100.0,140.0,50.0,235.0,365.0,0.23537409625117267,700,0.0007700643370443787,0.06720098820139457,0.010027691196453605,0.009901679057566682
484,samples/sample_000484.npz,rectangular_body_000484,12,19,15,25,5,12,7,10,7,5,11,15.0,19.5,8.0,50.0,120.0,85.0,70.0,100.0,70.0,150.0,195.0,0.6058340754582439,490,0.0006714624085213357,0.2001494139064617,0.017721731350056728,0.02440260439341185
485,samples/sample_000485.npz,rectangular_body_000485,38,54,42,58,5,9,16,16,4,5,8,45.5,49.5,6.5,50.0,90.0,70.0,160.0,160.0,40.0,455.0,495.0,0.957242072042549,1024,0.0017182958079516213,0.541553157358184,0.05888781152844351,0.08311549669844005
486,samples/sample_000486.npz,rectangular_body_000486,15,31,28,42,6,9,16,14,3,6,8,22.5,34.5,7.0,60.0,90.0,75.0,160.0,140.0,30.0,225.0,345.0,0.5915232119731689,672,0.00148283754885579,0.21479422227897155,0.02687922723164282,0.03110307620571848
487,samples/sample_000487.npz,rectangular_body_000487,36,47,25,34,3,7,11,9,4,3,6,41.0,29.0,4.5,30.0,70.0,50.0,110.0,90.0,40.0,410.0,290.0,0.7659968940768513,396,0.0007976417096813551,0.35418678807006543,0.022569563798238875,0.035814372885492725
488,samples/sample_000488.npz,rectangular_body_000488,29,42,3,7,2,7,13,4,5,2,6,35.0,4.5,4.0,20.0,70.0,45.0,130.0,40.0,50.0,350.0,45.0,0.31216451569906956,260,9.312157115140898e-05,0.11883501847494624,0.004666486608382044,0.010407078238501748
489,samples/sample_000489.npz,rectangular_body_000489,54,61,22,30,2,9,7,8,7,2,8,57.0,25.5,5.0,20.0,90.0,55.0,70.0,80.0,70.0,570.0,255.0,0.8575387846652047,392,0.0004527534580497279,0.46871635857607674,0.019464378485248155,0.0401845649759815
490,samples/sample_000490.npz,rectangular_body_000490,33,45,52,60,4,9,12,8,5,4,8,38.5,55.5,6.0,40.0,90.0,65.0,120.0,80.0,50.0,385.0,555.0,0.993257167571491,480,0.0007631785110367422,0.4135099786962834,0.02738962794016854,0.04714854461852056
491,samples/sample_000491.npz,rectangular_body_000491,9,15,48,57,6,12,6,9,6,6,11,11.5,52.0,8.5,60.0,120.0,90.0,60.0,90.0,60.0,115.0,520.0,0.8346908351103428,324,0.00044824495949547514,0.16847587676216313,0.013462719655307546,0.021335041310569253
492,samples/sample_000492.npz,rectangular_body_000492,39,43,37,51,3,9,4,14,6,3,8,40.5,43.5,5.5,30.0,90.0,60.0,40.0,140.0,60.0,405.0,435.0,0.20605537655574802,336,0.00015205056452708972,0.07013204790928268,0.004823526843887286,0.0073657436402482365
493,samples/sample_000493.npz,rectangular_body_000493,30,46,2,11,8,12,16,9,4,8,11,37.5,6.0,9.5,80.0,120.0,100.0,160.0,90.0,40.0,375.0,60.0,0.539508916805949,576,0.0006956376250395976,0.13149358821972493,0.01461174847489359,0.01964354848024449
494,samples/sample_000494.npz,rectangular_body_000494,23,32,26,35,6,10,9,9,4,6,9,27.0,30.0,7.5,60.0,100.0,80.0,90.0,90.0,40.0,270.0,300.0,0.3507058918603136,324,0.000562297970414448,0.07769351262218208,0.007732374791020636,0.009244634903607697
495,samples/sample_000495.npz,rectangular_body_000495,6,10,40,53,6,13,4,13,7,6,12,7.5,46.0,9.0,60.0,130.0,95.0,40.0,130.0,70.0,75.0,460.0,0.7799148127091096,364,0.0005150034030168175,0.15483129955210237,0.013701386304962192,0.02065931328807389
496,samples/sample_000496.npz,rectangular_body_000496,10,23,24,29,4,7,13,5,3,4,6,16.0,26.0,5.0,40.0,70.0,55.0,130.0,50.0,30.0,160.0,260.0,0.27945419759864243,195,0.00010974999905713145,0.05881500434809751,0.0037985039957171077,0.006096990626299412
497,samples/sample_000497.npz,rectangular_body_000497,27,40,21,35,4,12,13,14,8,4,11,33.0,27.5,7.5,40.0,120.0,80.0,130.0,140.0,80.0,330.0,275.0,0.5828963611978588,1456,0.004329057916731294,0.49308100795479476,0.057689442591031696,0.06619379016137135
498,samples/sample_000498.npz,rectangular_body_000498,34,50,14,28,7,13,16,14,6,7,12,41.5,20.5,9.5,70.0,130.0,100.0,160.0,140.0,60.0,415.0,205.0,0.3257523080293681,1344,0.0014844626723396084,0.1726800488146411,0.025959985816972883,0.027322431047864415
499,samples/sample_000499.npz,rectangular_body_000499,12,18,6,18,2,6,6,12,4,2,5,14.5,11.5,3.5,20.0,60.0,40.0,60.0,120.0,40.0,145.0,115.0,0.9400228725959769,288,0.00025461851501488953,0.42495101100775345,0.01798381481838723,0.03834239608446438
500,samples/sample_000500.npz,rectangular_body_000500,51,55,25,36,8,15,4,11,7,8,14,52.5,30.0,11.0,80.0,150.0,115.0,40.0,110.0,70.0,525.0,300.0,0.3681131252764252,308,0.0003728027470148162,0.04656252388838003,0.005791756980111737,0.00676319665309946
501,samples/sample_000501.npz,rectangular_body_000501,47,52,45,54,6,12,5,9,6,6,11,49.0,49.0,8.5,60.0,120.0,90.0,50.0,90.0,60.0,490.0,490.0,0.6253856070991004,270,0.00032856352184819934,0.10707111246929006,0.009207011496653424,0.013370867416692349
502,samples/sample_000502.npz,rectangular_body_000502,30,34,16,20,4,9,4,4,5,4,8,31.5,17.5,6.0,40.0,90.0,65.0,40.0,40.0,50.0,315.0,175.0,0.5367094321244399,80,0.0001231935834686468,0.051791377792393206,0.002957897518998041,0.004583158273691441
503,samples/sample_000503.npz,rectangular_body_000503,40,49,54,59,7,9,9,5,2,7,8,44.0,56.0,7.5,70.0,90.0,80.0,90.0,50.0,20.0,440.0,560.0,0.9223726822011269,90,0.00013508068735434292,0.05958227362271246,0.00428129431610268,0.00703589135345239
504,samples/sample_000504.npz,rectangular_body_000504,47,52,19,34,5,9,5,15,4,5,8,49.0,26.0,6.5,50.0,90.0,70.0,50.0,150.0,40.0,490.0,260.0,0.23397286450087043,300,0.00015870398030309082,0.052943139930391306,0.004518535843382021,0.00644569441965395
505,samples/sample_000505.npz,rectangular_body_000505,31,36,23,35,8,16,5,12,8,8,15,33.0,28.5,11.5,80.0,160.0,120.0,50.0,120.0,80.0,330.0,285.0,0.4994810018238613,480,0.0017217089458422133,0.0909401776566213,0.014206273382303108,0.01281702912173046
506,samples/sample_000506.npz,rectangular_body_000506,10,18,22,31,4,12,8,9,8,4,11,13.5,26.0,7.5,40.0,120.0,80.0,80.0,90.0,80.0,135.0,260.0,0.23898751306789068,576,0.00033939082976972777,0.10574554368255126,0.008485296118616223,0.012048217725746933
507,samples/sample_000507.npz,rectangular_body_000507,27,40,27,35,5,13,13,8,8,5,12,33.0,30.5,8.5,50.0,130.0,90.0,130.0,80.0,80.0,330.0,305.0,0.33239658872140276,832,0.0017482137364190767,0.15860886155375856,0.018259250928114538,0.020114107969901054
508,samples/sample_000508.npz,rectangular_body_000508,51,58,54,61,3,9,7,7,6,3,8,54.0,57.0,5.5,30.0,90.0,60.0,70.0,70.0,60.0,540.0,570.0,0.22968057353148197,294,6.44131560245085e-05,0.08306307368753228,0.0032700121523921853,0.007483484940304882
509,samples/sample_000509.npz,rectangular_body_000509,22,38,33,42,7,10,16,9,3,7,9,29.5,37.0,8.0,70.0,100.0,85.0,160.0,90.0,30.0,295.0,370.0,0.5896529355006255,432,0.001255437728349299,0.13321699164382245,0.0169105154063542,0.018411094710267237
510,samples/sample_000510.npz,rectangular_body_000510,25,39,43,57,5,7,14,14,2,5,6,31.5,49.5,5.5,50.0,70.0,60.0,140.0,140.0,20.0,315.0,495.0,0.31102336386489987,392,0.00028163044468017587,0.08700619793093733,0.008086244502673059,0.011745134852397138
511,samples/sample_000511.npz,rectangular_body_000511,21,25,37,41,8,14,4,4,6,8,13,22.5,38.5,10.5,80.0,140.0,110.0,40.0,40.0,60.0,225.0,385.0,0.9959708295933525,96,0.0004090492511342296,0.045521076972366945,0.005686813233552971,0.005952901274216182
512,samples/sample_000512.npz,rectangular_body_000512,20,31,15,22,6,8,11,7,2,6,7,25.0,18.0,6.5,60.0,80.0,70.0,110.0,70.0,20.0,250.0,180.0,0.9259319727849817,154,0.0003649926906933152,0.11415937753131254,0.009543598855601718,0.013211215764818336
513,samples/sample_000513.npz,rectangular_body_000513,13,18,34,42,7,10,5,8,3,7,9,15.0,37.5,8.0,70.0,100.0,85.0,50.0,80.0,30.0,150.0,375.0,0.8253846157307698,120,0.00026857151911607944,0.06642870948095861,0.006084476089509122,0.008015347049888056
514,samples/sample_000514.npz,rectangular_body_000514,3,11,9,21,2,9,8,12,7,2,8,6.5,14.5,5.0,20.0,90.0,55.0,80.0,120.0,70.0,65.0,145.0,0.4765289166125758,672,0.0003334645097190742,0.35875768748715964,0.017625169365100835,0.03680704608976696
515,samples/sample_000515.npz,rectangular_body_000515,31,46,33,48,8,12,15,15,4,8,11,38.0,40.0,9.5,80.0,120.0,100.0,150.0,150.0,40.0,380.0,400.0,0.3763551204477902,900,0.0014292793716027738,0.13162314209099799,0.02074266461259458,0.02054482546456844
516,samples/sample_000516.npz,rectangular_body_000516,34,49,13,20,7,9,15,7,2,7,8,41.0,16.0,7.5,70.0,90.0,80.0,150.0,70.0,20.0,410.0,160.0,0.9073154556809881,210,0.00046181754108464535,0.11408568066757194,0.011841845030958675,0.015363693271918144
517,samples/sample_000517.npz,rectangular_body_000517,16,25,11,20,5,7,9,9,2,5,6,20.0,15.0,5.5,50.0,70.0,60.0,90.0,90.0,20.0,200.0,150.0,0.5936596550282052,162,0.0001659737834215977,0.09492558859617051,0.006371155123717347,0.01023069578819214
518,samples/sample_000518.npz,rectangular_body_000518,28,43,2,14,7,9,15,12,2,7,8,35.0,7.5,7.5,70.0,90.0,80.0,150.0,120.0,20.0,350.0,75.0,0.35363900544852706,360,0.0002664364025652072,0.06869514054800419,0.006815697912309793,0.009822961908298223
519,samples/sample_000519.npz,rectangular_body_000519,6,22,18,30,7,13,16,12,6,7,12,13.5,23.5,9.5,70.0,130.0,100.0,160.0,120.0,60.0,135.0,235.0,0.42143967619140493,1152,0.0013631939994254683,0.19907863894939237,0.026906637243123994,0.031270018954578815
520,samples/sample_000520.npz,rectangular_body_000520,10,26,25,38,8,11,16,13,3,8,10,17.5,31.0,9.0,80.0,110.0,95.0,160.0,130.0,30.0,175.0,310.0,0.3056079098195601,624,0.0007553825425215614,0.08002403208598899,0.011539656384133946,0.012378764867829076
521,samples/sample_000521.npz,rectangular_body_000521,3,17,28,40,3,8,14,12,5,3,7,9.5,33.5,5.0,30.0,80.0,55.0,140.0,120.0,50.0,95.0,335.0,0.6070123556796079,840,0.0008783403180508333,0.43478913642893924,0.0321097357993275,0.05401128903746776
522,samples/sample_000522.npz,rectangular_body_000522,40,54,46,55,8,16,14,9,8,8,15,46.5,50.0,11.5,80.0,160.0,120.0,140.0,90.0,80.0,465.0,500.0,0.700062267631653,1008,0.0018311114029868892,0.24780966337714216,0.034176358825209655,0.039951651705872594
523,samples/sample_000523.npz,rectangular_body_000523,13,17,26,35,2,5,4,9,3,2,4,14.5,30.0,3.0,20.0,50.0,35.0,40.0,90.0,30.0,145.0,300.0,0.3735156890767337,108,5.957749055097048e-05,0.09025209650787248,0.003036788872225478,0.006421094672295922
524,samples/sample_000524.npz,rectangular_body_000524,32,44,42,48,7,12,12,6,5,7,11,37.5,44.5,9.0,70.0,120.0,95.0,120.0,60.0,50.0,375.0,445.0,0.7028447766571804,360,0.0008612986501831032,0.13261880032830142,0.015477182307220269,0.01780312059751654
525,samples/sample_000525.npz,rectangular_body_000525,50,58,51,60,7,13,8,9,6,7,12,53.5,55.0,9.5,70.0,130.0,100.0,80.0,90.0,60.0,535.0,550.0,0.438744733108525,432,0.0002992683268534499,0.09607938219242303,0.00802749658001101,0.013034620270115878
526,samples/sample_000526.npz,rectangular_body_000526,47,52,57,61,2,10,5,4,8,2,9,49.0,58.5,5.5,20.0,100.0,60.0,50.0,40.0,80.0,490.0,585.0,0.4206099086966944,160,6.96289623011808e-05,0.10961156542786488,0.003382823983349076,0.007860723252426994
527,samples/sample_000527.npz,rectangular_body_000527,47,62,20,36,6,9,15,16,3,6,8,54.0,27.5,7.0,60.0,90.0,75.0,150.0,160.0,30.0,540.0,275.0,0.7190546973564536,720,0.0010806041674957792,0.27292088924283764,0.029258585471920638,0.04110612172164344
528,samples/sample_000528.npz,rectangular_body_000528,18,28,47,61,4,12,10,14,8,4,11,22.5,53.5,7.5,40.0,120.0,80.0,100.0,140.0,80.0,225.0,535.0,0.6892271632061312,1120,0.0015059496535377464,0.4856241452696527,0.04309907752795265,0.06409915778278695
529,samples/sample_000529.npz,rectangular_body_000529,44,48,3,14,3,6,4,11,3,3,5,45.5,8.0,4.0,30.0,60.0,45.0,40.0,110.0,30.0,455.0,80.0,0.36309521270407824,132,4.817981916182103e-05,0.07276876014837338,0.0029534643861874326,0.006363525553903658
530,samples/sample_000530.npz,rectangular_body_000530,35,42,45,50,7,14,7,5,7,7,13,38.0,47.0,10.0,70.0,140.0,105.0,70.0,50.0,70.0,380.0,470.0,0.7778351902664096,245,0.0006267170280106961,0.09760556949977825,0.010961389775218502,0.012721476118890799
531,samples/sample_000531.npz,rectangular_body_000531,7,13,12,23,3,7,6,11,4,3,6,9.5,17.0,4.5,30.0,70.0,50.0,60.0,110.0,40.0,95.0,170.0,0.5727035537809515,264,0.0001710670250569528,0.1956503710353346,0.009467332364697628,0.018752627992696832
532,samples/sample_000532.npz,rectangular_body_000532,12,19,22,38,6,12,7,16,6,6,11,15.0,29.5,8.5,60.0,120.0,90.0,70.0,160.0,60.0,150.0,295.0,0.3273979011607977,672,0.000704733833767867,0.11425635507747671,0.013310365952596128,0.01598332286307149
533,samples/sample_000533.npz,rectangular_body_000533,32,43,33,48,7,11,11,15,4,7,10,37.0,40.0,8.5,70.0,110.0,90.0,110.0,150.0,40.0,370.0,400.0,0.7074398447219277,660,0.0018672843556382726,0.22569727266790246,0.029862597699999292,0.03230498276550858
534,samples/sample_000534.npz,rectangular_body_000534,26,41,45,59,5,11,15,14,6,5,10,33.0,51.5,7.5,50.0,110.0,80.0,150.0,140.0,60.0,330.0,515.0,0.995476651600552,1260,0.003236944130008795,0.6681087118946465,0.0741547030916117,0.09809689620465617
535,samples/sample_000535.npz,rectangular_body_000535,20,24,14,26,3,9,4,12,6,3,8,21.5,19.5,5.5,30.0,90.0,60.0,40.0,120.0,60.0,215.0,195.0,0.4032354232113307,288,0.0002457167590055885,0.12727134066535245,0.008070090409565318,0.01264395734076785
536,samples/sample_000536.npz,rectangular_body_000536,25,30,40,53,8,14,5,13,6,8,13,27.0,46.0,10.5,80.0,140.0,110.0,50.0,130.0,60.0,270.0,460.0,0.2640367971945088,390,0.0003921359014060975,0.04305698003406065,0.005870144036033395,0.006231161948022865
537,samples/sample_000537.npz,rectangular_body_000537,38,51,10,19,4,9,13,9,5,4,8,44.0,14.0,6.0,40.0,90.0,65.0,130.0,90.0,50.0,440.0,140.0,0.5188715671325614,585,0.0005255146560124639,0.24892712087404006,0.01930186976006379,0.029894620599660877
538,samples/sample_000538.npz,rectangular_body_000538,25,30,34,39,5,10,5,5,5,5,9,27.0,36.0,7.0,50.0,100.0,75.0,50.0,50.0,50.0,270.0,360.0,0.6630566753095939,125,0.0003416971241575563,0.0758901903930466,0.0057323556503111025,0.007577182433544258
539,samples/sample_000539.npz,rectangular_body_000539,28,43,3,18,3,10,15,15,7,3,9,35.0,10.0,6.0,30.0,100.0,65.0,150.0,150.0,70.0,350.0,100.0,0.7898640875162031,1575,0.002417301280349086,0.8137026995202199,0.0756519671560047,0.11431863692152705
540,samples/sample_000540.npz,rectangular_body_000540,52,61,27,33,3,10,9,6,7,3,9,56.0,29.5,6.0,30.0,100.0,65.0,90.0,60.0,70.0,560.0,295.0,0.2631246076980083,378,0.0001759733535222262,0.10771214551610586,0.005698013963269195,0.010374146531108198
541,samples/sample_000541.npz,rectangular_body_000541,40,48,5,17,8,13,8,12,5,8,12,43.5,10.5,10.0,80.0,130.0,105.0,80.0,120.0,50.0,435.0,105.0,0.5434351276615765,480,0.0006094731011414845,0.11376258233382552,0.01316984478532931,0.016869279518073498
542,samples/sample_000542.npz,rectangular_body_000542,22,33,20,31,5,7,11,11,2,5,6,27.0,25.0,5.5,50.0,70.0,60.0,110.0,110.0,20.0,270.0,250.0,0.7388505428755143,242,0.0005756555913569703,0.1555605305711672,0.0129210671134293,0.017912813254184604
543,samples/sample_000543.npz,rectangular_body_000543,4,20,5,14,8,13,16,9,5,8,12,11.5,9.0,10.0,80.0,130.0,105.0,160.0,90.0,50.0,115.0,90.0,0.36409367480358057,720,0.00047125811319082667,0.10446537991318433,0.011448610072921958,0.016449341579297595
544,samples/sample_000544.npz,rectangular_body_000544,9,19,41,54,5,9,10,13,4,5,8,13.5,47.0,6.5,50.0,90.0,70.0,100.0,130.0,40.0,135.0,470.0,0.8338196318994746,520,0.0007192096748609359,0.3103419003117038,0.026030592653831373,0.039969899194168663
545,samples/sample_000545.npz,rectangular_body_000545,33,38,23,32,4,7,5,9,3,4,6,35.0,27.0,5.0,40.0,70.0,55.0,50.0,90.0,30.0,350.0,270.0,0.5017896004809055,135,0.00022777892270500963,0.08522372650272719,0.005027168195493674,0.00777579155033114
546,samples/sample_000546.npz,rectangular_body_000546,54,60,35,47,2,6,6,12,4,2,5,56.5,40.5,3.5,20.0,60.0,40.0,60.0,120.0,40.0,565.0,405.0,0.8080713821354963,288,0.00023004538190286145,0.36530041227162435,0.01456475118773409,0.03248211810295386
547,samples/sample_000547.npz,rectangular_body_000547,12,26,36,50,4,7,14,14,3,4,6,18.5,42.5,5.0,40.0,70.0,55.0,140.0,140.0,30.0,185.0,425.0,0.8249632485210536,588,0.0009041160903168863,0.37712624904807057,0.03369712641086709,0.0496357461480142
548,samples/sample_000548.npz,rectangular_body_000548,45,50,3,11,5,10,5,8,5,5,9,47.0,6.5,7.0,50.0,100.0,75.0,50.0,80.0,50.0,470.0,65.0,0.20031821571278732,200,5.618722070914473e-05,0.03420302211714672,0.002029218896825605,0.003664628647341254
549,samples/sample_000549.npz,rectangular_body_000549,9,22,47,59,8,15,13,12,7,8,14,15.0,52.5,11.0,80.0,150.0,115.0,130.0,120.0,70.0,150.0,525.0,0.6770994582526503,1092,0.0016481632513938352,0.26636988339669704,0.03405889528771222,0.0431883368586744
550,samples/sample_000550.npz,rectangular_body_000550,2,16,33,38,8,10,14,5,2,8,9,8.5,35.0,8.5,80.0,100.0,90.0,140.0,50.0,20.0,85.0,350.0,0.601535771593086,140,0.00020235313869712795,0.04499325188364703,0.00444895789163582,0.006129943639151653
551,samples/sample_000551.npz,rectangular_body_000551,56,62,32,39,8,14,6,7,6,8,13,58.5,35.0,10.5,80.0,140.0,110.0,60.0,70.0,60.0,585.0,350.0,0.7551066160132327,252,0.0004592847620243647,0.08651874387887783,0.00829969870067494,0.011395542003833982
552,samples/sample_000552.npz,rectangular_body_000552,9,17,28,35,6,12,8,7,6,6,11,12.5,31.0,8.5,60.0,120.0,90.0,80.0,70.0,60.0,125.0,310.0,0.7725030168486076,336,0.0007793046217045436,0.16238674538145462,0.015201598215461258,0.02007722062384159
553,samples/sample_000553.npz,rectangular_body_000553,26,40,49,53,3,6,14,4,3,3,5,32.5,50.5,4.0,30.0,60.0,45.0,140.0,40.0,30.0,325.0,505.0,0.21099612919691194,168,5.949747642165571e-05,0.046844580780514615,0.0024994841577489412,0.004536229156393582
554,samples/sample_000554.npz,rectangular_body_000554,4,20,47,56,6,14,16,9,8,6,13,11.5,51.0,9.5,60.0,140.0,100.0,160.0,90.0,80.0,115.0,510.0,0.35985246336345655,1152,0.0007775014360788025,0.18532491361485862,0.019841331255718905,0.02810768950327057
555,samples/sample_000555.npz,rectangular_body_000555,7,16,31,35,2,7,9,4,5,2,6,11.0,32.5,4.0,20.0,70.0,45.0,90.0,40.0,50.0,110.0,325.0,0.7777255756859138,180,0.00022107670230953088,0.25023120122481296,0.009635261025363866,0.019438416183124252
556,samples/sample_000556.npz,rectangular_body_000556,12,23,39,54,7,9,11,15,2,7,8,17.0,46.0,7.5,70.0,90.0,80.0,110.0,150.0,20.0,170.0,460.0,0.25366871035336036,330,0.00017998544115590528,0.04630679588704488,0.005041644494201043,0.006645684099946078
557,samples/sample_000557.npz,rectangular_body_000557,46,51,38,46,2,6,5,8,4,2,5,48.0,41.5,3.5,20.0,60.0,40.0,50.0,80.0,40.0,480.0,415.0,0.35698655625703624,160,7.403393849203147e-05,0.11580797826061107,0.004164869815608532,0.008515420872892384
558,samples/sample_000558.npz,rectangular_body_000558,44,52,35,45,4,8,8,10,4,4,7,47.5,39.5,5.5,40.0,80.0,60.0,80.0,100.0,40.0,475.0,395.0,0.5268464554764605,320,0.0003294268531053678,0.16974635022144136,0.011425861400389167,0.01801505844957395
559,samples/sample_000559.npz,rectangular_body_000559,35,46,11,23,7,9,11,12,2,7,8,40.0,16.5,7.5,70.0,90.0,80.0,110.0,120.0,20.0,400.0,165.0,0.8055140269916039,264,0.000542544566036981,0.12660772936539091,0.013332040380206522,0.017093685722916068
560,samples/sample_000560.npz,rectangular_body_000560,28,41,5,16,6,8,13,11,2,6,7,34.0,10.0,6.5,60.0,80.0,70.0,130.0,110.0,20.0,340.0,100.0,0.26962295720489227,286,0.00016273520921892203,0.052882164128409986,0.004622713158604635,0.006893380613637702
561,samples/sample_000561.npz,rectangular_body_000561,42,50,47,56,6,8,8,9,2,6,7,45.5,51.0,6.5,60.0,80.0,70.0,80.0,90.0,20.0,455.0,510.0,0.45620509253796976,144,0.00010816683877396929,0.05410644720654845,0.003926201917361412,0.00627549567320671
562,samples/sample_000562.npz,rectangular_body_000562,52,56,49,62,5,8,4,13,3,5,7,53.5,55.0,6.0,50.0,80.0,65.0,40.0,130.0,30.0,535.0,550.0,0.6237369551850175,156,0.00010680454269111899,0.08606047374070633,0.004847555136669131,0.009647484162647362
563,samples/sample_000563.npz,rectangular_body_000563,38,44,6,21,2,5,6,15,3,2,4,40.5,13.0,3.0,20.0,50.0,35.0,60.0,150.0,30.0,405.0,130.0,0.9994605795635301,270,0.000306011612559119,0.40415033108341036,0.019496822072539707,0.03885223512202273
564,samples/sample_000564.npz,rectangular_body_000564,17,28,33,44,7,12,11,11,5,7,11,22.0,38.0,9.0,70.0,120.0,95.0,110.0,110.0,50.0,220.0,380.0,0.9794557452842021,605,0.0022793180384611993,0.2932156243754469,0.03700818768729946,0.04046338575670572
565,samples/sample_000565.npz,rectangular_body_000565,42,54,7,21,8,12,12,14,4,8,11,47.5,13.5,9.5,80.0,120.0,100.0,120.0,140.0,40.0,475.0,135.0,0.3253709882536769,672,0.0004839256686494603,0.09155983841074528,0.011369722963297198,0.014434418107299812
566,samples/sample_000566.npz,rectangular_body_000566,26,40,24,37,8,13,14,13,5,8,12,32.5,30.0,10.0,80.0,130.0,105.0,140.0,130.0,50.0,325.0,300.0,0.8435192348082015,910,0.005548537264209515,0.2980549743473353,0.04781055770811509,0.0444224142727626
567,samples/sample_000567.npz,rectangular_body_000567,41,55,45,50,8,12,14,5,4,8,11,47.5,47.0,9.5,80.0,120.0,100.0,140.0,50.0,40.0,475.0,470.0,0.6456333736629063,280,0.00043024979411279316,0.0838799363300358,0.009792371995658026,0.0122728964349247
568,samples/sample_000568.npz,rectangular_body_000568,12,26,14,24,2,7,14,10,5,2,6,18.5,18.5,4.0,20.0,70.0,45.0,140.0,100.0,50.0,185.0,185.0,0.9255400591414178,700,0.0009536760540509433,0.7152497412058036,0.04652513732123442,0.07981065152717175
569,samples/sample_000569.npz,rectangular_body_000569,27,34,3,8,3,6,7,5,3,3,5,30.0,5.0,4.0,30.0,60.0,45.0,70.0,50.0,30.0,300.0,50.0,0.49903094237844475,105,6.412888162659686e-05,0.09336687531943587,0.0030716783458669726,0.007037630334997081
570,samples/sample_000570.npz,rectangular_body_000570,29,42,35,42,7,9,13,7,2,7,8,35.0,38.0,7.5,70.0,90.0,80.0,130.0,70.0,20.0,350.0,380.0,0.5031015199028817,182,0.00038597906440592075,0.05780114135887392,0.006172195281033802,0.007278973917641881
571,samples/sample_000571.npz,rectangular_body_000571,6,17,43,52,7,14,11,9,7,7,13,11.0,47.0,10.0,70.0,140.0,105.0,110.0,90.0,70.0,110.0,470.0,0.6433157999871895,693,0.0009580146465199354,0.20223581787468606,0.02207338344757607,0.029471934159170893
572,samples/sample_000572.npz,rectangular_body_000572,2,12,33,42,5,8,10,9,3,5,7,6.5,37.0,6.0,50.0,80.0,65.0,100.0,90.0,30.0,65.0,370.0,0.7515427497732228,270,0.00032579654627491094,0.17696007949193193,0.011271033820901454,0.019748121259731896
573,samples/sample_000573.npz,rectangular_body_000573,37,42,36,52,8,14,5,16,6,8,13,39.0,43.5,10.5,80.0,140.0,110.0,50.0,160.0,60.0,390.0,435.0,0.5417249888124629,480,0.0009930410361907703,0.10234838284745931,0.01498552755019479,0.015342529077442286
574,samples/sample_000574.npz,rectangular_body_000574,40,48,14,24,7,10,8,10,3,7,9,43.5,18.5,8.0,70.0,100.0,85.0,80.0,100.0,30.0,435.0,185.0,0.9916066981495095,240,0.0006086073440339729,0.14577155776036954,0.014660363591668562,0.01880902074667077
575,samples/sample_000575.npz,rectangular_body_000575,44,49,43,49,2,8,5,6,6,2,7,46.0,45.5,4.5,20.0,80.0,50.0,50.0,60.0,60.0,460.0,455.0,0.781008167084076,180,0.00020496247462175378,0.25429137134916285,0.009805689046562713,0.018780866812365057
576,samples/sample_000576.npz,rectangular_body_000576,34,46,40,51,3,9,12,11,6,3,8,39.5,45.0,5.5,30.0,90.0,60.0,120.0,110.0,60.0,395.0,450.0,0.6899710355253418,792,0.001175760130486525,0.48516984070045194,0.03779745971942161,0.056432728407957884
577,samples/sample_000577.npz,rectangular_body_000577,14,29,17,28,8,13,15,11,5,8,12,21.0,22.0,10.0,80.0,130.0,105.0,150.0,110.0,50.0,210.0,220.0,0.34220106547226914,825,0.0010273678338247303,0.11147501952022533,0.01657040136965578,0.017090931131293167
578,samples/sample_000578.npz,rectangular_body_000578,46,61,35,42,7,10,15,7,3,7,9,53.0,38.0,8.0,70.0,100.0,85.0,150.0,70.0,30.0,530.0,380.0,0.9498295960006204,315,0.0006721330634978236,0.16633836254853845,0.016591744336152375,0.02288607103449354
579,samples/sample_000579.npz,rectangular_body_000579,38,52,20,30,5,12,14,10,7,5,11,44.5,24.5,8.0,50.0,120.0,85.0,140.0,100.0,70.0,445.0,245.0,0.987291407477463,980,0.002927925316658613,0.5493523167833148,0.06108751347268106,0.07432906499743071
580,samples/sample_000580.npz,rectangular_body_000580,3,8,33,45,2,10,5,12,8,2,9,5.0,38.5,5.5,20.0,100.0,60.0,50.0,120.0,80.0,50.0,385.0,0.48169906707608734,480,0.0003147512458897419,0.26947351695479616,0.012619117558806637,0.02523109232829727
581,samples/sample_000581.npz,rectangular_body_000581,31,45,46,54,6,11,14,8,5,6,10,37.5,49.5,8.0,60.0,110.0,85.0,140.0,80.0,50.0,375.0,495.0,0.5126756274343216,560,0.0007387460931722093,0.1641325365608066,0.017211286420615507,0.022299338589430256
582,samples/sample_000582.npz,rectangular_body_000582,24,29,52,57,3,7,5,5,4,3,6,26.0,54.0,4.5,30.0,70.0,50.0,50.0,50.0,40.0,260.0,540.0,0.7174329205398098,100,0.00010116174456547654,0.12309377081246195,0.004637491285625283,0.009398958465411104
583,samples/sample_000583.npz,rectangular_body_000583,16,31,37,49,5,12,15,12,7,5,11,23.0,42.5,8.0,50.0,120.0,85.0,150.0,120.0,70.0,230.0,425.0,0.810900741530657,1260,0.0031744618522058024,0.5397291645278967,0.0649970823948419,0.0764256816271705
584,samples/sample_000584.npz,rectangular_body_000584,8,12,12,16,5,9,4,4,4,5,8,9.5,13.5,6.5,50.0,90.0,70.0,40.0,40.0,40.0,95.0,135.0,0.44624603982937283,64,3.865631845477231e-05,0.029299744301052547,0.0015725963283184782,0.002893249715641177
585,samples/sample_000585.npz,rectangular_body_000585,42,58,9,14,2,10,16,5,8,2,9,49.5,11.0,5.5,20.0,100.0,60.0,160.0,50.0,80.0,495.0,110.0,0.37629007366688205,640,0.00030097572135716767,0.2374905708481708,0.014238139898558343,0.026116024393746398
586,samples/sample_000586.npz,rectangular_body_000586,4,15,12,21,8,11,11,9,3,8,10,9.0,16.0,9.0,80.0,110.0,95.0,110.0,90.0,30.0,90.0,160.0,0.5132554007789782,297,0.00028373805653330474,0.07650358887166,0.007496101237798843,0.010840945937281219
587,samples/sample_000587.npz,rectangular_body_000587,45,54,51,61,5,7,9,10,2,5,6,49.0,55.5,5.5,50.0,70.0,60.0,90.0,100.0,20.0,490.0,555.0,0.8015129751857422,180,0.00016476757879291764,0.13755098065738333,0.007854560236323483,0.01517552147036856
588,samples/sample_000588.npz,rectangular_body_000588,47,57,33,48,7,10,10,15,3,7,9,51.5,40.0,8.0,70.0,100.0,85.0,100.0,150.0,30.0,515.0,400.0,0.6263653728569858,450,0.0006308617246699661,0.14814216275148556,0.016099428823017587,0.021395332771198056
589,samples/sample_000589.npz,rectangular_body_000589,25,32,36,52,5,11,7,16,6,5,10,28.0,43.5,7.5,50.0,110.0,80.0,70.0,160.0,60.0,280.0,435.0,0.33794747713197887,672,0.0007668227354244544,0.138783388637099,0.014840587506215742,0.018173169533347546
590,samples/sample_000590.npz,rectangular_body_000590,19,31,15,26,8,12,12,11,4,8,11,24.5,20.0,9.5,80.0,120.0,100.0,120.0,110.0,40.0,245.0,200.0,0.5760261258422612,528,0.0011132292195520773,0.13504949414610365,0.01833567711231567,0.019628218645847916
591,samples/sample_000591.npz,rectangular_body_000591,47,62,24,38,2,9,15,14,7,2,8,54.0,30.5,5.0,20.0,90.0,55.0,150.0,140.0,70.0,540.0,305.0,0.4387264829201265,1470,0.001117014848865588,0.5074853496142991,0.0400923490604982,0.06707411015823382
592,samples/sample_000592.npz,rectangular_body_000592,53,59,51,62,2,7,6,11,5,2,6,55.5,56.0,4.0,20.0,70.0,45.0,60.0,110.0,50.0,555.0,560.0,0.8359351119551097,330,0.00020564550408960444,0.41452163350295335,0.014347516681496177,0.03636041767684392
593,samples/sample_000593.npz,rectangular_body_000593,13,26,11,24,7,14,13,13,7,7,13,19.0,17.0,10.0,70.0,140.0,105.0,130.0,130.0,70.0,190.0,170.0,0.7271331040210047,1183,0.0024630431668450506,0.3495153772245919,0.04779059797174236,0.05403843798752682
594,samples/sample_000594.npz,rectangular_body_000594,10,21,37,41,8,16,11,4,8,8,15,15.0,38.5,11.5,80.0,160.0,120.0,110.0,40.0,80.0,150.0,385.0,0.5715414040098381,352,0.0007027360609254119,0.07809511209080729,0.010719320491633063,0.011467927417666274
595,samples/sample_000595.npz,rectangular_body_000595,9,21,18,27,4,10,12,9,6,4,9,14.5,22.0,6.5,40.0,100.0,70.0,120.0,90.0,60.0,145.0,220.0,0.626198776171768,648,0.0008319215626546603,0.3189270039940022,0.025864545790109494,0.038101282987631546
596,samples/sample_000596.npz,rectangular_body_000596,25,36,16,32,8,10,11,16,2,8,9,30.0,23.5,8.5,80.0,100.0,90.0,110.0,160.0,20.0,300.0,235.0,0.7808468299355138,352,0.0013062011363266944,0.12781668758835335,0.017724935249667235,0.01861375458047873
597,samples/sample_000597.npz,rectangular_body_000597,5,9,5,11,6,12,4,6,6,6,11,6.5,7.5,8.5,60.0,120.0,90.0,40.0,60.0,60.0,65.0,75.0,0.41162237939580515,144,7.767212329724902e-05,0.039967343532072264,0.0024109380619757644,0.004559991747486355
598,samples/sample_000598.npz,rectangular_body_000598,41,54,26,40,7,11,13,14,4,7,10,47.0,32.5,8.5,70.0,110.0,90.0,130.0,140.0,40.0,470.0,325.0,0.6831077411176192,728,0.0017283186771550087,0.23554402521006246,0.030287328075479375,0.03486337436758199
599,samples/sample_000599.npz,rectangular_body_000599,12,23,49,60,6,13,11,11,7,6,12,17.0,54.0,9.0,60.0,130.0,95.0,110.0,110.0,70.0,170.0,540.0,0.8641197358352617,847,0.001397182743665536,0.37416488062211484,0.036505920485137934,0.05256199851342358
600,samples/sample_000600.npz,rectangular_body_000600,18,33,41,50,5,13,15,9,8,5,12,25.0,45.0,8.5,50.0,130.0,90.0,150.0,90.0,80.0,250.0,450.0,0.7228532840355799,1080,0.0024589616637495956,0.41734856752928773,0.04833422750155972,0.057208849946300315
601,samples/sample_000601.npz,rectangular_body_000601,8,18,10,18,5,13,10,8,8,5,12,12.5,13.5,8.5,50.0,130.0,90.0,100.0,80.0,80.0,125.0,135.0,0.6294322040203926,640,0.000738596591781847,0.24857887317093563,0.021311579743041265,0.031885259828133054
602,samples/sample_000602.npz,rectangular_body_000602,40,56,50,54,7,9,16,4,2,7,8,47.5,51.5,7.5,70.0,90.0,80.0,160.0,40.0,20.0,475.0,515.0,0.4931487326538526,128,0.00010842149190019396,0.038119825859148984,0.003484822252693289,0.0052068099723404935
603,samples/sample_000603.npz,rectangular_body_000603,22,30,15,26,4,8,8,11,4,4,7,25.5,20.0,5.5,40.0,80.0,60.0,80.0,110.0,40.0,255.0,200.0,0.7050412549954324,352,0.000615726767238415,0.24215768003598084,0.017518095229901713,0.026002416905538173
604,samples/sample_000604.npz,rectangular_body_000604,33,45,26,35,4,12,12,9,8,4,11,38.5,30.0,7.5,40.0,120.0,80.0,120.0,90.0,80.0,385.0,300.0,0.7954423058739879,864,0.0030434766275721247,0.4722563655002532,0.046460574763802304,0.056707049875012905
605,samples/sample_000605.npz,rectangular_body_000605,21,37,47,60,7,12,16,13,5,7,11,28.5,53.0,9.0,70.0,120.0,95.0,160.0,130.0,50.0,285.0,530.0,0.5062161284209181,1040,0.0014192196753984839,0.22446359554824097,0.02830427400122626,0.03506566811948619
606,samples/sample_000606.npz,rectangular_body_000606,35,43,40,48,3,5,8,8,2,3,4,38.5,43.5,3.5,30.0,50.0,40.0,80.0,80.0,20.0,385.0,435.0,0.5822437058773803,128,0.00012622542492889333,0.1249891685846962,0.005649251190103649,0.010540826423079484
607,samples/sample_000607.npz,rectangular_body_000607,7,19,47,62,5,9,12,15,4,5,8,12.5,54.0,6.5,50.0,90.0,70.0,120.0,150.0,40.0,125.0,540.0,0.5163489815578075,720,0.00048800595242686715,0.23732597666599717,0.01933043401733413,0.03289877329774825
608,samples/sample_000608.npz,rectangular_body_000608,18,32,46,59,2,7,14,13,5,2,6,24.5,52.0,4.0,20.0,70.0,45.0,140.0,130.0,50.0,245.0,520.0,0.6054941159424501,910,0.0007482535141463783,0.5364460358372658,0.037212579097273865,0.06569990707981774
609,samples/sample_000609.npz,rectangular_body_000609,2,11,13,20,6,8,9,7,2,6,7,6.0,16.0,6.5,60.0,80.0,70.0,90.0,70.0,20.0,60.0,160.0,0.2647386177022919,126,4.356904854812188e-05,0.028210297765571758,0.0016885413933964912,0.0031130444174207557
610,samples/sample_000610.npz,rectangular_body_000610,43,58,38,43,6,14,15,5,8,6,13,50.0,40.0,9.5,60.0,140.0,100.0,150.0,50.0,80.0,500.0,400.0,0.35138754619669377,600,0.0005687077169003901,0.10241601554443112,0.011649699853763044,0.0143891775762698
611,samples/sample_000611.npz,rectangular_body_000611,19,33,40,51,7,12,14,11,5,7,11,25.5,45.0,9.0,70.0,120.0,95.0,140.0,110.0,50.0,255.0,450.0,0.3918753844894856,770,0.0010152177624967811,0.13994364938532655,0.018288075325715043,0.02041918635917188
612,samples/sample_000612.npz,rectangular_body_000612,33,48,43,56,2,8,15,13,6,2,7,40.0,49.0,4.5,20.0,80.0,50.0,150.0,130.0,60.0,400.0,490.0,0.9286193600795973,1170,0.0017192093390398643,0.9495671422487975,0.07482542050155097,0.12103950022641873
613,samples/sample_000613.npz,rectangular_body_000613,27,37,31,38,4,8,10,7,4,4,7,31.5,34.0,5.5,40.0,80.0,60.0,100.0,70.0,40.0,315.0,340.0,0.9292675186676127,280,0.001190341916695556,0.2710147057795481,0.019067811315302774,0.027386322638630296
614,samples/sample_000614.npz,rectangular_body_000614,3,9,36,51,4,10,6,15,6,4,9,5.5,43.0,6.5,40.0,100.0,70.0,60.0,150.0,60.0,55.0,430.0,0.25979223244406324,540,0.00019921532983232235,0.1074748378443763,0.007235888990859801,0.012770021234153934
615,samples/sample_000615.npz,rectangular_body_000615,23,32,13,22,2,5,9,9,3,2,4,27.0,17.0,3.0,20.0,50.0,35.0,90.0,90.0,30.0,270.0,170.0,0.3374234791244367,243,0.00012335616959102702,0.14526686662701546,0.006265374274473215,0.012332940364488228
616,samples/sample_000616.npz,rectangular_body_000616,22,38,35,43,4,11,16,8,7,4,10,29.5,38.5,7.0,40.0,110.0,75.0,160.0,80.0,70.0,295.0,385.0,0.8355732509900407,896,0.0031011456362105205,0.495579428676893,0.05139941464033236,0.06283378677225493
617,samples/sample_000617.npz,rectangular_body_000617,35,49,16,30,4,8,14,14,4,4,7,41.5,22.5,5.5,40.0,80.0,60.0,140.0,140.0,40.0,415.0,225.0,0.46718307355550615,784,0.0008753303224737258,0.26530189256428227,0.025675633249895455,0.035190727747284406
618,samples/sample_000618.npz,rectangular_body_000618,33,39,35,50,4,11,6,15,7,4,10,35.5,42.0,7.0,40.0,110.0,75.0,60.0,150.0,70.0,355.0,420.0,0.9109080603625692,630,0.0019118443953459758,0.41042162287013084,0.03865480589372876,0.049687987049994824
619,samples/sample_000619.npz,rectangular_body_000619,6,10,2,14,4,10,4,12,6,4,9,7.5,7.5,6.5,40.0,100.0,70.0,40.0,120.0,60.0,75.0,75.0,0.31911354587067636,288,0.00010011947271024028,0.08068404831609546,0.004216483238824337,0.008720848035657794
620,samples/sample_000620.npz,rectangular_body_000620,18,34,6,12,7,11,16,6,4,7,10,25.5,8.5,8.5,70.0,110.0,90.0,160.0,60.0,40.0,255.0,85.0,0.5263346199807393,384,0.00045238955503422136,0.10323176511854473,0.010726113879877774,0.01469193740220219
621,samples/sample_000621.npz,rectangular_body_000621,13,28,32,48,3,10,15,16,7,3,9,20.0,39.5,6.0,30.0,100.0,65.0,150.0,160.0,70.0,200.0,395.0,0.6572442424867952,1680,0.0027632549868539555,0.6977821385950308,0.07555366259090944,0.09918182184079505
622,samples/sample_000622.npz,rectangular_body_000622,17,27,36,48,8,13,10,12,5,8,12,21.5,41.5,10.0,80.0,130.0,105.0,100.0,120.0,50.0,215.0,415.0,0.7808863344386516,600,0.0016963459977552078,0.19841420379730326,0.027601186986844276,0.029124199084757742
623,samples/sample_000623.npz,rectangular_body_000623,43,58,22,28,2,6,15,6,4,2,5,50.0,24.5,3.5,20.0,60.0,40.0,150.0,60.0,40.0,500.0,245.0,0.4461172108199186,360,0.0002141902120377254,0.21863689450286541,0.011421709379775062,0.02164441868848018
624,samples/sample_000624.npz,rectangular_body_000624,52,60,35,39,7,13,8,4,6,7,12,55.5,36.5,9.5,70.0,130.0,100.0,80.0,40.0,60.0,555.0,365.0,0.3576136168351773,192,0.0001652985554417577,0.03711250106972277,0.0034274939413188195,0.004762563546829595
625,samples/sample_000625.npz,rectangular_body_000625,38,45,3,8,7,15,7,5,8,7,14,41.0,5.0,10.5,70.0,150.0,110.0,70.0,50.0,80.0,410.0,50.0,0.473199334512512,280,0.0002830539827039602,0.06381181500545106,0.005779455177307633,0.00821677798228941
626,samples/sample_000626.npz,rectangular_body_000626,49,55,15,20,4,12,6,5,8,4,11,51.5,17.0,7.5,40.0,120.0,80.0,60.0,50.0,80.0,515.0,170.0,0.7925831669946424,240,0.00033732599820701783,0.16935249156794016,0.010854077684236449,0.017460434688370677
627,samples/sample_000627.npz,rectangular_body_000627,20,33,7,21,6,13,13,14,7,6,12,26.0,13.5,9.0,60.0,130.0,95.0,130.0,140.0,70.0,260.0,135.0,0.6250443963162207,1274,0.002293404241326776,0.3641505865405378,0.04565067427838377,0.05455269330484982
628,samples/sample_000628.npz,rectangular_body_000628,10,15,25,36,2,9,5,11,7,2,8,12.0,30.0,5.0,20.0,90.0,55.0,50.0,110.0,70.0,120.0,300.0,0.7641038552117401,385,0.0005588505870426024,0.3884700627387746,0.01981127371195686,0.03516716345422606
629,samples/sample_000629.npz,rectangular_body_000629,18,25,2,15,5,7,7,13,2,5,6,21.0,8.0,5.5,50.0,70.0,60.0,70.0,130.0,20.0,210.0,80.0,0.6220451831853288,182,0.00015866586494942063,0.10353740827000488,0.006567273152411592,0.011670765713569814
630,samples/sample_000630.npz,rectangular_body_000630,29,33,11,15,2,9,4,4,7,2,8,30.5,12.5,5.0,20.0,90.0,55.0,40.0,40.0,70.0,305.0,125.0,0.3121400030792367,112,6.854003858509948e-05,0.06394639466895283,0.002377332776225708,0.004477462588718054
631,samples/sample_000631.npz,rectangular_body_000631,4,14,3,17,7,10,10,14,3,7,9,8.5,9.5,8.0,70.0,100.0,85.0,100.0,140.0,30.0,85.0,95.0,0.926431996661732,420,0.0005455546620222601,0.2092510524169407,0.017600140779795326,0.02958255576538371
632,samples/sample_000632.npz,rectangular_body_000632,31,42,43,50,4,8,11,7,4,4,7,36.0,46.0,5.5,40.0,80.0,60.0,110.0,70.0,40.0,360.0,460.0,0.7501212138578439,308,0.0005328628044195957,0.23309519295411496,0.016034196472562472,0.024496794036571526
633,samples/sample_000633.npz,rectangular_body_000633,50,58,10,25,4,7,8,15,3,4,6,53.5,17.0,5.0,40.0,70.0,55.0,80.0,150.0,30.0,535.0,170.0,0.4600789339648607,360,0.00020358829978180457,0.15193703020640817,0.010032268284795117,0.018023020882629446
634,samples/sample_000634.npz,rectangular_body_000634,41,54,18,23,3,5,13,5,2,3,4,47.0,20.0,3.5,30.0,50.0,40.0,130.0,50.0,20.0,470.0,200.0,0.31309163991319516,130,5.2520785129414016e-05,0.06137036871930608,0.0029563830770596017,0.005606626403928602
635,samples/sample_000635.npz,rectangular_body_000635,29,40,37,45,4,8,11,8,4,4,7,34.0,40.5,5.5,40.0,80.0,60.0,110.0,80.0,40.0,340.0,405.0,0.7244495665995669,352,0.0007914361596899575,0.24882378643410666,0.01835216874733751,0.02654959266931316
636,samples/sample_000636.npz,rectangular_body_000636,7,18,41,46,6,8,11,5,2,6,7,12.0,43.0,6.5,60.0,80.0,70.0,110.0,50.0,20.0,120.0,430.0,0.3469654351730709,110,6.760292872899667e-05,0.03173569023594447,0.0023181947439151612,0.0036334418112326174
637,samples/sample_000637.npz,rectangular_body_000637,16,21,16,24,3,11,5,8,8,3,10,18.0,19.5,6.5,30.0,110.0,70.0,50.0,80.0,80.0,180.0,195.0,0.917835598934656,320,0.0006226910578951198,0.314365656381255,0.019282237435191966,0.029818130786453526
638,samples/sample_000638.npz,rectangular_body_000638,9,25,50,57,4,6,16,7,2,4,5,16.5,53.0,4.5,40.0,60.0,50.0,160.0,70.0,20.0,165.0,530.0,0.5295323386960036,224,0.00013522785200527224,0.1180723213463897,0.007406238967157643,0.013651457397603574
639,samples/sample_000639.npz,rectangular_body_000639,46,53,40,44,8,13,7,4,5,8,12,49.0,41.5,10.0,80.0,130.0,105.0,70.0,40.0,50.0,490.0,415.0,0.9348656969372713,140,0.000362003513445891,0.06472930884672098,0.007194029491646407,0.008752592042771772
640,samples/sample_000640.npz,rectangular_body_000640,15,27,10,24,3,7,12,14,4,3,6,20.5,16.5,4.5,30.0,70.0,50.0,120.0,140.0,40.0,205.0,165.0,0.8922297771099654,672,0.0009609849053006618,0.5499680531145117,0.0419088215150169,0.0672406772038237
641,samples/sample_000641.npz,rectangular_body_000641,56,61,17,24,5,11,5,7,6,5,10,58.0,20.0,7.5,50.0,110.0,80.0,50.0,70.0,60.0,580.0,200.0,0.2900819621940969,210,9.490410003599434e-05,0.049369984751532064,0.0029654178356864876,0.005201247803204028
642,samples/sample_000642.npz,rectangular_body_000642,55,62,28,37,4,9,7,9,5,4,8,58.0,32.0,6.0,40.0,90.0,65.0,70.0,90.0,50.0,580.0,320.0,0.9611058655144433,315,0.0005122619667584476,0.300104881564382,0.01615249884861727,0.030000977426256837
643,samples/sample_000643.npz,rectangular_body_000643,13,21,31,42,3,11,8,11,8,3,10,16.5,36.0,6.5,30.0,110.0,70.0,80.0,110.0,80.0,165.0,360.0,0.6011652483150601,704,0.0010821374084589823,0.37360611686068973,0.028182085768393112,0.04086933101939133
644,samples/sample_000644.npz,rectangular_body_000644,15,29,8,13,2,9,14,5,7,2,8,21.5,10.0,5.0,20.0,90.0,55.0,140.0,50.0,70.0,215.0,100.0,0.7542157301291621,490,0.0005191354098617643,0.42610318455435847,0.02353217778686479,0.04289806819492726
645,samples/sample_000645.npz,rectangular_body_000645,28,41,31,45,6,11,13,14,5,6,10,34.0,37.5,8.0,60.0,110.0,85.0,130.0,140.0,50.0,340.0,375.0,0.31386083374228946,910,0.0013539492459482593,0.1469948992819845,0.018918593384073246,0.020633644343613627
646,samples/sample_000646.npz,rectangular_body_000646,24,38,25,31,3,10,14,6,7,3,9,30.5,27.5,6.0,30.0,100.0,65.0,140.0,60.0,70.0,305.0,275.0,0.20228533281732855,588,0.0005190368723246301,0.10665148110575769,0.008545096213382885,0.01166145672505942
647,samples/sample_000647.npz,rectangular_body_000647,18,27,30,41,2,5,9,11,3,2,4,22.0,35.0,3.0,20.0,50.0,35.0,90.0,110.0,30.0,220.0,350.0,0.46638670472259736,297,0.0002655836177675017,0.2210483395081369,0.010865560831168759,0.02016983815379618
648,samples/sample_000648.npz,rectangular_body_000648,36,43,25,37,5,13,7,12,8,5,12,39.0,30.5,8.5,50.0,130.0,90.0,70.0,120.0,80.0,390.0,305.0,0.8083479007884711,672,0.0026215012868637637,0.32630525287306755,0.035401145932574825,0.04037498200179516
649,samples/sample_000649.npz,rectangular_body_000649,20,30,53,61,4,6,10,8,2,4,5,24.5,56.5,4.5,40.0,60.0,50.0,100.0,80.0,20.0,245.0,565.0,0.6568491671652941,160,0.00013078576471552256,0.12758236139076343,0.006256710243158721,0.012540384889077655
650,samples/sample_000650.npz,rectangular_body_000650,40,56,9,21,4,9,16,12,5,4,8,47.5,14.5,6.0,40.0,90.0,65.0,160.0,120.0,50.0,475.0,145.0,0.5055519479448038,960,0.0007726342174411286,0.3280068646832676,0.029855629412902394,0.04545384318252342
651,samples/sample_000651.npz,rectangular_body_000651,18,23,42,54,6,8,5,12,2,6,7,20.0,47.5,6.5,60.0,80.0,70.0,50.0,120.0,20.0,200.0,475.0,0.7002715627220188,120,0.00016788743389010378,0.06768226583008846,0.00535798705989534,0.007898566654001342
652,samples/sample_000652.npz,rectangular_body_000652,17,21,38,54,4,6,4,16,2,4,5,18.5,45.5,4.5,40.0,60.0,50.0,40.0,160.0,20.0,185.0,455.0,0.8141227414707517,128,0.00016161002397802797,0.11139724338249235,0.007267005309654356,0.01209562817185762
653,samples/sample_000653.npz,rectangular_body_000653,24,36,14,27,2,4,12,13,2,2,3,29.5,20.0,2.5,20.0,40.0,30.0,120.0,130.0,20.0,295.0,200.0,0.20871106214101243,312,0.00010855529017503533,0.08800799651087689,0.005152398861412475,0.009463532301529133
654,samples/sample_000654.npz,rectangular_body_000654,50,54,37,44,6,13,4,7,7,6,12,51.5,40.0,9.0,60.0,130.0,95.0,40.0,70.0,70.0,515.0,400.0,0.9584753659975587,196,0.00045573048648697923,0.11651194422281688,0.01044257905774031,0.014195496694043548
655,samples/sample_000655.npz,rectangular_body_000655,28,37,28,39,4,12,9,11,8,4,11,32.0,33.0,7.5,40.0,120.0,80.0,90.0,110.0,80.0,320.0,330.0,0.321017593127058,792,0.0014942369915134162,0.18034627761901018,0.01740408422907306,0.021035771157067302
656,samples/sample_000656.npz,rectangular_body_000656,18,34,24,28,8,15,16,4,7,8,14,25.5,25.5,11.0,80.0,150.0,115.0,160.0,40.0,70.0,255.0,255.0,0.2069483026886615,448,0.00048254198921621975,0.03467707354650512,0.005475787042344474,0.005118655499267761
657,samples/sample_000657.npz,rectangular_body_000657,26,42,34,48,3,6,16,14,3,3,5,33.5,40.5,4.0,30.0,60.0,45.0,160.0,140.0,30.0,335.0,405.0,0.20415349760142984,672,0.0003507510621250184,0.11592650305082589,0.01037044308656658,0.015230925854409024
658,samples/sample_000658.npz,rectangular_body_000658,2,7,51,58,8,16,5,7,8,8,15,4.0,54.0,11.5,80.0,160.0,120.0,50.0,70.0,80.0,40.0,540.0,0.9701657858238921,280,0.00044201422826842696,0.11094664127726253,0.00923089891745367,0.014767397573415981
659,samples/sample_000659.npz,rectangular_body_000659,3,13,50,61,8,10,10,11,2,8,9,7.5,55.0,8.5,80.0,100.0,90.0,100.0,110.0,20.0,75.0,550.0,0.9585736500126483,220,0.00028958017305607446,0.11150831555358072,0.008763965016142773,0.015200189895625299
660,samples/sample_000660.npz,rectangular_body_000660,38,46,5,21,3,7,8,16,4,3,6,41.5,12.5,4.5,30.0,70.0,50.0,80.0,160.0,40.0,415.0,125.0,0.6302189171032114,512,0.00046354726451401835,0.31703543087434105,0.021531522774431995,0.03691320547716712
661,samples/sample_000661.npz,rectangular_body_000661,9,25,30,41,6,10,16,11,4,6,9,16.5,35.0,7.5,60.0,100.0,80.0,160.0,110.0,40.0,165.0,350.0,0.7233990512589537,704,0.0015292174265283446,0.27811664852313733,0.0322673825325128,0.03958075352735245
662,samples/sample_000662.npz,rectangular_body_000662,49,60,4,10,2,7,11,6,5,2,6,54.0,6.5,4.0,20.0,70.0,45.0,110.0,60.0,50.0,540.0,65.0,0.24603727046787444,330,6.212012895903806e-05,0.12200441283063734,0.0043295399347446075,0.010761361077559612
663,samples/sample_000663.npz,rectangular_body_000663,23,33,24,31,8,11,10,7,3,8,10,27.5,27.0,9.0,80.0,110.0,95.0,100.0,70.0,30.0,275.0,270.0,0.5427535896836335,210,0.0005847076595760815,0.05997873867698071,0.007324588604700593,0.007815251238420272
664,samples/sample_000664.npz,rectangular_body_000664,14,22,35,44,3,11,8,9,8,3,10,17.5,39.0,6.5,30.0,110.0,70.0,80.0,90.0,80.0,175.0,390.0,0.8710281464132474,576,0.001212164934700605,0.4747889962997618,0.03346659245089352,0.04932476718011931
665,samples/sample_000665.npz,rectangular_body_000665,35,41,2,14,5,13,6,12,8,5,12,37.5,7.5,8.5,50.0,130.0,90.0,60.0,120.0,80.0,375.0,75.0,0.6992931562554752,576,0.0008690009018048863,0.24534336469728632,0.020791338469294048,0.03067680230021106
666,samples/sample_000666.npz,rectangular_body_000666,19,26,47,54,3,10,7,7,7,3,9,22.0,50.0,6.0,30.0,100.0,65.0,70.0,70.0,70.0,220.0,500.0,0.8188329405618346,343,0.0005093861895409369,0.31804998444011867,0.01805855094957151,0.030052463883376793
667,samples/sample_000667.npz,rectangular_body_000667,54,60,12,16,6,12,6,4,6,6,11,56.5,13.5,8.5,60.0,120.0,90.0,60.0,40.0,60.0,565.0,135.0,0.776299037995793,144,0.00017125773783243793,0.07537639607533916,0.005147837842175772,0.008780339440265478
668,samples/sample_000668.npz,rectangular_body_000668,12,22,20,35,6,11,10,15,5,6,10,16.5,27.0,8.0,60.0,110.0,85.0,100.0,150.0,50.0,165.0,270.0,0.7135220265984652,750,0.0016224583916945,0.28714385480906485,0.03337484358470755,0.040297428273628505
669,samples/sample_000669.npz,rectangular_body_000669,25,33,7,19,2,8,8,12,6,2,7,28.5,12.5,4.5,20.0,80.0,50.0,80.0,120.0,60.0,285.0,125.0,0.3501105332433234,576,0.0003509092774907054,0.24414845112998074,0.013834791059193573,0.024585125878906332
670,samples/sample_000670.npz,rectangular_body_000670,24,30,26,37,7,14,6,11,7,7,13,26.5,31.0,10.0,70.0,140.0,105.0,60.0,110.0,70.0,265.0,310.0,0.3442004096739167,462,0.0009852185767492527,0.07505045528989857,0.009903349147437466,0.009958770358075844
671,samples/sample_000671.npz,rectangular_body_000671,46,51,50,55,5,10,5,5,5,5,9,48.0,52.0,7.0,50.0,100.0,75.0,50.0,50.0,50.0,480.0,520.0,0.9843161406267344,125,0.0001926465546428703,0.11265996522163571,0.0069475702348282585,0.011723251930014762
672,samples/sample_000672.npz,rectangular_body_000672,34,43,46,55,6,9,9,9,3,6,8,38.0,50.0,7.0,60.0,90.0,75.0,90.0,90.0,30.0,380.0,500.0,0.8588758319039331,243,0.0004679511409986298,0.15451325164115626,0.012923146646326947,0.018542693918971585
673,samples/sample_000673.npz,rectangular_body_000673,22,35,18,25,4,7,13,7,3,4,6,28.0,21.0,5.0,40.0,70.0,55.0,130.0,70.0,30.0,280.0,210.0,0.8073328876283863,273,0.0005782702241018645,0.22557187227440906,0.016012529303100625,0.024090493985074866
674,samples/sample_000674.npz,rectangular_body_000674,6,14,7,13,6,13,8,6,7,6,12,9.5,9.5,9.0,60.0,130.0,95.0,80.0,60.0,70.0,95.0,95.0,0.9180695118826783,336,0.000484754171013464,0.18265042734523074,0.013980199762836558,0.023120751153027384
675,samples/sample_000675.npz,rectangular_body_000675,40,48,47,55,2,9,8,8,7,2,8,43.5,50.5,5.0,20.0,90.0,55.0,80.0,80.0,70.0,435.0,505.0,0.7579770966827317,448,0.0004907954685332452,0.45155940018424356,0.02233693132126812,0.04109973106521488
676,samples/sample_000676.npz,rectangular_body_000676,22,29,46,50,8,15,7,4,7,8,14,25.0,47.5,11.0,80.0,150.0,115.0,70.0,40.0,70.0,250.0,475.0,0.47891897750158297,196,0.0003261111360458996,0.040854977784540475,0.005161469488323864,0.005672611272838188
677,samples/sample_000677.npz,rectangular_body_000677,36,50,8,20,8,10,14,12,2,8,9,42.5,13.5,8.5,80.0,100.0,90.0,140.0,120.0,20.0,425.0,135.0,0.23668703147470993,336,0.00018695661808974763,0.03787003794886655,0.004525644370412956,0.005700233322197735
678,samples/sample_000678.npz,rectangular_body_000678,47,57,18,24,7,14,10,6,7,7,13,51.5,20.5,10.0,70.0,140.0,105.0,100.0,60.0,70.0,515.0,205.0,0.7736526054432986,420,0.0008031131546004258,0.15589684322496894,0.01698186584417205,0.021684004130731308
679,samples/sample_000679.npz,rectangular_body_000679,14,27,46,57,7,9,13,11,2,7,8,20.0,51.0,7.5,70.0,90.0,80.0,130.0,110.0,20.0,200.0,510.0,0.54842092365412,286,0.00031209624476012383,0.0913072453440139,0.009076114204534344,0.01269203000618103
680,samples/sample_000680.npz,rectangular_body_000680,45,55,28,36,5,11,10,8,6,5,10,49.5,31.5,7.5,50.0,110.0,80.0,100.0,80.0,60.0,495.0,315.0,0.3065040468621786,480,0.0004248190783845284,0.10372841506927682,0.009093050847789675,0.012504620005414864
681,samples/sample_000681.npz,rectangular_body_000681,46,61,2,10,2,8,15,8,6,2,7,53.0,5.5,4.5,20.0,80.0,50.0,150.0,80.0,60.0,530.0,55.0,0.476006886510213,720,0.0002859793519589584,0.3651417029934379,0.01725424958370127,0.039511222645793674
682,samples/sample_000682.npz,rectangular_body_000682,52,62,43,54,5,11,10,11,6,5,10,56.5,48.0,7.5,50.0,110.0,80.0,100.0,110.0,60.0,565.0,480.0,0.4276439818335924,660,0.00040871124902622035,0.18548503147751932,0.01370851656143919,0.023369988117038124
683,samples/sample_000683.npz,rectangular_body_000683,12,19,21,34,4,10,7,13,6,4,9,15.0,27.0,6.5,40.0,100.0,70.0,70.0,130.0,60.0,150.0,270.0,0.6719691228375764,546,0.0008866359582217974,0.29497655796911915,0.023997207394925574,0.03438511108278501
684,samples/sample_000684.npz,rectangular_body_000684,48,53,42,52,5,9,5,10,4,5,8,50.0,46.5,6.5,50.0,90.0,70.0,50.0,100.0,40.0,500.0,465.0,0.23200087146750842,200,7.644890848807414e-05,0.040794827924155896,0.00280269434031921,0.0045178087426952585
685,samples/sample_000685.npz,rectangular_body_000685,45,58,10,15,8,16,13,5,8,8,15,51.0,12.0,11.5,80.0,160.0,120.0,130.0,50.0,80.0,510.0,120.0,0.71913712413714,520,0.0008255238874555607,0.13965170551075917,0.016713959825626935,0.02166467540366946
686,samples/sample_000686.npz,rectangular_body_000686,28,41,31,39,7,9,13,8,2,7,8,34.0,34.5,7.5,70.0,90.0,80.0,130.0,80.0,20.0,340.0,345.0,0.5950981252348511,208,0.0006316285706746345,0.07651245041403056,0.008421853221166113,0.009734056213262423
687,samples/sample_000687.npz,rectangular_body_000687,4,17,8,20,2,8,13,12,6,2,7,10.0,13.5,4.5,20.0,80.0,50.0,130.0,120.0,60.0,100.0,135.0,0.5462186085486792,936,0.0005355881556340526,0.5036589981570794,0.03086085000287021,0.05967642717834071
688,samples/sample_000688.npz,rectangular_body_000688,55,62,30,35,4,9,7,5,5,4,8,58.0,32.0,6.0,40.0,90.0,65.0,70.0,50.0,50.0,580.0,320.0,0.7147904412452688,175,0.0002116022026224898,0.13874840639642505,0.006679889748102037,0.012715608607516117
689,samples/sample_000689.npz,rectangular_body_000689,6,11,53,61,8,11,5,8,3,8,10,8.0,56.5,9.0,80.0,110.0,95.0,50.0,80.0,30.0,80.0,565.0,0.5230594024161972,120,8.752041193785929e-05,0.03504528209937964,0.002504839066389207,0.004436347335364071
690,samples/sample_000690.npz,rectangular_body_000690,51,61,5,16,3,11,10,11,8,3,10,55.5,10.0,6.5,30.0,110.0,70.0,100.0,110.0,80.0,555.0,100.0,0.7741724899248938,880,0.0007936610531191541,0.564454117374916,0.033271265749337836,0.0651399118027141
691,samples/sample_000691.npz,rectangular_body_000691,43,59,15,20,4,8,16,5,4,4,7,50.5,17.0,5.5,40.0,80.0,60.0,160.0,50.0,40.0,505.0,170.0,0.48619529018348673,320,0.0002268497291270053,0.1373300937861176,0.009673700746133067,0.01612319868791418
692,samples/sample_000692.npz,rectangular_body_000692,20,35,48,56,4,7,15,8,3,4,6,27.0,51.5,5.0,40.0,70.0,55.0,150.0,80.0,30.0,270.0,515.0,0.443020092264929,360,0.0002765726287642923,0.14630350465603797,0.010527598707808148,0.017206876033607738
693,samples/sample_000693.npz,rectangular_body_000693,5,18,24,37,7,13,13,13,6,7,12,11.0,30.0,9.5,70.0,130.0,100.0,130.0,130.0,60.0,110.0,300.0,0.9747211266214688,1014,0.0029978047142036647,0.42477038468923856,0.05347914451171382,0.06438636970796735
694,samples/sample_000694.npz,rectangular_body_000694,43,51,11,25,8,10,8,14,2,8,9,46.5,17.5,8.5,80.0,100.0,90.0,80.0,140.0,20.0,465.0,175.0,0.8867452844329518,224,0.0004694111802592744,0.10169265540848076,0.011512509915801399,0.014579835900472777
695,samples/sample_000695.npz,rectangular_body_000695,22,33,31,40,8,15,11,9,7,8,14,27.0,35.0,11.0,80.0,150.0,115.0,110.0,90.0,70.0,270.0,350.0,0.7077526270231702,693,0.002971962430929013,0.19152095665840257,0.029365406796001865,0.027277484766979245
696,samples/sample_000696.npz,rectangular_body_000696,47,52,49,60,6,12,5,11,6,6,11,49.0,54.0,8.5,60.0,120.0,90.0,50.0,110.0,60.0,490.0,540.0,0.537379033513,330,0.0002975652001572099,0.10751054973727406,0.008758165960962976,0.013761895098004889
697,samples/sample_000697.npz,rectangular_body_000697,7,19,25,40,2,4,12,15,2,2,3,12.5,32.0,2.5,20.0,40.0,30.0,120.0,150.0,20.0,125.0,320.0,0.6349520843526795,360,0.0002880545681691333,0.28005093748396526,0.017020862954019604,0.03251039405699764
698,samples/sample_000698.npz,rectangular_body_000698,17,32,50,62,3,6,15,12,3,3,5,24.0,55.5,4.0,30.0,60.0,45.0,150.0,120.0,30.0,240.0,555.0,0.5128659833886331,540,0.00032634428599367585,0.2638805897973776,0.017174759542011857,0.032279720537178674
699,samples/sample_000699.npz,rectangular_body_000699,16,32,46,55,3,11,16,9,8,3,10,23.5,50.0,6.5,30.0,110.0,70.0,160.0,90.0,80.0,235.0,500.0,0.948907291181345,1152,0.0022159998259016203,0.7880054549725289,0.06883560621764544,0.10075128959111575
700,samples/sample_000700.npz,rectangular_body_000700,9,23,44,52,8,10,14,8,2,8,9,15.5,47.5,8.5,80.0,100.0,90.0,140.0,80.0,20.0,155.0,475.0,0.22939794559676746,224,0.00011050119337966167,0.026307540195573385,0.0028790518186370406,0.003797757172088915
701,samples/sample_000701.npz,rectangular_body_000701,19,27,49,57,6,9,8,8,3,6,8,22.5,52.5,7.0,60.0,90.0,75.0,80.0,80.0,30.0,225.0,525.0,0.44351486133000595,192,0.00016234324236161723,0.06558257767657044,0.005002334084603212,0.007691724686372537
702,samples/sample_000702.npz,rectangular_body_000702,42,57,42,53,2,10,15,11,8,2,9,49.0,47.0,5.5,20.0,100.0,60.0,150.0,110.0,80.0,490.0,470.0,0.8101595266123609,1320,0.0015842292253574733,0.8875679277316846,0.06765612562744341,0.1111395258527242
703,samples/sample_000703.npz,rectangular_body_000703,45,58,42,47,3,11,13,5,8,3,10,51.0,44.0,6.5,30.0,110.0,70.0,130.0,50.0,80.0,510.0,440.0,0.46856007884381445,520,0.0004182445904643128,0.21820047122653777,0.01474926298332534,0.02388724686373088
704,samples/sample_000704.npz,rectangular_body_000704,52,57,37,42,4,12,5,5,8,4,11,54.0,39.0,7.5,40.0,120.0,80.0,50.0,50.0,80.0,540.0,390.0,0.4904938753776973,200,0.0001933064275421333,0.08974191164841316,0.0055444869383728,0.008941778981331777
705,samples/sample_000705.npz,rectangular_body_000705,4,19,10,16,2,4,15,6,2,2,3,11.0,12.5,2.5,20.0,40.0,30.0,150.0,60.0,20.0,110.0,125.0,0.38898646084360583,180,4.928045723464556e-05,0.11630010036651878,0.004714431463309486,0.010880272424237197
706,samples/sample_000706.npz,rectangular_body_000706,52,58,45,55,4,6,6,10,2,4,5,54.5,49.5,4.5,40.0,60.0,50.0,60.0,100.0,20.0,545.0,495.0,0.9388518453644126,120,0.00011231194498963714,0.1459154985827737,0.006652440863810709,0.013946785613872848
707,samples/sample_000707.npz,rectangular_body_000707,23,33,45,57,6,10,10,12,4,6,9,27.5,50.5,7.5,60.0,100.0,80.0,100.0,120.0,40.0,275.0,505.0,0.7195062785151767,480,0.0008635673980280315,0.2137175467872326,0.02081914470495721,0.02825853699161722
708,samples/sample_000708.npz,rectangular_body_000708,50,54,11,20,6,13,4,9,7,6,12,51.5,15.0,9.0,60.0,130.0,95.0,40.0,90.0,70.0,515.0,150.0,0.7854081604015835,252,0.00038424427748973394,0.11816416677742218,0.010296496869811413,0.01501099863159862
709,samples/sample_000709.npz,rectangular_body_000709,48,60,28,33,8,11,12,5,3,8,10,53.5,30.0,9.0,80.0,110.0,95.0,120.0,50.0,30.0,535.0,300.0,0.9478367850790304,180,0.0004665716294879873,0.08845793118199022,0.00912917888834315,0.01205350657683187
710,samples/sample_000710.npz,rectangular_body_000710,20,36,9,21,8,11,16,12,3,8,10,27.5,14.5,9.0,80.0,110.0,95.0,160.0,120.0,30.0,275.0,145.0,0.9740196351316368,576,0.001757361962830818,0.23958212303507187,0.03270174717917418,0.03718168042848147
711,samples/sample_000711.npz,rectangular_body_000711,26,41,31,40,3,5,15,9,2,3,4,33.0,35.0,3.5,30.0,50.0,40.0,150.0,90.0,20.0,330.0,350.0,0.4169360212155231,270,0.0003394853801823468,0.132334614802714,0.00879902964459541,0.014266532926950397
712,samples/sample_000712.npz,rectangular_body_000712,33,40,47,55,3,11,7,8,8,3,10,36.0,50.5,6.5,30.0,110.0,70.0,70.0,80.0,80.0,360.0,505.0,0.5373812791912248,448,0.000525198968219364,0.2432699304804007,0.015279938066957183,0.024191646130038987
713,samples/sample_000713.npz,rectangular_body_000713,30,38,33,45,2,6,8,12,4,2,5,33.5,38.5,3.5,20.0,60.0,40.0,80.0,120.0,40.0,335.0,385.0,0.6627547295620151,384,0.0006381819535498236,0.36591722001823085,0.01978865063446836,0.03452295458864484
714,samples/sample_000714.npz,rectangular_body_000714,38,51,15,31,2,10,13,16,8,2,9,44.0,22.5,5.5,20.0,100.0,60.0,130.0,160.0,80.0,440.0,225.0,0.3489564831877836,1664,0.0012603394211292253,0.4303351460979386,0.04019089679971245,0.0572729700957401
715,samples/sample_000715.npz,rectangular_body_000715,14,27,30,41,2,8,13,11,6,2,7,20.0,35.0,4.5,20.0,80.0,50.0,130.0,110.0,60.0,200.0,350.0,0.7705257989090761,858,0.001547026546068871,0.6806475465066848,0.04860532710235836,0.07622457195270993
716,samples/sample_000716.npz,rectangular_body_000716,45,55,24,37,8,16,10,13,8,8,15,49.5,30.0,11.5,80.0,160.0,120.0,100.0,130.0,80.0,495.0,300.0,0.7618692041070769,1040,0.0030561051724056483,0.2792102759544355,0.04173598049390162,0.043634650564428765
717,samples/sample_000717.npz,rectangular_body_000717,42,46,26,42,2,7,4,16,5,2,6,43.5,33.5,4.0,20.0,70.0,45.0,40.0,160.0,50.0,435.0,335.0,0.847234221891185,320,0.0005961405396651341,0.34526959676237823,0.02031804548639661,0.03401771999622416
718,samples/sample_000718.npz,rectangular_body_000718,25,34,32,39,3,8,9,7,5,3,7,29.0,35.0,5.0,30.0,80.0,55.0,90.0,70.0,50.0,290.0,350.0,0.9392299566771183,315,0.0010816729675459918,0.3689351933592043,0.022019694537994072,0.0340190342089321
719,samples/sample_000719.npz,rectangular_body_000719,25,36,37,41,2,5,11,4,3,2,4,30.0,38.5,3.0,20.0,50.0,35.0,110.0,40.0,30.0,300.0,385.0,0.991752460632525,132,0.0002997970484234676,0.26161605972744484,0.010372247633473677,0.020085932505013705
720,samples/sample_000720.npz,rectangular_body_000720,34,48,36,48,7,11,14,12,4,7,10,40.5,41.5,8.5,70.0,110.0,90.0,140.0,120.0,40.0,405.0,415.0,0.5598010444066082,672,0.0012514173885503725,0.1816831427080809,0.023533534013631917,0.026372866310987005
721,samples/sample_000721.npz,rectangular_body_000721,45,55,47,55,5,10,10,8,5,5,9,49.5,50.5,7.0,50.0,100.0,75.0,100.0,80.0,50.0,495.0,505.0,0.6377382717180937,400,0.00040193555107273613,0.19353551468074995,0.014397023450317254,0.023292238922739943
722,samples/sample_000722.npz,rectangular_body_000722,6,13,22,27,7,11,7,5,4,7,10,9.0,24.0,8.5,70.0,110.0,90.0,70.0,50.0,40.0,90.0,240.0,0.4754965438980574,140,0.00014561128185115876,0.04207523809360972,0.0035752173796968554,0.005159183527953283
723,samples/sample_000723.npz,rectangular_body_000723,9,19,15,27,6,14,10,12,8,6,13,13.5,20.5,9.5,60.0,140.0,100.0,100.0,120.0,80.0,135.0,205.0,0.27923364948848955,960,0.0006819975358197518,0.12854450836936043,0.014779475849201279,0.018392396379681132
724,samples/sample_000724.npz,rectangular_body_000724,14,28,3,16,6,9,14,13,3,6,8,20.5,9.0,7.0,60.0,90.0,75.0,140.0,130.0,30.0,205.0,90.0,0.514557717565234,546,0.00048607050819906244,0.16483235121265835,0.01555618203534511,0.023330615851476038
725,samples/sample_000725.npz,rectangular_body_000725,41,45,48,52,3,8,4,4,5,3,7,42.5,49.5,5.0,30.0,80.0,55.0,40.0,40.0,50.0,425.0,495.0,0.2932506738427237,80,3.605942460534577e-05,0.037743200140796955,0.0015757408362100267,0.002925336848409449
726,samples/sample_000726.npz,rectangular_body_000726,30,42,41,46,6,13,12,5,7,6,12,35.5,43.0,9.0,60.0,130.0,95.0,120.0,50.0,70.0,355.0,430.0,0.7374766686711276,420,0.0011895321195856678,0.17137560676809382,0.019310219162046265,0.022017696877429202
727,samples/sample_000727.npz,rectangular_body_000727,30,37,44,51,8,14,7,7,6,8,13,33.0,47.0,10.5,80.0,140.0,110.0,70.0,70.0,60.0,330.0,470.0,0.37092334437344743,294,0.0004328056660450563,0.04913552096787485,0.00620610398663776,0.006773776479832911
728,samples/sample_000728.npz,rectangular_body_000728,31,38,46,56,6,10,7,10,4,6,9,34.0,50.5,7.5,60.0,100.0,80.0,70.0,100.0,40.0,340.0,505.0,0.3723096655628615,280,0.00027042772095397464,0.07237954949519776,0.0063240332543611395,0.008807121211540958
729,samples/sample_000729.npz,rectangular_body_000729,13,24,37,42,7,9,11,5,2,7,8,18.0,39.0,7.5,70.0,90.0,80.0,110.0,50.0,20.0,180.0,390.0,0.8498630603219948,110,0.0002589837903131339,0.06401719649428946,0.005992490523667897,0.007784536195483591
730,samples/sample_000730.npz,rectangular_body_000730,40,54,38,51,7,9,14,13,2,7,8,46.5,44.0,7.5,70.0,90.0,80.0,140.0,130.0,20.0,465.0,440.0,0.7111567760805151,364,0.0005843535161131372,0.13996002244433725,0.015775302861674896,0.020343311071830412
731,samples/sample_000731.npz,rectangular_body_000731,7,12,40,49,3,9,5,9,6,3,8,9.0,44.0,5.5,30.0,90.0,60.0,50.0,90.0,60.0,90.0,440.0,0.9690675144746734,270,0.0003562514588558762,0.3182481339762343,0.01573511755022773,0.029558686597515406
732,samples/sample_000732.npz,rectangular_body_000732,8,12,42,56,4,8,4,14,4,4,7,9.5,48.5,5.5,40.0,80.0,60.0,40.0,140.0,40.0,95.0,485.0,0.6181349560285376,224,0.00017018359454566283,0.13321550444403846,0.008031566411941051,0.014789140477437308
733,samples/sample_000733.npz,rectangular_body_000733,48,60,13,22,5,9,12,9,4,5,8,53.5,17.0,6.5,50.0,90.0,70.0,120.0,90.0,40.0,535.0,170.0,0.9284607790371397,432,0.0006023474659476055,0.30390434689689894,0.022577890217875186,0.03737029913068626
734,samples/sample_000734.npz,rectangular_body_000734,16,29,5,9,4,7,13,4,3,4,6,22.0,6.5,5.0,40.0,70.0,55.0,130.0,40.0,30.0,220.0,65.0,0.5679926404981004,156,0.00011183341080398448,0.09706989084076974,0.005142005113339914,0.009936026019689792
735,samples/sample_000735.npz,rectangular_body_000735,31,36,13,24,3,7,5,11,4,3,6,33.0,18.0,4.5,30.0,70.0,50.0,50.0,110.0,40.0,330.0,180.0,0.6874952191887824,220,0.00034563543320256633,0.20327677157019117,0.011019561168390203,0.018571774629238726
736,samples/sample_000736.npz,rectangular_body_000736,6,19,38,53,6,11,13,15,5,6,10,12.0,45.0,8.0,60.0,110.0,85.0,130.0,150.0,50.0,120.0,450.0,0.48824554328422476,975,0.0009434677176826474,0.23938480983086768,0.026436818552046416,0.03599586298362692
737,samples/sample_000737.npz,rectangular_body_000737,37,42,2,18,4,7,5,16,3,4,6,39.0,9.5,5.0,40.0,70.0,55.0,50.0,160.0,30.0,390.0,95.0,0.38759692470780654,240,0.00013918157875844345,0.08934909365941669,0.005761779227389623,0.010067007859604751
738,samples/sample_000738.npz,rectangular_body_000738,55,61,20,27,7,9,6,7,2,7,8,57.5,23.0,7.5,70.0,90.0,80.0,60.0,70.0,20.0,575.0,230.0,0.9922618527609379,84,0.00014242533029346495,0.06116812046871149,0.0041767846095206815,0.0069439279164501475
739,samples/sample_000739.npz,rectangular_body_000739,37,42,44,48,6,11,5,4,5,6,10,39.0,45.5,8.0,60.0,110.0,85.0,50.0,40.0,50.0,390.0,455.0,0.6672243888479821,100,0.00018916580973189363,0.04949523904528796,0.004199000558083817,0.00552758266390446
740,samples/sample_000740.npz,rectangular_body_000740,20,30,17,24,3,9,10,7,6,3,8,24.5,20.0,5.5,30.0,90.0,60.0,100.0,70.0,60.0,245.0,200.0,0.916980882447175,420,0.0009183312223755621,0.42287254850174877,0.027178197969145446,0.04183255190442703
741,samples/sample_000741.npz,rectangular_body_000741,23,29,46,60,4,12,6,14,8,4,11,25.5,52.5,7.5,40.0,120.0,80.0,60.0,140.0,80.0,255.0,525.0,0.8190743671204124,672,0.001205025911060873,0.3800245971813748,0.031839068907535004,0.046785328593541065
742,samples/sample_000742.npz,rectangular_body_000742,7,20,18,25,5,7,13,7,2,5,6,13.0,21.0,5.5,50.0,70.0,60.0,130.0,70.0,20.0,130.0,210.0,0.47952902908173095,182,0.0001453751753656992,0.07981605757048876,0.005636692208163954,0.009094996440074908
743,samples/sample_000743.npz,rectangular_body_000743,17,32,7,14,4,8,15,7,4,4,7,24.0,10.0,5.5,40.0,80.0,60.0,150.0,70.0,40.0,240.0,100.0,0.5860019691360712,420,0.00039913287170777157,0.21502293437019304,0.01535905950301899,0.025349228512994756
744,samples/sample_000744.npz,rectangular_body_000744,23,36,41,53,8,15,13,12,7,8,14,29.0,46.5,11.0,80.0,150.0,115.0,130.0,120.0,70.0,290.0,465.0,0.35602086098161323,1092,0.0015988916481956606,0.1400580590678819,0.02166914992890618,0.021827612685948013
745,samples/sample_000745.npz,rectangular_body_000745,28,36,11,20,6,9,8,9,3,6,8,31.5,15.0,7.0,60.0,90.0,75.0,80.0,90.0,30.0,315.0,150.0,0.7490721204183324,216,0.0004727280194602424,0.12216129908629456,0.010401473175760005,0.014358274527351595
746,samples/sample_000746.npz,rectangular_body_000746,46,51,16,23,2,10,5,7,8,2,9,48.0,19.0,5.5,20.0,100.0,60.0,50.0,70.0,80.0,480.0,190.0,0.7774293857266039,280,0.0003609383007436845,0.317737792574766,0.014462852389902303,0.025697104909190523
747,samples/sample_000747.npz,rectangular_body_000747,46,57,12,22,4,6,11,10,2,4,5,51.0,16.5,4.5,40.0,60.0,50.0,110.0,100.0,20.0,510.0,165.0,0.31583891735888453,220,8.434494894845395e-05,0.07578223920555582,0.004498572761832461,0.008234083274793526
748,samples/sample_000748.npz,rectangular_body_000748,20,32,36,49,8,12,12,13,4,8,11,25.5,42.0,9.5,80.0,120.0,100.0,120.0,130.0,40.0,255.0,420.0,0.948660560729907,624,0.0023362227051683024,0.2532265728581753,0.03601993965438447,0.03748201045899143
749,samples/sample_000749.npz,rectangular_body_000749,7,15,14,21,7,15,8,7,8,7,14,10.5,17.0,10.5,70.0,150.0,110.0,80.0,70.0,80.0,105.0,170.0,0.7338402756415843,448,0.0007403446183608015,0.1520392676553841,0.01605835461922172,0.021285986284650435
750,samples/sample_000750.npz,rectangular_body_000750,25,32,36,46,3,8,7,10,5,3,7,28.0,40.5,5.0,30.0,80.0,55.0,70.0,100.0,50.0,280.0,405.0,0.8242162536378241,350,0.0008033842499853663,0.34455521050011456,0.021129363485360295,0.03300178266776911
751,samples/sample_000751.npz,rectangular_body_000751,12,27,32,38,3,5,15,6,2,3,4,19.0,34.5,3.5,30.0,50.0,40.0,150.0,60.0,20.0,190.0,345.0,0.6287837055814998,180,0.00021753396728194362,0.14904158589103733,0.008574720661885284,0.014914056137923388
752,samples/sample_000752.npz,rectangular_body_000752,33,40,47,57,5,8,7,10,3,5,7,36.0,51.5,6.0,50.0,80.0,65.0,70.0,100.0,30.0,360.0,515.0,0.7938310901719376,210,0.00033152022045070584,0.15329966833687958,0.010541725020685781,0.01678752910930453
753,samples/sample_000753.npz,rectangular_body_000753,13,19,15,24,2,9,6,9,7,2,8,15.5,19.0,5.0,20.0,90.0,55.0,60.0,90.0,70.0,155.0,190.0,0.4427226196891796,378,0.000263453805106813,0.231854324585514,0.011384046191790613,0.02034126843373489
754,samples/sample_000754.npz,rectangular_body_000754,19,34,13,21,6,13,15,8,7,6,12,26.0,16.5,9.0,60.0,130.0,95.0,150.0,80.0,70.0,260.0,165.0,0.5996963368042991,840,0.0016156226664154447,0.2480586835006235,0.030223185796581054,0.03502474648256025
755,samples/sample_000755.npz,rectangular_body_000755,24,31,43,49,5,8,7,6,3,5,7,27.0,45.5,6.0,50.0,80.0,65.0,70.0,60.0,30.0,270.0,455.0,0.7637272287967505,126,0.0002412235754612366,0.09860208506035013,0.006586895047800468,0.00986842454500253
756,samples/sample_000756.npz,rectangular_body_000756,40,49,12,23,5,12,9,11,7,5,11,44.0,17.0,8.0,50.0,120.0,85.0,90.0,110.0,70.0,440.0,170.0,0.3216634995503858,693,0.0005323090849839991,0.14076935279093256,0.013516460065492546,0.017926895713853357
757,samples/sample_000757.npz,rectangular_body_000757,12,20,58,62,7,13,8,4,6,7,12,15.5,59.5,9.5,70.0,130.0,100.0,80.0,40.0,60.0,155.0,595.0,0.9104342261106211,192,0.0002816606971464641,0.09448323482210975,0.007049459892643274,0.011516674183825456
758,samples/sample_000758.npz,rectangular_body_000758,3,10,11,27,2,6,7,16,4,2,5,6.0,18.5,3.5,20.0,60.0,40.0,70.0,160.0,40.0,60.0,185.0,0.7515434845464,448,0.00029679829219139757,0.4224885780449854,0.02022823777119458,0.043981185894809295
759,samples/sample_000759.npz,rectangular_body_000759,29,45,20,34,8,14,16,14,6,8,13,36.5,26.5,10.5,80.0,140.0,110.0,160.0,140.0,60.0,365.0,265.0,0.9940995475069252,1344,0.0073577704844675525,0.4636967212543697,0.08047993691149971,0.0729623149900137
760,samples/sample_000760.npz,rectangular_body_000760,4,18,15,21,8,13,14,6,5,8,12,10.5,17.5,10.0,80.0,130.0,105.0,140.0,60.0,50.0,105.0,175.0,0.33724461685653195,420,0.0003136259191088897,0.06088753020758692,0.007007658165768572,0.009137237835276348
761,samples/sample_000761.npz,rectangular_body_000761,8,15,15,19,5,12,7,4,7,5,11,11.0,16.5,8.0,50.0,120.0,85.0,70.0,40.0,70.0,110.0,165.0,0.9991389798346451,196,0.0003552532409725709,0.14883584676359818,0.01074458440123865,0.016732394952679332
762,samples/sample_000762.npz,rectangular_body_000762,48,56,48,54,7,12,8,6,5,7,11,51.5,50.5,9.0,70.0,120.0,95.0,80.0,60.0,50.0,515.0,505.0,0.5363143664405516,240,0.00023319586029656002,0.07290438410449174,0.006430727553036902,0.009621559345450904
763,samples/sample_000763.npz,rectangular_body_000763,11,24,2,9,7,13,13,7,6,7,12,17.0,5.0,9.5,70.0,130.0,100.0,130.0,70.0,60.0,170.0,50.0,0.2291078440305226,546,0.0002196586442212656,0.0596644950288822,0.0054080237381388205,0.00819871666021125
764,samples/sample_000764.npz,rectangular_body_000764,20,26,46,62,4,12,6,16,8,4,11,22.5,53.5,7.5,40.0,120.0,80.0,60.0,160.0,80.0,225.0,535.0,0.4760820397306571,768,0.0007147096775452898,0.23723860875996208,0.020333454684094882,0.030447588941604396
765,samples/sample_000765.npz,rectangular_body_000765,11,17,49,61,8,14,6,12,6,8,13,13.5,54.5,10.5,80.0,140.0,110.0,60.0,120.0,60.0,135.0,545.0,0.753509776199252,432,0.0006302219378604326,0.13676504623656893,0.014371438682839945,0.020272432094113897
766,samples/sample_000766.npz,rectangular_body_000766,15,28,36,49,8,10,13,13,2,8,9,21.0,42.0,8.5,80.0,100.0,90.0,130.0,130.0,20.0,210.0,420.0,0.8409306219228256,338,0.0008820434994374676,0.13595606388415143,0.017556193331763996,0.019917024196647867
767,samples/sample_000767.npz,rectangular_body_000767,29,38,10,23,6,9,9,13,3,6,8,33.0,16.0,7.0,60.0,90.0,75.0,90.0,130.0,30.0,330.0,160.0,0.5330092011632006,351,0.0005504597064990765,0.1247852144472207,0.012103995515300022,0.015954192493928366
768,samples/sample_000768.npz,rectangular_body_000768,6,18,45,52,6,12,12,7,6,6,11,11.5,48.0,8.5,60.0,120.0,90.0,120.0,70.0,60.0,115.0,480.0,0.39643754851002133,504,0.0003724319472704594,0.11461013333916203,0.010531117568813902,0.015381588501764926
769,samples/sample_000769.npz,rectangular_body_000769,32,44,29,36,7,11,12,7,4,7,10,37.5,32.0,8.5,70.0,110.0,90.0,120.0,70.0,40.0,375.0,320.0,0.31400517967214764,336,0.0005601261293670044,0.058594083189668605,0.0068966258672380105,0.007581068106850803
770,samples/sample_000770.npz,rectangular_body_000770,11,20,30,41,4,12,9,11,8,4,11,15.0,35.0,7.5,40.0,120.0,80.0,90.0,110.0,80.0,150.0,350.0,0.22518270400792872,792,0.0004949059117231264,0.12650665286646262,0.011241239917008553,0.015202324538489197
771,samples/sample_000771.npz,rectangular_body_000771,52,61,8,16,2,6,9,8,4,2,5,56.0,11.5,3.5,20.0,60.0,40.0,90.0,80.0,40.0,560.0,115.0,0.2685217637472205,288,5.8404982489253926e-05,0.12937884809565356,0.004503034342697102,0.011041653501099603
772,samples/sample_000772.npz,rectangular_body_000772,32,44,18,29,3,5,12,11,2,3,4,37.5,23.0,3.5,30.0,50.0,40.0,120.0,110.0,20.0,375.0,230.0,0.2464567914489879,264,0.00013208779515097729,0.07990237810779444,0.00500338969745562,0.008425529550961429
773,samples/sample_000773.npz,rectangular_body_000773,40,47,31,44,7,11,7,13,4,7,10,43.0,37.0,8.5,70.0,110.0,90.0,70.0,130.0,40.0,430.0,370.0,0.3024024095513668,364,0.0003873737978345119,0.059867939123824265,0.006943961816569239,0.00799370418676383
774,samples/sample_000774.npz,rectangular_body_000774,47,52,46,52,5,11,5,6,6,5,10,49.0,48.5,7.5,50.0,110.0,80.0,50.0,60.0,60.0,490.0,485.0,0.9811483314456215,180,0.0003152805821902302,0.14555955092770273,0.010166831914030647,0.015902237440698422
775,samples/sample_000775.npz,rectangular_body_000775,41,57,30,35,6,14,16,5,8,6,13,48.5,32.0,9.5,60.0,140.0,100.0,160.0,50.0,80.0,485.0,320.0,0.32970629012970487,640,0.0007601554166623886,0.09990540778025869,0.012146063994137094,0.014120846626584024
776,samples/sample_000776.npz,rectangular_body_000776,11,24,37,51,4,7,13,14,3,4,6,17.0,43.5,5.0,40.0,70.0,55.0,130.0,140.0,30.0,170.0,435.0,0.5883193049142594,546,0.0005489098221942494,0.2591343152955395,0.021940811780784213,0.03337974721821902
777,samples/sample_000777.npz,rectangular_body_000777,45,51,41,51,8,10,6,10,2,8,9,47.5,45.5,8.5,80.0,100.0,90.0,60.0,100.0,20.0,475.0,455.0,0.5416093625676883,120,0.0001479422693959917,0.03730628705787711,0.0037453983681447634,0.004956053292399886
778,samples/sample_000778.npz,rectangular_body_000778,17,32,43,55,3,8,15,12,5,3,7,24.0,48.5,5.0,30.0,80.0,55.0,150.0,120.0,50.0,240.0,485.0,0.6554467734138336,900,0.0010583826659486405,0.4855645107828884,0.04018000929960322,0.06191086987540483
779,samples/sample_000779.npz,rectangular_body_000779,6,22,34,48,7,14,16,14,7,7,13,13.5,40.5,10.0,70.0,140.0,105.0,160.0,140.0,70.0,135.0,405.0,0.42504932626724656,1568,0.0018930069579915071,0.24927834782238684,0.03599913197443011,0.04069199421789497
780,samples/sample_000780.npz,rectangular_body_000780,28,32,42,47,7,14,4,5,7,7,13,29.5,44.0,10.0,70.0,140.0,105.0,40.0,50.0,70.0,295.0,440.0,0.6748241563187967,140,0.000400953498009329,0.049956985275597166,0.0056619426268857565,0.0062686911443528785
781,samples/sample_000781.npz,rectangular_body_000781,24,31,52,57,8,15,7,5,7,8,14,27.0,54.0,11.0,80.0,150.0,115.0,70.0,50.0,70.0,270.0,540.0,0.9170940521775226,245,0.0006478203452675063,0.09726377541198405,0.011045485135048575,0.013588908913306752
782,samples/sample_000782.npz,rectangular_body_000782,29,45,44,53,7,14,16,9,7,7,13,36.5,48.0,10.0,70.0,140.0,105.0,160.0,90.0,70.0,365.0,480.0,0.6420899454401168,1008,0.002162027846127889,0.26475695527786336,0.03665033251589962,0.04029108296115477
783,samples/sample_000783.npz,rectangular_body_000783,15,31,27,37,5,12,16,10,7,5,11,22.5,31.5,8.0,50.0,120.0,85.0,160.0,100.0,70.0,225.0,315.0,0.29183923663434536,1120,0.0014889360453646278,0.1758234471238742,0.02143120365641926,0.024218703145257203
784,samples/sample_000784.npz,rectangular_body_000784,30,44,4,19,4,8,14,15,4,4,7,36.5,11.0,5.5,40.0,80.0,60.0,140.0,150.0,40.0,365.0,110.0,0.39941817118454487,840,0.0006111513443811812,0.2354830068093262,0.02117837723506951,0.03234454555564699
785,samples/sample_000785.npz,rectangular_body_000785,28,35,21,31,4,7,7,10,3,4,6,31.0,25.5,5.0,40.0,70.0,55.0,70.0,100.0,30.0,310.0,255.0,0.6136927817921671,210,0.00045936797364057406,0.1471929989541407,0.00954802119363762,0.014455490741945855
786,samples/sample_000786.npz,rectangular_body_000786,53,61,12,26,3,9,8,14,6,3,8,56.5,18.5,5.5,30.0,90.0,60.0,80.0,140.0,60.0,565.0,185.0,0.23017956042012902,672,0.00019233471001051718,0.14075384402831118,0.008561374865634025,0.016062917868849426
787,samples/sample_000787.npz,rectangular_body_000787,21,29,18,32,6,13,8,14,7,6,12,24.5,24.5,9.0,60.0,130.0,95.0,80.0,140.0,70.0,245.0,245.0,0.821874410077412,784,0.002671439846940559,0.32452914172238945,0.04068377353199537,0.04418304624507329
788,samples/sample_000788.npz,rectangular_body_000788,12,23,11,25,2,7,11,14,5,2,6,17.0,17.5,4.0,20.0,70.0,45.0,110.0,140.0,50.0,170.0,175.0,0.6434816574962512,770,0.0006717566577196733,0.5255815273932086,0.03493974005966045,0.06054211266476899
789,samples/sample_000789.npz,rectangular_body_000789,23,32,37,48,6,10,9,11,4,6,9,27.0,42.0,7.5,60.0,100.0,80.0,90.0,110.0,40.0,270.0,420.0,0.5656464877128407,396,0.0007718298264620153,0.14606313824291167,0.014802872639753458,0.018203219967322562
790,samples/sample_000790.npz,rectangular_body_000790,44,57,27,43,4,9,13,16,5,4,8,50.0,34.5,6.0,40.0,90.0,65.0,130.0,160.0,50.0,500.0,345.0,0.6139119474717903,1040,0.0014152871721693108,0.41937622369751604,0.041196721982536016,0.058362938813126514
791,samples/sample_000791.npz,rectangular_body_000791,6,19,25,32,7,11,13,7,4,7,10,12.0,28.0,8.5,70.0,110.0,90.0,130.0,70.0,40.0,120.0,280.0,0.2975324681415827,364,0.0002971612847693779,0.05890381602541008,0.006212185868032692,0.008017515687177085
792,samples/sample_000792.npz,rectangular_body_000792,26,33,11,26,4,6,7,15,2,4,5,29.0,18.0,4.5,40.0,60.0,50.0,70.0,150.0,20.0,290.0,180.0,0.8739898589377948,210,0.0004106452817716885,0.19027232737007294,0.013297890361505702,0.020939123306885275
793,samples/sample_000793.npz,rectangular_body_000793,39,45,34,44,6,14,6,10,8,6,13,41.5,38.5,9.5,60.0,140.0,100.0,60.0,100.0,80.0,415.0,385.0,0.37880675544033227,480,0.0006956200021729592,0.0971955323566778,0.01115033336578093,0.012465955072535256
794,samples/sample_000794.npz,rectangular_body_000794,49,58,41,54,5,8,9,13,3,5,7,53.0,47.0,6.0,50.0,80.0,65.0,90.0,130.0,30.0,530.0,470.0,0.7164767838166379,351,0.0003507819675055025,0.20033800766186227,0.014540789310106949,0.024614723684472095
795,samples/sample_000795.npz,rectangular_body_000795,40,56,49,62,2,10,16,13,8,2,9,47.5,55.0,5.5,20.0,100.0,60.0,160.0,130.0,80.0,475.0,550.0,0.7681634194362383,1664,0.0015484565464952023,0.9473035508553304,0.07130580395551736,0.12772034365311352
796,samples/sample_000796.npz,rectangular_body_000796,5,20,4,20,4,7,15,16,3,4,6,12.0,11.5,5.0,40.0,70.0,55.0,150.0,160.0,30.0,120.0,115.0,0.3239403502110828,720,0.00026676564493743774,0.16376411856588713,0.013566414350484892,0.023533023871831885
797,samples/sample_000797.npz,rectangular_body_000797,37,42,17,31,2,7,5,14,5,2,6,39.0,23.5,4.0,20.0,70.0,45.0,50.0,140.0,50.0,390.0,235.0,0.25452309713968735,350,0.00019023165131795054,0.12125771584074678,0.006722940229175236,0.011393056321489415
798,samples/sample_000798.npz,rectangular_body_000798,23,28,37,46,8,15,5,9,7,8,14,25.0,41.0,11.0,80.0,150.0,115.0,50.0,90.0,70.0,250.0,410.0,0.8089863870005485,315,0.001131271359691199,0.10741246947379465,0.014839434058502887,0.014854936136411298
799,samples/sample_000799.npz,rectangular_body_000799,26,41,40,52,5,13,15,12,8,5,12,33.0,45.5,8.5,50.0,130.0,90.0,150.0,120.0,80.0,330.0,455.0,0.20791135295818491,1440,0.0010850230996762628,0.14939165101245983,0.018597460399331685,0.021415388403488972
800,samples/sample_000800.npz,rectangular_body_000800,36,49,22,34,3,6,13,12,3,3,5,42.0,27.5,4.0,30.0,60.0,45.0,130.0,120.0,30.0,420.0,275.0,0.2456081229247923,468,0.0002544647254590696,0.11886707088664705,0.008633980034246156,0.013643440963731601
801,samples/sample_000801.npz,rectangular_body_000801,31,35,38,44,4,6,4,6,2,4,5,32.5,40.5,4.5,40.0,60.0,50.0,40.0,60.0,20.0,325.0,405.0,0.8897893272377273,48,0.0001200777403891971,0.06767767801402896,0.003195110486661244,0.005428526924659797
802,samples/sample_000802.npz,rectangular_body_000802,17,31,17,28,7,15,14,11,8,7,14,23.5,22.0,10.5,70.0,150.0,110.0,140.0,110.0,80.0,235.0,220.0,0.9508857626515719,1232,0.00480630110098252,0.4581223010237626,0.06870760355994991,0.06869584571027382
803,samples/sample_000803.npz,rectangular_body_000803,15,30,33,39,4,7,15,6,3,4,6,22.0,35.5,5.0,40.0,70.0,55.0,150.0,60.0,30.0,220.0,355.0,0.2725273051990533,270,0.00019925069596981137,0.0713581368750615,0.005354902056489554,0.007907595638507191
804,samples/sample_000804.npz,rectangular_body_000804,30,46,36,50,7,14,16,14,7,7,13,37.5,42.5,10.0,70.0,140.0,105.0,160.0,140.0,70.0,375.0,425.0,0.8844410681965011,1568,0.005600230486522572,0.5186974606600983,0.08235459577772292,0.08194060287695192
805,samples/sample_000805.npz,rectangular_body_000805,45,59,33,42,8,15,14,9,7,8,14,51.5,37.0,11.0,80.0,150.0,115.0,140.0,90.0,70.0,515.0,370.0,0.7275265101791379,882,0.0020017025987764865,0.2375553855204412,0.03282806353226875,0.03697380275336233
806,samples/sample_000806.npz,rectangular_body_000806,27,31,25,36,4,6,4,11,2,4,5,28.5,30.0,4.5,40.0,60.0,50.0,40.0,110.0,20.0,285.0,300.0,0.6096422455765143,88,0.000194568589533219,0.07049933110127894,0.004064645133145456,0.006472145109330212
807,samples/sample_000807.npz,rectangular_body_000807,15,30,5,17,3,7,15,12,4,3,6,22.0,10.5,4.5,30.0,70.0,50.0,150.0,120.0,40.0,220.0,105.0,0.433048630005721,720,0.0004224212885796386,0.27562053961290434,0.02022948642339445,0.0347340707870018
808,samples/sample_000808.npz,rectangular_body_000808,45,55,33,41,5,9,10,8,4,5,8,49.5,36.5,6.5,50.0,90.0,70.0,100.0,80.0,40.0,495.0,365.0,0.9234045075940904,320,0.0006656710222438451,0.24248903129980526,0.01888850375692945,0.027915805720632292
809,samples/sample_000809.npz,rectangular_body_000809,24,37,53,59,2,9,13,6,7,2,8,30.0,55.5,5.0,20.0,90.0,55.0,130.0,60.0,70.0,300.0,555.0,0.6467563580665783,546,0.0005601580390646952,0.4089784209096786,0.021593072402715914,0.04079119577241905
810,samples/sample_000810.npz,rectangular_body_000810,29,42,27,37,7,14,13,10,7,7,13,35.0,31.5,10.0,70.0,140.0,105.0,130.0,100.0,70.0,350.0,315.0,0.6298409543044314,910,0.00391247063325342,0.24549887197702353,0.03572687881757442,0.03461410189316712
811,samples/sample_000811.npz,rectangular_body_000811,4,17,48,58,5,7,13,10,2,5,6,10.0,52.5,5.5,50.0,70.0,60.0,130.0,100.0,20.0,100.0,525.0,0.984205069931291,260,0.0002864975623445426,0.21438068453982373,0.01393422296761044,0.026227693715373753
812,samples/sample_000812.npz,rectangular_body_000812,20,27,26,33,2,7,7,7,5,2,6,23.0,29.0,4.0,20.0,70.0,45.0,70.0,70.0,50.0,230.0,290.0,0.6399675614159568,245,0.0003923410401455039,0.2758912605984068,0.011949747400626968,0.02142590058965908
813,samples/sample_000813.npz,rectangular_body_000813,37,41,12,26,4,7,4,14,3,4,6,38.5,18.5,5.0,40.0,70.0,55.0,40.0,140.0,30.0,385.0,185.0,0.36301710657315733,168,0.00012902351623250133,0.06413813482171317,0.004324233624025857,0.0067592344202840465
814,samples/sample_000814.npz,rectangular_body_000814,35,39,32,47,3,8,4,15,5,3,7,36.5,39.0,5.0,30.0,80.0,55.0,40.0,150.0,50.0,365.0,390.0,0.3585183930159592,300,0.0003033043961814331,0.11373964317775151,0.007884877950502424,0.011843973621744231
815,samples/sample_000815.npz,rectangular_body_000815,7,17,37,52,3,10,10,15,7,3,9,11.5,44.0,6.0,30.0,100.0,65.0,100.0,150.0,70.0,115.0,440.0,0.6973370841455098,1050,0.0011661731337751179,0.5635622532327837,0.0448002322095535,0.07151001727058165
816,samples/sample_000816.npz,rectangular_body_000816,31,47,6,19,3,7,16,13,4,3,6,38.5,12.0,4.5,30.0,70.0,50.0,160.0,130.0,40.0,385.0,120.0,0.5395951384955013,832,0.0006906112529988975,0.3682347766156071,0.030112627933780903,0.04873494258809613
817,samples/sample_000817.npz,rectangular_body_000817,55,60,2,10,6,10,5,8,4,6,9,57.0,5.5,7.5,60.0,100.0,80.0,50.0,80.0,40.0,570.0,55.0,0.32174927645924156,160,5.725508023784001e-05,0.038704979167855064,0.0020075387127153396,0.0041815417619438505
818,samples/sample_000818.npz,rectangular_body_000818,17,26,24,39,4,9,9,15,5,4,8,21.0,31.0,6.0,40.0,90.0,65.0,90.0,150.0,50.0,210.0,310.0,0.60578727663395,675,0.0013652044985880505,0.3134521411860044,0.028672481597348476,0.0383942096523501
819,samples/sample_000819.npz,rectangular_body_000819,32,39,28,35,4,11,7,7,7,4,10,35.0,31.0,7.0,40.0,110.0,75.0,70.0,70.0,70.0,350.0,310.0,0.6556601256157557,343,0.0011400567263796053,0.201624411614198,0.015653218544149285,0.020479406854157313
820,samples/sample_000820.npz,rectangular_body_000820,39,43,20,25,4,10,4,5,6,4,9,40.5,22.0,6.5,40.0,100.0,70.0,40.0,50.0,60.0,405.0,220.0,0.20554319402380408,120,6.671045155768877e-05,0.026792297610137458,0.0016856577976608902,0.002470200818635358
821,samples/sample_000821.npz,rectangular_body_000821,26,31,46,58,3,5,5,12,2,3,4,28.0,51.5,3.5,30.0,50.0,40.0,50.0,120.0,20.0,280.0,515.0,0.9633843569407692,120,0.00015993579505341443,0.18244224890705812,0.008124756794686232,0.016136088677585776
822,samples/sample_000822.npz,rectangular_body_000822,41,57,19,26,2,7,16,7,5,2,6,48.5,22.0,4.0,20.0,70.0,45.0,160.0,70.0,50.0,485.0,220.0,0.3964306842011639,560,0.0003189115008078834,0.2560404605113824,0.015619767348047035,0.027529595900841464
823,samples/sample_000823.npz,rectangular_body_000823,50,56,12,24,8,13,6,12,5,8,12,52.5,17.5,10.0,80.0,130.0,105.0,60.0,120.0,50.0,525.0,175.0,0.7523554527281304,360,0.000597198420477927,0.12101980530481998,0.013497252484998615,0.017771779981970624
824,samples/sample_000824.npz,rectangular_body_000824,26,31,9,23,6,13,5,14,7,6,12,28.0,15.5,9.0,60.0,130.0,95.0,50.0,140.0,70.0,280.0,155.0,0.61632496482893,490,0.000992794680897609,0.15929801399651533,0.017956626622308704,0.02145209045674273
825,samples/sample_000825.npz,rectangular_body_000825,45,59,29,35,8,14,14,6,6,8,13,51.5,31.5,10.5,80.0,140.0,110.0,140.0,60.0,60.0,515.0,315.0,0.9665410155168954,504,0.001694213032822051,0.1972058338944755,0.02563092487303312,0.02951104772130467
826,samples/sample_000826.npz,rectangular_body_000826,11,21,8,23,3,10,10,15,7,3,9,15.5,15.0,6.0,30.0,100.0,65.0,100.0,150.0,70.0,155.0,150.0,0.30810055895362,1050,0.0005206883751027538,0.2489955621165112,0.020146494482441785,0.031629574145000915
827,samples/sample_000827.npz,rectangular_body_000827,57,61,23,31,7,10,4,8,3,7,9,58.5,26.5,8.0,70.0,100.0,85.0,40.0,80.0,30.0,585.0,265.0,0.24520678312898925,96,4.427670613809716e-05,0.015914108735305504,0.0011268538336592984,0.0018253997450013181
828,samples/sample_000828.npz,rectangular_body_000828,31,40,32,45,8,13,9,13,5,8,12,35.0,38.0,10.0,80.0,130.0,105.0,90.0,130.0,50.0,350.0,380.0,0.6249895857699019,585,0.0019167255680784135,0.15490478162228655,0.022499329367629224,0.022106250313760085
829,samples/sample_000829.npz,rectangular_body_000829,52,59,33,38,5,8,7,5,3,5,7,55.0,35.0,6.0,50.0,80.0,65.0,70.0,50.0,30.0,550.0,350.0,0.24361318371169294,105,4.542360961938077e-05,0.026919661765627188,0.00150506121237711,0.002645207038947893
830,samples/sample_000830.npz,rectangular_body_000830,40,46,27,36,5,9,6,9,4,5,8,42.5,31.0,6.5,50.0,90.0,70.0,60.0,90.0,40.0,425.0,310.0,0.471146006787809,216,0.0003501541973990034,0.09017706715464611,0.007009612537769608,0.009635158895291785
831,samples/sample_000831.npz,rectangular_body_000831,11,25,4,9,6,9,14,5,3,6,8,17.5,6.0,7.0,60.0,90.0,75.0,140.0,50.0,30.0,175.0,60.0,0.9024406168026535,210,0.0002726874774712898,0.13228982875832745,0.00952039743123789,0.016319869391751
832,samples/sample_000832.npz,rectangular_body_000832,14,19,34,38,5,9,5,4,4,5,8,16.0,35.5,6.5,50.0,90.0,70.0,50.0,40.0,40.0,160.0,355.0,0.20206290796128867,80,4.109833013007345e-05,0.016380901526164858,0.0010727422080595364,0.0016000949489000955
833,samples/sample_000833.npz,rectangular_body_000833,33,41,33,45,6,8,8,12,2,6,7,36.5,38.5,6.5,60.0,80.0,70.0,80.0,120.0,20.0,365.0,385.0,0.4683268118301402,192,0.00031478313916342895,0.06801565229191942,0.006255104787377105,0.008090017676828999
834,samples/sample_000834.npz,rectangular_body_000834,29,44,17,23,5,10,15,6,5,5,9,36.0,19.5,7.0,50.0,100.0,75.0,150.0,60.0,50.0,360.0,195.0,0.4163028699796832,450,0.0005752288779923645,0.1283500275312105,0.012496966769187358,0.016007381534684832
835,samples/sample_000835.npz,rectangular_body_000835,40,53,29,42,7,14,13,13,7,7,13,46.0,35.0,10.0,70.0,140.0,105.0,130.0,130.0,70.0,460.0,350.0,0.6597694970481107,1183,0.002960935050854879,0.3171353065876197,0.04534917886573396,0.048008349386010896
836,samples/sample_000836.npz,rectangular_body_000836,46,58,2,9,4,9,12,7,5,4,8,51.5,5.0,6.0,40.0,90.0,65.0,120.0,70.0,50.0,515.0,50.0,0.9467465359947937,420,0.00042194853965678275,0.3557711717117995,0.018743578284032343,0.038704619414614574
837,samples/sample_000837.npz,rectangular_body_000837,4,10,42,53,5,10,6,11,5,5,9,6.5,47.0,7.0,50.0,100.0,75.0,60.0,110.0,50.0,65.0,470.0,0.28062282284395385,330,0.00013000532709570966,0.07148440938210149,0.004685953691992456,0.008283846855165573
838,samples/sample_000838.npz,rectangular_body_000838,15,21,22,29,5,7,6,7,2,5,6,17.5,25.0,5.5,50.0,70.0,60.0,60.0,70.0,20.0,175.0,250.0,0.8393704937790987,84,0.00015535538339186408,0.07995316455769842,0.004896881807957711,0.00769919849957756
839,samples/sample_000839.npz,rectangular_body_000839,19,32,18,33,8,15,13,15,7,8,14,25.0,25.0,11.0,80.0,150.0,115.0,130.0,150.0,70.0,250.0,250.0,0.2603060565117746,1365,0.0017939126566958322,0.12170246785586017,0.020837318830209693,0.019008951901651177
840,samples/sample_000840.npz,rectangular_body_000840,48,60,30,43,5,7,12,13,2,5,6,53.5,36.0,5.5,50.0,70.0,60.0,120.0,130.0,20.0,535.0,360.0,0.9913513756057273,312,0.0005359978947570283,0.24356652193024075,0.01904216114863573,0.030764577623881156
841,samples/sample_000841.npz,rectangular_body_000841,45,61,9,17,2,6,16,8,4,2,5,52.5,12.5,3.5,20.0,60.0,40.0,160.0,80.0,40.0,525.0,125.0,0.37520529345546594,512,0.0001663113082080369,0.2296146858508828,0.012101673685600028,0.025244552719564307
842,samples/sample_000842.npz,rectangular_body_000842,31,41,15,25,3,5,10,10,2,3,4,35.5,19.5,3.5,30.0,50.0,40.0,100.0,100.0,20.0,355.0,195.0,0.6430621334443736,200,0.00024219305506695184,0.18010720159927088,0.009788768265581484,0.017341058633531366
843,samples/sample_000843.npz,rectangular_body_000843,47,56,41,51,7,10,9,10,3,7,9,51.0,45.5,8.0,70.0,100.0,85.0,90.0,100.0,30.0,510.0,455.0,0.6444002540239926,270,0.0003376056399485097,0.10486572045373528,0.009712731144056632,0.013908483254087715
844,samples/sample_000844.npz,rectangular_body_000844,8,19,41,57,2,4,11,16,2,2,3,13.0,48.5,2.5,20.0,40.0,30.0,110.0,160.0,20.0,130.0,485.0,0.6122217548647133,352,0.00017166036893075302,0.26529770649698725,0.015194445430133841,0.0309083217690642
845,samples/sample_000845.npz,rectangular_body_000845,16,28,7,19,6,13,12,12,7,6,12,21.5,12.5,9.0,60.0,130.0,95.0,120.0,120.0,70.0,215.0,125.0,0.2732774716321024,1008,0.0006701454469627433,0.13434999390922442,0.015288718167143524,0.019470801174553274
846,samples/sample_000846.npz,rectangular_body_000846,50,55,55,60,8,14,5,5,6,8,13,52.0,57.0,10.5,80.0,140.0,110.0,50.0,50.0,60.0,520.0,570.0,0.8000054664784522,150,0.00020162019618087565,0.05647745407882767,0.004761026687136742,0.007520640014266332
847,samples/sample_000847.npz,rectangular_body_000847,2,13,37,52,8,13,11,15,5,8,12,7.0,44.0,10.0,80.0,130.0,105.0,110.0,150.0,50.0,70.0,440.0,0.4341219710943576,825,0.0007382362438598737,0.14141906956474448,0.016374067691329763,0.021992342633899414
848,samples/sample_000848.npz,rectangular_body_000848,10,15,2,7,5,13,5,5,8,5,12,12.0,4.0,8.5,50.0,130.0,90.0,50.0,50.0,80.0,120.0,40.0,0.9327707840459223,200,0.00025540906162359203,0.13586511456993589,0.007679556804297705,0.014294172392618541
849,samples/sample_000849.npz,rectangular_body_000849,4,18,19,32,6,11,14,13,5,6,10,10.5,25.0,8.0,60.0,110.0,85.0,140.0,130.0,50.0,105.0,250.0,0.6497918233281481,910,0.0013520892225020948,0.3043262342944024,0.0332077100209747,0.04445880907877281
850,samples/sample_000850.npz,rectangular_body_000850,40,45,42,48,2,5,5,6,3,2,4,42.0,44.5,3.0,20.0,50.0,35.0,50.0,60.0,30.0,420.0,445.0,0.7408868250907474,90,8.683969278535408e-05,0.16963079609440182,0.005078140339094584,0.010913133919506473
851,samples/sample_000851.npz,rectangular_body_000851,48,52,8,16,2,9,4,8,7,2,8,49.5,11.5,5.0,20.0,90.0,55.0,40.0,80.0,70.0,495.0,115.0,0.6441402151811921,224,0.00016942789412675507,0.2232471599615728,0.008906359658444942,0.018113213187761778
852,samples/sample_000852.npz,rectangular_body_000852,43,52,4,8,6,12,9,4,6,6,11,47.0,5.5,8.5,60.0,120.0,90.0,90.0,40.0,60.0,470.0,55.0,0.4484542584088386,216,0.00015356251102462105,0.06192687725588006,0.004441005751842668,0.007400730873966823
853,samples/sample_000853.npz,rectangular_body_000853,21,35,50,60,6,12,14,10,6,6,11,27.5,54.5,8.5,60.0,120.0,90.0,140.0,100.0,60.0,275.0,545.0,0.9158932679154612,840,0.0018126859541068119,0.3968312207866623,0.04095154371288934,0.05607848642677536
854,samples/sample_000854.npz,rectangular_body_000854,40,52,7,22,5,11,12,15,6,5,10,45.5,14.0,7.5,50.0,110.0,80.0,120.0,150.0,60.0,455.0,140.0,0.8614795680222909,1080,0.0018411410498650204,0.5218195056809056,0.054371504469178066,0.07501810107125838
855,samples/sample_000855.npz,rectangular_body_000855,37,51,33,38,2,7,14,5,5,2,6,43.5,35.0,4.0,20.0,70.0,45.0,140.0,50.0,50.0,435.0,350.0,0.49864983192062406,350,0.0003675209552728302,0.23756248620006995,0.013036496712546662,0.022371120339710306
856,samples/sample_000856.npz,rectangular_body_000856,2,16,40,54,7,13,14,14,6,7,12,8.5,46.5,9.5,70.0,130.0,100.0,140.0,140.0,60.0,85.0,465.0,0.9639892290892973,1176,0.002208770526908473,0.46628128979307076,0.053691517880311526,0.07357536046365032
857,samples/sample_000857.npz,rectangular_body_000857,15,31,42,47,8,14,16,5,6,8,13,22.5,44.0,10.5,80.0,140.0,110.0,160.0,50.0,60.0,225.0,440.0,0.6369491029339129,480,0.0010872769066379241,0.12033912964960025,0.017445434763191152,0.018153671491756496
858,samples/sample_000858.npz,rectangular_body_000858,38,48,55,62,3,9,10,7,6,3,8,42.5,58.0,5.5,30.0,90.0,60.0,100.0,70.0,60.0,425.0,580.0,0.37112925616492903,420,0.00019336283150156518,0.17114901288687376,0.008301547426029985,0.016623921784170416
859,samples/sample_000859.npz,rectangular_body_000859,44,57,56,61,6,13,13,5,7,6,12,50.0,58.0,9.0,60.0,130.0,95.0,130.0,50.0,70.0,500.0,580.0,0.6925826987346471,455,0.00047880155339213696,0.1706059402662233,0.013264901301577956,0.022130050275180935
860,samples/sample_000860.npz,rectangular_body_000860,12,28,20,35,2,5,16,15,3,2,4,19.5,27.0,3.0,20.0,50.0,35.0,160.0,150.0,30.0,195.0,270.0,0.3977659218144628,720,0.00048645044160923055,0.27057210543121,0.022059698869738503,0.03577631155820207
861,samples/sample_000861.npz,rectangular_body_000861,16,20,17,32,3,5,4,15,2,3,4,17.5,24.0,3.5,30.0,50.0,40.0,40.0,150.0,20.0,175.0,240.0,0.8105009507743453,120,0.0001505209935525133,0.1365069725122792,0.007266023942798941,0.013059170524792729
862,samples/sample_000862.npz,rectangular_body_000862,18,24,11,27,3,6,6,16,3,3,5,20.5,18.5,4.0,30.0,60.0,45.0,60.0,160.0,30.0,205.0,185.0,0.4634578840201816,288,0.00021059930858288313,0.1527228095605158,0.009676477202518772,0.016366570804385104
863,samples/sample_000863.npz,rectangular_body_000863,8,15,47,55,7,15,7,8,8,7,14,11.0,50.5,10.5,70.0,150.0,110.0,70.0,80.0,80.0,110.0,505.0,0.30839614963243334,448,0.00027866635403503236,0.0638944566733613,0.006418017352683067,0.008995403882677456
864,samples/sample_000864.npz,rectangular_body_000864,38,52,4,18,8,16,14,14,8,8,15,44.5,10.5,11.5,80.0,160.0,120.0,140.0,140.0,80.0,445.0,105.0,0.33037472608047314,1568,0.0013199895995974903,0.1684180230713062,0.024254867794047247,0.02835756050111499
865,samples/sample_000865.npz,rectangular_body_000865,44,60,50,62,6,13,16,12,7,6,12,51.5,55.5,9.0,60.0,130.0,95.0,160.0,120.0,70.0,515.0,555.0,0.9147554662050614,1344,0.0019454092081617723,0.5473076180808312,0.05380517838061108,0.08356645492767606
866,samples/sample_000866.npz,rectangular_body_000866,17,33,6,20,2,10,16,14,8,2,9,24.5,12.5,5.5,20.0,100.0,60.0,160.0,140.0,80.0,245.0,125.0,0.7315906911879995,1792,0.0023795535080207058,0.9350233416865636,0.08512142917655915,0.12925505073993002
867,samples/sample_000867.npz,rectangular_body_000867,28,42,36,42,8,16,14,6,8,8,15,34.5,38.5,11.5,80.0,160.0,120.0,140.0,60.0,80.0,345.0,385.0,0.5498405164575504,672,0.0021241670258470837,0.13389373817889785,0.021560221425073127,0.01964505557775026
868,samples/sample_000868.npz,rectangular_body_000868,38,54,46,55,3,10,16,9,7,3,9,45.5,50.0,6.0,30.0,100.0,65.0,160.0,90.0,70.0,455.0,500.0,0.7772955884891037,1008,0.0012560283439509348,0.6020284950046212,0.048531871542756046,0.0764237520763478
869,samples/sample_000869.npz,rectangular_body_000869,7,13,25,41,6,8,6,16,2,6,7,9.5,32.5,6.5,60.0,80.0,70.0,60.0,160.0,20.0,95.0,325.0,0.5662102160407441,192,0.00023200295965403265,0.07593830658448063,0.00649365756940443,0.00977536660873638
870,samples/sample_000870.npz,rectangular_body_000870,26,40,16,32,8,14,14,16,6,8,13,32.5,23.5,10.5,80.0,140.0,110.0,140.0,160.0,60.0,325.0,235.0,0.2775814730231587,1344,0.0021116863819186068,0.12947759874572345,0.02235566246551367,0.020447047082120036
871,samples/sample_000871.npz,rectangular_body_000871,40,52,24,37,5,10,12,13,5,5,9,45.5,30.0,7.0,50.0,100.0,75.0,120.0,130.0,50.0,455.0,300.0,0.6668171053906173,780,0.001628122386872103,0.3288807449373843,0.034190269128460335,0.043617633138787776
872,samples/sample_000872.npz,rectangular_body_000872,37,46,26,37,8,16,9,11,8,8,15,41.0,31.0,11.5,80.0,160.0,120.0,90.0,110.0,80.0,410.0,310.0,0.2027574015716418,792,0.0009067796733558763,0.059376670773313156,0.009277431838146472,0.00865906807411992
873,samples/sample_000873.npz,rectangular_body_000873,18,33,20,34,7,13,15,14,6,7,12,25.0,26.5,9.5,70.0,130.0,100.0,150.0,140.0,60.0,250.0,265.0,0.4827610411692571,1260,0.0029243594960517995,0.24540269245307822,0.0378501353311962,0.03721666751992238
874,samples/sample_000874.npz,rectangular_body_000874,27,38,26,42,7,13,11,16,6,7,12,32.0,33.5,9.5,70.0,130.0,100.0,110.0,160.0,60.0,320.0,335.0,0.4233451623135978,1056,0.003112534189162224,0.18705970211515516,0.028348242139144664,0.02737201743255553
875,samples/sample_000875.npz,rectangular_body_000875,21,25,3,16,5,8,4,13,3,5,7,22.5,9.0,6.0,50.0,80.0,65.0,40.0,130.0,30.0,225.0,90.0,0.28759883144777043,156,7.233008620174384e-05,0.03968161494450656,0.0026366840167642925,0.004451659203190134
876,samples/sample_000876.npz,rectangular_body_000876,30,41,10,18,7,11,11,8,4,7,10,35.0,13.5,8.5,70.0,110.0,90.0,110.0,80.0,40.0,350.0,135.0,0.4100880371348381,352,0.0004174753669782781,0.08057792225028529,0.008538474199864638,0.010774909082474523
877,samples/sample_000877.npz,rectangular_body_000877,37,42,8,23,5,13,5,15,8,5,12,39.0,15.0,8.5,50.0,130.0,90.0,50.0,150.0,80.0,390.0,150.0,0.20512106415608786,600,0.0003367173406910604,0.07057606718743266,0.0073310882870765565,0.009291843979746658
878,samples/sample_000878.npz,rectangular_body_000878,49,57,57,62,2,8,8,5,6,2,7,52.5,59.0,4.5,20.0,80.0,50.0,80.0,50.0,60.0,525.0,590.0,0.36062493602872386,240,6.973081636149896e-05,0.14292340611681104,0.004224717990524169,0.010890241779754426
879,samples/sample_000879.npz,rectangular_body_000879,26,40,19,34,2,4,14,15,2,2,3,32.5,26.0,2.5,20.0,40.0,30.0,140.0,150.0,20.0,325.0,260.0,0.8811692009680876,420,0.0008459776872895462,0.41132634617355024,0.02979983975540263,0.05032883835044696
880,samples/sample_000880.npz,rectangular_body_000880,17,28,6,21,6,13,11,15,7,6,12,22.0,13.0,9.0,60.0,130.0,95.0,110.0,150.0,70.0,220.0,130.0,0.5630450748041451,1155,0.0016395685602907354,0.30361928493812956,0.03634092181218369,0.045140799694536674
881,samples/sample_000881.npz,rectangular_body_000881,2,10,9,16,5,13,8,7,8,5,12,5.5,12.0,8.5,50.0,130.0,90.0,80.0,70.0,80.0,55.0,120.0,0.7892529313481693,448,0.0005063439612296327,0.23373102040125457,0.01535507005052296,0.02726029245577403
882,samples/sample_000882.npz,rectangular_body_000882,52,56,11,17,6,8,4,6,2,6,7,53.5,13.5,6.5,60.0,80.0,70.0,40.0,60.0,20.0,535.0,135.0,0.6695469272963848,48,4.356159037025158e-05,0.030553719017616672,0.0017639376885334808,0.0031948207359972784
883,samples/sample_000883.npz,rectangular_body_000883,17,25,22,38,2,10,8,16,8,2,9,20.5,29.5,5.5,20.0,100.0,60.0,80.0,160.0,80.0,205.0,295.0,0.831446686643954,1024,0.002463899452764164,0.7558031295844567,0.06070940087285825,0.08753134705996883
884,samples/sample_000884.npz,rectangular_body_000884,35,44,25,36,7,10,9,11,3,7,9,39.0,30.0,8.0,70.0,100.0,85.0,90.0,110.0,30.0,390.0,300.0,0.8309609271591929,297,0.0011273451095241479,0.14589398490798616,0.01632536235575348,0.018675926854512016
885,samples/sample_000885.npz,rectangular_body_000885,23,30,10,19,6,12,7,9,6,6,11,26.0,14.0,8.5,60.0,120.0,90.0,70.0,90.0,60.0,260.0,140.0,0.7365196202102029,378,0.0007739304733589278,0.17122340201646352,0.01655163463497304,0.021414793825129175
886,samples/sample_000886.npz,rectangular_body_000886,7,13,19,33,3,9,6,14,6,3,8,9.5,25.5,5.5,30.0,90.0,60.0,60.0,140.0,60.0,95.0,255.0,0.847318051094075,504,0.0007048550597095722,0.41224795985618257,0.026596599324497244,0.04543034647596496
887,samples/sample_000887.npz,rectangular_body_000887,32,42,23,34,3,11,10,11,8,3,10,36.5,28.0,6.5,30.0,110.0,70.0,100.0,110.0,80.0,365.0,280.0,0.7836249568452158,880,0.002759209368728294,0.5713459681062475,0.04849555609827983,0.06431368581559575
888,samples/sample_000888.npz,rectangular_body_000888,38,54,48,62,2,10,16,14,8,2,9,45.5,54.5,5.5,20.0,100.0,60.0,160.0,140.0,80.0,455.0,545.0,0.36584377232758636,1792,0.0008525527936131792,0.4675735661553951,0.03767122668692647,0.06478487638337295
889,samples/sample_000889.npz,rectangular_body_000889,39,49,20,32,8,16,10,12,8,8,15,43.5,25.5,11.5,80.0,160.0,120.0,100.0,120.0,80.0,435.0,255.0,0.8802924380629988,960,0.003607577856588926,0.30229303282094616,0.04737310585555715,0.04591935789889213
890,samples/sample_000890.npz,rectangular_body_000890,13,23,23,32,5,12,10,9,7,5,11,17.5,27.0,8.0,50.0,120.0,85.0,100.0,90.0,70.0,175.0,270.0,0.7473973598736983,630,0.0014751240460217682,0.30408604803271305,0.029803033513211452,0.037562205613458854
891,samples/sample_000891.npz,rectangular_body_000891,45,55,34,48,7,14,10,14,7,7,13,49.5,40.5,10.0,70.0,140.0,105.0,100.0,140.0,70.0,495.0,405.0,0.6593654865379621,980,0.0018189783038006088,0.2707892509760213,0.03522933999363523,0.041099166115286544
892,samples/sample_000892.npz,rectangular_body_000892,18,27,32,38,7,11,9,6,4,7,10,22.0,34.5,8.5,70.0,110.0,90.0,90.0,60.0,40.0,220.0,345.0,0.9433901782515008,216,0.000844123674734018,0.1222156282131015,0.013114915798984182,0.015148670474237812
893,samples/sample_000893.npz,rectangular_body_000893,46,54,23,29,3,6,8,6,3,3,5,49.5,25.5,4.0,30.0,60.0,45.0,80.0,60.0,30.0,495.0,255.0,0.20231299872838335,144,4.430558592335017e-05,0.047342490558034835,0.0020668018975633622,0.003945076055098771
894,samples/sample_000894.npz,rectangular_body_000894,21,34,2,17,7,9,13,15,2,7,8,27.0,9.0,7.5,70.0,90.0,80.0,130.0,150.0,20.0,270.0,90.0,0.7883134562367515,390,0.0006681158364885739,0.1623578779013663,0.017018992186042844,0.023688005480489254
895,samples/sample_000895.npz,rectangular_body_000895,27,40,7,21,4,8,13,14,4,4,7,33.0,13.5,5.5,40.0,80.0,60.0,130.0,140.0,40.0,330.0,135.0,0.9542290726522507,728,0.001536621554280658,0.5211867469217792,0.04612045195287623,0.06817962432980683
896,samples/sample_000896.npz,rectangular_body_000896,13,24,8,16,8,14,11,8,6,8,13,18.0,11.5,10.5,80.0,140.0,110.0,110.0,80.0,60.0,180.0,115.0,0.42852718082060753,528,0.0005429866986941768,0.09467108735224233,0.011321445855145176,0.014176405762900992
897,samples/sample_000897.npz,rectangular_body_000897,7,22,45,55,7,12,15,10,5,7,11,14.0,49.5,9.0,70.0,120.0,95.0,150.0,100.0,50.0,140.0,495.0,0.4951626292318766,750,0.0007517022317784297,0.17147795645639463,0.019379435913747498,0.02604877778854562
898,samples/sample_000898.npz,rectangular_body_000898,48,58,17,26,4,6,10,9,2,4,5,52.5,21.0,4.5,40.0,60.0,50.0,100.0,90.0,20.0,525.0,210.0,0.21022787558249265,180,4.9604883585834926e-05,0.044515668051904045,0.0024599092966676455,0.004552150898172993
899,samples/sample_000899.npz,rectangular_body_000899,9,20,18,23,4,10,11,5,6,4,9,14.0,20.0,6.5,40.0,100.0,70.0,110.0,50.0,60.0,140.0,200.0,0.9538208441863378,330,0.0005951328349330285,0.2828530529158796,0.019779726706391366,0.030658438561153783
900,samples/sample_000900.npz,rectangular_body_000900,46,57,19,31,7,10,11,12,3,7,9,51.0,24.5,8.0,70.0,100.0,85.0,110.0,120.0,30.0,510.0,245.0,0.858979847478875,396,0.0008077347688129815,0.1882171401465731,0.019745676006829888,0.02617515090107459
901,samples/sample_000901.npz,rectangular_body_000901,12,22,11,21,7,11,10,10,4,7,10,16.5,15.5,8.5,70.0,110.0,90.0,100.0,100.0,40.0,165.0,155.0,0.967586651571946,400,0.0008557006184597744,0.21210121378657204,0.02203121204205513,0.029206575513344022
902,samples/sample_000902.npz,rectangular_body_000902,4,15,48,61,6,8,11,13,2,6,7,9.0,54.0,6.5,60.0,80.0,70.0,110.0,130.0,20.0,90.0,540.0,0.2392892315964706,286,8.138171836182688e-05,0.046932695987488435,0.0033328596550130786,0.006126383309738914
903,samples/sample_000903.npz,rectangular_body_000903,23,32,7,23,7,11,9,16,4,7,10,27.0,14.5,8.5,70.0,110.0,90.0,90.0,160.0,40.0,270.0,145.0,0.4196551002453636,576,0.0007159027476581706,0.11827651502487302,0.0143306911449138,0.017230257944339206
904,samples/sample_000904.npz,rectangular_body_000904,29,43,38,54,5,12,14,16,7,5,11,35.5,45.5,8.0,50.0,120.0,85.0,140.0,160.0,70.0,355.0,455.0,0.21656058388513985,1568,0.0010973791464652034,0.16604756145422966,0.02131928324937669,0.024810863790098635
905,samples/sample_000905.npz,rectangular_body_000905,56,60,15,31,7,13,4,16,6,7,12,57.5,22.5,9.5,70.0,130.0,100.0,40.0,160.0,60.0,575.0,225.0,0.7059335191206824,384,0.0005525345189958499,0.12440687880365785,0.012463624211897461,0.017653079859280527
906,samples/sample_000906.npz,rectangular_body_000906,35,39,21,30,4,6,4,9,2,4,5,36.5,25.0,4.5,40.0,60.0,50.0,40.0,90.0,20.0,365.0,250.0,0.7479121588528366,72,0.00014538701639826932,0.07679349035652791,0.004039267418317159,0.0066581938441512235
907,samples/sample_000907.npz,rectangular_body_000907,8,18,37,50,7,10,10,13,3,7,9,12.5,43.0,8.0,70.0,100.0,85.0,100.0,130.0,30.0,125.0,430.0,0.9963697880244762,390,0.0008263238317532803,0.21444327011000466,0.02224251028393302,0.030099058086137824
908,samples/sample_000908.npz,rectangular_body_000908,38,54,25,33,5,13,16,8,8,5,12,45.5,28.5,8.5,50.0,130.0,90.0,160.0,80.0,80.0,455.0,285.0,0.6262676339088955,1024,0.002228344023129548,0.33899456094326685,0.03970841528876426,0.04673635175499138
909,samples/sample_000909.npz,rectangular_body_000909,20,35,38,42,6,9,15,4,3,6,8,27.0,39.5,7.0,60.0,90.0,75.0,150.0,40.0,30.0,270.0,395.0,0.570001167730128,180,0.0003713031497512366,0.07030402519377305,0.006989934941894611,0.00866449197318102
910,samples/sample_000910.npz,rectangular_body_000910,5,9,33,42,5,13,4,9,8,5,12,6.5,37.0,8.5,50.0,130.0,90.0,40.0,90.0,80.0,65.0,370.0,0.8212730468249296,288,0.0004942923387711132,0.16029609621311025,0.01199795640078053,0.0184829189819949
911,samples/sample_000911.npz,rectangular_body_000911,47,54,27,40,3,9,7,13,6,3,8,50.0,33.0,5.5,30.0,90.0,60.0,70.0,130.0,60.0,500.0,330.0,0.2951559015605616,546,0.0003440527134746616,0.1581632236197416,0.010745175311147175,0.01714584951799883
912,samples/sample_000912.npz,rectangular_body_000912,2,12,25,30,2,7,10,5,5,2,6,6.5,27.0,4.0,20.0,70.0,45.0,100.0,50.0,50.0,65.0,270.0,0.8485955710020092,250,0.000257581798149982,0.3499408385589536,0.012987271241130027,0.028482390238367253
913,samples/sample_000913.npz,rectangular_body_000913,10,25,16,26,7,12,15,10,5,7,11,17.0,20.5,9.0,70.0,120.0,95.0,150.0,100.0,50.0,170.0,205.0,0.9801120088922544,750,0.0020368401526154904,0.339418997725777,0.042937056282800305,0.050402169433478396
914,samples/sample_000914.npz,rectangular_body_000914,13,24,18,32,7,9,11,14,2,7,8,18.0,24.5,7.5,70.0,90.0,80.0,110.0,140.0,20.0,180.0,245.0,0.3902534153593651,308,0.00034068571430463256,0.06810693193049583,0.007687117066358667,0.009440060533311041
915,samples/sample_000915.npz,rectangular_body_000915,6,19,9,21,8,14,13,12,6,8,13,12.0,14.5,10.5,80.0,140.0,110.0,130.0,120.0,60.0,120.0,145.0,0.5256862449745667,936,0.0010915436482428222,0.18716754013090445,0.023653124252867815,0.03003749495123895
916,samples/sample_000916.npz,rectangular_body_000916,18,23,8,12,5,8,5,4,3,5,7,20.0,9.5,6.0,50.0,80.0,65.0,50.0,40.0,30.0,200.0,95.0,0.5847888789024132,60,5.3362023480764176e-05,0.0392347845642158,0.0020950158551100166,0.003728336400791486
917,samples/sample_000917.npz,rectangular_body_000917,27,38,13,28,8,13,11,15,5,8,12,32.0,20.0,10.0,80.0,130.0,105.0,110.0,150.0,50.0,320.0,200.0,0.7989226403710872,825,0.0031316947833189535,0.2602561208561801,0.039420638614524564,0.03941129641903943
918,samples/sample_000918.npz,rectangular_body_000918,41,45,16,23,5,11,4,7,6,5,10,42.5,19.0,7.5,50.0,110.0,80.0,40.0,70.0,60.0,425.0,190.0,0.20835932236038293,168,8.886549606039511e-05,0.02867116336832841,0.002235563532785846,0.0030828904015732647
919,samples/sample_000919.npz,rectangular_body_000919,40,45,43,49,8,14,5,6,6,8,13,42.0,45.5,10.5,80.0,140.0,110.0,50.0,60.0,60.0,420.0,455.0,0.8502090215597908,180,0.00048795817328039533,0.07111342134762667,0.008590634131001732,0.009700595720603276
920,samples/sample_000920.npz,rectangular_body_000920,31,46,37,51,5,12,15,14,7,5,11,38.0,43.5,8.0,50.0,120.0,85.0,150.0,140.0,70.0,380.0,435.0,0.8124476281943622,1470,0.003837138458109883,0.6003253040540324,0.07592651662169549,0.08778084020758149
921,samples/sample_000921.npz,rectangular_body_000921,32,48,25,35,6,11,16,10,5,6,10,39.5,29.5,8.0,60.0,110.0,85.0,160.0,100.0,50.0,395.0,295.0,0.5938519789169319,800,0.002108860792734564,0.24804304817370845,0.031237136637099927,0.034629490162839956
922,samples/sample_000922.npz,rectangular_body_000922,32,48,4,8,5,11,16,4,6,5,10,39.5,5.5,7.5,50.0,110.0,80.0,160.0,40.0,60.0,395.0,55.0,0.21714173293470315,384,0.0001441136770585641,0.05319662330343448,0.004195059954429774,0.006733531567325938
923,samples/sample_000923.npz,rectangular_body_000923,26,31,45,58,8,11,5,13,3,8,10,28.0,51.0,9.0,80.0,110.0,95.0,50.0,130.0,30.0,280.0,510.0,0.409582839053503,195,0.00022922943286873045,0.040620555401203004,0.004488928185145347,0.005626155130239072
924,samples/sample_000924.npz,rectangular_body_000924,20,28,27,31,4,7,8,4,3,4,6,23.5,28.5,5.0,40.0,70.0,55.0,80.0,40.0,30.0,235.0,285.0,0.85843206219658,96,0.0002432420449763681,0.1087539732809171,0.006066878038522885,0.009622286905426486
925,samples/sample_000925.npz,rectangular_body_000925,12,20,42,53,4,7,8,11,3,4,6,15.5,47.0,5.0,40.0,70.0,55.0,80.0,110.0,30.0,155.0,470.0,0.604486334258421,264,0.0002301944881270257,0.17002385494240102,0.010538738634345004,0.0180800093223457
926,samples/sample_000926.npz,rectangular_body_000926,13,27,4,15,5,9,14,11,4,5,8,19.5,9.0,6.5,50.0,90.0,70.0,140.0,110.0,40.0,195.0,90.0,0.5054183348891013,616,0.0004933056038570079,0.21065966670266953,0.01761986210317849,0.02797736156693295
927,samples/sample_000927.npz,rectangular_body_000927,29,34,43,52,6,9,5,9,3,6,8,31.0,47.0,7.0,60.0,90.0,75.0,50.0,90.0,30.0,310.0,470.0,0.7263964545243506,135,0.00029455192646453345,0.07868559272016452,0.006381302148989145,0.008815814397875717
928,samples/sample_000928.npz,rectangular_body_000928,27,32,50,62,4,10,5,12,6,4,9,29.0,55.5,6.5,40.0,100.0,70.0,50.0,120.0,60.0,290.0,555.0,0.4935792532811751,360,0.0003389154322800712,0.15406064936963126,0.010015037569074303,0.016821698946511376
929,samples/sample_000929.npz,rectangular_body_000929,54,61,18,29,7,14,7,11,7,7,13,57.0,23.0,10.0,70.0,140.0,105.0,70.0,110.0,70.0,570.0,230.0,0.7622384936955864,539,0.0008973630671756816,0.19198600186586418,0.018925635038449913,0.026293055937356247
930,samples/sample_000930.npz,rectangular_body_000930,22,37,16,31,4,7,15,15,3,4,6,29.0,23.0,5.0,40.0,70.0,55.0,150.0,150.0,30.0,290.0,230.0,0.44681484937779214,675,0.0009094033237558391,0.2195081108210815,0.022017066681380926,0.029633796435264564
931,samples/sample_000931.npz,rectangular_body_000931,4,10,19,27,6,10,6,8,4,6,9,6.5,22.5,7.5,60.0,100.0,80.0,60.0,80.0,40.0,65.0,225.0,0.7562544920287844,192,0.00025357382719810406,0.1070202261199984,0.007530352985870759,0.012315842395301525
932,samples/sample_000932.npz,rectangular_body_000932,42,49,27,34,7,15,7,7,8,7,14,45.0,30.0,10.5,70.0,150.0,110.0,70.0,70.0,80.0,450.0,300.0,0.5222350894513712,392,0.0008796901308220421,0.09626830328622175,0.011927254142432727,0.01280940911802523
933,samples/sample_000933.npz,rectangular_body_000933,34,39,15,24,6,14,5,9,8,6,13,36.0,19.0,9.5,60.0,140.0,100.0,50.0,90.0,80.0,360.0,190.0,0.4125926996193302,360,0.0005611832265886568,0.08254051832828374,0.009020745793980373,0.010320423086988979
934,samples/sample_000934.npz,rectangular_body_000934,9,21,27,43,6,9,12,16,3,6,8,14.5,34.5,7.0,60.0,90.0,75.0,120.0,160.0,30.0,145.0,345.0,0.47705718295944505,576,0.000728620377211187,0.15626258768090878,0.017391541283655977,0.022400897235510406
935,samples/sample_000935.npz,rectangular_body_000935,21,35,36,47,6,8,14,11,2,6,7,27.5,41.0,6.5,60.0,80.0,70.0,140.0,110.0,20.0,275.0,410.0,0.6464779450368596,308,0.0006564997460324207,0.13240514253544605,0.013706680735424507,0.017246872343929374
936,samples/sample_000936.npz,rectangular_body_000936,48,57,36,47,4,8,9,11,4,4,7,52.0,41.0,5.5,40.0,80.0,60.0,90.0,110.0,40.0,520.0,410.0,0.908694497549394,396,0.0005727230757300412,0.34184052232693196,0.022716080890763275,0.03807210593620099
937,samples/sample_000937.npz,rectangular_body_000937,42,49,44,49,5,10,7,5,5,5,9,45.0,46.0,7.0,50.0,100.0,75.0,70.0,50.0,50.0,450.0,460.0,0.7449614360689776,175,0.00027053522701702256,0.11446622571810423,0.008203526375741826,0.012161386884169451
938,samples/sample_000938.npz,rectangular_body_000938,11,23,8,23,3,9,12,15,6,3,8,16.5,15.0,5.5,30.0,90.0,60.0,120.0,150.0,60.0,165.0,150.0,0.6060286263389267,1080,0.0010198000044289895,0.5034387059407043,0.04195425501704214,0.06588763641529691
939,samples/sample_000939.npz,rectangular_body_000939,14,27,11,25,2,5,13,14,3,2,4,20.0,17.5,3.0,20.0,50.0,35.0,130.0,140.0,30.0,200.0,175.0,0.5567362327179519,546,0.00037523742655469353,0.3436088922609357,0.0227131251514585,0.040555477788241034
940,samples/sample_000940.npz,rectangular_body_000940,32,40,9,15,6,14,8,6,8,6,13,35.5,11.5,9.5,60.0,140.0,100.0,80.0,60.0,80.0,355.0,115.0,0.80215126990303,384,0.0008804708783365741,0.1711007543913562,0.017017193396294684,0.021872731444725305
941,samples/sample_000941.npz,rectangular_body_000941,26,38,19,35,6,11,12,16,5,6,10,31.5,26.5,8.0,60.0,110.0,85.0,120.0,160.0,50.0,315.0,265.0,0.6132266000738589,960,0.003233189097844088,0.2943822367357342,0.039136153226268906,0.04198092812309099
942,samples/sample_000942.npz,rectangular_body_000942,52,60,46,56,7,10,8,10,3,7,9,55.5,50.5,8.0,70.0,100.0,85.0,80.0,100.0,30.0,555.0,505.0,0.7353361859825305,240,0.0002596094158256949,0.10809840207644422,0.008343470489598333,0.014008835916548385
943,samples/sample_000943.npz,rectangular_body_000943,29,45,38,52,5,7,16,14,2,5,6,36.5,44.5,5.5,50.0,70.0,60.0,160.0,140.0,20.0,365.0,445.0,0.9611971023769339,448,0.001056298433137197,0.2881241461803505,0.029949752860656785,0.04020225588263851
944,samples/sample_000944.npz,rectangular_body_000944,38,50,3,16,2,6,12,13,4,2,5,43.5,9.0,3.5,20.0,60.0,40.0,120.0,130.0,40.0,435.0,90.0,0.836431647425957,624,0.0005238969409496188,0.5974744932703371,0.03393237146671548,0.06764186717342224
945,samples/sample_000945.npz,rectangular_body_000945,16,21,17,21,4,12,5,4,8,4,11,18.0,18.5,7.5,40.0,120.0,80.0,50.0,40.0,80.0,180.0,185.0,0.8919004693052588,160,0.00032669478745360643,0.1322819438572403,0.008945975589213322,0.01305172548346787
946,samples/sample_000946.npz,rectangular_body_000946,26,33,39,44,2,4,7,5,2,2,3,29.0,41.0,2.5,20.0,40.0,30.0,70.0,50.0,20.0,290.0,410.0,0.8937473575282957,70,0.00010995324162181817,0.1742772763770736,0.005008853503749886,0.010912085138142357
947,samples/sample_000947.npz,rectangular_body_000947,29,40,11,26,8,16,11,15,8,8,15,34.0,18.0,11.5,80.0,160.0,120.0,110.0,150.0,80.0,340.0,180.0,0.9878608694437623,1320,0.005912128663183408,0.438139461746794,0.07239731375541528,0.06919683874724158
948,samples/sample_000948.npz,rectangular_body_000948,56,60,29,36,5,8,4,7,3,5,7,57.5,32.0,6.0,50.0,80.0,65.0,40.0,70.0,30.0,575.0,320.0,0.25308457216550606,84,3.663340869679745e-05,0.022659373847218698,0.0011601842639554023,0.0021617876957486857
949,samples/sample_000949.npz,rectangular_body_000949,14,29,18,22,4,6,15,4,2,4,5,21.0,19.5,4.5,40.0,60.0,50.0,150.0,40.0,20.0,210.0,195.0,0.6494763144469811,120,0.0001405516141835381,0.08684347062745948,0.005600318931545762,0.009099095346050055
950,samples/sample_000950.npz,rectangular_body_000950,47,58,19,28,6,14,11,9,8,6,13,52.0,23.0,9.5,60.0,140.0,100.0,110.0,90.0,80.0,520.0,230.0,0.31857337168049615,792,0.0006312280069176989,0.12647857808643648,0.013506047955057453,0.017455194809865328
951,samples/sample_000951.npz,rectangular_body_000951,17,29,5,11,6,10,12,6,4,6,9,22.5,7.5,7.5,60.0,100.0,80.0,120.0,60.0,40.0,225.0,75.0,0.9802774650436217,288,0.0005111722236159973,0.1890032563062375,0.015076313046644611,0.023549418343788292
952,samples/sample_000952.npz,rectangular_body_000952,12,28,3,12,2,8,16,9,6,2,7,19.5,7.0,4.5,20.0,80.0,50.0,160.0,90.0,60.0,195.0,70.0,0.6474430164850574,864,0.0006255818201340153,0.551323186513041,0.033143943706248624,0.06411793431788816
953,samples/sample_000953.npz,rectangular_body_000953,13,18,18,30,7,13,5,12,6,7,12,15.0,23.5,9.5,70.0,130.0,100.0,50.0,120.0,60.0,150.0,235.0,0.8934598116187342,360,0.0009404213986614234,0.1602228902110414,0.0184616667536959,0.022008078988932544
954,samples/sample_000954.npz,rectangular_body_000954,26,39,29,42,7,15,13,13,8,7,14,32.0,35.0,10.5,70.0,150.0,110.0,130.0,130.0,80.0,320.0,350.0,0.3597666653564333,1352,0.0033762338489972355,0.18735109282340429,0.029750098019584996,0.027529690244801227
955,samples/sample_000955.npz,rectangular_body_000955,43,55,9,16,8,12,12,7,4,8,11,48.5,12.0,9.5,80.0,120.0,100.0,120.0,70.0,40.0,485.0,120.0,0.7508415264674235,336,0.0005148843587135494,0.11919504016565322,0.01273908998871597,0.017359257484647686
956,samples/sample_000956.npz,rectangular_body_000956,38,47,27,39,2,6,9,12,4,2,5,42.0,32.5,3.5,20.0,60.0,40.0,90.0,120.0,40.0,420.0,325.0,0.8979767628774495,432,0.0008618095344783941,0.5350119536963451,0.02982496681031744,0.0521542216083272
957,samples/sample_000957.npz,rectangular_body_000957,36,44,28,40,2,5,8,12,3,2,4,39.5,33.5,3.0,20.0,50.0,35.0,80.0,120.0,30.0,395.0,335.0,0.2580464566091729,288,0.00016060909377192713,0.11756401071304029,0.005865075052262135,0.010788187580381945
958,samples/sample_000958.npz,rectangular_body_000958,23,31,15,29,4,11,8,14,7,4,10,26.5,21.5,7.0,40.0,110.0,75.0,80.0,140.0,70.0,265.0,215.0,0.256654875664467,784,0.0006596746165582959,0.14182821753160693,0.013569916653825943,0.017381559896380062
959,samples/sample_000959.npz,rectangular_body_000959,39,54,37,53,8,16,15,16,8,8,15,46.0,44.5,11.5,80.0,160.0,120.0,150.0,160.0,80.0,460.0,445.0,0.684178240371618,1920,0.00414942991612782,0.4060855389482786,0.06804966521281879,0.06985804255827008
960,samples/sample_000960.npz,rectangular_body_000960,5,18,17,32,7,9,13,15,2,7,8,11.0,24.0,7.5,70.0,90.0,80.0,130.0,150.0,20.0,110.0,240.0,0.5205721800609728,390,0.0004380180189495931,0.10721496062681071,0.011709948822930598,0.015810194608497426
961,samples/sample_000961.npz,rectangular_body_000961,44,48,38,50,5,11,4,12,6,5,10,45.5,43.5,7.5,50.0,110.0,80.0,40.0,120.0,60.0,455.0,435.0,0.7670377788938159,288,0.000517538742928196,0.15838740624178593,0.013804783951119063,0.018904722761858152
962,samples/sample_000962.npz,rectangular_body_000962,32,48,33,44,4,7,16,11,3,4,6,39.5,38.0,5.0,40.0,70.0,55.0,160.0,110.0,30.0,395.0,380.0,0.5855065272662064,528,0.0008152021145270809,0.24888201666148507,0.022469862878757314,0.03144737956857354
963,samples/sample_000963.npz,rectangular_body_000963,5,15,40,55,2,8,10,15,6,2,7,9.5,47.0,4.5,20.0,80.0,50.0,100.0,150.0,60.0,95.0,470.0,0.26389730262846733,900,0.0002625769108405356,0.23370344767148826,0.014621630603636856,0.027631444851737984
964,samples/sample_000964.npz,rectangular_body_000964,20,25,44,53,7,14,5,9,7,7,13,22.0,48.0,10.0,70.0,140.0,105.0,50.0,90.0,70.0,220.0,480.0,0.6927991957939571,315,0.0006342362973383105,0.10830308441496209,0.012200523550908081,0.014564467007006246
965,samples/sample_000965.npz,rectangular_body_000965,44,53,41,53,4,7,9,12,3,4,6,48.0,46.5,5.0,40.0,70.0,55.0,90.0,120.0,30.0,480.0,465.0,0.9380579850317419,324,0.00043894891919375945,0.3025190636975791,0.020023410215015625,0.03380845241239034
966,samples/sample_000966.npz,rectangular_body_000966,25,35,27,41,2,10,10,14,8,2,9,29.5,33.5,5.5,20.0,100.0,60.0,100.0,140.0,80.0,295.0,335.0,0.9201610442955819,1120,0.004439569125315844,0.9189275724265792,0.075433817819945,0.1055144315481249
967,samples/sample_000967.npz,rectangular_body_000967,29,40,34,47,8,14,11,13,6,8,13,34.0,40.0,10.5,80.0,140.0,110.0,110.0,130.0,60.0,340.0,400.0,0.25938833192273497,858,0.0011565870014218673,0.08621462394506343,0.013339529661633022,0.012767188616397647
968,samples/sample_000968.npz,rectangular_body_000968,10,25,21,30,4,12,15,9,8,4,11,17.0,25.0,7.5,40.0,120.0,80.0,150.0,90.0,80.0,170.0,250.0,0.2219280994774958,1080,0.0006621928720076382,0.15078805454818114,0.01524474172821981,0.019673858400620553
969,samples/sample_000969.npz,rectangular_body_000969,41,45,14,23,7,12,4,9,5,7,11,42.5,18.0,9.0,70.0,120.0,95.0,40.0,90.0,50.0,425.0,180.0,0.8593242347945205,180,0.00043882991855096056,0.08825389050750837,0.009209236863766432,0.011296050271782319
970,samples/sample_000970.npz,rectangular_body_000970,13,28,29,37,3,6,15,8,3,3,5,20.0,32.5,4.0,30.0,60.0,45.0,150.0,80.0,30.0,200.0,325.0,0.7469486838616419,360,0.0006338841968573154,0.2996188733560554,0.020138740138758174,0.03254316845535937
971,samples/sample_000971.npz,rectangular_body_000971,23,38,39,44,7,12,15,5,5,7,11,30.0,41.0,9.0,70.0,120.0,95.0,150.0,50.0,50.0,300.0,410.0,0.9680249985908793,375,0.001657208890191417,0.18068622299420273,0.02293105035255513,0.024637301954502155
972,samples/sample_000972.npz,rectangular_body_000972,49,54,45,57,6,8,5,12,2,6,7,51.0,50.5,6.5,60.0,80.0,70.0,50.0,120.0,20.0,510.0,505.0,0.7231699501718767,120,0.00012363910009680008,0.06989542724966877,0.004884677718015698,0.008274094654723473
973,samples/sample_000973.npz,rectangular_body_000973,56,61,37,51,6,10,5,14,4,6,9,58.0,43.5,7.5,60.0,100.0,80.0,50.0,140.0,40.0,580.0,435.0,0.8402518377497079,280,0.00036354623017160245,0.15205131801651522,0.011322991968982185,0.018891788646831387
974,samples/sample_000974.npz,rectangular_body_000974,35,39,18,32,8,12,4,14,4,8,11,36.5,24.5,9.5,80.0,120.0,100.0,40.0,140.0,40.0,365.0,245.0,0.5005034222154676,224,0.0005232046007452545,0.05232182928015469,0.006990783548656649,0.0072296682297899525
975,samples/sample_000975.npz,rectangular_body_000975,47,62,33,38,4,9,15,5,5,4,8,54.0,35.0,6.0,40.0,90.0,65.0,150.0,50.0,50.0,540.0,350.0,0.2921848938515961,375,0.00020455330908976648,0.09271350774085382,0.006505951370016237,0.010685637527942797
976,samples/sample_000976.npz,rectangular_body_000976,40,52,20,30,3,5,12,10,2,3,4,45.5,24.5,3.5,30.0,50.0,40.0,120.0,100.0,20.0,455.0,245.0,0.23190540291392356,240,8.788121856340486e-05,0.0712092770900637,0.004154014654312568,0.007348018729524908
977,samples/sample_000977.npz,rectangular_body_000977,3,15,37,53,2,5,12,16,3,2,4,8.5,44.5,3.0,20.0,50.0,35.0,120.0,160.0,30.0,85.0,445.0,0.813360580789096,576,0.0004065278268600257,0.506024766053199,0.030645833510831378,0.06191245910076337
978,samples/sample_000978.npz,rectangular_body_000978,21,25,29,37,5,12,4,8,7,5,11,22.5,32.5,8.0,50.0,120.0,85.0,40.0,80.0,70.0,225.0,325.0,0.9785005957691788,224,0.0009419158276056387,0.1623256095190337,0.014475684836063454,0.01788175073255199
979,samples/sample_000979.npz,rectangular_body_000979,5,21,39,53,5,12,16,14,7,5,11,12.5,45.5,8.0,50.0,120.0,85.0,160.0,140.0,70.0,125.0,455.0,0.872079533643006,1568,0.0027183224814749268,0.6686659132591699,0.07609670392145916,0.10297164762931116
980,samples/sample_000980.npz,rectangular_body_000980,10,23,27,43,3,8,13,16,5,3,7,16.0,34.5,5.0,30.0,80.0,55.0,130.0,160.0,50.0,160.0,345.0,0.9036125081850517,1040,0.002054718608114331,0.7201396523937743,0.0655923805893061,0.09580430898962537
981,samples/sample_000981.npz,rectangular_body_000981,6,15,53,61,3,11,9,8,8,3,10,10.0,56.5,6.5,30.0,110.0,70.0,90.0,80.0,80.0,100.0,565.0,0.740783722138481,576,0.000482230478985928,0.40379404913257994,0.02036976371767322,0.04183712701469189
982,samples/sample_000982.npz,rectangular_body_000982,40,46,11,25,4,6,6,14,2,4,5,42.5,17.5,4.5,40.0,60.0,50.0,60.0,140.0,20.0,425.0,175.0,0.37709363389662054,168,0.0001047901851240343,0.0698816197313228,0.004475333069905748,0.007424182688116255
983,samples/sample_000983.npz,rectangular_body_000983,32,47,40,46,3,7,15,6,4,3,6,39.0,42.5,4.5,30.0,70.0,50.0,150.0,60.0,40.0,390.0,425.0,0.8165969443983097,360,0.0006098498020428411,0.32131780346098243,0.021500212585815602,0.03412931430349796
984,samples/sample_000984.npz,rectangular_body_000984,33,40,40,47,8,12,7,7,4,8,11,36.0,43.0,9.5,80.0,120.0,100.0,70.0,70.0,40.0,360.0,430.0,0.7810422627378169,196,0.0006039135604198581,0.07882409622782373,0.00934925806408359,0.010323524473103193
985,samples/sample_000985.npz,rectangular_body_000985,47,58,19,33,3,10,11,14,7,3,9,52.0,25.5,6.0,30.0,100.0,65.0,110.0,140.0,70.0,520.0,255.0,0.6562668182189669,1078,0.001326414647434675,0.546413089474777,0.04415660325502253,0.06867695919507179
986,samples/sample_000986.npz,rectangular_body_000986,49,54,46,57,6,9,5,11,3,6,8,51.0,51.0,7.0,60.0,90.0,75.0,50.0,110.0,30.0,510.0,510.0,0.40078226366392244,165,9.831650846887306e-05,0.05035578329048226,0.003611507342237828,0.006017212386939875
987,samples/sample_000987.npz,rectangular_body_000987,25,29,30,41,8,13,4,11,5,8,12,26.5,35.0,10.0,80.0,130.0,105.0,40.0,110.0,50.0,265.0,350.0,0.41387426790984166,220,0.0005032536852177073,0.04227701751829359,0.005647849294730032,0.005671722520150686
988,samples/sample_000988.npz,rectangular_body_000988,31,43,21,35,6,13,12,14,7,6,12,36.5,27.5,9.0,60.0,130.0,95.0,120.0,140.0,70.0,365.0,275.0,0.9867455222147938,1176,0.005875651523975095,0.5412495213910702,0.07428753523439502,0.07680336800376092
989,samples/sample_000989.npz,rectangular_body_000989,41,46,36,46,3,9,5,10,6,3,8,43.0,40.5,5.5,30.0,90.0,60.0,50.0,100.0,60.0,430.0,405.0,0.7687722808852782,300,0.0005128276699527763,0.2688436744139214,0.016171076955243478,0.02543970097816137
990,samples/sample_000990.npz,rectangular_body_000990,20,31,7,17,8,11,11,10,3,8,10,25.0,11.5,9.0,80.0,110.0,95.0,110.0,100.0,30.0,250.0,115.0,0.9703049627549292,330,0.0008287990616816371,0.15760076367622816,0.017733311518128347,0.02246485395824774
991,samples/sample_000991.npz,rectangular_body_000991,5,13,46,54,8,12,8,8,4,8,11,8.5,49.5,9.5,80.0,120.0,100.0,80.0,80.0,40.0,85.0,495.0,0.4619771002191011,256,0.00021100950252005423,0.058895646092035125,0.00546897951655226,0.0081886696823889
992,samples/sample_000992.npz,rectangular_body_000992,39,46,11,24,2,10,7,13,8,2,9,42.0,17.0,5.5,20.0,100.0,60.0,70.0,130.0,80.0,420.0,170.0,0.6094851097787979,728,0.0008454136032172903,0.46343674356238446,0.030186488713048486,0.04833188302955757
993,samples/sample_000993.npz,rectangular_body_000993,16,32,41,47,7,14,16,6,7,7,13,23.5,43.5,10.0,70.0,140.0,105.0,160.0,60.0,70.0,235.0,435.0,0.9587634215723835,672,0.002320156837001571,0.27356942446014443,0.03786204776842549,0.04017028346671562
994,samples/sample_000994.npz,rectangular_body_000994,2,15,7,22,8,14,13,15,6,8,13,8.0,14.0,10.5,80.0,140.0,110.0,130.0,150.0,60.0,80.0,140.0,0.33611185311229513,1170,0.0007648801511118907,0.1419565029441161,0.017041651214599864,0.02316467091208031
995,samples/sample_000995.npz,rectangular_body_000995,30,46,51,61,3,5,16,10,2,3,4,37.5,55.5,3.5,30.0,50.0,40.0,160.0,100.0,20.0,375.0,555.0,0.9785821094310558,320,0.0003482446618048703,0.33631661738290836,0.02007711254295652,0.0392584995364322
996,samples/sample_000996.npz,rectangular_body_000996,32,47,30,41,2,4,15,11,2,2,3,39.0,35.0,2.5,20.0,40.0,30.0,150.0,110.0,20.0,390.0,350.0,0.5289617898344134,330,0.00032877923857715105,0.22555168739375783,0.013982389890447925,0.0248891920853285
997,samples/sample_000997.npz,rectangular_body_000997,57,62,45,57,6,13,5,12,7,6,12,59.0,50.5,9.0,60.0,130.0,95.0,50.0,120.0,70.0,590.0,505.0,0.2923434147585715,420,0.00017887592931707457,0.06793507173257216,0.004932135823316988,0.008486385349178505
998,samples/sample_000998.npz,rectangular_body_000998,15,26,33,47,8,11,11,14,3,8,10,20.0,39.5,9.0,80.0,110.0,95.0,110.0,140.0,30.0,200.0,395.0,0.35472131183717104,462,0.0005578693781898853,0.07457924497999883,0.010009035347626542,0.010963468723475813
999,samples/sample_000999.npz,rectangular_body_000999,12,22,3,9,8,13,10,6,5,8,12,16.5,5.5,10.0,80.0,130.0,105.0,100.0,60.0,50.0,165.0,55.0,0.5786393448726141,300,0.00031832288453999085,0.08035589370218707,0.007464044286273115,0.011077155439826807
1000,samples/sample_001000.npz,rectangular_body_001000,22,37,24,40,3,7,15,16,4,3,6,29.0,31.5,4.5,30.0,70.0,50.0,150.0,160.0,40.0,290.0,315.0,0.2102947845960606,960,0.0008226381480169127,0.153655424642217,0.0152332418684465,0.020781692442944602
1001,samples/sample_001001.npz,rectangular_body_001001,7,23,43,51,4,8,16,8,4,4,7,14.5,46.5,5.5,40.0,80.0,60.0,160.0,80.0,40.0,145.0,465.0,0.4402465758725372,512,0.000345571189711402,0.18391956714250837,0.014353400708726111,0.022920136370088162
1002,samples/sample_001002.npz,rectangular_body_001002,20,28,46,58,8,14,8,12,6,8,13,23.5,51.5,10.5,80.0,140.0,110.0,80.0,120.0,60.0,235.0,515.0,0.9990795176366956,576,0.0016130706410367231,0.236246980272001,0.029822129362741406,0.03536518712897435
1003,samples/sample_001003.npz,rectangular_body_001003,40,48,16,26,5,11,8,10,6,5,10,43.5,20.5,7.5,50.0,110.0,80.0,80.0,100.0,60.0,435.0,205.0,0.7931708977966812,480,0.0009879011703464065,0.26842829510531074,0.02432620666894047,0.03225253727593088
1004,samples/sample_001004.npz,rectangular_body_001004,2,11,12,25,7,9,9,13,2,7,8,6.0,18.0,7.5,70.0,90.0,80.0,90.0,130.0,20.0,60.0,180.0,0.5283125497725243,234,0.00019073645235168378,0.07515387744826113,0.006057115285043831,0.00986131358675408
1005,samples/sample_001005.npz,rectangular_body_001005,24,29,22,34,7,10,5,12,3,7,9,26.0,27.5,8.0,70.0,100.0,85.0,50.0,120.0,30.0,260.0,275.0,0.6595552944826315,180,0.0005353792976186161,0.07299661699617627,0.007885965895698436,0.009081823944884646
1006,samples/sample_001006.npz,rectangular_body_001006,44,49,36,52,4,8,5,16,4,4,7,46.0,43.5,5.5,40.0,80.0,60.0,50.0,160.0,40.0,460.0,435.0,0.6119805231251456,320,0.00035743247101898865,0.17285921901381124,0.01315916458531181,0.020110443034043288
1007,samples/sample_001007.npz,rectangular_body_001007,16,22,3,13,3,9,6,10,6,3,8,18.5,7.5,5.5,30.0,90.0,60.0,60.0,100.0,60.0,185.0,75.0,0.2133111586331765,360,9.84778711709105e-05,0.08648302787441756,0.004389190136523412,0.008462170375946957
1008,samples/sample_001008.npz,rectangular_body_001008,17,26,13,18,6,12,9,5,6,6,11,21.0,15.0,8.5,60.0,120.0,90.0,90.0,50.0,60.0,210.0,150.0,0.8617316259629746,270,0.0005772539522382181,0.14753548664807425,0.013750271202563872,0.018146280015334845
1009,samples/sample_001009.npz,rectangular_body_001009,14,21,10,22,3,6,7,12,3,3,5,17.0,15.5,4.0,30.0,60.0,45.0,70.0,120.0,30.0,170.0,155.0,0.20834134368086643,252,6.643851585520376e-05,0.06937030481795753,0.003652778387719533,0.006771013593951795
1010,samples/sample_001010.npz,rectangular_body_001010,2,11,41,46,5,10,9,5,5,5,9,6.0,43.0,7.0,50.0,100.0,75.0,90.0,50.0,50.0,60.0,430.0,0.8893765358713097,225,0.00030605741569435653,0.16705425360839085,0.010259761792372965,0.017972386020029048
1011,samples/sample_001011.npz,rectangular_body_001011,31,41,44,51,8,15,10,7,7,8,14,35.5,47.0,11.0,80.0,150.0,115.0,100.0,70.0,70.0,355.0,470.0,0.607543974064851,490,0.0011384603396136694,0.12089950520372598,0.016548603960297486,0.017493218569396774
1012,samples/sample_001012.npz,rectangular_body_001012,31,37,5,18,8,13,6,13,5,8,12,33.5,11.0,10.0,80.0,130.0,105.0,60.0,130.0,50.0,335.0,110.0,0.6873129398539712,390,0.0008347803733068945,0.11771350539513044,0.014236851443547886,0.017106138573080812
1013,samples/sample_001013.npz,rectangular_body_001013,47,54,17,28,5,12,7,11,7,5,11,50.0,22.0,8.0,50.0,120.0,85.0,70.0,110.0,70.0,500.0,220.0,0.9861189536950283,539,0.001208972409614869,0.35021346259400205,0.03132571478009201,0.04336342556335757
1014,samples/sample_001014.npz,rectangular_body_001014,30,43,35,51,2,10,13,16,8,2,9,36.0,42.5,5.5,20.0,100.0,60.0,130.0,160.0,80.0,360.0,425.0,0.4180730791472995,1664,0.0018711219294244301,0.5155701231593027,0.04923683361231811,0.0680733238660836
1015,samples/sample_001015.npz,rectangular_body_001015,23,37,25,34,7,11,14,9,4,7,10,29.5,29.0,8.5,70.0,110.0,90.0,140.0,90.0,40.0,295.0,290.0,0.8254979192060481,504,0.0024360001114155727,0.21350064637600358,0.027338636911582122,0.028972732024337543
1016,samples/sample_001016.npz,rectangular_body_001016,40,45,12,26,8,15,5,14,7,8,14,42.0,18.5,11.0,80.0,150.0,115.0,50.0,140.0,70.0,420.0,185.0,0.5799266403890755,490,0.0009786103282236156,0.1099058898612603,0.015705216179264733,0.0164977939197765
1017,samples/sample_001017.npz,rectangular_body_001017,31,35,12,24,3,8,4,12,5,3,7,32.5,17.5,5.0,30.0,80.0,55.0,40.0,120.0,50.0,325.0,175.0,0.5667331036884594,240,0.0003340323029440579,0.16226997884289668,0.009684859041306301,0.015641808220899996
1018,samples/sample_001018.npz,rectangular_body_001018,32,38,28,39,4,10,6,11,6,4,9,34.5,33.0,6.5,40.0,100.0,70.0,60.0,110.0,60.0,345.0,330.0,0.7374132992252171,396,0.0013819188348814541,0.2555766459194395,0.02065785278076701,0.027357409188328834
1019,samples/sample_001019.npz,rectangular_body_001019,57,62,3,10,6,9,5,7,3,6,8,59.0,6.0,7.0,60.0,90.0,75.0,50.0,70.0,30.0,590.0,60.0,0.8517869414811048,105,9.051677814078106e-05,0.07517146585984531,0.0033639731763661076,0.0074907867138312625
1020,samples/sample_001020.npz,rectangular_body_001020,16,23,47,56,2,5,7,9,3,2,4,19.0,51.0,3.0,20.0,50.0,35.0,70.0,90.0,30.0,190.0,510.0,0.993455205288974,189,0.0001840890781181272,0.36930695570035277,0.013334789860492285,0.029205627395398805
1021,samples/sample_001021.npz,rectangular_body_001021,52,59,34,41,6,12,7,7,6,6,11,55.0,37.0,8.5,60.0,120.0,90.0,70.0,70.0,60.0,550.0,370.0,0.6971554717614598,294,0.0004542609935752632,0.13102392848327948,0.010810809426539152,0.015861401309498195
1022,samples/sample_001022.npz,rectangular_body_001022,24,34,11,27,6,11,10,16,5,6,10,28.5,18.5,8.0,60.0,110.0,85.0,100.0,160.0,50.0,285.0,185.0,0.9987002541516776,800,0.002775409936064335,0.4171420890091286,0.05075116045167405,0.059157721039083164
1023,samples/sample_001023.npz,rectangular_body_001023,42,47,22,34,4,9,5,12,5,4,8,44.0,27.5,6.0,40.0,90.0,65.0,50.0,120.0,50.0,440.0,275.0,0.28552171118480807,300,0.00023198794413818174,0.08034935104905643,0.005932385833629734,0.008564404093147005
1024,samples/sample_001024.npz,rectangular_body_001024,49,61,11,15,2,5,12,4,3,2,4,54.5,12.5,3.0,20.0,50.0,35.0,120.0,40.0,30.0,545.0,125.0,0.6928695671596321,144,7.299714637924338e-05,0.18834276843751901,0.006269074670952279,0.015315959635153547
1025,samples/sample_001025.npz,rectangular_body_001025,51,59,48,56,7,13,8,8,6,7,12,54.5,51.5,9.5,70.0,130.0,100.0,80.0,80.0,60.0,545.0,515.0,0.5713752888010992,384,0.00037048755632200535,0.11279934215598465,0.009837833069561736,0.015337213250906704
1026,samples/sample_001026.npz,rectangular_body_001026,36,51,19,32,7,9,15,13,2,7,8,43.0,25.0,7.5,70.0,90.0,80.0,150.0,130.0,20.0,430.0,250.0,0.8037099348073442,390,0.0009811021271690244,0.1655288743390384,0.02034012082641474,0.023860385773114605
1027,samples/sample_001027.npz,rectangular_body_001027,38,52,21,27,5,8,14,6,3,5,7,44.5,23.5,6.0,50.0,80.0,65.0,140.0,60.0,30.0,445.0,235.0,0.7451006270583092,252,0.00044091837606445453,0.15469765562544166,0.012757960548457665,0.018165399763314247
1028,samples/sample_001028.npz,rectangular_body_001028,26,39,25,36,5,13,13,11,8,5,12,32.0,30.0,8.5,50.0,130.0,90.0,130.0,110.0,80.0,320.0,300.0,0.8634892716633054,1144,0.006409595110548326,0.5322566014516276,0.06515731602832059,0.07038534036647268
1029,samples/sample_001029.npz,rectangular_body_001029,23,34,27,33,5,9,11,6,4,5,8,28.0,29.5,6.5,50.0,90.0,70.0,110.0,60.0,40.0,280.0,295.0,0.23121913591075816,264,0.0002777945069774289,0.051023368502037925,0.004309959822194718,0.005628411223751546
1030,samples/sample_001030.npz,rectangular_body_001030,26,40,11,21,7,11,14,10,4,7,10,32.5,15.5,8.5,70.0,110.0,90.0,140.0,100.0,40.0,325.0,155.0,0.9974585431271044,560,0.0018892899647531295,0.280744242370062,0.03393229325985269,0.04004964286319857
1031,samples/sample_001031.npz,rectangular_body_001031,27,37,31,42,6,11,10,11,5,6,10,31.5,36.0,8.0,60.0,110.0,85.0,100.0,110.0,50.0,315.0,360.0,0.32945453785693046,550,0.001002914573714779,0.10735942697499544,0.0121088815249119,0.013689607050295283
1032,samples/sample_001032.npz,rectangular_body_001032,28,38,43,51,3,6,10,8,3,3,5,32.5,46.5,4.0,30.0,60.0,45.0,100.0,80.0,30.0,325.0,465.0,0.6127153521814651,240,0.0002934254935252628,0.20292187766315606,0.010805922368109304,0.01902944440771588
1033,samples/sample_001033.npz,rectangular_body_001033,22,28,35,51,5,12,6,16,7,5,11,24.5,42.5,8.0,50.0,120.0,85.0,60.0,160.0,70.0,245.0,425.0,0.9390510336786826,672,0.002060698571608994,0.3668264300609275,0.040439787384405484,0.04844188328794954
1034,samples/sample_001034.npz,rectangular_body_001034,51,61,4,20,2,5,10,16,3,2,4,55.5,11.5,3.0,20.0,50.0,35.0,100.0,160.0,30.0,555.0,115.0,0.9583474340282814,480,0.00031974487751577224,0.5457673082717613,0.027402731083656366,0.06239163570043765
1035,samples/sample_001035.npz,rectangular_body_001035,22,38,47,57,3,6,16,10,3,3,5,29.5,51.5,4.0,30.0,60.0,45.0,160.0,100.0,30.0,295.0,515.0,0.2154292273981236,480,0.00016349121370598985,0.10228240744467432,0.007127308305118914,0.01226170526663299
1036,samples/sample_001036.npz,rectangular_body_001036,38,46,39,55,2,9,8,16,7,2,8,41.5,46.5,5.0,20.0,90.0,55.0,80.0,160.0,70.0,415.0,465.0,0.479829013837858,896,0.0007667045684037754,0.40840473501112784,0.029628308678534186,0.04720836016660985
1037,samples/sample_001037.npz,rectangular_body_001037,28,33,10,19,7,15,5,9,8,7,14,30.0,14.0,10.5,70.0,150.0,110.0,50.0,90.0,80.0,300.0,140.0,0.8010552198625194,360,0.0010543184983292544,0.13472657869417112,0.01599084862789409,0.01826718928125276
1038,samples/sample_001038.npz,rectangular_body_001038,15,26,8,14,8,16,11,6,8,8,15,20.0,10.5,11.5,80.0,160.0,120.0,110.0,60.0,80.0,200.0,105.0,0.8589243187941955,528,0.0011920575936919678,0.17321807460484223,0.021808930899996387,0.026189259393712847
1039,samples/sample_001039.npz,rectangular_body_001039,37,47,18,26,3,9,10,8,6,3,8,41.5,21.5,5.5,30.0,90.0,60.0,100.0,80.0,60.0,415.0,215.0,0.9624552167764064,480,0.0010496794145516645,0.4884066368443223,0.032464611630512244,0.04984821330100437
1040,samples/sample_001040.npz,rectangular_body_001040,14,25,31,43,3,9,11,12,6,3,8,19.0,36.5,5.5,30.0,90.0,60.0,110.0,120.0,60.0,190.0,365.0,0.3099606792307512,792,0.0006061615025341391,0.21795636862832155,0.017249301246075856,0.02522934795521296
1041,samples/sample_001041.npz,rectangular_body_001041,34,46,6,14,8,11,12,8,3,8,10,39.5,9.5,9.0,80.0,110.0,95.0,120.0,80.0,30.0,395.0,95.0,0.6009565481443055,288,0.00039958476892675113,0.08614205250903306,0.00914593184790232,0.012199058749380093
1042,samples/sample_001042.npz,rectangular_body_001042,22,34,20,27,4,10,12,7,6,4,9,27.5,23.0,6.5,40.0,100.0,70.0,120.0,70.0,60.0,275.0,230.0,0.6690124013461509,504,0.001144957079355604,0.27951229837494196,0.023419631634493152,0.03133700011649466
1043,samples/sample_001043.npz,rectangular_body_001043,17,29,17,27,4,12,12,10,8,4,11,22.5,21.5,7.5,40.0,120.0,80.0,120.0,100.0,80.0,225.0,215.0,0.8592939233919743,960,0.002465397820048682,0.5504166925605751,0.05392934505264811,0.06856821735552827
1044,samples/sample_001044.npz,rectangular_body_001044,26,33,41,56,4,9,7,15,5,4,8,29.0,48.0,6.0,40.0,90.0,65.0,70.0,150.0,50.0,290.0,480.0,0.8440177460278235,525,0.001081036811474268,0.3583838019393087,0.029417322190425775,0.04282823338140381
1045,samples/sample_001045.npz,rectangular_body_001045,53,58,8,21,3,10,5,13,7,3,9,55.0,14.0,6.0,30.0,100.0,65.0,50.0,130.0,70.0,550.0,140.0,0.6242691051014291,455,0.0003508424820804285,0.2732467283954787,0.015489883933030798,0.029311749863731612
1046,samples/sample_001046.npz,rectangular_body_001046,15,23,31,35,5,13,8,4,8,5,12,18.5,32.5,8.5,50.0,130.0,90.0,80.0,40.0,80.0,185.0,325.0,0.2699551465216127,256,0.0002620610168169789,0.0477755838409413,0.004365779280130912,0.005424431131303522
1047,samples/sample_001047.npz,rectangular_body_001047,24,36,4,19,6,10,12,15,4,6,9,29.5,11.0,7.5,60.0,100.0,80.0,120.0,150.0,40.0,295.0,110.0,0.7267987058414358,720,0.0013101242643203327,0.28649422057656837,0.030531081360357332,0.041087615760873594
1048,samples/sample_001048.npz,rectangular_body_001048,28,39,49,60,2,8,11,11,6,2,7,33.0,54.0,4.5,20.0,80.0,50.0,110.0,110.0,60.0,330.0,540.0,0.5504647798416632,726,0.0006274820861646383,0.4480707438532624,0.025699402542720084,0.047689504122522486
1049,samples/sample_001049.npz,rectangular_body_001049,15,22,35,50,5,11,7,15,6,5,10,18.0,42.0,7.5,50.0,110.0,80.0,70.0,150.0,60.0,180.0,420.0,0.2609974392940322,630,0.00041347168048414234,0.10359710666179811,0.010382262873864092,0.013478683745599334
1050,samples/sample_001050.npz,rectangular_body_001050,30,36,47,51,7,10,6,4,3,7,9,32.5,48.5,8.0,70.0,100.0,85.0,60.0,40.0,30.0,325.0,485.0,0.24297705079912557,72,5.362262296230091e-05,0.012243827694061819,0.0010780571598350457,0.0014310423334097091
1051,samples/sample_001051.npz,rectangular_body_001051,7,18,55,61,4,8,11,6,4,4,7,12.0,57.5,5.5,40.0,80.0,60.0,110.0,60.0,40.0,120.0,575.0,0.6413972516995092,264,0.00017256491858938608,0.1745680340601341,0.008448378030544991,0.017899247524728695
1052,samples/sample_001052.npz,rectangular_body_001052,28,38,40,55,2,4,10,15,2,2,3,32.5,47.0,2.5,20.0,40.0,30.0,100.0,150.0,20.0,325.0,470.0,0.9181646622237434,300,0.00039984660662712953,0.3735057643621307,0.021225102456893668,0.04015840102113983
1053,samples/sample_001053.npz,rectangular_body_001053,39,43,2,10,2,4,4,8,2,2,3,40.5,5.5,2.5,20.0,40.0,30.0,40.0,80.0,20.0,405.0,55.0,0.912399295694114,64,4.473183026373937e-05,0.1575806366038101,0.003692657027711422,0.010060604759002653
1054,samples/sample_001054.npz,rectangular_body_001054,30,37,40,44,6,14,7,4,8,6,13,33.0,41.5,9.5,60.0,140.0,100.0,70.0,40.0,80.0,330.0,415.0,0.9544251304415421,224,0.0009834218864378384,0.12418006846583439,0.013301067908451116,0.014895397375833458
1055,samples/sample_001055.npz,rectangular_body_001055,36,41,24,35,3,7,5,11,4,3,6,38.0,29.0,4.5,30.0,70.0,50.0,50.0,110.0,40.0,380.0,290.0,0.3666695438968639,220,0.00024013058132535026,0.108415878406697,0.00607063278687404,0.009824480259410732
1056,samples/sample_001056.npz,rectangular_body_001056,46,54,15,21,8,16,8,6,8,8,15,49.5,17.5,11.5,80.0,160.0,120.0,80.0,60.0,80.0,495.0,175.0,0.6317201478082783,384,0.0006543935302120792,0.09654445259046743,0.012072699948121712,0.014263983720343838
1057,samples/sample_001057.npz,rectangular_body_001057,27,33,12,20,4,10,6,8,6,4,9,29.5,15.5,6.5,40.0,100.0,70.0,60.0,80.0,60.0,295.0,155.0,0.9809697689615147,288,0.0007480899161866094,0.2705081007364375,0.018679325982545306,0.027711323596438377
1058,samples/sample_001058.npz,rectangular_body_001058,29,39,39,49,3,11,10,10,8,3,10,33.5,43.5,6.5,30.0,110.0,70.0,100.0,100.0,80.0,335.0,435.0,0.831353917018371,800,0.002086513263473679,0.5682796919237448,0.045488491724795466,0.06325605118988369
1059,samples/sample_001059.npz,rectangular_body_001059,2,16,41,51,3,11,14,10,8,3,10,8.5,45.5,6.5,30.0,110.0,70.0,140.0,100.0,80.0,85.0,455.0,0.9022742985115118,1120,0.0014890906854567996,0.7539164732975215,0.05572084584477191,0.09421378572285066
1060,samples/sample_001060.npz,rectangular_body_001060,11,27,42,58,4,10,16,16,6,4,9,18.5,49.5,6.5,40.0,100.0,70.0,160.0,160.0,60.0,185.0,495.0,0.5539470660189552,1536,0.0015345711298294065,0.47899981822930177,0.05167653669766887,0.07281071363342274
1061,samples/sample_001061.npz,rectangular_body_001061,10,15,22,35,5,9,5,13,4,5,8,12.0,28.0,6.5,50.0,90.0,70.0,50.0,130.0,40.0,120.0,280.0,0.31729109742592165,260,0.00018206652517737702,0.06632494636752315,0.005182972153151309,0.007738232739900789
1062,samples/sample_001062.npz,rectangular_body_001062,2,12,15,23,6,10,10,8,4,6,9,6.5,18.5,7.5,60.0,100.0,80.0,100.0,80.0,40.0,65.0,185.0,0.47267408987664683,320,0.00023967524239691245,0.10263784280996036,0.0075987877261269,0.012544470924018692
1063,samples/sample_001063.npz,rectangular_body_001063,56,62,22,32,6,8,6,10,2,6,7,58.5,26.5,6.5,60.0,80.0,70.0,60.0,100.0,20.0,585.0,265.0,0.5599527797450874,120,0.0001075269771706572,0.056059046953797945,0.003411571049567488,0.006076582235517009
1064,samples/sample_001064.npz,rectangular_body_001064,9,15,50,54,8,12,6,4,4,8,11,11.5,51.5,9.5,80.0,120.0,100.0,60.0,40.0,40.0,115.0,515.0,0.8237273889337267,96,0.0001452788380427082,0.04239204600049193,0.00380179216113046,0.005654539519618863
1065,samples/sample_001065.npz,rectangular_body_001065,20,29,40,49,6,9,9,9,3,6,8,24.0,44.0,7.0,60.0,90.0,75.0,90.0,90.0,30.0,240.0,440.0,0.8454282947481468,243,0.0005596785170718611,0.1520940188528021,0.013545085452414533,0.01802351389213619
1066,samples/sample_001066.npz,rectangular_body_001066,10,22,21,27,5,12,12,6,7,5,11,15.5,23.5,8.0,50.0,120.0,85.0,120.0,60.0,70.0,155.0,235.0,0.2628106309689948,504,0.00034553551515003385,0.08603324221737216,0.008109050599306451,0.010689132071292292
1067,samples/sample_001067.npz,rectangular_body_001067,23,35,44,53,8,11,12,9,3,8,10,28.5,48.0,9.0,80.0,110.0,95.0,120.0,90.0,30.0,285.0,480.0,0.5722740743995018,324,0.0006052489237574367,0.0910619108567612,0.01096771981404841,0.01285863054175149
1068,samples/sample_001068.npz,rectangular_body_001068,27,39,5,9,6,9,12,4,3,6,8,32.5,6.5,7.0,60.0,90.0,75.0,120.0,40.0,30.0,325.0,65.0,0.8093220483701544,144,0.00023296778565332768,0.08692411089601451,0.006294744991696206,0.010203925939267531
1069,samples/sample_001069.npz,rectangular_body_001069,28,32,42,51,2,5,4,9,3,2,4,29.5,46.0,3.0,20.0,50.0,35.0,40.0,90.0,30.0,295.0,460.0,0.25679108757552227,108,4.50394768304317e-05,0.062048085464047865,0.002126110000174934,0.004403723184702031
1070,samples/sample_001070.npz,rectangular_body_001070,2,17,20,29,6,10,15,9,4,6,9,9.0,24.0,7.5,60.0,100.0,80.0,150.0,90.0,40.0,90.0,240.0,0.7544194248022749,540,0.000816788977038316,0.23917970331715172,0.022426489633251973,0.0325819614803781
1071,samples/sample_001071.npz,rectangular_body_001071,39,54,18,25,2,4,15,7,2,2,3,46.0,21.0,2.5,20.0,40.0,30.0,150.0,70.0,20.0,460.0,210.0,0.5353067067392796,210,0.00012507454340765346,0.17898730222791648,0.00859103614074079,0.01709727864927784
1072,samples/sample_001072.npz,rectangular_body_001072,38,42,22,29,3,11,4,7,8,3,10,39.5,25.0,6.5,30.0,110.0,70.0,40.0,70.0,80.0,395.0,250.0,0.7292922487195492,224,0.0005109167201315793,0.18487857719852896,0.011346399421133808,0.01651690553900026
1073,samples/sample_001073.npz,rectangular_body_001073,52,60,10,19,8,13,8,9,5,8,12,55.5,14.0,10.0,80.0,130.0,105.0,80.0,90.0,50.0,555.0,140.0,0.7538543020336979,360,0.0004964110672871598,0.12479258901705458,0.01203176075040405,0.01771699481485769
1074,samples/sample_001074.npz,rectangular_body_001074,42,48,12,22,4,8,6,10,4,4,7,44.5,16.5,5.5,40.0,80.0,60.0,60.0,100.0,40.0,445.0,165.0,0.21307212432513511,240,8.84059789082502e-05,0.054446952158806614,0.0034126078094786896,0.005565712666460363
1075,samples/sample_001075.npz,rectangular_body_001075,19,31,45,60,6,10,12,15,4,6,9,24.5,52.0,7.5,60.0,100.0,80.0,120.0,150.0,40.0,245.0,520.0,0.9107611348547777,720,0.0014352509547825095,0.3590097118676113,0.03784331874681994,0.05169400466032096
1076,samples/sample_001076.npz,rectangular_body_001076,7,21,32,45,6,14,14,13,8,6,13,13.5,38.0,9.5,60.0,140.0,100.0,140.0,130.0,80.0,135.0,380.0,0.570249484940401,1456,0.002421108685322702,0.3594185198752713,0.04655391815363888,0.05456822822869175
1077,samples/sample_001077.npz,rectangular_body_001077,13,29,12,27,2,5,16,15,3,2,4,20.5,19.0,3.0,20.0,50.0,35.0,160.0,150.0,30.0,205.0,190.0,0.428184420307423,720,0.0004104130023778939,0.2912636552255804,0.02323746917579029,0.03874485358006615
1078,samples/sample_001078.npz,rectangular_body_001078,45,55,11,22,8,11,10,11,3,8,10,49.5,16.0,9.0,80.0,110.0,95.0,100.0,110.0,30.0,495.0,160.0,0.37848694787674453,330,0.00026760832637382317,0.061475346624856965,0.006719558459686866,0.008903789144481413
1079,samples/sample_001079.npz,rectangular_body_001079,6,14,16,22,8,15,8,6,7,8,14,9.5,18.5,11.0,80.0,150.0,115.0,80.0,60.0,70.0,95.0,185.0,0.6342874376911989,336,0.0005029570899595113,0.08981433623242902,0.010099456885943152,0.012993185949659418
1080,samples/sample_001080.npz,rectangular_body_001080,31,45,4,19,5,11,14,15,6,5,10,37.5,11.0,7.5,50.0,110.0,80.0,140.0,150.0,60.0,375.0,110.0,0.7653774647055811,1260,0.002167927346995086,0.5136788928744465,0.055885119711106254,0.07559299160875785
1081,samples/sample_001081.npz,rectangular_body_001081,17,30,4,16,6,14,13,12,8,6,13,23.0,9.5,9.5,60.0,140.0,100.0,130.0,120.0,80.0,230.0,95.0,0.21046266361051,1248,0.0006253245233603796,0.11866173672627096,0.01354226712646453,0.01756680800952553
1082,samples/sample_001082.npz,rectangular_body_001082,18,24,45,55,2,7,6,10,5,2,6,20.5,49.5,4.0,20.0,70.0,45.0,60.0,100.0,50.0,205.0,495.0,0.5735926864095263,300,0.00022591209458495807,0.27058707117719527,0.012004487250855518,0.023311793041178384
1083,samples/sample_001083.npz,rectangular_body_001083,19,34,28,38,3,7,15,10,4,3,6,26.0,32.5,4.5,30.0,70.0,50.0,150.0,100.0,40.0,260.0,325.0,0.8947418420013682,600,0.0018024974179644093,0.511481431799486,0.04040123534625144,0.05950854036977614
1084,samples/sample_001084.npz,rectangular_body_001084,9,14,45,51,5,10,5,6,5,5,9,11.0,47.5,7.0,50.0,100.0,75.0,50.0,60.0,50.0,110.0,475.0,0.8259819100271215,150,0.0001968238689641327,0.11072657288557106,0.007030916372970564,0.011746047099330765
1085,samples/sample_001085.npz,rectangular_body_001085,42,58,7,12,6,9,16,5,3,6,8,49.5,9.0,7.0,60.0,90.0,75.0,160.0,50.0,30.0,495.0,90.0,0.37231698630187116,240,0.00012728795912245132,0.058834409830811764,0.004661441913860347,0.007756616362909538
1086,samples/sample_001086.npz,rectangular_body_001086,9,19,35,46,3,7,10,11,4,3,6,13.5,40.0,4.5,30.0,70.0,50.0,100.0,110.0,40.0,135.0,400.0,0.4433989023887479,440,0.00030139393379011257,0.2182879484832527,0.013414921611542587,0.023181765649518515
1087,samples/sample_001087.npz,rectangular_body_001087,52,61,36,41,5,7,9,5,2,5,6,56.0,38.0,5.5,50.0,70.0,60.0,90.0,50.0,20.0,560.0,380.0,0.7137356751540842,90,9.573478488512865e-05,0.07052875626403977,0.0037115801712978144,0.006908591999262178
1088,samples/sample_001088.npz,rectangular_body_001088,31,38,52,60,5,12,7,8,7,5,11,34.0,55.5,8.0,50.0,120.0,85.0,70.0,80.0,70.0,340.0,555.0,0.3600003786829593,392,0.00031456461051750225,0.09976144321441624,0.007537189331472327,0.011541785031784593
1089,samples/sample_001089.npz,rectangular_body_001089,42,51,53,57,5,10,9,4,5,5,9,46.0,54.5,7.0,50.0,100.0,75.0,90.0,40.0,50.0,460.0,545.0,0.2624382190630032,180,7.235978991237301e-05,0.0398632261089821,0.0025710413713269805,0.00438626978424937
1090,samples/sample_001090.npz,rectangular_body_001090,22,36,41,55,2,8,14,14,6,2,7,28.5,47.5,4.5,20.0,80.0,50.0,140.0,140.0,60.0,285.0,475.0,0.8166776572079446,1176,0.001902694863770915,0.8362966720960772,0.06806810899239894,0.1063360643805335
1091,samples/sample_001091.npz,rectangular_body_001091,8,19,52,58,2,5,11,6,3,2,4,13.0,54.5,3.0,20.0,50.0,35.0,110.0,60.0,30.0,130.0,545.0,0.5933635147189109,198,8.705190172293492e-05,0.21597486426149237,0.007488097932631654,0.018030627082943347
1092,samples/sample_001092.npz,rectangular_body_001092,11,18,34,40,4,11,7,6,7,4,10,14.0,36.5,7.0,40.0,110.0,75.0,70.0,60.0,70.0,140.0,365.0,0.6581526349036833,294,0.0004671503969063853,0.17696404307019084,0.01228013489688524,0.01821231231747364
1093,samples/sample_001093.npz,rectangular_body_001093,50,54,55,60,3,6,4,5,3,3,5,51.5,57.0,4.0,30.0,60.0,45.0,40.0,50.0,30.0,515.0,570.0,0.8494311182091396,60,4.095954074482251e-05,0.10073736945984872,0.002821516680647712,0.0071381996303949875
1094,samples/sample_001094.npz,rectangular_body_001094,9,13,7,16,4,10,4,9,6,4,9,10.5,11.0,6.5,40.0,100.0,70.0,40.0,90.0,60.0,105.0,110.0,0.7115137040895563,216,0.00019988703788358661,0.14930557296764335,0.00829328097114298,0.015422073107404908
1095,samples/sample_001095.npz,rectangular_body_001095,58,62,31,41,7,15,4,10,8,7,14,59.5,35.5,10.5,70.0,150.0,110.0,40.0,100.0,80.0,595.0,355.0,0.6998511877920409,320,0.0005140692780914822,0.10325803824601099,0.009406769788895361,0.013245841851487385
1096,samples/sample_001096.npz,rectangular_body_001096,55,59,44,57,8,11,4,13,3,8,10,56.5,50.0,9.0,80.0,110.0,95.0,40.0,130.0,30.0,565.0,500.0,0.3292645572493582,156,8.173269108465475e-05,0.026286949755912302,0.002266532074635044,0.0036163540960231105
1097,samples/sample_001097.npz,rectangular_body_001097,31,38,46,61,3,11,7,15,8,3,10,34.0,53.0,6.5,30.0,110.0,70.0,70.0,150.0,80.0,340.0,530.0,0.5535471468941611,840,0.0009820116408322233,0.3680910847064675,0.02784532216737752,0.043636354643989884
1098,samples/sample_001098.npz,rectangular_body_001098,19,34,40,55,8,11,15,15,3,8,10,26.0,47.0,9.0,80.0,110.0,95.0,150.0,150.0,30.0,260.0,470.0,0.6287783537024421,675,0.0013556141634184793,0.1749241343609554,0.02504626644872147,0.027644999852860508
1099,samples/sample_001099.npz,rectangular_body_001099,19,32,45,58,3,11,13,13,8,3,10,25.0,51.0,6.5,30.0,110.0,70.0,130.0,130.0,80.0,250.0,510.0,0.9162263823072769,1352,0.0025332476931688784,0.8711838065796695,0.07682729233316546,0.11352437625072458
1100,samples/sample_001100.npz,rectangular_body_001100,34,41,57,61,3,8,7,4,5,3,7,37.0,58.5,5.0,30.0,80.0,55.0,70.0,40.0,50.0,370.0,585.0,0.6181208550963643,140,0.00011160976193476297,0.12698210268214374,0.004732521356648599,0.010164316727362597
1101,samples/sample_001101.npz,rectangular_body_001101,25,32,54,61,5,13,7,7,8,5,12,28.0,57.0,8.5,50.0,130.0,90.0,70.0,70.0,80.0,280.0,570.0,0.9178402844823181,392,0.0007748441450405531,0.24365676294912836,0.017973117447596606,0.027815295463202404
1102,samples/sample_001102.npz,rectangular_body_001102,45,59,47,55,5,7,14,8,2,5,6,51.5,50.5,5.5,50.0,70.0,60.0,140.0,80.0,20.0,515.0,505.0,0.8288982201121995,224,0.0002298677351970538,0.1588442195363698,0.010797377992883592,0.019218117561799492
1103,samples/sample_001103.npz,rectangular_body_001103,5,21,44,59,2,6,16,15,4,2,5,12.5,51.0,3.5,20.0,60.0,40.0,160.0,150.0,40.0,125.0,510.0,0.5752510603485457,960,0.0005027146530330203,0.4874521411386351,0.03535263561118684,0.06674984122605022
1104,samples/sample_001104.npz,rectangular_body_001104,17,24,32,40,8,14,7,8,6,8,13,20.0,35.5,10.5,80.0,140.0,110.0,70.0,80.0,60.0,200.0,355.0,0.6374311774353549,336,0.0009256391561737065,0.09503914064271679,0.01262111773029653,0.013067928690442978
1105,samples/sample_001105.npz,rectangular_body_001105,46,58,43,48,6,8,12,5,2,6,7,51.5,45.0,6.5,60.0,80.0,70.0,120.0,50.0,20.0,515.0,450.0,0.7663327427088444,120,0.00015140089835143593,0.07406717698692612,0.005450045178588166,0.008705216983103899
1106,samples/sample_001106.npz,rectangular_body_001106,8,20,30,42,8,10,12,12,2,8,9,13.5,35.5,8.5,80.0,100.0,90.0,120.0,120.0,20.0,135.0,355.0,0.9232795753741618,288,0.0007641353855085703,0.1321516776309723,0.015612256019688958,0.01911133997231258
1107,samples/sample_001107.npz,rectangular_body_001107,56,60,39,45,8,11,4,6,3,8,10,57.5,41.5,9.0,80.0,110.0,95.0,40.0,60.0,30.0,575.0,415.0,0.3067102055265061,72,4.201907660356402e-05,0.012775411156236706,0.0010340436360492355,0.0015788617461359707
1108,samples/sample_001108.npz,rectangular_body_001108,31,46,19,34,2,8,15,15,6,2,7,38.0,26.0,4.5,20.0,80.0,50.0,150.0,150.0,60.0,380.0,260.0,0.8323534321220496,1350,0.0030320846335880284,0.9074020541223866,0.08376595123326414,0.11958410233147368
1109,samples/sample_001109.npz,rectangular_body_001109,14,25,7,23,2,10,11,16,8,2,9,19.0,14.5,5.5,20.0,100.0,60.0,110.0,160.0,80.0,190.0,145.0,0.5450305461056952,1408,0.0012689415414617318,0.6125419529610052,0.04994694073149657,0.07840903051359008
1110,samples/sample_001110.npz,rectangular_body_001110,32,48,11,25,4,6,16,14,2,4,5,39.5,17.5,4.5,40.0,60.0,50.0,160.0,140.0,20.0,395.0,175.0,0.2277145700151566,448,0.00018800716757364405,0.07940698034329313,0.007259572612106174,0.01075749620349841
1111,samples/sample_001111.npz,rectangular_body_001111,35,42,18,29,4,9,7,11,5,4,8,38.0,23.0,6.0,40.0,90.0,65.0,70.0,110.0,50.0,380.0,230.0,0.7962406698939373,385,0.0008949943968227891,0.28447483553414016,0.021550490845040175,0.03043751973223051
1112,samples/sample_001112.npz,rectangular_body_001112,20,34,49,61,5,11,14,12,6,5,10,26.5,54.5,7.5,50.0,110.0,80.0,140.0,120.0,60.0,265.0,545.0,0.6848885966899563,1008,0.0014420543398452983,0.3972906830813442,0.03808067448633501,0.05518456514139791
1113,samples/sample_001113.npz,rectangular_body_001113,18,34,14,23,5,8,16,9,3,5,7,25.5,18.0,6.0,50.0,80.0,65.0,160.0,90.0,30.0,255.0,180.0,0.4624974058324319,432,0.0004921449686946369,0.1442395005570425,0.013603848043159388,0.01853267552988226
1114,samples/sample_001114.npz,rectangular_body_001114,20,32,22,26,7,11,12,4,4,7,10,25.5,23.5,8.5,70.0,110.0,90.0,120.0,40.0,40.0,255.0,235.0,0.7565862211093524,192,0.0005744147839459094,0.08346814154748769,0.009346944414516445,0.01065793741033905
1115,samples/sample_001115.npz,rectangular_body_001115,44,59,35,44,4,10,15,9,6,4,9,51.0,39.0,6.5,40.0,100.0,70.0,150.0,90.0,60.0,510.0,390.0,0.30682055265483693,810,0.000496067542373965,0.17769167553624315,0.01528442004898855,0.02267825888809779
1116,samples/sample_001116.npz,rectangular_body_001116,44,54,12,26,3,11,10,14,8,3,10,48.5,18.5,6.5,30.0,110.0,70.0,100.0,140.0,80.0,485.0,185.0,0.4996292785957206,1120,0.00103089720052312,0.41747697682617346,0.034966168700227306,0.05247726621572196
1117,samples/sample_001117.npz,rectangular_body_001117,32,47,17,33,5,11,15,16,6,5,10,39.0,24.5,7.5,50.0,110.0,80.0,150.0,160.0,60.0,390.0,245.0,0.909947791904614,1440,0.0047054309176774115,0.6618163693328152,0.08675759787528005,0.0978902113449345
1118,samples/sample_001118.npz,rectangular_body_001118,10,14,13,18,2,4,4,5,2,2,3,11.5,15.0,2.5,20.0,40.0,30.0,40.0,50.0,20.0,115.0,150.0,0.6197238226849838,40,1.8885805869488748e-05,0.08072071356766727,0.00175598082580549,0.00453533320859182
1119,samples/sample_001119.npz,rectangular_body_001119,21,25,36,52,8,16,4,16,8,8,15,22.5,43.5,11.5,80.0,160.0,120.0,40.0,160.0,80.0,225.0,435.0,0.7262386462067849,512,0.0014430404947568193,0.13185338217712675,0.020510322985544192,0.02028670477929864
1120,samples/sample_001120.npz,rectangular_body_001120,23,32,8,24,7,10,9,16,3,7,9,27.0,15.5,8.0,70.0,100.0,85.0,90.0,160.0,30.0,270.0,155.0,0.6481865411088252,432,0.0008232683593283195,0.1464411622620564,0.01715887031693113,0.020900730260548367
1121,samples/sample_001121.npz,rectangular_body_001121,8,22,31,40,4,6,14,9,2,4,5,14.5,35.0,4.5,40.0,60.0,50.0,140.0,90.0,20.0,145.0,350.0,0.4480462186512453,252,0.00021160234059850006,0.11374397193023257,0.007903538985327231,0.012895910202516611
1122,samples/sample_001122.npz,rectangular_body_001122,42,51,47,54,2,8,9,7,6,2,7,46.0,50.0,4.5,20.0,80.0,50.0,90.0,70.0,60.0,460.0,500.0,0.27628544154624335,378,0.0001320058182769073,0.15234916124492398,0.006954138744685195,0.013402642874869138
1123,samples/sample_001123.npz,rectangular_body_001123,25,40,48,53,5,11,15,5,6,5,10,32.0,50.0,7.5,50.0,110.0,80.0,150.0,50.0,60.0,320.0,500.0,0.994794771979127,450,0.0012436614982686335,0.29189918991879155,0.027507808045924682,0.037123709375868494
1124,samples/sample_001124.npz,rectangular_body_001124,44,59,34,48,7,9,15,14,2,7,8,51.0,40.5,7.5,70.0,90.0,80.0,150.0,140.0,20.0,510.0,405.0,0.20350914942418755,420,0.0001838686330665188,0.04397973954707997,0.004976305382961154,0.006611443295520172
1125,samples/sample_001125.npz,rectangular_body_001125,45,53,11,17,6,8,8,6,2,6,7,48.5,13.5,6.5,60.0,80.0,70.0,80.0,60.0,20.0,485.0,135.0,0.8475655819503722,96,0.00012833048323726708,0.07149479524363911,0.004841199470255145,0.00793925412133726
1126,samples/sample_001126.npz,rectangular_body_001126,27,33,19,33,6,14,6,14,8,6,13,29.5,25.5,9.5,60.0,140.0,100.0,60.0,140.0,80.0,295.0,255.0,0.9668003948666155,672,0.0035255249113190835,0.317857963679324,0.04097236579263227,0.04254017106389978
1127,samples/sample_001127.npz,rectangular_body_001127,12,24,24,33,8,10,12,9,2,8,9,17.5,28.0,8.5,80.0,100.0,90.0,120.0,90.0,20.0,175.0,280.0,0.21140936180915207,216,0.00015596246324401478,0.024091520743029955,0.002826805953846526,0.003302804447333765
1128,samples/sample_001128.npz,rectangular_body_001128,3,7,31,37,4,7,4,6,3,4,6,4.5,33.5,5.0,40.0,70.0,55.0,40.0,60.0,30.0,45.0,335.0,0.48929153051595914,72,4.92016215621302e-05,0.04963973373345472,0.0019301280132851086,0.004082007237339216
1129,samples/sample_001129.npz,rectangular_body_001129,3,7,17,26,4,6,4,9,2,4,5,4.5,21.0,4.5,40.0,60.0,50.0,40.0,90.0,20.0,45.0,210.0,0.24719696946282427,72,1.8910420878142766e-05,0.025381480758456965,0.0009765032812163128,0.002160652555024208
1130,samples/sample_001130.npz,rectangular_body_001130,7,15,45,51,5,11,8,6,6,5,10,10.5,47.5,7.5,50.0,110.0,80.0,80.0,60.0,60.0,105.0,475.0,0.3584859548537046,288,0.00017069321272974221,0.07968151997782352,0.0056569189977121685,0.009149756269068252
1131,samples/sample_001131.npz,rectangular_body_001131,27,34,24,31,8,14,7,7,6,8,13,30.0,27.0,10.5,80.0,140.0,110.0,70.0,70.0,60.0,300.0,270.0,0.8393725848951692,294,0.0015557648874260127,0.11119011474725024,0.01511627941264581,0.01477190856036509
1132,samples/sample_001132.npz,rectangular_body_001132,22,33,4,9,2,8,11,5,6,2,7,27.0,6.0,4.5,20.0,80.0,50.0,110.0,50.0,60.0,270.0,60.0,0.5698449944968722,330,0.00024276494895403094,0.27023319587263517,0.011195188429858446,0.023505737116088252
1133,samples/sample_001133.npz,rectangular_body_001133,22,34,4,14,8,11,12,10,3,8,10,27.5,8.5,9.0,80.0,110.0,95.0,120.0,100.0,30.0,275.0,85.0,0.2123983821524451,360,0.00018878526970551258,0.036836238958762646,0.003979461594487149,0.005282000414303503
1134,samples/sample_001134.npz,rectangular_body_001134,44,54,33,44,3,9,10,11,6,3,8,48.5,38.0,5.5,30.0,90.0,60.0,100.0,110.0,60.0,485.0,380.0,0.8065906451909559,660,0.0010494654639135541,0.5077219380358988,0.03581723984463944,0.056374281901115986
1135,samples/sample_001135.npz,rectangular_body_001135,34,49,6,14,3,9,15,8,6,3,8,41.0,9.5,5.5,30.0,90.0,60.0,150.0,80.0,60.0,410.0,95.0,0.6269422805190039,720,0.000681237810460299,0.3963802695341807,0.027675297815126308,0.0469353084510827
1136,samples/sample_001136.npz,rectangular_body_001136,2,12,21,30,7,15,10,9,8,7,14,6.5,25.0,10.5,70.0,150.0,110.0,100.0,90.0,80.0,65.0,250.0,0.5228093344133256,720,0.0009138132926756817,0.16377346949973548,0.017397201002354305,0.02301238227656228
1137,samples/sample_001137.npz,rectangular_body_001137,50,59,30,44,8,12,9,14,4,8,11,54.0,36.5,9.5,80.0,120.0,100.0,90.0,140.0,40.0,540.0,365.0,0.8881739409267719,504,0.0011452913218369162,0.19754859307586264,0.023091851605885977,0.02938200421045842
1138,samples/sample_001138.npz,rectangular_body_001138,34,39,29,33,7,13,5,4,6,7,12,36.0,30.5,9.5,70.0,130.0,100.0,50.0,40.0,60.0,360.0,305.0,0.4504644176134637,120,0.00032178428585090564,0.03055893232329661,0.0034380059790389043,0.003681792501908756
1139,samples/sample_001139.npz,rectangular_body_001139,20,31,3,14,8,13,11,11,5,8,12,25.0,8.0,10.0,80.0,130.0,105.0,110.0,110.0,50.0,250.0,80.0,0.24043029353205345,605,0.0003601727763062555,0.06189933352509461,0.007122222495596217,0.009143404653816014
1140,samples/sample_001140.npz,rectangular_body_001140,18,30,18,24,5,10,12,6,5,5,9,23.5,20.5,7.0,50.0,100.0,75.0,120.0,60.0,50.0,235.0,205.0,0.3179128424758164,360,0.00032375268434006445,0.08561222843999933,0.007614316198166569,0.010075230498323227
1141,samples/sample_001141.npz,rectangular_body_001141,39,47,22,35,4,11,8,13,7,4,10,42.5,28.0,7.0,40.0,110.0,75.0,80.0,130.0,70.0,425.0,280.0,0.36824883091582983,728,0.0008842613960811634,0.19537054836124004,0.018061240708701326,0.023397668381768433
1142,samples/sample_001142.npz,rectangular_body_001142,20,36,22,29,4,12,16,7,8,4,11,27.5,25.0,7.5,40.0,120.0,80.0,160.0,70.0,80.0,275.0,250.0,0.8096008189060118,896,0.00299096810185193,0.4630575699107004,0.04889474684683172,0.05839350298538243
1143,samples/sample_001143.npz,rectangular_body_001143,38,54,35,48,2,5,16,13,3,2,4,45.5,41.0,3.0,20.0,50.0,35.0,160.0,130.0,30.0,455.0,410.0,0.8841829357903481,624,0.0007302945780102467,0.5702750529633319,0.041478395690804394,0.07138267564573879
1144,samples/sample_001144.npz,rectangular_body_001144,13,18,28,38,6,9,5,10,3,6,8,15.0,32.5,7.0,60.0,90.0,75.0,50.0,100.0,30.0,150.0,325.0,0.7756991871313912,150,0.0003290670442388427,0.09074398844237878,0.00749594651150184,0.01041288924051301
1145,samples/sample_001145.npz,rectangular_body_001145,27,33,17,29,5,7,6,12,2,5,6,29.5,22.5,5.5,50.0,70.0,60.0,60.0,120.0,20.0,295.0,225.0,0.2686967530335264,144,0.00012281608075268724,0.037260104015858886,0.0027829186041225373,0.004002439573819998
1146,samples/sample_001146.npz,rectangular_body_001146,36,52,4,8,5,11,16,4,6,5,10,43.5,5.5,7.5,50.0,110.0,80.0,160.0,40.0,60.0,435.0,55.0,0.26078010011021846,384,0.00015718186549155361,0.06388739912133606,0.004923745610092142,0.008120018128999965
1147,samples/sample_001147.npz,rectangular_body_001147,34,45,20,26,6,8,11,6,2,6,7,39.0,22.5,6.5,60.0,80.0,70.0,110.0,60.0,20.0,390.0,225.0,0.895052092807185,132,0.0003469838471379973,0.09610968609590771,0.008105386820168824,0.010918351335736962
1148,samples/sample_001148.npz,rectangular_body_001148,9,22,24,32,8,10,13,8,2,8,9,15.0,27.5,8.5,80.0,100.0,90.0,130.0,80.0,20.0,150.0,275.0,0.5261146172855683,208,0.0003335837276636838,0.05740393569585492,0.006568537972712822,0.007966541382197342
1149,samples/sample_001149.npz,rectangular_body_001149,5,15,16,24,4,7,10,8,3,4,6,9.5,19.5,5.0,40.0,70.0,55.0,100.0,80.0,30.0,95.0,195.0,0.7627736771071321,240,0.00024037342526227152,0.20165555333708501,0.01130765241286218,0.020886478043842863
1150,samples/sample_001150.npz,rectangular_body_001150,19,29,9,15,2,4,10,6,2,2,3,23.5,11.5,2.5,20.0,40.0,30.0,100.0,60.0,20.0,235.0,115.0,0.4891445889497118,120,5.720710532499259e-05,0.12778700358738374,0.00431297059685116,0.009791960296375484
1151,samples/sample_001151.npz,rectangular_body_001151,44,60,42,55,5,7,16,13,2,5,6,51.5,48.0,5.5,50.0,70.0,60.0,160.0,130.0,20.0,515.0,480.0,0.6780857262925666,416,0.0003779211379361499,0.19516668156380335,0.016752998308227178,0.02733946632233604
1152,samples/sample_001152.npz,rectangular_body_001152,4,9,15,23,5,7,5,8,2,5,6,6.0,18.5,5.5,50.0,70.0,60.0,50.0,80.0,20.0,60.0,185.0,0.28669141655273456,80,2.7988822825771033e-05,0.025877145539389284,0.001253245390229989,0.002483673184318256
1153,samples/sample_001153.npz,rectangular_body_001153,51,56,2,14,3,8,5,12,5,3,7,53.0,7.5,5.0,30.0,80.0,55.0,50.0,120.0,50.0,530.0,75.0,0.28074577142687923,300,8.025276417799718e-05,0.09872904182970985,0.004436426174512116,0.009683528442661026
1154,samples/sample_001154.npz,rectangular_body_001154,10,16,27,43,8,12,6,16,4,8,11,12.5,34.5,9.5,80.0,120.0,100.0,60.0,160.0,40.0,125.0,345.0,0.827512676286603,384,0.0009770895164183569,0.13945447408874456,0.01775352176237726,0.020836154428138905
1155,samples/sample_001155.npz,rectangular_body_001155,31,42,36,41,3,6,11,5,3,3,5,36.0,38.0,4.0,30.0,60.0,45.0,110.0,50.0,30.0,360.0,380.0,0.6789925626763642,165,0.0002841179288261279,0.16659768203437775,0.008555876529868589,0.014580290301731545
1156,samples/sample_001156.npz,rectangular_body_001156,43,53,27,36,5,7,10,9,2,5,6,47.5,31.0,5.5,50.0,70.0,60.0,100.0,90.0,20.0,475.0,310.0,0.6170650250091461,180,0.00027274504468020075,0.10589709984296966,0.007610175776237014,0.011608592025911925
1157,samples/sample_001157.npz,rectangular_body_001157,24,39,18,32,5,13,15,14,8,5,12,31.0,24.5,8.5,50.0,130.0,90.0,150.0,140.0,80.0,310.0,245.0,0.6147012642060259,1680,0.005279036259388279,0.49116799961492086,0.06708144056916893,0.07105742630148607
1158,samples/sample_001158.npz,rectangular_body_001158,3,13,30,43,5,12,10,13,7,5,11,7.5,36.0,8.0,50.0,120.0,85.0,100.0,130.0,70.0,75.0,360.0,0.5849420594561844,910,0.0011356295115126003,0.3109581897060796,0.028160560138215742,0.041331862535606986
1159,samples/sample_001159.npz,rectangular_body_001159,36,48,28,44,4,8,12,16,4,4,7,41.5,35.5,5.5,40.0,80.0,60.0,120.0,160.0,40.0,415.0,355.0,0.595504506339436,768,0.0013062187651132616,0.33070521204374526,0.032550738212931515,0.0436151022781466
1160,samples/sample_001160.npz,rectangular_body_001160,32,48,38,49,2,5,16,11,3,2,4,39.5,43.0,3.0,20.0,50.0,35.0,160.0,110.0,30.0,395.0,430.0,0.8541320564204697,528,0.0006866976941491156,0.5118877178796492,0.034665961733708325,0.05970312153482875
1161,samples/sample_001161.npz,rectangular_body_001161,31,39,35,47,6,8,8,12,2,6,7,34.5,40.5,6.5,60.0,80.0,70.0,80.0,120.0,20.0,345.0,405.0,0.4847631593367047,192,0.0003233990408165469,0.07040272102786045,0.006445188886686135,0.008388829355789301
1162,samples/sample_001162.npz,rectangular_body_001162,33,38,32,41,8,16,5,9,8,8,15,35.0,36.0,11.5,80.0,160.0,120.0,50.0,90.0,80.0,350.0,360.0,0.6336386193946055,360,0.0014159312685677137,0.09080158459775492,0.013454120156428854,0.01246384962846114
1163,samples/sample_001163.npz,rectangular_body_001163,10,18,51,57,2,8,8,6,6,2,7,13.5,53.5,4.5,20.0,80.0,50.0,80.0,60.0,60.0,135.0,535.0,0.5503414751041179,288,0.00016230040413985162,0.24959008966299934,0.009652201625925156,0.02078637179222121
1164,samples/sample_001164.npz,rectangular_body_001164,34,49,36,49,3,5,15,13,2,3,4,41.0,42.0,3.5,30.0,50.0,40.0,150.0,130.0,20.0,410.0,420.0,0.232765891577019,390,0.0001512416813093787,0.08988339537949905,0.00683612838772552,0.011062429607682084
1165,samples/sample_001165.npz,rectangular_body_001165,41,54,15,21,6,9,13,6,3,6,8,47.0,17.5,7.0,60.0,90.0,75.0,130.0,60.0,30.0,470.0,175.0,0.476909687024412,234,0.00022221514921501594,0.07876026344754161,0.006870688479459811,0.009842842088653816
1166,samples/sample_001166.npz,rectangular_body_001166,45,57,33,40,2,8,12,7,6,2,7,50.5,36.0,4.5,20.0,80.0,50.0,120.0,70.0,60.0,505.0,360.0,0.38360509830650635,504,0.00032250295654536636,0.24504140494940999,0.01324072708145305,0.02380094860736565
1167,samples/sample_001167.npz,rectangular_body_001167,41,52,33,40,8,14,11,7,6,8,13,46.0,36.0,10.5,80.0,140.0,110.0,110.0,70.0,60.0,460.0,360.0,0.26081610658987864,462,0.000457683401605315,0.05116485872006585,0.006879956537207263,0.007332878745908937
1168,samples/sample_001168.npz,rectangular_body_001168,5,10,15,31,4,9,5,16,5,4,8,7.0,22.5,6.0,40.0,90.0,65.0,50.0,160.0,50.0,70.0,225.0,0.9862333626386643,400,0.000589857322636687,0.32190482121502506,0.022210378897006278,0.038205160868812905
1169,samples/sample_001169.npz,rectangular_body_001169,26,40,33,37,2,4,14,4,2,2,3,32.5,34.5,2.5,20.0,40.0,30.0,140.0,40.0,20.0,325.0,345.0,0.5897940749946498,112,0.00016625209456769187,0.12602751575125942,0.005351486734844896,0.010422466083878628
1170,samples/sample_001170.npz,rectangular_body_001170,27,35,43,53,4,7,8,10,3,4,6,30.5,47.5,5.0,40.0,70.0,55.0,80.0,100.0,30.0,305.0,475.0,0.635429319369879,240,0.0003434322300100551,0.16798934326317533,0.010663324828487308,0.017222431302110815
1171,samples/sample_001171.npz,rectangular_body_001171,17,28,22,32,4,9,11,10,5,4,8,22.0,26.5,6.0,40.0,90.0,65.0,110.0,100.0,50.0,220.0,265.0,0.9687857967079556,550,0.001583897627571427,0.45161894848056006,0.03739503582524771,0.05169175989415063
1172,samples/sample_001172.npz,rectangular_body_001172,49,54,21,36,5,11,5,15,6,5,10,51.0,28.0,7.5,50.0,110.0,80.0,50.0,150.0,60.0,510.0,280.0,0.8464158226706415,450,0.0009386340040054384,0.24836086297893983,0.022963844567390625,0.03167874238046262
1173,samples/sample_001173.npz,rectangular_body_001173,45,59,30,46,5,7,14,16,2,5,6,51.5,37.5,5.5,50.0,70.0,60.0,140.0,160.0,20.0,515.0,375.0,0.46356059047616816,448,0.00037533585752904053,0.13895485087141718,0.01320752907994768,0.019682540187715158
1174,samples/sample_001174.npz,rectangular_body_001174,46,54,35,39,4,12,8,4,8,4,11,49.5,36.5,7.5,40.0,120.0,80.0,80.0,40.0,80.0,495.0,365.0,0.9621406435572288,256,0.0006149984564014786,0.2110777646917563,0.015221326644654,0.022124811289217294
1175,samples/sample_001175.npz,rectangular_body_001175,10,19,33,47,8,12,9,14,4,8,11,14.0,39.5,9.5,80.0,120.0,100.0,90.0,140.0,40.0,140.0,395.0,0.6618747347135214,504,0.000946804293958372,0.14721487817602724,0.018766460801368776,0.021980443802929076
1176,samples/sample_001176.npz,rectangular_body_001176,45,52,22,32,4,8,7,10,4,4,7,48.0,26.5,5.5,40.0,80.0,60.0,70.0,100.0,40.0,480.0,265.0,0.9755425182290087,280,0.0005727554832166965,0.2845105081052974,0.018580482600838086,0.029359593295141477
1177,samples/sample_001177.npz,rectangular_body_001177,29,42,31,36,4,9,13,5,5,4,8,35.0,33.0,6.0,40.0,90.0,65.0,130.0,50.0,50.0,350.0,330.0,0.6719733474225761,325,0.000958085164743254,0.19826850947973662,0.015692368150375495,0.021326437499197933
1178,samples/sample_001178.npz,rectangular_body_001178,25,29,23,37,4,9,4,14,5,4,8,26.5,29.5,6.0,40.0,90.0,65.0,40.0,140.0,50.0,265.0,295.0,0.4141917283869903,280,0.0004655829652471825,0.10275524768786842,0.008306064323959014,0.011271507057629965
1179,samples/sample_001179.npz,rectangular_body_001179,48,59,5,18,5,10,11,13,5,5,9,53.0,11.0,7.0,50.0,100.0,75.0,110.0,130.0,50.0,530.0,110.0,0.6267701082199086,715,0.0006135139973443086,0.2917252656258911,0.022895142484623616,0.038944630625655764
1180,samples/sample_001180.npz,rectangular_body_001180,32,37,42,55,4,8,5,13,4,4,7,34.0,48.0,5.5,40.0,80.0,60.0,50.0,130.0,40.0,340.0,480.0,0.6631244276287456,260,0.0003921932380912824,0.1700998061694271,0.011711062914829668,0.018195812633726327
1181,samples/sample_001181.npz,rectangular_body_001181,20,34,23,32,8,15,14,9,7,8,14,26.5,27.0,11.0,80.0,150.0,115.0,140.0,90.0,70.0,265.0,270.0,0.7764182781657958,882,0.0039292635038348,0.253519761426006,0.040767893484585656,0.03744632190467409
1182,samples/sample_001182.npz,rectangular_body_001182,35,44,2,14,3,7,9,12,4,3,6,39.0,7.5,4.5,30.0,70.0,50.0,90.0,120.0,40.0,390.0,75.0,0.21684495095133613,432,0.00011981322034546529,0.10471082398556844,0.005695725219079336,0.0110024248278218
1183,samples/sample_001183.npz,rectangular_body_001183,20,29,50,57,7,12,9,7,5,7,11,24.0,53.0,9.0,70.0,120.0,95.0,90.0,70.0,50.0,240.0,530.0,0.7365854931974825,315,0.0005506342593455458,0.12802506652857515,0.012488100720169723,0.016883386471040946
1184,samples/sample_001184.npz,rectangular_body_001184,41,55,9,21,4,10,14,12,6,4,9,47.5,14.5,6.5,40.0,100.0,70.0,140.0,120.0,60.0,475.0,145.0,0.368412055297134,1008,0.0006270019933708233,0.2504779030457859,0.022431731560393027,0.033791134660109606
1185,samples/sample_001185.npz,rectangular_body_001185,17,21,36,49,7,14,4,13,7,7,13,18.5,42.0,10.0,70.0,140.0,105.0,40.0,130.0,70.0,185.0,420.0,0.4020213715389532,364,0.0004665539164529373,0.06766600407615804,0.008432998996106986,0.009482802709130716
1186,samples/sample_001186.npz,rectangular_body_001186,2,13,36,44,8,16,11,8,8,8,15,7.0,39.5,11.5,80.0,160.0,120.0,110.0,80.0,80.0,70.0,395.0,0.25471129210570603,704,0.0004596624281541999,0.06701936188254218,0.00803062293979386,0.009987942200285907
1187,samples/sample_001187.npz,rectangular_body_001187,29,40,16,24,8,12,11,8,4,8,11,34.0,19.5,9.5,80.0,120.0,100.0,110.0,80.0,40.0,340.0,195.0,0.759484142638541,352,0.0011073402746700264,0.12691069370173338,0.01629008578194845,0.017564754885762555
1188,samples/sample_001188.npz,rectangular_body_001188,20,32,9,21,4,6,12,12,2,4,5,25.5,14.5,4.5,40.0,60.0,50.0,120.0,120.0,20.0,255.0,145.0,0.24791101979596475,288,0.00012394441954692467,0.06938234478659325,0.0049856016999046205,0.008101465661078637
1189,samples/sample_001189.npz,rectangular_body_001189,26,38,24,33,8,12,12,9,4,8,11,31.5,28.0,9.5,80.0,120.0,100.0,120.0,90.0,40.0,315.0,280.0,0.6812890830245755,432,0.0019357401325170796,0.13513591186737856,0.018670269951801554,0.018654976262530334
1190,samples/sample_001190.npz,rectangular_body_001190,6,15,35,46,4,8,9,11,4,4,7,10.0,40.0,5.5,40.0,80.0,60.0,90.0,110.0,40.0,100.0,400.0,0.9575963180103242,396,0.0005985876751133029,0.36023682108213506,0.02355963056250841,0.04005838424803455
1191,samples/sample_001191.npz,rectangular_body_001191,23,36,28,41,8,10,13,13,2,8,9,29.0,34.0,8.5,80.0,100.0,90.0,130.0,130.0,20.0,290.0,340.0,0.5938906723349175,338,0.0011582833773769918,0.09601628665911464,0.013158176881134794,0.013607638253144838
1192,samples/sample_001192.npz,rectangular_body_001192,19,27,46,57,5,10,8,11,5,5,9,22.5,51.0,7.0,50.0,100.0,75.0,80.0,110.0,50.0,225.0,510.0,0.7601703174453676,440,0.0006738296558639102,0.2475608043787294,0.020162681250379,0.029915801572359763
1193,samples/sample_001193.npz,rectangular_body_001193,25,31,43,55,5,9,6,12,4,5,8,27.5,48.5,6.5,50.0,90.0,70.0,60.0,120.0,40.0,275.0,485.0,0.8593844248684741,288,0.0005984284589761425,0.20017500783837078,0.016035893428249747,0.023207313148240385
1194,samples/sample_001194.npz,rectangular_body_001194,36,41,28,38,6,12,5,10,6,6,11,38.0,32.5,8.5,60.0,120.0,90.0,50.0,100.0,60.0,380.0,325.0,0.6647741419866607,300,0.0010054290589050696,0.12340627826953801,0.013048131368593636,0.01486956846419622
1195,samples/sample_001195.npz,rectangular_body_001195,37,42,12,28,7,14,5,16,7,7,13,39.0,19.5,10.0,70.0,140.0,105.0,50.0,160.0,70.0,390.0,195.0,0.6184755561510176,560,0.001272338253115509,0.1489713328203228,0.020365194211800126,0.021638891930754366
1196,samples/sample_001196.npz,rectangular_body_001196,2,8,55,60,5,8,6,5,3,5,7,4.5,57.0,6.0,50.0,80.0,65.0,60.0,50.0,30.0,45.0,570.0,0.980695025937316,90,8.01129186445862e-05,0.09477172544302032,0.003581050215241603,0.00860230105706923
1197,samples/sample_001197.npz,rectangular_body_001197,2,8,7,16,3,10,6,9,7,3,9,4.5,11.0,6.0,30.0,100.0,65.0,60.0,90.0,70.0,45.0,110.0,0.5181688150307577,378,0.00020161984511576784,0.21211650591660192,0.00907772621337266,0.01996720013087475
1198,samples/sample_001198.npz,rectangular_body_001198,6,13,22,29,3,5,7,7,2,3,4,9.0,25.0,3.5,30.0,50.0,40.0,70.0,70.0,20.0,90.0,250.0,0.5075273159334351,98,5.7344025856479316e-05,0.09232220092148853,0.003345981369172267,0.007240351389611995
1199,samples/sample_001199.npz,rectangular_body_001199,53,58,24,39,8,12,5,15,4,8,11,55.0,31.0,9.5,80.0,120.0,100.0,50.0,150.0,40.0,550.0,310.0,0.6103609735322733,300,0.0004999519715348545,0.08329034823902356,0.0093004344932456,0.012063506640413404
1200,samples/sample_001200.npz,rectangular_body_001200,40,49,50,61,8,16,9,11,8,8,15,44.0,55.0,11.5,80.0,160.0,120.0,90.0,110.0,80.0,440.0,550.0,0.7246360225970292,792,0.0013585375704426787,0.2122066745630137,0.025647412573298813,0.03239445623737928
1201,samples/sample_001201.npz,rectangular_body_001201,23,29,10,17,7,9,6,7,2,7,8,25.5,13.0,7.5,70.0,90.0,80.0,60.0,70.0,20.0,255.0,130.0,0.5614256146216123,84,0.00011286916773531075,0.03460916202580621,0.0028720146623147456,0.004050075671131091
1202,samples/sample_001202.npz,rectangular_body_001202,4,20,8,15,3,10,16,7,7,3,9,11.5,11.0,6.0,30.0,100.0,65.0,160.0,70.0,70.0,115.0,110.0,0.49966818365790816,784,0.0004955392821204155,0.31945171435169917,0.021751234652686108,0.03892178047467974
1203,samples/sample_001203.npz,rectangular_body_001203,13,25,11,17,4,11,12,6,7,4,10,18.5,13.5,7.0,40.0,110.0,75.0,120.0,60.0,70.0,185.0,135.0,0.953981536092257,504,0.000904461163150053,0.3778746702348522,0.029136342871433546,0.044103493152918144
1204,samples/sample_001204.npz,rectangular_body_001204,28,44,22,38,7,14,16,16,7,7,13,35.5,29.5,10.0,70.0,140.0,105.0,160.0,160.0,70.0,355.0,295.0,0.4160806105074901,1792,0.004668859127761278,0.2680173650274297,0.04611182303750054,0.04211037962714787
1205,samples/sample_001205.npz,rectangular_body_001205,44,51,26,36,6,10,7,10,4,6,9,47.0,30.5,7.5,60.0,100.0,80.0,70.0,100.0,40.0,470.0,305.0,0.7266306192838623,280,0.0006339152550422717,0.14126197591853687,0.012988567609043065,0.017050241908527275
1206,samples/sample_001206.npz,rectangular_body_001206,18,33,7,14,7,12,15,7,5,7,11,25.0,10.0,9.0,70.0,120.0,95.0,150.0,70.0,50.0,250.0,100.0,0.42946140181149794,525,0.0005507645188151233,0.10949623356675789,0.012137460862197032,0.01576546664397067
1207,samples/sample_001207.npz,rectangular_body_001207,9,17,26,37,3,5,8,11,2,3,4,12.5,31.0,3.5,30.0,50.0,40.0,80.0,110.0,20.0,125.0,310.0,0.49501434110512976,176,0.00013551163300752153,0.12766002058658857,0.006258595812186975,0.01197270409000834
1208,samples/sample_001208.npz,rectangular_body_001208,22,26,47,56,2,7,4,9,5,2,6,23.5,51.0,4.0,20.0,70.0,45.0,40.0,90.0,50.0,235.0,510.0,0.5995633993917864,180,0.00014637286223920107,0.19290798595320224,0.007470174645236159,0.015009365322866815
1209,samples/sample_001209.npz,rectangular_body_001209,3,11,4,12,7,15,8,8,8,7,14,6.5,7.5,10.5,70.0,150.0,110.0,80.0,80.0,80.0,65.0,75.0,0.8104344513706321,512,0.000646168369326244,0.1887520296804298,0.01536070854656201,0.025414303214241544
1210,samples/sample_001210.npz,rectangular_body_001210,23,33,32,45,6,10,10,13,4,6,9,27.5,38.0,7.5,60.0,100.0,80.0,100.0,130.0,40.0,275.0,380.0,0.2130233630225188,520,0.00045963055423346255,0.06695188350668926,0.007453756849112841,0.008715246409301117
1211,samples/sample_001211.npz,rectangular_body_001211,45,53,28,42,7,14,8,14,7,7,13,48.5,34.5,10.0,70.0,140.0,105.0,80.0,140.0,70.0,485.0,345.0,0.6746328657233311,784,0.0018289040874173873,0.22858860959366584,0.02995220724734296,0.03356169148942919
1212,samples/sample_001212.npz,rectangular_body_001212,14,21,46,59,4,11,7,13,7,4,10,17.0,52.0,7.0,40.0,110.0,75.0,70.0,130.0,70.0,170.0,520.0,0.8363016978126423,637,0.0008874073356261629,0.3992322035376966,0.030388160513202662,0.048263480313701354
1213,samples/sample_001213.npz,rectangular_body_001213,27,42,5,10,7,11,15,5,4,7,10,34.0,7.0,8.5,70.0,110.0,90.0,150.0,50.0,40.0,340.0,70.0,0.9336676202528704,300,0.0006434687254975013,0.14906778159496725,0.014378041454399929,0.020352179532605336
1214,samples/sample_001214.npz,rectangular_body_001214,12,23,24,34,5,9,11,10,4,5,8,17.0,28.5,6.5,50.0,90.0,70.0,110.0,100.0,40.0,170.0,285.0,0.41754134206190346,440,0.0005064918510297768,0.13949945165069255,0.01225844476146303,0.016816681479581014
1215,samples/sample_001215.npz,rectangular_body_001215,12,27,13,21,7,14,15,8,7,7,13,19.0,16.5,10.0,70.0,140.0,105.0,150.0,80.0,70.0,190.0,165.0,0.7451931667527913,840,0.0017578529122742484,0.26525921905366473,0.03467668052053007,0.039947652097107086
1216,samples/sample_001216.npz,rectangular_body_001216,10,20,41,55,5,12,10,14,7,5,11,14.5,47.5,8.0,50.0,120.0,85.0,100.0,140.0,70.0,145.0,475.0,0.43599260230693937,980,0.000846958834827092,0.24259660841436903,0.024233913755594506,0.03379743738156622
1217,samples/sample_001217.npz,rectangular_body_001217,38,52,45,53,2,10,14,8,8,2,9,44.5,48.5,5.5,20.0,100.0,60.0,140.0,80.0,80.0,445.0,485.0,0.9779767234476793,896,0.0014173373939467251,0.8415327929473716,0.05731021212046755,0.09433066818374704
1218,samples/sample_001218.npz,rectangular_body_001218,18,24,18,22,5,11,6,4,6,5,10,20.5,19.5,7.5,50.0,110.0,80.0,60.0,40.0,60.0,205.0,195.0,0.9209185697560722,144,0.0003422677540002554,0.11047850755710541,0.008504247904428117,0.01172658336527791
1219,samples/sample_001219.npz,rectangular_body_001219,28,32,44,54,2,4,4,10,2,2,3,29.5,48.5,2.5,20.0,40.0,30.0,40.0,100.0,20.0,295.0,485.0,0.4636230033591686,80,4.839063595236359e-05,0.0887035471996555,0.002837733193213824,0.006291724877725734
1220,samples/sample_001220.npz,rectangular_body_001220,36,47,3,12,8,15,11,9,7,8,14,41.0,7.0,11.0,80.0,150.0,115.0,110.0,90.0,70.0,410.0,70.0,0.4069915521112515,693,0.0006724988733896987,0.11013368852380159,0.012776468784435183,0.016386912934657823
1221,samples/sample_001221.npz,rectangular_body_001221,11,21,50,61,2,10,10,11,8,2,9,15.5,55.0,5.5,20.0,100.0,60.0,100.0,110.0,80.0,155.0,550.0,0.9255095404300016,880,0.0009804929304835799,0.820289456364808,0.04607176305639304,0.0887334357723528
1222,samples/sample_001222.npz,rectangular_body_001222,10,23,20,30,7,12,13,10,5,7,11,16.0,24.5,9.0,70.0,120.0,95.0,130.0,100.0,50.0,160.0,245.0,0.9969540529036276,650,0.001958600991171063,0.31282819470895834,0.03831580617936921,0.04484244069186609
1223,samples/sample_001223.npz,rectangular_body_001223,3,8,19,32,4,6,5,13,2,4,5,5.0,25.0,4.5,40.0,60.0,50.0,50.0,130.0,20.0,50.0,250.0,0.4823658754321316,130,7.469202040908272e-05,0.07461050351059312,0.0035519693332621135,0.007301194527811251
1224,samples/sample_001224.npz,rectangular_body_001224,40,51,41,53,3,7,11,12,4,3,6,45.0,46.5,4.5,30.0,70.0,50.0,110.0,120.0,40.0,450.0,465.0,0.328312171508481,528,0.0002554048361001438,0.17925775027549137,0.011971130081891202,0.02018213810672544
1225,samples/sample_001225.npz,rectangular_body_001225,26,41,25,39,5,8,15,14,3,5,7,33.0,31.5,6.0,50.0,80.0,65.0,150.0,140.0,30.0,330.0,315.0,0.6775445378646527,630,0.002238185562573402,0.2753866499044132,0.030612892964642674,0.03738511606621853
1226,samples/sample_001226.npz,rectangular_body_001226,47,54,36,43,2,6,7,7,4,2,5,50.0,39.0,3.5,20.0,60.0,40.0,70.0,70.0,40.0,500.0,390.0,0.7948378076451434,196,0.00020249306274231003,0.3044172167295375,0.011196156966726052,0.02305474921644516
1227,samples/sample_001227.npz,rectangular_body_001227,47,59,24,32,6,8,12,8,2,6,7,52.5,27.5,6.5,60.0,80.0,70.0,120.0,80.0,20.0,525.0,275.0,0.7007247162786108,192,0.00027853611026934315,0.10176707431264316,0.00813547421878038,0.012399013035525009
1228,samples/sample_001228.npz,rectangular_body_001228,7,22,47,61,2,5,15,14,3,2,4,14.0,53.5,3.0,20.0,50.0,35.0,150.0,140.0,30.0,140.0,535.0,0.903204605951285,630,0.00045110856900982074,0.5870045445001695,0.03651811428644387,0.07456522854699515
1229,samples/sample_001229.npz,rectangular_body_001229,9,17,13,18,7,10,8,5,3,7,9,12.5,15.0,8.0,70.0,100.0,85.0,80.0,50.0,30.0,125.0,150.0,0.8277377919485389,120,0.00018152162487192628,0.06661809932789792,0.005472030383457672,0.008211930929775934
1230,samples/sample_001230.npz,rectangular_body_001230,46,57,37,53,2,6,11,16,4,2,5,51.0,44.5,3.5,20.0,60.0,40.0,110.0,160.0,40.0,510.0,445.0,0.40969010431751807,704,0.0003116529120211256,0.3029285910745039,0.019784252659666657,0.03652144939026311
1231,samples/sample_001231.npz,rectangular_body_001231,34,44,34,49,4,12,10,15,8,4,11,38.5,41.0,7.5,40.0,120.0,80.0,100.0,150.0,80.0,385.0,410.0,0.8198056394882947,1200,0.003233415187807486,0.6016850693409711,0.06486443269908646,0.07917471176290787
1232,samples/sample_001232.npz,rectangular_body_001232,9,23,22,35,4,12,14,13,8,4,11,15.5,28.0,7.5,40.0,120.0,80.0,140.0,130.0,80.0,155.0,280.0,0.4445968833381964,1456,0.0018512854233631456,0.37609135880355515,0.04076469448850442,0.05202869320109737
1233,samples/sample_001233.npz,rectangular_body_001233,36,40,48,54,5,12,4,6,7,5,11,37.5,50.5,8.0,50.0,120.0,85.0,40.0,60.0,70.0,375.0,505.0,0.43480319544738777,168,0.000179508927426699,0.056427107161786894,0.0043458388940549484,0.006190382348663353
1234,samples/sample_001234.npz,rectangular_body_001234,12,26,29,34,3,10,14,5,7,3,9,18.5,31.0,6.0,30.0,100.0,65.0,140.0,50.0,70.0,185.0,310.0,0.4448174720934245,490,0.0006521522323767002,0.2015216760277188,0.015049247834585226,0.021787084714048426
1235,samples/sample_001235.npz,rectangular_body_001235,41,49,38,47,3,7,8,9,4,3,6,44.5,42.0,4.5,30.0,70.0,50.0,80.0,90.0,40.0,445.0,420.0,0.6239792028579987,288,0.00031112403757522903,0.23565422959951196,0.012874177956759051,0.022112493162079288
1236,samples/sample_001236.npz,rectangular_body_001236,6,14,38,42,2,9,8,4,7,2,8,9.5,39.5,5.0,20.0,90.0,55.0,80.0,40.0,70.0,95.0,395.0,0.7068575365565823,224,0.00023015354091536936,0.24498382893070048,0.010053277033663776,0.01968825460197765
1237,samples/sample_001237.npz,rectangular_body_001237,17,28,8,19,2,9,11,11,7,2,8,22.0,13.0,5.0,20.0,90.0,55.0,110.0,110.0,70.0,220.0,130.0,0.3901425993354023,847,0.0005253186102142656,0.3440229256050097,0.02204015886104798,0.03752913700042962
1238,samples/sample_001238.npz,rectangular_body_001238,40,54,25,29,6,12,14,4,6,6,11,46.5,26.5,8.5,60.0,120.0,90.0,140.0,40.0,60.0,465.0,265.0,0.685139360638578,336,0.0007199983871668489,0.13038425423644168,0.014072718344347316,0.017159272698962457
1239,samples/sample_001239.npz,rectangular_body_001239,18,33,37,44,2,7,15,7,5,2,6,25.0,40.0,4.0,20.0,70.0,45.0,150.0,70.0,50.0,250.0,400.0,0.8094271106263442,525,0.0009260692369574769,0.5125621221104406,0.032081052529795775,0.052676114577305
1240,samples/sample_001240.npz,rectangular_body_001240,15,20,22,37,2,5,5,15,3,2,4,17.0,29.0,3.0,20.0,50.0,35.0,50.0,150.0,30.0,170.0,290.0,0.9377918415871322,225,0.0003377737114097049,0.332571789842011,0.01616001338547162,0.030443561171441435
1241,samples/sample_001241.npz,rectangular_body_001241,38,54,20,31,4,7,16,11,3,4,6,45.5,25.0,5.0,40.0,70.0,55.0,160.0,110.0,30.0,455.0,250.0,0.4079963285953134,528,0.00044965338624272796,0.17342753459027058,0.015106868468613328,0.022154505716121556
1242,samples/sample_001242.npz,rectangular_body_001242,31,45,54,62,2,4,14,8,2,2,3,37.5,57.5,2.5,20.0,40.0,30.0,140.0,80.0,20.0,375.0,575.0,0.7586811893974497,224,0.00014035059383910424,0.2682461852465813,0.010790354776368888,0.025569267935474583
1243,samples/sample_001243.npz,rectangular_body_001243,9,20,20,33,3,10,11,13,7,3,9,14.0,26.0,6.0,30.0,100.0,65.0,110.0,130.0,70.0,140.0,260.0,0.851795508789825,1001,0.0018169928011296153,0.6832845430295592,0.05592708566757486,0.08329140898479485
1244,samples/sample_001244.npz,rectangular_body_001244,3,17,22,31,2,7,14,9,5,2,6,9.5,26.0,4.0,20.0,70.0,45.0,140.0,90.0,50.0,95.0,260.0,0.8442902557570473,630,0.000710508012406766,0.6153236496221108,0.03490101641066828,0.06622796527278521
1245,samples/sample_001245.npz,rectangular_body_001245,11,20,5,12,4,10,9,7,6,4,9,15.0,8.0,6.5,40.0,100.0,70.0,90.0,70.0,60.0,150.0,80.0,0.6793088270636738,378,0.00034656165840950487,0.23478727988303766,0.013816738445730349,0.025165557171815563
1246,samples/sample_001246.npz,rectangular_body_001246,12,17,30,45,8,11,5,15,3,8,10,14.0,37.0,9.0,80.0,110.0,95.0,50.0,150.0,30.0,140.0,370.0,0.9719255607247133,225,0.0006376626237618731,0.10639143662413905,0.012701513906222643,0.015184750638073547
1247,samples/sample_001247.npz,rectangular_body_001247,58,62,39,52,2,8,4,13,6,2,7,59.5,45.0,4.5,20.0,80.0,50.0,40.0,130.0,60.0,595.0,450.0,0.751988093839445,312,0.00022429691371031978,0.31421372422495786,0.01211929002084672,0.02778351909148569
1248,samples/sample_001248.npz,rectangular_body_001248,10,19,48,57,3,5,9,9,2,3,4,14.0,52.0,3.5,30.0,50.0,40.0,90.0,90.0,20.0,140.0,520.0,0.6939185608495235,162,0.00010260828446751727,0.17383609636096115,0.00737980634656459,0.015809528686509308
1249,samples/sample_001249.npz,rectangular_body_001249,19,25,5,18,2,5,6,13,3,2,4,21.5,11.0,3.0,20.0,50.0,35.0,60.0,130.0,30.0,215.0,110.0,0.35630760465129896,234,8.52413284339688e-05,0.13795070896792538,0.005847392209774047,0.012376779913252988
1250,samples/sample_001250.npz,rectangular_body_001250,2,9,54,62,6,14,7,8,8,6,13,5.0,57.5,9.5,60.0,140.0,100.0,70.0,80.0,80.0,50.0,575.0,0.3076766505183174,448,0.00018062893234726922,0.07565342956433618,0.0047606564861831,0.008942546797242674
1251,samples/sample_001251.npz,rectangular_body_001251,50,54,29,35,2,10,4,6,8,2,9,51.5,31.5,5.5,20.0,100.0,60.0,40.0,60.0,80.0,515.0,315.0,0.8218388988623817,192,0.00032672565486799256,0.24477535140594076,0.010359538660541522,0.018832781780406847
1252,samples/sample_001252.npz,rectangular_body_001252,27,32,46,50,8,12,5,4,4,8,11,29.0,47.5,9.5,80.0,120.0,100.0,50.0,40.0,40.0,290.0,475.0,0.9010676083442339,80,0.00025187895706336706,0.0391929023961868,0.00423792774901151,0.005014630069091313
1253,samples/sample_001253.npz,rectangular_body_001253,16,29,43,56,3,11,13,13,8,3,10,22.0,49.0,6.5,30.0,110.0,70.0,130.0,130.0,80.0,220.0,490.0,0.26500290511241276,1352,0.000722862596703187,0.251975105666395,0.022656949061325784,0.03286378366675368
1254,samples/sample_001254.npz,rectangular_body_001254,25,39,40,51,2,5,14,11,3,2,4,31.5,45.0,3.0,20.0,50.0,35.0,140.0,110.0,30.0,315.0,450.0,0.9596980998889577,462,0.0008076777659184008,0.5513417182728113,0.034115265936032056,0.06042320899379153
1255,samples/sample_001255.npz,rectangular_body_001255,23,30,2,6,6,9,7,4,3,6,8,26.0,3.5,7.0,60.0,90.0,75.0,70.0,40.0,30.0,260.0,35.0,0.3095861792176189,84,4.1968475393982855e-05,0.02207701447430412,0.0012399249847748445,0.0022299542476096243
1256,samples/sample_001256.npz,rectangular_body_001256,30,38,41,49,6,14,8,8,8,6,13,33.5,44.5,9.5,60.0,140.0,100.0,80.0,80.0,80.0,335.0,445.0,0.9496156216654212,512,0.0019491092736555016,0.26165098302895495,0.029520006284791456,0.033518583609222746
1257,samples/sample_001257.npz,rectangular_body_001257,55,61,34,49,6,12,6,15,6,6,11,57.5,41.0,8.5,60.0,120.0,90.0,60.0,150.0,60.0,575.0,410.0,0.25020002397375846,540,0.0002491037676791969,0.07294345717069715,0.0064523967391239305,0.009776053981233154
1258,samples/sample_001258.npz,rectangular_body_001258,43,47,57,61,2,6,4,4,4,2,5,44.5,58.5,3.5,20.0,60.0,40.0,40.0,40.0,40.0,445.0,585.0,0.7340250323437651,64,3.918200990940285e-05,0.118975794455902,0.0026951277408708164,0.0071617375351683095
1259,samples/sample_001259.npz,rectangular_body_001259,18,34,34,44,6,9,16,10,3,6,8,25.5,38.5,7.0,60.0,90.0,75.0,160.0,100.0,30.0,255.0,385.0,0.6849528789520143,480,0.001180834772040271,0.19613988654807107,0.022332280610496226,0.026592653371652827
1260,samples/sample_001260.npz,rectangular_body_001260,19,30,19,29,3,10,11,10,7,3,9,24.0,23.5,6.0,30.0,100.0,65.0,110.0,100.0,70.0,240.0,235.0,0.9555250332273502,770,0.00210936995760571,0.652632957697582,0.051663942489080725,0.07278238249671992
1261,samples/sample_001261.npz,rectangular_body_001261,30,42,53,58,3,8,12,5,5,3,7,35.5,55.0,5.0,30.0,80.0,55.0,120.0,50.0,50.0,355.0,550.0,0.6504004638375909,300,0.00029761695088263593,0.228724419133217,0.012045390431382412,0.022472784581573164
1262,samples/sample_001262.npz,rectangular_body_001262,6,10,12,21,7,14,4,9,7,7,13,7.5,16.0,10.0,70.0,140.0,105.0,40.0,90.0,70.0,75.0,160.0,0.7082653189429484,252,0.0003427362282499394,0.0891441778636231,0.00818390406124245,0.01197576228693476
1263,samples/sample_001263.npz,rectangular_body_001263,39,54,45,50,2,9,15,5,7,2,8,46.0,47.0,5.0,20.0,90.0,55.0,150.0,50.0,70.0,460.0,470.0,0.25125305344997345,525,0.00019934689562779424,0.1459558623683892,0.008840372909958493,0.015111857892273413
1264,samples/sample_001264.npz,rectangular_body_001264,44,57,24,37,2,7,13,13,5,2,6,50.0,30.0,4.0,20.0,70.0,45.0,130.0,130.0,50.0,500.0,300.0,0.9609909458477375,845,0.0013886929895223802,0.8263056448251784,0.05713440887315847,0.09770892192658166
1265,samples/sample_001265.npz,rectangular_body_001265,7,19,46,60,6,12,12,14,6,6,11,12.5,52.5,8.5,60.0,120.0,90.0,120.0,140.0,60.0,125.0,525.0,0.675492016167424,1008,0.0011530037592386506,0.33668724596635535,0.03356869510887769,0.050117219288644065
1266,samples/sample_001266.npz,rectangular_body_001266,2,17,26,39,8,15,15,13,7,8,14,9.0,32.0,11.0,80.0,150.0,115.0,150.0,130.0,70.0,90.0,320.0,0.9537401659586227,1365,0.004201728184404802,0.4459079185596353,0.06324098883829128,0.07226270175812141
1267,samples/sample_001267.npz,rectangular_body_001267,49,53,36,44,4,6,4,8,2,4,5,50.5,39.5,4.5,40.0,60.0,50.0,40.0,80.0,20.0,505.0,395.0,0.5885451783344846,64,5.658914720865716e-05,0.05559561164971835,0.00257428937511831,0.004783990716184839
1268,samples/sample_001268.npz,rectangular_body_001268,46,55,39,55,2,5,9,16,3,2,4,50.0,46.5,3.0,20.0,50.0,35.0,90.0,160.0,30.0,500.0,465.0,0.7345162838611721,432,0.0003008003044132048,0.3963952254950265,0.022310803064710307,0.043778761096110654
1269,samples/sample_001269.npz,rectangular_body_001269,30,38,19,28,3,8,8,9,5,3,7,33.5,23.0,5.0,30.0,80.0,55.0,80.0,90.0,50.0,335.0,230.0,0.9241041693105354,360,0.0009989086481728417,0.3983916187236848,0.02445751541927932,0.038071741610799785
1270,samples/sample_001270.npz,rectangular_body_001270,5,21,51,62,5,12,16,11,7,5,11,12.5,56.0,8.0,50.0,120.0,85.0,160.0,110.0,70.0,125.0,560.0,0.9848047621935203,1232,0.0017653988547729348,0.6394675340364013,0.05591977484151152,0.09187294494971195
1271,samples/sample_001271.npz,rectangular_body_001271,6,15,32,43,5,12,9,11,7,5,11,10.0,37.0,8.0,50.0,120.0,85.0,90.0,110.0,70.0,100.0,370.0,0.649520816632839,693,0.0010263356654731139,0.28424930086492384,0.02541334372058989,0.03614871866315399
1272,samples/sample_001272.npz,rectangular_body_001272,29,35,7,23,8,13,6,16,5,8,12,31.5,14.5,10.0,80.0,130.0,105.0,60.0,160.0,50.0,315.0,145.0,0.8468713689705487,480,0.0015515350851974304,0.16770835206708123,0.022872329768570336,0.02523897079613532
1273,samples/sample_001273.npz,rectangular_body_001273,22,35,16,32,5,13,13,16,8,5,12,28.0,23.5,8.5,50.0,130.0,90.0,130.0,160.0,80.0,280.0,235.0,0.7300658708674284,1664,0.005331787675339209,0.5772734359829254,0.07829966142593045,0.08391049920550199
1274,samples/sample_001274.npz,rectangular_body_001274,33,46,8,18,6,10,13,10,4,6,9,39.0,12.5,7.5,60.0,100.0,80.0,130.0,100.0,40.0,390.0,125.0,0.8829992340011892,520,0.0010396367637546733,0.2775210243724804,0.0274486283069128,0.03743144096639515
1275,samples/sample_001275.npz,rectangular_body_001275,16,21,18,23,5,13,5,5,8,5,12,18.0,20.0,8.5,50.0,130.0,90.0,50.0,50.0,80.0,180.0,200.0,0.4604994629600138,200,0.0002443481776260773,0.06707522726361147,0.005602897973515081,0.007417977731111856
1276,samples/sample_001276.npz,rectangular_body_001276,28,43,43,52,8,13,15,9,5,8,12,35.0,47.0,10.0,80.0,130.0,105.0,150.0,90.0,50.0,350.0,470.0,0.2745770880509734,675,0.0006737014222157163,0.07548576720138114,0.010656728691835472,0.011421579324859085
1277,samples/sample_001277.npz,rectangular_body_001277,44,55,44,50,3,8,11,6,5,3,7,49.0,46.5,5.0,30.0,80.0,55.0,110.0,60.0,50.0,490.0,465.0,0.5536263974231161,330,0.0002545927650192555,0.2159420222638575,0.011946962959779227,0.02134226478540053
1278,samples/sample_001278.npz,rectangular_body_001278,2,11,46,60,2,9,9,14,7,2,8,6.0,52.5,5.0,20.0,90.0,55.0,90.0,140.0,70.0,60.0,525.0,0.6587004867570838,882,0.0005382788194448211,0.5782362025154679,0.029373124038672267,0.06404149470823668
1279,samples/sample_001279.npz,rectangular_body_001279,17,23,35,47,8,16,6,12,8,8,15,19.5,40.5,11.5,80.0,160.0,120.0,60.0,120.0,80.0,195.0,405.0,0.46205608399769577,576,0.001026560636863532,0.09984294126235668,0.014744278047080814,0.014827244746761186
1280,samples/sample_001280.npz,rectangular_body_001280,41,48,46,61,2,4,7,15,2,2,3,44.0,53.0,2.5,20.0,40.0,30.0,70.0,150.0,20.0,440.0,530.0,0.3010852700118881,210,5.199994706823468e-05,0.10067208171638811,0.004380129048911138,0.00965627907903292
1281,samples/sample_001281.npz,rectangular_body_001281,35,51,40,45,7,14,16,5,7,7,13,42.5,42.0,10.0,70.0,140.0,105.0,160.0,50.0,70.0,425.0,420.0,0.8335916254924312,560,0.0016033489665573837,0.20078603973639758,0.027228754726065316,0.02931092127142972
1282,samples/sample_001282.npz,rectangular_body_001282,30,41,26,38,8,15,11,12,7,8,14,35.0,31.5,11.0,80.0,150.0,115.0,110.0,120.0,70.0,350.0,315.0,0.41018145960687724,924,0.0027646543289250028,0.14111381988015848,0.022791296366419925,0.020617847615639194
1283,samples/sample_001283.npz,rectangular_body_001283,5,14,35,49,3,5,9,14,2,3,4,9.0,41.5,3.5,30.0,50.0,40.0,90.0,140.0,20.0,90.0,415.0,0.26757828359102964,252,7.124286749709085e-05,0.08270558905225622,0.004459435830894493,0.008849417531582752
1284,samples/sample_001284.npz,rectangular_body_001284,40,46,3,7,8,13,6,4,5,8,12,42.5,4.5,10.0,80.0,130.0,105.0,60.0,40.0,50.0,425.0,45.0,0.28393662075004666,120,6.656774148520734e-05,0.01701502694507792,0.0014690458232907541,0.0021730997458867187
1285,samples/sample_001285.npz,rectangular_body_001285,11,17,8,20,7,10,6,12,3,7,9,13.5,13.5,8.0,70.0,100.0,85.0,60.0,120.0,30.0,135.0,135.0,0.855004962164692,216,0.00033387878134122514,0.11168496219808358,0.010073061718514784,0.014855163683927605
1286,samples/sample_001286.npz,rectangular_body_001286,37,53,48,61,6,10,16,13,4,6,9,44.5,54.0,7.5,60.0,100.0,80.0,160.0,130.0,40.0,445.0,540.0,0.5106620231992565,832,0.0007362614835102501,0.22125909798894328,0.022643267250490096,0.03313669994855559
1287,samples/sample_001287.npz,rectangular_body_001287,21,34,2,10,3,8,13,8,5,3,7,27.0,5.5,5.0,30.0,80.0,55.0,130.0,80.0,50.0,270.0,55.0,0.3492969940920885,520,0.00024984212157273816,0.1857831945100429,0.010264216733449901,0.019787263233272893
1288,samples/sample_001288.npz,rectangular_body_001288,46,54,23,34,4,11,8,11,7,4,10,49.5,28.0,7.0,40.0,110.0,75.0,80.0,110.0,70.0,495.0,280.0,0.7742865252739344,616,0.001181867085768274,0.3699225774359073,0.03007089699586309,0.043107272025712635
1289,samples/sample_001289.npz,rectangular_body_001289,2,8,29,45,4,10,6,16,6,4,9,4.5,36.5,6.5,40.0,100.0,70.0,60.0,160.0,60.0,45.0,365.0,0.5221148072507413,576,0.00048079554563252013,0.22254087874858325,0.015297979821303024,0.02650911986954375
1290,samples/sample_001290.npz,rectangular_body_001290,12,26,9,25,3,9,14,16,6,3,8,18.5,16.5,5.5,30.0,90.0,60.0,140.0,160.0,60.0,185.0,165.0,0.9134232924204544,1344,0.002148776166428258,0.8503609556377794,0.08102325767317456,0.11898214916951946
1291,samples/sample_001291.npz,rectangular_body_001291,21,29,51,60,7,9,8,9,2,7,8,24.5,55.0,7.5,70.0,90.0,80.0,80.0,90.0,20.0,245.0,550.0,0.8661313767453829,144,0.00024231740293669397,0.08482017581244605,0.006782806587905647,0.010412370866909831
1292,samples/sample_001292.npz,rectangular_body_001292,32,42,41,49,3,8,10,8,5,3,7,36.5,44.5,5.0,30.0,80.0,55.0,100.0,80.0,50.0,365.0,445.0,0.36884055932415355,400,0.00033104693582648986,0.1693508835481769,0.010552766645271314,0.016846093060942875
1293,samples/sample_001293.npz,rectangular_body_001293,22,29,31,47,8,10,7,16,2,8,9,25.0,38.5,8.5,80.0,100.0,90.0,70.0,160.0,20.0,250.0,385.0,0.6211252117349182,224,0.0005673672832525773,0.06916879635781885,0.008933330407404145,0.009684286907048265
1294,samples/sample_001294.npz,rectangular_body_001294,26,31,37,48,6,8,5,11,2,6,7,28.0,42.0,6.5,60.0,80.0,70.0,50.0,110.0,20.0,280.0,420.0,0.6879416270086703,110,0.00024175680555147116,0.06292356481976834,0.0052028333916354485,0.007018827474888203
1295,samples/sample_001295.npz,rectangular_body_001295,12,26,11,18,8,10,14,7,2,8,9,18.5,14.0,8.5,80.0,100.0,90.0,140.0,70.0,20.0,185.0,140.0,0.4103499463324826,196,0.00018037400292880105,0.04190771505314343,0.004565877206473969,0.005952534416080729
1296,samples/sample_001296.npz,rectangular_body_001296,36,51,41,52,5,9,15,11,4,5,8,43.0,46.0,6.5,50.0,90.0,70.0,150.0,110.0,40.0,430.0,460.0,0.5020108393606142,660,0.0007009654249653763,0.21790830779931813,0.021364446642693234,0.029326899585767213
1297,samples/sample_001297.npz,rectangular_body_001297,3,9,4,10,6,12,6,6,6,6,11,5.5,6.5,8.5,60.0,120.0,90.0,60.0,60.0,60.0,55.0,65.0,0.8033527745731348,216,0.00021593220993189135,0.11390626213329202,0.006599355428714773,0.01288965008952269
1298,samples/sample_001298.npz,rectangular_body_001298,18,25,11,25,5,7,7,14,2,5,6,21.0,17.5,5.5,50.0,70.0,60.0,70.0,140.0,20.0,210.0,175.0,0.5616568437639351,196,0.00021500273210935572,0.09704962462233933,0.007481795784847796,0.011271826729669148
1299,samples/sample_001299.npz,rectangular_body_001299,8,18,36,50,6,13,10,14,7,6,12,12.5,42.5,9.0,60.0,130.0,95.0,100.0,140.0,70.0,125.0,425.0,0.6089397744442256,980,0.0014096776422685554,0.28987495148109443,0.032951079104127666,0.04222962620632719
1300,samples/sample_001300.npz,rectangular_body_001300,48,60,40,49,6,8,12,9,2,6,7,53.5,44.0,6.5,60.0,80.0,70.0,120.0,90.0,20.0,535.0,440.0,0.33508848922161405,216,0.00011494454558785245,0.05365130754473277,0.004132445966193066,0.006668709246006058
1301,samples/sample_001301.npz,rectangular_body_001301,46,55,47,57,2,4,9,10,2,2,3,50.0,51.5,2.5,20.0,40.0,30.0,90.0,100.0,20.0,500.0,515.0,0.2981511771577857,180,3.878142109651797e-05,0.09986813102276317,0.0036948866444049635,0.008666575562407656
1302,samples/sample_001302.npz,rectangular_body_001302,55,62,19,33,6,12,7,14,6,6,11,58.0,25.5,8.5,60.0,120.0,90.0,70.0,140.0,60.0,580.0,255.0,0.6615312603637062,588,0.0007653615402602617,0.2124992219268714,0.018498923312847016,0.02787337672353334
1303,samples/sample_001303.npz,rectangular_body_001303,52,62,25,39,2,6,10,14,4,2,5,56.5,31.5,3.5,20.0,60.0,40.0,100.0,140.0,40.0,565.0,315.0,0.24714768030361425,560,0.00017035656562922006,0.16548133731196685,0.008672989508780518,0.017881558034871885
1304,samples/sample_001304.npz,rectangular_body_001304,8,18,36,46,4,11,10,10,7,4,10,12.5,40.5,7.0,40.0,110.0,75.0,100.0,100.0,70.0,125.0,405.0,0.599895844010451,700,0.0008591801768244348,0.31684009436001204,0.025606026099457987,0.03796201386101876
1305,samples/sample_001305.npz,rectangular_body_001305,51,62,48,55,6,8,11,7,2,6,7,56.0,51.0,6.5,60.0,80.0,70.0,110.0,70.0,20.0,560.0,510.0,0.31755336540982965,154,5.938739446127921e-05,0.039151574385496886,0.0024200511887714953,0.004545493971835417
1306,samples/sample_001306.npz,rectangular_body_001306,39,51,11,17,6,13,12,6,7,6,12,44.5,13.5,9.0,60.0,130.0,95.0,120.0,60.0,70.0,445.0,135.0,0.2614122745460889,504,0.0003023051812996334,0.07172003096640384,0.007322002837717742,0.00967453648632727
1307,samples/sample_001307.npz,rectangular_body_001307,14,27,25,38,6,11,13,13,5,6,10,20.0,31.0,8.0,60.0,110.0,85.0,130.0,130.0,50.0,200.0,310.0,0.6303540115716266,845,0.0021294920573161295,0.28138525929455727,0.03438504754793745,0.039338065223494534
1308,samples/sample_001308.npz,rectangular_body_001308,8,15,9,14,6,9,7,5,3,6,8,11.0,11.0,7.0,60.0,90.0,75.0,70.0,50.0,30.0,110.0,110.0,0.9007003806131082,105,0.00013241244329405033,0.07948814778827967,0.005010989167587894,0.008820807537984343
1309,samples/sample_001309.npz,rectangular_body_001309,5,9,28,40,7,13,4,12,6,7,12,6.5,33.5,9.5,70.0,130.0,100.0,40.0,120.0,60.0,65.0,335.0,0.41048046719671893,288,0.00029342146328719743,0.059267458443033716,0.005763562231194872,0.007963161059993994
1310,samples/sample_001310.npz,rectangular_body_001310,19,31,20,24,4,9,12,4,5,4,8,24.5,21.5,6.0,40.0,90.0,65.0,120.0,40.0,50.0,245.0,215.0,0.6706430096576979,240,0.0004346718540029162,0.1529833744276081,0.011229232257709491,0.016134842503805303
1311,samples/sample_001311.npz,rectangular_body_001311,48,62,22,26,8,16,14,4,8,8,15,54.5,23.5,11.5,80.0,160.0,120.0,140.0,40.0,80.0,545.0,235.0,0.30246148588384303,448,0.0003671359138754743,0.04987628793718017,0.00630179097767248,0.007573482948646979
1312,samples/sample_001312.npz,rectangular_body_001312,45,55,13,18,6,11,10,5,5,6,10,49.5,15.0,8.0,60.0,110.0,85.0,100.0,50.0,50.0,495.0,150.0,0.5271679026013276,250,0.0002483970994974896,0.08761307755390735,0.007372416788047776,0.010873780913316169
1313,samples/sample_001313.npz,rectangular_body_001313,13,29,11,27,2,7,16,16,5,2,6,20.5,18.5,4.0,20.0,70.0,45.0,160.0,160.0,50.0,205.0,185.0,0.4402404723707831,1280,0.0008970403975475077,0.4470968677347893,0.0406588263273586,0.0625756633591535
1314,samples/sample_001314.npz,rectangular_body_001314,50,56,8,23,6,13,6,15,7,6,12,52.5,15.0,9.0,60.0,130.0,95.0,60.0,150.0,70.0,525.0,150.0,0.35801059796093526,630,0.00042684590141218857,0.1144484630647758,0.011399064664634861,0.016314119449026367
1315,samples/sample_001315.npz,rectangular_body_001315,9,21,38,51,2,6,12,13,4,2,5,14.5,44.0,3.5,20.0,60.0,40.0,120.0,130.0,40.0,145.0,440.0,0.8880159607593092,624,0.000660296960899559,0.6343219059040821,0.03939389543186034,0.07189321395753816
1316,samples/sample_001316.npz,rectangular_body_001316,20,27,20,36,3,8,7,16,5,3,7,23.0,27.5,5.0,30.0,80.0,55.0,70.0,160.0,50.0,230.0,275.0,0.3722992931810762,560,0.0005858331314143459,0.19656182576749182,0.015252440757351963,0.02224681897518193
1317,samples/sample_001317.npz,rectangular_body_001317,36,47,37,47,2,5,11,10,3,2,4,41.0,41.5,3.0,20.0,50.0,35.0,110.0,100.0,30.0,410.0,415.0,0.4322292264542206,330,0.00021611636947334984,0.2155400896100662,0.011014515054027816,0.020567881320311412
1318,samples/sample_001318.npz,rectangular_body_001318,11,18,27,32,2,7,7,5,5,2,6,14.0,29.0,4.0,20.0,70.0,45.0,70.0,50.0,50.0,140.0,290.0,0.46949284722945345,175,0.00014056035449176973,0.158104286974305,0.005905286559399546,0.011550619800897855
1319,samples/sample_001319.npz,rectangular_body_001319,27,32,32,42,2,5,5,10,3,2,4,29.0,36.5,3.0,20.0,50.0,35.0,50.0,100.0,30.0,290.0,365.0,0.5215547749087284,150,0.00018850495338029768,0.15985599780556525,0.006218874457649992,0.012064590527065402
1320,samples/sample_001320.npz,rectangular_body_001320,27,32,40,48,7,15,5,8,8,7,14,29.0,43.5,10.5,70.0,150.0,110.0,50.0,80.0,80.0,290.0,435.0,0.38840310190443256,320,0.000550861639952188,0.058850497146054,0.00732992978210448,0.007757754935799959
1321,samples/sample_001321.npz,rectangular_body_001321,11,18,2,10,2,10,7,8,8,2,9,14.0,5.5,5.5,20.0,100.0,60.0,70.0,80.0,80.0,140.0,55.0,0.5034565660142294,448,0.0002410445612597345,0.29032235586032457,0.011694458189071461,0.02547296465296986
1322,samples/sample_001322.npz,rectangular_body_001322,56,61,34,43,8,16,5,9,8,8,15,58.0,38.0,11.5,80.0,160.0,120.0,50.0,90.0,80.0,580.0,380.0,0.8399101767129051,360,0.00074510878905736,0.12036067570464012,0.012859328098847598,0.016762145371531458
1323,samples/sample_001323.npz,rectangular_body_001323,7,18,32,37,8,14,11,5,6,8,13,12.0,34.0,10.5,80.0,140.0,110.0,110.0,50.0,60.0,120.0,340.0,0.3843844683825989,330,0.0004192722059094499,0.05499209491604165,0.006762445612607578,0.007865897914097465
1324,samples/sample_001324.npz,rectangular_body_001324,29,41,25,40,4,12,12,15,8,4,11,34.5,32.0,7.5,40.0,120.0,80.0,120.0,150.0,80.0,345.0,320.0,0.4074939994047232,1440,0.0032616686615277875,0.3403521327928051,0.03997314856497861,0.04567193535027984
1325,samples/sample_001325.npz,rectangular_body_001325,11,17,33,43,2,8,6,10,6,2,7,13.5,37.5,4.5,20.0,80.0,50.0,60.0,100.0,60.0,135.0,375.0,0.8621886664054039,360,0.0005123358923853284,0.4455608424319827,0.021623027160240983,0.03943932992868294
1326,samples/sample_001326.npz,rectangular_body_001326,31,44,8,24,6,11,13,16,5,6,10,37.0,15.5,8.0,60.0,110.0,85.0,130.0,160.0,50.0,370.0,155.0,0.4554222820066926,1040,0.0013522227217092385,0.23192273615939366,0.028930415508386625,0.03473363331697772
1327,samples/sample_001327.npz,rectangular_body_001327,30,43,15,19,5,11,13,4,6,5,10,36.0,16.5,7.5,50.0,110.0,80.0,130.0,40.0,60.0,360.0,165.0,0.5204634407440656,312,0.00046406188465814794,0.11336263228208865,0.010389238862439573,0.01365668045415387
1328,samples/sample_001328.npz,rectangular_body_001328,9,24,18,28,2,9,15,10,7,2,8,16.0,22.5,5.0,20.0,90.0,55.0,150.0,100.0,70.0,160.0,225.0,0.47171799217113525,1050,0.0008954882236450959,0.45455306698469,0.03412662195909038,0.05399517382719575
1329,samples/sample_001329.npz,rectangular_body_001329,20,25,3,16,8,14,5,13,6,8,13,22.0,9.0,10.5,80.0,140.0,110.0,50.0,130.0,60.0,220.0,90.0,0.8465635474298212,390,0.000815216226836827,0.13805071066423,0.016040921655299367,0.020281562157001158
1330,samples/sample_001330.npz,rectangular_body_001330,30,45,38,49,5,13,15,11,8,5,12,37.0,43.0,8.5,50.0,130.0,90.0,150.0,110.0,80.0,370.0,430.0,0.5633577989689523,1320,0.0026222401449468836,0.3805493734219748,0.04686712457413587,0.053336165228335695
1331,samples/sample_001331.npz,rectangular_body_001331,37,42,10,21,2,4,5,11,2,2,3,39.0,15.0,2.5,20.0,40.0,30.0,50.0,110.0,20.0,390.0,150.0,0.26013968113074326,110,3.233840990624669e-05,0.06259712473516796,0.002180905712340398,0.004738700771717877
1332,samples/sample_001332.npz,rectangular_body_001332,5,14,42,51,5,9,9,9,4,5,8,9.0,46.0,6.5,50.0,90.0,70.0,90.0,90.0,40.0,90.0,460.0,0.5929367703249266,324,0.00028311904636432527,0.15900259022735616,0.01075296978453804,0.018324084374505917
1333,samples/sample_001333.npz,rectangular_body_001333,10,20,18,28,5,9,10,10,4,5,8,14.5,22.5,6.5,50.0,90.0,70.0,100.0,100.0,40.0,145.0,225.0,0.9214339800289597,400,0.0007670482917463349,0.28706009305534086,0.02355454532856408,0.03440698902060446
1334,samples/sample_001334.npz,rectangular_body_001334,14,27,37,47,8,11,13,10,3,8,10,20.0,41.5,9.0,80.0,110.0,95.0,130.0,100.0,30.0,200.0,415.0,0.627471727405419,390,0.0007768861161946191,0.11572833972929134,0.014802618243874285,0.01668206507556375
1335,samples/sample_001335.npz,rectangular_body_001335,41,57,5,15,4,9,16,10,5,4,8,48.5,9.5,6.0,40.0,90.0,65.0,160.0,100.0,50.0,485.0,95.0,0.2309272225645736,800,0.00024390716880580388,0.1324863055322943,0.010338056118906402,0.017618541609330327
1336,samples/sample_001336.npz,rectangular_body_001336,26,36,42,53,6,12,10,11,6,6,11,30.5,47.0,8.5,60.0,120.0,90.0,100.0,110.0,60.0,305.0,470.0,0.9843196215582943,660,0.0022388140878289694,0.36016525115108483,0.039794824072928565,0.04809843527400997
1337,samples/sample_001337.npz,rectangular_body_001337,25,37,9,16,6,12,12,7,6,6,11,30.5,12.0,8.5,60.0,120.0,90.0,120.0,70.0,60.0,305.0,120.0,0.9383274991178632,504,0.0013730847718143925,0.27127056300753405,0.027429466543493347,0.03571663498213804
1338,samples/sample_001338.npz,rectangular_body_001338,37,47,18,27,4,11,10,9,7,4,10,41.5,22.0,7.0,40.0,110.0,75.0,100.0,90.0,70.0,415.0,220.0,0.5144046326837697,630,0.0009006528226702109,0.2523192227637081,0.021560964410367048,0.0289921928898037
1339,samples/sample_001339.npz,rectangular_body_001339,42,54,12,21,7,14,12,9,7,7,13,47.5,16.0,10.0,70.0,140.0,105.0,120.0,90.0,70.0,475.0,160.0,0.38932680121783786,756,0.0007278541008141682,0.1307532297660901,0.015661208361861446,0.019283577598499347
1340,samples/sample_001340.npz,rectangular_body_001340,2,7,33,46,3,11,5,13,8,3,10,4.0,39.0,6.5,30.0,110.0,70.0,50.0,130.0,80.0,40.0,390.0,0.2421275018784825,520,0.00018612078167116254,0.1127546705991519,0.006269662464137012,0.011659301652113652
1341,samples/sample_001341.npz,rectangular_body_001341,50,60,12,21,2,9,10,9,7,2,8,54.5,16.0,5.0,20.0,90.0,55.0,100.0,90.0,70.0,545.0,160.0,0.7859260862052977,630,0.0005707158659497532,0.5825393027414333,0.02927520066743631,0.05816135385156248
1342,samples/sample_001342.npz,rectangular_body_001342,10,23,47,57,5,13,13,10,8,5,12,16.0,51.5,8.5,50.0,130.0,90.0,130.0,100.0,80.0,160.0,515.0,0.5036836646796765,1040,0.0010046272629611018,0.28807417163225596,0.027959594279938063,0.04001552990552593
1343,samples/sample_001343.npz,rectangular_body_001343,54,62,22,26,7,14,8,4,7,7,13,57.5,23.5,10.0,70.0,140.0,105.0,80.0,40.0,70.0,575.0,235.0,0.2594868324618016,224,0.00012620120265228297,0.02943981523423634,0.002642333664531902,0.0037722858200886574
1344,samples/sample_001344.npz,rectangular_body_001344,26,36,17,32,8,10,10,15,2,8,9,30.5,24.0,8.5,80.0,100.0,90.0,100.0,150.0,20.0,305.0,240.0,0.2034287925013641,300,0.0003008879723106138,0.02956876560452052,0.003951016860125466,0.0041910787849438235
1345,samples/sample_001345.npz,rectangular_body_001345,36,43,16,31,8,11,7,15,3,8,10,39.0,23.0,9.0,80.0,110.0,95.0,70.0,150.0,30.0,390.0,230.0,0.38966518972439623,315,0.0004748215475738462,0.0583467545626772,0.00766131598177884,0.008239686146574113
1346,samples/sample_001346.npz,rectangular_body_001346,3,14,28,39,3,10,11,11,7,3,9,8.0,33.0,6.0,30.0,100.0,65.0,110.0,110.0,70.0,80.0,330.0,0.5016012829542356,847,0.0007942205409884155,0.3651959452530057,0.024926092108862756,0.04207464913241708
1347,samples/sample_001347.npz,rectangular_body_001347,48,60,6,22,2,10,12,16,8,2,9,53.5,13.5,5.5,20.0,100.0,60.0,120.0,160.0,80.0,535.0,135.0,0.7915303411234,1536,0.0014589234299218308,0.9328474099166811,0.06896666262817555,0.12387231017037661
1348,samples/sample_001348.npz,rectangular_body_001348,10,15,20,29,6,8,5,9,2,6,7,12.0,24.0,6.5,60.0,80.0,70.0,50.0,90.0,20.0,120.0,240.0,0.8368163770125749,90,0.00014886114318958337,0.06622456781734799,0.004687957609007715,0.007251530201246845
1349,samples/sample_001349.npz,rectangular_body_001349,2,18,31,40,6,10,16,9,4,6,9,9.5,35.0,7.5,60.0,100.0,80.0,160.0,90.0,40.0,95.0,350.0,0.33498850909873656,576,0.00043845726414034757,0.11007409352712419,0.010841447415515416,0.015261737139633998
1350,samples/sample_001350.npz,rectangular_body_001350,44,59,28,41,3,9,15,13,6,3,8,51.0,34.0,5.5,30.0,90.0,60.0,150.0,130.0,60.0,510.0,340.0,0.3649500848897196,1170,0.0008640242727136449,0.3179916528776403,0.02764522473884113,0.042112049281557366
1351,samples/sample_001351.npz,rectangular_body_001351,30,43,9,15,3,6,13,6,3,3,5,36.0,11.5,4.0,30.0,60.0,45.0,130.0,60.0,30.0,360.0,115.0,0.24902003146230653,234,8.562286974399479e-05,0.07602807252482564,0.004031250080413986,0.007462863856934435
1352,samples/sample_001352.npz,rectangular_body_001352,19,32,28,44,2,8,13,16,6,2,7,25.0,35.5,4.5,20.0,80.0,50.0,130.0,160.0,60.0,250.0,355.0,0.4128682793221546,1248,0.0014717137944190118,0.43240624609353,0.03854189940380025,0.0554543562433288
1353,samples/sample_001353.npz,rectangular_body_001353,24,28,26,30,2,6,4,4,4,2,5,25.5,27.5,3.5,20.0,60.0,40.0,40.0,40.0,40.0,255.0,275.0,0.8441281918683257,64,0.000129030344424039,0.13682206169938843,0.004214167666401139,0.008355798707811097
1354,samples/sample_001354.npz,rectangular_body_001354,14,24,34,38,6,10,10,4,4,6,9,18.5,35.5,7.5,60.0,100.0,80.0,100.0,40.0,40.0,185.0,355.0,0.7825409542317874,160,0.00039509835928554823,0.0906956018545915,0.008153110291361336,0.010569728264393731
1355,samples/sample_001355.npz,rectangular_body_001355,48,61,29,36,7,14,13,7,7,7,13,54.0,32.0,10.0,70.0,140.0,105.0,130.0,70.0,70.0,540.0,320.0,0.5333154788258758,637,0.0010122926581691391,0.1525771097333125,0.017281449351954192,0.021752238137719024
1356,samples/sample_001356.npz,rectangular_body_001356,21,32,32,38,3,10,11,6,7,3,9,26.0,34.5,6.0,30.0,100.0,65.0,110.0,60.0,70.0,260.0,345.0,0.8032892919658001,462,0.001394482930656678,0.37310141989849777,0.026566490895136026,0.03763888503998659
1357,samples/sample_001357.npz,rectangular_body_001357,21,29,3,12,5,12,8,9,7,5,11,24.5,7.0,8.0,50.0,120.0,85.0,80.0,90.0,70.0,245.0,70.0,0.749176624670036,504,0.0007421588007016554,0.25535215859848026,0.019619057240670153,0.03046195628123804
1358,samples/sample_001358.npz,rectangular_body_001358,17,24,16,20,4,7,7,4,3,4,6,20.0,17.5,5.0,40.0,70.0,55.0,70.0,40.0,30.0,200.0,175.0,0.9483456350215203,84,0.00013879749918807016,0.10935649918377346,0.005537813319412941,0.009516591283762567
1359,samples/sample_001359.npz,rectangular_body_001359,9,13,5,15,2,9,4,10,7,2,8,10.5,9.5,5.0,20.0,90.0,55.0,40.0,100.0,70.0,105.0,95.0,0.4856738121297176,280,0.00013852119505977626,0.1918281950925779,0.007708467274314335,0.016690902775481162
1360,samples/sample_001360.npz,rectangular_body_001360,26,36,44,56,8,10,10,12,2,8,9,30.5,49.5,8.5,80.0,100.0,90.0,100.0,120.0,20.0,305.0,495.0,0.8400562540389496,240,0.0006292001970101431,0.10421529070832729,0.01189326654925293,0.014652920304438065
1361,samples/sample_001361.npz,rectangular_body_001361,24,30,12,18,6,8,6,6,2,6,7,26.5,14.5,6.5,60.0,80.0,70.0,60.0,60.0,20.0,265.0,145.0,0.9182959113554345,72,0.0001542053801299079,0.060734940778821106,0.004297994191258304,0.0064137897868791266
1362,samples/sample_001362.npz,rectangular_body_001362,31,44,16,26,2,9,13,10,7,2,8,37.0,20.5,5.0,20.0,90.0,55.0,130.0,100.0,70.0,370.0,205.0,0.4727209998691504,910,0.0010310408200459773,0.42806284078378254,0.031073922441106044,0.04749866664641055
1363,samples/sample_001363.npz,rectangular_body_001363,32,43,30,43,3,8,11,13,5,3,7,37.0,36.0,5.0,30.0,80.0,55.0,110.0,130.0,50.0,370.0,360.0,0.2518800107685798,715,0.0005634156861541822,0.16614713063740885,0.013281746642992021,0.019136376531103668
1364,samples/sample_001364.npz,rectangular_body_001364,7,19,51,60,6,14,12,9,8,6,13,12.5,55.0,9.5,60.0,140.0,100.0,120.0,90.0,80.0,125.0,550.0,0.675379950395088,864,0.0009986414901927275,0.28575373923726677,0.026212323963559277,0.04021362374530892
1365,samples/sample_001365.npz,rectangular_body_001365,45,60,23,28,6,12,15,5,6,6,11,52.0,25.0,8.5,60.0,120.0,90.0,150.0,50.0,60.0,520.0,250.0,0.46025572957074945,450,0.0005048935942273923,0.11365930601656185,0.011541122665589897,0.015413107270013172
1366,samples/sample_001366.npz,rectangular_body_001366,20,30,41,56,6,8,10,15,2,6,7,24.5,48.0,6.5,60.0,80.0,70.0,100.0,150.0,20.0,245.0,480.0,0.843059398102584,300,0.0005747706526742746,0.16738457201384518,0.016259736877837,0.022326789655328656
1367,samples/sample_001367.npz,rectangular_body_001367,2,17,15,20,5,9,15,5,4,5,8,9.0,17.0,6.5,50.0,90.0,70.0,150.0,50.0,40.0,90.0,170.0,0.8347975749852863,300,0.00037094134045135077,0.1888971381046696,0.01383868238932002,0.023087250864942246
1368,samples/sample_001368.npz,rectangular_body_001368,5,14,7,11,4,10,9,4,6,4,9,9.0,8.5,6.5,40.0,100.0,70.0,90.0,40.0,60.0,90.0,85.0,0.6797060756129902,216,0.00017080732691232743,0.14263099709907867,0.007261230013006707,0.014562608879199256
1369,samples/sample_001369.npz,rectangular_body_001369,22,31,41,51,2,9,9,10,7,2,8,26.0,45.5,5.0,20.0,90.0,55.0,90.0,100.0,70.0,260.0,455.0,0.6868769485313029,630,0.0009176242134280073,0.5091227015314719,0.030706037731683046,0.050195428920145876
1370,samples/sample_001370.npz,rectangular_body_001370,13,22,3,16,8,13,9,13,5,8,12,17.0,9.0,10.0,80.0,130.0,105.0,90.0,130.0,50.0,170.0,90.0,0.7990136475009837,585,0.0009736763812747388,0.19803696705740464,0.022209449451573895,0.029856177019811483
1371,samples/sample_001371.npz,rectangular_body_001371,42,47,10,26,3,11,5,16,8,3,10,44.0,17.5,6.5,30.0,110.0,70.0,50.0,160.0,80.0,440.0,175.0,0.35397883954280884,640,0.0004689213482320429,0.18169110809898723,0.014645831858439056,0.021367899601259843
1372,samples/sample_001372.npz,rectangular_body_001372,46,54,40,55,4,12,8,15,8,4,11,49.5,47.0,7.5,40.0,120.0,80.0,80.0,150.0,80.0,495.0,470.0,0.30623222951721935,960,0.0005437819278840334,0.18883564554919643,0.01695589899850448,0.024882724767953685
1373,samples/sample_001373.npz,rectangular_body_001373,39,43,38,50,7,9,4,12,2,7,8,40.5,43.5,7.5,70.0,90.0,80.0,40.0,120.0,20.0,405.0,435.0,0.6326872030360078,96,0.0001692617213322099,0.04080221965780475,0.003913867554954601,0.005029806670239706
1374,samples/sample_001374.npz,rectangular_body_001374,52,57,40,44,8,15,5,4,7,8,14,54.0,41.5,11.0,80.0,150.0,115.0,50.0,40.0,70.0,540.0,415.0,0.9066882739798563,140,0.0003181655673871696,0.05642945355190923,0.00610088686912983,0.007802435246751643
1375,samples/sample_001375.npz,rectangular_body_001375,46,61,24,37,4,8,15,13,4,4,7,53.0,30.0,5.5,40.0,80.0,60.0,150.0,130.0,40.0,530.0,300.0,0.6083805004652745,780,0.0009106391681738323,0.344857860148237,0.029462287313398942,0.04607471572270258
1376,samples/sample_001376.npz,rectangular_body_001376,26,32,21,36,2,6,6,15,4,2,5,28.5,28.0,3.5,20.0,60.0,40.0,60.0,150.0,40.0,285.0,280.0,0.7970152233866241,360,0.0008078522881864347,0.3906079621186798,0.022421375315486554,0.038033186596119296
1377,samples/sample_001377.npz,rectangular_body_001377,15,28,21,25,2,10,13,4,8,2,9,21.0,22.5,5.5,20.0,100.0,60.0,130.0,40.0,80.0,210.0,225.0,0.283418367949016,416,0.00027218876643808013,0.1346757950577879,0.008306821579179698,0.012993184657067587
1378,samples/sample_001378.npz,rectangular_body_001378,44,56,29,39,4,10,12,10,6,4,9,49.5,33.5,6.5,40.0,100.0,70.0,120.0,100.0,60.0,495.0,335.0,0.4076404272234811,720,0.0007213746620215685,0.2234689063683192,0.018812064662217208,0.027222274248922353
1379,samples/sample_001379.npz,rectangular_body_001379,38,43,23,38,4,10,5,15,6,4,9,40.0,30.0,6.5,40.0,100.0,70.0,50.0,150.0,60.0,400.0,300.0,0.8581727775428851,450,0.0014369361796160963,0.30326936556071515,0.02688137824984194,0.03516472453937127
1380,samples/sample_001380.npz,rectangular_body_001380,48,55,53,59,2,4,7,6,2,2,3,51.0,55.5,2.5,20.0,40.0,30.0,70.0,60.0,20.0,510.0,555.0,0.3319360194185899,84,1.7341782622637336e-05,0.07285603762618477,0.001770908187527331,0.004860768621632031
1381,samples/sample_001381.npz,rectangular_body_001381,43,52,50,55,4,6,9,5,2,4,5,47.0,52.0,4.5,40.0,60.0,50.0,90.0,50.0,20.0,470.0,520.0,0.8425210138603108,90,8.745116929049254e-05,0.1062529281718563,0.00485087922966153,0.009559690140579927
1382,samples/sample_001382.npz,rectangular_body_001382,37,44,5,14,6,14,7,9,8,6,13,40.0,9.0,9.5,60.0,140.0,100.0,70.0,90.0,80.0,400.0,90.0,0.9997482347938649,504,0.001171592018160701,0.27221656452058307,0.02588368961708978,0.035460268741116754
1383,samples/sample_001383.npz,rectangular_body_001383,17,32,49,58,8,11,15,9,3,8,10,24.0,53.0,9.0,80.0,110.0,95.0,150.0,90.0,30.0,240.0,530.0,0.6898976310115725,405,0.0006671968826123559,0.12898444106385692,0.014917149944799427,0.019200119561158052
1384,samples/sample_001384.npz,rectangular_body_001384,8,16,46,60,5,12,8,14,7,5,11,11.5,52.5,8.0,50.0,120.0,85.0,80.0,140.0,70.0,115.0,525.0,0.4369567137661692,784,0.0005353028903157906,0.20304677285138933,0.01711871175563798,0.027436340151217105
1385,samples/sample_001385.npz,rectangular_body_001385,28,36,32,39,6,8,8,7,2,6,7,31.5,35.0,6.5,60.0,80.0,70.0,80.0,70.0,20.0,315.0,350.0,0.3575351821737218,112,0.00019769905449264853,0.03460549767898572,0.0028310280673426226,0.003720160239933031
1386,samples/sample_001386.npz,rectangular_body_001386,24,31,43,59,6,9,7,16,3,6,8,27.0,50.5,7.0,60.0,90.0,75.0,70.0,160.0,30.0,270.0,505.0,0.5805872333560745,336,0.00045936484862772644,0.12428351089960725,0.011901373326065001,0.01650833037790084
1387,samples/sample_001387.npz,rectangular_body_001387,17,31,38,52,8,14,14,14,6,8,13,23.5,44.5,10.5,80.0,140.0,110.0,140.0,140.0,60.0,235.0,445.0,0.4453664145646705,1176,0.0019036421004788578,0.18866755169701424,0.029766447049451288,0.030140299205631788
1388,samples/sample_001388.npz,rectangular_body_001388,34,48,23,37,6,14,14,14,8,6,13,40.5,29.5,9.5,60.0,140.0,100.0,140.0,140.0,80.0,405.0,295.0,0.20654294979418744,1568,0.001559720655839943,0.1369874161779727,0.02008052512384048,0.020339252986234534
1389,samples/sample_001389.npz,rectangular_body_001389,6,21,8,16,3,8,15,8,5,3,7,13.0,11.5,5.0,30.0,80.0,55.0,150.0,80.0,50.0,130.0,115.0,0.32849805326602954,600,0.00023013627410841802,0.18643520942721348,0.01187665710565831,0.02182474850487082
1390,samples/sample_001390.npz,rectangular_body_001390,51,61,44,49,8,12,10,5,4,8,11,55.5,46.0,9.5,80.0,120.0,100.0,100.0,50.0,40.0,555.0,460.0,0.8757673276409093,200,0.00033275376335278135,0.08786909659487088,0.00821981666650471,0.011987155551617208
1391,samples/sample_001391.npz,rectangular_body_001391,44,53,45,61,2,5,9,16,3,2,4,48.0,52.5,3.0,20.0,50.0,35.0,90.0,160.0,30.0,480.0,525.0,0.21031674693989777,432,7.627107299181427e-05,0.11350130517229892,0.006020981048196201,0.012529644722241835
1392,samples/sample_001392.npz,rectangular_body_001392,48,54,30,40,6,11,6,10,5,6,10,50.5,34.5,8.0,60.0,110.0,85.0,60.0,100.0,50.0,505.0,345.0,0.8411101785711417,300,0.0006758470617218086,0.16470164781475816,0.015050317877826278,0.02037332493031506
1393,samples/sample_001393.npz,rectangular_body_001393,19,24,2,10,2,5,5,8,3,2,4,21.0,5.5,3.0,20.0,50.0,35.0,50.0,80.0,30.0,210.0,55.0,0.42111145411690565,120,4.190063255658852e-05,0.11536615603057293,0.0031002533163233927,0.007960433686443013
1394,samples/sample_001394.npz,rectangular_body_001394,36,50,17,28,6,11,14,11,5,6,10,42.5,22.0,8.0,60.0,110.0,85.0,140.0,110.0,50.0,425.0,220.0,0.4025566718108203,770,0.0009306629828847688,0.1670841312753068,0.019612342824972036,0.02329618065172071
1395,samples/sample_001395.npz,rectangular_body_001395,45,60,38,45,4,11,15,7,7,4,10,52.0,41.0,7.0,40.0,110.0,75.0,150.0,70.0,70.0,520.0,410.0,0.7108693575668568,735,0.0010054428157453654,0.36728324202906226,0.030665354594228127,0.04607771167807728
1396,samples/sample_001396.npz,rectangular_body_001396,37,51,8,21,2,8,14,13,6,2,7,43.5,14.0,4.5,20.0,80.0,50.0,140.0,130.0,60.0,435.0,140.0,0.48516517323512903,1092,0.0007536647823100236,0.481130939426915,0.03591937942034801,0.05999062580994073
1397,samples/sample_001397.npz,rectangular_body_001397,29,36,31,47,7,11,7,16,4,7,10,32.0,38.5,8.5,70.0,110.0,90.0,70.0,160.0,40.0,320.0,385.0,0.832887418213963,448,0.0019135028930052896,0.18854118909016285,0.024232016317404646,0.025984295128969413
1398,samples/sample_001398.npz,rectangular_body_001398,6,20,45,60,2,8,14,15,6,2,7,12.5,52.0,4.5,20.0,80.0,50.0,140.0,150.0,60.0,125.0,520.0,0.5233352758392753,1260,0.0006944117849890365,0.5528310698385311,0.03969106524300116,0.07350899172586571
1399,samples/sample_001399.npz,rectangular_body_001399,34,43,31,41,5,12,9,10,7,5,11,38.0,35.5,8.0,50.0,120.0,85.0,90.0,100.0,70.0,380.0,355.0,0.47684315636930474,630,0.0012952340463020977,0.19400837585458933,0.01992321203435099,0.023513904813081746
1400,samples/sample_001400.npz,rectangular_body_001400,41,52,33,44,3,5,11,11,2,3,4,46.0,38.0,3.5,30.0,50.0,40.0,110.0,110.0,20.0,460.0,380.0,0.5542336932022041,242,0.00021095452912421218,0.1727443002328122,0.009990499133659736,0.01772243360364813
1401,samples/sample_001401.npz,rectangular_body_001401,36,42,35,40,5,13,6,5,8,5,12,38.5,37.0,8.5,50.0,130.0,90.0,60.0,50.0,80.0,385.0,370.0,0.3337109292565371,240,0.0003318689161959529,0.05709737713919975,0.005206189371753494,0.006260473767113509
1402,samples/sample_001402.npz,rectangular_body_001402,48,53,7,18,3,5,5,11,2,3,4,50.0,12.0,3.5,30.0,50.0,40.0,50.0,110.0,20.0,500.0,120.0,0.48970935366292534,110,4.920218062742911e-05,0.08948885215932263,0.003552367188862611,0.007689541969344612
1403,samples/sample_001403.npz,rectangular_body_001403,30,41,50,62,7,11,11,12,4,7,10,35.0,55.5,8.5,70.0,110.0,90.0,110.0,120.0,40.0,350.0,555.0,0.511446919630558,528,0.0006224132363508708,0.13946940000392566,0.013920964946004508,0.019425126615756006
1404,samples/sample_001404.npz,rectangular_body_001404,36,50,5,10,3,11,14,5,8,3,10,42.5,7.0,6.5,30.0,110.0,70.0,140.0,50.0,80.0,425.0,70.0,0.6897609318178135,560,0.0005821793184872337,0.33285532774625426,0.021190592162664574,0.037098553102620446
1405,samples/sample_001405.npz,rectangular_body_001405,44,60,17,31,8,11,16,14,3,8,10,51.5,23.5,9.0,80.0,110.0,95.0,160.0,140.0,30.0,515.0,235.0,0.3694448871728024,672,0.0006237830619762811,0.10195963657347634,0.013486571326997713,0.01638030902148439
1406,samples/sample_001406.npz,rectangular_body_001406,39,53,33,45,4,7,14,12,3,4,6,45.5,38.5,5.0,40.0,70.0,55.0,140.0,120.0,30.0,455.0,385.0,0.8992274964328211,504,0.0009277414038070072,0.3776798515668328,0.03180166335037099,0.04722899524254428
1407,samples/sample_001407.npz,rectangular_body_001407,2,12,25,34,7,10,10,9,3,7,9,6.5,29.0,8.0,70.0,100.0,85.0,100.0,90.0,30.0,65.0,290.0,0.6360018219449997,270,0.0003706701497133262,0.10349901441354376,0.008806713936170068,0.01320213869285972
1408,samples/sample_001408.npz,rectangular_body_001408,33,45,13,24,4,11,12,11,7,4,10,38.5,18.0,7.0,40.0,110.0,75.0,120.0,110.0,70.0,385.0,180.0,0.5450742576564824,924,0.0013443422712450968,0.3492151574906589,0.032986267010706095,0.04379655266203842
1409,samples/sample_001409.npz,rectangular_body_001409,50,54,24,32,2,9,4,8,7,2,8,51.5,27.5,5.0,20.0,90.0,55.0,40.0,80.0,70.0,515.0,275.0,0.9216322930238217,224,0.00035910132289312393,0.31942079898376424,0.013781732811254454,0.025651216463667876
1410,samples/sample_001410.npz,rectangular_body_001410,29,40,54,60,5,12,11,6,7,5,11,34.0,56.5,8.0,50.0,120.0,85.0,110.0,60.0,70.0,340.0,565.0,0.38649264398122285,462,0.0003824941615052147,0.11939323109850523,0.009259495505758749,0.01429687412907817
1411,samples/sample_001411.npz,rectangular_body_001411,38,52,46,53,3,5,14,7,2,3,4,44.5,49.0,3.5,30.0,50.0,40.0,140.0,70.0,20.0,445.0,490.0,0.5083328559449418,196,0.00011463375767079153,0.13281902617942726,0.007047901662797807,0.013364665510131709
1412,samples/sample_001412.npz,rectangular_body_001412,10,24,18,30,6,12,14,12,6,6,11,16.5,23.5,8.5,60.0,120.0,90.0,140.0,120.0,60.0,165.0,235.0,0.8920965753764094,1008,0.0025721532979763755,0.44465004084066095,0.054243260027800735,0.06460841700436397
1413,samples/sample_001413.npz,rectangular_body_001413,21,35,19,31,4,10,14,12,6,4,9,27.5,24.5,6.5,40.0,100.0,70.0,140.0,120.0,60.0,275.0,245.0,0.5610818207069715,1008,0.0020647539994265345,0.3814712365998205,0.039376500080764015,0.04939441305337783
1414,samples/sample_001414.npz,rectangular_body_001414,49,53,20,36,6,9,4,16,3,6,8,50.5,27.5,7.0,60.0,90.0,75.0,40.0,160.0,30.0,505.0,275.0,0.24345053863909857,192,0.00011012183027616451,0.03104901899365167,0.002891796827921108,0.004016354564278839
1415,samples/sample_001415.npz,rectangular_body_001415,2,13,29,35,3,8,11,6,5,3,7,7.0,31.5,5.0,30.0,80.0,55.0,110.0,60.0,50.0,70.0,315.0,0.7718770185074015,330,0.00041332488142334557,0.30107067307074964,0.015135218623071885,0.02908299614409082
1416,samples/sample_001416.npz,rectangular_body_001416,17,28,30,43,4,10,11,13,6,4,9,22.0,36.0,6.5,40.0,100.0,70.0,110.0,130.0,60.0,220.0,360.0,0.5992004211056372,858,0.0016564724167706607,0.37020610099022844,0.03542969758044952,0.045992555101216484
1417,samples/sample_001417.npz,rectangular_body_001417,35,40,3,10,4,9,5,7,5,4,8,37.0,6.0,6.0,40.0,90.0,65.0,50.0,70.0,50.0,370.0,60.0,0.9255994331311843,175,0.0002539619675199929,0.17966866658918038,0.00893444301580132,0.01673592953039684
1418,samples/sample_001418.npz,rectangular_body_001418,46,54,47,60,2,5,8,13,3,2,4,49.5,53.0,3.0,20.0,50.0,35.0,80.0,130.0,30.0,495.0,530.0,0.7453125855074674,312,0.00018341533547686973,0.3505118298398602,0.01519565283331481,0.03393713321181723
1419,samples/sample_001419.npz,rectangular_body_001419,14,24,43,56,8,12,10,13,4,8,11,18.5,49.0,9.5,80.0,120.0,100.0,100.0,130.0,40.0,185.0,490.0,0.7621163191830871,520,0.0009721263294837015,0.1755512743163977,0.021520415588634028,0.02644377549665926
1420,samples/sample_001420.npz,rectangular_body_001420,16,22,23,29,7,10,6,6,3,7,9,18.5,25.5,8.0,70.0,100.0,85.0,60.0,60.0,30.0,185.0,255.0,0.4814566337376026,108,0.00016116986577816792,0.03546105565850893,0.0033109346141620795,0.0041912986147779685
1421,samples/sample_001421.npz,rectangular_body_001421,31,44,54,59,6,11,13,5,5,6,10,37.0,56.0,8.0,60.0,110.0,85.0,130.0,50.0,50.0,370.0,560.0,0.9562300198599492,325,0.0006333628405617493,0.19221363016948878,0.016233333798025433,0.02439826274397253
1422,samples/sample_001422.npz,rectangular_body_001422,11,24,16,22,4,6,13,6,2,4,5,17.0,18.5,4.5,40.0,60.0,50.0,130.0,60.0,20.0,170.0,185.0,0.8428377400583478,156,0.00019991222461961211,0.15131183816163632,0.009157655207914383,0.01564105459210959
1423,samples/sample_001423.npz,rectangular_body_001423,23,35,18,28,2,8,12,10,6,2,7,28.5,22.5,4.5,20.0,80.0,50.0,120.0,100.0,60.0,285.0,225.0,0.9300664978559248,720,0.0017644185151290148,0.7461823167897648,0.04991570266672608,0.07877478143076651
1424,samples/sample_001424.npz,rectangular_body_001424,2,6,12,26,7,9,4,14,2,7,8,3.5,18.5,7.5,70.0,90.0,80.0,40.0,140.0,20.0,35.0,185.0,0.5084547501891776,112,8.185587665909648e-05,0.03630643705462097,0.00254749111463069,0.0044022508899564106
1425,samples/sample_001425.npz,rectangular_body_001425,15,26,56,62,2,5,11,6,3,2,4,20.0,58.5,3.0,20.0,50.0,35.0,110.0,60.0,30.0,200.0,585.0,0.5133173091677605,198,7.952444356548066e-05,0.18683931011671953,0.0059783643656865955,0.015079650584421827
1426,samples/sample_001426.npz,rectangular_body_001426,45,61,10,24,2,7,16,14,5,2,6,52.5,16.5,4.0,20.0,70.0,45.0,160.0,140.0,50.0,525.0,165.0,0.9508293333865736,1120,0.0011400218339763714,0.9150375386980145,0.0677972233334021,0.12293128351949087
1427,samples/sample_001427.npz,rectangular_body_001427,40,46,47,55,8,11,6,8,3,8,10,42.5,50.5,9.0,80.0,110.0,95.0,60.0,80.0,30.0,425.0,505.0,0.5611681380919024,144,0.00019026645325987584,0.04446815118828645,0.004478484130536236,0.005913260150108413
1428,samples/sample_001428.npz,rectangular_body_001428,7,16,12,25,5,13,9,13,8,5,12,11.0,18.0,8.5,50.0,130.0,90.0,90.0,130.0,80.0,110.0,180.0,0.5570112895394149,936,0.001040203019074214,0.29380523445702345,0.02816674080971674,0.03993427681309693
1429,samples/sample_001429.npz,rectangular_body_001429,57,62,5,20,6,11,5,15,5,6,10,59.0,12.0,8.0,60.0,110.0,85.0,50.0,150.0,50.0,590.0,120.0,0.7821246237749553,375,0.0003849670516929031,0.17202983741960826,0.012092698306769102,0.02174454854488093
1430,samples/sample_001430.npz,rectangular_body_001430,49,61,52,57,5,7,12,5,2,5,6,54.5,54.0,5.5,50.0,70.0,60.0,120.0,50.0,20.0,545.0,540.0,0.25396902303842295,120,3.127735084519973e-05,0.030144008832859726,0.0015652031900746173,0.0032315036113065537
1431,samples/sample_001431.npz,rectangular_body_001431,21,27,44,52,4,7,6,8,3,4,6,23.5,47.5,5.0,40.0,70.0,55.0,60.0,80.0,30.0,235.0,475.0,0.6955064360374871,144,0.00018193445418592847,0.12577754810281683,0.006933671046091561,0.01172896000191173
1432,samples/sample_001432.npz,rectangular_body_001432,22,34,25,30,7,13,12,5,6,7,12,27.5,27.0,9.5,70.0,130.0,100.0,120.0,50.0,60.0,275.0,270.0,0.707383141241813,360,0.0013569174077673108,0.12685402757357037,0.016084950493593632,0.01670056347165113
1433,samples/sample_001433.npz,rectangular_body_001433,29,38,23,31,8,13,9,8,5,8,12,33.0,26.5,10.0,80.0,130.0,105.0,90.0,80.0,50.0,330.0,265.0,0.24224087969364608,360,0.0005216403180876832,0.04010041076807204,0.005422968950114631,0.005405142285460431
1434,samples/sample_001434.npz,rectangular_body_001434,53,62,13,19,2,10,9,6,8,2,9,57.0,15.5,5.5,20.0,100.0,60.0,90.0,60.0,80.0,570.0,155.0,0.30298886101046985,432,0.00014764803943578394,0.1674315320487489,0.007008265308888,0.014820250365991794
1435,samples/sample_001435.npz,rectangular_body_001435,22,30,27,35,6,13,8,8,7,6,12,25.5,30.5,9.0,60.0,130.0,95.0,80.0,80.0,70.0,255.0,305.0,0.925032624987288,448,0.00222860623760904,0.23744494460653928,0.026684714163514492,0.02934314053036764
1436,samples/sample_001436.npz,rectangular_body_001436,12,27,31,37,5,7,15,6,2,5,6,19.0,33.5,5.5,50.0,70.0,60.0,150.0,60.0,20.0,190.0,335.0,0.5397512616322826,180,0.00026714533977008825,0.08444538923204296,0.006831885379914357,0.00979786085951691
1437,samples/sample_001437.npz,rectangular_body_001437,20,35,29,35,2,4,15,6,2,2,3,27.0,31.5,2.5,20.0,40.0,30.0,150.0,60.0,20.0,270.0,315.0,0.8784508171005738,180,0.0003905546874787679,0.26264131479512887,0.012779303274093493,0.024067780983838202
1438,samples/sample_001438.npz,rectangular_body_001438,44,53,30,36,5,13,9,6,8,5,12,48.0,32.5,8.5,50.0,130.0,90.0,90.0,60.0,80.0,480.0,325.0,0.9572951305657849,432,0.0013563352290793932,0.2721130970118954,0.025160086671576192,0.03235716028332047
1439,samples/sample_001439.npz,rectangular_body_001439,43,51,44,54,8,13,8,10,5,8,12,46.5,48.5,10.0,80.0,130.0,105.0,80.0,100.0,50.0,465.0,485.0,0.49271818995656,400,0.00047941549507948746,0.08900338520862952,0.010414107532513555,0.012974171266608998
1440,samples/sample_001440.npz,rectangular_body_001440,35,47,19,29,7,14,12,10,7,7,13,40.5,23.5,10.0,70.0,140.0,105.0,120.0,100.0,70.0,405.0,235.0,0.997982252592323,840,0.0033683785583495532,0.3655389649565828,0.05030872448989886,0.05227959977233334
1441,samples/sample_001441.npz,rectangular_body_001441,23,37,27,31,8,14,14,4,6,8,13,29.5,28.5,10.5,80.0,140.0,110.0,140.0,40.0,60.0,295.0,285.0,0.7191062634409118,336,0.0016024103865232057,0.09948217270907883,0.014800501042940825,0.013989515127688106
1442,samples/sample_001442.npz,rectangular_body_001442,12,24,45,59,5,12,12,14,7,5,11,17.5,51.5,8.0,50.0,120.0,85.0,120.0,140.0,70.0,175.0,515.0,0.49929064168365694,1176,0.0011251245351444777,0.3179545486965004,0.03228774303931662,0.045692216107843714
1443,samples/sample_001443.npz,rectangular_body_001443,33,40,8,23,8,15,7,15,7,8,14,36.0,15.0,11.0,80.0,150.0,115.0,70.0,150.0,70.0,360.0,150.0,0.5813432211677949,735,0.001566211976859027,0.1593071387533783,0.02323788189611741,0.02444564404135413
1444,samples/sample_001444.npz,rectangular_body_001444,42,55,27,31,5,8,13,4,3,5,7,48.0,28.5,6.0,50.0,80.0,65.0,130.0,40.0,30.0,480.0,285.0,0.9553678815318702,156,0.00035694238865462716,0.13181743885240346,0.009913387055144846,0.014749133256394284
1445,samples/sample_001445.npz,rectangular_body_001445,18,30,23,29,3,8,12,6,5,3,7,23.5,25.5,5.0,30.0,80.0,55.0,120.0,60.0,50.0,235.0,255.0,0.8858024402638784,360,0.0008448433691133204,0.36095705987277515,0.023319791042248343,0.0359879816115972
1446,samples/sample_001446.npz,rectangular_body_001446,13,27,17,29,3,8,14,12,5,3,7,19.5,22.5,5.0,30.0,80.0,55.0,140.0,120.0,50.0,195.0,225.0,0.9522201790505529,840,0.0016477914335957505,0.6820536875810606,0.05661630092344489,0.0842385454800853
1447,samples/sample_001447.npz,rectangular_body_001447,33,39,16,29,6,14,6,13,8,6,13,35.5,22.0,9.5,60.0,140.0,100.0,60.0,130.0,80.0,355.0,220.0,0.8654960658661641,624,0.0023527650448677715,0.27091181099585815,0.033431279298573105,0.03604130093970932
1448,samples/sample_001448.npz,rectangular_body_001448,32,45,25,39,7,11,13,14,4,7,10,38.0,31.5,8.5,70.0,110.0,90.0,130.0,140.0,40.0,380.0,315.0,0.5840722873151305,728,0.0022719478877232884,0.2013953756397414,0.027646172743849357,0.028936027408246398
1449,samples/sample_001449.npz,rectangular_body_001449,13,27,55,59,8,10,14,4,2,8,9,19.5,56.5,8.5,80.0,100.0,90.0,140.0,40.0,20.0,195.0,565.0,0.6403850072905433,112,0.00012871534461655069,0.03857209908971658,0.0034832591073923782,0.005253039493599168
1450,samples/sample_001450.npz,rectangular_body_001450,42,55,37,53,6,11,13,16,5,6,10,48.0,44.5,8.0,60.0,110.0,85.0,130.0,160.0,50.0,480.0,445.0,0.716723246901245,1040,0.0016576127271062005,0.36498965196722405,0.04350600565006495,0.05559797524362322
1451,samples/sample_001451.npz,rectangular_body_001451,37,45,30,37,2,9,8,7,7,2,8,40.5,33.0,5.0,20.0,90.0,55.0,80.0,70.0,70.0,405.0,330.0,0.24056497450168302,392,0.00028057755796646205,0.1314887945020527,0.006932530440901351,0.011281970425102861
1452,samples/sample_001452.npz,rectangular_body_001452,6,18,3,15,4,7,12,12,3,4,6,11.5,8.5,5.0,40.0,70.0,55.0,120.0,120.0,30.0,115.0,85.0,0.9360249026810958,432,0.0004148666369546631,0.3617628930379376,0.022205238414383363,0.043624941525726664
1453,samples/sample_001453.npz,rectangular_body_001453,34,50,51,57,4,10,16,6,6,4,9,41.5,53.5,6.5,40.0,100.0,70.0,160.0,60.0,60.0,415.0,535.0,0.6535679257555072,576,0.0006369710123802096,0.2785701024828498,0.022035494216021266,0.0348464198649836
1454,samples/sample_001454.npz,rectangular_body_001454,54,59,20,24,2,7,5,4,5,2,6,56.0,21.5,4.0,20.0,70.0,45.0,50.0,40.0,50.0,560.0,215.0,0.6818527257114134,100,7.317093084964683e-05,0.1485377563106385,0.004237261354954819,0.009818178830580032
1455,samples/sample_001455.npz,rectangular_body_001455,14,20,41,52,2,6,6,11,4,2,5,16.5,46.0,3.5,20.0,60.0,40.0,60.0,110.0,40.0,165.0,460.0,0.6551594227283264,264,0.0002054317143410863,0.286254241419699,0.012437410447794832,0.024671363701578845
1456,samples/sample_001456.npz,rectangular_body_001456,6,19,16,31,7,11,13,15,4,7,10,12.0,23.0,8.5,70.0,110.0,90.0,130.0,150.0,40.0,120.0,230.0,0.8498022697767809,780,0.001590208824785666,0.3073509444155538,0.03725870399112036,0.04694958997067729
1457,samples/sample_001457.npz,rectangular_body_001457,8,17,7,18,5,10,9,11,5,5,9,12.0,12.0,7.0,50.0,100.0,75.0,90.0,110.0,50.0,120.0,120.0,0.5572216429455099,495,0.0004104326993024019,0.19998793524429262,0.01503710330368561,0.024842537715584912
1458,samples/sample_001458.npz,rectangular_body_001458,55,62,42,50,4,10,7,8,6,4,9,58.0,45.5,6.5,40.0,100.0,70.0,70.0,80.0,60.0,580.0,455.0,0.5944359965907565,336,0.0002617168868129365,0.18738406516368425,0.009956785260875615,0.01901222205030743
1459,samples/sample_001459.npz,rectangular_body_001459,27,32,50,59,5,7,5,9,2,5,6,29.0,54.0,5.5,50.0,70.0,60.0,50.0,90.0,20.0,290.0,540.0,0.759109828247144,90,0.00012132678223714669,0.07501246462187763,0.004205678460893016,0.007421092004063861
1460,samples/sample_001460.npz,rectangular_body_001460,50,54,26,41,4,8,4,15,4,4,7,51.5,33.0,5.5,40.0,80.0,60.0,40.0,150.0,40.0,515.0,330.0,0.7428390709502859,240,0.00035776414253906453,0.16562401484746025,0.011611506780505522,0.01860930431749977
1461,samples/sample_001461.npz,rectangular_body_001461,35,40,18,26,4,12,5,8,8,4,11,37.0,21.5,7.5,40.0,120.0,80.0,50.0,80.0,80.0,370.0,215.0,0.4837898310691411,320,0.0005192028235655132,0.1310349686487028,0.010291313824705871,0.013608584665755782
1462,samples/sample_001462.npz,rectangular_body_001462,27,38,46,62,6,11,11,16,5,6,10,32.0,53.5,8.0,60.0,110.0,85.0,110.0,160.0,50.0,320.0,535.0,0.7288880089279808,880,0.0016533714057162222,0.3286275510311756,0.03541372751387596,0.04768783755933394
1463,samples/sample_001463.npz,rectangular_body_001463,27,43,20,24,2,8,16,4,6,2,7,34.5,21.5,4.5,20.0,80.0,50.0,160.0,40.0,60.0,345.0,215.0,0.9305424331333108,384,0.0008999920388188994,0.41821162524866407,0.02653177997200979,0.042149965841726006
1464,samples/sample_001464.npz,rectangular_body_001464,36,50,5,15,3,6,14,10,3,3,5,42.5,9.5,4.0,30.0,60.0,45.0,140.0,100.0,30.0,425.0,95.0,0.45390792970212424,420,0.00021923679487679106,0.20466105418646147,0.012371271306326006,0.023288133316706136
1465,samples/sample_001465.npz,rectangular_body_001465,20,26,39,54,5,9,6,15,4,5,8,22.5,46.0,6.5,50.0,90.0,70.0,60.0,150.0,40.0,225.0,460.0,0.3562024736096313,360,0.00029352390566917324,0.09459943201832853,0.008388856045503486,0.011685946203806925
1466,samples/sample_001466.npz,rectangular_body_001466,22,28,31,40,8,12,6,9,4,8,11,24.5,35.0,9.5,80.0,120.0,100.0,60.0,90.0,40.0,245.0,350.0,0.9656231993890394,216,0.0010223177141165346,0.10524652989720806,0.013086660351986546,0.013783237797370122
1467,samples/sample_001467.npz,rectangular_body_001467,34,39,9,23,7,15,5,14,8,7,14,36.0,15.5,10.5,70.0,150.0,110.0,50.0,140.0,80.0,360.0,155.0,0.6209216978894565,560,0.0012484740925931457,0.14755466546854418,0.019477290127154132,0.02131575649480138
1468,samples/sample_001468.npz,rectangular_body_001468,14,26,46,51,2,10,12,5,8,2,9,19.5,48.0,5.5,20.0,100.0,60.0,120.0,50.0,80.0,195.0,480.0,0.6232260504785334,480,0.0005053983408571104,0.34864694962189147,0.019878073344665532,0.03359790917770883
1469,samples/sample_001469.npz,rectangular_body_001469,5,19,41,45,2,9,14,4,7,2,8,11.5,42.5,5.0,20.0,90.0,55.0,140.0,40.0,70.0,115.0,425.0,0.4650115839751052,392,0.00026355578835910896,0.21472688115550428,0.011754280276808332,0.02125084187995202
1470,samples/sample_001470.npz,rectangular_body_001470,5,11,14,30,2,7,6,16,5,2,6,7.5,21.5,4.0,20.0,70.0,45.0,60.0,160.0,50.0,75.0,215.0,0.23110359555377447,480,0.00012176458744476922,0.13213907689255533,0.006945302084751597,0.013883826407387447
1471,samples/sample_001471.npz,rectangular_body_001471,42,51,32,42,4,12,9,10,8,4,11,46.0,36.5,7.5,40.0,120.0,80.0,90.0,100.0,80.0,460.0,365.0,0.49361794225657507,720,0.001019951074270016,0.25872518720226334,0.02283417180933371,0.03040676880188198
1472,samples/sample_001472.npz,rectangular_body_001472,11,24,23,37,4,9,13,14,5,4,8,17.0,29.5,6.0,40.0,90.0,65.0,130.0,140.0,50.0,170.0,295.0,0.7869162769436711,910,0.0019267402826770488,0.501479360025787,0.04861619427807568,0.06619154649693773
1473,samples/sample_001473.npz,rectangular_body_001473,18,30,14,30,3,9,12,16,6,3,8,23.5,21.5,5.5,30.0,90.0,60.0,120.0,160.0,60.0,235.0,215.0,0.3585807915098751,1152,0.0010220413929924062,0.3062841989662381,0.02909262908178691,0.04013318457297854
1474,samples/sample_001474.npz,rectangular_body_001474,41,50,38,50,2,9,9,12,7,2,8,45.0,43.5,5.0,20.0,90.0,55.0,90.0,120.0,70.0,450.0,435.0,0.6666953521581656,756,0.0008821240976692936,0.5449632654779872,0.03497859842435848,0.05751443133136345
1475,samples/sample_001475.npz,rectangular_body_001475,3,8,34,43,7,13,5,9,6,7,12,5.0,38.0,9.5,70.0,130.0,100.0,50.0,90.0,60.0,50.0,380.0,0.9320844104219594,270,0.0005335002453298778,0.13316786514805734,0.011534819494784894,0.01685879156478123
1476,samples/sample_001476.npz,rectangular_body_001476,9,24,35,45,2,4,15,10,2,2,3,16.0,39.5,2.5,20.0,40.0,30.0,150.0,100.0,20.0,160.0,395.0,0.6472338485787695,300,0.0002263849165568516,0.26329217331764065,0.014822382057322937,0.02836835748998721
1477,samples/sample_001477.npz,rectangular_body_001477,44,60,37,43,8,15,16,6,7,8,14,51.5,39.5,11.0,80.0,150.0,115.0,160.0,60.0,70.0,515.0,395.0,0.8043840370585837,672,0.0015790621382886878,0.1989954293216677,0.02730883600988733,0.031170382305485373
1478,samples/sample_001478.npz,rectangular_body_001478,7,13,26,30,8,11,6,4,3,8,10,9.5,27.5,9.0,80.0,110.0,95.0,60.0,40.0,30.0,95.0,275.0,0.8344525861089445,72,0.0001531030618731457,0.03475748181509285,0.003233275436436785,0.004411540651087811
1479,samples/sample_001479.npz,rectangular_body_001479,12,16,24,28,4,8,4,4,4,4,7,13.5,25.5,5.5,40.0,80.0,60.0,40.0,40.0,40.0,135.0,255.0,0.6147569005640199,64,7.526478794582271e-05,0.05239469493659316,0.0026317329242355205,0.004500542969304526
1480,samples/sample_001480.npz,rectangular_body_001480,11,15,39,43,4,10,4,4,6,4,9,12.5,40.5,6.5,40.0,100.0,70.0,40.0,40.0,60.0,125.0,405.0,0.6082257681302525,96,0.00011208090465485713,0.06435136370424281,0.003662012436494665,0.005971144125378989
1481,samples/sample_001481.npz,rectangular_body_001481,47,57,21,36,7,10,10,15,3,7,9,51.5,28.0,8.0,70.0,100.0,85.0,100.0,150.0,30.0,515.0,280.0,0.6790146350038573,450,0.0007829495947540575,0.160594280369799,0.017734285257840255,0.02305887869439301
1482,samples/sample_001482.npz,rectangular_body_001482,30,42,45,54,2,7,12,9,5,2,6,35.5,49.0,4.0,20.0,70.0,45.0,120.0,90.0,50.0,355.0,490.0,0.8063547648476288,540,0.0007173290907162141,0.5507833864991385,0.03113610987904567,0.05560663307615188
1483,samples/sample_001483.npz,rectangular_body_001483,22,36,4,11,6,8,14,7,2,6,7,28.5,7.0,6.5,60.0,80.0,70.0,140.0,70.0,20.0,285.0,70.0,0.4483443157804752,196,0.00016204233578884111,0.06425633299731645,0.004894078537678413,0.007915689550640849
1484,samples/sample_001484.npz,rectangular_body_001484,46,55,11,20,7,12,9,9,5,7,11,50.0,15.0,9.0,70.0,120.0,95.0,90.0,90.0,50.0,500.0,150.0,0.9363669515447435,405,0.0007741502288397687,0.20243470622720644,0.020097447537181592,0.027788126256470924
1485,samples/sample_001485.npz,rectangular_body_001485,7,22,24,35,3,6,15,11,3,3,5,14.0,29.0,4.0,30.0,60.0,45.0,150.0,110.0,30.0,140.0,290.0,0.737556096453315,495,0.000636142059317733,0.363093260932422,0.02590202725217919,0.04322110482932675
1486,samples/sample_001486.npz,rectangular_body_001486,30,46,56,60,7,14,16,4,7,7,13,37.5,57.5,10.0,70.0,140.0,105.0,160.0,40.0,70.0,375.0,575.0,0.2485453927864855,448,0.0002533470130497297,0.048173737538030365,0.00509240783417372,0.006916293529418164
1487,samples/sample_001487.npz,rectangular_body_001487,47,52,38,54,8,11,5,16,3,8,10,49.0,45.5,9.0,80.0,110.0,95.0,50.0,160.0,30.0,490.0,455.0,0.26729316844154405,240,0.00014620672816174912,0.030460201768278974,0.0035284179573986992,0.004497811461770314
1488,samples/sample_001488.npz,rectangular_body_001488,53,61,13,28,2,9,8,15,7,2,8,56.5,20.0,5.0,20.0,90.0,55.0,80.0,150.0,70.0,565.0,200.0,0.29316503924839604,840,0.0002958424386469999,0.24385429608959783,0.014126258468644706,0.02724347246314971
1489,samples/sample_001489.npz,rectangular_body_001489,26,38,43,50,3,11,12,7,8,3,10,31.5,46.0,6.5,30.0,110.0,70.0,120.0,70.0,80.0,315.0,460.0,0.8862885657586832,672,0.0017793521327314806,0.5236869841611459,0.0400276461153936,0.0572180806581461
1490,samples/sample_001490.npz,rectangular_body_001490,32,37,4,10,3,7,5,6,4,3,6,34.0,6.5,4.5,30.0,70.0,50.0,50.0,60.0,40.0,340.0,65.0,0.5523127424312,120,9.151440767909544e-05,0.10896353839356496,0.00400725679114405,0.008514984125518887
1491,samples/sample_001491.npz,rectangular_body_001491,20,29,24,38,7,13,9,14,6,7,12,24.0,30.5,9.5,70.0,130.0,100.0,90.0,140.0,60.0,240.0,305.0,0.3426789789364129,756,0.0013710802893015267,0.11717590201102293,0.016225114600515497,0.016499554850044684
1492,samples/sample_001492.npz,rectangular_body_001492,37,44,7,13,8,16,7,6,8,8,15,40.0,9.5,11.5,80.0,160.0,120.0,70.0,60.0,80.0,400.0,95.0,0.2876091990537827,336,0.00026536664917056405,0.039012522844682665,0.0046442332024185535,0.005626218349396151
1493,samples/sample_001493.npz,rectangular_body_001493,10,21,23,39,3,7,11,16,4,3,6,15.0,30.5,4.5,30.0,70.0,50.0,110.0,160.0,40.0,150.0,305.0,0.23177225164434567,704,0.00033468804639056796,0.14431080624223658,0.011538169434289997,0.017973200385776593
1494,samples/sample_001494.npz,rectangular_body_001494,46,57,31,45,8,14,11,14,6,8,13,51.0,37.5,10.5,80.0,140.0,110.0,110.0,140.0,60.0,510.0,375.0,0.7027750499219916,924,0.0019605824880920904,0.24661646442086416,0.034187634760868765,0.03874183520985153
1495,samples/sample_001495.npz,rectangular_body_001495,9,23,45,60,8,14,14,15,6,8,13,15.5,52.0,10.5,80.0,140.0,110.0,140.0,150.0,60.0,155.0,520.0,0.7975394711584742,1260,0.0022334476260556764,0.3558749244465532,0.04769836383601647,0.05961423609735689
1496,samples/sample_001496.npz,rectangular_body_001496,15,27,35,48,8,11,12,13,3,8,10,20.5,41.0,9.0,80.0,110.0,95.0,120.0,130.0,30.0,205.0,410.0,0.5690271734426828,468,0.0008771892432078664,0.12139307496376964,0.016194888435885634,0.017871446277215517
1497,samples/sample_001497.npz,rectangular_body_001497,2,8,27,43,4,8,6,16,4,4,7,4.5,34.5,5.5,40.0,80.0,60.0,60.0,160.0,40.0,45.0,345.0,0.3983775719610522,384,0.00022513297698089737,0.13138177643831986,0.008136964706460355,0.014997417472279876
1498,samples/sample_001498.npz,rectangular_body_001498,26,30,4,16,2,8,4,12,6,2,7,27.5,9.5,4.5,20.0,80.0,50.0,40.0,120.0,60.0,275.0,95.0,0.7409330469156616,288,0.00032087048890563994,0.2987371700041467,0.013836455892911003,0.026826671555526142
1499,samples/sample_001499.npz,rectangular_body_001499,45,53,48,56,8,15,8,8,7,8,14,48.5,51.5,11.0,80.0,150.0,115.0,80.0,80.0,70.0,485.0,515.0,0.2605384074988266,448,0.0002627636494095479,0.04806363017011611,0.005509893425377483,0.007149680037334011
1500,samples/sample_001500.npz,rectangular_body_001500,35,47,22,36,2,8,12,14,6,2,7,40.5,28.5,4.5,20.0,80.0,50.0,120.0,140.0,60.0,405.0,285.0,0.5724435747907114,1008,0.0015298027534199096,0.544537471044803,0.04293337473778603,0.06467641614740285
1501,samples/sample_001501.npz,rectangular_body_001501,8,15,24,39,5,10,7,15,5,5,9,11.0,31.0,7.0,50.0,100.0,75.0,70.0,150.0,50.0,110.0,310.0,0.8111676201337938,525,0.0010350311205010504,0.2873650499308769,0.025746009197611178,0.03685677666196575
1502,samples/sample_001502.npz,rectangular_body_001502,9,15,45,51,7,14,6,6,7,7,13,11.5,47.5,10.0,70.0,140.0,105.0,60.0,60.0,70.0,115.0,475.0,0.2845613062052825,252,0.0001535513748208255,0.03658515760707489,0.0035939045885969587,0.004923099482195257
1503,samples/sample_001503.npz,rectangular_body_001503,33,43,31,38,2,9,10,7,7,2,8,37.5,34.0,5.0,20.0,90.0,55.0,100.0,70.0,70.0,375.0,340.0,0.43940482155635535,490,0.0007051948705795321,0.27507537762787065,0.015956129001103724,0.025162423048500145
1504,samples/sample_001504.npz,rectangular_body_001504,47,55,14,25,5,10,8,11,5,5,9,50.5,19.0,7.0,50.0,100.0,75.0,80.0,110.0,50.0,505.0,190.0,0.8790527962844055,440,0.0007159914075521841,0.28627665546284786,0.023096524597279317,0.03478866013552432
1505,samples/sample_001505.npz,rectangular_body_001505,37,45,21,33,4,12,8,12,8,4,11,40.5,26.5,7.5,40.0,120.0,80.0,80.0,120.0,80.0,405.0,265.0,0.901942770799262,768,0.0024738893512678503,0.4864707570086162,0.04622272605816387,0.05791163716980662
1506,samples/sample_001506.npz,rectangular_body_001506,28,40,6,13,8,10,12,7,2,8,9,33.5,9.0,8.5,80.0,100.0,90.0,120.0,70.0,20.0,335.0,90.0,0.5259937514099754,168,0.00022250609574585737,0.04814541429636293,0.004789858463879721,0.006533623178030706
1507,samples/sample_001507.npz,rectangular_body_001507,13,26,20,36,8,16,13,16,8,8,15,19.0,27.5,11.5,80.0,160.0,120.0,130.0,160.0,80.0,190.0,275.0,0.47575717600753553,1664,0.0035649185827324433,0.2530159543920245,0.04420688732708008,0.04110103443153915
1508,samples/sample_001508.npz,rectangular_body_001508,14,27,2,8,6,8,13,6,2,6,7,20.0,4.5,6.5,60.0,80.0,70.0,130.0,60.0,20.0,200.0,45.0,0.4492297154325495,156,9.638866418285471e-05,0.05373868610966274,0.0034584685354677597,0.006218945333697748
1509,samples/sample_001509.npz,rectangular_body_001509,32,44,28,43,3,5,12,15,2,3,4,37.5,35.0,3.5,30.0,50.0,40.0,120.0,150.0,20.0,375.0,350.0,0.4760493245841806,360,0.00042807256554333476,0.17665928045328155,0.013302960782102066,0.020969898977846436
1510,samples/sample_001510.npz,rectangular_body_001510,28,36,53,57,7,12,8,4,5,7,11,31.5,54.5,9.0,70.0,120.0,95.0,80.0,40.0,50.0,315.0,545.0,0.7326025797436766,160,0.00031569339706353063,0.06790815848024477,0.006192401408159832,0.008586229280827347
1511,samples/sample_001511.npz,rectangular_body_001511,30,40,3,9,4,8,10,6,4,4,7,34.5,5.5,5.5,40.0,80.0,60.0,100.0,60.0,40.0,345.0,55.0,0.36564937242466233,240,0.00013398877245099605,0.09343547046804679,0.004876907982283496,0.009286810620571025
1512,samples/sample_001512.npz,rectangular_body_001512,17,27,22,31,2,6,10,9,4,2,5,21.5,26.0,3.5,20.0,60.0,40.0,100.0,90.0,40.0,215.0,260.0,0.26944812123583395,360,0.000187670635248554,0.14730935194747324,0.007440225351547983,0.01340113777661095
1513,samples/sample_001513.npz,rectangular_body_001513,33,38,48,60,8,13,5,12,5,8,12,35.0,53.5,10.0,80.0,130.0,105.0,50.0,120.0,50.0,350.0,535.0,0.6191993132146276,300,0.0005242470733281849,0.0840436810664991,0.0095385720701595,0.01194600309223439
1514,samples/sample_001514.npz,rectangular_body_001514,23,38,3,12,4,8,15,9,4,4,7,30.0,7.0,5.5,40.0,80.0,60.0,150.0,90.0,40.0,300.0,70.0,0.4669263353465528,540,0.0004241897602073326,0.2081104213288826,0.014661183795099054,0.02518985033343828
1515,samples/sample_001515.npz,rectangular_body_001515,40,47,24,39,4,7,7,15,3,4,6,43.0,31.0,5.0,40.0,70.0,55.0,70.0,150.0,30.0,430.0,310.0,0.4373846715322368,315,0.0003835813760941891,0.1307240455626841,0.009971849512011025,0.01472734076493692
1516,samples/sample_001516.npz,rectangular_body_001516,18,30,46,51,3,9,12,5,6,3,8,23.5,48.0,5.5,30.0,90.0,60.0,120.0,50.0,60.0,235.0,480.0,0.7913798108968553,360,0.0005448539226197706,0.3070763044362746,0.019254164245755982,0.031034698295009953
1517,samples/sample_001517.npz,rectangular_body_001517,6,10,12,19,8,16,4,7,8,8,15,7.5,15.0,11.5,80.0,160.0,120.0,40.0,70.0,80.0,75.0,150.0,0.9409790798245701,224,0.00044064013667215163,0.08653815302793029,0.008980337350563557,0.012356998071839424
1518,samples/sample_001518.npz,rectangular_body_001518,41,50,12,28,4,11,9,16,7,4,10,45.0,19.5,7.0,40.0,110.0,75.0,90.0,160.0,70.0,450.0,195.0,0.29528893039353127,1008,0.0006767177755498124,0.19286906314743296,0.018961098179147748,0.025539547095554987
1519,samples/sample_001519.npz,rectangular_body_001519,3,9,29,45,8,16,6,16,8,8,15,5.5,36.5,11.5,80.0,160.0,120.0,60.0,160.0,80.0,55.0,365.0,0.6465518499763685,768,0.0012917803093009921,0.17340670178905837,0.02148163434929274,0.026626499490032516
1520,samples/sample_001520.npz,rectangular_body_001520,13,23,39,48,2,5,10,9,3,2,4,17.5,43.0,3.0,20.0,50.0,35.0,100.0,90.0,30.0,175.0,430.0,0.6570612478910741,270,0.00021704544046293733,0.29714848287680184,0.01332984418498643,0.026419503231153545
1521,samples/sample_001521.npz,rectangular_body_001521,53,61,51,56,2,9,8,5,7,2,8,56.5,53.0,5.0,20.0,90.0,55.0,80.0,50.0,70.0,565.0,530.0,0.8265709265898646,280,0.00021353900765688682,0.3493846398122198,0.012026920499407885,0.028353409557057233
1522,samples/sample_001522.npz,rectangular_body_001522,19,27,47,51,4,11,8,4,7,4,10,22.5,48.5,7.0,40.0,110.0,75.0,80.0,40.0,70.0,225.0,485.0,0.5501643439440445,224,0.0002692139426499746,0.11364603855384561,0.007778530557697953,0.011665828093678597
1523,samples/sample_001523.npz,rectangular_body_001523,18,27,11,16,7,15,9,5,8,7,14,22.0,13.0,10.5,70.0,150.0,110.0,90.0,50.0,80.0,220.0,130.0,0.6158874539147408,360,0.0006228738507700193,0.10358388721983586,0.011825809452106453,0.014241230975065333
1524,samples/sample_001524.npz,rectangular_body_001524,11,20,9,20,4,11,9,11,7,4,10,15.0,14.0,7.0,40.0,110.0,75.0,90.0,110.0,70.0,150.0,140.0,0.22834789143474873,693,0.00027281250086119653,0.11993840850695134,0.009312872673034305,0.01444207580978186
1525,samples/sample_001525.npz,rectangular_body_001525,10,24,35,50,2,5,14,15,3,2,4,16.5,42.0,3.0,20.0,50.0,35.0,140.0,150.0,30.0,165.0,420.0,0.6867949281789296,630,0.0005339438336238725,0.44635704920208996,0.03218978104972387,0.05612945018447156
1526,samples/sample_001526.npz,rectangular_body_001526,19,29,6,13,5,9,10,7,4,5,8,23.5,9.0,6.5,50.0,90.0,70.0,100.0,70.0,40.0,235.0,90.0,0.8300567091277509,280,0.00040687537149554885,0.1960854041553748,0.013567576155561725,0.022153863899415403
1527,samples/sample_001527.npz,rectangular_body_001527,13,26,5,18,3,11,13,13,8,3,10,19.0,11.0,6.5,30.0,110.0,70.0,130.0,130.0,80.0,190.0,110.0,0.9028191070387777,1352,0.002035519343733557,0.8584356320152607,0.0721796315683996,0.11271937550689529
1528,samples/sample_001528.npz,rectangular_body_001528,40,55,9,17,5,11,15,8,6,5,10,47.0,12.5,7.5,50.0,110.0,80.0,150.0,80.0,60.0,470.0,125.0,0.28127031865581487,720,0.00036370765433910976,0.12464995494016194,0.011466231997050292,0.01686824456728082
1529,samples/sample_001529.npz,rectangular_body_001529,56,62,17,31,6,9,6,14,3,6,8,58.5,23.5,7.0,60.0,90.0,75.0,60.0,140.0,30.0,585.0,235.0,0.4166531244746017,252,0.00016632161572310565,0.07187366915890513,0.005162223653556075,0.008717758454255466
1530,samples/sample_001530.npz,rectangular_body_001530,3,14,46,60,7,13,11,14,6,7,12,8.0,52.5,9.5,70.0,130.0,100.0,110.0,140.0,60.0,80.0,525.0,0.2253942638395545,924,0.0003394811387461276,0.09098474693482606,0.008895175844645649,0.01369587640543754
1531,samples/sample_001531.npz,rectangular_body_001531,15,26,23,34,3,9,11,11,6,3,8,20.0,28.0,5.5,30.0,90.0,60.0,110.0,110.0,60.0,200.0,280.0,0.881703232564125,726,0.001729760575607503,0.5908176979268531,0.04540471247074829,0.06627618392173093
1532,samples/sample_001532.npz,rectangular_body_001532,16,30,17,32,7,9,14,15,2,7,8,22.5,24.0,7.5,70.0,90.0,80.0,140.0,150.0,20.0,225.0,240.0,0.9593387172738124,420,0.001341078453132821,0.20731975365546232,0.02643861737786054,0.030254770325114193
1533,samples/sample_001533.npz,rectangular_body_001533,42,53,6,14,5,12,11,8,7,5,11,47.0,9.5,8.0,50.0,120.0,85.0,110.0,80.0,70.0,470.0,95.0,0.9231514295922316,616,0.0009742772709627037,0.3659245146558353,0.029875187207311263,0.0465163273165146
1534,samples/sample_001534.npz,rectangular_body_001534,32,40,32,43,4,10,8,11,6,4,9,35.5,37.0,6.5,40.0,100.0,70.0,80.0,110.0,60.0,355.0,370.0,0.6560015593025411,528,0.0013327583220521055,0.28853955724985136,0.02429735609878845,0.032139875918531124
1535,samples/sample_001535.npz,rectangular_body_001535,31,44,44,52,8,15,13,8,7,8,14,37.0,47.5,11.0,80.0,150.0,115.0,130.0,80.0,70.0,370.0,475.0,0.8140375503962447,728,0.0021337117938062186,0.226153164748305,0.03252117723793074,0.03424869129292255
1536,samples/sample_001536.npz,rectangular_body_001536,46,53,34,44,4,8,7,10,4,4,7,49.0,38.5,5.5,40.0,80.0,60.0,70.0,100.0,40.0,490.0,385.0,0.7974388065762208,280,0.0004247046087344419,0.23256773305778577,0.014936533669710601,0.024077648796492677
1537,samples/sample_001537.npz,rectangular_body_001537,33,38,38,51,2,5,5,13,3,2,4,35.0,44.0,3.0,20.0,50.0,35.0,50.0,130.0,30.0,350.0,440.0,0.9411115357442923,195,0.0003111283711833565,0.3199563609890026,0.014188495603464324,0.027234672383482518
1538,samples/sample_001538.npz,rectangular_body_001538,48,55,28,41,8,12,7,13,4,8,11,51.0,34.0,9.5,80.0,120.0,100.0,70.0,130.0,40.0,510.0,340.0,0.32965611887669777,364,0.00036636117719303547,0.05567953897580053,0.00665730438273412,0.008012277010627683
1539,samples/sample_001539.npz,rectangular_body_001539,8,22,39,51,8,15,14,12,7,8,14,14.5,44.5,11.0,80.0,150.0,115.0,140.0,120.0,70.0,145.0,445.0,0.29405258068510876,1176,0.0009682476765488219,0.12223915322562322,0.01777681595877973,0.01990463273533633
1540,samples/sample_001540.npz,rectangular_body_001540,44,48,35,50,7,14,4,15,7,7,13,45.5,42.0,10.0,70.0,140.0,105.0,40.0,150.0,70.0,455.0,420.0,0.5955389313097018,420,0.0007718492358278951,0.11078862742389134,0.014253985457014843,0.01603601800929423
1541,samples/sample_001541.npz,rectangular_body_001541,30,45,24,37,2,5,15,13,3,2,4,37.0,30.0,3.0,20.0,50.0,35.0,150.0,130.0,30.0,370.0,300.0,0.7726279129442779,585,0.001132746308707072,0.48896612146270496,0.0357841611967165,0.05856067224175197
1542,samples/sample_001542.npz,rectangular_body_001542,22,36,32,45,2,5,14,13,3,2,4,28.5,38.0,3.0,20.0,50.0,35.0,140.0,130.0,30.0,285.0,380.0,0.37276146579975267,546,0.0004577545978045091,0.2300625406034869,0.016070414779834067,0.026787653201514168
1543,samples/sample_001543.npz,rectangular_body_001543,37,44,7,11,8,13,7,4,5,8,12,40.0,8.5,10.0,80.0,130.0,105.0,70.0,40.0,50.0,400.0,85.0,0.3708463720435866,140,0.00012348700756407814,0.02567708740830142,0.0025818532579142094,0.0034530744580086765
1544,samples/sample_001544.npz,rectangular_body_001544,5,12,21,30,7,13,7,9,6,7,12,8.0,25.0,9.5,70.0,130.0,100.0,70.0,90.0,60.0,80.0,250.0,0.9529170980173838,378,0.0008511463035528791,0.1858461919616289,0.018151252908221307,0.0247830240839253
1545,samples/sample_001545.npz,rectangular_body_001545,36,51,15,19,6,14,15,4,8,6,13,43.0,16.5,9.5,60.0,140.0,100.0,150.0,40.0,80.0,430.0,165.0,0.2311755056494282,480,0.00030757897369381126,0.05427524518026376,0.0063477113160709435,0.0075932635152173075
1546,samples/sample_001546.npz,rectangular_body_001546,24,38,10,26,7,9,14,16,2,7,8,30.5,17.5,7.5,70.0,90.0,80.0,140.0,160.0,20.0,305.0,175.0,0.29626647663182465,448,0.0004507414718673539,0.06648606482502734,0.00850255805857696,0.009954673622445162
1547,samples/sample_001547.npz,rectangular_body_001547,32,41,16,30,4,8,9,14,4,4,7,36.0,22.5,5.5,40.0,80.0,60.0,90.0,140.0,40.0,360.0,225.0,0.6796836737174041,504,0.0009969096469313041,0.2923365406881998,0.024519381568006454,0.03432365751666892
1548,samples/sample_001548.npz,rectangular_body_001548,46,55,29,40,5,9,9,11,4,5,8,50.0,34.0,6.5,50.0,90.0,70.0,90.0,110.0,40.0,500.0,340.0,0.711824799722659,396,0.000667697402865745,0.2205156494597625,0.01796196195521206,0.026227280210507676
1549,samples/sample_001549.npz,rectangular_body_001549,53,61,20,26,6,11,8,6,5,6,10,56.5,22.5,8.0,60.0,110.0,85.0,80.0,60.0,50.0,565.0,225.0,0.6696002482992203,240,0.0002955354528623357,0.10954340624430932,0.008145505153028827,0.012914846980874268
1550,samples/sample_001550.npz,rectangular_body_001550,9,25,46,62,6,8,16,16,2,6,7,16.5,53.5,6.5,60.0,80.0,70.0,160.0,160.0,20.0,165.0,535.0,0.5848449267217632,512,0.0004484228004137645,0.16355760779224768,0.016428004190706714,0.025134410066036502
1551,samples/sample_001551.npz,rectangular_body_001551,41,57,53,59,4,6,16,6,2,4,5,48.5,55.5,4.5,40.0,60.0,50.0,160.0,60.0,20.0,485.0,555.0,0.633548804086047,192,0.0001213395289256877,0.1239698480493492,0.007011846868434576,0.0140225696758475
1552,samples/sample_001552.npz,rectangular_body_001552,3,8,22,32,5,13,5,10,8,5,12,5.0,26.5,8.5,50.0,130.0,90.0,50.0,100.0,80.0,50.0,265.0,0.9537955776153122,400,0.0007644221034527289,0.2492925723825046,0.018348336890956128,0.02889451615360248
1553,samples/sample_001553.npz,rectangular_body_001553,11,25,44,60,6,14,14,16,8,6,13,17.5,51.5,9.5,60.0,140.0,100.0,140.0,160.0,80.0,175.0,515.0,0.8447419022673162,1792,0.0033367893265930093,0.6125871023042931,0.07759884432650399,0.09891765142687999
1554,samples/sample_001554.npz,rectangular_body_001554,20,25,40,49,6,12,5,9,6,6,11,22.0,44.0,8.5,60.0,120.0,90.0,50.0,90.0,60.0,220.0,440.0,0.8692537650840395,270,0.0006921374581528095,0.1488233325761058,0.014511703374110497,0.018069996390214362
1555,samples/sample_001555.npz,rectangular_body_001555,37,49,10,14,4,6,12,4,2,4,5,42.5,11.5,4.5,40.0,60.0,50.0,120.0,40.0,20.0,425.0,115.0,0.32825689297530647,96,4.204572775904394e-05,0.039624170689914605,0.002092461796242421,0.0038557571090289382
1556,samples/sample_001556.npz,rectangular_body_001556,47,59,52,58,8,15,12,6,7,8,14,52.5,54.5,11.0,80.0,150.0,115.0,120.0,60.0,70.0,525.0,545.0,0.5645933942349135,504,0.0005270097269018631,0.11279939937098554,0.011677304579658512,0.016936281982000093
1557,samples/sample_001557.npz,rectangular_body_001557,56,61,52,61,2,4,5,9,2,2,3,58.0,56.0,2.5,20.0,40.0,30.0,50.0,90.0,20.0,580.0,560.0,0.43472466643301283,90,1.9899915279054242e-05,0.09643944425200067,0.0020709963456097694,0.006530720369308279
1558,samples/sample_001558.npz,rectangular_body_001558,40,54,24,28,6,9,14,4,3,6,8,46.5,25.5,7.0,60.0,90.0,75.0,140.0,40.0,30.0,465.0,255.0,0.28470559830201303,168,0.00012503407912347198,0.03369179127635908,0.0030878891374894707,0.00415387221443998
1559,samples/sample_001559.npz,rectangular_body_001559,22,31,50,61,4,6,9,11,2,4,5,26.0,55.0,4.5,40.0,60.0,50.0,90.0,110.0,20.0,260.0,550.0,0.6774344854387908,198,0.0001837403315595179,0.15231773004808802,0.008328023369359245,0.01580195515424687
1560,samples/sample_001560.npz,rectangular_body_001560,10,19,36,49,3,8,9,13,5,3,7,14.0,42.0,5.0,30.0,80.0,55.0,90.0,130.0,50.0,140.0,420.0,0.26091290553947055,585,0.00024439459081170695,0.15143286352755886,0.010258759690856288,0.016947820600004947
1561,samples/sample_001561.npz,rectangular_body_001561,26,41,45,61,6,13,15,16,7,6,12,33.0,52.5,9.0,60.0,130.0,95.0,150.0,160.0,70.0,330.0,525.0,0.8993153764015676,1680,0.004333113502309966,0.631180674031538,0.08198807924313034,0.10007277122652666
1562,samples/sample_001562.npz,rectangular_body_001562,46,55,25,31,6,11,9,6,5,6,10,50.0,27.5,8.0,60.0,110.0,85.0,90.0,60.0,50.0,500.0,275.0,0.3519913174483696,270,0.0002531284684334838,0.06362116079182412,0.005695519196176062,0.007716765444839605
1563,samples/sample_001563.npz,rectangular_body_001563,41,45,32,36,6,10,4,4,4,6,9,42.5,33.5,7.5,60.0,100.0,80.0,40.0,40.0,40.0,425.0,335.0,0.6147400960215893,64,0.00014305323906510216,0.032016532675593436,0.002613923576959463,0.003406865754882515
1564,samples/sample_001564.npz,rectangular_body_001564,4,19,17,32,5,9,15,15,4,5,8,11.0,24.0,6.5,50.0,90.0,70.0,150.0,150.0,40.0,110.0,240.0,0.5398191798079808,900,0.0009398215866269089,0.28526514084757104,0.029147113475654476,0.04159098405936853
1565,samples/sample_001565.npz,rectangular_body_001565,57,62,47,53,4,6,5,6,2,4,5,59.0,49.5,4.5,40.0,60.0,50.0,50.0,60.0,20.0,590.0,495.0,0.48816856199964526,60,2.546892881317444e-05,0.04555862273487135,0.0014829151535221611,0.003594513542270502
1566,samples/sample_001566.npz,rectangular_body_001566,15,24,49,56,7,15,9,7,8,7,14,19.0,52.0,10.5,70.0,150.0,110.0,90.0,70.0,80.0,190.0,520.0,0.759189836902054,504,0.0009253023677925499,0.17463422413546548,0.01923796024020795,0.024596045210717746
1567,samples/sample_001567.npz,rectangular_body_001567,15,30,20,32,2,10,15,12,8,2,9,22.0,25.5,5.5,20.0,100.0,60.0,150.0,120.0,80.0,220.0,255.0,0.6875898749479239,1440,0.0026716226147580156,0.7895677358921389,0.07049562793500994,0.09902483442570237
1568,samples/sample_001568.npz,rectangular_body_001568,33,43,23,27,6,9,10,4,3,6,8,37.5,24.5,7.0,60.0,90.0,75.0,100.0,40.0,30.0,375.0,245.0,0.7198538742614997,120,0.0003057364698304782,0.0680172702322228,0.005899813458246621,0.007622796035810051
1569,samples/sample_001569.npz,rectangular_body_001569,33,40,4,12,6,8,7,8,2,6,7,36.0,7.5,6.5,60.0,80.0,70.0,70.0,80.0,20.0,360.0,75.0,0.9963202648341649,112,0.00020220510943849622,0.09643290958625649,0.006301447473110608,0.010566654623856048
1570,samples/sample_001570.npz,rectangular_body_001570,31,38,39,44,7,14,7,5,7,7,13,34.0,41.0,10.0,70.0,140.0,105.0,70.0,50.0,70.0,340.0,410.0,0.4485705424763895,245,0.0005200452328023646,0.05628825294846872,0.006717769292747705,0.007147150449266422
1571,samples/sample_001571.npz,rectangular_body_001571,18,24,36,52,5,13,6,16,8,5,12,20.5,43.5,8.5,50.0,130.0,90.0,60.0,160.0,80.0,205.0,435.0,0.9114677991489801,768,0.002010381596436527,0.3829492121651604,0.04286624675801344,0.05191377379581469
1572,samples/sample_001572.npz,rectangular_body_001572,17,30,19,29,5,7,13,10,2,5,6,23.0,23.5,5.5,50.0,70.0,60.0,130.0,100.0,20.0,230.0,235.0,0.9339958089927338,260,0.0006331625122448475,0.20344404034173674,0.01724953749208275,0.02422051200810825
1573,samples/sample_001573.npz,rectangular_body_001573,44,48,10,25,2,8,4,15,6,2,7,45.5,17.0,4.5,20.0,80.0,50.0,40.0,150.0,60.0,455.0,170.0,0.4329329438921737,360,0.00022904524780644224,0.19072473532930995,0.010792501465229433,0.018939558485344492
1574,samples/sample_001574.npz,rectangular_body_001574,4,8,22,35,2,4,4,13,2,2,3,5.5,28.0,2.5,20.0,40.0,30.0,40.0,130.0,20.0,55.0,280.0,0.4546202138557586,104,4.123776959539354e-05,0.09537060367032033,0.0030477144554510094,0.007587381775712459
1575,samples/sample_001575.npz,rectangular_body_001575,28,39,26,36,4,11,11,10,7,4,10,33.0,30.5,7.0,40.0,110.0,75.0,110.0,100.0,70.0,330.0,305.0,0.3224979548962078,770,0.0013617658137619246,0.18247249666274662,0.017280488979049546,0.02143766180426463
1576,samples/sample_001576.npz,rectangular_body_001576,13,26,7,12,6,11,13,5,5,6,10,19.0,9.0,8.0,60.0,110.0,85.0,130.0,50.0,50.0,190.0,90.0,0.9357576630752036,325,0.0005565622853417678,0.18809843241293198,0.016208323229777187,0.0243637303314825
1577,samples/sample_001577.npz,rectangular_body_001577,8,14,13,27,6,14,6,14,8,6,13,10.5,19.5,9.5,60.0,140.0,100.0,60.0,140.0,80.0,105.0,195.0,0.9351715084112859,672,0.0014025599894663494,0.30745922990534624,0.032661149260206544,0.04354317394329255
1578,samples/sample_001578.npz,rectangular_body_001578,53,61,37,43,4,10,8,6,6,4,9,56.5,39.5,6.5,40.0,100.0,70.0,80.0,60.0,60.0,565.0,395.0,0.8992539868502021,288,0.0004141150912833196,0.24797448943691844,0.014100816022024388,0.0251652626218213
1579,samples/sample_001579.npz,rectangular_body_001579,26,36,16,31,7,10,10,15,3,7,9,30.5,23.0,8.0,70.0,100.0,85.0,100.0,150.0,30.0,305.0,230.0,0.919838495029393,450,0.0018644608086730058,0.21755172129371594,0.027172841114337827,0.030186422289697295
1580,samples/sample_001580.npz,rectangular_body_001580,50,62,56,61,4,12,12,5,8,4,11,55.5,58.0,7.5,40.0,120.0,80.0,120.0,50.0,80.0,555.0,580.0,0.8361453243549613,480,0.00045748660186147147,0.3018823699164379,0.016149926105788963,0.03318458318880168
1581,samples/sample_001581.npz,rectangular_body_001581,43,48,50,56,4,6,5,6,2,4,5,45.0,52.5,4.5,40.0,60.0,50.0,50.0,60.0,20.0,450.0,525.0,0.42300160338443915,60,3.0444241274448847e-05,0.039476878234570155,0.0016357599950117107,0.0032743172763091332
1582,samples/sample_001582.npz,rectangular_body_001582,42,48,50,56,2,7,6,6,5,2,6,44.5,52.5,4.0,20.0,70.0,45.0,60.0,60.0,50.0,445.0,525.0,0.2745692668455177,180,5.513801182212799e-05,0.09396609595934013,0.003280321838274189,0.0070093388221111755
1583,samples/sample_001583.npz,rectangular_body_001583,7,23,6,12,4,12,16,6,8,4,11,14.5,8.5,7.5,40.0,120.0,80.0,160.0,60.0,80.0,145.0,85.0,0.6276939599558975,768,0.0007314899812659012,0.3127890389907447,0.024791703931450138,0.04075197175236748
1584,samples/sample_001584.npz,rectangular_body_001584,3,8,49,62,4,12,5,13,8,4,11,5.0,55.0,7.5,40.0,120.0,80.0,50.0,130.0,80.0,50.0,550.0,0.3272826435852515,520,0.00019659801351556107,0.1243312400083816,0.0069286032061118144,0.014007123146459891
1585,samples/sample_001585.npz,rectangular_body_001585,41,47,47,53,3,6,6,6,3,3,5,43.5,49.5,4.0,30.0,60.0,45.0,60.0,60.0,30.0,435.0,495.0,0.81458144565051,108,0.00011186940125458287,0.1550855364886275,0.006123104556267311,0.012183427842257634
1586,samples/sample_001586.npz,rectangular_body_001586,47,54,11,18,7,15,7,7,8,7,14,50.0,14.0,10.5,70.0,150.0,110.0,70.0,70.0,80.0,500.0,140.0,0.9415824129743873,392,0.0008235600305593355,0.1735703801062698,0.01821855792550808,0.024147519862867617
1587,samples/sample_001587.npz,rectangular_body_001587,46,52,34,43,3,7,6,9,4,3,6,48.5,38.0,4.5,30.0,70.0,50.0,60.0,90.0,40.0,485.0,380.0,0.24451410438205487,216,8.938353315220046e-05,0.0744208415390451,0.0037131296153834273,0.0066265018390027335
1588,samples/sample_001588.npz,rectangular_body_001588,11,15,18,33,6,9,4,15,3,6,8,12.5,25.0,7.0,60.0,90.0,75.0,40.0,150.0,30.0,125.0,250.0,0.28480500444049994,180,0.00011270290300946975,0.035127888173319924,0.0031533393819917323,0.004456079840252222
1589,samples/sample_001589.npz,rectangular_body_001589,46,57,22,26,7,13,11,4,6,7,12,51.0,23.5,9.5,70.0,130.0,100.0,110.0,40.0,60.0,510.0,235.0,0.3863421793355212,264,0.00026826121687676974,0.052297786141033385,0.005574343670402502,0.007075526675586523
1590,samples/sample_001590.npz,rectangular_body_001590,45,59,16,32,3,6,14,16,3,3,5,51.5,23.5,4.0,30.0,60.0,45.0,140.0,160.0,30.0,515.0,235.0,0.21137194647836274,672,0.0001920063763533352,0.12002542729231844,0.009599579893234499,0.016112488200384478
1591,samples/sample_001591.npz,rectangular_body_001591,37,48,25,40,7,15,11,15,8,7,14,42.0,32.0,10.5,70.0,150.0,110.0,110.0,150.0,80.0,420.0,320.0,0.28923874865628907,1320,0.0019443491092101602,0.14655962139515316,0.02265885443414055,0.022030476305277356
1592,samples/sample_001592.npz,rectangular_body_001592,52,58,27,40,7,15,6,13,8,7,14,54.5,33.0,10.5,70.0,150.0,110.0,60.0,130.0,80.0,545.0,330.0,0.4950804804330468,624,0.0009062690012523239,0.13229505178264833,0.015343376344843316,0.019096757413346037
1593,samples/sample_001593.npz,rectangular_body_001593,53,58,46,59,5,13,5,13,8,5,12,55.0,52.0,8.5,50.0,130.0,90.0,50.0,130.0,80.0,550.0,520.0,0.813918508492274,520,0.0006353497371120401,0.25637617824634906,0.01944554775412171,0.03276800035643588
1594,samples/sample_001594.npz,rectangular_body_001594,35,45,26,31,8,13,10,5,5,8,12,39.5,28.0,10.0,80.0,130.0,105.0,100.0,50.0,50.0,395.0,280.0,0.584530432460924,250,0.0007151239459246699,0.06851326123693374,0.008962904878938019,0.009198883839743996
1595,samples/sample_001595.npz,rectangular_body_001595,37,45,32,42,3,10,8,10,7,3,9,40.5,36.5,6.0,30.0,100.0,65.0,80.0,100.0,70.0,405.0,365.0,0.5784729389568772,560,0.0009757076651104621,0.3171926133295804,0.02284478963623727,0.03287327701638184
1596,samples/sample_001596.npz,rectangular_body_001596,34,48,32,41,8,10,14,9,2,8,9,40.5,36.0,8.5,80.0,100.0,90.0,140.0,90.0,20.0,405.0,360.0,0.914406330196416,252,0.0009346154591568409,0.11634432995442415,0.01475450993160209,0.016170355772103278
1597,samples/sample_001597.npz,rectangular_body_001597,34,48,3,18,2,8,14,15,6,2,7,40.5,10.0,4.5,20.0,80.0,50.0,140.0,150.0,60.0,405.0,100.0,0.6854459093252605,1260,0.0011681796495066137,0.7240784421273481,0.055273176230794904,0.09517903525571385
1598,samples/sample_001598.npz,rectangular_body_001598,39,44,15,19,3,7,5,4,4,3,6,41.0,16.5,4.5,30.0,70.0,50.0,50.0,40.0,40.0,410.0,165.0,0.49227440452947885,80,6.525281866670655e-05,0.06907263028738786,0.0028008663523343925,0.005178118906673607
1599,samples/sample_001599.npz,rectangular_body_001599,36,43,32,40,5,12,7,8,7,5,11,39.0,35.5,8.0,50.0,120.0,85.0,70.0,80.0,70.0,390.0,355.0,0.9220045944931565,392,0.0014894965101941737,0.2555011460318156,0.023919595506981306,0.02906877527485351
1600,samples/sample_001600.npz,rectangular_body_001600,34,46,22,31,8,15,12,9,7,8,14,39.5,26.0,11.0,80.0,150.0,115.0,120.0,90.0,70.0,395.0,260.0,0.6418208160572292,756,0.002378139526657752,0.18605050266942677,0.028496446424048874,0.02718415035120813
1601,samples/sample_001601.npz,rectangular_body_001601,31,43,29,45,8,14,12,16,6,8,13,36.5,36.5,10.5,80.0,140.0,110.0,120.0,160.0,60.0,365.0,365.0,0.9297092754007774,1152,0.005878154523605798,0.38463759364486383,0.06460064148025461,0.05931613854857853
1602,samples/sample_001602.npz,rectangular_body_001602,24,32,17,31,3,8,8,14,5,3,7,27.5,23.5,5.0,30.0,80.0,55.0,80.0,140.0,50.0,275.0,235.0,0.33435260328465066,560,0.0005379752099771971,0.18379625358871848,0.013723518494426035,0.02029393071572337
1603,samples/sample_001603.npz,rectangular_body_001603,50,58,2,11,4,8,8,9,4,4,7,53.5,6.0,5.5,40.0,80.0,60.0,80.0,90.0,40.0,535.0,60.0,0.2696622877327733,288,7.525612282493413e-05,0.08114688927124698,0.0037574935622136678,0.008228770451556297
1604,samples/sample_001604.npz,rectangular_body_001604,22,27,51,59,7,15,5,8,8,7,14,24.0,54.5,10.5,70.0,150.0,110.0,50.0,80.0,80.0,240.0,545.0,0.6543504327592699,320,0.000530709976895596,0.09914661097703034,0.010257213751824628,0.013377102447598276
1605,samples/sample_001605.npz,rectangular_body_001605,34,38,22,29,6,12,4,7,6,6,11,35.5,25.0,8.5,60.0,120.0,90.0,40.0,70.0,60.0,355.0,250.0,0.709355243213263,168,0.0005351551077312001,0.07927173343147462,0.007777038844477335,0.00909388545232995
1606,samples/sample_001606.npz,rectangular_body_001606,46,56,47,60,7,12,10,13,5,7,11,50.5,53.0,9.0,70.0,120.0,95.0,100.0,130.0,50.0,505.0,530.0,0.3263557716575554,650,0.0003700419745145691,0.10240521493906207,0.010144217141705356,0.015026047613160839
1607,samples/sample_001607.npz,rectangular_body_001607,10,23,14,29,8,16,13,15,8,8,15,16.0,21.0,11.5,80.0,160.0,120.0,130.0,150.0,80.0,160.0,210.0,0.8812445796824229,1560,0.0045207296634038035,0.44783432749106145,0.07214268433328609,0.07417147791092411
1608,samples/sample_001608.npz,rectangular_body_001608,14,29,32,47,5,12,15,15,7,5,11,21.0,39.0,8.0,50.0,120.0,85.0,150.0,150.0,70.0,210.0,390.0,0.8017654744270648,1575,0.00415911327035102,0.6197089730137535,0.08074153592421161,0.0917442987780459
1609,samples/sample_001609.npz,rectangular_body_001609,7,14,43,49,4,6,7,6,2,4,5,10.0,45.5,4.5,40.0,60.0,50.0,70.0,60.0,20.0,100.0,455.0,0.8050139745533227,84,7.876967851790648e-05,0.0985625843284138,0.0042944362924279035,0.008599278322562218
1610,samples/sample_001610.npz,rectangular_body_001610,12,24,30,41,6,9,12,11,3,6,8,17.5,35.0,7.0,60.0,90.0,75.0,120.0,110.0,30.0,175.0,350.0,0.28185045867513986,396,0.0003283704654505543,0.0727340131723209,0.007319419182372099,0.009430221044629343
1611,samples/sample_001611.npz,rectangular_body_001611,14,29,21,28,7,11,15,7,4,7,10,21.0,24.0,8.5,70.0,110.0,90.0,150.0,70.0,40.0,210.0,240.0,0.6681623331992765,420,0.0009637365525851031,0.1455198049259392,0.01764836561972098,0.02006771295956519
1612,samples/sample_001612.npz,rectangular_body_001612,41,47,17,33,7,11,6,16,4,7,10,43.5,24.5,8.5,70.0,110.0,90.0,60.0,160.0,40.0,435.0,245.0,0.5657459137817444,384,0.0007153015495253339,0.11096162410002108,0.013560864511573102,0.015523563223334477
1613,samples/sample_001613.npz,rectangular_body_001613,40,51,18,26,2,7,11,8,5,2,6,45.0,21.5,4.0,20.0,70.0,45.0,110.0,80.0,50.0,450.0,215.0,0.20292318300312912,440,0.00014207439140154812,0.12337436143959182,0.0065111766248891825,0.011647042388419935
1614,samples/sample_001614.npz,rectangular_body_001614,33,43,38,48,8,13,10,10,5,8,12,37.5,42.5,10.0,80.0,130.0,105.0,100.0,100.0,50.0,375.0,425.0,0.48555745252613375,500,0.0009703530238031155,0.10639660846373665,0.014502644568564363,0.015162606296717123
1615,samples/sample_001615.npz,rectangular_body_001615,7,14,46,51,4,11,7,5,7,4,10,10.0,48.0,7.0,40.0,110.0,75.0,70.0,50.0,70.0,100.0,480.0,0.46916695843934986,245,0.0001744109837979282,0.10802395090092326,0.0063692877784795095,0.011036318345693167
1616,samples/sample_001616.npz,rectangular_body_001616,28,42,21,25,3,8,14,4,5,3,7,34.5,22.5,5.0,30.0,80.0,55.0,140.0,40.0,50.0,345.0,225.0,0.30112340701584595,280,0.00023909784342996906,0.09268011051279512,0.0061765005254534044,0.009402468068355643
1617,samples/sample_001617.npz,rectangular_body_001617,11,25,25,38,8,16,14,13,8,8,15,17.5,31.0,11.5,80.0,160.0,120.0,140.0,130.0,80.0,175.0,310.0,0.9295885956793102,1456,0.006380643143553568,0.44803919128477443,0.07488433915072132,0.07155787202346835
1618,samples/sample_001618.npz,rectangular_body_001618,35,43,31,37,4,8,8,6,4,4,7,38.5,33.5,5.5,40.0,80.0,60.0,80.0,60.0,40.0,385.0,335.0,0.5822881089991349,192,0.0003838470389733285,0.12728549522883736,0.008119541931330979,0.012101617461730801
1619,samples/sample_001619.npz,rectangular_body_001619,19,27,49,54,3,6,8,5,3,3,5,22.5,51.0,4.0,30.0,60.0,45.0,80.0,50.0,30.0,225.0,510.0,0.9491947284349345,120,0.00015004274537497097,0.19324642233474154,0.007873571552554217,0.015592888780074426
1620,samples/sample_001620.npz,rectangular_body_001620,22,37,23,32,3,5,15,9,2,3,4,29.0,27.0,3.5,30.0,50.0,40.0,150.0,90.0,20.0,290.0,270.0,0.7740012943136128,270,0.0005775872695280748,0.24566638872612118,0.016300785958187188,0.026501492064757843
1621,samples/sample_001621.npz,rectangular_body_001621,42,50,47,62,3,9,8,15,6,3,8,45.5,54.0,5.5,30.0,90.0,60.0,80.0,150.0,60.0,455.0,540.0,0.8372488711459258,720,0.0007953537603701869,0.529345271011918,0.03509127151240802,0.06247559983844594
1622,samples/sample_001622.npz,rectangular_body_001622,8,16,20,35,3,11,8,15,8,3,10,11.5,27.0,6.5,30.0,110.0,70.0,80.0,150.0,80.0,115.0,270.0,0.3348960948970191,960,0.0006770718489546404,0.2464456381619102,0.020002925360522075,0.030135549740114544
1623,samples/sample_001623.npz,rectangular_body_001623,19,23,14,26,6,10,4,12,4,6,9,20.5,19.5,7.5,60.0,100.0,80.0,40.0,120.0,40.0,205.0,195.0,0.641979899418859,192,0.000320469667820182,0.08482300172068657,0.007863889760761224,0.010333060109955718
1624,samples/sample_001624.npz,rectangular_body_001624,54,59,39,51,2,5,5,12,3,2,4,56.0,44.5,3.0,20.0,50.0,35.0,50.0,120.0,30.0,560.0,445.0,0.6619650088905491,180,9.75241815392345e-05,0.2184853653771369,0.007647811839622877,0.018073243525465126
1625,samples/sample_001625.npz,rectangular_body_001625,49,60,21,37,5,11,11,16,6,5,10,54.0,28.5,7.5,50.0,110.0,80.0,110.0,160.0,60.0,540.0,285.0,0.5109393489363094,1056,0.0012063629928246256,0.30194631705059216,0.030301967759308983,0.04279052856870264
1626,samples/sample_001626.npz,rectangular_body_001626,23,28,18,30,3,9,5,12,6,3,8,25.0,23.5,5.5,30.0,90.0,60.0,50.0,120.0,60.0,250.0,235.0,0.6796104931115305,360,0.0006812896688642718,0.26370685162447355,0.017558996399231287,0.02624614561053314
1627,samples/sample_001627.npz,rectangular_body_001627,21,34,26,41,7,10,13,15,3,7,9,27.0,33.0,8.0,70.0,100.0,85.0,130.0,150.0,30.0,270.0,330.0,0.4761653342866762,585,0.001472332593343908,0.1376100200815198,0.018523769199898267,0.019693031374342695
1628,samples/sample_001628.npz,rectangular_body_001628,45,61,26,33,3,11,16,7,8,3,10,52.5,29.0,6.5,30.0,110.0,70.0,160.0,70.0,80.0,525.0,290.0,0.5537865325591345,896,0.0010714562781925787,0.3787291841011256,0.029963730928782926,0.046088958031747625
1629,samples/sample_001629.npz,rectangular_body_001629,44,50,10,24,7,13,6,14,6,7,12,46.5,16.5,9.5,70.0,130.0,100.0,60.0,140.0,60.0,465.0,165.0,0.5700180920524751,504,0.0007157092245286447,0.13521676175609115,0.015863999863223375,0.019575152561325856
1630,samples/sample_001630.npz,rectangular_body_001630,40,46,9,15,3,11,6,6,8,3,10,42.5,11.5,6.5,30.0,110.0,70.0,60.0,60.0,80.0,425.0,115.0,0.8872816169518594,288,0.00044731501573960493,0.28187019155332227,0.015629032352449296,0.026365840648580864
1631,samples/sample_001631.npz,rectangular_body_001631,3,16,10,16,4,8,13,6,4,4,7,9.0,12.5,5.5,40.0,80.0,60.0,130.0,60.0,40.0,90.0,125.0,0.6113164823655356,312,0.00021879061025583535,0.18287577052236953,0.01057417357142927,0.02026099014386569
1632,samples/sample_001632.npz,rectangular_body_001632,3,10,43,47,8,14,7,4,6,8,13,6.0,44.5,10.5,80.0,140.0,110.0,70.0,40.0,60.0,60.0,445.0,0.9017332064470904,168,0.0003079156857238103,0.07014518452127974,0.006644911614512692,0.00944843200440488
1633,samples/sample_001633.npz,rectangular_body_001633,43,47,37,52,4,7,4,15,3,4,6,44.5,44.0,5.0,40.0,70.0,55.0,40.0,150.0,30.0,445.0,440.0,0.5419701301262319,180,0.00017154607867066784,0.09888872816405131,0.0067499409921571146,0.01076009134844094
1634,samples/sample_001634.npz,rectangular_body_001634,17,27,32,45,5,8,10,13,3,5,7,21.5,38.0,6.0,50.0,80.0,65.0,100.0,130.0,30.0,215.0,380.0,0.7298627758340019,390,0.000789203012113558,0.2198770207355082,0.01981822670592822,0.026826739737481994
1635,samples/sample_001635.npz,rectangular_body_001635,49,59,52,56,8,12,10,4,4,8,11,53.5,53.5,9.5,80.0,120.0,100.0,100.0,40.0,40.0,535.0,535.0,0.790732956213912,160,0.00020823932085247272,0.06385540705003426,0.0055629239768041,0.00877019295368096
1636,samples/sample_001636.npz,rectangular_body_001636,6,20,37,52,3,9,14,15,6,3,8,12.5,44.0,5.5,30.0,90.0,60.0,140.0,150.0,60.0,125.0,440.0,0.7292151514712761,1260,0.0014245457563336937,0.6597494829416911,0.05796545240220938,0.09055154707821053
1637,samples/sample_001637.npz,rectangular_body_001637,34,50,47,58,5,8,16,11,3,5,7,41.5,52.0,6.0,50.0,80.0,65.0,160.0,110.0,30.0,415.0,520.0,0.8519102288927107,528,0.0007594313221431424,0.30742878185670824,0.027482798591228125,0.04180899636770068
1638,samples/sample_001638.npz,rectangular_body_001638,34,49,44,49,5,8,15,5,3,5,7,41.0,46.0,6.0,50.0,80.0,65.0,150.0,50.0,30.0,410.0,460.0,0.35108851276197983,225,0.0001667270135053974,0.06458692725303472,0.005278448936539044,0.0076429109797687056
1639,samples/sample_001639.npz,rectangular_body_001639,19,27,55,61,7,12,8,6,5,7,11,22.5,57.5,9.0,70.0,120.0,95.0,80.0,60.0,50.0,225.0,575.0,0.7720012311845745,240,0.0003612980991089845,0.10494269004762291,0.008715985553477834,0.013162201798241322
1640,samples/sample_001640.npz,rectangular_body_001640,50,61,17,32,2,8,11,15,6,2,7,55.0,24.0,4.5,20.0,80.0,50.0,110.0,150.0,60.0,550.0,240.0,0.6319952282468522,990,0.0008144627988328983,0.5929879403609208,0.03874443023706481,0.07111364767991134
1641,samples/sample_001641.npz,rectangular_body_001641,51,55,28,33,4,11,4,5,7,4,10,52.5,30.0,7.0,40.0,110.0,75.0,40.0,50.0,70.0,525.0,300.0,0.3774931338589614,140,0.00012183877070018747,0.05286907710875886,0.0031903608269413662,0.00508414912664097
1642,samples/sample_001642.npz,rectangular_body_001642,40,46,18,30,5,11,6,12,6,5,10,42.5,23.5,7.5,50.0,110.0,80.0,60.0,120.0,60.0,425.0,235.0,0.6889079019640612,432,0.0008869339359598527,0.20697096520931185,0.01943708953911212,0.02489053427485999
1643,samples/sample_001643.npz,rectangular_body_001643,38,51,36,40,3,6,13,4,3,3,5,44.0,37.5,4.0,30.0,60.0,45.0,130.0,40.0,30.0,440.0,375.0,0.2825101313839158,156,8.349064320053648e-05,0.06103100961774195,0.0032692936185335004,0.005668885350941348
1644,samples/sample_001644.npz,rectangular_body_001644,39,55,48,53,2,6,16,5,4,2,5,46.5,50.0,3.5,20.0,60.0,40.0,160.0,50.0,40.0,465.0,500.0,0.9620356688862972,320,0.0003227266527089234,0.4190042709257371,0.02122881559725069,0.04155947895065375
1645,samples/sample_001645.npz,rectangular_body_001645,48,55,41,48,8,16,7,7,8,8,15,51.0,44.0,11.5,80.0,160.0,120.0,70.0,70.0,80.0,510.0,440.0,0.8004448161529825,392,0.0008418157086045451,0.1256138054183289,0.015443596971288599,0.01841881068016591
1646,samples/sample_001646.npz,rectangular_body_001646,8,23,13,29,7,13,15,16,6,7,12,15.0,20.5,9.5,70.0,130.0,100.0,150.0,160.0,60.0,150.0,205.0,0.6446351037876854,1440,0.0025177260559019633,0.3592539647033104,0.05160779086836721,0.058802033407364215
1647,samples/sample_001647.npz,rectangular_body_001647,38,42,36,52,4,9,4,16,5,4,8,39.5,43.5,6.0,40.0,90.0,65.0,40.0,160.0,50.0,395.0,435.0,0.39676466577661895,320,0.0003097122309031229,0.10489199912384033,0.008685168916483743,0.012268655710584803
1648,samples/sample_001648.npz,rectangular_body_001648,39,43,43,48,2,4,4,5,2,2,3,40.5,45.0,2.5,20.0,40.0,30.0,40.0,50.0,20.0,405.0,450.0,0.6219791431720956,40,2.9770708066353103e-05,0.08101447521594829,0.0019368956457814835,0.004514041209481272
1649,samples/sample_001649.npz,rectangular_body_001649,37,51,25,32,5,9,14,7,4,5,8,43.5,28.0,6.5,50.0,90.0,70.0,140.0,70.0,40.0,435.0,280.0,0.5612314069735127,392,0.0006642645014187389,0.164500521547841,0.01494679973519289,0.019893587226860163
1650,samples/sample_001650.npz,rectangular_body_001650,16,27,58,62,4,9,11,4,5,4,8,21.0,59.5,6.0,40.0,90.0,65.0,110.0,40.0,50.0,210.0,595.0,0.287326992468641,220,8.064726824286232e-05,0.062381491333081164,0.003089603058629982,0.00610276158833222
1651,samples/sample_001651.npz,rectangular_body_001651,26,39,21,31,2,5,13,10,3,2,4,32.0,25.5,3.0,20.0,50.0,35.0,130.0,100.0,30.0,320.0,255.0,0.9842733967097224,390,0.0009669454683703934,0.5249488746581729,0.030430220207312064,0.05343965621107224
1652,samples/sample_001652.npz,rectangular_body_001652,31,47,44,53,8,11,16,9,3,8,10,38.5,48.0,9.0,80.0,110.0,95.0,160.0,90.0,30.0,385.0,480.0,0.601897388062406,432,0.0007575426473915654,0.11721918282968974,0.015170310611368958,0.01759892372688017
1653,samples/sample_001653.npz,rectangular_body_001653,20,29,11,25,5,8,9,14,3,5,7,24.0,17.5,6.0,50.0,80.0,65.0,90.0,140.0,30.0,240.0,175.0,0.46611737773995404,378,0.0004059840304048896,0.1356545475768418,0.011879987765108166,0.016738371871947204
1654,samples/sample_001654.npz,rectangular_body_001654,50,61,23,38,2,7,11,15,5,2,6,55.0,30.0,4.0,20.0,70.0,45.0,110.0,150.0,50.0,550.0,300.0,0.2096130888343457,825,0.00024009586681171077,0.17608725487380567,0.011055336359303792,0.02072399747282418
1655,samples/sample_001655.npz,rectangular_body_001655,52,62,12,27,2,7,10,15,5,2,6,56.5,19.0,4.0,20.0,70.0,45.0,100.0,150.0,50.0,565.0,190.0,0.3781348255819376,750,0.0002830957410743229,0.3004001215275742,0.016830590895950327,0.034252636386037046
1656,samples/sample_001656.npz,rectangular_body_001656,49,55,8,24,6,8,6,16,2,6,7,51.5,15.5,6.5,60.0,80.0,70.0,60.0,160.0,20.0,515.0,155.0,0.731375732305527,192,0.00021570346661429693,0.09808978222919182,0.008109593438566334,0.0128340222029995
1657,samples/sample_001657.npz,rectangular_body_001657,35,50,16,30,4,6,15,14,2,4,5,42.0,22.5,4.5,40.0,60.0,50.0,150.0,140.0,20.0,420.0,225.0,0.6402887338939989,420,0.0005456179659188626,0.21743266304507505,0.0195115048954377,0.028554761228920936
1658,samples/sample_001658.npz,rectangular_body_001658,52,60,6,18,6,10,8,12,4,6,9,55.5,11.5,7.5,60.0,100.0,80.0,80.0,120.0,40.0,555.0,115.0,0.903889422662705,384,0.0004725388804114402,0.22414260053018464,0.016483127898990042,0.028817720843482678
1659,samples/sample_001659.npz,rectangular_body_001659,6,17,19,28,3,5,11,9,2,3,4,11.0,23.0,3.5,30.0,50.0,40.0,110.0,90.0,20.0,110.0,230.0,0.8171361325653119,198,0.00019117726520717784,0.22802787675344077,0.011176205328409197,0.022059430705984436
1660,samples/sample_001660.npz,rectangular_body_001660,46,51,35,51,2,10,5,16,8,2,9,48.0,42.5,5.5,20.0,100.0,60.0,50.0,160.0,80.0,480.0,425.0,0.354703516862015,640,0.0003969281733675217,0.22386649094055003,0.015123070753720123,0.024313962293018583
1661,samples/sample_001661.npz,rectangular_body_001661,5,11,24,40,7,12,6,16,5,7,11,7.5,31.5,9.0,70.0,120.0,95.0,60.0,160.0,50.0,75.0,315.0,0.7271438424757954,480,0.0009055247895375164,0.1670360491619272,0.01783045581318979,0.023984314313544374
1662,samples/sample_001662.npz,rectangular_body_001662,3,17,20,31,6,8,14,11,2,6,7,9.5,25.0,6.5,60.0,80.0,70.0,140.0,110.0,20.0,95.0,250.0,0.4392656411529388,308,0.0002536126105780923,0.08996599280013012,0.00790157965805948,0.011968639343235743
1663,samples/sample_001663.npz,rectangular_body_001663,9,13,25,36,4,6,4,11,2,4,5,10.5,30.0,4.5,40.0,60.0,50.0,40.0,110.0,20.0,105.0,300.0,0.6448707222621032,88,9.415791553442038e-05,0.07457316418439745,0.0037944244539456005,0.006987879956464275
1664,samples/sample_001664.npz,rectangular_body_001664,43,59,4,10,4,7,16,6,3,4,6,50.5,6.5,5.0,40.0,70.0,55.0,160.0,60.0,30.0,505.0,65.0,0.9684100344653459,288,0.0002768796382472441,0.26011423617343093,0.01476251097990736,0.03003921696163019
1665,samples/sample_001665.npz,rectangular_body_001665,45,55,3,13,5,10,10,10,5,5,9,49.5,7.5,7.0,50.0,100.0,75.0,100.0,100.0,50.0,495.0,75.0,0.38677398425626985,500,0.0002627331780089574,0.1396231644648115,0.00973105915257396,0.01713577853999967
1666,samples/sample_001666.npz,rectangular_body_001666,35,42,9,21,6,9,7,12,3,6,8,38.0,14.5,7.0,60.0,90.0,75.0,70.0,120.0,30.0,380.0,145.0,0.8879444676702379,252,0.0005325779454710842,0.1597130860826278,0.014111854960124973,0.019617942013090528
1667,samples/sample_001667.npz,rectangular_body_001667,23,27,29,36,5,8,4,7,3,5,7,24.5,32.0,6.0,50.0,80.0,65.0,40.0,70.0,30.0,245.0,320.0,0.8834689949801866,84,0.00028693831667858617,0.07909946470766041,0.005301885111158701,0.007584893756234281
1668,samples/sample_001668.npz,rectangular_body_001668,46,53,56,60,7,12,7,4,5,7,11,49.0,57.5,9.0,70.0,120.0,95.0,70.0,40.0,50.0,490.0,575.0,0.2070454508196855,140,4.576008420476969e-05,0.017120028446375137,0.0012673237321661778,0.002100789861199804
1669,samples/sample_001669.npz,rectangular_body_001669,13,22,2,15,2,8,9,13,6,2,7,17.0,8.0,4.5,20.0,80.0,50.0,90.0,130.0,60.0,170.0,80.0,0.9111100418424505,702,0.0006922299532358099,0.7159815787089376,0.03813266779740224,0.07623553028682095
1670,samples/sample_001670.npz,rectangular_body_001670,12,21,19,32,5,11,9,13,6,5,10,16.0,25.0,7.5,50.0,110.0,80.0,90.0,130.0,60.0,160.0,250.0,0.4411616526672042,702,0.0008206264512987277,0.19799586409400655,0.01954379470453038,0.025498234666490704
1671,samples/sample_001671.npz,rectangular_body_001671,41,49,38,51,5,9,8,13,4,5,8,44.5,44.0,6.5,50.0,90.0,70.0,80.0,130.0,40.0,445.0,440.0,0.35429596225676463,416,0.00031607574072720735,0.11092800843794921,0.009597328128068565,0.013571450610594296
1672,samples/sample_001672.npz,rectangular_body_001672,44,52,51,62,3,10,8,11,7,3,9,47.5,56.0,6.0,30.0,100.0,65.0,80.0,110.0,70.0,475.0,560.0,0.6260967515285774,616,0.0004813936879881049,0.36536279442001424,0.02062996966856341,0.039253220661793445
1673,samples/sample_001673.npz,rectangular_body_001673,54,61,45,53,5,12,7,8,7,5,11,57.0,48.5,8.0,50.0,120.0,85.0,70.0,80.0,70.0,570.0,485.0,0.5956364596009753,392,0.0003446893351247075,0.16505970606624548,0.010945778431954049,0.01905787912380685
1674,samples/sample_001674.npz,rectangular_body_001674,35,47,9,20,2,4,12,11,2,2,3,40.5,14.0,2.5,20.0,40.0,30.0,120.0,110.0,20.0,405.0,140.0,0.7145303294339667,264,0.00019701672806294706,0.2827632101606943,0.014154945967416944,0.028514012616176563
1675,samples/sample_001675.npz,rectangular_body_001675,5,16,20,34,7,10,11,14,3,7,9,10.0,26.5,8.0,70.0,100.0,85.0,110.0,140.0,30.0,100.0,265.0,0.7571029097582602,462,0.0008140801944137205,0.18469066054941144,0.01958930352161846,0.026433770428231827
1676,samples/sample_001676.npz,rectangular_body_001676,48,60,29,40,5,9,12,11,4,5,8,53.5,34.0,6.5,50.0,90.0,70.0,120.0,110.0,40.0,535.0,340.0,0.6608741550988767,528,0.0007219443279695018,0.2504513404882318,0.020676873651786644,0.031659593125101505
1677,samples/sample_001677.npz,rectangular_body_001677,11,26,37,47,7,12,15,10,5,7,11,18.0,41.5,9.0,70.0,120.0,95.0,150.0,100.0,50.0,180.0,415.0,0.6158754656283238,750,0.0013687716030953748,0.21328157961411076,0.027435124752293184,0.031485575098689454
1678,samples/sample_001678.npz,rectangular_body_001678,9,20,48,58,6,8,11,10,2,6,7,14.0,52.5,6.5,60.0,80.0,70.0,110.0,100.0,20.0,140.0,525.0,0.9259574235207959,220,0.0002902752279821038,0.15134430035178953,0.011349992454157454,0.018977389331630967
1679,samples/sample_001679.npz,rectangular_body_001679,33,37,48,54,3,9,4,6,6,3,8,34.5,50.5,5.5,30.0,90.0,60.0,40.0,60.0,60.0,345.0,505.0,0.890927411687267,144,0.00025667782197315113,0.1763767751525516,0.008509870789069226,0.014827002484351372
1680,samples/sample_001680.npz,rectangular_body_001680,33,45,54,62,6,9,12,8,3,6,8,38.5,57.5,7.0,60.0,90.0,75.0,120.0,80.0,30.0,385.0,575.0,0.9814112967609079,288,0.0004753467459554397,0.1970089626698041,0.014483621911828629,0.02395298510600802
1681,samples/sample_001681.npz,rectangular_body_001681,27,41,33,49,2,10,14,16,8,2,9,33.5,40.5,5.5,20.0,100.0,60.0,140.0,160.0,80.0,335.0,405.0,0.7508690409781391,1792,0.004310733537374144,0.9596623989960738,0.09650005644546367,0.12947885946403334
1682,samples/sample_001682.npz,rectangular_body_001682,19,24,36,41,8,16,5,5,8,8,15,21.0,38.0,11.5,80.0,160.0,120.0,50.0,50.0,80.0,210.0,380.0,0.26425224510319273,200,0.0002325915135894407,0.02202848283158588,0.0030089548605544882,0.0030047614120837485
1683,samples/sample_001683.npz,rectangular_body_001683,51,58,20,32,5,11,7,12,6,5,10,54.0,25.5,7.5,50.0,110.0,80.0,70.0,120.0,60.0,540.0,255.0,0.6693609504501163,504,0.0006949636497966842,0.2310968979392871,0.018999905936242213,0.028510803000492083
1684,samples/sample_001684.npz,rectangular_body_001684,11,27,16,31,8,13,16,15,5,8,12,18.5,23.0,10.0,80.0,130.0,105.0,160.0,150.0,50.0,185.0,230.0,0.8165351088000465,1200,0.003393765102340951,0.3525685049110335,0.056407105565128055,0.05768990782064387
1685,samples/sample_001685.npz,rectangular_body_001685,16,24,42,53,2,9,8,11,7,2,8,19.5,47.0,5.0,20.0,90.0,55.0,80.0,110.0,70.0,195.0,470.0,0.2226217810468697,616,0.00022385144178645026,0.16080630422121145,0.009369046725419765,0.016025011079181244
1686,samples/sample_001686.npz,rectangular_body_001686,45,51,16,32,6,14,6,16,8,6,13,47.5,23.5,9.5,60.0,140.0,100.0,60.0,160.0,80.0,475.0,235.0,0.5364859325770945,768,0.0012286410450321403,0.19220127067308507,0.0237633360812261,0.0276544259372729
1687,samples/sample_001687.npz,rectangular_body_001687,3,19,9,15,7,12,16,6,5,7,11,10.5,11.5,9.0,70.0,120.0,95.0,160.0,60.0,50.0,105.0,115.0,0.43137465305226325,480,0.00035660388448608316,0.09909334723690552,0.009812712485194585,0.01460650734624688
1688,samples/sample_001688.npz,rectangular_body_001688,8,24,13,18,2,10,16,5,8,2,9,15.5,15.0,5.5,20.0,100.0,60.0,160.0,50.0,80.0,155.0,150.0,0.6618045319185342,640,0.0006356432534571923,0.41768930175082003,0.027094950245733135,0.045686347673084854
1689,samples/sample_001689.npz,rectangular_body_001689,25,34,42,57,6,13,9,15,7,6,12,29.0,49.0,9.0,60.0,130.0,95.0,90.0,150.0,70.0,290.0,490.0,0.46517833232498307,945,0.0014062121911750402,0.2132929666758569,0.025562347206708084,0.03052581892483634
1690,samples/sample_001690.npz,rectangular_body_001690,48,52,33,41,8,15,4,8,7,8,14,49.5,36.5,11.0,80.0,150.0,115.0,40.0,80.0,70.0,495.0,365.0,0.5855424009536783,224,0.00044155244428231645,0.05623913380562364,0.007043360010370667,0.007926737356046255
1691,samples/sample_001691.npz,rectangular_body_001691,44,60,28,39,8,13,16,11,5,8,12,51.5,33.0,10.0,80.0,130.0,105.0,160.0,110.0,50.0,515.0,330.0,0.83454746273398,880,0.0023826113518618875,0.28382195902979274,0.039117743107600945,0.04478993354332053
1692,samples/sample_001692.npz,rectangular_body_001692,29,43,8,23,7,9,14,15,2,7,8,35.5,15.0,7.5,70.0,90.0,80.0,140.0,150.0,20.0,355.0,150.0,0.6595135140615321,420,0.0007720010555405554,0.1425254497811041,0.01720158244105352,0.0211720248877611
1693,samples/sample_001693.npz,rectangular_body_001693,42,57,37,53,7,10,15,16,3,7,9,49.0,44.5,8.0,70.0,100.0,85.0,150.0,160.0,30.0,490.0,445.0,0.5466848361902891,720,0.0008500765393663654,0.18095909095246418,0.02254545602204358,0.02871542224846012
1694,samples/sample_001694.npz,rectangular_body_001694,26,35,15,22,5,10,9,7,5,5,9,30.0,18.0,7.0,50.0,100.0,75.0,90.0,70.0,50.0,300.0,180.0,0.636274030631347,315,0.000634091617932168,0.16082645736548234,0.013306014762003826,0.017969820089697684
1695,samples/sample_001695.npz,rectangular_body_001695,44,54,56,61,8,12,10,5,4,8,11,48.5,58.0,9.5,80.0,120.0,100.0,100.0,50.0,40.0,485.0,580.0,0.7934215907066937,200,0.00026163113874551347,0.0796070283396314,0.006675113980107769,0.01056031553960542
1696,samples/sample_001696.npz,rectangular_body_001696,35,51,12,28,7,15,16,16,8,7,14,42.5,19.5,10.5,70.0,150.0,110.0,160.0,160.0,80.0,425.0,195.0,0.2860059767918817,2048,0.002003885704962908,0.20038210924215744,0.032895492827124936,0.03334931845879523
1697,samples/sample_001697.npz,rectangular_body_001697,6,19,46,59,8,11,13,13,3,8,10,12.0,52.0,9.0,80.0,110.0,95.0,130.0,130.0,30.0,120.0,520.0,0.21090097286136045,507,0.00018996595096533003,0.0478718085671556,0.0051431890177986075,0.007391851163128684
1698,samples/sample_001698.npz,rectangular_body_001698,38,54,45,57,4,6,16,12,2,4,5,45.5,50.5,4.5,40.0,60.0,50.0,160.0,120.0,20.0,455.0,505.0,0.46007431989829534,384,0.00022587512743005555,0.14780079501867482,0.011527621507828092,0.01936989977090507
1699,samples/sample_001699.npz,rectangular_body_001699,2,14,19,28,2,8,12,9,6,2,7,7.5,23.0,4.5,20.0,80.0,50.0,120.0,90.0,60.0,75.0,230.0,0.5987446764586974,648,0.0004829304191386009,0.45259588365457176,0.02359330687169462,0.04649329597596229
1700,samples/sample_001700.npz,rectangular_body_001700,13,22,18,28,4,6,9,10,2,4,5,17.0,22.5,4.5,40.0,60.0,50.0,90.0,100.0,20.0,170.0,225.0,0.9318090588022718,180,0.00028982316157150783,0.1973101938619724,0.011939487009981575,0.020012505317576517
1701,samples/sample_001701.npz,rectangular_body_001701,9,23,24,40,5,7,14,16,2,5,6,15.5,31.5,5.5,50.0,70.0,60.0,140.0,160.0,20.0,155.0,315.0,0.5328856616772417,448,0.0006023082109569163,0.15973543027644513,0.01623067671191305,0.02241121358105732
1702,samples/sample_001702.npz,rectangular_body_001702,24,37,45,50,7,12,13,5,5,7,11,30.0,47.0,9.0,70.0,120.0,95.0,130.0,50.0,50.0,300.0,470.0,0.3134243282750062,325,0.00035965208773426714,0.05310212454238647,0.006131945658847421,0.007171902117915587
1703,samples/sample_001703.npz,rectangular_body_001703,44,55,45,54,2,9,11,9,7,2,8,49.0,49.0,5.0,20.0,90.0,55.0,110.0,90.0,70.0,490.0,490.0,0.33318120882773417,693,0.00029808549982530475,0.26113029430658563,0.01473465243796162,0.026987482124368932
1704,samples/sample_001704.npz,rectangular_body_001704,57,62,28,35,4,7,5,7,3,4,6,59.0,31.0,5.0,40.0,70.0,55.0,50.0,70.0,30.0,590.0,310.0,0.8746491333726463,105,0.00013002892623161427,0.12398967575975772,0.004911303980505592,0.010379847396186932
1705,samples/sample_001705.npz,rectangular_body_001705,29,37,40,54,2,6,8,14,4,2,5,32.5,46.5,3.5,20.0,60.0,40.0,80.0,140.0,40.0,325.0,465.0,0.3696975596493137,448,0.0003042747578034665,0.21665127761433625,0.012352711014917837,0.02204548467537483
1706,samples/sample_001706.npz,rectangular_body_001706,14,19,44,59,8,11,5,15,3,8,10,16.0,51.0,9.0,80.0,110.0,95.0,50.0,150.0,30.0,160.0,510.0,0.642082963840322,225,0.00029595715413829003,0.0702853538385905,0.007547759089249845,0.010228071378924033
1707,samples/sample_001707.npz,rectangular_body_001707,10,16,34,46,7,12,6,12,5,7,11,12.5,39.5,9.0,70.0,120.0,95.0,60.0,120.0,50.0,125.0,395.0,0.2952680668979092,360,0.0002724767638102185,0.05571371632856516,0.0059908171351062,0.0076367198098709005
1708,samples/sample_001708.npz,rectangular_body_001708,23,29,39,46,7,14,6,7,7,7,13,25.5,42.0,10.0,70.0,140.0,105.0,60.0,70.0,70.0,255.0,420.0,0.3326079273023875,294,0.00039499644876895743,0.049369283624440874,0.005889714266694018,0.006388542702988026
1709,samples/sample_001709.npz,rectangular_body_001709,40,44,16,32,5,8,4,16,3,5,7,41.5,23.5,6.0,50.0,80.0,65.0,40.0,160.0,30.0,415.0,235.0,0.48117042152813366,192,0.0002425990210529328,0.07374906936542044,0.006400027519291552,0.00878018593829005
1710,samples/sample_001710.npz,rectangular_body_001710,35,44,34,48,7,15,9,14,8,7,14,39.0,40.5,10.5,70.0,150.0,110.0,90.0,140.0,80.0,390.0,405.0,0.403806252510466,1008,0.00172864018891293,0.16438198362021988,0.02402211597419778,0.02406034599928784
1711,samples/sample_001711.npz,rectangular_body_001711,37,46,9,15,2,9,9,6,7,2,8,41.0,11.5,5.0,20.0,90.0,55.0,90.0,60.0,70.0,410.0,115.0,0.7289576404589153,378,0.00041278633162562177,0.38175592844225303,0.01809475115577184,0.03354911802495776
1712,samples/sample_001712.npz,rectangular_body_001712,30,36,42,51,7,9,6,9,2,7,8,32.5,46.0,7.5,70.0,90.0,80.0,60.0,90.0,20.0,325.0,460.0,0.25572440059929635,108,9.001720362796647e-05,0.01945991919152906,0.0017796548422136544,0.0023154475303399434
1713,samples/sample_001713.npz,rectangular_body_001713,5,19,24,30,7,15,14,6,8,7,14,11.5,26.5,10.5,70.0,150.0,110.0,140.0,60.0,80.0,115.0,265.0,0.823464187335132,672,0.0016834783622885806,0.23185227096061303,0.02899100124723296,0.03410358348214723
1714,samples/sample_001714.npz,rectangular_body_001714,9,22,20,24,7,12,13,4,5,7,11,15.0,21.5,9.0,70.0,120.0,95.0,130.0,40.0,50.0,150.0,215.0,0.2036702700099765,260,0.00014043931829305133,0.027789729878894665,0.0030545899753181556,0.0037925208155984115
1715,samples/sample_001715.npz,rectangular_body_001715,15,30,15,22,8,13,15,7,5,8,12,22.0,18.0,10.0,80.0,130.0,105.0,150.0,70.0,50.0,220.0,180.0,0.23554187093060755,525,0.0004024957906555893,0.05170982365531384,0.00710471223786521,0.007721876022628263
1716,samples/sample_001716.npz,rectangular_body_001716,24,34,50,55,6,14,10,5,8,6,13,28.5,52.0,9.5,60.0,140.0,100.0,100.0,50.0,80.0,285.0,520.0,0.9114318184602557,400,0.0010488422097988583,0.19804730667553233,0.019982815149151234,0.025696574046255277
1717,samples/sample_001717.npz,rectangular_body_001717,41,51,34,47,3,9,10,13,6,3,8,45.5,40.0,5.5,30.0,90.0,60.0,100.0,130.0,60.0,455.0,400.0,0.4731716932104849,780,0.0007666347167436117,0.32693664851579063,0.025385466322757632,0.03813769380397276
1718,samples/sample_001718.npz,rectangular_body_001718,49,59,15,29,4,8,10,14,4,4,7,53.5,21.5,5.5,40.0,80.0,60.0,100.0,140.0,40.0,535.0,215.0,0.28538641600221015,560,0.00023871577409774496,0.13180429070811728,0.009719679348638901,0.016261298929176337
1719,samples/sample_001719.npz,rectangular_body_001719,25,38,9,16,2,4,13,7,2,2,3,31.0,12.0,2.5,20.0,40.0,30.0,130.0,70.0,20.0,310.0,120.0,0.48356920551704996,182,0.00010755233179051489,0.15541954085612114,0.00655933294316484,0.013833577888104949
1720,samples/sample_001720.npz,rectangular_body_001720,35,46,47,58,8,13,11,11,5,8,12,40.0,52.0,10.0,80.0,130.0,105.0,110.0,110.0,50.0,400.0,520.0,0.7520875577895636,605,0.0011904148632858407,0.19362666832012304,0.02373942203774285,0.029005048893859502
1721,samples/sample_001721.npz,rectangular_body_001721,33,47,54,60,3,8,14,6,5,3,7,39.5,56.5,5.0,30.0,80.0,55.0,140.0,60.0,50.0,395.0,565.0,0.2828638195166912,420,0.00015567204798535436,0.12411240186964977,0.006927684101152784,0.013201251050955149
1722,samples/sample_001722.npz,rectangular_body_001722,10,14,21,30,4,6,4,9,2,4,5,11.5,25.0,4.5,40.0,60.0,50.0,40.0,90.0,20.0,115.0,250.0,0.7300311967538335,72,7.939159312671406e-05,0.07495752267046021,0.0035522800946481766,0.006613741338521632
1723,samples/sample_001723.npz,rectangular_body_001723,21,26,23,35,3,9,5,12,6,3,8,23.0,28.5,5.5,30.0,90.0,60.0,50.0,120.0,60.0,230.0,285.0,0.5127392697280009,360,0.0005720922380347011,0.19895639165599766,0.013321138832125604,0.019764419484733075
1724,samples/sample_001724.npz,rectangular_body_001724,50,60,16,26,5,9,10,10,4,5,8,54.5,20.5,6.5,50.0,90.0,70.0,100.0,100.0,40.0,545.0,205.0,0.981036475043084,400,0.0006257592310348345,0.30562843238926124,0.022177792967572576,0.03662804932238191
1725,samples/sample_001725.npz,rectangular_body_001725,55,60,33,41,5,11,5,8,6,5,10,57.0,36.5,7.5,50.0,110.0,80.0,50.0,80.0,60.0,570.0,365.0,0.5652057417599021,240,0.0002556890537522427,0.10703058501085125,0.007039561691843662,0.011637041367440355
1726,samples/sample_001726.npz,rectangular_body_001726,28,38,39,43,4,9,10,4,5,4,8,32.5,40.5,6.0,40.0,90.0,65.0,100.0,40.0,50.0,325.0,405.0,0.49742755147174966,200,0.00034537194879528276,0.1012993441741884,0.0070526463944195605,0.010107499431459792
1727,samples/sample_001727.npz,rectangular_body_001727,46,60,4,16,2,5,14,12,3,2,4,52.5,9.5,3.0,20.0,50.0,35.0,140.0,120.0,30.0,525.0,95.0,0.378075307197751,504,0.00013652803799116877,0.2252722599850613,0.011713583737323124,0.026034947082458224
1728,samples/sample_001728.npz,rectangular_body_001728,45,51,10,26,6,8,6,16,2,6,7,47.5,17.5,6.5,60.0,80.0,70.0,60.0,160.0,20.0,475.0,175.0,0.35604921303794423,192,0.00012679254343274022,0.04775218384004689,0.00426389497715178,0.006195500512216591
1729,samples/sample_001729.npz,rectangular_body_001729,54,59,25,37,2,7,5,12,5,2,6,56.0,30.5,4.0,20.0,70.0,45.0,50.0,120.0,50.0,560.0,305.0,0.8000893594329284,300,0.0003211950876328421,0.3590380516092474,0.015142714879756547,0.03172615574363672
1730,samples/sample_001730.npz,rectangular_body_001730,36,45,27,43,2,7,9,16,5,2,6,40.0,34.5,4.0,20.0,70.0,45.0,90.0,160.0,50.0,400.0,345.0,0.9083838988687785,720,0.0016276384660949303,0.6944110028276406,0.04963610234540253,0.07817234654441954
1731,samples/sample_001731.npz,rectangular_body_001731,13,20,21,34,6,9,7,13,3,6,8,16.0,27.0,7.0,60.0,90.0,75.0,70.0,130.0,30.0,160.0,270.0,0.9548472955402871,273,0.0006959285047519185,0.18134104188938874,0.01686577403595862,0.022538218349070806
1732,samples/sample_001732.npz,rectangular_body_001732,14,19,42,47,5,13,5,5,8,5,12,16.0,44.0,8.5,50.0,130.0,90.0,50.0,50.0,80.0,160.0,440.0,0.9813475027033871,200,0.0004717610906205508,0.14294067986864775,0.011625270984947807,0.01591857420788782
1733,samples/sample_001733.npz,rectangular_body_001733,48,61,4,12,3,5,13,8,2,3,4,54.0,7.5,3.5,30.0,50.0,40.0,130.0,80.0,20.0,540.0,75.0,0.8551542367409315,208,0.00012783320103680802,0.23743685013633137,0.009907592368282592,0.02377571959928279
1734,samples/sample_001734.npz,rectangular_body_001734,23,34,3,18,8,12,11,15,4,8,11,28.0,10.0,9.5,80.0,120.0,100.0,110.0,150.0,40.0,280.0,100.0,0.8332729570979018,660,0.001531798191881071,0.23044357098184948,0.028887033229542444,0.03533393523768825
1735,samples/sample_001735.npz,rectangular_body_001735,41,48,22,28,5,11,7,6,6,5,10,44.0,24.5,7.5,50.0,110.0,80.0,70.0,60.0,60.0,440.0,245.0,0.44714566456786176,252,0.0003270464715430958,0.08929192422478503,0.007328292421368257,0.009778855058861224
1736,samples/sample_001736.npz,rectangular_body_001736,26,31,10,25,2,7,5,15,5,2,6,28.0,17.0,4.0,20.0,70.0,45.0,50.0,150.0,50.0,280.0,170.0,0.6498705491664385,375,0.000463986163634157,0.317397497391937,0.017865524844934838,0.03092934088182313
1737,samples/sample_001737.npz,rectangular_body_001737,46,55,24,33,8,12,9,9,4,8,11,50.0,28.0,9.5,80.0,120.0,100.0,90.0,90.0,40.0,500.0,280.0,0.3685044068852345,324,0.00036950005779484295,0.057924477599502935,0.006728537281997468,0.00807661647791463
1738,samples/sample_001738.npz,rectangular_body_001738,38,50,34,46,8,11,12,12,3,8,10,43.5,39.5,9.0,80.0,110.0,95.0,120.0,120.0,30.0,435.0,395.0,0.9835285795272573,432,0.0014185480224935866,0.19723258336250266,0.025866009115080253,0.028697942973069133
1739,samples/sample_001739.npz,rectangular_body_001739,53,61,38,51,6,9,8,13,3,6,8,56.5,44.0,7.0,60.0,90.0,75.0,80.0,130.0,30.0,565.0,440.0,0.7106894396679662,312,0.0003372485310865053,0.15067712126716168,0.011430662477263664,0.019005008084156463
1740,samples/sample_001740.npz,rectangular_body_001740,40,53,22,37,8,13,13,15,5,8,12,46.0,29.0,10.0,80.0,130.0,105.0,130.0,150.0,50.0,460.0,290.0,0.7676777348986059,975,0.0029387430503847803,0.28547754960945027,0.04343191466262483,0.04481099172813221
1741,samples/sample_001741.npz,rectangular_body_001741,40,49,6,22,2,9,9,16,7,2,8,44.0,13.5,5.0,20.0,90.0,55.0,90.0,160.0,70.0,440.0,135.0,0.8155904351391998,1008,0.0012233048271262145,0.7552909005454482,0.053954303933023216,0.09012135308812154
1742,samples/sample_001742.npz,rectangular_body_001742,47,59,7,23,7,12,12,16,5,7,11,52.5,14.5,9.0,70.0,120.0,95.0,120.0,160.0,50.0,525.0,145.0,0.22761609089541485,960,0.00041071239822604603,0.0948759725133218,0.010819505969815568,0.014990467498088737
1743,samples/sample_001743.npz,rectangular_body_001743,15,29,5,14,3,8,14,9,5,3,7,21.5,9.0,5.0,30.0,80.0,55.0,140.0,90.0,50.0,215.0,90.0,0.5952487313553798,630,0.0005113233874462692,0.3572208037767655,0.023149091091941167,0.04119958962467902
1744,samples/sample_001744.npz,rectangular_body_001744,42,52,4,17,3,7,10,13,4,3,6,46.5,10.0,4.5,30.0,70.0,50.0,100.0,130.0,40.0,465.0,100.0,0.5513973288208021,520,0.00032690858521324494,0.29586616768982066,0.01783123377762656,0.03352256453482979
1745,samples/sample_001745.npz,rectangular_body_001745,14,29,21,25,5,9,15,4,4,5,8,21.0,22.5,6.5,50.0,90.0,70.0,150.0,40.0,40.0,210.0,225.0,0.20956797721715567,240,0.00013291735046966626,0.03833387082432824,0.0033961571886704854,0.004582932806023172
1746,samples/sample_001746.npz,rectangular_body_001746,46,51,22,36,5,13,5,14,8,5,12,48.0,28.5,8.5,50.0,130.0,90.0,50.0,140.0,80.0,480.0,285.0,0.7342843741125797,560,0.0012727068457558939,0.24196883813842973,0.024960460332676654,0.031170996713837325
1747,samples/sample_001747.npz,rectangular_body_001747,58,62,8,24,5,11,4,16,6,5,10,59.5,15.5,7.5,50.0,110.0,80.0,40.0,160.0,60.0,595.0,155.0,0.3622739861032443,384,0.00018595775478303362,0.08875195389295701,0.0060523823025532605,0.010840398342973522
1748,samples/sample_001748.npz,rectangular_body_001748,55,59,42,57,3,7,4,15,4,3,6,56.5,49.0,4.5,30.0,70.0,50.0,40.0,150.0,40.0,565.0,490.0,0.28018983453374136,240,6.405116729662284e-05,0.07754250473397792,0.003764849089949453,0.00798674434393441
1749,samples/sample_001749.npz,rectangular_body_001749,5,17,48,60,5,10,12,12,5,5,9,10.5,53.5,7.0,50.0,100.0,75.0,120.0,120.0,50.0,105.0,535.0,0.5358954163234575,720,0.0005135289714684416,0.2502954057698785,0.01928750615974724,0.033430441509554674
1750,samples/sample_001750.npz,rectangular_body_001750,21,25,8,23,6,13,4,15,7,6,12,22.5,15.0,9.0,60.0,130.0,95.0,40.0,150.0,70.0,225.0,150.0,0.3099412768923805,420,0.000356258596950192,0.06757708194207993,0.007541665981716881,0.00928634277200281
1751,samples/sample_001751.npz,rectangular_body_001751,46,51,41,54,2,7,5,13,5,2,6,48.0,47.0,4.0,20.0,70.0,45.0,50.0,130.0,50.0,480.0,470.0,0.6405936918533017,325,0.0002508145207135722,0.29750567580465603,0.014331882093576675,0.02746954179845512
1752,samples/sample_001752.npz,rectangular_body_001752,23,28,38,47,5,8,5,9,3,5,7,25.0,42.0,6.0,50.0,80.0,65.0,50.0,90.0,30.0,250.0,420.0,0.8365839959507726,135,0.0003045920413702003,0.11229349181981224,0.00787070965602603,0.011419705662218905
1753,samples/sample_001753.npz,rectangular_body_001753,45,60,55,61,8,10,15,6,2,8,9,52.0,57.5,8.5,80.0,100.0,90.0,150.0,60.0,20.0,520.0,575.0,0.34346581158389383,180,8.690712960710272e-05,0.03185036105941076,0.0025807736126630945,0.00438626709827977
1754,samples/sample_001754.npz,rectangular_body_001754,42,46,27,35,4,7,4,8,3,4,6,43.5,30.5,5.0,40.0,70.0,55.0,40.0,80.0,30.0,435.0,305.0,0.5252437547678597,96,0.0001339798646676797,0.066542652325704,0.0036513180174630425,0.005914265701946498
1755,samples/sample_001755.npz,rectangular_body_001755,22,33,6,17,3,6,11,11,3,3,5,27.0,11.0,4.0,30.0,60.0,45.0,110.0,110.0,30.0,270.0,110.0,0.6280549416547063,363,0.00033029799643695824,0.26801387985864156,0.015536684177556681,0.028447470125106407
1756,samples/sample_001756.npz,rectangular_body_001756,18,27,23,35,6,9,9,12,3,6,8,22.0,28.5,7.0,60.0,90.0,75.0,90.0,120.0,30.0,220.0,285.0,0.5349691896183535,324,0.0006225688390606339,0.11855592521014797,0.011760527065035747,0.014684284316356903
1757,samples/sample_001757.npz,rectangular_body_001757,49,61,45,50,2,6,12,5,4,2,5,54.5,47.0,3.5,20.0,60.0,40.0,120.0,50.0,40.0,545.0,470.0,0.6529040876335205,240,0.00014002174823296107,0.2583508672263751,0.00991334015678929,0.022241523999109714
1758,samples/sample_001758.npz,rectangular_body_001758,12,25,50,62,4,8,13,12,4,4,7,18.0,55.5,5.5,40.0,80.0,60.0,130.0,120.0,40.0,180.0,555.0,0.6651702345780619,624,0.0005288973832959863,0.33285737637785945,0.023314604171712376,0.04154901636078448
1759,samples/sample_001759.npz,rectangular_body_001759,30,39,41,56,8,16,9,15,8,8,15,34.0,48.0,11.5,80.0,160.0,120.0,90.0,150.0,80.0,340.0,480.0,0.5742515035837266,1080,0.0024904933411851607,0.21420846308292774,0.033224838103415366,0.033683387096415426
1760,samples/sample_001760.npz,rectangular_body_001760,28,38,55,60,3,8,10,5,5,3,7,32.5,57.0,5.0,30.0,80.0,55.0,100.0,50.0,50.0,325.0,570.0,0.7550314194944059,250,0.0002856160596966573,0.2401183330306057,0.01099041918242391,0.02188754833574322
1761,samples/sample_001761.npz,rectangular_body_001761,32,36,34,47,5,10,4,13,5,5,9,33.5,40.0,7.0,50.0,100.0,75.0,40.0,130.0,50.0,335.0,400.0,0.3570884657918969,260,0.0003604307769994421,0.06974484998422517,0.006342153688152814,0.008080479615326198
1762,samples/sample_001762.npz,rectangular_body_001762,45,55,52,62,8,10,10,10,2,8,9,49.5,56.5,8.5,80.0,100.0,90.0,100.0,100.0,20.0,495.0,565.0,0.49010142096526066,200,0.00015116479198093037,0.052738076745167346,0.004437472806738362,0.007177328130074787
1763,samples/sample_001763.npz,rectangular_body_001763,52,60,51,56,4,11,8,5,7,4,10,55.5,53.0,7.0,40.0,110.0,75.0,80.0,50.0,70.0,555.0,530.0,0.5083778139251522,280,0.00017529640325824607,0.12958744662737431,0.006843261149743041,0.013389887353596334
1764,samples/sample_001764.npz,rectangular_body_001764,23,35,16,31,6,8,12,15,2,6,7,28.5,23.0,6.5,60.0,80.0,70.0,120.0,150.0,20.0,285.0,230.0,0.50911226199191,360,0.0006573201856944526,0.11520854162788488,0.012674727555007474,0.015540518805222479
1765,samples/sample_001765.npz,rectangular_body_001765,30,41,6,13,8,10,11,7,2,8,9,35.0,9.0,8.5,80.0,100.0,90.0,110.0,70.0,20.0,350.0,90.0,0.47775069484674726,154,0.00017853522146053818,0.04102922182758394,0.003981701727996008,0.005478876150967267
1766,samples/sample_001766.npz,rectangular_body_001766,41,49,27,41,4,9,8,14,5,4,8,44.5,33.5,6.0,40.0,90.0,65.0,80.0,140.0,50.0,445.0,335.0,0.7207369042515748,560,0.0011471056100751552,0.32723011897692156,0.02786270938369408,0.03882270829993531
1767,samples/sample_001767.npz,rectangular_body_001767,7,13,27,33,5,7,6,6,2,5,6,9.5,29.5,5.5,50.0,70.0,60.0,60.0,60.0,20.0,95.0,295.0,0.9843180689987763,72,0.00012955005712168887,0.0821071069834657,0.004436874157651087,0.007839827318321307
1768,samples/sample_001768.npz,rectangular_body_001768,3,15,49,54,5,11,12,5,6,5,10,8.5,51.0,7.5,50.0,110.0,80.0,120.0,50.0,60.0,85.0,510.0,0.4018698493497179,360,0.00020510018699044895,0.10272468632620557,0.0071583543800947235,0.012417007856255869
1769,samples/sample_001769.npz,rectangular_body_001769,15,21,23,29,5,8,6,6,3,5,7,17.5,25.5,6.0,50.0,80.0,65.0,60.0,60.0,30.0,175.0,255.0,0.664237382133456,108,0.00017138785643923724,0.07497370864846951,0.004895277832643891,0.007409695285236277
1770,samples/sample_001770.npz,rectangular_body_001770,10,25,22,29,3,8,15,7,5,3,7,17.0,25.0,5.0,30.0,80.0,55.0,150.0,70.0,50.0,170.0,250.0,0.9325198526156442,525,0.0009958415405242312,0.4804643437638696,0.03430741843719243,0.05352507840281869
1771,samples/sample_001771.npz,rectangular_body_001771,19,28,3,10,2,7,9,7,5,2,6,23.0,6.0,4.0,20.0,70.0,45.0,90.0,70.0,50.0,230.0,60.0,0.8242769618965586,315,0.000280133650217301,0.41504646006962753,0.015606505429196067,0.0347110384021874
1772,samples/sample_001772.npz,rectangular_body_001772,43,54,19,26,3,10,11,7,7,3,9,48.0,22.0,6.0,30.0,100.0,65.0,110.0,70.0,70.0,480.0,220.0,0.43199304865487415,539,0.00045526236404922887,0.2285906679747713,0.015295380123017201,0.02401969939745679
1773,samples/sample_001773.npz,rectangular_body_001773,9,22,53,60,6,13,13,7,7,6,12,15.0,56.0,9.0,60.0,130.0,95.0,130.0,70.0,70.0,150.0,560.0,0.5693458213831604,637,0.0006160531141680294,0.19098573314879025,0.01679205802621817,0.026000413472140604
1774,samples/sample_001774.npz,rectangular_body_001774,9,19,7,19,6,12,10,12,6,6,11,13.5,12.5,8.5,60.0,120.0,90.0,100.0,120.0,60.0,135.0,125.0,0.863428352987665,720,0.0011454100503704866,0.3361998972465208,0.032596923291186644,0.04721560651473554
1775,samples/sample_001775.npz,rectangular_body_001775,12,17,8,15,5,13,5,7,8,5,12,14.0,11.0,8.5,50.0,130.0,90.0,50.0,70.0,80.0,140.0,110.0,0.30022736910429393,280,0.00014904523098789889,0.05900640576143118,0.004385486435382004,0.006851616094904534
1776,samples/sample_001776.npz,rectangular_body_001776,22,30,17,25,5,8,8,8,3,5,7,25.5,20.5,6.0,50.0,80.0,65.0,80.0,80.0,30.0,255.0,205.0,0.23220531146862566,192,0.00012007902676638735,0.0421436884387264,0.003101694024401193,0.004461928128868799
1777,samples/sample_001777.npz,rectangular_body_001777,11,25,23,33,2,4,14,10,2,2,3,17.5,27.5,2.5,20.0,40.0,30.0,140.0,100.0,20.0,175.0,275.0,0.9867145901715679,280,0.0003878264234807176,0.392953819508509,0.02151127001001326,0.040850540703985305
1778,samples/sample_001778.npz,rectangular_body_001778,15,25,11,21,4,9,10,10,5,4,8,19.5,15.5,6.0,40.0,90.0,65.0,100.0,100.0,50.0,195.0,155.0,0.34424668880313036,500,0.00031789040197810237,0.15016485478749192,0.011192499211112806,0.01721776433490419
1779,samples/sample_001779.npz,rectangular_body_001779,47,52,17,22,8,12,5,5,4,8,11,49.0,19.0,9.5,80.0,120.0,100.0,50.0,50.0,40.0,490.0,190.0,0.7091135456924555,100,0.0001749195108045298,0.03831026373278063,0.003910833176235317,0.0050215614184964934
1780,samples/sample_001780.npz,rectangular_body_001780,43,52,34,41,7,15,9,7,8,7,14,47.0,37.0,10.5,70.0,150.0,110.0,90.0,70.0,80.0,470.0,370.0,0.6375185335684141,504,0.0011333418193617151,0.14664652572415854,0.018154356555037457,0.02016205945822479
1781,samples/sample_001781.npz,rectangular_body_001781,23,27,13,17,2,6,4,4,4,2,5,24.5,14.5,3.5,20.0,60.0,40.0,40.0,40.0,40.0,245.0,145.0,0.9451040803810586,64,8.413146008251219e-05,0.153188920434218,0.0044354466862349595,0.00944763453942957
1782,samples/sample_001782.npz,rectangular_body_001782,7,13,51,55,3,7,6,4,4,3,6,9.5,52.5,4.5,30.0,70.0,50.0,60.0,40.0,40.0,95.0,525.0,0.5892447190675356,96,5.327781360123547e-05,0.09501269346498493,0.003297159542857531,0.007468023187110374
1783,samples/sample_001783.npz,rectangular_body_001783,49,59,23,31,8,13,10,8,5,8,12,53.5,26.5,10.0,80.0,130.0,105.0,100.0,80.0,50.0,535.0,265.0,0.9451631854832563,400,0.0010246827343809149,0.17073192188172148,0.019395119793425918,0.024403922858793493
1784,samples/sample_001784.npz,rectangular_body_001784,11,20,13,21,2,6,9,8,4,2,5,15.0,16.5,3.5,20.0,60.0,40.0,90.0,80.0,40.0,150.0,165.0,0.21407305803669274,288,6.86365845810814e-05,0.10314444007037542,0.004362984471266684,0.008851984130920226
1785,samples/sample_001785.npz,rectangular_body_001785,30,45,28,39,2,5,15,11,3,2,4,37.0,33.0,3.0,20.0,50.0,35.0,150.0,110.0,30.0,370.0,330.0,0.2930866145323197,495,0.00036243124844201834,0.17249199545891614,0.01149309165959014,0.019338060673629535
1786,samples/sample_001786.npz,rectangular_body_001786,44,52,30,35,4,12,8,5,8,4,11,47.5,32.0,7.5,40.0,120.0,80.0,80.0,50.0,80.0,475.0,320.0,0.20971021299409723,320,0.00020655746636024326,0.05680022415261693,0.004277859294778399,0.005967153779228954
1787,samples/sample_001787.npz,rectangular_body_001787,23,37,38,52,8,11,14,14,3,8,10,29.5,44.5,9.0,80.0,110.0,95.0,140.0,140.0,30.0,295.0,445.0,0.40438194447043085,588,0.0009338620467127762,0.10186140652842941,0.01454532881065495,0.015513698159265425
1788,samples/sample_001788.npz,rectangular_body_001788,6,12,17,24,7,9,6,7,2,7,8,8.5,20.0,7.5,70.0,90.0,80.0,60.0,70.0,20.0,85.0,200.0,0.9451229041731435,84,0.00013930727388817703,0.058262234510131836,0.004304301670354025,0.006834486565403481
1789,samples/sample_001789.npz,rectangular_body_001789,13,23,31,37,8,16,10,6,8,8,15,17.5,33.5,11.5,80.0,160.0,120.0,100.0,60.0,80.0,175.0,335.0,0.3923298474018104,480,0.000839553822484446,0.07291061106561614,0.010484154884494598,0.01054903111470143
1790,samples/sample_001790.npz,rectangular_body_001790,47,57,39,54,3,10,10,15,7,3,9,51.5,46.0,6.0,30.0,100.0,65.0,100.0,150.0,70.0,515.0,460.0,0.8028460207905421,1050,0.0012682701214494748,0.6488306943513048,0.05074927457650117,0.08256376013011985
1791,samples/sample_001791.npz,rectangular_body_001791,28,35,51,57,3,6,7,6,3,3,5,31.0,53.5,4.0,30.0,60.0,45.0,70.0,60.0,30.0,310.0,535.0,0.4130117962839955,126,7.809814030967569e-05,0.08873441178547006,0.0034885567377322983,0.007120418877403023
1792,samples/sample_001792.npz,rectangular_body_001792,53,60,17,29,2,10,7,12,8,2,9,56.0,22.5,5.5,20.0,100.0,60.0,70.0,120.0,80.0,560.0,225.0,0.8861319307953379,672,0.0008299515859995218,0.6471580010574332,0.03452366443655786,0.0653935550992959
1793,samples/sample_001793.npz,rectangular_body_001793,29,33,16,30,3,8,4,14,5,3,7,30.5,22.5,5.0,30.0,80.0,55.0,40.0,140.0,50.0,305.0,225.0,0.7649284260682923,280,0.0006576818849210293,0.23543054518797787,0.015692737135105182,0.023879091026292935
1794,samples/sample_001794.npz,rectangular_body_001794,39,52,8,22,5,8,13,14,3,5,7,45.0,14.5,6.0,50.0,80.0,65.0,130.0,140.0,30.0,450.0,145.0,0.7574250292376457,546,0.0007112031892454031,0.2836560119925829,0.026047424127562398,0.03858462310109934
1795,samples/sample_001795.npz,rectangular_body_001795,32,43,48,59,3,11,11,11,8,3,10,37.0,53.0,6.5,30.0,110.0,70.0,110.0,110.0,80.0,370.0,530.0,0.31703676605274467,968,0.0005956371140787226,0.2466792124665814,0.018442728024783136,0.029165470780042203
1796,samples/sample_001796.npz,rectangular_body_001796,11,20,44,48,7,9,9,4,2,7,8,15.0,45.5,7.5,70.0,90.0,80.0,90.0,40.0,20.0,150.0,455.0,0.41039604631803894,72,5.987933515441531e-05,0.021388956148600997,0.0017685274314981794,0.002550433992062746
1797,samples/sample_001797.npz,rectangular_body_001797,23,27,25,35,4,6,4,10,2,4,5,24.5,29.5,4.5,40.0,60.0,50.0,40.0,100.0,20.0,245.0,295.0,0.6032930123863953,80,0.0001432275227027168,0.06585475264788843,0.0036291082424096902,0.005901053676482852
1798,samples/sample_001798.npz,rectangular_body_001798,11,26,11,15,6,8,15,4,2,6,7,18.0,12.5,6.5,60.0,80.0,70.0,150.0,40.0,20.0,180.0,125.0,0.8820639703178885,120,0.00018009605137622706,0.07872222376081747,0.006393816665230437,0.009807089959811869
1799,samples/sample_001799.npz,rectangular_body_001799,48,56,16,28,4,7,8,12,3,4,6,51.5,21.5,5.0,40.0,70.0,55.0,80.0,120.0,30.0,515.0,215.0,0.9883860966559981,288,0.00042330244780712175,0.2914350688313068,0.018502877820628066,0.03185737195919504
1800,samples/sample_001800.npz,rectangular_body_001800,15,21,36,49,2,7,6,13,5,2,6,17.5,42.0,4.0,20.0,70.0,45.0,60.0,130.0,50.0,175.0,420.0,0.49120016461934224,390,0.000294452330244125,0.2616197022038445,0.013898510754015943,0.024858149145361084
1801,samples/sample_001801.npz,rectangular_body_001801,47,62,52,59,2,9,15,7,7,2,8,54.0,55.0,5.0,20.0,90.0,55.0,150.0,70.0,70.0,540.0,550.0,0.5040546484420376,735,0.0003488836287738147,0.3825676416939272,0.019297403065757994,0.04155841632765327
1802,samples/sample_001802.npz,rectangular_body_001802,4,14,27,43,6,13,10,16,7,6,12,8.5,34.5,9.0,60.0,130.0,95.0,100.0,160.0,70.0,85.0,345.0,0.9654461323345178,1120,0.002729944507641006,0.5008430913268455,0.05648329837090693,0.07415084977969755
1803,samples/sample_001803.npz,rectangular_body_001803,21,26,3,10,6,11,5,7,5,6,10,23.0,6.0,8.0,60.0,110.0,85.0,50.0,70.0,50.0,230.0,60.0,0.25276718600763753,175,8.085729593592946e-05,0.03144099378851753,0.002213552650454101,0.0035657736758810377
1804,samples/sample_001804.npz,rectangular_body_001804,7,11,51,58,7,15,4,7,8,7,14,8.5,54.0,10.5,70.0,150.0,110.0,40.0,70.0,80.0,85.0,540.0,0.39278251985230145,224,0.0001500990886329952,0.04264151334152748,0.003606535629408875,0.005682488073997348
1805,samples/sample_001805.npz,rectangular_body_001805,50,55,30,40,8,14,5,10,6,8,13,52.0,34.5,10.5,80.0,140.0,110.0,50.0,100.0,60.0,520.0,345.0,0.9100915842184589,300,0.0008516833529799459,0.12012293741441268,0.014332062448910374,0.017071208261163182
1806,samples/sample_001806.npz,rectangular_body_001806,33,45,47,61,2,8,12,14,6,2,7,38.5,53.5,4.5,20.0,80.0,50.0,120.0,140.0,60.0,385.0,535.0,0.8984386011844745,1008,0.0012659323960380114,0.8546404650999619,0.05791159036990247,0.10322751316745396
1807,samples/sample_001807.npz,rectangular_body_001807,36,50,36,49,5,11,14,13,6,5,10,42.5,42.0,7.5,50.0,110.0,80.0,140.0,130.0,60.0,425.0,420.0,0.21650610627226927,1092,0.0006528351180107719,0.13284643688831912,0.015156358536335995,0.01862935028360331
1808,samples/sample_001808.npz,rectangular_body_001808,49,59,12,27,2,8,10,15,6,2,7,53.5,19.0,4.5,20.0,80.0,50.0,100.0,150.0,60.0,535.0,190.0,0.7809233123098891,900,0.0008437093821812582,0.6915738408874077,0.044286270372287044,0.08152127882357983
1809,samples/sample_001809.npz,rectangular_body_001809,42,50,50,57,5,10,8,7,5,5,9,45.5,53.0,7.0,50.0,100.0,75.0,80.0,70.0,50.0,455.0,530.0,0.4939861858847621,280,0.00022556106567785434,0.11343791295950531,0.007814463696465367,0.012793613884731419
1810,samples/sample_001810.npz,rectangular_body_001810,37,51,33,44,2,5,14,11,3,2,4,43.5,38.0,3.0,20.0,50.0,35.0,140.0,110.0,30.0,435.0,380.0,0.406028147482773,462,0.0002947170579519125,0.2332611298802646,0.01444327863086671,0.02556566033538892
1811,samples/sample_001811.npz,rectangular_body_001811,45,56,43,48,6,8,11,5,2,6,7,50.0,45.0,6.5,60.0,80.0,70.0,110.0,50.0,20.0,500.0,450.0,0.7125451069218063,110,0.00013537258662328318,0.06517395791363532,0.0047738356310272016,0.007480570213277038
1812,samples/sample_001812.npz,rectangular_body_001812,55,60,41,51,6,11,5,10,5,6,10,57.0,45.5,8.0,60.0,110.0,85.0,50.0,100.0,50.0,570.0,455.0,0.9907044357619192,250,0.00039507812054630437,0.16465088306057873,0.011960649610148574,0.019804608736741194
1813,samples/sample_001813.npz,rectangular_body_001813,52,60,51,59,4,10,8,8,6,4,9,55.5,54.5,6.5,40.0,100.0,70.0,80.0,80.0,60.0,555.0,545.0,0.7998340497459855,384,0.00034335185009744544,0.27919720916728513,0.014541571231482258,0.0297227882922547
1814,samples/sample_001814.npz,rectangular_body_001814,17,28,37,53,5,12,11,16,7,5,11,22.0,44.5,8.0,50.0,120.0,85.0,110.0,160.0,70.0,220.0,445.0,0.7725290313232087,1232,0.0026626811467697574,0.5016296059676816,0.0592549224678059,0.07166496833540394
1815,samples/sample_001815.npz,rectangular_body_001815,45,56,55,60,7,15,11,5,8,7,14,50.0,57.0,10.5,70.0,150.0,110.0,110.0,50.0,80.0,500.0,570.0,0.48264248320996156,440,0.0003756898703194929,0.0957758756853254,0.008716215955392367,0.013241607798710817
1816,samples/sample_001816.npz,rectangular_body_001816,29,40,34,50,7,13,11,16,6,7,12,34.0,41.5,9.5,70.0,130.0,100.0,110.0,160.0,60.0,340.0,415.0,0.8799632394286914,1056,0.004237372766515438,0.38882141016150673,0.05713296953422641,0.05805650902295598
1817,samples/sample_001817.npz,rectangular_body_001817,6,15,7,17,2,10,9,10,8,2,9,10.0,11.5,5.5,20.0,100.0,60.0,90.0,100.0,80.0,100.0,115.0,0.300067786091981,720,0.00024704513064392785,0.23602931427106819,0.012231509245740027,0.024235687886788256
1818,samples/sample_001818.npz,rectangular_body_001818,10,26,49,57,4,8,16,8,4,4,7,17.5,52.5,5.5,40.0,80.0,60.0,160.0,80.0,40.0,175.0,525.0,0.7699071649163136,512,0.000545615571633183,0.32164019079368134,0.02389408390855005,0.04018260196497653
1819,samples/sample_001819.npz,rectangular_body_001819,20,32,36,43,3,10,12,7,7,3,9,25.5,39.0,6.0,30.0,100.0,65.0,120.0,70.0,70.0,255.0,390.0,0.3899490191013877,588,0.0007076414394287143,0.21636260576246064,0.01621465312936579,0.022962578299752213
1820,samples/sample_001820.npz,rectangular_body_001820,22,32,16,32,5,12,10,16,7,5,11,26.5,23.5,8.0,50.0,120.0,85.0,100.0,160.0,70.0,265.0,235.0,0.6099524356662306,1120,0.0027021209825378195,0.3674760857281655,0.04473861057933497,0.050667710860754854
1821,samples/sample_001821.npz,rectangular_body_001821,9,25,20,26,3,9,16,6,6,3,8,16.5,22.5,5.5,30.0,90.0,60.0,160.0,60.0,60.0,165.0,225.0,0.4797075613436686,576,0.0005466848134100168,0.24732415997530416,0.018729172835229863,0.028575666931478557
1822,samples/sample_001822.npz,rectangular_body_001822,25,35,40,44,4,10,10,4,6,4,9,29.5,41.5,6.5,40.0,100.0,70.0,100.0,40.0,60.0,295.0,415.0,0.47398823598787887,240,0.00038730176824164456,0.10667468968753435,0.007881242123746897,0.010950383947503837
1823,samples/sample_001823.npz,rectangular_body_001823,38,52,11,27,2,6,14,16,4,2,5,44.5,18.5,3.5,20.0,60.0,40.0,140.0,160.0,40.0,445.0,185.0,0.5727167855326041,896,0.0006938798915574237,0.47171807651291714,0.0374087595498228,0.06196428402191083
1824,samples/sample_001824.npz,rectangular_body_001824,8,13,36,48,7,9,5,12,2,7,8,10.0,41.5,7.5,70.0,90.0,80.0,50.0,120.0,20.0,100.0,415.0,0.4248997636178271,120,9.815179170600204e-05,0.033974298783143106,0.0028865305364231516,0.004286488819519894
1825,samples/sample_001825.npz,rectangular_body_001825,8,15,46,55,4,7,7,9,3,4,6,11.0,50.0,5.0,40.0,70.0,55.0,70.0,90.0,30.0,110.0,500.0,0.5859534198524008,189,0.00012684687034670149,0.13163550763470738,0.0066749933917472585,0.012962043667406704
1826,samples/sample_001826.npz,rectangular_body_001826,39,47,46,55,7,9,8,9,2,7,8,42.5,50.0,7.5,70.0,90.0,80.0,80.0,90.0,20.0,425.0,500.0,0.6490817721242612,144,0.0001942243062663222,0.06356452585122707,0.005552819826191019,0.007912431217523651
1827,samples/sample_001827.npz,rectangular_body_001827,16,24,37,47,4,10,8,10,6,4,9,19.5,41.5,6.5,40.0,100.0,70.0,80.0,100.0,60.0,195.0,415.0,0.9377215610307703,480,0.00108130466336828,0.3857569115359562,0.030087568114322585,0.042887401396991355
1828,samples/sample_001828.npz,rectangular_body_001828,50,62,32,43,5,12,12,11,7,5,11,55.5,37.0,8.0,50.0,120.0,85.0,120.0,110.0,70.0,555.0,370.0,0.32217820251099377,924,0.0006212605030126302,0.1743636710753237,0.01565534471303776,0.023082743014588316
1829,samples/sample_001829.npz,rectangular_body_001829,55,59,14,23,3,6,4,9,3,3,5,56.5,18.0,4.0,30.0,60.0,45.0,40.0,90.0,30.0,565.0,180.0,0.7690021653273458,108,8.030641602953172e-05,0.1383611150791441,0.004977692946533888,0.011243615755722063
1830,samples/sample_001830.npz,rectangular_body_001830,56,61,10,18,4,8,5,8,4,4,7,58.0,13.5,5.5,40.0,80.0,60.0,50.0,80.0,40.0,580.0,135.0,0.8636213894315421,160,0.0001439129126224731,0.16227727653051402,0.006946087715428283,0.0149716127719385
1831,samples/sample_001831.npz,rectangular_body_001831,30,44,7,21,8,10,14,14,2,8,9,36.5,13.5,8.5,80.0,100.0,90.0,140.0,140.0,20.0,365.0,135.0,0.41773629108451127,392,0.0004597107970932601,0.07477368316070299,0.009549649398910577,0.011439831180482576
1832,samples/sample_001832.npz,rectangular_body_001832,48,55,24,40,3,6,7,16,3,3,5,51.0,31.5,4.0,30.0,60.0,45.0,70.0,160.0,30.0,510.0,315.0,0.6176603539061039,336,0.00035139225253173783,0.23089160378417872,0.014486084917681493,0.025333358445626
1833,samples/sample_001833.npz,rectangular_body_001833,9,15,3,14,2,8,6,11,6,2,7,11.5,8.0,4.5,20.0,80.0,50.0,60.0,110.0,60.0,115.0,80.0,0.5371539487799991,396,0.00019773030597284227,0.29237392828188014,0.012055944053179488,0.026812486710946628
1834,samples/sample_001834.npz,rectangular_body_001834,51,60,50,55,5,9,9,5,4,5,8,55.0,52.0,6.5,50.0,90.0,70.0,90.0,50.0,40.0,550.0,520.0,0.7762116425827394,180,0.00016951446126228998,0.1268431422854947,0.007067995520207839,0.013583953690593417
1835,samples/sample_001835.npz,rectangular_body_001835,22,34,47,54,6,9,12,7,3,6,8,27.5,50.0,7.0,60.0,90.0,75.0,120.0,70.0,30.0,275.0,500.0,0.3879779026829264,252,0.00023499130326770946,0.06978493615091376,0.006096105115826756,0.008582664514113958
1836,samples/sample_001836.npz,rectangular_body_001836,46,61,22,27,7,11,15,5,4,7,10,53.0,24.0,8.5,70.0,110.0,90.0,150.0,50.0,40.0,530.0,240.0,0.9887764356301971,300,0.0006797678765001814,0.1578663661275329,0.016076438816934983,0.021793493852415153
1837,samples/sample_001837.npz,rectangular_body_001837,9,21,39,54,2,10,12,15,8,2,9,14.5,46.0,5.5,20.0,100.0,60.0,120.0,150.0,80.0,145.0,460.0,0.28357135819807494,1440,0.0006340346729420399,0.3256284071699318,0.026241417209636086,0.04192560022193521
1838,samples/sample_001838.npz,rectangular_body_001838,12,16,33,44,4,12,4,11,8,4,11,13.5,38.0,7.5,40.0,120.0,80.0,40.0,110.0,80.0,135.0,380.0,0.5497013889272606,352,0.0004626384396904543,0.15224881688506753,0.01191791066105123,0.017036209665492914
1839,samples/sample_001839.npz,rectangular_body_001839,23,39,3,7,4,12,16,4,8,4,11,30.5,4.5,7.5,40.0,120.0,80.0,160.0,40.0,80.0,305.0,45.0,0.7295750380032295,512,0.0007262441807180715,0.25052678918671945,0.018431351304540287,0.030144252553593178
1840,samples/sample_001840.npz,rectangular_body_001840,44,54,39,53,8,10,10,14,2,8,9,48.5,45.5,8.5,80.0,100.0,90.0,100.0,140.0,20.0,485.0,455.0,0.32690921464962897,280,0.0002030038421720488,0.04529974784124055,0.005168469368064191,0.006678903245785544
1841,samples/sample_001841.npz,rectangular_body_001841,14,20,47,55,2,8,6,8,6,2,7,16.5,50.5,4.5,20.0,80.0,50.0,60.0,80.0,60.0,165.0,505.0,0.3575049259825169,288,0.00012608252143196045,0.16213513004032473,0.006788694281399409,0.013475064824833908
1842,samples/sample_001842.npz,rectangular_body_001842,20,28,15,22,5,8,8,7,3,5,7,23.5,18.0,6.0,50.0,80.0,65.0,80.0,70.0,30.0,235.0,180.0,0.603273806875348,168,0.00023179216585188797,0.0987531144928754,0.006893299734688057,0.01028300354620257
1843,samples/sample_001843.npz,rectangular_body_001843,21,34,16,20,8,12,13,4,4,8,11,27.0,17.5,9.5,80.0,120.0,100.0,130.0,40.0,40.0,270.0,175.0,0.2507328418375768,208,0.00018667464856007311,0.02489311845494598,0.0031125992662674514,0.0034642454769375558
1844,samples/sample_001844.npz,rectangular_body_001844,21,31,2,11,3,8,10,9,5,3,7,25.5,6.0,5.0,30.0,80.0,55.0,100.0,90.0,50.0,255.0,60.0,0.48796633347953017,450,0.0002970785967824277,0.24410416302460605,0.012586460602384539,0.02458704698849504
1845,samples/sample_001845.npz,rectangular_body_001845,18,33,18,27,6,13,15,9,7,6,12,25.0,22.0,9.0,60.0,130.0,95.0,150.0,90.0,70.0,250.0,220.0,0.9901756901252783,945,0.00359831456642528,0.45401405553334573,0.05843427395377021,0.06361748468376999
1846,samples/sample_001846.npz,rectangular_body_001846,12,20,41,46,4,7,8,5,3,4,6,15.5,43.0,5.0,40.0,70.0,55.0,80.0,50.0,30.0,155.0,430.0,0.5178741240662372,120,0.00010121917906257405,0.08068450026617749,0.004239797232878804,0.007348614317815819
1847,samples/sample_001847.npz,rectangular_body_001847,8,14,10,15,4,6,6,5,2,4,5,10.5,12.0,4.5,40.0,60.0,50.0,60.0,50.0,20.0,105.0,120.0,0.2257949696229316,60,1.3714106412715324e-05,0.021072450348690666,0.000822479141538306,0.0017554754735022232
1848,samples/sample_001848.npz,rectangular_body_001848,37,43,33,43,4,6,6,10,2,4,5,39.5,37.5,4.5,40.0,60.0,50.0,60.0,100.0,20.0,395.0,375.0,0.3583439610245723,120,0.00010539058027787185,0.0556934923737576,0.0032028240585193508,0.005205706663645472
1849,samples/sample_001849.npz,rectangular_body_001849,12,22,45,56,7,14,10,11,7,7,13,16.5,50.0,10.0,70.0,140.0,105.0,100.0,110.0,70.0,165.0,500.0,0.9256955258952535,770,0.0016546725967102782,0.31730704183401853,0.0367948248074636,0.046878079713898076
1850,samples/sample_001850.npz,rectangular_body_001850,18,33,18,23,3,7,15,5,4,3,6,25.0,20.0,4.5,30.0,70.0,50.0,150.0,50.0,40.0,250.0,200.0,0.9006421263659043,300,0.000568434489182349,0.30603019784941893,0.01977490334083222,0.03158025522956719
1851,samples/sample_001851.npz,rectangular_body_001851,3,19,49,61,8,15,16,12,7,8,14,10.5,54.5,11.0,80.0,150.0,115.0,160.0,120.0,70.0,105.0,545.0,0.521498212274861,1344,0.0013069207717840874,0.23886432240268368,0.028303013693609918,0.03946426874176114
1852,samples/sample_001852.npz,rectangular_body_001852,28,37,7,13,2,6,9,6,4,2,5,32.0,9.5,3.5,20.0,60.0,40.0,90.0,60.0,40.0,320.0,95.0,0.33540003679697517,216,9.90051816723021e-05,0.13295488499162414,0.0049713863063627775,0.010582622473218369
1853,samples/sample_001853.npz,rectangular_body_001853,13,21,54,59,7,15,8,5,8,7,14,16.5,56.0,10.5,70.0,150.0,110.0,80.0,50.0,80.0,165.0,560.0,0.6447764422800948,320,0.0004106416823862869,0.09769596744241632,0.009192282353616518,0.01320622271527264
1854,samples/sample_001854.npz,rectangular_body_001854,51,56,38,47,7,9,5,9,2,7,8,53.0,42.0,7.5,70.0,90.0,80.0,50.0,90.0,20.0,530.0,420.0,0.5876593389445632,90,0.00010029912477562864,0.03796088150674492,0.002991329836860689,0.004539572846352307
1855,samples/sample_001855.npz,rectangular_body_001855,31,36,21,36,5,12,5,15,7,5,11,33.0,28.0,8.0,50.0,120.0,85.0,50.0,150.0,70.0,330.0,280.0,0.9698960650588544,525,0.0027706905226838824,0.31077676340697935,0.03408750266908384,0.03881155963979509
1856,samples/sample_001856.npz,rectangular_body_001856,12,28,33,39,3,6,16,6,3,3,5,19.5,35.5,4.0,30.0,60.0,45.0,160.0,60.0,30.0,195.0,355.0,0.35614331538814226,288,0.00021381947600382898,0.11735955164832763,0.007635428715518479,0.012490149526237844
1857,samples/sample_001857.npz,rectangular_body_001857,17,25,30,42,2,7,8,12,5,2,6,20.5,35.5,4.0,20.0,70.0,45.0,80.0,120.0,50.0,205.0,355.0,0.8161082774993551,480,0.0008406353114206169,0.515289531042266,0.029453981545720702,0.050096193856523086
1858,samples/sample_001858.npz,rectangular_body_001858,11,23,8,24,8,16,12,16,8,8,15,16.5,15.5,11.5,80.0,160.0,120.0,120.0,160.0,80.0,165.0,155.0,0.5993515168388837,1536,0.002596657757476006,0.2984238294076247,0.045965632440212845,0.05041946404445226
1859,samples/sample_001859.npz,rectangular_body_001859,7,16,39,46,5,10,9,7,5,5,9,11.0,42.0,7.0,50.0,100.0,75.0,90.0,70.0,50.0,110.0,420.0,0.7729665202610301,315,0.00045289141745812766,0.19537723803073315,0.014352142861971916,0.02228029630130631
1860,samples/sample_001860.npz,rectangular_body_001860,36,41,28,41,5,13,5,13,8,5,12,38.0,34.0,8.5,50.0,130.0,90.0,50.0,130.0,80.0,380.0,340.0,0.5320240318556071,520,0.0013183712219989934,0.16758223497154465,0.018073282486009038,0.02055472258463887
1861,samples/sample_001861.npz,rectangular_body_001861,16,20,39,47,8,11,4,8,3,8,10,17.5,42.5,9.0,80.0,110.0,95.0,40.0,80.0,30.0,175.0,425.0,0.6135414479565655,96,0.00016428615881438095,0.03310288787524995,0.0034900383500505354,0.0042884299024716025
1862,samples/sample_001862.npz,rectangular_body_001862,52,59,57,61,3,6,7,4,3,3,5,55.0,58.5,4.0,30.0,60.0,45.0,70.0,40.0,30.0,550.0,585.0,0.3134240845174243,84,1.8549532376651205e-05,0.04798897871975454,0.001278736614083678,0.0035281241761129134
1863,samples/sample_001863.npz,rectangular_body_001863,13,22,10,24,3,8,9,14,5,3,7,17.0,16.5,5.0,30.0,80.0,55.0,90.0,140.0,50.0,170.0,165.0,0.9989313571237832,630,0.0009702534195697028,0.5994788798714816,0.042208499492558234,0.06920348514319187
1864,samples/sample_001864.npz,rectangular_body_001864,33,43,2,17,3,5,10,15,2,3,4,37.5,9.0,3.5,30.0,50.0,40.0,100.0,150.0,20.0,375.0,90.0,0.41581895414768594,300,0.00014760299039889044,0.14001315426919517,0.008208520667857037,0.01585320350952242
1865,samples/sample_001865.npz,rectangular_body_001865,21,32,52,62,2,9,11,10,7,2,8,26.0,56.5,5.0,20.0,90.0,55.0,110.0,100.0,70.0,260.0,565.0,0.4093606039503181,770,0.00043944639573973544,0.3409024740157016,0.018422355193766303,0.03554404238124042
1866,samples/sample_001866.npz,rectangular_body_001866,8,21,5,13,3,10,13,8,7,3,9,14.0,8.5,6.0,30.0,100.0,65.0,130.0,80.0,70.0,140.0,85.0,0.9341213629202036,728,0.0008541533671583817,0.5987593164300622,0.03739728559849446,0.06892770206083246
1867,samples/sample_001867.npz,rectangular_body_001867,31,37,25,38,6,9,6,13,3,6,8,33.5,31.0,7.0,60.0,90.0,75.0,60.0,130.0,30.0,335.0,310.0,0.2973595079108822,234,0.00038289567079302774,0.049108064726164524,0.004835010346976617,0.005883739089452064
1868,samples/sample_001868.npz,rectangular_body_001868,43,48,47,52,3,6,5,5,3,3,5,45.0,49.0,4.0,30.0,60.0,45.0,50.0,50.0,30.0,450.0,490.0,0.696596507358199,75,6.451426271826334e-05,0.10083680964261665,0.003629311213750027,0.007354981763965778
1869,samples/sample_001869.npz,rectangular_body_001869,15,26,14,18,3,5,11,4,2,3,4,20.0,15.5,3.5,30.0,50.0,40.0,110.0,40.0,20.0,200.0,155.0,0.7261019883004314,88,8.068338820382324e-05,0.10861899832908695,0.004641266649537664,0.009103342777828111
1870,samples/sample_001870.npz,rectangular_body_001870,46,58,29,35,5,11,12,6,6,5,10,51.5,31.5,7.5,50.0,110.0,80.0,120.0,60.0,60.0,515.0,315.0,0.7922780757252923,432,0.0009119418334377572,0.23802680726139747,0.020399040993535712,0.029009378139247827
1871,samples/sample_001871.npz,rectangular_body_001871,8,19,3,18,6,10,11,15,4,6,9,13.0,10.0,7.5,60.0,100.0,80.0,110.0,150.0,40.0,130.0,100.0,0.7603369281720884,660,0.0007697553080690039,0.28189809899078416,0.02573691187892565,0.04038339414532718
1872,samples/sample_001872.npz,rectangular_body_001872,20,31,24,31,8,13,11,7,5,8,12,25.0,27.0,10.0,80.0,130.0,105.0,110.0,70.0,50.0,250.0,270.0,0.3896218026414038,385,0.0007532147064707793,0.06776419478737852,0.009229360432262773,0.009294114106104864
1873,samples/sample_001873.npz,rectangular_body_001873,45,58,27,35,2,9,13,8,7,2,8,51.0,30.5,5.0,20.0,90.0,55.0,130.0,80.0,70.0,510.0,305.0,0.31154269233235177,728,0.00044155580894692165,0.24405710709877199,0.015123884562839916,0.025850687619287837
1874,samples/sample_001874.npz,rectangular_body_001874,17,30,4,17,8,15,13,13,7,8,14,23.0,10.0,11.0,80.0,150.0,115.0,130.0,130.0,70.0,230.0,100.0,0.7952184832563747,1183,0.0025667479887245713,0.3338271733677023,0.04599772688570019,0.05365718699089238
1875,samples/sample_001875.npz,rectangular_body_001875,52,58,22,32,3,11,6,10,8,3,10,54.5,26.5,6.5,30.0,110.0,70.0,60.0,100.0,80.0,545.0,265.0,0.7771179141134303,480,0.0006888663851734962,0.3603750432701801,0.021856781242253903,0.03706932684399715
1876,samples/sample_001876.npz,rectangular_body_001876,41,48,44,57,3,10,7,13,7,3,9,44.0,50.0,6.0,30.0,100.0,65.0,70.0,130.0,70.0,440.0,500.0,0.9455286259084708,637,0.0010066510173623348,0.5489202882462227,0.037798494819158895,0.06132834596761285
1877,samples/sample_001877.npz,rectangular_body_001877,2,18,41,50,7,14,16,9,7,7,13,9.5,45.0,10.0,70.0,140.0,105.0,160.0,90.0,70.0,95.0,450.0,0.6141072477734979,1008,0.0013490660955290759,0.2532186693649039,0.029957223121751038,0.03911161390667781
1878,samples/sample_001878.npz,rectangular_body_001878,51,59,5,19,3,8,8,14,5,3,7,54.5,11.5,5.0,30.0,80.0,55.0,80.0,140.0,50.0,545.0,115.0,0.46329699787482537,560,0.0002655369559117928,0.2546779999819972,0.01437765726808133,0.028886335220046327
1879,samples/sample_001879.npz,rectangular_body_001879,45,54,17,26,7,9,9,9,2,7,8,49.0,21.0,7.5,70.0,90.0,80.0,90.0,90.0,20.0,490.0,210.0,0.9974672801315039,162,0.00035293202451544884,0.10798792265476659,0.009767434178100349,0.013567548039158609
1880,samples/sample_001880.npz,rectangular_body_001880,19,27,52,58,4,8,8,6,4,4,7,22.5,54.5,5.5,40.0,80.0,60.0,80.0,60.0,40.0,225.0,545.0,0.21974636116473595,192,6.206897141236412e-05,0.04803554407495658,0.002541749677400485,0.004662596112609049
1881,samples/sample_001881.npz,rectangular_body_001881,27,34,36,44,2,4,7,8,2,2,3,30.0,39.5,2.5,20.0,40.0,30.0,70.0,80.0,20.0,300.0,395.0,0.47481562182856857,112,0.00010390976635504316,0.12413016739355939,0.004275833752068714,0.008922020279928302
1882,samples/sample_001882.npz,rectangular_body_001882,48,53,7,19,4,11,5,12,7,4,10,50.0,12.5,7.0,40.0,110.0,75.0,50.0,120.0,70.0,500.0,125.0,0.9463492888582727,420,0.0006162280060666467,0.32022483845191596,0.022326013160019982,0.03691131304483146
1883,samples/sample_001883.npz,rectangular_body_001883,9,17,43,54,4,8,8,11,4,4,7,12.5,48.0,5.5,40.0,80.0,60.0,80.0,110.0,40.0,125.0,480.0,0.4246515458215391,352,0.00020441096564715626,0.145853356949887,0.009209335265255424,0.016068553057992242
1884,samples/sample_001884.npz,rectangular_body_001884,34,49,23,28,3,5,15,5,2,3,4,41.0,25.0,3.5,30.0,50.0,40.0,150.0,50.0,20.0,410.0,250.0,0.6136589449744074,150,0.00017637702194193738,0.12642779590282432,0.007042996149400204,0.012205262393169049
1885,samples/sample_001885.npz,rectangular_body_001885,14,20,7,20,3,6,6,13,3,3,5,16.5,13.0,4.0,30.0,60.0,45.0,60.0,130.0,30.0,165.0,130.0,0.48375351396441035,234,0.00013022985819793323,0.14769433238326662,0.007613904789659668,0.014586513071851288
1886,samples/sample_001886.npz,rectangular_body_001886,44,51,37,45,5,12,7,8,7,5,11,47.0,40.5,8.0,50.0,120.0,85.0,70.0,80.0,70.0,470.0,405.0,0.9835972359451894,392,0.0009885804238844702,0.2725693798072737,0.0237306655080784,0.031837241190624775
1887,samples/sample_001887.npz,rectangular_body_001887,37,41,12,28,2,7,4,16,5,2,6,38.5,19.5,4.0,20.0,70.0,45.0,40.0,160.0,50.0,385.0,195.0,0.5805604549999838,320,0.0003480659272123844,0.2365932104632706,0.013765582019310555,0.023374340629424294
1888,samples/sample_001888.npz,rectangular_body_001888,31,40,50,56,7,14,9,6,7,7,13,35.0,52.5,10.0,70.0,140.0,105.0,90.0,60.0,70.0,350.0,525.0,0.8237271003277309,378,0.0009048580976116429,0.15236660661704055,0.016506569764000154,0.02067776951877407
1889,samples/sample_001889.npz,rectangular_body_001889,15,30,24,33,3,8,15,9,5,3,7,22.0,28.0,5.0,30.0,80.0,55.0,150.0,90.0,50.0,220.0,280.0,0.6120834486327265,675,0.0011396842318592518,0.3793963413989905,0.030087491057515688,0.0439263173237341
1890,samples/sample_001890.npz,rectangular_body_001890,6,19,22,28,4,10,13,6,6,4,9,12.0,24.5,6.5,40.0,100.0,70.0,130.0,60.0,60.0,120.0,245.0,0.8925589815584674,468,0.0008417089519596586,0.34215581955670155,0.025868507297875556,0.03961497279916938
1891,samples/sample_001891.npz,rectangular_body_001891,38,50,34,42,3,5,12,8,2,3,4,43.5,37.5,3.5,30.0,50.0,40.0,120.0,80.0,20.0,435.0,375.0,0.44604316198607785,192,0.00015091688458319794,0.11943818188181271,0.006491567594010867,0.011530493018987335
1892,samples/sample_001892.npz,rectangular_body_001892,20,30,50,55,3,5,10,5,2,3,4,24.5,52.0,3.5,30.0,50.0,40.0,100.0,50.0,20.0,245.0,520.0,0.9034650273969687,100,0.0001106447417488654,0.1570819312583423,0.0063182968958500965,0.012962819504562382
1893,samples/sample_001893.npz,rectangular_body_001893,49,57,4,20,8,12,8,16,4,8,11,52.5,11.5,9.5,80.0,120.0,100.0,80.0,160.0,40.0,525.0,115.0,0.8771538204636602,512,0.000808794766088569,0.19234257556800533,0.02076040916857688,0.02979461027263295
1894,samples/sample_001894.npz,rectangular_body_001894,44,58,55,61,4,6,14,6,2,4,5,50.5,57.5,4.5,40.0,60.0,50.0,140.0,60.0,20.0,505.0,575.0,0.5661312265154015,168,8.46533928957673e-05,0.10491337725749608,0.005008265492269897,0.011010189443746175
1895,samples/sample_001895.npz,rectangular_body_001895,50,54,38,53,4,9,4,15,5,4,8,51.5,45.0,6.0,40.0,90.0,65.0,40.0,150.0,50.0,515.0,450.0,0.3866492138004408,300,0.00017916181057345385,0.09938942414557847,0.007070479336503722,0.011586272804622417
1896,samples/sample_001896.npz,rectangular_body_001896,2,9,23,29,2,7,7,6,5,2,6,5.0,25.5,4.0,20.0,70.0,45.0,70.0,60.0,50.0,50.0,255.0,0.5065586438284991,210,0.0001175288618114586,0.194482410881627,0.006193388721703976,0.014465314921098149
1897,samples/sample_001897.npz,rectangular_body_001897,5,20,32,47,5,12,15,15,7,5,11,12.0,39.0,8.0,50.0,120.0,85.0,150.0,150.0,70.0,120.0,390.0,0.892093345631227,1575,0.003306958396139895,0.6895261260144645,0.08094580502625942,0.10460790959511326
1898,samples/sample_001898.npz,rectangular_body_001898,49,58,28,36,2,10,9,8,8,2,9,53.0,31.5,5.5,20.0,100.0,60.0,90.0,80.0,80.0,530.0,315.0,0.9736074997000908,576,0.0010975369245821152,0.6643969524987128,0.03559038570712283,0.06330663187431601
1899,samples/sample_001899.npz,rectangular_body_001899,7,18,29,43,8,11,11,14,3,8,10,12.0,35.5,9.0,80.0,110.0,95.0,110.0,140.0,30.0,120.0,355.0,0.3261711103214817,462,0.0004265904099853839,0.06857663706952369,0.008457293804072466,0.010266393691016755
1900,samples/sample_001900.npz,rectangular_body_001900,36,48,46,56,5,11,12,10,6,5,10,41.5,50.5,7.5,50.0,110.0,80.0,120.0,100.0,60.0,415.0,505.0,0.23647523589658015,720,0.0003581836015543582,0.10871132899317608,0.010086877444984807,0.01421684671942306
1901,samples/sample_001901.npz,rectangular_body_001901,33,46,8,13,4,12,13,5,8,4,11,39.0,10.0,7.5,40.0,120.0,80.0,130.0,50.0,80.0,390.0,100.0,0.2443315457949088,520,0.0002602607604362808,0.09281898796144084,0.007322155184463975,0.011004284202080045
1902,samples/sample_001902.npz,rectangular_body_001902,30,40,17,25,7,13,10,8,6,7,12,34.5,20.5,9.5,70.0,130.0,100.0,100.0,80.0,60.0,345.0,205.0,0.21037209329284048,480,0.0004275479219252224,0.05016518181581636,0.006204654694201369,0.0067304133942757555
1903,samples/sample_001903.npz,rectangular_body_001903,24,40,5,12,4,9,16,7,5,4,8,31.5,8.0,6.0,40.0,90.0,65.0,160.0,70.0,50.0,315.0,80.0,0.6561275386276284,560,0.00070946961081716,0.28675391135804773,0.021635592563841025,0.03520620854252617
1904,samples/sample_001904.npz,rectangular_body_001904,20,36,26,32,6,11,16,6,5,6,10,27.5,28.5,8.0,60.0,110.0,85.0,160.0,60.0,50.0,275.0,285.0,0.7328950450835623,480,0.0017710286350129327,0.19719076573928002,0.02344332310754627,0.026071344941937472
1905,samples/sample_001905.npz,rectangular_body_001905,8,20,40,50,7,14,12,10,7,7,13,13.5,44.5,10.0,70.0,140.0,105.0,120.0,100.0,70.0,135.0,445.0,0.8473491177440307,840,0.0017821851399209539,0.31036535110376917,0.03773648897531448,0.04628252118507911
1906,samples/sample_001906.npz,rectangular_body_001906,44,57,16,20,3,7,13,4,4,3,6,50.0,17.5,4.5,30.0,70.0,50.0,130.0,40.0,40.0,500.0,175.0,0.8947989245535288,208,0.0002399492842607038,0.23367667430443562,0.012340479721295108,0.02281588541946532
1907,samples/sample_001907.npz,rectangular_body_001907,12,27,30,38,7,11,15,8,4,7,10,19.0,33.5,8.5,70.0,110.0,90.0,150.0,80.0,40.0,190.0,335.0,0.6776262538916245,480,0.0012452977545881988,0.16562874217488943,0.020413406501136586,0.02312517095217601
1908,samples/sample_001908.npz,rectangular_body_001908,49,59,26,37,4,7,10,11,3,4,6,53.5,31.0,5.0,40.0,70.0,55.0,100.0,110.0,30.0,535.0,310.0,0.9632770392184482,330,0.0005646582680875225,0.31692718996381514,0.020209331991093954,0.035088789182675995
1909,samples/sample_001909.npz,rectangular_body_001909,40,47,8,18,7,14,7,10,7,7,13,43.0,12.5,10.0,70.0,140.0,105.0,70.0,100.0,70.0,430.0,125.0,0.8599116851388815,490,0.00106222175858682,0.20013966815127496,0.022341313204095867,0.028041223441762853
1910,samples/sample_001910.npz,rectangular_body_001910,43,52,21,30,8,13,9,9,5,8,12,47.0,25.0,10.0,80.0,130.0,105.0,90.0,90.0,50.0,470.0,250.0,0.5088475948485295,405,0.0006823482882645248,0.09359825944190234,0.011790878985787458,0.013241205217860296
1911,samples/sample_001911.npz,rectangular_body_001911,6,11,27,40,6,8,5,13,2,6,7,8.0,33.0,6.5,60.0,80.0,70.0,50.0,130.0,20.0,80.0,330.0,0.7990350257720331,130,0.0002058876357016541,0.0813709156097358,0.005988174320607095,0.009605398615694082
1912,samples/sample_001912.npz,rectangular_body_001912,41,55,4,18,7,11,14,14,4,7,10,47.5,10.5,8.5,70.0,110.0,90.0,140.0,140.0,40.0,475.0,105.0,0.2719791838249231,784,0.00039413973514446836,0.09862689263258115,0.01091964239214357,0.015289162905421034
1913,samples/sample_001913.npz,rectangular_body_001913,48,53,7,14,6,12,5,7,6,6,11,50.0,10.0,8.5,60.0,120.0,90.0,50.0,70.0,60.0,500.0,100.0,0.3196643414624549,210,0.00011257083039630252,0.04428043868817884,0.003367566654855586,0.005362840841031316
1914,samples/sample_001914.npz,rectangular_body_001914,24,28,2,16,5,10,4,14,5,5,9,25.5,8.5,7.0,50.0,100.0,75.0,40.0,140.0,50.0,255.0,85.0,0.7487703952247322,280,0.0004050304896881939,0.15247477002296014,0.011749560095548906,0.018380250611084836
1915,samples/sample_001915.npz,rectangular_body_001915,20,29,8,16,5,9,9,8,4,5,8,24.0,11.5,6.5,50.0,90.0,70.0,90.0,80.0,40.0,240.0,115.0,0.5592331268113027,288,0.00031300855598362154,0.13632617395264257,0.009920525425309853,0.015400932896975434
1916,samples/sample_001916.npz,rectangular_body_001916,12,26,42,57,6,14,14,15,8,6,13,18.5,49.0,9.5,60.0,140.0,100.0,140.0,150.0,80.0,185.0,490.0,0.79382246480647,1680,0.0032780480485349005,0.5526558633517893,0.07225149659086794,0.08754488533828646
1917,samples/sample_001917.npz,rectangular_body_001917,34,39,42,55,3,8,5,13,5,3,7,36.0,48.0,5.0,30.0,80.0,55.0,50.0,130.0,50.0,360.0,480.0,0.28253625096675866,325,0.0001830479274534001,0.10355167770249646,0.006351478892430285,0.01044096136812304
1918,samples/sample_001918.npz,rectangular_body_001918,14,22,28,38,3,9,8,10,6,3,8,17.5,32.5,5.5,30.0,90.0,60.0,80.0,100.0,60.0,175.0,325.0,0.5510298037355521,480,0.000693003390323525,0.27962507598567915,0.01852071631111877,0.028541051227937375
1919,samples/sample_001919.npz,rectangular_body_001919,28,32,21,25,2,4,4,4,2,2,3,29.5,22.5,2.5,20.0,40.0,30.0,40.0,40.0,20.0,295.0,225.0,0.6330390655026945,32,3.6961408340864866e-05,0.06860020872500588,0.0016257829174402853,0.0036979455064691438
1920,samples/sample_001920.npz,rectangular_body_001920,25,39,12,25,5,12,14,13,7,5,11,31.5,18.0,8.0,50.0,120.0,85.0,140.0,130.0,70.0,315.0,180.0,0.3690393634649679,1274,0.0017451286337309083,0.24881728160034114,0.029888348785808996,0.035142016584208034
1921,samples/sample_001921.npz,rectangular_body_001921,33,39,49,53,6,14,6,4,8,6,13,35.5,50.5,9.5,60.0,140.0,100.0,60.0,40.0,80.0,355.0,505.0,0.7239802786806899,192,0.00041208485557535845,0.08175865270281081,0.007833221902364157,0.010009996308333132
1922,samples/sample_001922.npz,rectangular_body_001922,43,58,20,30,6,11,15,10,5,6,10,50.0,24.5,8.0,60.0,110.0,85.0,150.0,100.0,50.0,500.0,245.0,0.8012662958830297,750,0.0014868737523903498,0.32245493796401703,0.035334768772964154,0.04577287676377635
1923,samples/sample_001923.npz,rectangular_body_001923,34,48,14,26,5,8,14,12,3,5,7,40.5,19.5,6.0,50.0,80.0,65.0,140.0,120.0,30.0,405.0,195.0,0.5433930205006909,504,0.0006477560793326187,0.1931279626854618,0.0186311056359082,0.025304789751521124
1924,samples/sample_001924.npz,rectangular_body_001924,33,41,23,39,4,7,8,16,3,4,6,36.5,30.5,5.0,40.0,70.0,55.0,80.0,160.0,30.0,365.0,305.0,0.8877605610949835,384,0.0012580588940972097,0.30094616751847414,0.025241821614536003,0.03542162552743776
1925,samples/sample_001925.npz,rectangular_body_001925,24,36,23,29,2,10,12,6,8,2,9,29.5,25.5,5.5,20.0,100.0,60.0,120.0,60.0,80.0,295.0,255.0,0.3196050084521036,576,0.0006582275331037616,0.2061038225377831,0.013414391292919131,0.02005411747889121
1926,samples/sample_001926.npz,rectangular_body_001926,25,29,10,23,2,9,4,13,7,2,8,26.5,16.0,5.0,20.0,90.0,55.0,40.0,130.0,70.0,265.0,160.0,0.8557804518493597,364,0.0006343786428088626,0.3841598318950743,0.021796758105619325,0.0364230115842916
1927,samples/sample_001927.npz,rectangular_body_001927,42,50,2,6,4,11,8,4,7,4,10,45.5,3.5,7.0,40.0,110.0,75.0,80.0,40.0,70.0,455.0,35.0,0.46421451822527393,224,0.00013744270109932914,0.09589160069407851,0.004774265065640739,0.009243678641351892
1928,samples/sample_001928.npz,rectangular_body_001928,6,11,46,56,5,10,5,10,5,5,9,8.0,50.5,7.0,50.0,100.0,75.0,50.0,100.0,50.0,80.0,505.0,0.2442161301287185,250,8.172956268696368e-05,0.049438480902985305,0.0030970847662214517,0.005605971870836485
1929,samples/sample_001929.npz,rectangular_body_001929,17,26,3,12,6,11,9,9,5,6,10,21.0,7.0,8.0,60.0,110.0,85.0,90.0,90.0,50.0,210.0,70.0,0.4175758371616528,405,0.0003052359804635985,0.10736547165803713,0.008615951161592287,0.013399888340624718
1930,samples/sample_001930.npz,rectangular_body_001930,54,62,25,35,8,11,8,10,3,8,10,57.5,29.5,9.0,80.0,110.0,95.0,80.0,100.0,30.0,575.0,295.0,0.761871621078505,240,0.0004207340458201762,0.09457587370031414,0.00873267211823355,0.012535188313431148
1931,samples/sample_001931.npz,rectangular_body_001931,28,42,21,29,2,9,14,8,7,2,8,34.5,24.5,5.0,20.0,90.0,55.0,140.0,80.0,70.0,345.0,245.0,0.8690702547130287,784,0.002107780117275337,0.7018529823501298,0.05024667781859261,0.0753256212181037
1932,samples/sample_001932.npz,rectangular_body_001932,44,49,7,22,5,13,5,15,8,5,12,46.0,14.0,8.5,50.0,130.0,90.0,50.0,150.0,80.0,460.0,140.0,0.2659498764252036,600,0.00034113561495239164,0.09150545207905565,0.008958893711964608,0.012240974807007133
1933,samples/sample_001933.npz,rectangular_body_001933,9,23,28,41,7,11,14,13,4,7,10,15.5,34.0,8.5,70.0,110.0,90.0,140.0,130.0,40.0,155.0,340.0,0.5851308066114393,728,0.0013897253209349566,0.20176036608999223,0.02572832455384572,0.02993330751579777
1934,samples/sample_001934.npz,rectangular_body_001934,9,24,30,35,8,15,15,5,7,8,14,16.0,32.0,11.0,80.0,150.0,115.0,150.0,50.0,70.0,160.0,320.0,0.5898339476441921,525,0.0013270134123280026,0.11767668921579863,0.017174141001923885,0.017705182059559215
1935,samples/sample_001935.npz,rectangular_body_001935,14,29,37,48,4,8,15,11,4,4,7,21.0,42.0,5.5,40.0,80.0,60.0,150.0,110.0,40.0,210.0,420.0,0.690313807725231,660,0.001010688086806485,0.3533541585157764,0.031661907239923584,0.044789940542591625
1936,samples/sample_001936.npz,rectangular_body_001936,27,41,51,56,3,7,14,5,4,3,6,33.5,53.0,4.5,30.0,70.0,50.0,140.0,50.0,40.0,335.0,530.0,0.9349562665201896,280,0.00042053967268434865,0.308652396172237,0.017321249531834892,0.03135762537169938
1937,samples/sample_001937.npz,rectangular_body_001937,21,37,38,50,3,7,16,12,4,3,6,28.5,43.5,4.5,30.0,70.0,50.0,160.0,120.0,40.0,285.0,435.0,0.5081228883170452,768,0.0009144870886750741,0.33156756038869817,0.02855718216190157,0.04215286135168748
1938,samples/sample_001938.npz,rectangular_body_001938,5,14,54,61,2,7,9,7,5,2,6,9.0,57.0,4.0,20.0,70.0,45.0,90.0,70.0,50.0,90.0,570.0,0.6573901830658329,315,0.0001561497436673653,0.33101429657153114,0.010882744802049149,0.027711213772903
1939,samples/sample_001939.npz,rectangular_body_001939,20,35,42,55,4,10,15,13,6,4,9,27.0,48.0,6.5,40.0,100.0,70.0,150.0,130.0,60.0,270.0,480.0,0.5955087443420168,1170,0.0017015067728398843,0.4438711742529018,0.045229286445532146,0.06105514781586805
1940,samples/sample_001940.npz,rectangular_body_001940,35,46,9,14,2,10,11,5,8,2,9,40.0,11.0,5.5,20.0,100.0,60.0,110.0,50.0,80.0,400.0,110.0,0.3135580324024185,440,0.00022406185010536575,0.16843593949831362,0.00883351582501781,0.015681707239811216
1941,samples/sample_001941.npz,rectangular_body_001941,20,30,34,48,3,7,10,14,4,3,6,24.5,40.5,4.5,30.0,70.0,50.0,100.0,140.0,40.0,245.0,405.0,0.42893040029777807,560,0.0005502984762309677,0.23767629752700642,0.017726346685098104,0.027146811198372017
1942,samples/sample_001942.npz,rectangular_body_001942,37,49,18,22,2,5,12,4,3,2,4,42.5,19.5,3.0,20.0,50.0,35.0,120.0,40.0,30.0,425.0,195.0,0.4723188041857991,144,9.063596056696724e-05,0.12839044640390393,0.005184173595009743,0.010362663163369963
1943,samples/sample_001943.npz,rectangular_body_001943,46,60,45,50,8,10,14,5,2,8,9,52.5,47.0,8.5,80.0,100.0,90.0,140.0,50.0,20.0,525.0,470.0,0.624709946535781,140,0.00016324173267024073,0.04672661691959776,0.004536958581461718,0.006533670149855759
1944,samples/sample_001944.npz,rectangular_body_001944,44,53,45,49,7,12,9,4,5,7,11,48.0,46.5,9.0,70.0,120.0,95.0,90.0,40.0,50.0,480.0,465.0,0.9072181070399983,180,0.000370132321480935,0.09317266425706247,0.009094514815035959,0.01213354334077941
1945,samples/sample_001945.npz,rectangular_body_001945,31,44,31,45,5,8,13,14,3,5,7,37.0,37.5,6.0,50.0,80.0,65.0,130.0,140.0,30.0,370.0,375.0,0.56670861308612,546,0.0010510133278841957,0.2122326384564902,0.021893493294665264,0.02787064864573277
1946,samples/sample_001946.npz,rectangular_body_001946,45,53,3,9,6,9,8,6,3,6,8,48.5,5.5,7.0,60.0,90.0,75.0,80.0,60.0,30.0,485.0,55.0,0.6944782318282154,144,0.00013100305021065002,0.08019279485407607,0.0048010767205050806,0.008897530521284397
1947,samples/sample_001947.npz,rectangular_body_001947,18,22,5,16,7,11,4,11,4,7,10,19.5,10.0,8.5,70.0,110.0,90.0,40.0,110.0,40.0,195.0,100.0,0.48518650450918965,176,0.00017210567510128513,0.05028739544798087,0.004556344634768331,0.006542434786664885
1948,samples/sample_001948.npz,rectangular_body_001948,20,25,5,17,3,11,5,12,8,3,10,22.0,10.5,6.5,30.0,110.0,70.0,50.0,120.0,80.0,220.0,105.0,0.896322695524391,480,0.0007629164640532476,0.3988574804519245,0.025781821655118598,0.042410632516765905
1949,samples/sample_001949.npz,rectangular_body_001949,2,10,51,62,5,11,8,11,6,5,10,5.5,56.0,7.5,50.0,110.0,80.0,80.0,110.0,60.0,55.0,560.0,0.8497613518414773,528,0.0005128097581397437,0.30895485257930244,0.017960638521996527,0.03606735044351115
1950,samples/sample_001950.npz,rectangular_body_001950,47,59,4,13,6,9,12,9,3,6,8,52.5,8.0,7.0,60.0,90.0,75.0,120.0,90.0,30.0,525.0,80.0,0.8089376021680843,324,0.00033392640266614263,0.17927077818832393,0.012648034145529802,0.02279857661738078
1951,samples/sample_001951.npz,rectangular_body_001951,43,59,16,31,7,10,16,15,3,7,9,50.5,23.0,8.0,70.0,100.0,85.0,160.0,150.0,30.0,505.0,230.0,0.6739654034438332,720,0.0011367405872546939,0.22309043798584066,0.027916454561736193,0.035112800342202724
1952,samples/sample_001952.npz,rectangular_body_001952,51,56,20,33,8,13,5,13,5,8,12,53.0,26.0,10.0,80.0,130.0,105.0,50.0,130.0,50.0,530.0,260.0,0.3359335436448142,325,0.0002966603393387087,0.04854120624490963,0.00567621795098241,0.007032344740036126
1953,samples/sample_001953.npz,rectangular_body_001953,35,48,29,38,7,9,13,9,2,7,8,41.0,33.0,7.5,70.0,90.0,80.0,130.0,90.0,20.0,410.0,330.0,0.8666246521220133,234,0.0008136768035477867,0.1232796784357924,0.013508714350100415,0.016014387566166
1954,samples/sample_001954.npz,rectangular_body_001954,37,47,51,58,8,10,10,7,2,8,9,41.5,54.0,8.5,80.0,100.0,90.0,100.0,70.0,20.0,415.0,540.0,0.4996213095085196,140,0.0001436965401833242,0.0397107340220781,0.0036992136031256386,0.005277227586551676
1955,samples/sample_001955.npz,rectangular_body_001955,40,56,18,34,3,5,16,16,2,3,4,47.5,25.5,3.5,30.0,50.0,40.0,160.0,160.0,20.0,475.0,255.0,0.2719135920288149,512,0.00021280573851040265,0.11654184310845606,0.010161038132955495,0.016173296193347276
1956,samples/sample_001956.npz,rectangular_body_001956,20,32,41,56,2,6,12,15,4,2,5,25.5,48.0,3.5,20.0,60.0,40.0,120.0,150.0,40.0,255.0,480.0,0.27771351568420866,720,0.0002975987267345751,0.20943085400437642,0.014580717683965783,0.025097958697022044
1957,samples/sample_001957.npz,rectangular_body_001957,39,55,12,20,3,7,16,8,4,3,6,46.5,15.5,4.5,30.0,70.0,50.0,160.0,80.0,40.0,465.0,155.0,0.8657568046930915,512,0.0006037046326604211,0.4355241855523382,0.029910776024573316,0.050885694028000715
1958,samples/sample_001958.npz,rectangular_body_001958,50,62,22,36,2,5,12,14,3,2,4,55.5,28.5,3.0,20.0,50.0,35.0,120.0,140.0,30.0,555.0,285.0,0.6121914299006079,504,0.00033362392591064147,0.3647679399658377,0.020250187549551445,0.04152986845243148
1959,samples/sample_001959.npz,rectangular_body_001959,34,38,50,56,4,7,4,6,3,4,6,35.5,52.5,5.0,40.0,70.0,55.0,40.0,60.0,30.0,355.0,525.0,0.9256145444570159,72,0.00011197739466996498,0.09390569286414122,0.0043493184770358705,0.008039267285541551
1960,samples/sample_001960.npz,rectangular_body_001960,7,18,7,21,4,7,11,14,3,4,6,12.0,13.5,5.0,40.0,70.0,55.0,110.0,140.0,30.0,120.0,135.0,0.9865327889523245,462,0.0005495044439970887,0.3941633975099144,0.027747663401893725,0.04905273209927463
1961,samples/sample_001961.npz,rectangular_body_001961,17,27,25,30,6,12,10,5,6,6,11,21.5,27.0,8.5,60.0,120.0,90.0,100.0,50.0,60.0,215.0,270.0,0.7282406160062926,300,0.0008402287129926988,0.13518796923386445,0.013991462805690557,0.016463158173065758
1962,samples/sample_001962.npz,rectangular_body_001962,44,53,36,41,8,10,9,5,2,8,9,48.0,38.0,8.5,80.0,100.0,90.0,90.0,50.0,20.0,480.0,380.0,0.7617307347551387,90,0.000192639993263231,0.04083211642675287,0.004110903240755014,0.005203478876810781
1963,samples/sample_001963.npz,rectangular_body_001963,39,51,25,32,5,8,12,7,3,5,7,44.5,28.0,6.0,50.0,80.0,65.0,120.0,70.0,30.0,445.0,280.0,0.5699508697174017,252,0.00039037200044458485,0.12407250587886005,0.009885782231355507,0.014027103193175157
1964,samples/sample_001964.npz,rectangular_body_001964,11,23,3,8,8,10,12,5,2,8,9,16.5,5.0,8.5,80.0,100.0,90.0,120.0,50.0,20.0,165.0,50.0,0.22556867289484395,120,4.2944099400600185e-05,0.015130359751475014,0.0012137231422699921,0.0019639132831101784
1965,samples/sample_001965.npz,rectangular_body_001965,46,52,2,13,2,6,6,11,4,2,5,48.5,7.0,3.5,20.0,60.0,40.0,60.0,110.0,40.0,485.0,70.0,0.29505569570984974,264,6.377101660204317e-05,0.1289166273126941,0.004673717981245211,0.011031538238826336
1966,samples/sample_001966.npz,rectangular_body_001966,47,58,21,33,3,11,11,12,8,3,10,52.0,26.5,6.5,30.0,110.0,70.0,110.0,120.0,80.0,520.0,265.0,0.8090012698276376,1056,0.0017458920690145937,0.6623242122082013,0.052446313640406264,0.08049423981847481
1967,samples/sample_001967.npz,rectangular_body_001967,11,20,5,9,2,4,9,4,2,2,3,15.0,6.5,2.5,20.0,40.0,30.0,90.0,40.0,20.0,150.0,65.0,0.47740622344853945,72,2.2462768408603134e-05,0.08769100886886896,0.0021899189521702046,0.005926667076567251
1968,samples/sample_001968.npz,rectangular_body_001968,26,34,12,25,4,7,8,13,3,4,6,29.5,18.0,5.0,40.0,70.0,55.0,80.0,130.0,30.0,295.0,180.0,0.3382616707207201,312,0.0002579498872255972,0.10433650979448925,0.00752100102941681,0.011501968268754346
1969,samples/sample_001969.npz,rectangular_body_001969,32,41,43,54,7,11,9,11,4,7,10,36.0,48.0,8.5,70.0,110.0,90.0,90.0,110.0,40.0,360.0,480.0,0.6961851367717804,396,0.000824597314134637,0.15159325720292594,0.01658275780994666,0.020400618704151385
1970,samples/sample_001970.npz,rectangular_body_001970,19,24,48,59,8,14,5,11,6,8,13,21.0,53.0,10.5,80.0,140.0,110.0,50.0,110.0,60.0,210.0,530.0,0.6251889438475624,330,0.0005118570255278675,0.08944286621957502,0.010241069411147954,0.012919274146976327
1971,samples/sample_001971.npz,rectangular_body_001971,13,29,13,18,5,7,16,5,2,5,6,20.5,15.0,5.5,50.0,70.0,60.0,160.0,50.0,20.0,205.0,150.0,0.9235185770302081,160,0.0002597610846027709,0.12702531092841537,0.009794404633581753,0.015066737633102553
1972,samples/sample_001972.npz,rectangular_body_001972,50,59,22,36,7,15,9,14,8,7,14,54.0,28.5,10.5,70.0,150.0,110.0,90.0,140.0,80.0,540.0,285.0,0.4153835468484734,1008,0.0012128094368269219,0.16909488970671122,0.020934494984962908,0.02543941966479052
1973,samples/sample_001973.npz,rectangular_body_001973,40,49,39,55,7,9,9,16,2,7,8,44.0,46.5,7.5,70.0,90.0,80.0,90.0,160.0,20.0,440.0,465.0,0.6233950764044033,288,0.00040497635981174424,0.1007529766041451,0.010944963550264794,0.014260500680762678
1974,samples/sample_001974.npz,rectangular_body_001974,40,49,6,21,7,12,9,15,5,7,11,44.0,13.0,9.0,70.0,120.0,95.0,90.0,150.0,50.0,440.0,130.0,0.8898136502836878,675,0.0013880051304943593,0.2828180712037251,0.03285858581705427,0.04192646021993075
1975,samples/sample_001975.npz,rectangular_body_001975,57,61,15,23,6,8,4,8,2,6,7,58.5,18.5,6.5,60.0,80.0,70.0,40.0,80.0,20.0,585.0,185.0,0.8608922764088505,64,7.286483972236801e-05,0.0500616368297207,0.0027084378494860277,0.005133871787845623
1976,samples/sample_001976.npz,rectangular_body_001976,27,40,45,58,5,8,13,13,3,5,7,33.0,51.0,6.0,50.0,80.0,65.0,130.0,130.0,30.0,330.0,510.0,0.6479552151074424,507,0.000728142827643617,0.23281293177612683,0.02087970096141796,0.030648040856324166
1977,samples/sample_001977.npz,rectangular_body_001977,29,42,16,25,8,11,13,9,3,8,10,35.0,20.0,9.0,80.0,110.0,95.0,130.0,90.0,30.0,350.0,200.0,0.6493732489314694,351,0.0008984838651013137,0.10986758995498258,0.014155462139154553,0.015422581064917775
1978,samples/sample_001978.npz,rectangular_body_001978,23,35,53,59,2,6,12,6,4,2,5,28.5,55.5,3.5,20.0,60.0,40.0,120.0,60.0,40.0,285.0,555.0,0.8013717935598363,288,0.00027420610036023004,0.3622717778424691,0.015068360671360135,0.032321416171819245
1979,samples/sample_001979.npz,rectangular_body_001979,24,39,2,15,5,12,15,13,7,5,11,31.0,8.0,8.0,50.0,120.0,85.0,150.0,130.0,70.0,310.0,80.0,0.5201635163119467,1365,0.0017080598512060215,0.36665738090466726,0.03799083985327651,0.05299943193652827
1980,samples/sample_001980.npz,rectangular_body_001980,43,53,37,41,7,13,10,4,6,7,12,47.5,38.5,9.5,70.0,130.0,100.0,100.0,40.0,60.0,475.0,385.0,0.6581551441873219,240,0.0004849758167358563,0.08241016059249581,0.009158595529117873,0.010930573482761259
1981,samples/sample_001981.npz,rectangular_body_001981,10,15,32,47,4,12,5,15,8,4,11,12.0,39.0,7.5,40.0,120.0,80.0,50.0,150.0,80.0,120.0,390.0,0.6480192510553282,600,0.0008577276223407447,0.266630674549896,0.023247667945106194,0.033061652389243884
1982,samples/sample_001982.npz,rectangular_body_001982,40,55,12,21,5,9,15,9,4,5,8,47.0,16.0,6.5,50.0,90.0,70.0,150.0,90.0,40.0,470.0,160.0,0.40442563961470274,540,0.00039276038978431027,0.15132505701900842,0.013491326515138527,0.01982461532108619
1983,samples/sample_001983.npz,rectangular_body_001983,49,56,12,27,6,13,7,15,7,6,12,52.0,19.0,9.0,60.0,130.0,95.0,70.0,150.0,70.0,520.0,190.0,0.7446886227217457,735,0.0011764454100768222,0.27461307017647074,0.029137773626921035,0.03920458059979384
1984,samples/sample_001984.npz,rectangular_body_001984,57,62,15,30,8,13,5,15,5,8,12,59.0,22.0,10.0,80.0,130.0,105.0,50.0,150.0,50.0,590.0,220.0,0.530245380018455,375,0.00039701947675871744,0.08489671116490513,0.008429306467799404,0.011942720259563123
1985,samples/sample_001985.npz,rectangular_body_001985,4,16,2,16,7,10,12,14,3,7,9,9.5,8.5,8.0,70.0,100.0,85.0,120.0,140.0,30.0,95.0,85.0,0.6797348941907801,504,0.00048107684628512356,0.17664979315853307,0.01542457607782216,0.02565289254682938
1986,samples/sample_001986.npz,rectangular_body_001986,48,53,21,28,6,11,5,7,5,6,10,50.0,24.0,8.0,60.0,110.0,85.0,50.0,70.0,50.0,500.0,240.0,0.5372415034433393,175,0.00022613341813424077,0.06682595244764335,0.005597902819338701,0.007778987072041192
1987,samples/sample_001987.npz,rectangular_body_001987,33,37,12,17,3,10,4,5,7,3,9,34.5,14.0,6.0,30.0,100.0,65.0,40.0,50.0,70.0,345.0,140.0,0.8876715139071181,140,0.00028147673461184945,0.16250637693198,0.008256247382178982,0.01362515622724894
1988,samples/sample_001988.npz,rectangular_body_001988,17,27,31,45,8,13,10,14,5,8,12,21.5,37.5,10.0,80.0,130.0,105.0,100.0,140.0,50.0,215.0,375.0,0.7943564803848808,700,0.002319307250080442,0.22679445627159095,0.0333589905746235,0.03371621307597598
1989,samples/sample_001989.npz,rectangular_body_001989,35,43,20,27,4,6,8,7,2,4,5,38.5,23.0,4.5,40.0,60.0,50.0,80.0,70.0,20.0,385.0,230.0,0.3453597026737262,112,8.945036224761914e-05,0.052666826725110506,0.0028698806553039825,0.004744634056900876
1990,samples/sample_001990.npz,rectangular_body_001990,2,14,57,61,4,6,12,4,2,4,5,7.5,58.5,4.5,40.0,60.0,50.0,120.0,40.0,20.0,75.0,585.0,0.5221858095325516,96,3.8096880479297974e-05,0.0630334931219231,0.002290811851041699,0.005812100158075386
1991,samples/sample_001991.npz,rectangular_body_001991,42,49,14,28,7,10,7,14,3,7,9,45.0,20.5,8.0,70.0,100.0,85.0,70.0,140.0,30.0,450.0,205.0,0.5728837761295928,294,0.0004388756871451969,0.095870387142619,0.010377902969196908,0.012980404154999608
1992,samples/sample_001992.npz,rectangular_body_001992,8,15,37,48,8,13,7,11,5,8,12,11.0,42.0,10.0,80.0,130.0,105.0,70.0,110.0,50.0,110.0,420.0,0.4237092647550135,385,0.00040250529772333735,0.073692791721053,0.008455503437709289,0.010654633630611083
1993,samples/sample_001993.npz,rectangular_body_001993,36,43,15,21,5,10,7,6,5,5,9,39.0,17.5,7.0,50.0,100.0,75.0,70.0,60.0,50.0,390.0,175.0,0.6770661149679313,210,0.0003641092169034642,0.12192831600032633,0.009293628487062243,0.013059129618685918
1994,samples/sample_001994.npz,rectangular_body_001994,11,16,9,20,5,9,5,11,4,5,8,13.0,14.0,6.5,50.0,90.0,70.0,50.0,110.0,40.0,130.0,140.0,0.3892261635512399,220,0.00013114024829265577,0.07327771696083808,0.005021064097611709,0.008297868870109254
1995,samples/sample_001995.npz,rectangular_body_001995,50,58,35,45,3,11,8,10,8,3,10,53.5,39.5,6.5,30.0,110.0,70.0,80.0,100.0,80.0,535.0,395.0,0.4553268409097407,640,0.0005178152405620287,0.2655831042808834,0.017290695077880752,0.02869100249464159
1996,samples/sample_001996.npz,rectangular_body_001996,47,59,49,60,4,11,12,11,7,4,10,52.5,54.0,7.0,40.0,110.0,75.0,120.0,110.0,70.0,525.0,540.0,0.24875345657885006,924,0.00030090090285547804,0.15936998064452815,0.01142869453161645,0.020360958822828748
1997,samples/sample_001997.npz,rectangular_body_001997,21,25,25,34,2,7,4,9,5,2,6,22.5,29.0,4.0,20.0,70.0,45.0,40.0,90.0,50.0,225.0,290.0,0.296269857645729,180,0.00013042449862172656,0.09532406555093857,0.004058301412062336,0.0073150353205499565
1998,samples/sample_001998.npz,rectangular_body_001998,47,57,51,58,8,13,10,7,5,8,12,51.5,54.0,10.0,80.0,130.0,105.0,100.0,70.0,50.0,515.0,540.0,0.6386279423735075,350,0.00039955450629678194,0.10251900311425338,0.009893630511085381,0.014718882478831595
1999,samples/sample_001999.npz,rectangular_body_001999,30,35,41,52,7,9,5,11,2,7,8,32.0,46.0,7.5,70.0,90.0,80.0,50.0,110.0,20.0,320.0,460.0,0.2779836525603055,110,0.00010151095542648148,0.020939532416159593,0.0019676108508439043,0.0025389207466323394
2000,samples/sample_002000.npz,rectangular_body_002000,15,29,55,59,8,11,14,4,3,8,10,21.5,56.5,9.0,80.0,110.0,95.0,140.0,40.0,30.0,215.0,565.0,0.7484029144437574,168,0.0002481297577439657,0.0628436651251888,0.00606284343070687,0.0087378664699871
2001,samples/sample_002001.npz,rectangular_body_002001,35,49,36,48,8,10,14,12,2,8,9,41.5,41.5,8.5,80.0,100.0,90.0,140.0,120.0,20.0,415.0,415.0,0.5202286449568096,336,0.0005619759027154211,0.08323682705540625,0.010864052311319814,0.01220800667514584
2002,samples/sample_002002.npz,rectangular_body_002002,36,52,13,21,6,12,16,8,6,6,11,43.5,16.5,8.5,60.0,120.0,90.0,160.0,80.0,60.0,435.0,165.0,0.7321157969708365,768,0.0014142905603426073,0.2864294818698494,0.03319132467325102,0.0411226841742008
2003,samples/sample_002003.npz,rectangular_body_002003,8,18,3,11,7,12,10,8,5,7,11,12.5,6.5,9.0,70.0,120.0,95.0,100.0,80.0,50.0,125.0,65.0,0.7344018043999556,400,0.0004610187272228676,0.15580239949191782,0.012884144743040997,0.020904205172072646
2004,samples/sample_002004.npz,rectangular_body_002004,44,57,2,18,6,11,13,16,5,6,10,50.0,9.5,8.0,60.0,110.0,85.0,130.0,160.0,50.0,500.0,95.0,0.48226100836818664,1040,0.0007997020887040578,0.24559029171047086,0.024716879679908405,0.037509325919609295
2005,samples/sample_002005.npz,rectangular_body_002005,21,25,16,32,2,5,4,16,3,2,4,22.5,23.5,3.0,20.0,50.0,35.0,40.0,160.0,30.0,225.0,235.0,0.5913186781602517,192,0.0001890407078308919,0.17512353585726115,0.008832624280869677,0.016218307257560585
2006,samples/sample_002006.npz,rectangular_body_002006,12,20,27,39,5,11,8,12,6,5,10,15.5,32.5,7.5,50.0,110.0,80.0,80.0,120.0,60.0,155.0,325.0,0.252254215147145,576,0.00044326646924091966,0.09714206593855491,0.009222123948026744,0.01210585198989437
2007,samples/sample_002007.npz,rectangular_body_002007,7,17,29,35,6,11,10,6,5,6,10,11.5,31.5,8.0,60.0,110.0,85.0,100.0,60.0,50.0,115.0,315.0,0.9804150743014428,300,0.0008218999663635221,0.19197957584509023,0.017212424020104557,0.02372967455572997
2008,samples/sample_002008.npz,rectangular_body_002008,37,47,27,41,6,9,10,14,3,6,8,41.5,33.5,7.0,60.0,90.0,75.0,100.0,140.0,30.0,415.0,335.0,0.35938583200424407,420,0.0005515962488826542,0.09523944329477128,0.010210622171762627,0.01247786884047593
2009,samples/sample_002009.npz,rectangular_body_002009,30,44,2,13,8,12,14,11,4,8,11,36.5,7.0,9.5,80.0,120.0,100.0,140.0,110.0,40.0,365.0,70.0,0.2848180171555975,616,0.0004178820327251564,0.07492807298710738,0.00852959111461066,0.011217890855745436
2010,samples/sample_002010.npz,rectangular_body_002010,9,15,44,58,8,10,6,14,2,8,9,11.5,50.5,8.5,80.0,100.0,90.0,60.0,140.0,20.0,115.0,505.0,0.9304313938037605,168,0.0002720512262288199,0.0823078526331109,0.007897341137901574,0.011719009707207467
2011,samples/sample_002011.npz,rectangular_body_002011,15,20,38,49,6,10,5,11,4,6,9,17.0,43.0,7.5,60.0,100.0,80.0,50.0,110.0,40.0,170.0,430.0,0.643013315976376,220,0.00033149198956426837,0.09929439552661729,0.008820775651687658,0.011993801104496016
2012,samples/sample_002012.npz,rectangular_body_002012,43,58,7,11,7,15,15,4,8,7,14,50.0,8.5,10.5,70.0,150.0,110.0,150.0,40.0,80.0,500.0,85.0,0.23114540363148983,480,0.00021164473305032664,0.04643730181306087,0.004873764273551235,0.0069402319327770325
2013,samples/sample_002013.npz,rectangular_body_002013,37,44,19,24,4,7,7,5,3,4,6,40.0,21.0,5.0,40.0,70.0,55.0,70.0,50.0,30.0,400.0,210.0,0.745229834614922,105,0.00017114802325380015,0.10564328651906753,0.005631118322855285,0.00922304696256505
2014,samples/sample_002014.npz,rectangular_body_002014,32,46,4,11,3,8,14,7,5,3,7,38.5,7.0,5.0,30.0,80.0,55.0,140.0,70.0,50.0,385.0,70.0,0.620534634281626,490,0.00041608841153609763,0.30983015491849386,0.018040436998416284,0.033627815091516196
2015,samples/sample_002015.npz,rectangular_body_002015,39,51,44,54,7,15,12,10,8,7,14,44.5,48.5,10.5,70.0,150.0,110.0,120.0,100.0,80.0,445.0,485.0,0.5553524182377358,960,0.0014309757050328194,0.2198418817258605,0.028163457414636345,0.033192078771055386
2016,samples/sample_002016.npz,rectangular_body_002016,36,48,10,24,7,12,12,14,5,7,11,41.5,16.5,9.0,70.0,120.0,95.0,120.0,140.0,50.0,415.0,165.0,0.2999089815291465,840,0.0007083671479818801,0.11434969317314461,0.014726566808034391,0.0171723872823133
2017,samples/sample_002017.npz,rectangular_body_002017,27,42,14,27,3,6,15,13,3,3,5,34.0,20.0,4.0,30.0,60.0,45.0,150.0,130.0,30.0,340.0,200.0,0.3912269401413948,585,0.0005132667531268628,0.20999133991751723,0.017112634656327175,0.026175156857058565
2018,samples/sample_002018.npz,rectangular_body_002018,53,62,35,48,8,13,9,13,5,8,12,57.0,41.0,10.0,80.0,130.0,105.0,90.0,130.0,50.0,570.0,410.0,0.9590543956508462,585,0.0012013390586840711,0.23770334952796218,0.02552595565095852,0.03472694756915183
2019,samples/sample_002019.npz,rectangular_body_002019,26,33,21,29,3,9,7,8,6,3,8,29.0,24.5,5.5,30.0,90.0,60.0,70.0,80.0,60.0,290.0,245.0,0.995852218642103,336,0.001124845316534324,0.39543214866706905,0.02430355653836489,0.03669054589082833
2020,samples/sample_002020.npz,rectangular_body_002020,50,59,7,15,2,6,9,8,4,2,5,54.0,10.5,3.5,20.0,60.0,40.0,90.0,80.0,40.0,540.0,105.0,0.9457258721431852,288,0.00021201991742632914,0.4556685610973818,0.016459201867594052,0.039220413195565636
2021,samples/sample_002021.npz,rectangular_body_002021,48,57,5,10,7,9,9,5,2,7,8,52.0,7.0,7.5,70.0,90.0,80.0,90.0,50.0,20.0,520.0,70.0,0.7810400138995637,90,9.287875798831151e-05,0.050452642209017406,0.003280065194670369,0.005967274685177217
2022,samples/sample_002022.npz,rectangular_body_002022,37,45,22,29,4,10,8,7,6,4,9,40.5,25.0,6.5,40.0,100.0,70.0,80.0,70.0,60.0,405.0,250.0,0.68192394480891,336,0.0006938293309846538,0.2149628884246046,0.015810181516613956,0.022092477877381292
2023,samples/sample_002023.npz,rectangular_body_002023,44,57,11,22,7,9,13,11,2,7,8,50.0,16.0,7.5,70.0,90.0,80.0,130.0,110.0,20.0,500.0,160.0,0.49807845988175903,286,0.0002608077750786287,0.08292567286072232,0.008083078116806336,0.0115993268120021
2024,samples/sample_002024.npz,rectangular_body_002024,49,53,18,28,3,7,4,10,4,3,6,50.5,22.5,4.5,30.0,70.0,50.0,40.0,100.0,40.0,505.0,225.0,0.259574535608379,160,6.063133566964194e-05,0.059238956255776146,0.0028298479141559553,0.00524674666790287
2025,samples/sample_002025.npz,rectangular_body_002025,11,21,14,22,3,10,10,8,7,3,9,15.5,17.5,6.0,30.0,100.0,65.0,100.0,80.0,70.0,155.0,175.0,0.9506650669441832,560,0.0009205136271735769,0.5212758062128893,0.034239177500312745,0.05533194986697531
2026,samples/sample_002026.npz,rectangular_body_002026,19,29,26,42,2,5,10,16,3,2,4,23.5,33.5,3.0,20.0,50.0,35.0,100.0,160.0,30.0,235.0,335.0,0.26101324434362194,480,0.00027318227784136966,0.148643891871457,0.009866425997421656,0.0167046177374607
2027,samples/sample_002027.npz,rectangular_body_002027,51,55,43,56,7,12,4,13,5,7,11,52.5,49.0,9.0,70.0,120.0,95.0,40.0,130.0,50.0,525.0,490.0,0.49606973292068357,260,0.0002372235810384841,0.06768609003794253,0.006437311758539234,0.00940764313578658
2028,samples/sample_002028.npz,rectangular_body_002028,53,62,19,24,5,9,9,5,4,5,8,57.0,21.0,6.5,50.0,90.0,70.0,90.0,50.0,40.0,570.0,210.0,0.3499839430909172,180,9.326638349682514e-05,0.05719195693154379,0.003317480613574606,0.005968379319588768
2029,samples/sample_002029.npz,rectangular_body_002029,24,32,8,17,2,4,8,9,2,2,3,27.5,12.0,2.5,20.0,40.0,30.0,80.0,90.0,20.0,275.0,120.0,0.6769895283211123,144,0.00010849883557799367,0.20275809670249204,0.007241606225799161,0.016066088293987056
2030,samples/sample_002030.npz,rectangular_body_002030,20,26,3,10,7,9,6,7,2,7,8,22.5,6.0,7.5,70.0,90.0,80.0,60.0,70.0,20.0,225.0,60.0,0.7038763845079075,84,0.00010160660989116012,0.04339055862107008,0.0030068264887330976,0.004958661904406506
2031,samples/sample_002031.npz,rectangular_body_002031,23,29,28,40,4,10,6,12,6,4,9,25.5,33.5,6.5,40.0,100.0,70.0,60.0,120.0,60.0,255.0,335.0,0.6254906321689369,432,0.0010988855132806436,0.2282815166009741,0.01898568813246717,0.025147993034359908
2032,samples/sample_002032.npz,rectangular_body_002032,8,16,27,43,7,14,8,16,7,7,13,11.5,34.5,10.0,70.0,140.0,105.0,80.0,160.0,70.0,115.0,345.0,0.4062397354595822,896,0.0011189613186497849,0.15074318619381671,0.019589983853877828,0.02292707863939171
2033,samples/sample_002033.npz,rectangular_body_002033,11,25,27,41,2,4,14,14,2,2,3,17.5,33.5,2.5,20.0,40.0,30.0,140.0,140.0,20.0,175.0,335.0,0.9189204612368531,392,0.0005409646840095006,0.4191631352736634,0.028062715188561942,0.05015692318406069
2034,samples/sample_002034.npz,rectangular_body_002034,5,15,13,25,5,8,10,12,3,5,7,9.5,18.5,6.0,50.0,80.0,65.0,100.0,120.0,30.0,95.0,185.0,0.630523251405396,360,0.00033385469800263504,0.18050970586736373,0.01325401949856679,0.02214220422297653
2035,samples/sample_002035.npz,rectangular_body_002035,15,24,20,35,7,9,9,15,2,7,8,19.0,27.0,7.5,70.0,90.0,80.0,90.0,150.0,20.0,190.0,270.0,0.6605338281982793,270,0.0005691621523404917,0.10292672092068093,0.011596962892606769,0.013982373625536448
2036,samples/sample_002036.npz,rectangular_body_002036,14,21,46,57,8,14,7,11,6,8,13,17.0,51.0,10.5,80.0,140.0,110.0,70.0,110.0,60.0,170.0,510.0,0.6249315437593759,462,0.0006846267695195199,0.12259416873788745,0.014426852797125798,0.018180314389842602
2037,samples/sample_002037.npz,rectangular_body_002037,46,52,6,21,5,12,6,15,7,5,11,48.5,13.0,8.0,50.0,120.0,85.0,60.0,150.0,70.0,485.0,130.0,0.6301474090830996,630,0.0007285247054729591,0.23772974958248977,0.02177021811086722,0.0319008218079849
2038,samples/sample_002038.npz,rectangular_body_002038,56,62,7,23,7,12,6,16,5,7,11,58.5,14.5,9.0,70.0,120.0,95.0,60.0,160.0,50.0,585.0,145.0,0.6222926585062829,480,0.00046586983331067973,0.14295012925871792,0.012487591423729608,0.019965487034313553
2039,samples/sample_002039.npz,rectangular_body_002039,34,40,25,33,2,4,6,8,2,2,3,36.5,28.5,2.5,20.0,40.0,30.0,60.0,80.0,20.0,365.0,285.0,0.5931467528545058,96,0.00011956584099693936,0.13934392066092155,0.004603120657393513,0.009665397805659604
2040,samples/sample_002040.npz,rectangular_body_002040,41,57,33,44,8,16,16,11,8,8,15,48.5,38.0,11.5,80.0,160.0,120.0,160.0,110.0,80.0,485.0,380.0,0.5150029512636036,1408,0.0025521434739490664,0.23896393023787635,0.03805661978671271,0.039033480305855434
2041,samples/sample_002041.npz,rectangular_body_002041,54,58,29,41,3,9,4,12,6,3,8,55.5,34.5,5.5,30.0,90.0,60.0,40.0,120.0,60.0,555.0,345.0,0.34980255584018105,288,0.0001656314974894642,0.11040656662039769,0.00601815045374857,0.010995528518273933
2042,samples/sample_002042.npz,rectangular_body_002042,26,30,49,59,3,8,4,10,5,3,7,27.5,53.5,5.0,30.0,80.0,55.0,40.0,100.0,50.0,275.0,535.0,0.6648764713542141,200,0.00021564522381067462,0.17228324698590664,0.008460226339624828,0.015741742455802628
2043,samples/sample_002043.npz,rectangular_body_002043,44,56,39,47,6,13,12,8,7,6,12,49.5,42.5,9.0,60.0,130.0,95.0,120.0,80.0,70.0,495.0,425.0,0.9090030048752797,672,0.0014905360984871577,0.3223060453388303,0.034338500834952976,0.04422848317448297
2044,samples/sample_002044.npz,rectangular_body_002044,51,55,57,62,2,7,4,5,5,2,6,52.5,59.0,4.0,20.0,70.0,45.0,40.0,50.0,50.0,525.0,590.0,0.9592608232102608,100,7.09071067605494e-05,0.2089695479224506,0.004828390193746218,0.01335619054225341
2045,samples/sample_002045.npz,rectangular_body_002045,32,45,17,32,6,13,13,15,7,6,12,38.0,24.0,9.0,60.0,130.0,95.0,130.0,150.0,70.0,380.0,240.0,0.6434117843119957,1365,0.003670115486441226,0.393106184570017,0.05524850979538455,0.05777916086200437
2046,samples/sample_002046.npz,rectangular_body_002046,50,55,35,51,3,11,5,16,8,3,10,52.0,42.5,6.5,30.0,110.0,70.0,50.0,160.0,80.0,520.0,425.0,0.6210946397087374,640,0.0006875976390638782,0.31879694650496493,0.023960950015428223,0.03782142526605123
2047,samples/sample_002047.npz,rectangular_body_002047,46,52,4,16,4,10,6,12,6,4,9,48.5,9.5,6.5,40.0,100.0,70.0,60.0,120.0,60.0,485.0,95.0,0.6167139989018404,432,0.0003723163542997187,0.2250783722038669,0.014692141662162633,0.025723995688094622
2048,samples/sample_002048.npz,rectangular_body_002048,46,56,40,49,3,8,10,9,5,3,7,50.5,44.0,5.0,30.0,80.0,55.0,100.0,90.0,50.0,505.0,440.0,0.5848022957792869,450,0.0003764769274592145,0.29254614549167796,0.017163030409017423,0.030268027331322032
2049,samples/sample_002049.npz,rectangular_body_002049,34,50,32,45,2,7,16,13,5,2,6,41.5,38.0,4.0,20.0,70.0,45.0,160.0,130.0,50.0,415.0,380.0,0.6633808207928482,1040,0.001432838779414703,0.6187977121320283,0.05159111612628626,0.07888862744695495
2050,samples/sample_002050.npz,rectangular_body_002050,31,39,12,17,2,7,8,5,5,2,6,34.5,14.0,4.0,20.0,70.0,45.0,80.0,50.0,50.0,345.0,140.0,0.2759653926537782,200,9.298537377895981e-05,0.10051146877370089,0.003968369414515441,0.007678451800599965
2051,samples/sample_002051.npz,rectangular_body_002051,2,16,8,21,8,16,14,13,8,8,15,8.5,14.0,11.5,80.0,160.0,120.0,140.0,130.0,80.0,85.0,140.0,0.5929302015879427,1456,0.0018295401022700598,0.2857779901029811,0.03652618966934892,0.04736388713691022
2052,samples/sample_002052.npz,rectangular_body_002052,31,35,47,61,3,9,4,14,6,3,8,32.5,53.5,5.5,30.0,90.0,60.0,40.0,140.0,60.0,325.0,535.0,0.9517328353786925,336,0.0006051822624365621,0.3239273520193744,0.019779041158983518,0.0341500991732153
2053,samples/sample_002053.npz,rectangular_body_002053,20,24,21,32,2,4,4,11,2,2,3,21.5,26.0,2.5,20.0,40.0,30.0,40.0,110.0,20.0,215.0,260.0,0.5387376691546925,88,7.350264272084054e-05,0.10719349664335281,0.0037729777280550193,0.007877255105003648
2054,samples/sample_002054.npz,rectangular_body_002054,9,25,9,16,2,9,16,7,7,2,8,16.5,12.0,5.0,20.0,90.0,55.0,160.0,70.0,70.0,165.0,120.0,0.5085988372205585,784,0.0005224195410987421,0.3947878624175747,0.025319817428726715,0.04474664363915225
2055,samples/sample_002055.npz,rectangular_body_002055,45,51,41,48,5,9,6,7,4,5,8,47.5,44.0,6.5,50.0,90.0,70.0,60.0,70.0,40.0,475.0,440.0,0.4600237368532767,168,0.0001488415849428057,0.0721772011847702,0.004924043089507382,0.007583939151183718
2056,samples/sample_002056.npz,rectangular_body_002056,4,19,27,40,6,10,15,13,4,6,9,11.0,33.0,7.5,60.0,100.0,80.0,150.0,130.0,40.0,110.0,330.0,0.7852833720872174,780,0.0015542251005653377,0.32794907526517175,0.03573432313459331,0.047714901438421026
2057,samples/sample_002057.npz,rectangular_body_002057,44,60,19,35,5,10,16,16,5,5,9,51.5,26.5,7.0,50.0,100.0,75.0,160.0,160.0,50.0,515.0,265.0,0.26388830533430796,1280,0.0007569702368720424,0.17572595979068623,0.02014807260212142,0.02695774210734904
2058,samples/sample_002058.npz,rectangular_body_002058,48,60,26,34,4,12,12,8,8,4,11,53.5,29.5,7.5,40.0,120.0,80.0,120.0,80.0,80.0,535.0,295.0,0.6569631460986269,768,0.001175641199681858,0.35433884957118666,0.02885328246103622,0.043030648142631106
2059,samples/sample_002059.npz,rectangular_body_002059,29,39,22,35,8,13,10,13,5,8,12,33.5,28.0,10.0,80.0,130.0,105.0,100.0,130.0,50.0,335.0,280.0,0.7930333899134734,650,0.0032529716110242437,0.2146556122545092,0.03205940818748318,0.030749104645529088
2060,samples/sample_002060.npz,rectangular_body_002060,48,52,35,47,6,9,4,12,3,6,8,49.5,40.5,7.0,60.0,90.0,75.0,40.0,120.0,30.0,495.0,405.0,0.5336622887640147,144,0.0001629211867002179,0.05731725325897847,0.0047607360648498805,0.006864235230585659
2061,samples/sample_002061.npz,rectangular_body_002061,17,26,5,15,8,16,9,10,8,8,15,21.0,9.5,11.5,80.0,160.0,120.0,90.0,100.0,80.0,210.0,95.0,0.2557511576245274,720,0.0004819154747918528,0.06899631596695893,0.008695265530943795,0.010499223728039778
2062,samples/sample_002062.npz,rectangular_body_002062,32,46,43,57,3,6,14,14,3,3,5,38.5,49.5,4.0,30.0,60.0,45.0,140.0,140.0,30.0,385.0,495.0,0.6064695504938453,588,0.0005338259156231053,0.32597602003335086,0.024958274446638264,0.04136762482595724
2063,samples/sample_002063.npz,rectangular_body_002063,2,14,12,19,8,14,12,7,6,8,13,7.5,15.0,10.5,80.0,140.0,110.0,120.0,70.0,60.0,75.0,150.0,0.42948754453628396,504,0.00042348461394334735,0.09016636729956354,0.009489263169420302,0.013309159946999922
2064,samples/sample_002064.npz,rectangular_body_002064,3,19,41,53,8,12,16,12,4,8,11,10.5,46.5,9.5,80.0,120.0,100.0,160.0,120.0,40.0,105.0,465.0,0.6496273346764132,768,0.0010377506008712495,0.20052391192376662,0.02469595273321369,0.03228336758337963
2065,samples/sample_002065.npz,rectangular_body_002065,33,44,38,49,2,5,11,11,3,2,4,38.0,43.0,3.0,20.0,50.0,35.0,110.0,110.0,30.0,380.0,430.0,0.6860182643096225,363,0.00039693667426118434,0.35904979015854077,0.019261157245170992,0.035402095901515176
2066,samples/sample_002066.npz,rectangular_body_002066,39,43,21,34,3,11,4,13,8,3,10,40.5,27.0,6.5,30.0,110.0,70.0,40.0,130.0,80.0,405.0,270.0,0.3699985804696356,416,0.0005004941052968165,0.13991441939932903,0.010674867654884382,0.014743059341165028
2067,samples/sample_002067.npz,rectangular_body_002067,28,44,28,39,7,13,16,11,6,7,12,35.5,33.0,9.5,70.0,130.0,100.0,160.0,110.0,60.0,355.0,330.0,0.8255103278739029,1056,0.005329362214011663,0.36476080013269907,0.05505967759475475,0.05353068829169545
2068,samples/sample_002068.npz,rectangular_body_002068,41,55,15,25,5,10,14,10,5,5,9,47.5,19.5,7.0,50.0,100.0,75.0,140.0,100.0,50.0,475.0,195.0,0.3436349254621354,700,0.0005030036814741905,0.15540759806225868,0.014919436774792827,0.020689248629493864
2069,samples/sample_002069.npz,rectangular_body_002069,9,23,34,50,5,9,14,16,4,5,8,15.5,41.5,6.5,50.0,90.0,70.0,140.0,160.0,40.0,155.0,415.0,0.49576777186536547,896,0.0009396252746679747,0.25986589839075164,0.028323629580172805,0.037950900431452
2070,samples/sample_002070.npz,rectangular_body_002070,46,56,22,26,5,7,10,4,2,5,6,50.5,23.5,5.5,50.0,70.0,60.0,100.0,40.0,20.0,505.0,235.0,0.22264887093531743,80,3.1195878440805436e-05,0.019108504159359503,0.0011599626024622561,0.0019369258361778838
2071,samples/sample_002071.npz,rectangular_body_002071,49,58,29,39,7,14,9,10,7,7,13,53.0,33.5,10.0,70.0,140.0,105.0,90.0,100.0,70.0,530.0,335.0,0.8017312260123721,630,0.0015002114644577036,0.2328235551988439,0.026441678074303723,0.03286650753323393
2072,samples/sample_002072.npz,rectangular_body_002072,17,31,4,20,7,11,14,16,4,7,10,23.5,11.5,8.5,70.0,110.0,90.0,140.0,160.0,40.0,235.0,115.0,0.968476061904014,896,0.00208286242329185,0.383517372831639,0.048154317066115365,0.06035950795702893
2073,samples/sample_002073.npz,rectangular_body_002073,39,46,6,17,8,13,7,11,5,8,12,42.0,11.0,10.0,80.0,130.0,105.0,70.0,110.0,50.0,420.0,110.0,0.24694595272674108,385,0.00023505720410682418,0.04294958221085491,0.004914252225567088,0.006197654491106388
2074,samples/sample_002074.npz,rectangular_body_002074,49,53,15,28,5,11,4,13,6,5,10,50.5,21.0,7.5,50.0,110.0,80.0,40.0,130.0,60.0,505.0,210.0,0.6615860992239374,312,0.00042637711294808673,0.144100685723382,0.012255984211905232,0.017658781152775953
2075,samples/sample_002075.npz,rectangular_body_002075,13,27,14,28,3,5,14,14,2,3,4,19.5,20.5,3.5,30.0,50.0,40.0,140.0,140.0,20.0,195.0,205.0,0.415010975777686,392,0.00024349395850451733,0.16045969365737803,0.012078573734345843,0.019904100385578247
2076,samples/sample_002076.npz,rectangular_body_002076,49,55,55,62,4,9,6,7,5,4,8,51.5,58.0,6.0,40.0,90.0,65.0,60.0,70.0,50.0,515.0,580.0,0.9706942956985218,210,0.00021574160510044786,0.2194600654223832,0.009693152069811093,0.0207808235370191
2077,samples/sample_002077.npz,rectangular_body_002077,11,25,45,57,4,8,14,12,4,4,7,17.5,50.5,5.5,40.0,80.0,60.0,140.0,120.0,40.0,175.0,505.0,0.9530688992712844,672,0.0009484143048307339,0.49548598043136205,0.04005006141185111,0.06437836274097282
2078,samples/sample_002078.npz,rectangular_body_002078,15,25,55,61,2,9,10,6,7,2,8,19.5,57.5,5.0,20.0,90.0,55.0,100.0,60.0,70.0,195.0,575.0,0.4202769161515225,420,0.0002017739009184467,0.2329082603688859,0.009823099916617742,0.020828814761403868
2079,samples/sample_002079.npz,rectangular_body_002079,16,31,29,45,4,7,15,16,3,4,6,23.0,36.5,5.0,40.0,70.0,55.0,150.0,160.0,30.0,230.0,365.0,0.5902673014223667,720,0.0011692793250912257,0.29840249345119807,0.03088559045280615,0.04133151912065763
2080,samples/sample_002080.npz,rectangular_body_002080,35,40,30,39,5,10,5,9,5,5,9,37.0,34.0,7.0,50.0,100.0,75.0,50.0,90.0,50.0,370.0,340.0,0.6369228003967475,225,0.0006158451892551856,0.11963511127411747,0.00990945336483835,0.012788019502720504
2081,samples/sample_002081.npz,rectangular_body_002081,3,15,53,62,7,13,12,9,6,7,12,8.5,57.0,9.5,70.0,130.0,100.0,120.0,90.0,60.0,85.0,570.0,0.6976198076471145,648,0.0006597851026422781,0.21316089205776284,0.017449295905451974,0.029418816200502823
2082,samples/sample_002082.npz,rectangular_body_002082,4,18,17,31,8,13,14,14,5,8,12,10.5,23.5,10.0,80.0,130.0,105.0,140.0,140.0,50.0,105.0,235.0,0.9095452620510791,980,0.0023363942985172737,0.339230462014364,0.04577930426084478,0.05459247043980585
2083,samples/sample_002083.npz,rectangular_body_002083,48,61,13,26,6,11,13,13,5,6,10,54.0,19.0,8.0,60.0,110.0,85.0,130.0,130.0,50.0,540.0,190.0,0.21240344480514795,845,0.0003308505659013744,0.09481529436231069,0.00943629787359572,0.013667170037270382
2084,samples/sample_002084.npz,rectangular_body_002084,4,10,38,54,5,10,6,16,5,5,9,6.5,45.5,7.0,50.0,100.0,75.0,60.0,160.0,50.0,65.0,455.0,0.9050998979801967,480,0.0006356608718029125,0.28831997282795585,0.02217655901113102,0.03721694517243379
2085,samples/sample_002085.npz,rectangular_body_002085,15,27,10,21,7,10,12,11,3,7,9,20.5,15.0,8.0,70.0,100.0,85.0,120.0,110.0,30.0,205.0,150.0,0.5993634365617784,396,0.0005582937052962035,0.13133076118202383,0.014140248231510602,0.018296139366281435
2086,samples/sample_002086.npz,rectangular_body_002086,23,34,43,54,8,10,11,11,2,8,9,28.0,48.0,8.5,80.0,100.0,90.0,110.0,110.0,20.0,280.0,480.0,0.9421596825236271,242,0.000703799528560561,0.11850009179172637,0.013717589478074364,0.016537089540873372
2087,samples/sample_002087.npz,rectangular_body_002087,8,21,27,37,8,10,13,10,2,8,9,14.0,31.5,8.5,80.0,100.0,90.0,130.0,100.0,20.0,140.0,315.0,0.5581355270480963,260,0.0004763544811720196,0.0735553944487995,0.008615376359731237,0.01045641388597349
2088,samples/sample_002088.npz,rectangular_body_002088,12,22,21,35,3,5,10,14,2,3,4,16.5,27.5,3.5,30.0,50.0,40.0,100.0,140.0,20.0,165.0,275.0,0.2907164043790002,280,0.0001359168047176529,0.09527804922686131,0.006065223353755226,0.010465090343871912
2089,samples/sample_002089.npz,rectangular_body_002089,38,43,49,54,3,7,5,5,4,3,6,40.0,51.0,4.5,30.0,70.0,50.0,50.0,50.0,40.0,400.0,510.0,0.9915373658007025,100,0.00014399238342860184,0.17012332965223165,0.006725256068713742,0.013017468196197701
2090,samples/sample_002090.npz,rectangular_body_002090,6,12,15,31,7,14,6,16,7,7,13,8.5,22.5,10.0,70.0,140.0,105.0,60.0,160.0,70.0,85.0,225.0,0.2182416376574824,672,0.00034551186768821637,0.062272127173008895,0.0072374856662382,0.00934513468513535
2091,samples/sample_002091.npz,rectangular_body_002091,25,38,54,62,8,12,13,8,4,8,11,31.0,57.5,9.5,80.0,120.0,100.0,130.0,80.0,40.0,310.0,575.0,0.4074988764169234,416,0.00042062041953891296,0.07742506915302477,0.00794012113318596,0.010882020055829604
2092,samples/sample_002092.npz,rectangular_body_002092,12,24,28,41,2,8,12,13,6,2,7,17.5,34.0,4.5,20.0,80.0,50.0,120.0,130.0,60.0,175.0,340.0,0.7705532392128134,936,0.001569524629426887,0.7105141504933424,0.052212870509774516,0.08249815418262703
2093,samples/sample_002093.npz,rectangular_body_002093,18,22,3,16,3,5,4,13,2,3,4,19.5,9.0,3.5,30.0,50.0,40.0,40.0,130.0,20.0,195.0,90.0,0.2419476940637126,104,2.5197165331640867e-05,0.038793314166740964,0.00163826925584612,0.0034908083381679084
2094,samples/sample_002094.npz,rectangular_body_002094,32,48,12,21,2,5,16,9,3,2,4,39.5,16.0,3.0,20.0,50.0,35.0,160.0,90.0,30.0,395.0,160.0,0.7068334836798278,432,0.00039813275274767554,0.3814557029051707,0.022924330392842616,0.04170533222496991
2095,samples/sample_002095.npz,rectangular_body_002095,28,35,38,49,8,13,7,11,5,8,12,31.0,43.0,10.0,80.0,130.0,105.0,70.0,110.0,50.0,310.0,430.0,0.8128654721605102,385,0.00147025679558836,0.14137601284613993,0.018818504146231457,0.0196359454276991
2096,samples/sample_002096.npz,rectangular_body_002096,28,33,28,33,4,9,5,5,5,4,8,30.0,30.0,6.0,40.0,90.0,65.0,50.0,50.0,50.0,300.0,300.0,0.5389766518683654,125,0.0003191295682444168,0.078836105428786,0.004863937290047784,0.007021549304206612
2097,samples/sample_002097.npz,rectangular_body_002097,47,52,23,31,4,12,5,8,8,4,11,49.0,26.5,7.5,40.0,120.0,80.0,50.0,80.0,80.0,490.0,265.0,0.24531730467413626,320,0.0001994958323469857,0.06644444333243599,0.004891651588037732,0.007018640306172813
2098,samples/sample_002098.npz,rectangular_body_002098,25,40,25,34,4,10,15,9,6,4,9,32.0,29.0,6.5,40.0,100.0,70.0,150.0,90.0,60.0,320.0,290.0,0.5806386144490756,810,0.002402664803683984,0.33627032578899474,0.033215008271998005,0.04144935402485432
2099,samples/sample_002099.npz,rectangular_body_002099,51,58,28,36,6,10,7,8,4,6,9,54.0,31.5,7.5,60.0,100.0,80.0,70.0,80.0,40.0,540.0,315.0,0.7482604024472159,224,0.0004005776405039694,0.12176556880430706,0.009512076683413424,0.014313060248742538
2100,samples/sample_002100.npz,rectangular_body_002100,30,45,42,58,7,12,15,16,5,7,11,37.0,49.5,9.0,70.0,120.0,95.0,150.0,160.0,50.0,370.0,495.0,0.9882838545418497,1200,0.003442247680665747,0.4848242760878142,0.06750515217612614,0.07779955805843039
2101,samples/sample_002101.npz,rectangular_body_002101,30,37,47,60,7,9,7,13,2,7,8,33.0,53.0,7.5,70.0,90.0,80.0,70.0,130.0,20.0,330.0,530.0,0.4706511898473251,182,0.00020769108775300883,0.054072933319981975,0.004916872310389106,0.007002151492050125
2102,samples/sample_002102.npz,rectangular_body_002102,7,16,20,24,7,15,9,4,8,7,14,11.0,21.5,10.5,70.0,150.0,110.0,90.0,40.0,80.0,110.0,215.0,0.2983595759619577,288,0.0002225405301221597,0.04039159068814037,0.004398410033470557,0.00553917914261136
2103,samples/sample_002103.npz,rectangular_body_002103,9,19,25,37,4,10,10,12,6,4,9,13.5,30.5,6.5,40.0,100.0,70.0,100.0,120.0,60.0,135.0,305.0,0.7026880208260515,720,0.001274651636965028,0.3852143136744753,0.032514896253295913,0.04692442468708268
2104,samples/sample_002104.npz,rectangular_body_002104,31,42,22,37,7,15,11,15,8,7,14,36.0,29.0,10.5,70.0,150.0,110.0,110.0,150.0,80.0,360.0,290.0,0.9468366552895402,1320,0.007667827098787767,0.4797698114554718,0.07612481458928136,0.07084531635009489
2105,samples/sample_002105.npz,rectangular_body_002105,3,16,41,48,4,8,13,7,4,4,7,9.0,44.0,5.5,40.0,80.0,60.0,130.0,70.0,40.0,90.0,440.0,0.9714716042628835,364,0.00048533038748040493,0.3320381039791715,0.020883543632953538,0.03711441238893802
2106,samples/sample_002106.npz,rectangular_body_002106,31,43,43,54,7,14,12,11,7,7,13,36.5,48.0,10.0,70.0,140.0,105.0,120.0,110.0,70.0,365.0,480.0,0.4522548565524718,924,0.0013958361753277674,0.17941476487120903,0.02367884834761103,0.026462613458017824
2107,samples/sample_002107.npz,rectangular_body_002107,46,60,20,27,6,8,14,7,2,6,7,52.5,23.0,6.5,60.0,80.0,70.0,140.0,70.0,20.0,525.0,230.0,0.9070875824990989,196,0.00032689389932857263,0.13000303113588704,0.010569798925083435,0.016231241805959647
2108,samples/sample_002108.npz,rectangular_body_002108,42,51,3,18,2,4,9,15,2,2,3,46.0,10.0,2.5,20.0,40.0,30.0,90.0,150.0,20.0,460.0,100.0,0.2049772277530309,270,4.305329856763521e-05,0.0793646408961487,0.0037895724571471888,0.008252241470019654
2109,samples/sample_002109.npz,rectangular_body_002109,13,17,49,60,7,10,4,11,3,7,9,14.5,54.0,8.0,70.0,100.0,85.0,40.0,110.0,30.0,145.0,540.0,0.9944422502890022,132,0.00021304526891323348,0.0834584391137871,0.006655145566116537,0.010605287113222011
2110,samples/sample_002110.npz,rectangular_body_002110,40,56,26,38,4,12,16,12,8,4,11,47.5,31.5,7.5,40.0,120.0,80.0,160.0,120.0,80.0,475.0,315.0,0.7707137635231185,1536,0.003769150815532035,0.6659055337430986,0.07456350317820136,0.09403321444227514
2111,samples/sample_002111.npz,rectangular_body_002111,13,21,27,32,5,9,8,5,4,5,8,16.5,29.0,6.5,50.0,90.0,70.0,80.0,50.0,40.0,165.0,290.0,0.7762631840394283,160,0.00033832242045893915,0.11545775318086055,0.008284403339476904,0.012014928512274124
2112,samples/sample_002112.npz,rectangular_body_002112,40,47,12,21,2,5,7,9,3,2,4,43.0,16.0,3.0,20.0,50.0,35.0,70.0,90.0,30.0,430.0,160.0,0.4252073139484247,189,9.311345802039063e-05,0.15806652862327217,0.005982412898661383,0.012447654713486104
2113,samples/sample_002113.npz,rectangular_body_002113,3,8,49,55,3,10,5,6,7,3,9,5.0,51.5,6.0,30.0,100.0,65.0,50.0,60.0,70.0,50.0,515.0,0.7567653124627363,210,0.00016780218205669127,0.19658016142288437,0.007630662477721162,0.016858227553943908
2114,samples/sample_002114.npz,rectangular_body_002114,36,46,23,34,3,5,10,11,2,3,4,40.5,28.0,3.5,30.0,50.0,40.0,100.0,110.0,20.0,405.0,280.0,0.3129572779072062,220,0.000149780459698621,0.09243799845141756,0.005311672451983416,0.009137813619532614
2115,samples/sample_002115.npz,rectangular_body_002115,2,6,34,41,2,9,4,7,7,2,8,3.5,37.0,5.0,20.0,90.0,55.0,40.0,70.0,70.0,35.0,370.0,0.31258922510456594,196,7.607295899823067e-05,0.09980909815507719,0.0032107284177263704,0.007262045353102547
2116,samples/sample_002116.npz,rectangular_body_002116,12,18,27,43,4,11,6,16,7,4,10,14.5,34.5,7.0,40.0,110.0,75.0,60.0,160.0,70.0,145.0,345.0,0.949756327399125,672,0.0016707936065612447,0.44138273663095706,0.040770078431509246,0.05558172085383609
2117,samples/sample_002117.npz,rectangular_body_002117,25,32,49,55,7,11,7,6,4,7,10,28.0,51.5,8.5,70.0,110.0,90.0,70.0,60.0,40.0,280.0,515.0,0.4356873043010698,168,0.00019503735564632715,0.045502928904303325,0.004199439165134336,0.005655162769135639
2118,samples/sample_002118.npz,rectangular_body_002118,50,57,32,44,8,14,7,12,6,8,13,53.0,37.5,10.5,80.0,140.0,110.0,70.0,120.0,60.0,530.0,375.0,0.6405384446415214,504,0.0009002168912278071,0.13447426981662108,0.01641655124450541,0.019879148004642713
2119,samples/sample_002119.npz,rectangular_body_002119,8,19,26,42,2,5,11,16,3,2,4,13.0,33.5,3.0,20.0,50.0,35.0,110.0,160.0,30.0,130.0,335.0,0.27205767303537665,528,0.00019891413704378424,0.16304620005182105,0.010548835575391893,0.019153927785858303
2120,samples/sample_002120.npz,rectangular_body_002120,24,36,28,36,5,10,12,8,5,5,9,29.5,31.5,7.0,50.0,100.0,75.0,120.0,80.0,50.0,295.0,315.0,0.8324406271333853,480,0.0022456208506593696,0.2867748379393138,0.027781335986621213,0.034097135503682145
2121,samples/sample_002121.npz,rectangular_body_002121,34,41,38,50,4,12,7,12,8,4,11,37.0,43.5,7.5,40.0,120.0,80.0,70.0,120.0,80.0,370.0,435.0,0.6692349769095298,672,0.0014039649040632875,0.32458879420952075,0.029430310429552513,0.0381192940562193
2122,samples/sample_002122.npz,rectangular_body_002122,41,51,42,51,3,10,10,9,7,3,9,45.5,46.0,6.0,30.0,100.0,65.0,100.0,90.0,70.0,455.0,460.0,0.42315411652535667,630,0.00048433902529662674,0.253525823224825,0.01738482747102735,0.02742019681631202
2123,samples/sample_002123.npz,rectangular_body_002123,9,24,46,56,3,11,15,10,8,3,10,16.0,50.5,6.5,30.0,110.0,70.0,150.0,100.0,80.0,160.0,505.0,0.4997494575803891,1200,0.0009619444899690809,0.43313227076608374,0.03557776707271178,0.0560582871798563
2124,samples/sample_002124.npz,rectangular_body_002124,30,44,57,61,6,10,14,4,4,6,9,36.5,58.5,7.5,60.0,100.0,80.0,140.0,40.0,40.0,365.0,585.0,0.9537069704968393,224,0.0003820459148893289,0.13923885807158456,0.010420736080836518,0.016955525701488925
2125,samples/sample_002125.npz,rectangular_body_002125,39,51,41,55,4,7,12,14,3,4,6,44.5,47.5,5.0,40.0,70.0,55.0,120.0,140.0,30.0,445.0,475.0,0.25910834251525633,504,0.00020520830081454598,0.10882674008912382,0.008736550727645162,0.013771702471998977
2126,samples/sample_002126.npz,rectangular_body_002126,33,47,49,54,7,15,14,5,8,7,14,39.5,51.0,10.5,70.0,150.0,110.0,140.0,50.0,80.0,395.0,510.0,0.6053609243614719,560,0.0009612490195659836,0.14385683882674394,0.017855559300877455,0.021128886319628698
2127,samples/sample_002127.npz,rectangular_body_002127,21,37,44,57,7,15,16,13,8,7,14,28.5,50.0,10.5,70.0,150.0,110.0,160.0,130.0,80.0,285.0,500.0,0.39785061973801916,1664,0.002257230100883386,0.24010692873719072,0.035687476066066946,0.03874156857563108
2128,samples/sample_002128.npz,rectangular_body_002128,26,31,21,32,6,10,5,11,4,6,9,28.0,26.0,7.5,60.0,100.0,80.0,50.0,110.0,40.0,280.0,260.0,0.4618306605479052,220,0.0004444628743596453,0.07131609084368218,0.006882274998586978,0.008346065223585254
2129,samples/sample_002129.npz,rectangular_body_002129,31,45,28,41,7,11,14,13,4,7,10,37.5,34.0,8.5,70.0,110.0,90.0,140.0,130.0,40.0,375.0,340.0,0.6607710660882689,728,0.0023896468923897828,0.2278420669770453,0.031276901449307004,0.0327364357869123
2130,samples/sample_002130.npz,rectangular_body_002130,24,28,30,36,8,11,4,6,3,8,10,25.5,32.5,9.0,80.0,110.0,95.0,40.0,60.0,30.0,255.0,325.0,0.9596526355764419,72,0.0003715540569345441,0.039972445622048165,0.004448781877909145,0.004890506669787444
2131,samples/sample_002131.npz,rectangular_body_002131,9,13,34,49,5,11,4,15,6,5,10,10.5,41.0,7.5,50.0,110.0,80.0,40.0,150.0,60.0,105.0,410.0,0.8091420310006388,360,0.0005776468871803429,0.1917112761405382,0.01674744472184571,0.024490367979851387
2132,samples/sample_002132.npz,rectangular_body_002132,54,58,3,16,7,12,4,13,5,7,11,55.5,9.0,9.0,70.0,120.0,95.0,40.0,130.0,50.0,555.0,90.0,0.7851958892368851,260,0.0003007609362452329,0.10713582460048841,0.008578714601983544,0.014449007217542676
2133,samples/sample_002133.npz,rectangular_body_002133,17,29,20,25,2,8,12,5,6,2,7,22.5,22.0,4.5,20.0,80.0,50.0,120.0,50.0,60.0,225.0,220.0,0.33256880359283003,360,0.000247578485381038,0.16373905878076028,0.008793727944107339,0.01483149306304113
2134,samples/sample_002134.npz,rectangular_body_002134,6,11,13,29,5,13,5,16,8,5,12,8.0,20.5,8.5,50.0,130.0,90.0,50.0,160.0,80.0,80.0,205.0,0.9498287964938017,640,0.001173116740436928,0.3386085175166307,0.03127438990272528,0.04581880554566034
2135,samples/sample_002135.npz,rectangular_body_002135,45,52,29,33,8,16,7,4,8,8,15,48.0,30.5,11.5,80.0,160.0,120.0,70.0,40.0,80.0,480.0,305.0,0.5233028864688118,224,0.0004837798085019451,0.04812611597464814,0.006355449778941366,0.006754398255894767
2136,samples/sample_002136.npz,rectangular_body_002136,7,18,42,57,7,10,11,15,3,7,9,12.0,49.0,8.0,70.0,100.0,85.0,110.0,150.0,30.0,120.0,490.0,0.4304178413320874,495,0.00037584795371993496,0.10996686470040846,0.01130367075304881,0.016304436857165493
2137,samples/sample_002137.npz,rectangular_body_002137,4,15,28,36,7,13,11,8,6,7,12,9.0,31.5,9.5,70.0,130.0,100.0,110.0,80.0,60.0,90.0,315.0,0.6710560536475829,528,0.0010236709791908774,0.17308657192174773,0.018431106140250522,0.02396598808164535
2138,samples/sample_002138.npz,rectangular_body_002138,44,59,27,40,2,7,15,13,5,2,6,51.0,33.0,4.0,20.0,70.0,45.0,150.0,130.0,50.0,510.0,330.0,0.8375507043161392,975,0.0013458898050396303,0.7639137577488041,0.056346385564817685,0.09583531228460646
2139,samples/sample_002139.npz,rectangular_body_002139,34,46,45,61,4,7,12,16,3,4,6,39.5,52.5,5.0,40.0,70.0,55.0,120.0,160.0,30.0,395.0,525.0,0.45810059448519597,576,0.0004050011608187807,0.20485660121808674,0.016662515240326962,0.027102768946136495
2140,samples/sample_002140.npz,rectangular_body_002140,20,32,5,10,5,11,12,5,6,5,10,25.5,7.0,7.5,50.0,110.0,80.0,120.0,50.0,60.0,255.0,70.0,0.41720108926833355,360,0.00028703619522564886,0.10664360837208384,0.008021869247650878,0.012680788160007759
2141,samples/sample_002141.npz,rectangular_body_002141,3,9,17,31,5,11,6,14,6,5,10,5.5,23.5,7.5,50.0,110.0,80.0,60.0,140.0,60.0,55.0,235.0,0.6108210846789773,504,0.0005322726477044103,0.2022496260580549,0.015473115905734983,0.02505237060442838
2142,samples/sample_002142.npz,rectangular_body_002142,10,25,21,30,5,13,15,9,8,5,12,17.0,25.0,8.5,50.0,130.0,90.0,150.0,90.0,80.0,170.0,250.0,0.6553129827622596,1080,0.0021553833597390483,0.3783532870262074,0.043276195000371456,0.05203212137416419
2143,samples/sample_002143.npz,rectangular_body_002143,35,46,29,40,2,6,11,11,4,2,5,40.0,34.0,3.5,20.0,60.0,40.0,110.0,110.0,40.0,400.0,340.0,0.466197000406058,484,0.000520421839642459,0.29763754730332215,0.017454820940145846,0.029929905482766302
2144,samples/sample_002144.npz,rectangular_body_002144,18,25,27,36,6,11,7,9,5,6,10,21.0,31.0,8.0,60.0,110.0,85.0,70.0,90.0,50.0,210.0,310.0,0.37697227418838974,315,0.0004892612428582026,0.07842700706123859,0.007760788147656296,0.009377410664883026
2145,samples/sample_002145.npz,rectangular_body_002145,42,50,40,52,7,11,8,12,4,7,10,45.5,45.5,8.5,70.0,110.0,90.0,80.0,120.0,40.0,455.0,455.0,0.23751819907955873,384,0.0002219684830832451,0.04971015285690258,0.0053577449653245,0.0068200267162388875
2146,samples/sample_002146.npz,rectangular_body_002146,31,39,9,25,5,10,8,16,5,5,9,34.5,16.5,7.0,50.0,100.0,75.0,80.0,160.0,50.0,345.0,165.0,0.7389137296133574,640,0.0013637590870752506,0.3017744438030773,0.030633275794510244,0.0398582746125011
2147,samples/sample_002147.npz,rectangular_body_002147,35,43,42,55,4,9,8,13,5,4,8,38.5,48.0,6.0,40.0,90.0,65.0,80.0,130.0,50.0,385.0,480.0,0.4043210379797393,520,0.0004462583970877496,0.17669648776247476,0.013872558860505216,0.020665240889944918
2148,samples/sample_002148.npz,rectangular_body_002148,33,45,36,48,3,9,12,12,6,3,8,38.5,41.5,5.5,30.0,90.0,60.0,120.0,120.0,60.0,385.0,415.0,0.718146036702916,864,0.001580395736084359,0.5301989665499253,0.04398019364544476,0.0629504935969953
2149,samples/sample_002149.npz,rectangular_body_002149,21,33,15,25,5,7,12,10,2,5,6,26.5,19.5,5.5,50.0,70.0,60.0,120.0,100.0,20.0,265.0,195.0,0.8835026780340607,240,0.0005353123683998311,0.18321981416137953,0.014933396036588654,0.021424179715669445
2150,samples/sample_002150.npz,rectangular_body_002150,54,61,58,62,4,6,7,4,2,4,5,57.0,59.5,4.5,40.0,60.0,50.0,70.0,40.0,20.0,570.0,595.0,0.563802241767984,56,2.244194752521967e-05,0.04862703818397031,0.0013283050038183674,0.0037193521101891547
2151,samples/sample_002151.npz,rectangular_body_002151,11,25,49,56,8,10,14,7,2,8,9,17.5,52.0,8.5,80.0,100.0,90.0,140.0,70.0,20.0,175.0,520.0,0.7350120649751781,196,0.0002845200973315779,0.07506440988282145,0.007700822134854207,0.010709552864211838
2152,samples/sample_002152.npz,rectangular_body_002152,47,57,4,19,5,11,10,15,6,5,10,51.5,11.0,7.5,50.0,110.0,80.0,100.0,150.0,60.0,515.0,110.0,0.7823972872129861,900,0.00106344003358395,0.41465664358001353,0.03615445420199644,0.05789602253955184
2153,samples/sample_002153.npz,rectangular_body_002153,10,20,38,44,6,8,10,6,2,6,7,14.5,40.5,6.5,60.0,80.0,70.0,100.0,60.0,20.0,145.0,405.0,0.3300266961700229,120,8.233887689605854e-05,0.033040252045739515,0.002532473857630974,0.0037590326925537416
2154,samples/sample_002154.npz,rectangular_body_002154,2,7,11,17,3,10,5,6,7,3,9,4.0,13.5,6.0,30.0,100.0,65.0,50.0,60.0,70.0,40.0,135.0,0.5743675124343517,210,0.0001300733445728669,0.14919983716327825,0.005706164349479876,0.012540693614165023
2155,samples/sample_002155.npz,rectangular_body_002155,14,23,12,28,4,8,9,16,4,4,7,18.0,19.5,5.5,40.0,80.0,60.0,90.0,160.0,40.0,180.0,195.0,0.7969257975471169,576,0.0008698811549742666,0.3653141946318534,0.031022712444738823,0.045802085837063695
2156,samples/sample_002156.npz,rectangular_body_002156,5,9,6,20,7,12,4,14,5,7,11,6.5,12.5,9.0,70.0,120.0,95.0,40.0,140.0,50.0,65.0,125.0,0.42448511982238596,280,0.00018664000725294885,0.06085828544371409,0.005204960599757034,0.008382498056730716
2157,samples/sample_002157.npz,rectangular_body_002157,21,27,38,51,2,10,6,13,8,2,9,23.5,44.0,5.5,20.0,100.0,60.0,60.0,130.0,80.0,235.0,440.0,0.822644091562027,624,0.001141239090374416,0.5520122279738191,0.03584843935380994,0.0559844861793839
2158,samples/sample_002158.npz,rectangular_body_002158,39,51,37,53,3,7,12,16,4,3,6,44.5,44.5,4.5,30.0,70.0,50.0,120.0,160.0,40.0,445.0,445.0,0.8885141123293743,768,0.0010997158843962624,0.579785865575617,0.04779582174614231,0.07466351300488165
2159,samples/sample_002159.npz,rectangular_body_002159,10,24,4,13,8,16,14,9,8,8,15,16.5,8.0,11.5,80.0,160.0,120.0,140.0,90.0,80.0,165.0,80.0,0.3291555747970695,1008,0.0007367415646385154,0.11651524801524651,0.014428810720813251,0.018543104714009894
2160,samples/sample_002160.npz,rectangular_body_002160,8,19,35,46,8,15,11,11,7,8,14,13.0,40.0,11.0,80.0,150.0,115.0,110.0,110.0,70.0,130.0,400.0,0.9883395597154967,847,0.002528638153827509,0.3173080853673193,0.04363052070241471,0.048892162449361835
2161,samples/sample_002161.npz,rectangular_body_002161,33,46,46,52,2,6,13,6,4,2,5,39.0,48.5,3.5,20.0,60.0,40.0,130.0,60.0,40.0,390.0,485.0,0.8026836003662081,312,0.00034520175350576755,0.37501861978508466,0.018274933386614407,0.03465699853540612
2162,samples/sample_002162.npz,rectangular_body_002162,8,18,5,13,3,10,10,8,7,3,9,12.5,8.5,6.0,30.0,100.0,65.0,100.0,80.0,70.0,125.0,85.0,0.28761488156140413,560,0.0001938637268655095,0.15770715293665288,0.008712465182444565,0.01679169408869702
2163,samples/sample_002163.npz,rectangular_body_002163,46,61,24,30,6,9,15,6,3,6,8,53.0,26.5,7.0,60.0,90.0,75.0,150.0,60.0,30.0,530.0,265.0,0.23704015571428574,270,0.00013472942369835517,0.04263349892745209,0.0037163544475574102,0.005483940384025277
2164,samples/sample_002164.npz,rectangular_body_002164,26,32,32,36,3,11,6,4,8,3,10,28.5,33.5,6.5,30.0,110.0,70.0,60.0,40.0,80.0,285.0,335.0,0.7843924922667898,192,0.0006897289017517524,0.1750288739966978,0.010681202242980109,0.015216271612058282
2165,samples/sample_002165.npz,rectangular_body_002165,7,19,58,62,2,8,12,4,6,2,7,12.5,59.5,4.5,20.0,80.0,50.0,120.0,40.0,60.0,125.0,595.0,0.814163423198957,288,0.00019599861820897112,0.3282629657450651,0.011470732874307197,0.028135876850378445
2166,samples/sample_002166.npz,rectangular_body_002166,9,25,5,9,3,8,16,4,5,3,7,16.5,6.5,5.0,30.0,80.0,55.0,160.0,40.0,50.0,165.0,65.0,0.33673150070809077,320,0.00011841200664451746,0.10936124506637626,0.006035866424973683,0.01192055572337401
2167,samples/sample_002167.npz,rectangular_body_002167,3,12,45,55,4,10,9,10,6,4,9,7.0,49.5,6.5,40.0,100.0,70.0,90.0,100.0,60.0,70.0,495.0,0.45260434797916443,540,0.00030811881144200074,0.20440907719602858,0.01246708640181019,0.023252076591890106
2168,samples/sample_002168.npz,rectangular_body_002168,39,50,43,47,3,5,11,4,2,3,4,44.0,44.5,3.5,30.0,50.0,40.0,110.0,40.0,20.0,440.0,445.0,0.857741821984612,88,0.0001023471326175357,0.1283112557192878,0.00556995139396866,0.010727853806639069
2169,samples/sample_002169.npz,rectangular_body_002169,34,39,18,25,7,13,5,7,6,7,12,36.0,21.0,9.5,70.0,130.0,100.0,50.0,70.0,60.0,360.0,210.0,0.5640631782104044,210,0.00048463448108915805,0.06477294261662284,0.0072972445250847826,0.008119270706313637
2170,samples/sample_002170.npz,rectangular_body_002170,28,34,44,59,6,12,6,15,6,6,11,30.5,51.0,8.5,60.0,120.0,90.0,60.0,150.0,60.0,305.0,510.0,0.9048175200589335,540,0.001437037920610947,0.2637910047059601,0.028049056065187206,0.036105850203458516
2171,samples/sample_002171.npz,rectangular_body_002171,36,45,32,46,8,10,9,14,2,8,9,40.0,38.5,8.5,80.0,100.0,90.0,90.0,140.0,20.0,400.0,385.0,0.7198369347201354,252,0.0006840122954217727,0.09158832593093555,0.011560335374410691,0.012766898653181553
2172,samples/sample_002172.npz,rectangular_body_002172,7,19,15,23,3,10,12,8,7,3,9,12.5,18.5,6.0,30.0,100.0,65.0,120.0,80.0,70.0,125.0,185.0,0.8088091991453061,672,0.0008797327619896532,0.4952108780428477,0.0337740105760631,0.05556875017059194
2173,samples/sample_002173.npz,rectangular_body_002173,51,62,48,52,5,11,11,4,6,5,10,56.0,49.5,7.5,50.0,110.0,80.0,110.0,40.0,60.0,560.0,495.0,0.2520304180426036,264,9.388015255262315e-05,0.049189715433057675,0.0032332228897991627,0.0057039208530771735
2174,samples/sample_002174.npz,rectangular_body_002174,38,50,22,36,4,6,12,14,2,4,5,43.5,28.5,4.5,40.0,60.0,50.0,120.0,140.0,20.0,435.0,285.0,0.7095045229561354,336,0.0005582142832788211,0.21487590776051907,0.017451922190081418,0.026146381975611806
2175,samples/sample_002175.npz,rectangular_body_002175,33,45,45,59,7,15,12,14,8,7,14,38.5,51.5,10.5,70.0,150.0,110.0,120.0,140.0,80.0,385.0,515.0,0.34527203790852834,1344,0.0013403433247153676,0.17801709992308573,0.024080227473459698,0.027898147106561466
2176,samples/sample_002176.npz,rectangular_body_002176,11,26,16,29,8,15,15,13,7,8,14,18.0,22.0,11.0,80.0,150.0,115.0,150.0,130.0,70.0,180.0,220.0,0.6304945111759875,1365,0.0030315598011953953,0.29477892594120625,0.047356970844772646,0.047790833267234954
2177,samples/sample_002177.npz,rectangular_body_002177,48,55,48,62,4,8,7,14,4,4,7,51.0,54.5,5.5,40.0,80.0,60.0,70.0,140.0,40.0,510.0,545.0,0.5805930993489388,392,0.0002541121605832032,0.20573922853059817,0.01230726462977171,0.023682809770635044
2178,samples/sample_002178.npz,rectangular_body_002178,36,45,33,40,4,10,9,7,6,4,9,40.0,36.0,6.5,40.0,100.0,70.0,90.0,70.0,60.0,400.0,360.0,0.7792780506384678,378,0.000979833618166725,0.269339308915837,0.02046179133028247,0.02811372518101797
2179,samples/sample_002179.npz,rectangular_body_002179,14,19,21,33,5,8,5,12,3,5,7,16.0,26.5,6.0,50.0,80.0,65.0,50.0,120.0,30.0,160.0,265.0,0.48973355014445596,180,0.00020542153399602715,0.07947918553525923,0.00593829330024672,0.00876049861511282
2180,samples/sample_002180.npz,rectangular_body_002180,31,41,23,38,3,11,10,15,8,3,10,35.5,30.0,6.5,30.0,110.0,70.0,100.0,150.0,80.0,355.0,300.0,0.9576022009692966,1200,0.005242743143704567,0.8299527194529503,0.08100056285100662,0.10261827908575055
2181,samples/sample_002181.npz,rectangular_body_002181,43,51,34,47,3,11,8,13,8,3,10,46.5,40.0,6.5,30.0,110.0,70.0,80.0,130.0,80.0,465.0,400.0,0.2091951064018078,832,0.000393862262461406,0.14314536595241795,0.011438927438332372,0.01655543968464512
2182,samples/sample_002182.npz,rectangular_body_002182,5,14,46,50,2,7,9,4,5,2,6,9.0,47.5,4.0,20.0,70.0,45.0,90.0,40.0,50.0,90.0,475.0,0.877165815674571,180,0.00015469073776298373,0.2822258349092883,0.009913827354653314,0.022043170042708823
2183,samples/sample_002183.npz,rectangular_body_002183,13,17,26,37,8,11,4,11,3,8,10,14.5,31.0,9.0,80.0,110.0,95.0,40.0,110.0,30.0,145.0,310.0,0.6380171252951525,132,0.0002872127888071618,0.04493453577533359,0.00497970592404692,0.006000547243026711
2184,samples/sample_002184.npz,rectangular_body_002184,28,38,7,12,3,8,10,5,5,3,7,32.5,9.0,5.0,30.0,80.0,55.0,100.0,50.0,50.0,325.0,90.0,0.24062245858435258,250,0.00010260869860815123,0.07652378915723954,0.0038203512104259714,0.007087604684925779
2185,samples/sample_002185.npz,rectangular_body_002185,6,12,41,47,8,10,6,6,2,8,9,8.5,43.5,8.5,80.0,100.0,90.0,60.0,60.0,20.0,85.0,435.0,0.3719846265039668,72,5.1221213725099857e-05,0.0164406207769324,0.0013848508364724952,0.0020696431797297458
2186,samples/sample_002186.npz,rectangular_body_002186,18,25,38,42,7,11,7,4,4,7,10,21.0,39.5,8.5,70.0,110.0,90.0,70.0,40.0,40.0,210.0,395.0,0.3460991873907232,112,0.00012927639662889731,0.024686427335517368,0.0024487091085540987,0.002961268227544733
2187,samples/sample_002187.npz,rectangular_body_002187,48,52,12,25,3,9,4,13,6,3,8,49.5,18.0,5.5,30.0,90.0,60.0,40.0,130.0,60.0,495.0,180.0,0.38452190675252007,312,0.00018472310288337912,0.12664966551731424,0.0077318573426950555,0.013115457846161156
2188,samples/sample_002188.npz,rectangular_body_002188,39,46,37,41,6,14,7,4,8,6,13,42.0,38.5,9.5,60.0,140.0,100.0,70.0,40.0,80.0,420.0,385.0,0.4943165685772488,224,0.0004145040247440643,0.064315432274021,0.00678105363240113,0.007777372774304691
2189,samples/sample_002189.npz,rectangular_body_002189,8,23,22,29,5,13,15,7,8,5,12,15.0,25.0,8.5,50.0,130.0,90.0,150.0,70.0,80.0,150.0,250.0,0.5344661332463476,840,0.0012669876872715559,0.24945013002714922,0.026823165227541516,0.03356050020681417
2190,samples/sample_002190.npz,rectangular_body_002190,39,50,21,37,5,11,11,16,6,5,10,44.0,28.5,7.5,50.0,110.0,80.0,110.0,160.0,60.0,440.0,285.0,0.6051130836075693,1056,0.0021420730434372555,0.35759951781368926,0.041660023722270456,0.049826432772478425
2191,samples/sample_002191.npz,rectangular_body_002191,36,40,10,23,7,13,4,13,6,7,12,37.5,16.0,9.5,70.0,130.0,100.0,40.0,130.0,60.0,375.0,160.0,0.5194863722157503,312,0.0005249072096036656,0.07969162523672249,0.009456398620784106,0.010966096850803159
2192,samples/sample_002192.npz,rectangular_body_002192,30,46,3,8,7,9,16,5,2,7,8,37.5,5.0,7.5,70.0,90.0,80.0,160.0,50.0,20.0,375.0,50.0,0.6888886470447557,160,0.00019664486502140436,0.06604898528568488,0.005448878347150825,0.008586184393511005
2193,samples/sample_002193.npz,rectangular_body_002193,34,50,41,55,6,13,16,14,7,6,12,41.5,47.5,9.0,60.0,130.0,95.0,160.0,140.0,70.0,415.0,475.0,0.9882270566426243,1568,0.0042141688806274025,0.6609298263931969,0.08935624735018974,0.10406240201216817
2194,samples/sample_002194.npz,rectangular_body_002194,51,59,38,45,3,9,8,7,6,3,8,54.5,41.0,5.5,30.0,90.0,60.0,80.0,70.0,60.0,545.0,410.0,0.3847402934222463,336,0.0001876572976192713,0.15277234499707276,0.007771117697124903,0.01445811704200536
2195,samples/sample_002195.npz,rectangular_body_002195,7,22,32,48,3,10,15,16,7,3,9,14.0,39.5,6.0,30.0,100.0,65.0,150.0,160.0,70.0,140.0,395.0,0.663530374997306,1680,0.0022280248232238223,0.7044559398358747,0.07196116371774064,0.1015929692912722
2196,samples/sample_002196.npz,rectangular_body_002196,7,13,36,46,5,7,6,10,2,5,6,9.5,40.5,5.5,50.0,70.0,60.0,60.0,100.0,20.0,95.0,405.0,0.5062213649909248,120,9.273750722196132e-05,0.06256791473520767,0.003739032745940056,0.00654918254998213
2197,samples/sample_002197.npz,rectangular_body_002197,32,45,51,57,2,8,13,6,6,2,7,38.0,53.5,4.5,20.0,80.0,50.0,130.0,60.0,60.0,380.0,535.0,0.48592938218429227,468,0.00031887035379628905,0.28515798295522415,0.014814501726605553,0.027966181117674172
2198,samples/sample_002198.npz,rectangular_body_002198,11,27,33,45,4,8,16,12,4,4,7,18.5,38.5,5.5,40.0,80.0,60.0,160.0,120.0,40.0,185.0,385.0,0.5469034183449486,768,0.0009623846872162849,0.303715267430747,0.029078796407436054,0.040439530277448586
2199,samples/sample_002199.npz,rectangular_body_002199,35,39,15,23,6,14,4,8,8,6,13,36.5,18.5,9.5,60.0,140.0,100.0,40.0,80.0,80.0,365.0,185.0,0.8970678098618827,256,0.0008360850169709978,0.13068510699055222,0.01388231181902808,0.016126736243103287
