sample_index,relative_path,body_name,x_start,x_end,y_start,y_end,z_start,z_end,width_x,width_y,thickness_z,top_depth_index,bottom_depth_index,center_x_index,center_y_index,center_z_index,density_contrast,nonzero_density_cells,gravity_minimum_mgal,gravity_maximum_mgal,gravity_mean_mgal,gravity_std_mgal
355,samples/sample_000355.npz,rectangular_body_000355,19,32,28,42,3,5,13,14,2,3,5,25.5,35.0,4.0,0.591368352740427,364,4.905106887709029e-06,0.0649152086872331,0.002348437758801728,0.0091689369860573
928,samples/sample_000928.npz,rectangular_body_000928,27,32,50,62,6,12,5,12,6,6,12,29.5,56.0,9.0,0.4935792532811751,360,4.128867930230565e-06,0.09576761954294041,0.0016802163731960843,0.00883437381434149
198,samples/sample_000198.npz,rectangular_body_000198,26,37,34,49,5,9,11,15,4,5,9,31.5,41.5,7.0,0.9723033483190442,660,2.344079774773416e-05,0.15453614266719584,0.006436875125762888,0.0239458777892296
258,samples/sample_000258.npz,rectangular_body_000258,30,42,32,46,14,19,12,14,5,14,19,36.0,39.0,16.5,0.7515436513309226,840,5.097290939043247e-05,0.12099921779058254,0.006064160888887279,0.01884152223837659
815,samples/sample_000815.npz,rectangular_body_000815,7,17,37,52,6,13,10,15,7,6,13,12.0,44.5,9.5,0.6973370841455098,1050,1.589764324870723e-05,0.17706205357267396,0.0070698490494774,0.02646064472739087
594,samples/sample_000594.npz,rectangular_body_000594,10,21,37,41,16,24,11,4,8,16,24,15.5,39.0,20.0,0.5715414040098381,352,1.1888175407005126e-05,0.08626211275267379,0.0018795624863304334,0.007675007552551096
98,samples/sample_000098.npz,rectangular_body_000098,13,27,32,42,13,20,14,10,7,13,20,20.0,37.0,16.5,0.5784619057172555,980,3.5726443085680434e-05,0.12604768584413803,0.005417039172843763,0.017963989936436654
194,samples/sample_000194.npz,rectangular_body_000194,36,49,43,50,7,15,13,7,8,7,15,42.5,46.5,11.0,0.8483121437621688,728,1.9777952141923672e-05,0.22180059095341806,0.005995876455777182,0.025513026644745345
552,samples/sample_000552.npz,rectangular_body_000552,9,17,28,35,11,17,8,7,6,11,17,13.0,31.5,14.0,0.7725030168486076,336,1.1812371256058043e-05,0.13033278633360765,0.0024707603455888026,0.011635535709353967
193,samples/sample_000193.npz,rectangular_body_000193,7,17,34,38,15,22,10,4,7,15,22,12.0,36.0,18.5,0.8488172315489486,280,1.2386628972720898e-05,0.11666540198632455,0.0022049771701502458,0.009739145114487667
86,samples/sample_000086.npz,rectangular_body_000086,44,48,5,12,7,14,4,7,7,7,14,46.0,8.5,10.5,0.9456680134255657,196,3.747719565714159e-06,0.1758950732301479,0.0017489380039878671,0.011113165690362602
986,samples/sample_000986.npz,rectangular_body_000986,49,54,46,57,12,15,5,11,3,12,15,51.5,51.5,13.5,0.40078226366392244,165,1.6534704127307819e-06,0.03251333483860297,0.0006173012665496009,0.00293006535152454
696,samples/sample_000696.npz,rectangular_body_000696,47,52,49,60,11,17,5,11,6,11,17,49.5,54.5,14.0,0.537379033513,330,4.4459285528238855e-06,0.08585692478281882,0.001630190745198392,0.007755579335429909
772,samples/sample_000772.npz,rectangular_body_000772,32,44,18,29,5,7,12,11,2,5,7,38.0,23.5,6.0,0.2464567914489879,264,1.739519289214077e-06,0.02035451842658484,0.0006600816915522168,0.0027667125097355326
993,samples/sample_000993.npz,rectangular_body_000993,16,32,41,47,14,21,16,6,7,14,21,24.0,44.0,17.5,0.9587634215723835,672,3.860282327388651e-05,0.17664959859540688,0.006128253511526007,0.02156839304234834
429,samples/sample_000429.npz,rectangular_body_000429,29,45,17,31,4,9,16,14,5,4,9,37.0,24.0,6.5,0.9384024551434884,1120,3.247995593272e-05,0.19790376787388522,0.01065486860139963,0.03526694264558687
565,samples/sample_000565.npz,rectangular_body_000565,42,54,7,21,15,19,12,14,4,15,19,48.0,14.0,17.0,0.3253709882536769,672,8.005996802555124e-06,0.0415526427645979,0.00202750220723128,0.006481131849300226
856,samples/sample_000856.npz,rectangular_body_000856,2,16,40,54,14,20,14,14,6,14,20,9.0,47.0,17.0,0.9639892290892973,1176,3.6476979313410064e-05,0.1890667028942944,0.010101666984094976,0.031882444281325834
850,samples/sample_000850.npz,rectangular_body_000850,40,45,42,48,3,6,5,6,3,3,6,42.5,45.0,4.5,0.7408868250907474,90,9.734321406388833e-07,0.10448186983752618,0.0007102111650832414,0.005704996096842583
469,samples/sample_000469.npz,rectangular_body_000469,23,35,25,39,14,22,12,14,8,14,22,29.0,32.0,18.0,0.3256019665527752,1344,5.438932566972977e-05,0.08180310163972877,0.004194560527724594,0.012695833247404335
726,samples/sample_000726.npz,rectangular_body_000726,30,42,41,46,11,18,12,5,7,11,18,36.0,43.5,14.5,0.7374766686711276,420,1.7993478093632983e-05,0.1362570266876144,0.002986338422298521,0.012929329637489696
677,samples/sample_000677.npz,rectangular_body_000677,36,50,8,20,16,18,14,12,2,16,18,43.0,14.0,17.0,0.23668703147470993,336,3.3878629483173316e-06,0.015111891019748257,0.0007445096930556163,0.0023548223418099817
622,samples/sample_000622.npz,rectangular_body_000622,17,27,36,48,15,20,10,12,5,15,20,22.0,42.0,17.5,0.7808863344386516,600,2.8158246997622683e-05,0.11670556580370542,0.004459419953526342,0.015344215873835864
91,samples/sample_000091.npz,rectangular_body_000091,32,38,44,58,15,20,6,14,5,15,20,35.0,51.0,17.5,0.314051292974615,420,7.027454081936358e-06,0.04082950522308238,0.0012314006274891066,0.00464616044946978
78,samples/sample_000078.npz,rectangular_body_000078,24,35,38,48,8,11,11,10,3,8,11,29.5,43.0,9.5,0.3314512381757112,330,4.584453259004665e-06,0.034976494187684254,0.0010748867676666593,0.0044490057673823875
523,samples/sample_000523.npz,rectangular_body_000523,13,17,26,35,2,5,4,9,3,2,5,15.0,30.5,3.5,0.3735156890767337,108,5.34707855358924e-07,0.07018390515638373,0.0004632500249625942,0.0037576121666009696
243,samples/sample_000243.npz,rectangular_body_000243,38,49,31,44,3,8,11,13,5,3,8,43.5,37.5,5.5,0.560567956533323,715,8.929949289135211e-06,0.1290175799538847,0.004166740231748562,0.017278152543231593
102,samples/sample_000102.npz,rectangular_body_000102,40,50,13,24,6,11,10,11,5,6,11,45.0,18.5,8.5,0.5703672773877432,550,7.50421493721788e-06,0.10396551839215604,0.0030836556828314687,0.013167920372859479
396,samples/sample_000396.npz,rectangular_body_000396,8,23,37,48,5,12,15,11,7,5,12,15.5,42.5,8.5,0.6643696271346302,1155,1.805423880137508e-05,0.17654828586583093,0.007538403538646727,0.02751564140471321
125,samples/sample_000125.npz,rectangular_body_000125,9,15,14,30,15,21,6,16,6,15,21,12.0,22.0,18.0,0.43709402633248157,576,1.082192232333837e-05,0.06807329209465246,0.0023357501836718452,0.00833927458104056
90,samples/sample_000090.npz,rectangular_body_000090,31,35,42,47,13,15,4,5,2,13,15,33.0,44.5,14.0,0.3374063972261927,40,7.987900705922989e-07,0.013839344065984697,0.00013029701229318554,0.0007655189499681034
145,samples/sample_000145.npz,rectangular_body_000145,24,34,5,20,12,20,10,15,8,12,20,29.0,12.5,16.0,0.9181605701253936,1200,5.29311905218799e-05,0.23266402480451784,0.010312478552172755,0.03443658733141604
945,samples/sample_000945.npz,rectangular_body_000945,16,21,17,21,7,15,5,4,8,7,15,18.5,19.0,11.0,0.8919004693052588,160,4.323862496799671e-06,0.1744253473533052,0.0013854496715950783,0.009221943672591049
445,samples/sample_000445.npz,rectangular_body_000445,12,16,43,50,8,14,4,7,6,8,14,14.0,46.5,11.0,0.7246848909783559,168,3.0324504072639418e-06,0.11221374479859764,0.0011708810793752567,0.007137104440806276
7,samples/sample_000007.npz,rectangular_body_000007,45,59,37,51,15,20,14,14,5,15,20,52.0,44.0,17.5,0.9073043414323758,980,3.538065732823353e-05,0.14714016426599053,0.008195284613100132,0.02475419608176329
273,samples/sample_000273.npz,rectangular_body_000273,35,48,15,23,3,5,13,8,2,3,5,41.5,19.0,4.0,0.6010788186192544,208,1.7128034258044301e-06,0.0647565841605368,0.0013596137545063855,0.006793120700390092
237,samples/sample_000237.npz,rectangular_body_000237,18,32,48,58,11,14,14,10,3,11,14,25.0,53.0,12.5,0.24987819290877306,420,3.3322391729186143e-06,0.02517124297398715,0.0009942339610931115,0.003623296404207104
742,samples/sample_000742.npz,rectangular_body_000742,7,20,18,25,9,11,13,7,2,9,11,13.5,21.5,10.0,0.47952902908173095,182,2.2187387078084425e-06,0.0320065675964366,0.0008428184486036533,0.003692175095536693
527,samples/sample_000527.npz,rectangular_body_000527,47,62,20,36,11,14,15,16,3,11,14,54.5,28.0,12.5,0.7190546973564536,720,1.697538317185596e-05,0.07700365846230817,0.004804324442737212,0.014595028123616719
520,samples/sample_000520.npz,rectangular_body_000520,10,26,25,38,16,19,16,13,3,16,19,18.0,31.5,17.5,0.3056079098195601,624,1.367342493816343e-05,0.029926171243870994,0.0018093579605672474,0.005169623114562928
474,samples/sample_000474.npz,rectangular_body_000474,47,62,34,40,10,17,15,6,7,10,17,54.5,37.0,13.5,0.9103422504531367,630,1.9650995716372184e-05,0.18651270937140607,0.005292894264116828,0.021773245460969797
141,samples/sample_000141.npz,rectangular_body_000141,8,13,31,39,6,13,5,8,7,6,13,10.5,35.0,9.5,0.6920079636727972,280,5.122507826228092e-06,0.14893741792006066,0.0018734263644843905,0.011010634584399421
17,samples/sample_000017.npz,rectangular_body_000017,50,57,15,25,6,13,7,10,7,6,13,53.5,20.0,9.5,0.455060168177182,490,4.636434870010271e-06,0.10703143007777947,0.002146566785013344,0.010653531419180065
684,samples/sample_000684.npz,rectangular_body_000684,48,53,42,52,9,13,5,10,4,9,13,50.5,47.0,11.0,0.23200087146750842,200,1.1226680625562836e-06,0.027166133590026984,0.0004450266797636806,0.0022992833042506534
612,samples/sample_000612.npz,rectangular_body_000612,33,48,43,56,2,8,15,13,6,2,8,40.5,49.5,5.0,0.9286193600795973,1170,1.6029958626806542e-05,0.2991799262306712,0.011649174843010876,0.0435658600998797
490,samples/sample_000490.npz,rectangular_body_000490,33,45,52,60,7,12,12,8,5,7,12,39.0,56.0,9.5,0.993257167571491,480,1.0383224576524378e-05,0.17127858230705995,0.0045218813809001415,0.02031606990171109
321,samples/sample_000321.npz,rectangular_body_000321,31,43,43,54,10,18,12,11,8,10,18,37.0,48.5,14.0,0.9891184220909932,1056,4.663877324680836e-05,0.258499775119737,0.009995432404917173,0.03582748827149398
99,samples/sample_000099.npz,rectangular_body_000099,8,12,13,17,8,11,4,4,3,8,11,10.0,15.0,9.5,0.8294001997182849,48,7.057543320736025e-07,0.06113445104530974,0.00038029430527009034,0.002884355075453291
37,samples/sample_000037.npz,rectangular_body_000037,31,39,25,33,16,19,8,8,3,16,19,35.0,29.0,17.5,0.7490368234415601,192,1.4984720938231913e-05,0.05856187676094836,0.0013810828169395608,0.005650996743672181
902,samples/sample_000902.npz,rectangular_body_000902,4,15,48,61,12,14,11,13,2,12,14,9.5,54.5,13.0,0.2392892315964706,286,1.3959614198355865e-06,0.01606728738569473,0.0006155891295460152,0.0023322332555215535
264,samples/sample_000264.npz,rectangular_body_000264,22,34,23,37,2,7,12,14,5,2,7,28.0,30.0,4.5,0.5834445476172143,840,1.4435410464864351e-05,0.16463429857272527,0.005383690996858144,0.02167819225505721
608,samples/sample_000608.npz,rectangular_body_000608,18,32,46,59,2,7,14,13,5,2,7,25.0,52.5,4.5,0.6054941159424501,910,6.892445768492605e-06,0.1712771412610053,0.005973194385005225,0.023531349655521738
79,samples/sample_000079.npz,rectangular_body_000079,6,14,2,6,3,6,8,4,3,3,6,10.0,4.0,4.5,0.9637463281967422,96,6.034797424087279e-07,0.13385983378267619,0.0009254601420924613,0.007619384499610771
122,samples/sample_000122.npz,rectangular_body_000122,45,51,31,44,14,22,6,13,8,14,22,48.0,37.5,18.0,0.9981855270204449,624,3.5430646911457865e-05,0.20362263288230675,0.005882380820949233,0.022275668231324038
471,samples/sample_000471.npz,rectangular_body_000471,39,47,32,48,5,8,8,16,3,5,8,43.0,40.0,6.5,0.6847876333625573,384,6.388607873970881e-06,0.08122425810549767,0.0026456963719719163,0.010950848989813949
548,samples/sample_000548.npz,rectangular_body_000548,45,50,3,11,9,14,5,8,5,9,14,47.5,7.0,11.5,0.20031821571278732,200,8.10264619389585e-07,0.02807283237187177,0.0003680355905812991,0.002108433857924819
261,samples/sample_000261.npz,rectangular_body_000261,7,15,17,30,14,19,8,13,5,14,19,11.0,23.5,16.5,0.5767499382975229,520,1.1910247466872174e-05,0.08433510973203995,0.0027887560669844916,0.010410784570646668
359,samples/sample_000359.npz,rectangular_body_000359,31,37,19,24,14,21,6,5,7,14,21,34.0,21.5,17.5,0.8424756691068065,210,1.3723556486773028e-05,0.12141228027200823,0.001691982065330857,0.008252758550286753
640,samples/sample_000640.npz,rectangular_body_000640,15,27,10,24,6,10,12,14,4,6,10,21.0,17.0,8.0,0.8922297771099654,672,1.3820721620792153e-05,0.13602083105977947,0.005906968318162269,0.021562284560531962
362,samples/sample_000362.npz,rectangular_body_000362,13,21,37,52,5,12,8,15,7,5,12,17.0,44.5,8.5,0.49735349311795063,840,9.676128656676443e-06,0.1273300602396597,0.0041116886450989956,0.016813055066576432
987,samples/sample_000987.npz,rectangular_body_000987,25,29,30,41,14,19,4,11,5,14,19,27.0,35.5,16.5,0.41387426790984166,220,8.044495415895178e-06,0.04448354581833085,0.0008763804959728977,0.003825947562177049
11,samples/sample_000011.npz,rectangular_body_000011,55,60,9,21,7,15,5,12,8,7,15,57.5,15.0,11.0,0.8188030068467509,480,7.2211924487408634e-06,0.19584579116048334,0.0036152084562926625,0.01829392815027788
779,samples/sample_000779.npz,rectangular_body_000779,6,22,34,48,13,20,16,14,7,13,20,14.0,41.0,16.5,0.42504932626724656,1568,2.9494187312744247e-05,0.09957755214930074,0.006245688751739853,0.017951109341185507
915,samples/sample_000915.npz,rectangular_body_000915,6,19,9,21,15,21,13,12,6,15,21,12.5,15.0,18.0,0.5256862449745667,936,1.7607745156049002e-05,0.0980853985015022,0.00449902480338535,0.014704572978750996
522,samples/sample_000522.npz,rectangular_body_000522,40,54,46,55,16,24,14,9,8,16,24,47.0,50.5,20.0,0.700062267631653,1008,3.058860200264487e-05,0.15892704131781538,0.006469507998321307,0.021496363976943232
628,samples/sample_000628.npz,rectangular_body_000628,10,15,25,36,2,9,5,11,7,2,9,12.5,30.5,5.5,0.7641038552117401,385,5.27225540088144e-06,0.255957616365937,0.0031134146437315022,0.01911117151384169
84,samples/sample_000084.npz,rectangular_body_000084,44,53,43,51,13,15,9,8,2,13,15,48.5,47.0,14.0,0.6772901445738391,144,3.177205817790109e-06,0.04001186522018615,0.0009260593424486379,0.0040626903683876545
532,samples/sample_000532.npz,rectangular_body_000532,12,19,22,38,10,16,7,16,6,10,16,15.5,30.0,13.0,0.3273979011607977,672,9.969575688913423e-06,0.061463987439598806,0.0021165712379566607,0.007920467763192036
977,samples/sample_000977.npz,rectangular_body_000977,3,15,37,53,3,6,12,16,3,3,6,9.0,45.0,4.5,0.813360580789096,576,4.547843025700651e-06,0.12461220452841751,0.004889156104426511,0.01873746755331435
896,samples/sample_000896.npz,rectangular_body_000896,13,24,8,16,15,21,11,8,6,15,21,18.5,12.0,18.0,0.42852718082060753,528,8.778342799110864e-06,0.07094225129990227,0.0020893609843252283,0.008033332554734264
366,samples/sample_000366.npz,rectangular_body_000366,23,38,54,60,5,12,15,6,7,5,12,30.5,57.0,8.5,0.8759416352854703,630,1.1875729096467364e-05,0.2135923230247207,0.005268674401342941,0.024336795418286514
411,samples/sample_000411.npz,rectangular_body_000411,25,37,4,8,2,6,12,4,4,2,6,31.0,6.0,4.0,0.37354739383965285,192,7.485751578545105e-07,0.08471353502942242,0.0007820071109455113,0.0054957949606319716
496,samples/sample_000496.npz,rectangular_body_000496,10,23,24,29,6,9,13,5,3,6,9,16.5,26.5,7.5,0.27945419759864243,195,1.376043643848645e-06,0.028997010959851074,0.0005399171881678266,0.002764688930063815
36,samples/sample_000036.npz,rectangular_body_000036,43,59,39,50,10,15,16,11,5,10,15,51.0,44.5,12.5,0.3513652492027719,880,9.071456829056142e-06,0.06056837312706454,0.0029304675471802026,0.009798698444125375
107,samples/sample_000107.npz,rectangular_body_000107,51,58,47,61,13,16,7,14,3,13,16,54.5,54.0,14.5,0.2618071885553499,294,1.7660079548096241e-06,0.023453949088722517,0.0006896497108030992,0.002821667408661054
700,samples/sample_000700.npz,rectangular_body_000700,9,23,44,52,16,18,14,8,2,16,18,16.0,48.0,17.0,0.22939794559676746,224,1.9980479053222823e-06,0.013358386190682895,0.00048027543980229425,0.0017156707492327972
974,samples/sample_000974.npz,rectangular_body_000974,35,39,18,32,16,20,4,14,4,16,20,37.0,25.0,18.0,0.5005034222154676,224,9.387113715176737e-06,0.041591652171391456,0.0010719157479990471,0.004144929524262509
57,samples/sample_000057.npz,rectangular_body_000057,24,36,5,12,13,16,12,7,3,13,16,30.0,8.5,14.5,0.5594899990243611,252,5.305709949102925e-06,0.04940066348537969,0.0013044027644642704,0.005464496687306593
511,samples/sample_000511.npz,rectangular_body_000511,21,25,37,41,16,22,4,4,6,16,22,23.0,39.0,19.0,0.9959708295933525,96,7.126805045773271e-06,0.08368412706461265,0.0009096859534276484,0.004690395504633076
39,samples/sample_000039.npz,rectangular_body_000039,38,42,26,34,6,10,4,8,4,6,10,40.0,30.0,8.0,0.6625174941681033,128,3.4748055336409674e-06,0.08144652932330199,0.0008432249914512273,0.005394166928295585
332,samples/sample_000332.npz,rectangular_body_000332,10,14,13,21,7,11,4,8,4,7,11,12.0,17.0,9.0,0.42347174857659864,128,1.0306513773643591e-06,0.04895730650529076,0.0005244438292841963,0.0032940809863040016
956,samples/sample_000956.npz,rectangular_body_000956,38,47,27,39,3,7,9,12,4,3,7,42.5,33.0,5.0,0.8979767628774495,432,9.626738084459235e-06,0.17035637504365608,0.004082006993111188,0.01930238282406358
542,samples/sample_000542.npz,rectangular_body_000542,22,33,20,31,9,11,11,11,2,9,11,27.5,25.5,10.0,0.7388505428755143,242,8.872516430656005e-06,0.05185670011704902,0.0017564745702728386,0.00692716951143591
168,samples/sample_000168.npz,rectangular_body_000168,24,34,35,46,16,21,10,11,5,16,21,29.0,40.5,18.5,0.35402484683168595,550,1.6965629763079695e-05,0.051133723059596445,0.001857908201161235,0.006417700213223933
138,samples/sample_000138.npz,rectangular_body_000138,24,36,23,34,5,9,12,11,4,5,9,30.0,28.5,7.0,0.3395653771192027,528,8.053776733508325e-06,0.053382280021362284,0.0018020354749792335,0.007353766246647151
48,samples/sample_000048.npz,rectangular_body_000048,38,50,14,18,8,11,12,4,3,8,11,44.0,16.0,9.5,0.33976363172654256,144,1.228551189358055e-06,0.029437213895642973,0.0004765677016957676,0.002499420032172057
346,samples/sample_000346.npz,rectangular_body_000346,37,43,13,22,11,14,6,9,3,11,14,40.0,17.5,12.5,0.3052611858997152,162,1.9348702474713743e-06,0.026310411053079713,0.00047753673866524093,0.002319022933537528
20,samples/sample_000020.npz,rectangular_body_000020,25,38,19,27,6,11,13,8,5,6,11,31.5,23.0,8.5,0.527739747723183,520,1.2136566325434092e-05,0.09473117243173465,0.002719247280196449,0.011661916087561163
680,samples/sample_000680.npz,rectangular_body_000680,45,55,28,36,9,15,10,8,6,9,15,50.0,32.0,12.0,0.3065040468621786,480,6.13121032500782e-06,0.058142250907605136,0.0014158889642797187,0.0062522301617197506
340,samples/sample_000340.npz,rectangular_body_000340,39,55,52,62,12,15,16,10,3,12,15,47.0,57.0,13.5,0.5620909171750054,480,6.495903369599919e-06,0.05614581011609078,0.002419405379092942,0.008653816151311373
926,samples/sample_000926.npz,rectangular_body_000926,13,27,4,15,9,13,14,11,4,9,13,20.0,9.5,11.0,0.5054183348891013,616,7.2414829105646865e-06,0.07093707883065958,0.0029339611079045613,0.010759969670145085
485,samples/sample_000485.npz,rectangular_body_000485,38,54,42,58,10,14,16,16,4,10,14,46.0,50.0,12.0,0.957242072042549,1024,2.7461969688206956e-05,0.13838613287196783,0.009323235607623404,0.027146907568915506
689,samples/sample_000689.npz,rectangular_body_000689,6,11,53,61,15,18,5,8,3,15,18,8.5,57.0,16.5,0.5230594024161972,120,1.454680457029041e-06,0.03630842581281253,0.0005385349616191613,0.0028148535376477544
170,samples/sample_000170.npz,rectangular_body_000170,56,61,7,17,15,19,5,10,4,15,19,58.5,12.0,17.0,0.8953011708452796,200,4.4905837702247865e-06,0.08481306918764259,0.0015248578692596262,0.007407579923047917
859,samples/sample_000859.npz,rectangular_body_000859,44,57,56,61,11,18,13,5,7,11,18,50.5,58.5,14.5,0.6925826987346471,455,7.052061884944865e-06,0.1289113037655994,0.0027535160014090327,0.012793018361193155
159,samples/sample_000159.npz,rectangular_body_000159,41,57,38,43,8,14,16,5,6,8,14,49.0,40.5,11.0,0.32050570099526765,480,4.826556298455637e-06,0.0580608558725525,0.0014846204817013176,0.006349629102545115
319,samples/sample_000319.npz,rectangular_body_000319,53,57,40,46,14,21,4,6,7,14,21,55.0,43.0,17.5,0.514789448191705,168,3.1472272511563343e-06,0.06541801519958537,0.0007899188245621552,0.0041797653917867725
223,samples/sample_000223.npz,rectangular_body_000223,48,56,43,54,10,13,8,11,3,10,13,52.0,48.5,11.5,0.2458987870638194,264,1.4985041109437933e-06,0.023866847578626168,0.0006160678763765137,0.002701073259714297
463,samples/sample_000463.npz,rectangular_body_000463,37,50,27,40,16,19,13,13,3,16,19,43.5,33.5,17.5,0.8911703468401846,507,3.475752033460727e-05,0.08502924287748272,0.004309599140010087,0.013215763425775039
610,samples/sample_000610.npz,rectangular_body_000610,43,58,38,43,12,20,15,5,8,12,20,50.5,40.5,16.0,0.35138754619669377,600,8.959322220122238e-06,0.07203039240217181,0.0019798839024214674,0.007781012405111527
862,samples/sample_000862.npz,rectangular_body_000862,18,24,11,27,5,8,6,16,3,5,8,21.0,19.0,6.5,0.4634578840201816,288,2.7149989484838005e-06,0.05299759268628253,0.0013390407673115978,0.006132407864298612
370,samples/sample_000370.npz,rectangular_body_000370,2,12,22,36,4,11,10,14,7,4,11,7.0,29.0,7.5,0.38988554942310377,980,7.0929130993232766e-06,0.10774783738180296,0.0036714262869027552,0.015174506928301688
892,samples/sample_000892.npz,rectangular_body_000892,18,27,32,38,14,18,9,6,4,14,18,22.5,35.0,16.0,0.9433901782515008,216,1.4677676064250416e-05,0.09686499944310704,0.0019591343975347,0.008636096401045365
762,samples/sample_000762.npz,rectangular_body_000762,48,56,48,54,14,19,8,6,5,14,19,52.0,51.0,16.5,0.5363143664405516,240,3.900037395324237e-06,0.06595204986417333,0.0011833822817735968,0.0055751666934013705
134,samples/sample_000134.npz,rectangular_body_000134,15,30,45,57,15,21,15,12,6,15,21,22.5,51.0,18.0,0.2745972080013429,1080,1.3483121216318995e-05,0.052222069188937126,0.0027560781656549614,0.008408538742981746
211,samples/sample_000211.npz,rectangular_body_000211,35,43,16,26,10,12,8,10,2,10,12,39.0,21.0,11.0,0.39337745647565997,160,2.5833434477250226e-06,0.025493336122845437,0.0006138626049737777,0.0027425868803917235
216,samples/sample_000216.npz,rectangular_body_000216,19,29,39,50,16,23,10,11,7,16,23,24.0,44.5,19.5,0.36213539605576045,770,1.817944737912673e-05,0.07169933718387875,0.002631862992904585,0.009006938308022218
873,samples/sample_000873.npz,rectangular_body_000873,18,33,20,34,13,19,15,14,6,13,19,25.5,27.0,16.0,0.4827610411692571,1260,4.7048739146218536e-05,0.09700964094075071,0.0058502370274918,0.01690452139528492
661,samples/sample_000661.npz,rectangular_body_000661,9,25,30,41,11,15,16,11,4,11,15,17.0,35.5,13.0,0.7233990512589537,704,2.381941285045321e-05,0.09887436745964695,0.00490147205320825,0.015947989625131224
581,samples/sample_000581.npz,rectangular_body_000581,31,45,46,54,12,17,14,8,5,12,17,38.0,50.0,14.5,0.5126756274343216,560,1.2099800625696093e-05,0.07897093419476345,0.0027316456399941983,0.010142190029841472
553,samples/sample_000553.npz,rectangular_body_000553,26,40,49,53,6,9,14,4,3,6,9,33.0,51.0,7.5,0.21099612919691194,168,8.769227261587289e-07,0.020553318422869442,0.0003498486997787234,0.0018447332397440147
819,samples/sample_000819.npz,rectangular_body_000819,32,39,28,35,7,14,7,7,7,7,14,35.5,31.5,10.5,0.6556601256157557,343,1.558195325035123e-05,0.14226108857373326,0.002211311184928932,0.011697750197724751
645,samples/sample_000645.npz,rectangular_body_000645,28,41,31,45,10,15,13,14,5,10,15,34.5,38.0,12.5,0.31386083374228946,910,1.96086922857124e-05,0.05462515033806641,0.0027815733032765856,0.008964080629920098
276,samples/sample_000276.npz,rectangular_body_000276,31,44,8,21,3,6,13,13,3,3,6,37.5,14.5,4.5,0.48743549353489446,507,3.621071031221375e-06,0.07452813010448062,0.002622734067213508,0.01047757066247852
839,samples/sample_000839.npz,rectangular_body_000839,19,32,18,33,16,23,13,15,7,16,23,25.5,25.5,19.5,0.2603060565117746,1365,3.1278583864578465e-05,0.05728106267293154,0.0033766418133271336,0.009520235607891248
422,samples/sample_000422.npz,rectangular_body_000422,10,16,31,41,2,6,6,10,4,2,6,13.0,36.0,4.0,0.42342203819465435,240,1.3028930897920104e-06,0.09894276189203206,0.0011312198629413591,0.007276444384953292
516,samples/sample_000516.npz,rectangular_body_000516,34,49,13,20,12,14,15,7,2,12,14,41.5,16.5,13.0,0.9073154556809881,210,7.146133314829139e-06,0.05650742911965702,0.0018306934518262053,0.007032506466759419
894,samples/sample_000894.npz,rectangular_body_000894,21,34,2,17,13,15,13,15,2,13,15,27.5,9.5,14.0,0.7883134562367515,390,1.1081001843964307e-05,0.05393575467560424,0.002827509587378068,0.009137630874323885
784,samples/sample_000784.npz,rectangular_body_000784,30,44,4,19,8,12,14,15,4,8,12,37.0,11.5,10.0,0.39941817118454487,840,9.349835989896608e-06,0.058778180214685144,0.0032158064626474315,0.010492847719779097
189,samples/sample_000189.npz,rectangular_body_000189,30,35,6,18,5,8,5,12,3,5,8,32.5,12.0,6.5,0.30328619452394945,180,1.1582546374892762e-06,0.033604638951977975,0.0005433438568826344,0.0030052073230236666
888,samples/sample_000888.npz,rectangular_body_000888,38,54,48,62,3,11,16,14,8,3,11,46.0,55.0,7.0,0.36584377232758636,1792,9.313541606256756e-06,0.12644309992210453,0.006443929622972055,0.022063462694076198
973,samples/sample_000973.npz,rectangular_body_000973,56,61,37,51,10,14,5,14,4,10,14,58.5,44.0,12.0,0.8402518377497079,280,5.170568669312299e-06,0.09726047207240833,0.0021224374417275595,0.009949833873468154
336,samples/sample_000336.npz,rectangular_body_000336,3,12,6,16,9,15,9,10,6,9,15,7.5,11.0,12.0,0.5634030299431099,540,5.637711490859353e-06,0.1093157014398367,0.0027548432026727222,0.012482189210361937
31,samples/sample_000031.npz,rectangular_body_000031,7,16,33,40,7,9,9,7,2,7,9,11.5,36.5,8.0,0.2199793810711709,126,6.253001571035505e-07,0.015338203914736328,0.000270706198969157,0.0014396005845201552
92,samples/sample_000092.npz,rectangular_body_000092,10,26,23,28,16,24,16,5,8,16,24,18.0,25.5,20.0,0.3527865265552321,640,1.5066864121299268e-05,0.06421358119663498,0.0021201539946431504,0.007349081953402666
531,samples/sample_000531.npz,rectangular_body_000531,7,13,12,23,5,9,6,11,4,5,9,10.0,17.5,7.0,0.5727035537809515,264,2.163815786317969e-06,0.08398883826747053,0.0014836142749208104,0.007991087630873488
621,samples/sample_000621.npz,rectangular_body_000621,13,28,32,48,5,12,15,16,7,5,12,20.5,40.0,8.5,0.6572442424867952,1680,3.418877964247499e-05,0.1791718444768912,0.010925424039874829,0.03389451892103401
912,samples/sample_000912.npz,rectangular_body_000912,2,12,25,30,2,7,10,5,5,2,7,7.0,27.5,4.5,0.8485955710020092,250,2.3701215586615412e-06,0.22718463579244524,0.0022581528424461903,0.015491777884197698
691,samples/sample_000691.npz,rectangular_body_000691,43,59,15,20,7,11,16,5,4,7,11,51.0,17.5,9.0,0.48619529018348673,320,3.131137978470957e-06,0.0631168335042752,0.0015026146650747862,0.006836981279989182
734,samples/sample_000734.npz,rectangular_body_000734,16,29,5,9,6,9,13,4,3,6,9,22.5,7.0,7.5,0.5679926404981004,156,1.3950607970058456e-06,0.05522911213406935,0.0008519749497825991,0.004761968791648193
53,samples/sample_000053.npz,rectangular_body_000053,43,48,20,32,11,15,5,12,4,11,15,45.5,26.0,13.0,0.734401532534041,240,7.946585847238981e-06,0.08137247811654223,0.0017030370119851255,0.00767205696903686
117,samples/sample_000117.npz,rectangular_body_000117,4,8,10,19,3,11,4,9,8,3,11,6.0,14.5,7.0,0.29781135205650977,288,9.97489597212593e-07,0.08653072893827031,0.000833914142528755,0.00569931362322468
173,samples/sample_000173.npz,rectangular_body_000173,24,34,22,28,4,11,10,6,7,4,11,29.0,25.0,7.5,0.8669425777666184,420,1.4178812093595238e-05,0.2214864071300359,0.003662457344760501,0.01979102915229047
93,samples/sample_000093.npz,rectangular_body_000093,50,55,43,51,3,5,5,8,2,3,5,52.5,47.0,4.0,0.7512071158293232,80,5.329737989527534e-07,0.07787554110556369,0.0006476175383063417,0.004834374185964058
94,samples/sample_000094.npz,rectangular_body_000094,16,26,37,45,6,11,10,8,5,6,11,21.0,41.0,8.5,0.22300732516634592,400,2.669570931778244e-06,0.03931366364192865,0.0008812029768290092,0.004203025681220609
420,samples/sample_000420.npz,rectangular_body_000420,22,35,29,45,8,14,13,16,6,8,14,28.5,37.0,11.0,0.3800568563877542,1248,2.9035244819355475e-05,0.08236376030182636,0.004645229525262654,0.014546246823663319
596,samples/sample_000596.npz,rectangular_body_000596,25,36,16,32,15,17,11,16,2,15,17,30.5,24.0,16.0,0.7808468299355138,352,2.28211567749943e-05,0.05073128217027913,0.0026433971754379745,0.008099433595731407
289,samples/sample_000289.npz,rectangular_body_000289,19,34,39,45,11,16,15,6,5,11,16,26.5,42.0,13.5,0.7672946439234274,450,1.8995755783086655e-05,0.11215391414025555,0.0033419790463047154,0.013076393604707569
848,samples/sample_000848.npz,rectangular_body_000848,10,15,2,7,9,17,5,5,8,9,17,12.5,4.5,13.0,0.9327707840459223,200,3.5450794178366775e-06,0.17925120950447432,0.001609827046411927,0.010579579298078148
587,samples/sample_000587.npz,rectangular_body_000587,45,54,51,61,10,12,9,10,2,10,12,49.5,56.0,11.0,0.8015129751857422,180,2.7432275051302897e-06,0.05303105647826939,0.001334758843776609,0.006062747285532332
342,samples/sample_000342.npz,rectangular_body_000342,19,34,22,30,9,12,15,8,3,9,12,26.5,26.0,10.5,0.40850054079312326,360,7.518728835861612e-06,0.041581184057275865,0.0014415869506456604,0.00555680882844507
833,samples/sample_000833.npz,rectangular_body_000833,33,41,33,45,11,13,8,12,2,11,13,37.0,39.0,12.0,0.4683268118301402,192,5.089089926835328e-06,0.03014122049555757,0.0008765563284400394,0.0035705669895166954
687,samples/sample_000687.npz,rectangular_body_000687,4,17,8,20,2,8,13,12,6,2,8,10.5,14.0,5.0,0.5462186085486792,936,4.972917281169615e-06,0.17483279703970828,0.00540000990805377,0.022677625551838543
121,samples/sample_000121.npz,rectangular_body_000121,42,48,52,61,3,6,6,9,3,3,6,45.0,56.5,4.5,0.783173102098575,162,1.1617488270272266e-06,0.11394441139280875,0.0013185995645412117,0.00864754343731632
614,samples/sample_000614.npz,rectangular_body_000614,3,9,36,51,7,13,6,15,6,7,13,6.0,43.5,10.0,0.25979223244406324,540,2.669856504411394e-06,0.05071794487519102,0.0012967128904549405,0.005870582994755575
285,samples/sample_000285.npz,rectangular_body_000285,18,31,25,30,12,17,13,5,5,12,17,24.5,27.5,14.5,0.8400120091096648,325,1.8503722054437704e-05,0.11153069418393137,0.0026393989720494,0.011049153123595952
251,samples/sample_000251.npz,rectangular_body_000251,22,36,43,58,8,13,14,15,5,8,13,29.0,50.5,10.5,0.4771147405213568,1050,1.6761830077244107e-05,0.08703564560636161,0.004832956995272758,0.015500905501053265
830,samples/sample_000830.npz,rectangular_body_000830,40,46,27,36,9,13,6,9,4,9,13,43.0,31.5,11.0,0.471146006787809,216,5.2132327401947135e-06,0.056961711299195944,0.0009943685665768436,0.00500052442408742
982,samples/sample_000982.npz,rectangular_body_000982,40,46,11,25,7,9,6,14,2,7,9,43.0,18.0,8.0,0.37709363389662054,168,1.5056934079487893e-06,0.026179055339594703,0.0006242828725619766,0.002896783272917035
607,samples/sample_000607.npz,rectangular_body_000607,7,19,47,62,8,12,12,15,4,8,12,13.0,54.5,10.0,0.5163489815578075,720,6.525085914997333e-06,0.07496098922759895,0.0034592763400732992,0.012376461044930842
267,samples/sample_000267.npz,rectangular_body_000267,15,25,13,27,7,15,10,14,8,7,15,20.0,20.0,11.0,0.653172022949642,1120,2.4445502967728448e-05,0.18179436010474478,0.007109314918186191,0.02618783432359362
180,samples/sample_000180.npz,rectangular_body_000180,27,34,25,31,7,13,7,6,6,7,13,30.5,28.0,10.0,0.427615128477047,252,6.666263347102699e-06,0.07825700265355728,0.001061402273913546,0.005959212794577427
770,samples/sample_000770.npz,rectangular_body_000770,11,20,30,41,7,15,9,11,8,7,15,15.5,35.5,11.0,0.22518270400792872,792,6.584369533074884e-06,0.06066548074299938,0.0017310290564237151,0.007262006788527044
697,samples/sample_000697.npz,rectangular_body_000697,7,19,25,40,2,4,12,15,2,2,4,13.0,32.5,3.0,0.6349520843526795,360,2.538621090085395e-06,0.0952137398740373,0.002726866810741115,0.011503519216346037
374,samples/sample_000374.npz,rectangular_body_000374,39,54,34,40,10,13,15,6,3,10,13,46.5,37.0,11.5,0.901959485063887,270,9.794711990490113e-06,0.08367140727757336,0.0023603982456556136,0.00972447457442158
12,samples/sample_000012.npz,rectangular_body_000012,14,29,21,30,10,16,15,9,6,10,16,21.5,25.5,13.0,0.8109834552387294,810,3.316005094295091e-05,0.1602550719508925,0.006360751761076931,0.02256738972504576
935,samples/sample_000935.npz,rectangular_body_000935,21,35,36,47,12,14,14,11,2,12,14,28.0,41.5,13.0,0.6464779450368596,308,1.1448042422953411e-05,0.043688415823362144,0.0019314796248175515,0.0065702662939376814
900,samples/sample_000900.npz,rectangular_body_000900,46,57,19,31,14,17,11,12,3,14,17,51.5,25.0,15.5,0.858979847478875,396,1.4063391001051212e-05,0.08171234635362118,0.003198746572568823,0.011288620758825814
131,samples/sample_000131.npz,rectangular_body_000131,14,18,25,34,6,14,4,9,8,6,14,16.0,29.5,10.0,0.21373374187547914,288,2.1687562829235504e-06,0.04815526736567755,0.0006019030506124563,0.00346910888329935
683,samples/sample_000683.npz,rectangular_body_000683,12,19,21,34,7,13,7,13,6,7,13,15.5,27.5,10.0,0.6719691228375764,546,1.1990038390064247e-05,0.13529443174283465,0.003576943668256018,0.015563380612626356
76,samples/sample_000076.npz,rectangular_body_000076,42,51,42,49,13,17,9,7,4,13,17,46.5,45.5,15.0,0.34369209335569,252,3.3770368226276294e-06,0.03843350827043375,0.0008241753446079893,0.003642272378134025
753,samples/sample_000753.npz,rectangular_body_000753,13,19,15,24,3,10,6,9,7,3,10,16.0,19.5,6.5,0.4427226196891796,378,2.8920900301861603e-06,0.12485826792686268,0.0017029807448573943,0.010084342465898143
802,samples/sample_000802.npz,rectangular_body_000802,17,31,17,28,12,20,14,11,8,12,20,24.0,22.5,16.0,0.9508857626515719,1232,7.105836263707774e-05,0.24391302886178626,0.011228819167249427,0.03639870026241367
407,samples/sample_000407.npz,rectangular_body_000407,12,26,31,36,10,12,14,5,2,10,12,19.0,33.5,11.0,0.32256682372431683,140,2.073671414518224e-06,0.0192896635530177,0.00043989919219171556,0.001963834007125682
668,samples/sample_000668.npz,rectangular_body_000668,12,22,20,35,12,17,10,15,5,12,17,17.0,27.5,14.5,0.7135220265984652,750,2.6694176969462304e-05,0.11612143632642678,0.0051280972324073805,0.017214169789193438
386,samples/sample_000386.npz,rectangular_body_000386,14,27,3,19,12,20,13,16,8,12,20,20.5,11.0,16.0,0.8451600176022716,1664,5.040933834571494e-05,0.22581482388392876,0.01291938043146659,0.03932629032141263
797,samples/sample_000797.npz,rectangular_body_000797,37,42,17,31,3,8,5,14,5,3,8,39.5,24.0,5.5,0.25452309713968735,350,2.1123222542989113e-06,0.05500452268366916,0.0009271188774419351,0.004981551990661326
34,samples/sample_000034.npz,rectangular_body_000034,28,36,16,30,9,17,8,14,8,9,17,32.0,23.0,13.0,0.4793614613190729,896,2.9249113112421923e-05,0.12242752366126579,0.004171535541393545,0.01572790826761959
453,samples/sample_000453.npz,rectangular_body_000453,25,39,35,47,11,17,14,12,6,11,17,32.0,41.0,14.0,0.5956389732063034,1008,4.393885355431343e-05,0.1200566348674174,0.0058100889478505295,0.018835444506217842
711,samples/sample_000711.npz,rectangular_body_000711,26,41,31,40,6,8,15,9,2,6,8,33.5,35.5,7.0,0.4169360212155231,270,5.179208007911586e-06,0.03221488945825128,0.0011283504190211266,0.004519176953201878
853,samples/sample_000853.npz,rectangular_body_000853,21,35,50,60,11,17,14,10,6,11,17,28.0,55.0,14.0,0.9158932679154612,840,2.729896564343818e-05,0.1793897073403696,0.0071351820297494515,0.02574427225622895
965,samples/sample_000965.npz,rectangular_body_000965,44,53,41,53,8,11,9,12,3,8,11,48.5,47.0,9.5,0.9380579850317419,324,6.852889875980425e-06,0.09853373976990226,0.0029468115301864266,0.0124194235079619
500,samples/sample_000500.npz,rectangular_body_000500,51,55,25,36,15,22,4,11,7,15,22,53.0,30.5,18.5,0.3681131252764252,308,6.034426336687433e-06,0.05138549104604269,0.0010498901288382085,0.0045087636523814725
56,samples/sample_000056.npz,rectangular_body_000056,13,25,49,53,5,9,12,4,4,5,9,19.0,51.0,7.0,0.486115979181251,192,1.5391218765543542e-06,0.06574112732453154,0.000924387188730536,0.005333609418965825
690,samples/sample_000690.npz,rectangular_body_000690,51,61,5,16,6,14,10,11,8,6,14,56.0,10.5,10.0,0.7741724899248938,880,1.0627526287058023e-05,0.2172992970522068,0.006288874419330134,0.027554775021301804
813,samples/sample_000813.npz,rectangular_body_000813,37,41,12,26,6,9,4,14,3,6,9,39.0,19.0,7.5,0.36301710657315733,168,1.6187301255566463e-06,0.035361814842802375,0.0006056310620730455,0.0031731995680386476
356,samples/sample_000356.npz,rectangular_body_000356,27,39,38,49,5,7,12,11,2,5,7,33.0,43.5,6.0,0.47158621273453494,264,3.503698129335072e-06,0.03894764138130965,0.0012620767441812565,0.005294226621840319
282,samples/sample_000282.npz,rectangular_body_000282,40,49,2,16,6,10,9,14,4,6,10,44.5,9.0,8.0,0.394310436914898,504,3.317846207303997e-06,0.05862257795670327,0.0018986440319537074,0.007983544362776642
854,samples/sample_000854.npz,rectangular_body_000854,40,52,7,22,8,14,12,15,6,8,14,46.0,14.5,11.0,0.8614795680222909,1080,2.4243952824469513e-05,0.184291184464279,0.008926487568663283,0.030282460492478933
371,samples/sample_000371.npz,rectangular_body_000371,5,11,5,21,3,5,6,16,2,3,5,8.0,13.0,4.0,0.3385376605575223,192,4.6568223929455655e-07,0.035945493163898626,0.0006901145195114585,0.003597217097349566
244,samples/sample_000244.npz,rectangular_body_000244,10,16,45,57,11,15,6,12,4,11,15,13.0,51.0,13.0,0.9197806194195024,288,6.587556787094937e-06,0.1072583337520327,0.0024858268125709376,0.011092304004662651
845,samples/sample_000845.npz,rectangular_body_000845,16,28,7,19,11,18,12,12,7,11,18,22.0,13.0,14.5,0.2732774716321024,1008,9.986414811408588e-06,0.0625613885860935,0.0026009473860176117,0.009072370930969888
838,samples/sample_000838.npz,rectangular_body_000838,15,21,22,29,10,12,6,7,2,10,12,18.0,25.5,11.0,0.8393704937790987,84,2.605560961106788e-06,0.04894600544532672,0.000685994419441958,0.0037508682692093216
735,samples/sample_000735.npz,rectangular_body_000735,31,36,13,24,4,8,5,11,4,4,8,33.5,18.5,6.0,0.6874952191887824,220,3.8167054853987405e-06,0.10764778985205134,0.0015398975312637595,0.008941672710436993
811,samples/sample_000811.npz,rectangular_body_000811,4,17,48,58,10,12,13,10,2,10,12,10.5,53.0,11.0,0.984205069931291,260,4.769278285250489e-06,0.0677376415971371,0.002379003252798292,0.009420258041044733
390,samples/sample_000390.npz,rectangular_body_000390,31,45,14,22,5,12,14,8,7,5,12,38.0,18.0,8.5,0.8660556632691239,784,2.0111068047992213e-05,0.22100730842289262,0.006714931514694112,0.02812757572903908
181,samples/sample_000181.npz,rectangular_body_000181,28,39,36,44,7,14,11,8,7,7,14,33.5,40.0,10.5,0.7584924922894787,616,2.542118024885811e-05,0.17731341869914505,0.0045861359973075454,0.02001264033639906
639,samples/sample_000639.npz,rectangular_body_000639,46,53,40,44,15,20,7,4,5,15,20,49.5,42.0,17.5,0.9348656969372713,140,5.9472603130997866e-06,0.08910968689762402,0.0012301332932591557,0.006091948061131094
638,samples/sample_000638.npz,rectangular_body_000638,9,25,50,57,6,8,16,7,2,6,8,17.0,53.5,7.0,0.5295323386960036,224,1.7091641451273105e-06,0.03985584554264497,0.001160613218323196,0.005064377334408036
706,samples/sample_000706.npz,rectangular_body_000706,52,58,45,55,7,9,6,10,2,7,9,55.0,50.0,8.0,0.9388518453644126,120,1.607089844288478e-06,0.0640800702918074,0.0010808349803717167,0.005905123822682106
450,samples/sample_000450.npz,rectangular_body_000450,21,30,41,51,5,10,9,10,5,5,10,25.5,46.0,7.5,0.8452482301553059,450,9.836721297649218e-06,0.15851280450669852,0.0037862737598096776,0.017834125194120694
631,samples/sample_000631.npz,rectangular_body_000631,4,14,3,17,12,15,10,14,3,12,15,9.0,10.0,13.5,0.926431996661732,420,8.230109151819467e-06,0.09154456536750305,0.0034857803335121085,0.013172326944217699
505,samples/sample_000505.npz,rectangular_body_000505,31,36,23,35,16,24,5,12,8,16,24,33.5,29.0,20.0,0.4994810018238613,480,3.0476116970659806e-05,0.08812699631811877,0.0022852246516417395,0.008634919749007132
952,samples/sample_000952.npz,rectangular_body_000952,12,28,3,12,2,8,16,9,6,2,8,20.0,7.5,5.0,0.6474430164850574,864,5.811798594624307e-06,0.2057221867283398,0.005871746414611214,0.025512174131100362
220,samples/sample_000220.npz,rectangular_body_000220,2,17,51,62,12,16,15,11,4,12,16,9.5,56.5,14.0,0.7223231364416982,660,9.891740899384816e-06,0.09659513013034952,0.00412424752674018,0.0150624003302341
440,samples/sample_000440.npz,rectangular_body_000440,15,24,42,54,6,13,9,12,7,6,13,19.5,48.0,9.5,0.4932605548462191,756,9.255559619003402e-06,0.12206057071509128,0.003635005483305917,0.015305851413872279
717,samples/sample_000717.npz,rectangular_body_000717,42,46,26,42,2,7,4,16,5,2,7,44.0,34.0,4.5,0.847234221891185,320,5.5184285013947575e-06,0.22208139973433333,0.0029722231306155457,0.017280792848929305
665,samples/sample_000665.npz,rectangular_body_000665,35,41,2,14,9,17,6,12,8,9,17,38.0,8.0,13.0,0.6992931562554752,576,1.2185635517231751e-05,0.16356716825515538,0.0036911241736292608,0.016901623941227985
35,samples/sample_000035.npz,rectangular_body_000035,38,53,48,61,7,11,15,13,4,7,11,45.5,54.5,9.0,0.7844032018316711,780,1.1321659294900536e-05,0.1173581139935455,0.0058201372255350155,0.020188231996481943
782,samples/sample_000782.npz,rectangular_body_000782,29,45,44,53,13,20,16,9,7,13,20,37.0,48.5,16.5,0.6420899454401168,1008,3.387691015244258e-05,0.13878363188621273,0.006134541763740151,0.020119019622946308
187,samples/sample_000187.npz,rectangular_body_000187,43,48,2,18,15,17,5,16,2,15,17,45.5,10.0,16.0,0.6988979174229939,160,3.64679164929842e-06,0.03584609035956774,0.0010135903487247808,0.0040161344529677226
466,samples/sample_000466.npz,rectangular_body_000466,40,55,26,41,12,16,15,15,4,12,16,47.5,33.5,14.0,0.9248373283387281,900,4.358211278545303e-05,0.12860207351253888,0.007974827065384885,0.023382264171690384
218,samples/sample_000218.npz,rectangular_body_000218,23,33,28,44,3,8,10,16,5,3,8,28.0,36.0,5.5,0.6132115979220445,800,1.5932071520368325e-05,0.14114574801583707,0.0051127989527778375,0.020047463618662296
591,samples/sample_000591.npz,rectangular_body_000591,47,62,24,38,2,9,15,14,7,2,9,54.5,31.0,5.5,0.4387264829201265,1470,1.0527989564719378e-05,0.15825509933880058,0.006713288558709505,0.02440238247816475
495,samples/sample_000495.npz,rectangular_body_000495,6,10,40,53,11,18,4,13,7,11,18,8.0,46.5,14.5,0.7799148127091096,364,7.614626959067252e-06,0.12901994679570628,0.0026008574205578366,0.011965492801023688
333,samples/sample_000333.npz,rectangular_body_000333,5,10,29,34,14,18,5,5,4,14,18,7.5,31.5,16.0,0.338816687776381,100,1.391367845491556e-06,0.02816255876338666,0.00030831448464935235,0.001721072353720804
221,samples/sample_000221.npz,rectangular_body_000221,9,15,35,45,3,5,6,10,2,3,5,12.0,40.0,4.0,0.27558642595623506,120,3.647522719401108e-07,0.029042585206388378,0.00035754550948562634,0.0022605587004526535
192,samples/sample_000192.npz,rectangular_body_000192,37,51,3,12,8,13,14,9,5,8,13,44.0,7.5,10.5,0.9513313457530024,630,1.2434011371900763e-05,0.1644910973134993,0.0055840061687045025,0.02249570148360356
135,samples/sample_000135.npz,rectangular_body_000135,22,27,43,57,7,11,5,14,4,7,11,24.5,50.0,9.0,0.21080970244989958,280,1.5142801098051004e-06,0.027246517437090795,0.0005750833631213328,0.002744477951863334
24,samples/sample_000024.npz,rectangular_body_000024,28,39,8,13,15,17,11,5,2,15,17,33.5,10.5,16.0,0.9409740811696254,110,4.6923582908009055e-06,0.046753932888990664,0.0009663608196317391,0.004265773796397324
704,samples/sample_000704.npz,rectangular_body_000704,52,57,37,42,6,14,5,5,8,6,14,54.5,39.5,10.0,0.4904938753776973,200,2.3283139934795245e-06,0.1099732206129833,0.0009405135438413194,0.006302480143750129
624,samples/sample_000624.npz,rectangular_body_000624,52,60,35,39,13,19,8,4,6,13,19,56.0,37.0,16.0,0.3576136168351773,192,2.5876556877321017e-06,0.044837144622690055,0.0006250762330086907,0.0032418144891011003
682,samples/sample_000682.npz,rectangular_body_000682,52,62,43,54,8,14,10,11,6,8,14,57.0,48.5,11.0,0.4276439818335924,660,5.350151612640483e-06,0.08721072410748508,0.0025800584341158454,0.011079285112920199
43,samples/sample_000043.npz,rectangular_body_000043,29,36,28,43,5,8,7,15,3,5,8,32.5,35.5,6.5,0.9297482914906869,315,1.3140555888330257e-05,0.1087123565916121,0.0029580269332038917,0.013152815838159275
917,samples/sample_000917.npz,rectangular_body_000917,27,38,13,28,15,20,11,15,5,15,20,32.5,20.5,17.5,0.7989226403710872,825,5.265304775804302e-05,0.1257684436746602,0.006285356840173852,0.01935726041789606
398,samples/sample_000398.npz,rectangular_body_000398,55,61,49,62,2,7,6,13,5,2,7,58.0,55.5,4.5,0.7087067228446473,390,1.8401250873447331e-06,0.19295058809368662,0.0028758359670057435,0.01682381786726673
634,samples/sample_000634.npz,rectangular_body_000634,41,54,18,23,5,7,13,5,2,5,7,47.5,20.5,6.0,0.31309163991319516,130,6.892775732573987e-07,0.024017756127421956,0.000410176898234853,0.002219152045039227
818,samples/sample_000818.npz,rectangular_body_000818,17,26,24,39,7,12,9,15,5,7,12,21.5,31.5,9.5,0.60578727663395,675,1.882180233990462e-05,0.1079279019342416,0.004022839849445882,0.015276475225993905
497,samples/sample_000497.npz,rectangular_body_000497,27,40,21,35,8,16,13,14,8,8,16,33.5,28.0,12.0,0.5828963611978588,1456,6.396986384870832e-05,0.16404703305787832,0.008290083086990824,0.026952360601956965
38,samples/sample_000038.npz,rectangular_body_000038,23,35,24,34,8,10,12,10,2,8,10,29.0,29.0,9.0,0.6932820169050666,240,9.250109285301733e-06,0.04969808498926379,0.0016439189361437561,0.006629622858172313
476,samples/sample_000476.npz,rectangular_body_000476,13,23,23,34,7,9,10,11,2,7,9,18.0,28.5,8.0,0.8823248728458906,220,5.886676517626398e-06,0.06489953490388115,0.0019186067507638385,0.008242051112040636
419,samples/sample_000419.npz,rectangular_body_000419,48,56,2,11,10,13,8,9,3,10,13,52.0,6.5,11.5,0.41957986452536505,216,1.6070114323872364e-06,0.03979269065255031,0.0008148828952459999,0.00404347076094781
758,samples/sample_000758.npz,rectangular_body_000758,3,10,11,27,2,6,7,16,4,2,6,6.5,19.0,4.0,0.7515434845464,448,2.693372036502378e-06,0.178633476530835,0.003663428110905001,0.018340801723473948
331,samples/sample_000331.npz,rectangular_body_000331,15,25,53,59,8,12,10,6,4,8,12,20.0,56.0,10.0,0.46847570818187007,240,2.254152490276933e-06,0.059200066521107056,0.00106200669022161,0.005503607355985108
432,samples/sample_000432.npz,rectangular_body_000432,35,43,52,59,4,6,8,7,2,4,6,39.0,55.5,5.0,0.7811988803087455,112,1.0651586142747584e-06,0.06835394134632972,0.0008919084678421026,0.005570884736449382
841,samples/sample_000841.npz,rectangular_body_000841,45,61,9,17,3,7,16,8,4,3,7,53.0,13.0,5.0,0.37520529345546594,512,1.8444251257712795e-06,0.07108600851644355,0.001972359841112196,0.008817499834985582
67,samples/sample_000067.npz,rectangular_body_000067,31,47,36,49,8,16,16,13,8,8,16,39.0,42.5,12.0,0.602553111985221,1664,4.62696187128114e-05,0.17141416570009407,0.009743047400483252,0.03017279762589716
199,samples/sample_000199.npz,rectangular_body_000199,17,29,40,55,5,10,12,15,5,5,10,23.0,47.5,7.5,0.7603318125376113,900,1.558099703039215e-05,0.14931546622238695,0.006786325106851852,0.02431656572384398
755,samples/sample_000755.npz,rectangular_body_000755,24,31,43,49,9,12,7,6,3,9,12,27.5,46.0,10.5,0.7637272287967505,126,3.628806523342785e-06,0.06813216870448749,0.0009388550959772049,0.005210906367679042
940,samples/sample_000940.npz,rectangular_body_000940,32,40,9,15,11,19,8,6,8,11,19,36.0,12.0,15.0,0.80215126990303,384,1.3050741713911849e-05,0.166420375983931,0.002909117456848747,0.013949241387926867
606,samples/sample_000606.npz,rectangular_body_000606,35,43,40,48,4,6,8,8,2,4,6,39.0,44.0,5.0,0.5822437058773803,128,1.4044016749050242e-06,0.051312805183893306,0.0007739853737919092,0.004506995598226097
730,samples/sample_000730.npz,rectangular_body_000730,40,54,38,51,14,16,14,13,2,14,16,47.0,44.5,15.0,0.7111567760805151,364,1.0366219135205338e-05,0.04753101969952857,0.002458546346033611,0.007740509016277359
279,samples/sample_000279.npz,rectangular_body_000279,16,30,17,31,13,15,14,14,2,13,15,23.0,24.0,14.0,0.3474498467529563,392,7.4398357793187e-06,0.023778940532727166,0.0013143571367608834,0.004033380780264174
464,samples/sample_000464.npz,rectangular_body_000464,10,21,5,14,14,19,11,9,5,14,19,15.5,9.5,16.5,0.21133258429818824,495,3.1643703368829706e-06,0.031233394594224816,0.0009510265156311469,0.003726863318027017
2,samples/sample_000002.npz,rectangular_body_000002,50,58,24,40,13,20,8,16,7,13,20,54.0,32.0,16.5,0.5030300855112483,896,2.150093819464296e-05,0.10503548902429483,0.004173469187751197,0.014486180415131214
932,samples/sample_000932.npz,rectangular_body_000932,42,49,27,34,13,21,7,7,8,13,21,45.5,30.5,17.0,0.5222350894513712,392,1.3809632660780046e-05,0.1040519084533178,0.0019529134742149324,0.008739820420281152
196,samples/sample_000196.npz,rectangular_body_000196,18,24,4,15,3,11,6,11,8,3,11,21.0,9.5,7.0,0.6511661819687117,528,5.338807240222741e-06,0.2056852368074119,0.003419317591445987,0.018710090811905875
764,samples/sample_000764.npz,rectangular_body_000764,20,26,46,62,7,15,6,16,8,7,15,23.0,54.0,11.0,0.4760820397306571,768,9.43006949073285e-06,0.12067663249430718,0.003434014307456739,0.014486944964343022
339,samples/sample_000339.npz,rectangular_body_000339,17,21,40,48,8,11,4,8,3,8,11,19.0,44.0,9.5,0.40092542490795086,96,1.068819803861941e-06,0.033747430224040156,0.00037633450217372923,0.002286278629122051
870,samples/sample_000870.npz,rectangular_body_000870,26,40,16,32,15,21,14,16,6,15,21,33.0,24.0,18.0,0.2775814730231587,1344,3.5533898237438754e-05,0.05454536184155594,0.0035643187900292377,0.00975844910335546
560,samples/sample_000560.npz,rectangular_body_000560,28,41,5,16,10,12,13,11,2,10,12,34.5,10.5,11.0,0.26962295720489227,286,2.3969005985725906e-06,0.018803509411787517,0.000734457656363979,0.0027408958518945117
569,samples/sample_000569.npz,rectangular_body_000569,27,34,3,8,4,7,7,5,3,4,7,30.5,5.5,5.5,0.49903094237844475,105,7.071376160802792e-07,0.05989742392203792,0.0005172332405577597,0.0038184507491086962
938,samples/sample_000938.npz,rectangular_body_000938,11,23,8,23,5,11,12,15,6,5,11,17.0,15.5,8.0,0.6060286263389267,1080,1.2626851754740639e-05,0.1407568934338758,0.006426877986308884,0.02296764037589854
372,samples/sample_000372.npz,rectangular_body_000372,36,45,23,34,7,9,9,11,2,7,9,40.5,28.5,8.0,0.8503371364057841,198,6.437000006923964e-06,0.06199516335028475,0.0016707177863383516,0.00743075245920286
698,samples/sample_000698.npz,rectangular_body_000698,17,32,50,62,4,7,15,12,3,4,7,24.5,56.0,5.5,0.5128659833886331,540,3.5980591876939815e-06,0.06803722400161563,0.0027587504989565028,0.01062645888013958
868,samples/sample_000868.npz,rectangular_body_000868,38,54,46,55,5,12,16,9,7,5,12,46.0,50.5,8.5,0.7772955884891037,1008,1.5413023079382602e-05,0.2028765932738087,0.0076536472440295366,0.029451168950438984
115,samples/sample_000115.npz,rectangular_body_000115,45,57,46,60,7,9,12,14,2,7,9,51.0,53.0,8.0,0.735970250652668,336,3.670641455764864e-06,0.055772832057682874,0.002371776994113656,0.008886434390182184
535,samples/sample_000535.npz,rectangular_body_000535,20,24,14,26,5,11,4,12,6,5,11,22.0,20.0,8.0,0.4032354232113307,288,3.055296301908959e-06,0.07725441357304655,0.0011523473312586732,0.006357370890353005
397,samples/sample_000397.npz,rectangular_body_000397,51,56,33,43,13,17,5,10,4,13,17,53.5,38.0,15.0,0.9545901800588512,200,7.232100937298819e-06,0.09692907467594251,0.0017891348448247333,0.00836176625915467
538,samples/sample_000538.npz,rectangular_body_000538,25,30,34,39,8,13,5,5,5,8,13,27.5,36.5,10.5,0.6630566753095939,125,4.620821389518293e-06,0.08946540645028081,0.0008138796655107423,0.005173403763131299
143,samples/sample_000143.npz,rectangular_body_000143,28,40,14,28,15,22,12,14,7,15,22,34.0,21.0,18.5,0.4306877558372265,1176,4.137899980802159e-05,0.09386585218272905,0.0048172027243356145,0.014559917755293408
255,samples/sample_000255.npz,rectangular_body_000255,35,48,3,11,4,6,13,8,2,4,6,41.5,7.0,5.0,0.5203038190406011,208,1.1749215154853573e-06,0.046788108107669556,0.0010914363434336076,0.005353508209902397
874,samples/sample_000874.npz,rectangular_body_000874,27,38,26,42,13,19,11,16,6,13,19,32.5,34.0,16.0,0.4233451623135978,1056,5.111431136302585e-05,0.08254057081232861,0.004311646425048525,0.013179128158640124
617,samples/sample_000617.npz,rectangular_body_000617,35,49,16,30,6,10,14,14,4,6,10,42.0,23.0,8.0,0.46718307355550615,784,1.0885941789472955e-05,0.07195702885222642,0.003628388135700868,0.012355367076879821
317,samples/sample_000317.npz,rectangular_body_000317,2,10,23,34,6,12,8,11,6,6,12,6.0,28.5,9.0,0.6953848158497049,528,7.669315755320281e-06,0.14606856908531765,0.003417225996016557,0.016453113109737304
477,samples/sample_000477.npz,rectangular_body_000477,5,19,43,52,6,10,14,9,4,6,10,12.0,47.5,8.0,0.8602604637656712,504,7.333547658784064e-06,0.12789589555747585,0.004209295293997968,0.017413489549474897
750,samples/sample_000750.npz,rectangular_body_000750,25,32,36,46,4,9,7,10,5,4,9,28.5,41.0,6.5,0.8242162536378241,350,8.87203735925438e-06,0.16202575910186523,0.0029258582098760193,0.015509758187424305
315,samples/sample_000315.npz,rectangular_body_000315,26,39,5,11,2,5,13,6,3,2,5,32.5,8.0,3.5,0.5076134627199622,234,1.210263779473852e-06,0.09841717138112348,0.0013469002012046279,0.00802273583146092
160,samples/sample_000160.npz,rectangular_body_000160,52,61,3,14,11,19,9,11,8,11,19,56.5,8.5,15.0,0.7573353552880362,792,1.289329234230205e-05,0.18537999602491834,0.005187029973503188,0.02216367126696441
966,samples/sample_000966.npz,rectangular_body_000966,25,35,27,41,4,12,10,14,8,4,12,30.0,34.0,8.0,0.9201610442955819,1120,5.630795810999079e-05,0.2857932357454736,0.010337767838773873,0.0402797343276352
694,samples/sample_000694.npz,rectangular_body_000694,43,51,11,25,15,17,8,14,2,15,17,47.0,18.0,16.0,0.8867452844329518,224,8.021095135988022e-06,0.05280718564626286,0.001876915714577843,0.006777923722226643
960,samples/sample_000960.npz,rectangular_body_000960,5,18,17,32,12,14,13,15,2,12,14,11.5,24.5,13.0,0.5205721800609728,390,6.763092847728035e-06,0.036172259645570165,0.0019171929436522812,0.006149331725490135
794,samples/sample_000794.npz,rectangular_body_000794,49,58,41,54,10,13,9,13,3,10,13,53.5,47.5,11.5,0.7164767838166379,351,5.7094750089838916e-06,0.07220168595902204,0.002372933976829995,0.009472650164927756
968,samples/sample_000968.npz,rectangular_body_000968,10,25,21,30,7,15,15,9,8,7,15,17.5,25.5,11.0,0.2219280994774958,1080,8.81185912783806e-06,0.06122915910096037,0.0023292596006846775,0.008646804714805827
692,samples/sample_000692.npz,rectangular_body_000692,20,35,48,56,6,9,15,8,3,6,9,27.5,52.0,7.5,0.443020092264929,360,3.4614923355199843e-06,0.049622769742811754,0.001568438636101449,0.006578656580034374
40,samples/sample_000040.npz,rectangular_body_000040,29,40,32,48,9,12,11,16,3,9,12,34.5,40.0,10.5,0.6522510296859483,528,1.8356494357788258e-05,0.06990829304840948,0.0033741287532947275,0.01136127140831104
209,samples/sample_000209.npz,rectangular_body_000209,7,14,15,30,5,11,7,15,6,5,11,10.5,22.5,8.0,0.6586920021247377,630,7.882808421046262e-06,0.14448285545502865,0.004051807442109938,0.01771868789577469
883,samples/sample_000883.npz,rectangular_body_000883,17,25,22,38,2,10,8,16,8,2,10,21.0,30.0,6.0,0.831446686643954,1024,2.365242630283358e-05,0.32102559682101484,0.008990209524645163,0.03854953959645781
937,samples/sample_000937.npz,rectangular_body_000937,42,49,44,49,8,13,7,5,5,8,13,45.5,46.5,10.5,0.7449614360689776,175,3.599432240231782e-06,0.10710345933386309,0.0012651921478497728,0.007412404633184679
467,samples/sample_000467.npz,rectangular_body_000467,47,59,32,40,3,8,12,8,5,3,8,53.0,36.0,5.5,0.766185004648491,480,5.850923486745761e-06,0.17238427597970746,0.003773819491595033,0.018656178631995018
721,samples/sample_000721.npz,rectangular_body_000721,45,55,47,55,9,14,10,8,5,9,14,50.0,51.0,11.5,0.6377382717180937,400,5.806652058579208e-06,0.1021058439441008,0.002421896306080195,0.010990231094324754
52,samples/sample_000052.npz,rectangular_body_000052,10,16,16,28,14,16,6,12,2,14,16,13.0,22.0,15.0,0.8023777904824065,144,4.300686418460032e-06,0.0440881293370736,0.0010916276781737437,0.004579530403896624
806,samples/sample_000806.npz,rectangular_body_000806,27,31,25,36,7,9,4,11,2,7,9,29.0,30.5,8.0,0.6096422455765143,88,2.823166454809483e-06,0.03792496699664481,0.0005333616309919051,0.0030114983888444415
970,samples/sample_000970.npz,rectangular_body_000970,13,28,29,37,5,8,15,8,3,5,8,20.5,33.0,6.5,0.7469486838616419,360,8.205328771310827e-06,0.08845308043965983,0.0027076229276643445,0.011522764267131296
695,samples/sample_000695.npz,rectangular_body_000695,22,33,31,40,15,22,11,9,7,15,22,27.5,35.5,18.5,0.7077526270231702,693,4.9746350976828575e-05,0.1400290389758393,0.004691512554907336,0.016662065399288398
334,samples/sample_000334.npz,rectangular_body_000334,3,15,9,20,10,16,12,11,6,10,16,9.0,14.5,13.0,0.3734141190778164,792,6.825176411685531e-06,0.07457852241229092,0.002712950078995591,0.010382677235854619
669,samples/sample_000669.npz,rectangular_body_000669,25,33,7,19,3,9,8,12,6,3,9,29.0,13.0,6.0,0.3501105332433234,576,3.870407571116977e-06,0.09116201275473301,0.002061487288002547,0.009986245249866372
904,samples/sample_000904.npz,rectangular_body_000904,29,43,38,54,8,15,14,16,7,8,15,36.0,46.0,11.5,0.21656058388513985,1568,1.452187905328123e-05,0.054682560871805584,0.0032943191229309215,0.01002291564912552
345,samples/sample_000345.npz,rectangular_body_000345,8,22,9,13,15,21,14,4,6,15,21,15.0,11.0,18.0,0.5097485768641463,336,5.82178787267905e-06,0.06363630700597357,0.0015617484546065217,0.0063538741803557735
795,samples/sample_000795.npz,rectangular_body_000795,40,56,49,62,2,10,16,13,8,2,10,48.0,55.5,6.0,0.7681634194362383,1664,1.4647244518941708e-05,0.3052963595212551,0.01303041999235274,0.04750860025419077
330,samples/sample_000330.npz,rectangular_body_000330,27,39,3,13,14,21,12,10,7,14,21,33.0,8.0,17.5,0.305371344946018,840,1.1671078854431486e-05,0.06391517466629609,0.002303019780769331,0.008423398851250456
936,samples/sample_000936.npz,rectangular_body_000936,48,57,36,47,7,11,9,11,4,7,11,52.5,41.5,9.0,0.908694497549394,396,7.91261434211271e-06,0.12859706836166196,0.0034846782516504554,0.015440085702046982
146,samples/sample_000146.npz,rectangular_body_000146,3,14,39,52,7,10,11,13,3,7,10,8.5,45.5,8.5,0.6663966720060721,429,4.83000482442193e-06,0.07398240836515574,0.0027195523381353167,0.010819002680966576
501,samples/sample_000501.npz,rectangular_body_000501,47,52,45,54,12,18,5,9,6,12,18,49.5,49.5,15.0,0.6253856070991004,270,5.263355611041575e-06,0.09414161490933991,0.001584895866465309,0.007656602080614284
130,samples/sample_000130.npz,rectangular_body_000130,22,30,7,19,9,16,8,12,7,9,16,26.0,13.0,12.5,0.5191532330755264,672,1.2289339678030533e-05,0.11579342069026599,0.003333019675257029,0.013721544830672491
849,samples/sample_000849.npz,rectangular_body_000849,4,18,19,32,11,16,14,13,5,11,16,11.0,25.5,13.5,0.6497918233281481,910,2.0618327612945973e-05,0.11124908441892828,0.005547954584580806,0.018235127870043933
816,samples/sample_000816.npz,rectangular_body_000816,31,47,6,19,4,8,16,13,4,4,8,39.0,12.5,6.0,0.5395951384955013,832,7.593294628594957e-06,0.09300458365519347,0.004523828159489516,0.01583563745706614
732,samples/sample_000732.npz,rectangular_body_000732,8,12,42,56,6,10,4,14,4,6,10,10.0,49.0,8.0,0.6181349560285376,224,2.097828364063644e-06,0.07813810993914451,0.0013377155598762278,0.0070650234694791215
66,samples/sample_000066.npz,rectangular_body_000066,38,53,3,10,4,7,15,7,3,4,7,45.5,6.5,5.5,0.4180529396309754,315,1.3858432313112646e-06,0.05350803285954193,0.0013045110534301528,0.006249586605331155
235,samples/sample_000235.npz,rectangular_body_000235,7,19,35,50,6,13,12,15,7,6,13,13.0,42.5,9.5,0.7500763029041742,1260,2.2575246658012418e-05,0.19413636090136366,0.009159195838784643,0.03188307051034871
436,samples/sample_000436.npz,rectangular_body_000436,35,50,24,33,15,19,15,9,4,15,19,42.5,28.5,17.0,0.3126353765488687,540,1.2307489408010716e-05,0.03801190976165406,0.001614224358455839,0.005315481079347649
712,samples/sample_000712.npz,rectangular_body_000712,33,40,47,55,5,13,7,8,8,5,13,36.5,51.0,9.0,0.5373812791912248,448,6.429939487976433e-06,0.14529697517897702,0.0023562205857444013,0.012713891351664777
855,samples/sample_000855.npz,rectangular_body_000855,37,51,33,38,3,8,14,5,5,3,8,44.0,35.5,5.5,0.49864983192062406,350,4.080412000320549e-06,0.10776230667368075,0.001814306411850679,0.00975999377975469
578,samples/sample_000578.npz,rectangular_body_000578,46,61,35,42,14,17,15,7,3,14,17,53.5,38.5,15.5,0.9498295960006204,315,1.168923502691967e-05,0.08354145565634946,0.0027606002021548963,0.010414142381225363
304,samples/sample_000304.npz,rectangular_body_000304,7,18,35,42,14,16,11,7,2,14,16,12.5,38.5,15.0,0.49187479679751434,154,3.07010122844027e-06,0.028317891453843638,0.0007143209529655395,0.0029857207527687873
861,samples/sample_000861.npz,rectangular_body_000861,16,20,17,32,4,6,4,15,2,4,6,18.0,24.5,5.0,0.8105009507743453,120,1.673671897638623e-06,0.0674520750029341,0.0010086146923010183,0.005715186695544306
613,samples/sample_000613.npz,rectangular_body_000613,27,37,31,38,7,11,10,7,4,7,11,32.0,34.5,9.0,0.9292675186676127,280,1.6753787263953162e-05,0.12601974943792765,0.002573786765051285,0.012567631164256295
513,samples/sample_000513.npz,rectangular_body_000513,13,18,34,42,14,17,5,8,3,14,17,15.5,38.0,15.5,0.8253846157307698,120,4.6891228177415034e-06,0.05949024973460204,0.0009434377354894529,0.00457144108156378
820,samples/sample_000820.npz,rectangular_body_000820,39,43,20,25,6,12,4,5,6,6,12,41.0,22.5,9.0,0.20554319402380408,120,8.179923859914362e-07,0.033916890411985506,0.00024335304571344095,0.0017443489780259887
140,samples/sample_000140.npz,rectangular_body_000140,16,22,27,43,15,17,6,16,2,15,17,19.0,35.0,16.0,0.5818549545580736,192,6.958821675228114e-06,0.03184986913126574,0.0010693458692265202,0.003870356693365279
736,samples/sample_000736.npz,rectangular_body_000736,6,19,38,53,11,16,13,15,5,11,16,12.5,45.5,13.5,0.48824554328422476,975,1.4341698834178853e-05,0.08419311907537949,0.004483018462045142,0.014290236494175063
629,samples/sample_000629.npz,rectangular_body_000629,18,25,2,15,9,11,7,13,2,9,11,21.5,8.5,10.0,0.6220451831853288,182,2.416972287579577e-06,0.04151892686038955,0.0010601609798488792,0.004791752479797126
773,samples/sample_000773.npz,rectangular_body_000773,40,47,31,44,14,18,7,13,4,14,18,43.5,37.5,16.0,0.3024024095513668,364,6.700136887668415e-06,0.03459401829123834,0.0010549964313610867,0.003989104726240727
204,samples/sample_000204.npz,rectangular_body_000204,42,48,20,36,15,21,6,16,6,15,21,45.0,28.0,18.0,0.6054736964358632,576,2.3571701447619995e-05,0.0942968440531236,0.0033142936288278213,0.011532827208108323
880,samples/sample_000880.npz,rectangular_body_000880,17,28,6,21,11,18,11,15,7,11,18,22.5,13.5,14.5,0.5630450748041451,1155,2.446214239587632e-05,0.13070782819483517,0.006141362883986239,0.020310384487361003
959,samples/sample_000959.npz,rectangular_body_000959,39,54,37,53,15,23,15,16,8,15,23,46.5,45.0,19.0,0.684178240371618,1920,6.654348480058874e-05,0.1787010204544562,0.012262716447728472,0.03303173566943872
460,samples/sample_000460.npz,rectangular_body_000460,38,51,23,38,11,13,13,15,2,11,13,44.5,30.5,12.0,0.24594474373964925,390,4.9156373853667165e-06,0.017361408791426978,0.0009311061535654662,0.002957614102933224
105,samples/sample_000105.npz,rectangular_body_000105,16,29,30,43,5,8,13,13,3,5,8,22.5,36.5,6.5,0.3438520567611396,507,5.119345080030141e-06,0.04200553127911688,0.0017568084389555962,0.006561224804882659
203,samples/sample_000203.npz,rectangular_body_000203,25,37,22,35,7,15,12,13,8,7,15,31.0,28.5,11.0,0.9314094672290456,1248,8.394381079871988e-05,0.26354538289182416,0.011403326518116185,0.04007090249285252
270,samples/sample_000270.npz,rectangular_body_000270,10,19,40,47,14,19,9,7,5,14,19,14.5,43.5,16.5,0.7094088346244332,315,9.190517090014174e-06,0.09499087885310097,0.002104097576852866,0.009034805465665714
298,samples/sample_000298.npz,rectangular_body_000298,27,40,15,19,8,14,13,4,6,8,14,33.5,17.0,11.0,0.6681809483288637,312,8.668918142549516e-06,0.10918584275587942,0.002028766891647346,0.009803215842082142
1,samples/sample_000001.npz,rectangular_body_000001,46,53,36,45,7,12,7,9,5,7,12,49.5,40.5,9.5,0.5125959519207172,315,4.2774574763232875e-06,0.08479579975091124,0.0015733210278995858,0.00798214747490905
805,samples/sample_000805.npz,rectangular_body_000805,45,59,33,42,15,22,14,9,7,15,22,52.0,37.5,18.5,0.7275265101791379,882,3.235152144592359e-05,0.14901559121133565,0.005921269724724762,0.020144352417973237
740,samples/sample_000740.npz,rectangular_body_000740,20,30,17,24,6,12,10,7,6,6,12,25.0,20.5,9.0,0.916980882447175,420,1.2786145419970156e-05,0.18780501029206503,0.0037970012289891865,0.018666727725947668
272,samples/sample_000272.npz,rectangular_body_000272,19,28,19,28,7,15,9,9,8,7,15,23.5,23.5,11.0,0.3785920907283837,648,1.048699667686847e-05,0.09967988937245588,0.0023980559786532505,0.01071645900155397
493,samples/sample_000493.npz,rectangular_body_000493,30,46,2,11,15,19,16,9,4,15,19,38.0,6.5,17.0,0.539508916805949,576,1.1510496901866093e-05,0.0659583549867036,0.0027243990123614467,0.00956341027336719
913,samples/sample_000913.npz,rectangular_body_000913,10,25,16,26,12,17,15,10,5,12,17,17.5,21.0,14.5,0.9801120088922544,750,3.0407735407759255e-05,0.15950736259020942,0.007015791582577212,0.023653660450427175
992,samples/sample_000992.npz,rectangular_body_000992,39,46,11,24,2,10,7,13,8,2,10,42.5,17.5,6.0,0.6094851097787979,728,8.048641541984174e-06,0.23203103162437966,0.004664174966127525,0.023170629898358303
897,samples/sample_000897.npz,rectangular_body_000897,7,22,45,55,14,19,15,10,5,14,19,14.5,50.0,16.5,0.4951626292318766,750,1.2607692867406093e-05,0.07765988293670156,0.0034393276641390405,0.01148933562083481
543,samples/sample_000543.npz,rectangular_body_000543,4,20,5,14,16,21,16,9,5,16,21,12.0,9.5,18.5,0.36409367480358057,720,8.074822540291129e-06,0.054039932417204437,0.0023075531191363765,0.007850715805691954
789,samples/sample_000789.npz,rectangular_body_000789,23,32,37,48,12,16,9,11,4,12,16,27.5,42.5,14.0,0.5656464877128407,396,1.2952199819002853e-05,0.07072610946618249,0.002164162108627875,0.008434883084934876
387,samples/sample_000387.npz,rectangular_body_000387,44,53,20,24,6,14,9,4,8,6,14,48.5,22.0,10.0,0.6281035382871898,288,4.9822042415024845e-06,0.14151482827398956,0.0017621733536378871,0.010195818727478578
250,samples/sample_000250.npz,rectangular_body_000250,17,22,47,57,4,6,5,10,2,4,6,19.5,52.0,5.0,0.27292052000803413,100,3.2399839981723005e-07,0.02339902421492331,0.00028038182598063514,0.0017868082968787841
967,samples/sample_000967.npz,rectangular_body_000967,29,40,34,47,16,22,11,13,6,16,22,34.5,40.5,19.0,0.25938833192273497,858,2.0383738286579554e-05,0.04682500474917268,0.0021196638795848194,0.00668136046124353
749,samples/sample_000749.npz,rectangular_body_000749,7,15,14,21,13,21,8,7,8,13,21,11.0,17.5,17.0,0.7338402756415843,448,1.132226962970391e-05,0.15068380467726172,0.003031488563605236,0.013586678473023226
768,samples/sample_000768.npz,rectangular_body_000768,6,18,45,52,11,17,12,7,6,11,17,12.0,48.5,14.0,0.39643754851002133,504,5.577140652861068e-06,0.07098137674608343,0.001868092708016679,0.007850739913870614
475,samples/sample_000475.npz,rectangular_body_000475,31,35,36,41,4,11,4,5,7,4,11,33.0,38.5,7.5,0.5716542306861375,140,3.4249371227738144e-06,0.12660090830039333,0.0008053886180667132,0.0062220553225956765
751,samples/sample_000751.npz,rectangular_body_000751,12,27,32,38,4,6,15,6,2,4,6,19.5,35.0,5.0,0.6287837055814998,180,2.4231229801411077e-06,0.05531124145641723,0.0011751878018588383,0.0058346089081966175
783,samples/sample_000783.npz,rectangular_body_000783,15,31,27,37,10,17,16,10,7,10,17,23.0,32.0,13.5,0.29183923663434536,1120,2.326212163129921e-05,0.06808729646317951,0.003167574059885336,0.010464690136955675
657,samples/sample_000657.npz,rectangular_body_000657,26,42,34,48,4,7,16,14,3,4,7,34.0,41.0,5.5,0.20415349760142984,672,3.896405557425993e-06,0.027310711496137695,0.0014111124030841379,0.004771400110657022
551,samples/sample_000551.npz,rectangular_body_000551,56,62,32,39,15,21,6,7,6,15,21,59.0,35.5,18.0,0.7551066160132327,252,7.424994703038944e-06,0.10274491107546055,0.0016143181730743522,0.008142591675475042
230,samples/sample_000230.npz,rectangular_body_000230,29,40,46,51,12,20,11,5,8,12,20,34.5,48.5,16.0,0.9892650556466507,440,2.3624030129342627e-05,0.19723602480157565,0.004142142851582876,0.017974715364347412
424,samples/sample_000424.npz,rectangular_body_000424,33,45,31,45,16,19,12,14,3,16,19,39.0,38.0,17.5,0.7866528553092669,504,3.129796697371682e-05,0.07470828445773217,0.0037930734902718705,0.011604088242351743
507,samples/sample_000507.npz,rectangular_body_000507,27,40,27,35,8,16,13,8,8,8,16,33.5,31.0,12.0,0.33239658872140276,832,2.3661473054705792e-05,0.0865419655174205,0.0027035832865878696,0.010684404826946445
545,samples/sample_000545.npz,rectangular_body_000545,33,38,23,32,6,9,5,9,3,6,9,35.5,27.5,7.5,0.5017896004809055,135,2.877369818085415e-06,0.051175920470781615,0.0006762869895197651,0.003980106386671032
549,samples/sample_000549.npz,rectangular_body_000549,9,22,47,59,16,23,13,12,7,16,23,15.5,53.0,19.5,0.6770994582526503,1092,2.768447810481202e-05,0.14356508465913706,0.00665410579403065,0.02148785031704284
119,samples/sample_000119.npz,rectangular_body_000119,6,12,27,37,7,15,6,10,8,7,15,9.0,32.0,11.0,0.5049575505079639,480,7.478006528236919e-06,0.12409349792523816,0.002301884846825412,0.011539756247813452
718,samples/sample_000718.npz,rectangular_body_000718,25,34,32,39,5,10,9,7,5,5,10,29.5,35.5,7.5,0.9392299566771183,315,1.3719242872526654e-05,0.17038976311063259,0.002962667580219991,0.015767685486807802
132,samples/sample_000132.npz,rectangular_body_000132,48,58,44,59,15,17,10,15,2,15,17,53.0,51.5,16.0,0.9166968828826836,300,7.799461685767537e-06,0.05802769489328607,0.0024972272542913925,0.008601016858331641
931,samples/sample_000931.npz,rectangular_body_000931,4,10,19,27,11,15,6,8,4,11,15,7.0,23.0,13.0,0.7562544920287844,192,3.902314408844736e-06,0.08378375653944471,0.0013325742649244183,0.006969154452690295
470,samples/sample_000470.npz,rectangular_body_000470,32,37,7,18,3,10,5,11,7,3,10,34.5,12.5,6.5,0.7072032847103074,385,5.575994885638644e-06,0.19708177628069348,0.0027610284693398357,0.016034869455474415
335,samples/sample_000335.npz,rectangular_body_000335,34,42,31,40,16,20,8,9,4,16,20,38.0,35.5,18.0,0.8195652619424556,288,2.1755548750117386e-05,0.08701328931044544,0.0022601540967920972,0.008874790742900986
686,samples/sample_000686.npz,rectangular_body_000686,28,41,31,39,13,15,13,8,2,13,15,34.5,35.0,14.0,0.5950981252348511,208,1.071524136834912e-05,0.03684208037250446,0.001201199077275478,0.004541198522896413
347,samples/sample_000347.npz,rectangular_body_000347,23,31,20,32,12,19,8,12,7,12,19,27.0,26.0,15.5,0.9165663628258727,672,4.6468071199347846e-05,0.19017892223666755,0.00593982198528559,0.02248497781392599
281,samples/sample_000281.npz,rectangular_body_000281,52,62,21,31,7,10,10,10,3,7,10,57.0,26.0,8.5,0.7466618430629406,300,4.3461147138641745e-06,0.08041772442394553,0.002108498448753585,0.009729319681939316
413,samples/sample_000413.npz,rectangular_body_000413,51,60,28,42,9,14,9,14,5,9,14,55.5,35.0,11.5,0.8990083770992705,630,1.6698269011128828e-05,0.15191381599082038,0.0053162943172080515,0.020738170554080927
231,samples/sample_000231.npz,rectangular_body_000231,5,12,5,18,11,19,7,13,8,11,19,8.5,11.5,15.0,0.5114082867809959,728,8.930248166419776e-06,0.12014531945591625,0.003342145858313329,0.01389046094397582
903,samples/sample_000903.npz,rectangular_body_000903,23,32,7,23,13,17,9,16,4,13,17,27.5,15.0,15.0,0.4196551002453636,576,1.1577944226667841e-05,0.05334168895846658,0.0022951917334202727,0.007749069475351654
760,samples/sample_000760.npz,rectangular_body_000760,4,18,15,21,15,20,14,6,5,15,20,11.0,18.0,17.5,0.33724461685653195,420,5.119360134719224e-06,0.043844847525636665,0.0012936096954913896,0.004994093671247725
814,samples/sample_000814.npz,rectangular_body_000814,35,39,32,47,4,9,4,15,5,4,9,37.0,39.5,6.5,0.3585183930159592,300,3.3507771916753666e-06,0.06482329144913856,0.0010909705431299426,0.005777985957878079
242,samples/sample_000242.npz,rectangular_body_000242,41,52,14,28,7,12,11,14,5,7,12,46.5,21.0,9.5,0.21822690116421928,770,4.628790877610031e-06,0.03962501941348671,0.001640722171068826,0.006012171705105322
627,samples/sample_000627.npz,rectangular_body_000627,20,33,7,21,11,18,13,14,7,11,18,26.5,14.0,14.5,0.6250443963162207,1274,3.43604434345731e-05,0.14747617580236122,0.007556603337720021,0.02407219346604223
673,samples/sample_000673.npz,rectangular_body_000673,22,35,18,25,7,10,13,7,3,7,10,28.5,21.5,8.5,0.8073328876283863,273,8.18540618238715e-06,0.08492971341549793,0.0021785320257476167,0.009755928417982764
533,samples/sample_000533.npz,rectangular_body_000533,32,43,33,48,13,17,11,15,4,13,17,37.5,40.5,15.0,0.7074398447219277,660,3.049343842335467e-05,0.09299408927907488,0.004499235604816806,0.014398388672665274
962,samples/sample_000962.npz,rectangular_body_000962,32,48,33,44,7,10,16,11,3,7,10,40.0,38.5,8.5,0.5855065272662064,528,1.1543453104834985e-05,0.06570648122459932,0.003055817699635335,0.010698823947762306
239,samples/sample_000239.npz,rectangular_body_000239,18,24,41,55,2,5,6,14,3,2,5,21.0,48.0,3.5,0.2558702969888061,252,6.723492956060288e-07,0.04964130736443387,0.0007393281199166244,0.00420666138627471
415,samples/sample_000415.npz,rectangular_body_000415,6,16,13,21,12,20,10,8,8,12,20,11.0,17.0,16.0,0.439146502862248,640,9.017423366603126e-06,0.10020126354508936,0.002597804593003197,0.010799696298772171
884,samples/sample_000884.npz,rectangular_body_000884,35,44,25,36,12,15,9,11,3,12,15,39.5,30.5,13.5,0.8309609271591929,297,1.7502612322149612e-05,0.07879095985315093,0.002395273757893373,0.009401581454309105
754,samples/sample_000754.npz,rectangular_body_000754,19,34,13,21,11,18,15,8,7,11,18,26.5,17.0,14.5,0.5996963368042991,840,2.4285575176136207e-05,0.13019997460380328,0.004827686921899302,0.01733192425536493
308,samples/sample_000308.npz,rectangular_body_000308,49,61,13,24,3,7,12,11,4,3,7,55.0,18.5,5.0,0.799933393504016,528,4.433471661526824e-06,0.15317358819842505,0.004336837127310502,0.019360114149997363
530,samples/sample_000530.npz,rectangular_body_000530,35,42,45,50,14,21,7,5,7,14,21,38.5,47.5,17.5,0.7778351902664096,245,1.0382399477981795e-05,0.11828574129150796,0.0018054593522984705,0.008586882631145164
832,samples/sample_000832.npz,rectangular_body_000832,14,19,34,38,9,13,5,4,4,9,13,16.5,36.0,11.0,0.20206290796128867,80,6.078605604980401e-07,0.01952843836468378,0.0001571209797675587,0.0010372001507253591
920,samples/sample_000920.npz,rectangular_body_000920,31,46,37,51,10,17,15,14,7,10,17,38.5,44.0,13.5,0.8124476281943622,1470,5.920691721230567e-05,0.19775012198159678,0.011521601082647746,0.034803366747159066
879,samples/sample_000879.npz,rectangular_body_000879,26,40,19,34,2,4,14,15,2,2,4,33.0,26.5,3.0,0.8811692009680876,420,7.483244734368233e-06,0.13243527353009554,0.004444146227204768,0.017309884260486224
662,samples/sample_000662.npz,rectangular_body_000662,49,60,4,10,2,7,11,6,5,2,7,54.5,7.0,4.5,0.24603727046787444,330,5.697538422096623e-07,0.06678490408513965,0.0008568933922329561,0.005322203638446894
878,samples/sample_000878.npz,rectangular_body_000878,49,57,57,62,2,8,8,5,6,2,8,53.0,59.5,5.0,0.36062493602872386,240,6.460467100932484e-07,0.10800880857996185,0.0008801956654350409,0.006658530942477924
326,samples/sample_000326.npz,rectangular_body_000326,45,58,27,31,16,18,13,4,2,16,18,51.5,29.0,17.0,0.9485290495058767,104,4.994624362645014e-06,0.04061444363330301,0.0009214872694872731,0.0038548287251832674
584,samples/sample_000584.npz,rectangular_body_000584,8,12,12,16,10,14,4,4,4,10,14,10.0,14.0,12.0,0.44624603982937283,64,6.15326465925331e-07,0.03741819868166647,0.0002680765306850402,0.0018429353525951132
190,samples/sample_000190.npz,rectangular_body_000190,30,35,16,29,2,7,5,13,5,2,7,32.5,22.5,4.5,0.3040902232422423,325,2.3833812124610955e-06,0.08180404569314378,0.0010845067264826716,0.006422059989856184
681,samples/sample_000681.npz,rectangular_body_000681,46,61,2,10,2,8,15,8,6,2,8,53.5,6.0,5.0,0.476006886510213,720,2.6504203265329475e-06,0.1499640867784205,0.0035090955236332247,0.016890141827439895
663,samples/sample_000663.npz,rectangular_body_000663,23,33,24,31,16,19,10,7,3,16,19,28.0,27.5,17.5,0.5427535896836335,210,1.068205892876991e-05,0.043103234146952205,0.0010936455562713596,0.004344248225131925
417,samples/sample_000417.npz,rectangular_body_000417,30,45,30,37,11,16,15,7,5,11,16,37.5,33.5,13.5,0.21134271803286275,525,8.692333702172907e-06,0.03253195768057897,0.0010776328078444767,0.004045314090706021
852,samples/sample_000852.npz,rectangular_body_000852,43,52,4,8,10,16,9,4,6,10,16,47.5,6.0,13.0,0.4484542584088386,216,2.133740520928776e-06,0.06531498996261914,0.0008740704804624611,0.004872809488464009
597,samples/sample_000597.npz,rectangular_body_000597,5,9,5,11,12,18,4,6,6,12,18,7.0,8.0,15.0,0.41162237939580515,144,1.2346414611283132e-06,0.05050524351515526,0.0005168204398614563,0.0031228944166909827
112,samples/sample_000112.npz,rectangular_body_000112,4,17,23,28,15,20,13,5,5,15,20,10.5,25.5,17.5,0.5648137652792543,325,8.031259764204734e-06,0.06807187695630156,0.0016840702901101717,0.00686401804999935
800,samples/sample_000800.npz,rectangular_body_000800,36,49,22,34,4,7,13,12,3,4,7,42.5,28.0,5.5,0.2456081229247923,468,2.821513712075417e-06,0.03242773496893732,0.0011815299412859586,0.00469160645931658
174,samples/sample_000174.npz,rectangular_body_000174,34,42,41,55,7,12,8,14,5,7,12,38.0,48.0,9.5,0.6783989948872378,560,1.1610610691828752e-05,0.11809593304314159,0.003709107985557322,0.015201414311922458
111,samples/sample_000111.npz,rectangular_body_000111,33,37,21,29,8,16,4,8,8,8,16,35.0,25.0,12.0,0.753745409757403,256,1.1704359802959804e-05,0.1512171480985721,0.0018838765741543432,0.010464818063664557
176,samples/sample_000176.npz,rectangular_body_000176,13,29,32,39,9,13,16,7,4,9,13,21.0,35.5,11.0,0.6528667617770079,448,1.3744785498254476e-05,0.08581656955857171,0.002853900233527404,0.011059912930594966
729,samples/sample_000729.npz,rectangular_body_000729,13,24,37,42,12,14,11,5,2,12,14,18.5,39.5,13.0,0.8498630603219948,110,4.0187073534141306e-06,0.04674019051249941,0.000902282177906399,0.004197985944283991
6,samples/sample_000006.npz,rectangular_body_000006,24,34,23,36,8,13,10,13,5,8,13,29.0,29.5,10.5,0.657265292946634,650,2.816028808298096e-05,0.11457324460473763,0.0041959277036720125,0.015893362058536493
468,samples/sample_000468.npz,rectangular_body_000468,19,24,24,36,12,20,5,12,8,12,20,21.5,30.0,16.0,0.8096885987257403,480,2.7763392411084446e-05,0.16280157118132532,0.0037339092547222573,0.015565124630714583
577,samples/sample_000577.npz,rectangular_body_000577,14,29,17,28,16,21,15,11,5,16,21,21.5,22.5,18.5,0.34220106547226914,825,1.8008510818902823e-05,0.05294707765711987,0.0026755938062907325,0.00813580348783634
611,samples/sample_000611.npz,rectangular_body_000611,19,33,40,51,12,17,14,11,5,12,17,26.0,45.5,14.5,0.3918753844894856,770,1.5250373277031988e-05,0.06448832749210492,0.002896915785941156,0.009659791459810737
30,samples/sample_000030.npz,rectangular_body_000030,49,55,24,39,15,22,6,15,7,15,22,52.0,31.5,18.5,0.32340379562796207,630,1.1636534870417402e-05,0.05771220376525254,0.0018949837959907714,0.006836519916192575
510,samples/sample_000510.npz,rectangular_body_000510,25,39,43,57,9,11,14,14,2,9,11,32.0,50.0,10.0,0.31102336386489987,392,4.317757173795659e-06,0.022727053869673018,0.0011814584537197716,0.003917003004389602
957,samples/sample_000957.npz,rectangular_body_000957,36,44,28,40,3,6,8,12,3,3,6,40.0,34.0,4.5,0.2580464566091729,288,1.8070254986768602e-06,0.03857405855983283,0.0007942526467373196,0.004008124910479654
175,samples/sample_000175.npz,rectangular_body_000175,29,40,39,52,6,12,11,13,6,6,12,34.5,45.5,9.0,0.8307043149728166,858,2.563189756308428e-05,0.18333473292536107,0.007016596386553649,0.026661937561654688
349,samples/sample_000349.npz,rectangular_body_000349,49,60,18,29,2,4,11,11,2,2,4,54.5,23.5,3.0,0.5722132920249465,242,1.0759356661010995e-06,0.08535604664932125,0.001640215314514155,0.008392128915030909
188,samples/sample_000188.npz,rectangular_body_000188,50,59,49,55,8,13,9,6,5,8,13,54.5,52.0,10.5,0.4659665723827107,270,2.2297080920313916e-06,0.07176055878793222,0.0011795146889151706,0.006296433835515234
439,samples/sample_000439.npz,rectangular_body_000439,45,60,38,44,4,8,15,6,4,4,8,52.5,41.0,6.0,0.5372151522358461,360,2.970667683569158e-06,0.08658515094744823,0.0019397089899336598,0.00944193208376048
314,samples/sample_000314.npz,rectangular_body_000314,23,37,30,46,5,7,14,16,2,5,7,30.0,38.0,6.0,0.8053544895882767,448,1.2742339755727578e-05,0.06806631669231647,0.003664071043410269,0.012210807800196885
280,samples/sample_000280.npz,rectangular_body_000280,28,42,25,34,12,18,14,9,6,12,18,35.0,29.5,15.0,0.6826717955148642,756,4.794040855769301e-05,0.12871324636349124,0.004992456611036011,0.017413080102579054
827,samples/sample_000827.npz,rectangular_body_000827,57,61,23,31,13,16,4,8,3,13,16,59.0,27.0,14.5,0.24520678312898925,96,7.190938097749973e-07,0.016364959956583047,0.0002071519584404501,0.0011644083330565195
644,samples/sample_000644.npz,rectangular_body_000644,15,29,8,13,3,10,14,5,7,3,10,22.0,10.5,6.5,0.7542157301291621,490,5.691114665104116e-06,0.21154733699011186,0.003727678243515477,0.01963730110570013
589,samples/sample_000589.npz,rectangular_body_000589,25,32,36,52,9,15,7,16,6,9,15,28.5,44.0,12.0,0.33794747713197887,672,1.1120246285212864e-05,0.06504305007991665,0.0022054711370139905,0.008379209213840591
428,samples/sample_000428.npz,rectangular_body_000428,35,50,6,19,10,14,15,13,4,10,14,42.5,12.5,12.0,0.25232017717556093,780,5.780400226786902e-06,0.03563984641122357,0.001873463293081103,0.006081146268071545
327,samples/sample_000327.npz,rectangular_body_000327,35,49,48,58,10,14,14,10,4,10,14,42.0,53.0,12.0,0.49715056276693464,560,7.82525816647494e-06,0.06745157620786098,0.0026399074330158284,0.009723027140651513
746,samples/sample_000746.npz,rectangular_body_000746,46,51,16,23,3,11,5,7,8,3,11,48.5,19.5,7.0,0.7774293857266039,280,3.955175624792995e-06,0.23393937325712708,0.0022009963787050996,0.014915338639315247
540,samples/sample_000540.npz,rectangular_body_000540,52,61,27,33,5,12,9,6,7,5,12,56.5,30.0,8.5,0.2631246076980083,378,2.1623020711342785e-06,0.06242686606756414,0.0009495289051329918,0.005374855131042632
671,samples/sample_000671.npz,rectangular_body_000671,46,51,50,55,8,13,5,5,5,8,13,48.5,52.5,10.5,0.9843161406267344,125,2.5508383367831048e-06,0.13281254832840217,0.0011752459890025922,0.007684619001125148
403,samples/sample_000403.npz,rectangular_body_000403,14,26,4,12,15,18,12,8,3,15,18,20.0,8.0,16.5,0.21565806432900284,288,2.020011140333052e-06,0.0187118184426443,0.0005607890833660666,0.0022179206603193634
747,samples/sample_000747.npz,rectangular_body_000747,46,57,12,22,7,9,11,10,2,7,9,51.5,17.0,8.0,0.31583891735888453,220,1.2086741697691412e-06,0.023231576617867077,0.0006762517908904121,0.0029525573718697314
226,samples/sample_000226.npz,rectangular_body_000226,5,10,51,59,2,8,5,8,6,2,8,7.5,55.0,5.0,0.5346681212475293,240,9.890518569052386e-07,0.16013554063016774,0.001334380644111221,0.009874097983559912
265,samples/sample_000265.npz,rectangular_body_000265,23,36,14,27,3,6,13,13,3,3,6,29.5,20.5,4.5,0.4105888841758047,507,4.305076700760684e-06,0.06277840426330784,0.002221194211027366,0.008822886064305804
361,samples/sample_000361.npz,rectangular_body_000361,21,36,16,24,7,15,15,8,8,7,15,28.5,20.0,11.0,0.46174022389864144,960,1.9795050034511906e-05,0.12455673939847087,0.004328374348797124,0.016602583284829924
246,samples/sample_000246.npz,rectangular_body_000246,17,29,44,56,15,19,12,12,4,15,19,23.0,50.0,17.0,0.4741696066458017,576,1.2334447942694287e-05,0.05923029691059181,0.0025627170006150423,0.008537016891022344
205,samples/sample_000205.npz,rectangular_body_000205,37,44,44,53,13,21,7,9,8,13,21,40.5,48.5,17.0,0.29306944141669233,504,7.106286350649044e-06,0.061963237455478604,0.0013957287538557818,0.0059015322371784055
641,samples/sample_000641.npz,rectangular_body_000641,56,61,17,24,9,15,5,7,6,9,15,58.5,20.5,12.0,0.2900819621940969,210,1.3517065256160242e-06,0.04704074147232056,0.0005502972834856028,0.0032837828139636173
404,samples/sample_000404.npz,rectangular_body_000404,15,28,39,48,13,16,13,9,3,13,16,21.5,43.5,14.5,0.655977825494131,351,1.0734010532190655e-05,0.062032555631601996,0.0022101403233167494,0.00807534613721279
219,samples/sample_000219.npz,rectangular_body_000219,27,40,34,42,8,10,13,8,2,8,10,33.5,38.0,9.0,0.857707734406314,208,9.209292919942523e-06,0.06011017590201513,0.0017617854390476152,0.007442098225346118
534,samples/sample_000534.npz,rectangular_body_000534,26,41,45,59,9,15,15,14,6,9,15,33.5,52.0,12.0,0.995476651600552,1260,4.6607337188502044e-05,0.21253559362427912,0.01194564591137111,0.03767703805524454
824,samples/sample_000824.npz,rectangular_body_000824,26,31,9,23,12,19,5,14,7,12,19,28.5,16.0,15.5,0.61632496482893,490,1.5930636425092776e-05,0.11162848388969096,0.0028753035446815213,0.011583899964491705
358,samples/sample_000358.npz,rectangular_body_000358,5,14,42,51,4,8,9,9,4,4,8,9.5,46.5,6.0,0.29503093423958965,324,1.167846452862039e-06,0.04855171686097103,0.0009531896652880071,0.004994201688037499
229,samples/sample_000229.npz,rectangular_body_000229,17,25,58,62,7,12,8,4,5,7,12,21.0,60.0,9.5,0.711878377851388,160,1.9463053478604516e-06,0.10039527105344498,0.0010195831494976629,0.006778785978044285
233,samples/sample_000233.npz,rectangular_body_000233,37,50,23,34,14,17,13,11,3,14,17,43.5,28.5,15.5,0.3702397478733513,429,1.0121795672882421e-05,0.03562768295764153,0.001524901815753672,0.005116243968395393
324,samples/sample_000324.npz,rectangular_body_000324,11,27,10,25,13,20,16,15,7,13,20,19.0,17.5,16.5,0.506345175809118,1680,3.7580487033153223e-05,0.11977001003139034,0.00802318508826653,0.022313479830256583
976,samples/sample_000976.npz,rectangular_body_000976,40,52,20,30,4,6,12,10,2,4,6,46.0,25.0,5.0,0.23190540291392356,240,9.773424778958254e-07,0.021078023879867364,0.0005770625967107022,0.0026055587639191432
225,samples/sample_000225.npz,rectangular_body_000225,46,53,21,37,6,9,7,16,3,6,9,49.5,29.0,7.5,0.4948974929092671,336,4.1620869028713306e-06,0.05469575019177546,0.0016445382891986762,0.0069743518458192265
161,samples/sample_000161.npz,rectangular_body_000161,42,56,14,18,16,24,14,4,8,16,24,49.0,16.0,20.0,0.8433315989837613,448,1.6634057935632004e-05,0.13092685579532953,0.003474959816691127,0.013299886072717653
80,samples/sample_000080.npz,rectangular_body_000080,34,47,35,43,3,8,13,8,5,3,8,40.5,39.0,5.5,0.4787336263885227,520,5.906317787737597e-06,0.10800015331534846,0.0025906834520155997,0.01219195392254494
291,samples/sample_000291.npz,rectangular_body_000291,5,13,37,43,6,14,8,6,8,6,14,9.0,40.0,10.0,0.418174515724672,384,3.703656887762e-06,0.10439190717421856,0.001531442656904186,0.008548535576922691
793,samples/sample_000793.npz,rectangular_body_000793,39,45,34,44,11,19,6,10,8,11,19,42.0,39.0,15.0,0.37880675544033227,480,1.0427163333570265e-05,0.08163525694664214,0.0017506586050463247,0.0076833552078515955
807,samples/sample_000807.npz,rectangular_body_000807,15,30,5,17,4,8,15,12,4,4,8,22.5,11.0,6.0,0.433048630005721,720,4.638669478154653e-06,0.07417245477362325,0.003127360586251112,0.01171848174414381
875,samples/sample_000875.npz,rectangular_body_000875,21,25,3,16,10,13,4,13,3,10,13,23.0,9.5,11.5,0.28759883144777043,156,1.1793382061785615e-06,0.022899613674841807,0.0004209497285947532,0.0020710784894298405
886,samples/sample_000886.npz,rectangular_body_000886,7,13,19,33,6,12,6,14,6,6,12,10.0,26.0,9.0,0.847318051094075,504,9.759125991512085e-06,0.1713773805688879,0.004128005462725417,0.018984580815662306
801,samples/sample_000801.npz,rectangular_body_000801,31,35,38,44,6,8,4,6,2,6,8,33.0,41.0,7.0,0.8897893272377273,48,1.5314689144097466e-06,0.05672803097305686,0.00042764650320973425,0.0031522443424814857
646,samples/sample_000646.npz,rectangular_body_000646,24,38,25,31,5,12,14,6,7,5,12,31.0,28.0,8.5,0.20228533281732855,588,6.508124440735551e-06,0.04919328947603749,0.0011836651161342248,0.005393840926125091
778,samples/sample_000778.npz,rectangular_body_000778,17,32,43,55,6,11,15,12,5,6,11,24.5,49.0,8.5,0.6554467734138336,900,1.4931799594296873e-05,0.1238264610637439,0.005786613208052953,0.02035072116206914
4,samples/sample_000004.npz,rectangular_body_000004,49,59,18,30,14,16,10,12,2,14,16,54.0,24.0,15.0,0.3684879516949954,240,3.1356468814635504e-06,0.023172601628978738,0.000821599882277175,0.003060893988477072
731,samples/sample_000731.npz,rectangular_body_000731,7,12,40,49,6,12,5,9,6,6,12,9.5,44.5,9.0,0.9690675144746734,270,4.920214829226168e-06,0.18476065419379478,0.0025175996374135656,0.014522227151279949
954,samples/sample_000954.npz,rectangular_body_000954,26,39,29,42,14,22,13,13,8,14,22,32.5,35.5,18.0,0.3597666653564333,1352,5.777623968143866e-05,0.09081768419594319,0.004661554933462158,0.014098943551899355
835,samples/sample_000835.npz,rectangular_body_000835,40,53,29,42,12,19,13,13,7,12,19,46.5,35.5,15.5,0.6597694970481107,1183,4.391460626236698e-05,0.15190440789301937,0.007456739724466583,0.023761791424023817
106,samples/sample_000106.npz,rectangular_body_000106,30,41,23,30,14,16,11,7,2,14,16,35.5,26.5,15.0,0.6076186970277863,154,7.3985071159796834e-06,0.03498142341761036,0.0009045377724793964,0.003683676134796882
554,samples/sample_000554.npz,rectangular_body_000554,4,20,47,56,12,20,16,9,8,12,20,12.0,51.5,16.0,0.35985246336345655,1152,1.2118478430919253e-05,0.08978381077492821,0.003777821721338583,0.013061610556209666
171,samples/sample_000171.npz,rectangular_body_000171,45,54,10,14,6,8,9,4,2,6,8,49.5,12.0,7.0,0.6488364763077721,72,6.526333597137869e-07,0.042777475644953405,0.0004584618480395344,0.0029804172314196868
364,samples/sample_000364.npz,rectangular_body_000364,26,36,52,60,2,6,10,8,4,2,6,31.0,56.0,4.0,0.4516506584311656,320,1.6403229298204321e-06,0.10705886760715487,0.0015885939769046753,0.009221707203096435
745,samples/sample_000745.npz,rectangular_body_000745,28,36,11,20,12,15,8,9,3,12,15,32.0,15.5,13.5,0.7490721204183324,216,8.047118736713562e-06,0.06728411993951951,0.001553561708171294,0.006828095526113842
685,samples/sample_000685.npz,rectangular_body_000685,45,58,10,15,15,23,13,5,8,15,23,51.5,12.5,19.0,0.71913712413714,520,1.3038320627859884e-05,0.13244663277232105,0.0033804157305196004,0.013486450868242508
725,samples/sample_000725.npz,rectangular_body_000725,41,45,48,52,4,9,4,4,5,4,9,43.0,50.0,6.5,0.2932506738427237,80,3.9487922375315177e-07,0.04795324702456816,0.00023575779022099827,0.002064382744010548
0,samples/sample_000000.npz,rectangular_body_000000,20,36,49,54,16,19,16,5,3,16,19,28.0,51.5,17.5,0.5823011515635614,240,7.032973128137094e-06,0.042782623296746994,0.001307996178176183,0.004829692209163078
113,samples/sample_000113.npz,rectangular_body_000113,51,61,18,28,9,13,10,10,4,9,13,56.0,23.0,11.0,0.5933520521682216,400,5.655421395361721e-06,0.07955802096752662,0.002215219800421153,0.009625898352548935
757,samples/sample_000757.npz,rectangular_body_000757,12,20,58,62,12,18,8,4,6,12,18,16.0,60.0,15.0,0.9104342261106211,192,4.1003897012800346e-06,0.1192161887717999,0.0014687718290028145,0.008495155291869373
702,samples/sample_000702.npz,rectangular_body_000702,42,57,42,53,3,11,15,11,8,3,11,49.5,47.5,7.0,0.8101595266123609,1320,1.7336240626459355e-05,0.27565105308031224,0.010742806895902984,0.040932923566992636
785,samples/sample_000785.npz,rectangular_body_000785,28,35,21,31,6,9,7,10,3,6,9,31.5,26.0,7.5,0.6136927817921671,210,5.809638793184044e-06,0.06637718171494748,0.0012863619869224814,0.006563547892716264
217,samples/sample_000217.npz,rectangular_body_000217,39,43,29,36,15,20,4,7,5,15,20,41.0,32.5,17.5,0.8405318124847987,140,1.0290737330127556e-05,0.08011795361939028,0.0011271680350236697,0.005473339718004353
75,samples/sample_000075.npz,rectangular_body_000075,14,25,34,42,13,17,11,8,4,13,17,19.5,38.0,15.0,0.7011835364614531,352,1.3339954832869483e-05,0.08324653463785169,0.0023698637029194716,0.009390065382894044
210,samples/sample_000210.npz,rectangular_body_000210,16,26,19,29,5,11,10,10,6,5,11,21.0,24.0,8.0,0.9421818730685152,600,1.6586251173769026e-05,0.20998756662637938,0.0056181859419740555,0.025083513318890863
566,samples/sample_000566.npz,rectangular_body_000566,26,40,24,37,14,19,14,13,5,14,19,33.0,30.5,16.5,0.8435192348082015,910,9.031583080370419e-05,0.13763834033673522,0.0073925058177290795,0.022274014496858754
103,samples/sample_000103.npz,rectangular_body_000103,44,58,22,29,10,14,14,7,4,10,14,51.0,25.5,12.0,0.9970838266696098,392,1.3091659113788739e-05,0.12679203063646155,0.0037359321800362125,0.015222743324534684
963,samples/sample_000963.npz,rectangular_body_000963,5,15,40,55,2,8,10,15,6,2,8,10.0,47.5,5.0,0.26389730262846733,900,2.439168616329024e-06,0.08414386762861606,0.002515155140423888,0.010678571659083353
558,samples/sample_000558.npz,rectangular_body_000558,44,52,35,45,6,10,8,10,4,6,10,48.0,40.0,8.0,0.5268464554764605,320,4.0831678444738675e-06,0.07557522192855479,0.0016632609104438823,0.008070735923492549
96,samples/sample_000096.npz,rectangular_body_000096,50,59,32,46,6,13,9,14,7,6,13,54.5,39.0,9.5,0.30725299857992516,882,6.2512808503551825e-06,0.0767992185267719,0.0025982281223835414,0.010463415487391655
650,samples/sample_000650.npz,rectangular_body_000650,40,56,9,21,7,12,16,12,5,7,12,48.0,15.0,9.5,0.5055519479448038,960,1.0513211413092342e-05,0.09322624983422603,0.004688643169106066,0.015892537889679027
8,samples/sample_000008.npz,rectangular_body_000008,13,26,45,58,13,16,13,13,3,13,16,19.5,51.5,14.5,0.9925207538285843,507,1.6695331899465338e-05,0.09952427872806577,0.004723722075128075,0.015636125454506985
518,samples/sample_000518.npz,rectangular_body_000518,28,43,2,14,14,16,15,12,2,14,16,35.5,8.0,15.0,0.35363900544852706,360,4.71919903949276e-06,0.02353342423400657,0.0011511862729440782,0.003820288649486563
290,samples/sample_000290.npz,rectangular_body_000290,14,21,8,17,3,11,7,9,8,3,11,17.5,12.5,7.0,0.9668653457100038,504,7.563092206442619e-06,0.30892060465216864,0.0048922257654344815,0.027265295761632537
908,samples/sample_000908.npz,rectangular_body_000908,38,54,25,33,9,17,16,8,8,9,17,46.0,29.0,13.0,0.6262676339088955,1024,3.172072824126172e-05,0.16141242167562458,0.006187416792602058,0.022268794484458804
666,samples/sample_000666.npz,rectangular_body_000666,19,26,47,54,4,11,7,7,7,4,11,22.5,50.5,7.5,0.8188329405618346,343,5.566005037896321e-06,0.20839750351856007,0.0027919097281827025,0.01655141834145245
636,samples/sample_000636.npz,rectangular_body_000636,7,18,41,46,11,13,11,5,2,11,13,12.5,43.5,12.0,0.3469654351730709,110,1.0791344716623276e-06,0.019751790235127,0.0003638532709586185,0.0017679585548745728
618,samples/sample_000618.npz,rectangular_body_000618,33,39,35,50,7,14,6,15,7,7,14,36.0,42.5,10.5,0.9109080603625692,630,2.5793171761783828e-05,0.204431822590375,0.005619164489811902,0.023646404834488623
585,samples/sample_000585.npz,rectangular_body_000585,42,58,9,14,3,11,16,5,8,3,11,50.0,11.5,7.0,0.37629007366688205,640,3.2857965108295457e-06,0.1173293356551666,0.0023986613363709756,0.011804477084902152
803,samples/sample_000803.npz,rectangular_body_000803,15,30,33,39,7,10,15,6,3,7,10,22.5,36.0,8.5,0.2725273051990533,270,2.822136390931141e-06,0.027922809963485413,0.000727416971195846,0.0032134265705239524
297,samples/sample_000297.npz,rectangular_body_000297,25,41,48,59,12,20,16,11,8,12,20,33.0,53.5,16.0,0.9541568060163397,1408,6.228652911213058e-05,0.24812352747896477,0.012472372025115593,0.0397529070749109
228,samples/sample_000228.npz,rectangular_body_000228,26,42,24,37,5,8,16,13,3,5,8,34.0,30.5,6.5,0.43124807661798414,624,1.2538105184565538e-05,0.05313126473355988,0.002717640481623282,0.00924636282577875
28,samples/sample_000028.npz,rectangular_body_000028,24,37,45,53,10,18,13,8,8,10,18,30.5,49.0,14.0,0.37916968038695953,832,1.5237661698628158e-05,0.09406215987067411,0.0030199364722694657,0.011609225964011087
537,samples/sample_000537.npz,rectangular_body_000537,38,51,10,19,7,12,13,9,5,7,12,44.5,14.5,9.5,0.5188715671325614,585,7.158051500436851e-06,0.0916998542790223,0.002947632879518451,0.012036385056402884
791,samples/sample_000791.npz,rectangular_body_000791,6,19,25,32,13,17,13,7,4,13,17,12.5,28.5,15.0,0.2975324681415827,364,4.794077146083222e-06,0.034901233899825954,0.0010205781571357168,0.0040256086045276
590,samples/sample_000590.npz,rectangular_body_000590,19,31,15,26,15,19,12,11,4,15,19,25.0,20.5,17.0,0.5760261258422612,528,1.871245449398841e-05,0.07100262838790591,0.0029015268789010953,0.009769946767353972
311,samples/sample_000311.npz,rectangular_body_000311,14,24,6,20,16,24,10,14,8,16,24,19.0,13.0,20.0,0.8180567472456166,1120,4.1564472635755976e-05,0.19053467931528528,0.008389743046228863,0.02712909212962367
269,samples/sample_000269.npz,rectangular_body_000269,11,20,5,17,8,13,9,12,5,8,13,15.5,11.0,10.5,0.42957357572417765,540,4.767518593216191e-06,0.07343699810859397,0.002201014871066431,0.009248045692078901
341,samples/sample_000341.npz,rectangular_body_000341,32,48,37,44,6,10,16,7,4,6,10,40.0,40.5,8.0,0.664745408092194,448,9.6703762535347e-06,0.09618095432543605,0.002954640161552026,0.012290918496172056
369,samples/sample_000369.npz,rectangular_body_000369,35,47,8,23,12,18,12,15,6,12,18,41.0,15.5,15.0,0.7001497346255863,1080,3.21272990767365e-05,0.1398306360891687,0.007178300469207932,0.022676180362499753
46,samples/sample_000046.npz,rectangular_body_000046,26,42,47,61,6,8,16,14,2,6,8,34.0,54.0,7.0,0.5160173040865819,448,4.687345920150495e-06,0.04123714627616523,0.002256393861044914,0.007565214181721052
207,samples/sample_000207.npz,rectangular_body_000207,40,48,37,53,5,9,8,16,4,5,9,44.0,45.0,7.0,0.49942213422980236,512,5.3914661357016605e-06,0.0771610984997447,0.0025502011554379748,0.010465679199106483
89,samples/sample_000089.npz,rectangular_body_000089,25,40,5,12,5,7,15,7,2,5,7,32.5,8.5,6.0,0.32708311713986654,210,1.162470074178643e-06,0.026281791628130418,0.000681501769789774,0.003153663505244553
163,samples/sample_000163.npz,rectangular_body_000163,49,59,37,51,4,6,10,14,2,4,6,54.0,44.0,5.0,0.6152726946197704,280,1.9477554938690834e-06,0.05618687265162765,0.001759803290865125,0.007542995165361591
601,samples/sample_000601.npz,rectangular_body_000601,8,18,10,18,10,18,10,8,8,10,18,13.0,14.0,14.0,0.6294322040203926,640,1.1078427269300796e-05,0.15122175949761585,0.003773689877399929,0.01627590517686899
434,samples/sample_000434.npz,rectangular_body_000434,24,34,15,27,5,10,10,12,5,5,10,29.0,21.0,7.5,0.5922204950511614,600,1.1745087342650751e-05,0.1133310495287556,0.003547321265775688,0.014897426575509931
515,samples/sample_000515.npz,rectangular_body_000515,31,46,33,48,16,20,15,15,4,16,20,38.5,40.5,18.0,0.3763551204477902,900,2.5558270549188597e-05,0.04945029467681626,0.0032287166073190375,0.008852067759122409
302,samples/sample_000302.npz,rectangular_body_000302,20,30,3,8,8,12,10,5,4,8,12,25.0,5.5,10.0,0.7871825875801053,200,3.276501479279101e-06,0.0958107223148753,0.0014494156767884867,0.008073208978109415
916,samples/sample_000916.npz,rectangular_body_000916,18,23,8,12,8,11,5,4,3,8,11,20.5,10.0,9.5,0.5847888789024132,60,7.245190480370096e-07,0.046165649660169006,0.00033697626064208453,0.0024067378097324273
465,samples/sample_000465.npz,rectangular_body_000465,11,21,12,27,6,8,10,15,2,6,8,16.0,19.5,7.0,0.8933957877778471,300,5.00751004697274e-06,0.0696088956752988,0.0026570596477080424,0.010345275135115874
643,samples/sample_000643.npz,rectangular_body_000643,13,21,31,42,6,14,8,11,8,6,14,17.0,36.5,10.0,0.6011652483150601,704,1.4693896207249366e-05,0.1637387506860551,0.004140767606865793,0.018434721016865798
946,samples/sample_000946.npz,rectangular_body_000946,26,33,39,44,2,4,7,5,2,2,4,29.5,41.5,3.0,0.8937473575282957,70,9.706201396435678e-07,0.12954081624512417,0.0007509480946095602,0.006519607614475692
124,samples/sample_000124.npz,rectangular_body_000124,51,61,37,48,2,10,10,11,8,2,10,56.0,42.5,6.0,0.7713258461083334,880,8.798154682660374e-06,0.2989113543542611,0.0069646817857376055,0.03318778623378489
980,samples/sample_000980.npz,rectangular_body_000980,10,23,27,43,5,10,13,16,5,5,10,16.5,35.0,7.5,0.9036125081850517,1040,2.5840957367586723e-05,0.1789445819750618,0.009337438535859246,0.03140198242153816
462,samples/sample_000462.npz,rectangular_body_000462,20,24,47,62,9,17,4,15,8,9,17,22.0,54.5,13.0,0.8378234009253662,480,1.1609042910807013e-05,0.16967541523051125,0.003715405369399692,0.016778704717917182
812,samples/sample_000812.npz,rectangular_body_000812,20,27,26,33,2,7,7,7,5,2,7,23.5,29.5,4.5,0.6399675614159568,245,3.6373288738064756e-06,0.17303700386269863,0.0017213353169846294,0.011691895882273625
186,samples/sample_000186.npz,rectangular_body_000186,17,21,27,31,5,13,4,4,8,5,13,19.0,29.0,9.0,0.7043973114302104,128,3.2043423260970484e-06,0.14833599575833087,0.0008912367093419106,0.0068141020908025745
713,samples/sample_000713.npz,rectangular_body_000713,30,38,33,45,2,6,8,12,4,2,6,34.0,39.0,4.0,0.6627547295620151,384,5.840708806115084e-06,0.1577322869021398,0.002852711019667291,0.014971780018789923
325,samples/sample_000325.npz,rectangular_body_000325,24,33,51,55,14,19,9,4,5,14,19,28.5,53.0,16.5,0.31407478056583804,180,2.555387339504244e-06,0.03286109193189633,0.0005281864376823198,0.0025360097492653335
368,samples/sample_000368.npz,rectangular_body_000368,24,29,8,20,8,10,5,12,2,8,10,26.5,14.0,9.0,0.35119494460946304,120,1.1434495434881772e-06,0.022457728308509114,0.00041090591008950586,0.0020828896069409503
406,samples/sample_000406.npz,rectangular_body_000406,38,43,13,29,5,10,5,16,5,5,10,40.5,21.0,7.5,0.21008842483278445,400,2.2925578951064938e-06,0.0370320221802507,0.0008375363449453635,0.003919831582681636
257,samples/sample_000257.npz,rectangular_body_000257,30,37,19,28,16,24,7,9,8,16,24,33.5,23.5,20.0,0.8275098231699369,504,4.119450195835933e-05,0.16036467135338156,0.0039633687064781,0.0154225087917147
448,samples/sample_000448.npz,rectangular_body_000448,40,54,2,14,11,14,14,12,3,11,14,47.0,8.0,12.5,0.7511212929935864,504,8.745016065106868e-06,0.07761727113154462,0.0034519331321295876,0.012273993475704747
978,samples/sample_000978.npz,rectangular_body_000978,21,25,29,37,10,17,4,8,7,10,17,23.0,33.0,13.5,0.9785005957691788,224,1.4661920651104032e-05,0.15995806928533235,0.0021266137760713,0.01124880690751071
574,samples/sample_000574.npz,rectangular_body_000574,40,48,14,24,13,16,8,10,3,13,16,44.0,19.0,14.5,0.9916066981495095,240,9.950718507009372e-06,0.08804034570298154,0.0022778595572721513,0.00946203360593417
949,samples/sample_000949.npz,rectangular_body_000949,14,29,18,22,7,9,15,4,2,7,9,21.5,20.0,8.0,0.6494763144469811,120,2.0212439412286484e-06,0.040813846210446154,0.0007698002679935517,0.0038447426429527054
632,samples/sample_000632.npz,rectangular_body_000632,31,42,43,50,7,11,11,7,4,7,11,36.5,46.5,9.0,0.7501212138578439,308,7.399097407527364e-06,0.1025575348860808,0.0022697814008685122,0.010766728573139154
656,samples/sample_000656.npz,rectangular_body_000656,18,34,24,28,16,23,16,4,7,16,23,26.0,26.0,19.5,0.2069483026886615,448,8.421904759497854e-06,0.028910004302194682,0.0008821199440016023,0.0031376934944620195
710,samples/sample_000710.npz,rectangular_body_000710,20,36,9,21,15,18,16,12,3,15,18,28.0,15.0,16.5,0.9740196351316368,576,2.9795499489649865e-05,0.09547732789895179,0.005305561666936846,0.015933357205698502
33,samples/sample_000033.npz,rectangular_body_000033,29,38,22,32,4,9,9,10,5,4,9,33.5,27.0,6.5,0.6624796009659032,450,1.184708662157042e-05,0.13312432341777833,0.003027720758601215,0.014620940159725102
905,samples/sample_000905.npz,rectangular_body_000905,56,60,15,31,13,19,4,16,6,13,19,58.0,23.0,16.0,0.7059335191206824,384,8.611588996815668e-06,0.09568315243870437,0.00240574967900187,0.010088244996777011
249,samples/sample_000249.npz,rectangular_body_000249,24,33,7,23,9,12,9,16,3,9,12,28.5,15.0,10.5,0.24927266510384138,432,3.7750041952765422e-06,0.026012905081012453,0.0010426604523333313,0.0038152920023987106
777,samples/sample_000777.npz,rectangular_body_000777,45,51,41,51,15,17,6,10,2,15,17,48.0,46.0,16.0,0.5416093625676883,120,2.5252317853217658e-06,0.02821462005165434,0.0006137419664481209,0.0026672305577584827
506,samples/sample_000506.npz,rectangular_body_000506,10,18,22,31,8,16,8,9,8,8,16,14.0,26.5,12.0,0.23898751306789068,576,4.891782549183524e-06,0.0598463524238284,0.0013249882237422136,0.006071637710632101
564,samples/sample_000564.npz,rectangular_body_000564,17,28,33,44,13,18,11,11,5,13,18,22.5,38.5,15.5,0.9794557452842021,605,3.668597105888993e-05,0.15352572268591524,0.005696371162687558,0.020233122135499233
83,samples/sample_000083.npz,rectangular_body_000083,4,16,29,39,5,11,12,10,6,5,11,10.0,34.0,8.0,0.22406604491713944,720,3.683027528901927e-06,0.050614525996352036,0.0015689366916231714,0.0066722146648426715
162,samples/sample_000162.npz,rectangular_body_000162,43,52,3,8,13,20,9,5,7,13,20,47.5,5.5,16.5,0.605184773503524,315,5.2062513185260475e-06,0.10079155829284225,0.001652221471427153,0.008271361870453594
337,samples/sample_000337.npz,rectangular_body_000337,37,44,37,46,6,14,7,9,8,6,14,40.5,41.5,10.0,0.8257844806528294,504,1.5616400526217533e-05,0.2166463202762979,0.0040875633773275865,0.020330901282537398
914,samples/sample_000914.npz,rectangular_body_000914,13,24,18,32,14,16,11,14,2,14,16,18.5,25.0,15.0,0.3902534153593651,308,6.073226440521618e-06,0.025454665010415996,0.0011512526983413762,0.00380686024960323
245,samples/sample_000245.npz,rectangular_body_000245,3,15,26,34,3,6,12,8,3,3,6,9.0,30.0,4.5,0.4366408519048685,288,1.6214774584420466e-06,0.06527123379015815,0.0013162154644285164,0.0067865179027056955
329,samples/sample_000329.npz,rectangular_body_000329,18,22,54,59,12,16,4,5,4,12,16,20.0,56.5,14.0,0.7547140503259662,80,1.6392890843323987e-06,0.06201395424097848,0.0005536573424959736,0.0034312842384141063
630,samples/sample_000630.npz,rectangular_body_000630,29,33,11,15,3,10,4,4,7,3,10,31.0,13.0,6.5,0.3121400030792367,112,7.546233302815555e-07,0.07593150568776175,0.0003554828833137527,0.0031619243939808935
799,samples/sample_000799.npz,rectangular_body_000799,26,41,40,52,9,17,15,12,8,9,17,33.5,46.0,13.0,0.20791135295818491,1440,1.5468514551257703e-05,0.05727653303492257,0.0028912338903224364,0.009341963797040094
350,samples/sample_000350.npz,rectangular_body_000350,7,11,40,49,9,11,4,9,2,9,11,9.0,44.5,10.0,0.5426040553001996,72,7.980972659217444e-07,0.030026721768926373,0.0003717243498636528,0.0021826969627354773
907,samples/sample_000907.npz,rectangular_body_000907,8,18,37,50,12,15,10,13,3,12,15,13.0,43.5,13.5,0.9963697880244762,390,1.2560998607838742e-05,0.0978286478880332,0.003684452117386631,0.013497070361171292
895,samples/sample_000895.npz,rectangular_body_000895,27,40,7,21,8,12,13,14,4,8,12,33.5,14.0,10.0,0.9542290726522507,728,2.3572756396617044e-05,0.13892648082930953,0.006734160729043178,0.0230128346577891
898,samples/sample_000898.npz,rectangular_body_000898,48,58,17,26,8,10,10,9,2,8,10,53.0,21.5,9.0,0.21022787558249265,180,7.948943580078451e-07,0.01469120819520207,0.0003651361781886204,0.0016802988932851967
887,samples/sample_000887.npz,rectangular_body_000887,32,42,23,34,4,12,10,11,8,4,12,37.0,28.5,8.0,0.7836249568452158,880,3.071065426952868e-05,0.24012001729736082,0.006913668024866431,0.0297455449829218
286,samples/sample_000286.npz,rectangular_body_000286,30,43,8,24,6,11,13,16,5,6,11,36.5,16.0,8.5,0.8926958595448438,1040,2.69764086854065e-05,0.17029684841192766,0.009121023814458992,0.030153268271797252
831,samples/sample_000831.npz,rectangular_body_000831,11,25,4,9,12,15,14,5,3,12,15,18.0,6.5,13.5,0.9024406168026535,210,4.584056428649658e-06,0.07454200435739677,0.0017154527772443473,0.007677399664180097
64,samples/sample_000064.npz,rectangular_body_000064,30,37,17,24,14,19,7,7,5,14,19,33.5,20.5,16.5,0.33894776967550994,245,5.940346603773127e-06,0.04283537389539819,0.0007957629178154963,0.003588958294860896
934,samples/sample_000934.npz,rectangular_body_000934,9,21,27,43,12,15,12,16,3,12,15,15.0,35.0,13.5,0.47705718295944505,576,1.2381943738210517e-05,0.04903933443014741,0.0026305294879305644,0.008261874510689316
539,samples/sample_000539.npz,rectangular_body_000539,28,43,3,18,6,13,15,15,7,6,13,35.5,10.5,9.5,0.7898640875162031,1575,3.3065682346018355e-05,0.20811928917442785,0.011912313838035113,0.038354255015075826
158,samples/sample_000158.npz,rectangular_body_000158,42,52,18,28,3,5,10,10,2,3,5,47.0,23.0,4.0,0.2984070235870901,200,7.714721429824454e-07,0.032222923551581614,0.0006483206006489032,0.003315806560691987
825,samples/sample_000825.npz,rectangular_body_000825,45,59,29,35,15,21,14,6,6,15,21,52.0,32.0,18.0,0.9665410155168954,504,2.7779245563510457e-05,0.14876538043571685,0.004511352836192383,0.01696373967794959
586,samples/sample_000586.npz,rectangular_body_000586,4,15,12,21,15,18,11,9,3,15,18,9.5,16.5,16.5,0.5132554007789782,297,4.74346587206877e-06,0.045500609504690974,0.001384724290706684,0.005427365557147538
547,samples/sample_000547.npz,rectangular_body_000547,12,26,36,50,7,10,14,14,3,7,10,19.0,43.0,8.5,0.8249632485210536,588,1.2741938074692864e-05,0.09359010272198591,0.004767146504078961,0.016135459376248988
15,samples/sample_000015.npz,rectangular_body_000015,19,32,23,31,14,17,13,8,3,14,17,25.5,27.0,15.5,0.6645448098260138,312,1.5352008946389126e-05,0.059635792880167404,0.0019986742992343944,0.007346027342180359
379,samples/sample_000379.npz,rectangular_body_000379,27,43,43,54,3,5,16,11,2,3,5,35.0,48.5,4.0,0.9597595667381016,352,4.990594989685737e-06,0.10511818163729013,0.003667875270521686,0.01457757027559069
394,samples/sample_000394.npz,rectangular_body_000394,12,21,41,53,8,10,9,12,2,8,10,16.5,47.0,9.0,0.5022714726663857,216,2.400845548214673e-06,0.03563140330817226,0.0010563755204203327,0.004492583498431122
410,samples/sample_000410.npz,rectangular_body_000410,38,50,13,23,8,12,12,10,4,8,12,44.0,18.0,10.0,0.30070250929708897,480,4.097416007076735e-06,0.042095546885597815,0.0014052543077787195,0.005610361599572004
100,samples/sample_000100.npz,rectangular_body_000100,8,12,30,43,3,8,4,13,5,3,8,10.0,36.5,5.5,0.8666723554680504,260,3.375695477532506e-06,0.1795795114934578,0.002312534965766465,0.013944685225895145
157,samples/sample_000157.npz,rectangular_body_000157,16,21,51,60,10,15,5,9,5,10,15,18.5,55.5,12.5,0.6124445318328228,225,3.342968802207624e-06,0.08406851317189948,0.0012792304371756762,0.006751176067701036
19,samples/sample_000019.npz,rectangular_body_000019,25,36,38,44,12,20,11,6,8,12,20,30.5,41.0,16.0,0.26977642699442983,528,1.1073198111285983e-05,0.05719435421002099,0.0013704299949039698,0.00567459951719235
996,samples/sample_000996.npz,rectangular_body_000996,32,47,30,41,2,4,15,11,2,2,4,39.5,35.5,3.0,0.5289617898344134,330,2.9041516152169548e-06,0.07921331255544953,0.0020953072305174678,0.009143369690315284
391,samples/sample_000391.npz,rectangular_body_000391,4,16,32,38,12,16,12,6,4,12,16,10.0,35.0,14.0,0.24639238878913794,288,2.689437230272659e-06,0.027895669339931525,0.0006620291210596198,0.002890938210343824
499,samples/sample_000499.npz,rectangular_body_000499,12,18,6,18,3,7,6,12,4,3,7,15.0,12.0,5.0,0.9400228725959769,288,2.824956876717298e-06,0.17290702036005,0.0028037658569186955,0.01572149355710022
343,samples/sample_000343.npz,rectangular_body_000343,51,60,39,53,7,15,9,14,8,7,15,55.5,46.0,11.0,0.7460535669979571,1008,1.5994200566675674e-05,0.2048615640076477,0.007045485594847163,0.027951845551246423
498,samples/sample_000498.npz,rectangular_body_000498,34,50,14,28,14,20,16,14,6,14,20,42.0,21.0,17.0,0.3257523080293681,1344,2.4948526215639082e-05,0.0649387708982551,0.004163953398708302,0.01166588288005868
719,samples/sample_000719.npz,rectangular_body_000719,25,36,37,41,3,6,11,4,3,3,6,30.5,39.0,4.5,0.991752460632525,132,3.3744638363653653e-06,0.13886253595280396,0.0013996177088162801,0.00941031516952779
431,samples/sample_000431.npz,rectangular_body_000431,50,60,49,58,13,15,10,9,2,13,15,55.0,53.5,14.0,0.9215554754229345,180,3.6710485334746754e-06,0.05673604936449027,0.001497189154648484,0.00646488680955808
771,samples/sample_000771.npz,rectangular_body_000771,52,61,8,16,2,6,9,8,4,2,6,56.5,12.0,4.0,0.2685217637472205,288,5.295620357687381e-07,0.06349162697772108,0.000840715621467135,0.0051647304769938465
338,samples/sample_000338.npz,rectangular_body_000338,15,21,30,39,11,15,6,9,4,11,15,18.0,34.5,13.0,0.7774267610516181,216,8.289429649972841e-06,0.08793398282744502,0.0016231251685546585,0.007759870068030947
707,samples/sample_000707.npz,rectangular_body_000707,23,33,45,57,12,16,10,12,4,12,16,28.0,51.0,14.0,0.7195062785151767,480,1.4377419941198068e-05,0.09237146557312344,0.0032782579414009044,0.012215283665039482
929,samples/sample_000929.npz,rectangular_body_000929,54,61,18,29,12,19,7,11,7,12,19,57.5,23.5,15.5,0.7622384936955864,539,1.3038549414615426e-05,0.1517638706124017,0.00366872765281364,0.016024753152838977
400,samples/sample_000400.npz,rectangular_body_000400,19,23,44,52,15,21,4,8,6,15,21,21.0,48.0,18.0,0.786518605869515,192,7.2159611134114716e-06,0.09052777250788546,0.0014206774674564604,0.006689848144100853
357,samples/sample_000357.npz,rectangular_body_000357,43,57,8,14,2,8,14,6,6,2,8,50.0,11.0,5.0,0.6556696365438632,504,3.251540106227152e-06,0.2019394332647551,0.00350439789766526,0.018727741747260513
774,samples/sample_000774.npz,rectangular_body_000774,47,52,46,52,10,16,5,6,6,10,16,49.5,49.0,13.0,0.9811483314456215,180,4.861025091063587e-06,0.14685028848073073,0.001676763887098296,0.009582966273771875
826,samples/sample_000826.npz,rectangular_body_000826,11,21,8,23,5,12,10,15,7,5,12,16.0,15.5,8.5,0.30810055895362,1050,6.389926397548656e-06,0.08104729041984801,0.0031623753676877425,0.012031443897447073
69,samples/sample_000069.npz,rectangular_body_000069,38,52,40,52,8,13,14,12,5,8,13,45.0,46.0,10.5,0.5565470437089544,840,1.3511109525937917e-05,0.09956101118544654,0.004533779771836234,0.015804836485881144
120,samples/sample_000120.npz,rectangular_body_000120,48,53,15,29,3,5,5,14,2,3,5,50.5,22.0,4.0,0.9033224956910024,140,1.3936729941616151e-06,0.0946885485068356,0.0013692963014833588,0.007955976098123025
164,samples/sample_000164.npz,rectangular_body_000164,19,28,32,44,3,5,9,12,2,3,5,23.5,38.0,4.0,0.7952688461787167,216,3.17068631519971e-06,0.08602033953450494,0.0018728499723823593,0.009213627252220743
144,samples/sample_000144.npz,rectangular_body_000144,13,17,40,50,13,21,4,10,8,13,21,15.0,45.0,17.0,0.5166440440056412,320,6.789305212147232e-06,0.0862197078264736,0.0015539945942415808,0.00708336638549128
183,samples/sample_000183.npz,rectangular_body_000183,19,32,43,54,16,22,13,11,6,16,22,25.5,48.5,19.0,0.5291225751810547,858,2.6046754044936972e-05,0.09551766676134935,0.0042563841416206945,0.013648241642542339
178,samples/sample_000178.npz,rectangular_body_000178,19,30,44,60,11,14,11,16,3,11,14,24.5,52.0,12.5,0.7942484307284456,528,1.374926375369243e-05,0.0821030719777068,0.003967160852503366,0.013282430280429042
259,samples/sample_000259.npz,rectangular_body_000259,38,42,42,52,7,10,4,10,3,7,10,40.0,47.0,8.5,0.7174683510709243,120,2.2905664481663763e-06,0.06486196318192172,0.0008466075943227142,0.004916560082526871
348,samples/sample_000348.npz,rectangular_body_000348,41,51,29,37,5,8,10,8,3,5,8,46.0,33.0,6.5,0.22432557542268167,240,1.4533867462062886e-06,0.026097586846556,0.0005413512330826303,0.0027336056687640178
127,samples/sample_000127.npz,rectangular_body_000127,23,30,53,57,5,13,7,4,8,5,13,26.5,55.0,9.0,0.7934138854022472,224,3.945645046602775e-06,0.18603619814022232,0.0017164357297476062,0.011441128844171101
759,samples/sample_000759.npz,rectangular_body_000759,29,45,20,34,15,21,16,14,6,15,21,37.0,27.0,18.0,0.9940995475069252,1344,0.00012359471195160846,0.19534271326141733,0.012776698302426354,0.034943781773271565
45,samples/sample_000045.npz,rectangular_body_000045,33,39,10,19,4,11,6,9,7,4,11,36.0,14.5,7.5,0.585696214499613,378,5.3689336865462295e-06,0.1487737504198327,0.0022072856360481202,0.01253457936005622
486,samples/sample_000486.npz,rectangular_body_000486,15,31,28,42,12,15,16,14,3,12,15,23.0,35.0,13.5,0.5915232119731689,672,2.5416665755608193e-05,0.061981171383260286,0.003849407291185726,0.011269446679110878
924,samples/sample_000924.npz,rectangular_body_000924,20,28,27,31,8,11,8,4,3,8,11,24.0,29.0,9.5,0.85843206219658,96,3.8315409580414955e-06,0.07225751689026635,0.0008115328997756791,0.004894298172865352
389,samples/sample_000389.npz,rectangular_body_000389,5,18,12,22,9,17,13,10,8,9,17,11.5,17.0,13.0,0.5463011145762704,1040,1.5226090250467879e-05,0.14472688213022056,0.005333269801077931,0.020007597117035803
147,samples/sample_000147.npz,rectangular_body_000147,13,26,28,41,9,11,13,13,2,9,11,19.5,34.5,10.0,0.7723513030642546,338,1.0851082616541407e-05,0.05584167550234604,0.0025544744308208835,0.008895979514353261
142,samples/sample_000142.npz,rectangular_body_000142,37,50,19,34,5,8,13,15,3,5,8,43.5,26.5,6.5,0.5166820864013048,585,7.905105306297136e-06,0.06351578320999908,0.0030416135302251523,0.010692241651587117
378,samples/sample_000378.npz,rectangular_body_000378,11,23,8,17,8,13,12,9,5,8,13,17.0,12.5,10.5,0.8820852455976098,540,1.071686203351241e-05,0.15079534453031715,0.004562808136321848,0.0189824684206388
600,samples/sample_000600.npz,rectangular_body_000600,18,33,41,50,8,16,15,9,8,8,16,25.5,45.5,12.0,0.7228532840355799,1080,3.229437001296826e-05,0.1948104313143774,0.00756890086678627,0.02748433735114995
626,samples/sample_000626.npz,rectangular_body_000626,49,55,15,20,7,15,6,5,8,7,15,52.0,17.5,11.0,0.7925831669946424,240,4.44000371370507e-06,0.17390478546296778,0.0018206168899396603,0.011155293257400578
988,samples/sample_000988.npz,rectangular_body_000988,31,43,21,35,11,18,12,14,7,11,18,37.0,28.0,14.5,0.9867455222147938,1176,9.003987320920802e-05,0.2301227409541097,0.011230118101225933,0.036045081120436785
283,samples/sample_000283.npz,rectangular_body_000283,51,55,5,17,11,15,4,12,4,11,15,53.0,11.0,13.0,0.8207551791079548,192,3.483854658409944e-06,0.08156484885515719,0.0014562320956072457,0.007154546804374069
941,samples/sample_000941.npz,rectangular_body_000941,26,38,19,35,11,16,12,16,5,11,16,32.0,27.0,13.5,0.6132266000738589,960,5.074152560132224e-05,0.10509511095015754,0.0057171475393391884,0.017683819307214004
828,samples/sample_000828.npz,rectangular_body_000828,31,40,32,45,15,20,9,13,5,15,20,35.5,38.5,17.5,0.6249895857699019,585,3.236791918691185e-05,0.09254020669966914,0.0035038472674763597,0.012001223837865168
153,samples/sample_000153.npz,rectangular_body_000153,53,60,50,61,4,12,7,11,8,4,12,56.5,55.5,8.0,0.8345949645585902,616,6.056617308284504e-06,0.24639008633438728,0.0048273781551513364,0.025211542639976915
487,samples/sample_000487.npz,rectangular_body_000487,36,47,25,34,4,8,11,9,4,4,8,41.5,29.5,6.0,0.7659968940768513,396,8.825366431865158e-06,0.12744743565158292,0.003095287646148361,0.014613057318833013
438,samples/sample_000438.npz,rectangular_body_000438,52,60,22,37,12,16,8,15,4,12,16,56.0,29.5,14.0,0.7253384418588682,480,1.2292997675020555e-05,0.0909071743034051,0.0032076219197790783,0.012125516328005438
179,samples/sample_000179.npz,rectangular_body_000179,10,26,25,30,11,14,16,5,3,11,14,18.0,27.5,12.5,0.21757411608665045,240,2.364281437700745e-06,0.018692543386386744,0.0005044857668673414,0.002058115992015927
455,samples/sample_000455.npz,rectangular_body_000455,40,51,2,9,2,9,11,7,7,2,9,45.5,5.5,5.5,0.2894138458678411,539,1.5854804685670443e-06,0.09993656380830596,0.00158783345232803,0.00900003714688322
743,samples/sample_000743.npz,rectangular_body_000743,17,32,7,14,7,11,15,7,4,7,11,24.5,10.5,9.0,0.5860019691360712,420,5.51571538942869e-06,0.0814519889474454,0.0023782267113838483,0.01012398928025858
375,samples/sample_000375.npz,rectangular_body_000375,36,42,2,18,10,17,6,16,7,10,17,39.0,10.0,13.5,0.6594562509508131,672,1.4696177803904432e-05,0.13556112530339606,0.004098390444788247,0.01639204862484102
123,samples/sample_000123.npz,rectangular_body_000123,18,31,11,26,5,9,13,15,4,5,9,24.5,18.5,7.0,0.45816516524155326,780,8.651237459125026e-06,0.07360024450665578,0.003569635353516952,0.012453455023580385
546,samples/sample_000546.npz,rectangular_body_000546,54,60,35,47,2,6,6,12,4,2,6,57.0,41.0,4.0,0.8080713821354963,288,2.0889067592776134e-06,0.189455114530018,0.0025468990203939145,0.015372180799149341
858,samples/sample_000858.npz,rectangular_body_000858,38,48,55,62,4,10,10,7,6,4,10,43.0,58.5,7.0,0.37112925616492903,420,2.1063563492770774e-06,0.08527823456982364,0.0014864534013197144,0.00821829715171982
659,samples/sample_000659.npz,rectangular_body_000659,3,13,50,61,15,17,10,11,2,15,17,8.0,55.5,16.0,0.9585736500126483,220,4.894915942348929e-06,0.05838770018138144,0.0018143705541236923,0.007365491400336146
504,samples/sample_000504.npz,rectangular_body_000504,47,52,19,34,9,13,5,15,4,9,13,49.5,26.5,11.0,0.23397286450087043,300,2.3427300478121774e-06,0.02811783234182302,0.0006791943329896371,0.002971029432911361
310,samples/sample_000310.npz,rectangular_body_000310,17,22,19,31,10,17,5,12,7,10,17,19.5,25.0,13.5,0.7159255896360319,420,1.4145330742653989e-05,0.13679730449853106,0.0029026712289486264,0.012921184640317235
377,samples/sample_000377.npz,rectangular_body_000377,17,26,41,50,7,13,9,9,6,7,13,21.5,45.5,10.0,0.5447437845687415,486,8.009708553407432e-06,0.110397780912619,0.0025849704672024918,0.011881740372874877
373,samples/sample_000373.npz,rectangular_body_000373,48,53,10,14,14,21,5,4,7,14,21,50.5,12.0,17.5,0.7757885161461189,140,3.527433399924182e-06,0.09340118715987361,0.0009968698662748132,0.005441468512846431
247,samples/sample_000247.npz,rectangular_body_000247,18,22,29,41,4,8,4,12,4,4,8,20.0,35.0,6.0,0.9369144971952845,192,4.586308946706739e-06,0.14016762380143177,0.0018336102844727924,0.010934428286557467
418,samples/sample_000418.npz,rectangular_body_000418,23,36,31,47,13,21,13,16,8,13,21,29.5,39.0,17.0,0.5609443448135512,1664,8.287457204668954e-05,0.1476397737225802,0.008952433794424371,0.025532737093761124
26,samples/sample_000026.npz,rectangular_body_000026,42,55,34,42,7,9,13,8,2,7,9,48.5,38.0,8.0,0.4725149145015195,208,2.4993516645451243e-06,0.03425532998449467,0.0009672588636203982,0.004229251951450146
528,samples/sample_000528.npz,rectangular_body_000528,18,28,47,61,6,14,10,14,8,6,14,23.0,54.0,10.0,0.6892271632061312,1120,1.8142026481729248e-05,0.19696140105920462,0.0073438933858411175,0.028382053083743315
679,samples/sample_000679.npz,rectangular_body_000679,14,27,46,57,14,16,13,11,2,14,16,20.5,51.5,15.0,0.54842092365412,286,5.52231539733564e-06,0.03550253413892239,0.0014730020342309913,0.005113275487311457
166,samples/sample_000166.npz,rectangular_body_000166,3,8,21,31,7,12,5,10,5,7,12,5.5,26.0,9.5,0.9228819418882435,250,4.6825240803534e-06,0.14368343514345006,0.002135698771342638,0.012060041887960988
165,samples/sample_000165.npz,rectangular_body_000165,21,33,12,23,12,20,12,11,8,12,20,27.0,17.5,16.0,0.8130188858516527,1056,4.726179552187283e-05,0.2044322202488007,0.008188843359571325,0.028203405421859593
484,samples/sample_000484.npz,rectangular_body_000484,12,19,15,25,9,16,7,10,7,9,16,15.5,20.0,12.5,0.6058340754582439,490,9.522441148399242e-06,0.12924626878061093,0.002849337320068502,0.012942840849151245
655,samples/sample_000655.npz,rectangular_body_000655,28,37,28,39,6,14,9,11,8,6,14,32.5,33.5,10.0,0.321017593127058,792,1.865266722508497e-05,0.08910140637716547,0.002507857308804095,0.010643411642966194
454,samples/sample_000454.npz,rectangular_body_000454,40,46,50,61,3,9,6,11,6,3,9,43.0,55.5,6.0,0.7560702542927682,396,3.89368393843803e-06,0.19074206899901308,0.0030049223394192537,0.017047720000708304
260,samples/sample_000260.npz,rectangular_body_000260,30,41,12,17,8,12,11,5,4,8,12,35.5,14.5,10.0,0.5253266359763402,220,3.7229572525533168e-06,0.06443555333286552,0.0011245284072396848,0.005715456963897556
592,samples/sample_000592.npz,rectangular_body_000592,53,59,51,62,3,8,6,11,5,3,8,56.0,56.5,5.5,0.8359351119551097,330,2.26296490598828e-06,0.18282488498218777,0.002723478636888078,0.016137281688723595
720,samples/sample_000720.npz,rectangular_body_000720,34,48,36,48,14,18,14,12,4,14,18,41.0,42.0,16.0,0.5598010444066082,672,2.1615109956105807e-05,0.07270621001879035,0.0036005391000921627,0.011340953085609019
405,samples/sample_000405.npz,rectangular_body_000405,25,38,52,60,9,13,13,8,4,9,13,31.5,56.0,11.0,0.5919073841731999,416,7.227066325189688e-06,0.07870649578506482,0.0023119918223346923,0.009752127794532663
972,samples/sample_000972.npz,rectangular_body_000972,49,54,45,57,12,14,5,12,2,12,14,51.5,51.0,13.0,0.7231699501718767,120,2.1251403022855006e-06,0.04003231309163642,0.0008132885716758908,0.003779539542280723
461,samples/sample_000461.npz,rectangular_body_000461,15,25,49,57,8,16,10,8,8,8,16,20.0,53.0,12.0,0.590281469719621,640,9.993582323847217e-06,0.14961418710287336,0.0035853395126218134,0.01609100599518381
599,samples/sample_000599.npz,rectangular_body_000599,12,23,49,60,11,18,11,11,7,11,18,17.5,54.5,14.5,0.8641197358352617,847,2.06857592116703e-05,0.19353394192034837,0.006737461999452517,0.025628132259128224
433,samples/sample_000433.npz,rectangular_body_000433,12,28,34,44,14,16,16,10,2,14,16,20.0,39.0,15.0,0.6913400198225484,320,1.1910339075671752e-05,0.0448011098403895,0.0021219740442130243,0.006860435744395388
792,samples/sample_000792.npz,rectangular_body_000792,26,33,11,26,7,9,7,15,2,7,9,29.5,18.5,8.0,0.8739898589377948,210,5.920004441522849e-06,0.06271217468939608,0.001814086969266671,0.007770449078558991
408,samples/sample_000408.npz,rectangular_body_000408,44,60,20,26,10,18,16,6,8,10,18,52.0,23.0,14.0,0.8352757934058033,768,2.2408395723948706e-05,0.193652680839967,0.006021081088116267,0.02344195966270923
660,samples/sample_000660.npz,rectangular_body_000660,38,46,5,21,4,8,8,16,4,4,8,42.0,13.0,6.0,0.6302189171032114,512,5.0930906099256415e-06,0.10503333496378606,0.0032482264992326677,0.013835048052636252
919,samples/sample_000919.npz,rectangular_body_000919,40,45,43,49,16,22,5,6,6,16,22,42.5,46.0,19.0,0.8502090215597908,180,8.395792824606791e-06,0.09844164252191837,0.001441746553099736,0.006808731886456836
494,samples/sample_000494.npz,rectangular_body_000494,23,32,26,35,11,15,9,9,4,11,15,27.5,30.5,13.0,0.3507058918603136,324,8.886508713706372e-06,0.04361537104259818,0.0011061492495057974,0.004686591997046792
426,samples/sample_000426.npz,rectangular_body_000426,46,61,21,33,11,17,15,12,6,11,17,53.5,27.0,14.0,0.9283226504553199,1080,3.705387532975383e-05,0.1884624647525313,0.009329270392149196,0.030698301698862084
891,samples/sample_000891.npz,rectangular_body_000891,45,55,34,48,14,21,10,14,7,14,21,50.0,41.0,17.5,0.6593654865379621,980,2.9979304556089277e-05,0.14095983868971051,0.006055538011124112,0.02008664984656569
63,samples/sample_000063.npz,rectangular_body_000063,36,47,5,16,8,13,11,11,5,8,13,41.5,10.5,10.5,0.532191217820781,605,7.92830388090417e-06,0.09253467530116058,0.003070454043406456,0.012354854800541128
224,samples/sample_000224.npz,rectangular_body_000224,31,40,15,23,14,16,9,8,2,14,16,35.5,19.0,15.0,0.5412624350821327,144,4.471266768338502e-06,0.031132861153263573,0.0007487831183754251,0.003160779532860742
716,samples/sample_000716.npz,rectangular_body_000716,45,55,24,37,16,24,10,13,8,16,24,50.0,30.5,20.0,0.7618692041070769,1040,5.197493990635776e-05,0.17568660915352866,0.007376003294299972,0.024035239174423087
149,samples/sample_000149.npz,rectangular_body_000149,26,41,15,22,2,4,15,7,2,2,4,33.5,18.5,3.0,0.7748147902798181,210,2.210153214788775e-06,0.11476027306448677,0.0019501429370651082,0.010416080494339485
312,samples/sample_000312.npz,rectangular_body_000312,5,20,28,38,9,16,15,10,7,9,16,12.5,33.0,12.5,0.5422781904292155,1050,2.2785311228369722e-05,0.12841069815671735,0.005419114352810306,0.01915039326745692
733,samples/sample_000733.npz,rectangular_body_000733,48,60,13,22,8,12,12,9,4,8,12,54.0,17.5,10.0,0.9284607790371397,432,8.067310394385839e-06,0.12846354537499172,0.0038058896380229845,0.016191911174790196
788,samples/sample_000788.npz,rectangular_body_000788,12,23,11,25,4,9,11,14,5,4,9,17.5,18.0,6.5,0.6434816574962512,770,8.661795694966815e-06,0.13330454545225345,0.004982284815389654,0.019538593581391574
529,samples/sample_000529.npz,rectangular_body_000529,44,48,3,14,5,8,4,11,3,5,8,46.0,8.5,6.5,0.36309521270407824,132,6.189921409197192e-07,0.038018370105893706,0.0004680844573228122,0.0029107412507685397
108,samples/sample_000108.npz,rectangular_body_000108,34,50,48,60,10,12,16,12,2,10,12,42.0,54.0,11.0,0.6914738976110106,384,6.65479955136899e-06,0.049374581434438916,0.0025101905992231544,0.008407237542437013
414,samples/sample_000414.npz,rectangular_body_000414,31,43,35,50,12,20,12,15,8,12,20,37.0,42.5,16.0,0.3241290269433445,1440,3.0490224943221118e-05,0.08494126437269467,0.004474825225602421,0.013720994912009534
817,samples/sample_000817.npz,rectangular_body_000817,55,60,2,10,12,16,5,8,4,12,16,57.5,6.0,14.0,0.32174927645924156,160,9.399904831796189e-07,0.032735412211838635,0.0004339721890163449,0.002491715968084776
651,samples/sample_000651.npz,rectangular_body_000651,18,23,42,54,11,13,5,12,2,11,13,20.5,48.0,12.0,0.7002715627220188,120,2.6848863977514885e-06,0.040099881047965844,0.0008085420803150289,0.00376735055543882
763,samples/sample_000763.npz,rectangular_body_000763,11,24,2,9,14,20,13,7,6,14,20,17.5,5.5,17.0,0.2291078440305226,546,3.6173276773634424e-06,0.03835884445508305,0.001070962553470754,0.004431298670326257
227,samples/sample_000227.npz,rectangular_body_000227,38,49,11,25,7,10,11,14,3,7,10,43.5,18.0,8.5,0.9714772436879422,462,1.1150194350638895e-05,0.10828402609785048,0.004405921463270445,0.01645057871353655
95,samples/sample_000095.npz,rectangular_body_000095,25,31,47,58,5,10,6,11,5,5,10,28.0,52.5,7.5,0.4337700634644878,330,3.089494056940495e-06,0.0776386429480379,0.0014082776724253462,0.007420230836086526
322,samples/sample_000322.npz,rectangular_body_000322,32,44,6,21,3,11,12,15,8,3,11,38.0,13.5,7.0,0.6192611690448377,1440,1.8630451854325986e-05,0.21174985418981634,0.008985657166394274,0.03292995504143825
152,samples/sample_000152.npz,rectangular_body_000152,5,18,19,29,8,14,13,10,6,8,14,11.5,24.0,11.0,0.7142023141066649,780,1.554164949499263e-05,0.1478688203572495,0.005319098654882279,0.02051808804425499
293,samples/sample_000293.npz,rectangular_body_000293,26,39,35,44,14,22,13,9,8,14,22,32.5,39.5,18.0,0.7280742591172003,936,6.643515454089179e-05,0.1707819759189704,0.0065203092115438625,0.02215214847616297
412,samples/sample_000412.npz,rectangular_body_000412,26,36,23,32,14,16,10,9,2,14,16,31.0,27.5,15.0,0.2021828894095138,180,3.339953771225333e-06,0.012157722453179663,0.00035205704124455337,0.001380017736913487
724,samples/sample_000724.npz,rectangular_body_000724,14,28,3,16,11,14,14,13,3,11,14,21.0,9.5,12.5,0.514557717565234,546,7.610197822528156e-06,0.053704936287913826,0.0026146727517494866,0.008839353215224065
234,samples/sample_000234.npz,rectangular_body_000234,37,48,17,21,15,21,11,4,6,15,21,42.5,19.0,18.0,0.3231823155526301,264,4.617389730622293e-06,0.03937313846229082,0.0008077658906340824,0.0034363392904102775
61,samples/sample_000061.npz,rectangular_body_000061,13,27,51,58,8,13,14,7,5,8,13,20.0,54.5,10.5,0.6081998361800318,490,6.6045984055887915e-06,0.10072055081089795,0.0028305840819116772,0.012095262901456733
457,samples/sample_000457.npz,rectangular_body_000457,47,56,17,32,10,13,9,15,3,10,13,51.5,24.5,11.5,0.2057312981236633,405,2.546645088350612e-06,0.02094204153335723,0.0007985218683393616,0.002962525032013327
42,samples/sample_000042.npz,rectangular_body_000042,22,28,40,49,2,7,6,9,5,2,7,25.0,44.5,4.5,0.3092615172089288,270,1.4028461345393027e-06,0.08353144901224466,0.0009146786095984394,0.005962931734831533
81,samples/sample_000081.npz,rectangular_body_000081,34,42,8,23,2,5,8,15,3,2,5,38.0,15.5,3.5,0.5745234338916141,360,2.485584028029286e-06,0.11296671589529247,0.0023724746965891083,0.011604433890194417
994,samples/sample_000994.npz,rectangular_body_000994,2,15,7,22,15,21,13,15,6,15,21,8.5,14.5,18.0,0.33611185311229513,1170,1.2291852906993822e-05,0.06488701123198318,0.003440598823051368,0.010877602069697047
871,samples/sample_000871.npz,rectangular_body_000871,40,52,24,37,8,13,12,13,5,8,13,46.0,30.5,10.5,0.6668171053906173,780,2.186717843946872e-05,0.11865962371472558,0.005073292211797965,0.018103615608995063
59,samples/sample_000059.npz,rectangular_body_000059,49,58,32,41,3,11,9,9,8,3,11,53.5,36.5,7.0,0.9400558586085401,648,1.1668769621291077e-05,0.30702962136222606,0.006105780881292794,0.031104181775668493
925,samples/sample_000925.npz,rectangular_body_000925,12,20,42,53,8,11,8,11,3,8,11,16.0,47.5,9.5,0.604486334258421,264,3.593666516262294e-06,0.06196795318979666,0.0015479668382208768,0.007014592578472027
555,samples/sample_000555.npz,rectangular_body_000555,7,16,31,35,3,8,9,4,5,3,8,11.5,33.0,5.5,0.7777255756859138,180,2.4466173321933304e-06,0.15971818359795953,0.0014409924262338229,0.010132030222291566
752,samples/sample_000752.npz,rectangular_body_000752,33,40,47,57,9,12,7,10,3,9,12,36.5,52.0,10.5,0.7938310901719376,210,4.9694011779187535e-06,0.0767219602873523,0.0016043599160377952,0.007681231927160877
563,samples/sample_000563.npz,rectangular_body_000563,38,44,6,21,2,5,6,15,3,2,5,41.0,13.5,3.5,0.9994605795635301,270,2.742409566037355e-06,0.19403249691309393,0.003086290378468903,0.017046903285573085
402,samples/sample_000402.npz,rectangular_body_000402,42,47,44,53,7,11,5,9,4,7,11,44.5,48.5,9.0,0.43354287545025444,180,1.7993557193264178e-06,0.054684171322423175,0.0007617768948797401,0.004312892687325859
810,samples/sample_000810.npz,rectangular_body_000810,29,42,27,37,14,21,13,10,7,14,21,35.5,32.0,17.5,0.6298409543044314,910,6.735620901617981e-05,0.13350085273071977,0.0055027015346167645,0.018258984577405712
200,samples/sample_000200.npz,rectangular_body_000200,2,14,51,62,12,18,12,11,6,12,18,8.0,56.5,15.0,0.2744560853477075,792,4.619208188570347e-06,0.05273785027600114,0.0018448234416300973,0.007306578081320845
821,samples/sample_000821.npz,rectangular_body_000821,26,31,46,58,5,7,5,12,2,5,7,28.5,52.0,6.0,0.9633843569407692,120,2.0999479168894513e-06,0.07372680176134366,0.0011585933255965184,0.006523990683338877
384,samples/sample_000384.npz,rectangular_body_000384,26,38,41,54,11,13,12,13,2,11,13,32.0,47.5,12.0,0.6742780120460952,312,9.866527545349388e-06,0.04656149755549749,0.0020333165276140317,0.007076516063185118
933,samples/sample_000933.npz,rectangular_body_000933,34,39,15,24,12,20,5,9,8,12,20,36.5,19.5,16.0,0.4125926996193302,360,8.948160671569494e-06,0.08002146788027192,0.0014227829515785664,0.006540383007355511
416,samples/sample_000416.npz,rectangular_body_000416,51,59,36,45,11,19,8,9,8,11,19,55.0,40.5,15.0,0.8252370179511368,576,1.598050232597108e-05,0.1902068499348564,0.004391786081659245,0.019350330120852778
541,samples/sample_000541.npz,rectangular_body_000541,40,48,5,17,16,21,8,12,5,16,21,44.0,11.0,18.5,0.5434351276615765,480,1.0515809763004057e-05,0.07496473791826136,0.002384295533061701,0.008900532046355849
388,samples/sample_000388.npz,rectangular_body_000388,19,27,41,56,15,21,8,15,6,15,21,23.0,48.5,18.0,0.6120977051006158,720,2.227433306666785e-05,0.10545241134446792,0.004134260988068017,0.014038433142136209
947,samples/sample_000947.npz,rectangular_body_000947,29,40,11,26,16,24,11,15,8,16,24,34.5,18.5,20.0,0.9878608694437623,1320,0.00010151950970727093,0.23834496630377985,0.012279414860755757,0.03655781510969188
790,samples/sample_000790.npz,rectangular_body_000790,44,57,27,43,7,12,13,16,5,7,12,50.5,35.0,9.5,0.6139119474717903,1040,1.93573461868047e-05,0.11408690813033168,0.006202027190242783,0.020245211274256877
380,samples/sample_000380.npz,rectangular_body_000380,25,36,44,48,13,19,11,4,6,13,19,30.5,46.0,16.0,0.6441069422589201,264,1.0575041792711335e-05,0.08479250845267246,0.001626611504174268,0.007258964218834465
568,samples/sample_000568.npz,rectangular_body_000568,12,26,14,24,2,7,14,10,5,2,7,19.0,19.0,4.5,0.9255400591414178,700,8.790787905706376e-06,0.25953289380258837,0.0070763747766864876,0.031038024501499218
705,samples/sample_000705.npz,rectangular_body_000705,4,19,10,16,3,5,15,6,2,3,5,11.5,13.0,4.0,0.38898646084360583,180,5.57068805910895e-07,0.04127665734367324,0.0007493866452115024,0.003991851458120982
525,samples/sample_000525.npz,rectangular_body_000525,50,58,51,60,13,19,8,9,6,13,19,54.0,55.5,16.0,0.438744733108525,432,4.6357647761274825e-06,0.07377278478462458,0.001677120358707687,0.007521307250602083
395,samples/sample_000395.npz,rectangular_body_000395,15,24,12,27,2,10,9,15,8,2,10,19.5,19.5,6.0,0.8590554994415078,1080,1.6940686524284518e-05,0.3344363573157092,0.00975488062104653,0.041326326599033396
998,samples/sample_000998.npz,rectangular_body_000998,15,26,33,47,15,18,11,14,3,15,18,20.5,40.0,16.5,0.35472131183717104,462,9.482759005038777e-06,0.03379869724347981,0.0015646935608013926,0.005035563282735909
109,samples/sample_000109.npz,rectangular_body_000109,28,38,27,34,6,11,10,7,5,6,11,33.0,30.5,8.5,0.5369377491873798,350,1.1493764824641524e-05,0.09318279350390457,0.0018661141431542843,0.009251102180415123
648,samples/sample_000648.npz,rectangular_body_000648,36,43,25,37,9,17,7,12,8,9,17,39.5,31.0,13.0,0.8083479007884711,672,3.778800362239392e-05,0.1983824041607652,0.005282881509034664,0.02189446764940221
449,samples/sample_000449.npz,rectangular_body_000449,6,14,21,31,13,18,8,10,5,13,18,10.0,26.0,15.5,0.991799094182706,400,1.5262639755517155e-05,0.14311816275550576,0.0036890867555942723,0.015408132076293178
303,samples/sample_000303.npz,rectangular_body_000303,29,33,13,28,3,9,4,15,6,3,9,31.0,20.5,6.0,0.3129223223334009,360,3.185813902276629e-06,0.07452898764351854,0.001161575413215116,0.006347524277510969
840,samples/sample_000840.npz,rectangular_body_000840,48,60,30,43,8,10,12,13,2,8,10,54.0,36.5,9.0,0.9913513756057273,312,7.405877853054733e-06,0.0727585856630028,0.0029695861759044036,0.01115673820474302
133,samples/sample_000133.npz,rectangular_body_000133,36,44,21,32,10,18,8,11,8,10,18,40.0,26.5,14.0,0.7944155083873499,704,3.446927134258964e-05,0.1935940993517331,0.005413620622971732,0.02184347515546304
514,samples/sample_000514.npz,rectangular_body_000514,3,11,9,21,4,11,8,12,7,4,11,7.0,15.0,7.5,0.4765289166125758,672,4.164222234845776e-06,0.12785871678878238,0.0030710975714797143,0.014726325448490266
481,samples/sample_000481.npz,rectangular_body_000481,28,36,38,48,13,15,8,10,2,13,15,32.0,43.0,14.0,0.3627184633664139,160,3.8332125447431365e-06,0.021742294103616444,0.0005608891497393641,0.0023354315134774604
232,samples/sample_000232.npz,rectangular_body_000232,50,56,28,44,2,10,6,16,8,2,10,53.0,36.0,6.0,0.8081827678497719,768,1.0644773591650087e-05,0.30356971402021987,0.0064762632257612945,0.031214482703120442
47,samples/sample_000047.npz,rectangular_body_000047,9,14,53,62,6,8,5,9,2,6,8,11.5,57.5,7.0,0.8157948341691554,90,8.023904801950013e-07,0.05701534991217484,0.0006934361700569741,0.004413013732594641
323,samples/sample_000323.npz,rectangular_body_000323,34,40,23,36,15,19,6,13,4,15,19,37.0,29.5,17.0,0.8707647868773136,312,2.586371345861736e-05,0.09121007591254626,0.002610887044500944,0.009933529178250902
136,samples/sample_000136.npz,rectangular_body_000136,6,11,54,62,2,6,5,8,4,2,6,8.5,58.0,4.0,0.7756804210935522,160,7.413788077187698e-07,0.1786002283936391,0.0013278670761731433,0.010490653170479008
409,samples/sample_000409.npz,rectangular_body_000409,7,15,44,59,2,10,8,15,8,2,10,11.0,51.5,6.0,0.21014345627864844,960,2.2521822895850633e-06,0.08103707175463004,0.00207865183277244,0.009415265514379729
191,samples/sample_000191.npz,rectangular_body_000191,49,61,29,35,15,17,12,6,2,15,17,55.0,32.0,16.0,0.516165543280098,144,3.317947254514187e-06,0.02754638755378416,0.000678820256881452,0.0028717124025150163
254,samples/sample_000254.npz,rectangular_body_000254,38,51,54,61,10,17,13,7,7,10,17,44.5,57.5,13.5,0.6441032372161397,637,1.0317315824563967e-05,0.13748037816663639,0.0037043914445737116,0.015864723939315362
351,samples/sample_000351.npz,rectangular_body_000351,36,52,34,39,2,8,16,5,6,2,8,44.0,36.5,5.0,0.5538418402703627,480,5.528973050839984e-06,0.16847814168615505,0.0028670325627600073,0.015105937544050168
253,samples/sample_000253.npz,rectangular_body_000253,6,19,32,45,11,17,13,13,6,11,17,12.5,38.5,14.0,0.279221561359454,1014,1.0804546802370562e-05,0.05648913986353915,0.0026768359002813658,0.008888123995835311
70,samples/sample_000070.npz,rectangular_body_000070,46,55,43,50,2,4,9,7,2,2,4,50.5,46.5,3.0,0.22753479532929888,126,2.145568536504669e-07,0.033505877736935356,0.00034157110034749836,0.0023239422962862233
944,samples/sample_000944.npz,rectangular_body_000944,38,50,3,16,3,7,12,13,4,3,7,44.0,9.5,5.0,0.836431647425957,624,5.8151069316625156e-06,0.16111379154094535,0.005370263321508006,0.022255200445236132
526,samples/sample_000526.npz,rectangular_body_000526,47,52,57,61,3,11,5,4,8,3,11,49.5,59.0,7.0,0.4206099086966944,160,7.583451730113899e-07,0.11675851009860844,0.0006464234804287852,0.00551500720206176
642,samples/sample_000642.npz,rectangular_body_000642,55,62,28,37,7,12,7,9,5,7,12,58.5,32.5,9.5,0.9611058655144433,315,6.974353123031798e-06,0.1589902178451068,0.002785548903287362,0.014967699159723421
989,samples/sample_000989.npz,rectangular_body_000989,41,46,36,46,5,11,5,10,6,5,11,43.5,41.0,8.0,0.7687722808852782,300,6.381369525864699e-06,0.15609123168261066,0.002291008700583992,0.012838030323974252
836,samples/sample_000836.npz,rectangular_body_000836,46,58,2,9,7,12,12,7,5,7,12,52.0,5.5,9.5,0.9467465359947937,420,5.71272888765804e-06,0.16021289437125236,0.003602088727062182,0.017673114383570044
667,samples/sample_000667.npz,rectangular_body_000667,54,60,12,16,11,17,6,4,6,11,17,57.0,14.0,14.0,0.776299037995793,144,2.553937133910474e-06,0.1000424369144229,0.0010086065856590742,0.006104338182012161
573,samples/sample_000573.npz,rectangular_body_000573,37,42,36,52,16,22,5,16,6,16,22,39.5,44.0,19.0,0.5417249888124629,480,1.723020368054163e-05,0.07613039814590478,0.0024592434404957795,0.008659772387452535
990,samples/sample_000990.npz,rectangular_body_000990,20,31,7,17,15,18,11,10,3,15,18,25.5,12.0,16.5,0.9703049627549292,330,1.3968031855479428e-05,0.08772627995575735,0.002993487208771002,0.011038554507918266
708,samples/sample_000708.npz,rectangular_body_000708,50,54,11,20,10,17,4,9,7,10,17,52.0,15.5,13.5,0.7854081604015835,252,5.31105991662325e-06,0.13079115255398654,0.0018624289669905848,0.009795782070249483
128,samples/sample_000128.npz,rectangular_body_000128,29,35,44,60,4,11,6,16,7,4,11,32.0,52.0,7.5,0.41909458729910204,672,6.9909269231788025e-06,0.10909681626647336,0.0027804964836788478,0.012589417467382307
491,samples/sample_000491.npz,rectangular_body_000491,9,15,48,57,10,16,6,9,6,10,16,12.0,52.5,13.0,0.8346908351103428,324,6.234041371353911e-06,0.14179121428609145,0.002520102080794302,0.012528118594132135
847,samples/sample_000847.npz,rectangular_body_000847,2,13,37,52,16,21,11,15,5,16,21,7.5,44.5,18.5,0.4341219710943576,825,1.2694456955093563e-05,0.06716954606214387,0.0031289883775622506,0.010349532317486011
930,samples/sample_000930.npz,rectangular_body_000930,22,37,16,31,7,10,15,15,3,7,10,29.5,23.5,8.5,0.44681484937779214,675,1.2907213100344642e-05,0.05115250628118553,0.002982763638106639,0.009456532224869415
150,samples/sample_000150.npz,rectangular_body_000150,32,41,20,28,9,12,9,8,3,9,12,36.5,24.0,10.5,0.5033500607486536,216,5.271133859163843e-06,0.04911677341363526,0.0010656184460021226,0.0049854494451147275
744,samples/sample_000744.npz,rectangular_body_000744,23,36,41,53,15,22,13,12,7,15,22,29.5,47.0,18.5,0.35602086098161323,1092,2.6176146185224765e-05,0.07683066752174887,0.0036715409022828006,0.011478387823297007
446,samples/sample_000446.npz,rectangular_body_000446,29,45,2,11,12,17,16,9,5,12,17,37.0,6.5,14.5,0.4870567154309393,720,1.1405878899037631e-05,0.07815629903042498,0.0031315749970443796,0.011376391550037187
71,samples/sample_000071.npz,rectangular_body_000071,50,60,41,57,6,11,10,16,5,6,11,55.0,49.0,8.5,0.950196374718226,800,1.1884624208947558e-05,0.1769441420486532,0.007243076772115747,0.027404856548336326
918,samples/sample_000918.npz,rectangular_body_000918,41,45,16,23,8,14,4,7,6,8,14,43.0,19.5,11.0,0.20835932236038293,168,1.1760193171034159e-06,0.03226337309071792,0.00034050455381545106,0.0020514559580052023
262,samples/sample_000262.npz,rectangular_body_000262,17,28,55,62,6,9,11,7,3,6,9,22.5,58.5,7.5,0.20567784608756565,231,7.107419217596828e-07,0.022392384315943023,0.0004463104033593249,0.0023329507624808565
964,samples/sample_000964.npz,rectangular_body_000964,20,25,44,53,14,21,5,9,7,14,21,22.5,48.5,17.5,0.6927991957939571,315,1.0460396568358172e-05,0.11133240163502994,0.0020566993448290763,0.009197187693033421
693,samples/sample_000693.npz,rectangular_body_000693,5,18,24,37,13,19,13,13,6,13,19,11.5,30.5,16.0,0.9747211266214688,1014,4.7301214610527625e-05,0.19074051272879092,0.009217247692290724,0.029836792277428924
723,samples/sample_000723.npz,rectangular_body_000723,9,19,15,27,11,19,10,12,8,11,19,14.0,21.0,15.0,0.27923364948848955,960,1.0073560674783378e-05,0.07031510104243116,0.0025352503017542615,0.009286873786302637
313,samples/sample_000313.npz,rectangular_body_000313,16,31,20,27,14,21,15,7,7,14,21,23.5,23.5,17.5,0.41705467484153724,735,2.0625010969918245e-05,0.08164122886457598,0.002925199922029955,0.010182000248893909
126,samples/sample_000126.npz,rectangular_body_000126,23,31,49,55,13,15,8,6,2,13,15,27.0,52.0,14.0,0.2728927351852563,96,1.0105144273325858e-06,0.014598638485972442,0.000248415968312284,0.0012183349487813531
786,samples/sample_000786.npz,rectangular_body_000786,53,61,12,26,6,12,8,14,6,6,12,57.0,19.0,9.0,0.23017956042012902,672,2.653838550124545e-06,0.04904047197311948,0.0014550849815266947,0.00629882969914176
867,samples/sample_000867.npz,rectangular_body_000867,28,42,36,42,15,23,14,6,8,15,23,35.0,39.0,19.0,0.5498405164575504,672,3.5198372483779644e-05,0.10985730332012375,0.0035243894643053044,0.012551093516386018
647,samples/sample_000647.npz,rectangular_body_000647,18,27,30,41,2,5,9,11,3,2,5,22.5,35.5,3.5,0.46638670472259736,297,2.388265403692219e-06,0.09169916975026642,0.0015961152685264911,0.00852130283966925
401,samples/sample_000401.npz,rectangular_body_000401,52,62,32,36,4,12,10,4,8,4,12,57.0,34.0,8.0,0.5031663394713132,320,3.245627024618216e-06,0.1311185344838861,0.0015390546084145945,0.009599381423547285
741,samples/sample_000741.npz,rectangular_body_000741,23,29,46,60,6,14,6,14,8,6,14,26.0,53.0,10.0,0.8190743671204124,672,1.455385143446192e-05,0.21395670099252576,0.00527931791353457,0.023767649974524106
658,samples/sample_000658.npz,rectangular_body_000658,2,7,51,58,16,24,5,7,8,16,24,4.5,54.5,20.0,0.9701657858238921,280,7.26686063614891e-06,0.15298004203683455,0.002150012717623841,0.011329822382957972
842,samples/sample_000842.npz,rectangular_body_000842,31,41,15,25,4,6,10,10,2,4,6,36.0,20.0,5.0,0.6430621334443736,200,2.697112871003719e-06,0.058020597418595395,0.0013361620432390657,0.006501918839668022
975,samples/sample_000975.npz,rectangular_body_000975,47,62,33,38,7,12,15,5,5,7,12,54.5,35.5,9.5,0.2921848938515961,375,2.7896150029143225e-06,0.04648075481424416,0.001038647804651004,0.004872525248984082
55,samples/sample_000055.npz,rectangular_body_000055,21,29,35,40,8,13,8,5,5,8,13,25.0,37.5,10.5,0.47082622661936213,200,4.5617442081696405e-06,0.06872660860934716,0.0009235726223262228,0.005129121939221789
885,samples/sample_000885.npz,rectangular_body_000885,23,30,10,19,11,17,7,9,6,11,17,26.5,14.5,14.0,0.7365196202102029,378,1.1704988152740978e-05,0.12725342183965768,0.0026591376169368443,0.012042631735497416
927,samples/sample_000927.npz,rectangular_body_000927,29,34,43,52,12,15,5,9,3,12,15,31.5,47.5,13.5,0.7263964545243506,135,5.016936057038073e-06,0.05761609801794018,0.0009436294222260318,0.004645215210811561
890,samples/sample_000890.npz,rectangular_body_000890,13,23,23,32,9,16,10,9,7,9,16,18.0,27.5,12.5,0.7473973598736983,630,2.110738231037011e-05,0.16722235645641653,0.004556422414818194,0.019041575570680043
756,samples/sample_000756.npz,rectangular_body_000756,40,49,12,23,10,17,9,11,7,10,17,44.5,17.5,13.5,0.3216634995503858,693,8.14067144851986e-06,0.07125341846851777,0.0021355785918633513,0.008511540631281804
570,samples/sample_000570.npz,rectangular_body_000570,29,42,35,42,14,16,13,7,2,14,16,35.5,38.5,15.0,0.5031015199028817,182,6.953245012245775e-06,0.029497958571142395,0.0008845804559494353,0.003397347531033961
22,samples/sample_000022.npz,rectangular_body_000022,20,29,46,62,7,15,9,16,8,7,15,24.5,54.0,11.0,0.4605694393624532,1152,1.4275258914127147e-05,0.12748949277282096,0.004985823718859532,0.018657710845805517
701,samples/sample_000701.npz,rectangular_body_000701,19,27,49,57,11,14,8,8,3,11,14,23.0,53.0,12.5,0.44351486133000595,192,2.5451201464313782e-06,0.040031084870616206,0.00080745550228133,0.003832331529130398
23,samples/sample_000023.npz,rectangular_body_000023,29,43,29,34,5,13,14,5,8,5,13,36.0,31.5,9.0,0.225758546632446,560,7.483292019291762e-06,0.059576531209237255,0.0012549261698397646,0.005930333789072723
77,samples/sample_000077.npz,rectangular_body_000077,10,24,40,45,15,21,14,5,6,15,21,17.0,42.5,18.0,0.5529939983760436,420,1.1771764417604742e-05,0.07926021369582789,0.0021870433200146637,0.008342125759501122
110,samples/sample_000110.npz,rectangular_body_000110,11,18,24,30,2,7,7,6,5,2,7,14.5,27.0,4.5,0.4635946621396003,210,1.429622330296665e-06,0.12409333129208006,0.0010628664184357223,0.007710205747465732
73,samples/sample_000073.npz,rectangular_body_000073,44,50,2,9,7,13,6,7,6,7,13,47.0,5.5,10.0,0.960857141891585,252,4.138886752289324e-06,0.17584457249749902,0.0022054000509250916,0.013395883786303407
72,samples/sample_000072.npz,rectangular_body_000072,24,39,47,59,10,17,15,12,7,10,17,31.5,53.0,13.5,0.9044379796086117,1260,4.645411515347417e-05,0.21606400280749935,0.010737034578443135,0.03524255104809091
582,samples/sample_000582.npz,rectangular_body_000582,24,29,52,57,5,9,5,5,4,5,9,26.5,54.5,7.0,0.7174329205398098,100,1.2819305891910795e-06,0.09601590599876339,0.000706006708088094,0.0053070628978717825
213,samples/sample_000213.npz,rectangular_body_000213,28,42,9,24,15,19,14,15,4,15,19,35.0,16.5,17.0,0.7244764347655686,840,3.667606208426702e-05,0.09561652053097215,0.005763346948141483,0.016624634150221283
14,samples/sample_000014.npz,rectangular_body_000014,22,27,4,13,15,20,5,9,5,15,20,24.5,8.5,17.5,0.20754495623670338,225,1.8373512346788021e-06,0.02379090770946731,0.0004226696151038272,0.0019675688566004436
583,samples/sample_000583.npz,rectangular_body_000583,16,31,37,49,8,15,15,12,7,8,15,23.5,43.0,11.5,0.810900741530657,1260,4.1943901894344826e-05,0.20067103210588372,0.009936579528826832,0.03287736398674794
423,samples/sample_000423.npz,rectangular_body_000423,4,19,34,48,12,18,15,14,6,12,18,11.5,41.0,15.0,0.5194297851936738,1260,2.406105760341569e-05,0.10593409792507412,0.006096112190768171,0.018583463873701883
151,samples/sample_000151.npz,rectangular_body_000151,5,9,25,33,9,12,4,8,3,9,12,7.0,29.0,10.5,0.2978229179032972,96,7.240228483803365e-07,0.023841209797237424,0.00026810529956211934,0.0016328696296642005
798,samples/sample_000798.npz,rectangular_body_000798,23,28,37,46,15,22,5,9,7,15,22,25.5,41.5,18.5,0.8089863870005485,315,1.8576879650360148e-05,0.12545115900191936,0.0024270534348690654,0.010432990232279829
129,samples/sample_000129.npz,rectangular_body_000129,6,15,19,32,13,15,9,13,2,13,15,10.5,25.5,14.0,0.8976451064883175,234,7.384537033849075e-06,0.05717792620580242,0.0019717379003451945,0.00745957995153988
502,samples/sample_000502.npz,rectangular_body_000502,30,34,16,20,7,12,4,4,5,7,12,32.0,18.0,9.5,0.5367094321244399,80,1.6920521800294747e-06,0.06638435664835964,0.000421440871222292,0.003120930397254325
588,samples/sample_000588.npz,rectangular_body_000588,47,57,33,48,12,15,10,15,3,12,15,52.0,40.5,13.5,0.6263653728569858,450,9.600875398862051e-06,0.06228775181979933,0.00266769411576644,0.009266363322243456
769,samples/sample_000769.npz,rectangular_body_000769,32,44,29,36,12,16,12,7,4,12,16,38.0,32.5,14.0,0.31400517967214764,336,8.649565327668799e-06,0.03745587383333353,0.001023182469390876,0.0041344432796604725
148,samples/sample_000148.npz,rectangular_body_000148,55,59,26,35,11,17,4,9,6,11,17,57.0,30.5,14.0,0.8621016645370339,216,6.435910445933896e-06,0.12027912739302066,0.0017067711370957672,0.009056909155228712
893,samples/sample_000893.npz,rectangular_body_000893,46,54,23,29,5,8,8,6,3,5,8,50.0,26.0,6.5,0.20231299872838335,144,5.709234766102122e-07,0.02244910924615488,0.00029141768645244424,0.001780171329678033
277,samples/sample_000277.npz,rectangular_body_000277,44,50,41,55,9,11,6,14,2,9,11,47.0,48.0,10.0,0.5832442591058662,168,2.359079042302935e-06,0.03760332756317501,0.0009476343458922862,0.004201592336087533
678,samples/sample_000678.npz,rectangular_body_000678,47,57,18,24,14,21,10,6,7,14,21,52.0,21.0,17.5,0.7736526054432986,420,1.3174679523292036e-05,0.13490474008613826,0.0030151563988888215,0.012841329982242241
722,samples/sample_000722.npz,rectangular_body_000722,6,13,22,27,14,18,7,5,4,14,18,9.5,24.5,16.0,0.4754965438980574,140,2.485415014808428e-06,0.043742939425406996,0.000615454547292779,0.0031393330607096307
74,samples/sample_000074.npz,rectangular_body_000074,13,23,39,52,15,21,10,13,6,15,21,18.0,45.5,18.0,0.2936956257509941,780,1.090542039038174e-05,0.05282696985919991,0.0021530102945519916,0.007232251039355699
430,samples/sample_000430.npz,rectangular_body_000430,16,24,19,25,7,13,8,6,6,7,13,20.0,22.0,10.0,0.572326344208516,288,5.337403314283585e-06,0.1063713568391956,0.0016126937031067626,0.008734246412430235
876,samples/sample_000876.npz,rectangular_body_000876,30,41,10,18,14,18,11,8,4,14,18,35.5,14.0,16.0,0.4100880371348381,352,7.177649493713176e-06,0.04751238304965301,0.0013665535406767934,0.00536384086796298
9,samples/sample_000009.npz,rectangular_body_000009,42,53,33,37,14,17,11,4,3,14,17,47.5,35.0,15.5,0.5473759913336271,132,3.926624549219896e-06,0.03666005001231143,0.000689607650597678,0.003127052522313169
521,samples/sample_000521.npz,rectangular_body_000521,3,17,28,40,4,9,14,12,5,4,9,10.0,34.0,6.5,0.6070123556796079,840,9.634345992043866e-06,0.1263356400642005,0.005051579745066493,0.019413536671024995
197,samples/sample_000197.npz,rectangular_body_000197,34,44,4,9,3,5,10,5,2,3,5,39.0,6.5,4.0,0.8976157552747548,100,8.30330560127336e-07,0.09359658756590866,0.0009539673904622933,0.006566247666698288
834,samples/sample_000834.npz,rectangular_body_000834,29,44,17,23,10,15,15,6,5,10,15,36.5,20.0,12.5,0.4163028699796832,450,9.122139940534362e-06,0.06259955188366492,0.0018169890349215546,0.00728507524418285
318,samples/sample_000318.npz,rectangular_body_000318,22,28,5,17,8,11,6,12,3,8,11,25.0,11.0,9.5,0.9985715127112051,216,5.265646685643482e-06,0.0975015820197209,0.0020747903192007964,0.010000735828674839
781,samples/sample_000781.npz,rectangular_body_000781,24,31,52,57,16,23,7,5,7,16,23,27.5,54.5,19.5,0.9170940521775226,245,1.0976418461091062e-05,0.1289087866740945,0.002046360740143586,0.009545319940756044
544,samples/sample_000544.npz,rectangular_body_000544,9,19,41,54,9,13,10,13,4,9,13,14.0,47.5,11.0,0.8338196318994746,520,1.0564271142212621e-05,0.11488176429337718,0.0041522881401383285,0.01594988654040609
579,samples/sample_000579.npz,rectangular_body_000579,38,52,20,30,9,16,14,10,7,9,16,45.0,25.0,12.5,0.987291407477463,980,4.1865429495685964e-05,0.23243741357470032,0.009359415543328845,0.03341220843556274
328,samples/sample_000328.npz,rectangular_body_000328,6,20,48,54,4,12,14,6,8,4,12,13.0,51.0,8.0,0.36427672139458817,672,3.841370852200961e-06,0.10567943481386177,0.002391861959758648,0.011402451965212695
365,samples/sample_000365.npz,rectangular_body_000365,46,61,58,62,5,8,15,4,3,5,8,53.5,60.0,6.5,0.802561997019702,180,1.3408400530324764e-06,0.08466541768499615,0.0013315579974947033,0.00768080489091622
215,samples/sample_000215.npz,rectangular_body_000215,56,60,41,47,4,6,4,6,2,4,6,58.0,44.0,5.0,0.7116632957207709,48,3.348037931261446e-07,0.05745877273005129,0.0003432742371561236,0.0029398736416658537
625,samples/sample_000625.npz,rectangular_body_000625,38,45,3,8,13,21,7,5,8,13,21,41.5,5.5,17.0,0.473199334512512,280,4.321214092720928e-06,0.08396221691215622,0.0011521271245969753,0.006067379662234275
953,samples/sample_000953.npz,rectangular_body_000953,13,18,18,30,12,18,5,12,6,12,18,15.5,24.0,15.0,0.8934598116187342,360,1.39163619590616e-05,0.13905869037172727,0.0030656099285776756,0.013235536382425155
766,samples/sample_000766.npz,rectangular_body_000766,15,28,36,49,16,18,13,13,2,16,18,21.5,42.5,17.0,0.8409306219228256,338,1.6101484258803058e-05,0.053934994748313356,0.0027054505412486465,0.008395971131319197
441,samples/sample_000441.npz,rectangular_body_000441,29,44,29,36,13,16,15,7,3,13,16,36.5,32.5,14.5,0.6994560891584871,315,2.0192935380054444e-05,0.0630208783434255,0.002134045988817989,0.007835746171698
472,samples/sample_000472.npz,rectangular_body_000472,38,43,36,42,16,19,5,6,3,16,19,40.5,39.0,17.5,0.20591182702988214,90,1.302786053974942e-06,0.012677159627297697,0.00017722948143447084,0.0008625020996078256
536,samples/sample_000536.npz,rectangular_body_000536,25,30,40,53,16,22,5,13,6,16,22,27.5,46.5,19.0,0.2640367971945088,390,6.80108582734467e-06,0.036421715461621776,0.0009714544335057115,0.0037015672469920854
382,samples/sample_000382.npz,rectangular_body_000382,19,24,44,59,11,17,5,15,6,11,17,21.5,51.5,14.0,0.6187145232367622,450,9.455794190786779e-06,0.10119335861962755,0.002621922584590891,0.010830299237825974
10,samples/sample_000010.npz,rectangular_body_000010,13,29,42,58,10,17,16,16,7,10,17,21.0,50.0,13.5,0.7524312741276036,1792,4.635897831322499e-05,0.1865905409702698,0.012781634206746632,0.03636250196549079
305,samples/sample_000305.npz,rectangular_body_000305,3,14,14,26,12,19,11,12,7,12,19,8.5,20.0,15.5,0.3224782812991032,924,9.305188288106911e-06,0.07161862669582783,0.002704391472281697,0.009910385742983576
633,samples/sample_000633.npz,rectangular_body_000633,50,58,10,25,8,11,8,15,3,8,11,54.0,17.5,9.5,0.4600789339648607,360,3.1736888524761736e-06,0.048070301759533154,0.001581546964360957,0.006436265835803146
236,samples/sample_000236.npz,rectangular_body_000236,3,15,42,51,6,14,12,9,8,6,14,9.0,46.5,10.0,0.9700300027104123,864,1.6320472228419948e-05,0.27097476714274515,0.007907996790690841,0.03400004855548918
353,samples/sample_000353.npz,rectangular_body_000353,5,9,51,58,7,9,4,7,2,7,9,7.0,54.5,8.0,0.4920386840399596,56,3.2778285016966864e-07,0.029712951173768674,0.00025857495908391035,0.001831480274898597
240,samples/sample_000240.npz,rectangular_body_000240,23,38,24,39,5,11,15,15,6,5,11,30.5,31.5,8.0,0.870335982659969,1350,7.144235281280433e-05,0.20512910235202647,0.011724707237652055,0.03750423005715532
421,samples/sample_000421.npz,rectangular_body_000421,35,49,15,22,5,8,14,7,3,5,8,42.0,18.5,6.5,0.9147633290094612,294,5.534630417788705e-06,0.10672931902378172,0.002699701969075635,0.012451256313758503
575,samples/sample_000575.npz,rectangular_body_000575,44,49,43,49,3,9,5,6,6,3,9,46.5,46.0,6.0,0.781008167084076,180,2.255779205578718e-06,0.18658760373141003,0.0014417872137609676,0.01074141612153861
41,samples/sample_000041.npz,rectangular_body_000041,24,39,21,25,3,8,15,4,5,3,8,31.5,23.0,5.5,0.20777721073326233,300,1.8335831216961323e-06,0.04314432371529575,0.0006491938661012089,0.003616947545301667
857,samples/sample_000857.npz,rectangular_body_000857,15,31,42,47,16,22,16,5,6,16,22,23.0,44.5,19.0,0.6369491029339129,480,1.8803177328924534e-05,0.08951256090103571,0.002888146897922412,0.0101829450359764
906,samples/sample_000906.npz,rectangular_body_000906,35,39,21,30,6,8,4,9,2,6,8,37.0,25.5,7.0,0.7479121588528366,72,1.8533758695321073e-06,0.04930948689476169,0.0005393537504220471,0.0034339419803653
288,samples/sample_000288.npz,rectangular_body_000288,2,10,42,46,10,16,8,4,6,10,16,6.0,44.0,13.0,0.9860890784300471,192,4.5622928381201135e-06,0.1410977979291394,0.0016943956658484445,0.009880338689644516
872,samples/sample_000872.npz,rectangular_body_000872,37,46,26,37,16,24,9,11,8,16,24,41.5,31.5,20.0,0.2027574015716418,792,1.5771173240450836e-05,0.04431955737722407,0.0015242414676169829,0.005280905484067043
983,samples/sample_000983.npz,rectangular_body_000983,32,47,40,46,4,8,15,6,4,4,8,39.5,43.0,6.0,0.8165969443983097,360,6.726670328259361e-06,0.13161424240816177,0.002994692916147002,0.014344103120112828
979,samples/sample_000979.npz,rectangular_body_000979,5,21,39,53,8,15,16,14,7,8,15,13.0,46.0,11.5,0.872079533643006,1568,3.5498608477915255e-05,0.22020416430370077,0.013003122870710534,0.04043541291236682
881,samples/sample_000881.npz,rectangular_body_000881,2,10,9,16,10,18,8,7,8,10,18,6.0,12.5,14.0,0.7892529313481693,448,7.555026835698541e-06,0.17777898232537592,0.003099714807318666,0.01587531455869025
208,samples/sample_000208.npz,rectangular_body_000208,41,56,47,58,10,12,15,11,2,10,12,48.5,52.5,11.0,0.7553410869157671,330,5.460560095403215e-06,0.05324231343008204,0.0023601075680993403,0.008371958641734746
185,samples/sample_000185.npz,rectangular_body_000185,24,32,36,41,9,17,8,5,8,9,17,28.0,38.5,13.0,0.839332843593561,320,1.7277802762730222e-05,0.1781206734152871,0.00261287778058286,0.013462015988464384
748,samples/sample_000748.npz,rectangular_body_000748,20,32,36,49,15,19,12,13,4,15,19,26.0,42.5,17.0,0.948660560729907,624,3.939340609493636e-05,0.12006685357725494,0.0056555292976038915,0.01797315069171081
559,samples/sample_000559.npz,rectangular_body_000559,35,46,11,23,13,15,11,12,2,13,15,40.5,17.0,14.0,0.8055140269916039,264,9.026487627335644e-06,0.0525604733991335,0.002037337898853444,0.007280217576770571
619,samples/sample_000619.npz,rectangular_body_000619,6,10,2,14,6,12,4,12,6,6,12,8.0,8.0,9.0,0.31911354587067636,288,1.2098825653851e-06,0.05734213759170818,0.0008450051317274371,0.004816833735152778
509,samples/sample_000509.npz,rectangular_body_000509,22,38,33,42,14,17,16,9,3,14,17,30.0,37.5,15.5,0.5896529355006255,432,2.2342442244757834e-05,0.05566256814489758,0.0024579954956111053,0.008067257398911001
344,samples/sample_000344.npz,rectangular_body_000344,26,30,13,26,5,8,4,13,3,5,8,28.0,19.5,6.5,0.9068952040577587,156,3.705639432628768e-06,0.0953925579164552,0.00142357655713989,0.008001640986402929
955,samples/sample_000955.npz,rectangular_body_000955,43,55,9,16,15,19,12,7,4,15,19,49.0,12.5,17.0,0.7508415264674235,336,8.498157711150667e-06,0.08288843529585685,0.0023288204412707514,0.009198970842892515
32,samples/sample_000032.npz,rectangular_body_000032,38,49,16,32,9,14,11,16,5,9,14,43.5,24.0,11.5,0.8991662605211204,880,3.2433147331856004e-05,0.15780340876406676,0.007691287396725743,0.025568573883035614
483,samples/sample_000483.npz,rectangular_body_000483,19,29,30,44,16,21,10,14,5,16,21,24.0,37.0,18.5,0.23537409625117267,700,1.3646579161959854e-05,0.035250063400054946,0.0015712304742018183,0.005007660325973493
299,samples/sample_000299.npz,rectangular_body_000299,38,53,8,17,10,15,15,9,5,10,15,45.5,12.5,12.5,0.37603494605370236,675,7.0697318986201955e-06,0.0625339774372757,0.0024087668908315298,0.00882894923944992
202,samples/sample_000202.npz,rectangular_body_000202,15,31,36,48,12,16,16,12,4,12,16,23.0,42.0,14.0,0.5662618216826578,768,2.2037816516185732e-05,0.07700530019264817,0.004190238188636307,0.012941478329906879
765,samples/sample_000765.npz,rectangular_body_000765,11,17,49,61,15,21,6,12,6,15,21,14.0,55.0,18.0,0.753509776199252,432,1.0123334341859341e-05,0.11395471351612498,0.0028895678216099025,0.011980705814357086
727,samples/sample_000727.npz,rectangular_body_000727,30,37,44,51,15,21,7,7,6,15,21,33.5,47.5,18.0,0.37092334437344743,294,7.132399385038568e-06,0.05357703615914063,0.0010325162506453086,0.004523187940369602
654,samples/sample_000654.npz,rectangular_body_000654,50,54,37,44,11,18,4,7,7,11,18,52.0,40.5,14.5,0.9584753659975587,196,6.787480764714371e-06,0.14680342804779084,0.001776023424432597,0.009684664752967392
294,samples/sample_000294.npz,rectangular_body_000294,14,22,3,19,16,22,8,16,6,16,22,18.0,11.0,19.0,0.5780618309466061,768,1.7444832532623242e-05,0.09800346348309363,0.004000630081210439,0.013536703879356418
3,samples/sample_000003.npz,rectangular_body_000003,25,32,2,14,10,15,7,12,5,10,15,28.5,8.0,12.5,0.5888399509141371,420,7.673091695083668e-06,0.09134315596165962,0.0022744408915871747,0.010094046815967962
116,samples/sample_000116.npz,rectangular_body_000116,47,52,21,34,13,19,5,13,6,13,19,49.5,27.5,16.0,0.4886402766409633,390,9.376261354749925e-06,0.07420051704109484,0.0018075061810311312,0.007411157557679367
479,samples/sample_000479.npz,rectangular_body_000479,28,34,5,19,12,19,6,14,7,12,19,31.0,12.0,15.5,0.20853482627828335,588,5.88993313292468e-06,0.0401729567496087,0.001148836652992276,0.004542426862416903
49,samples/sample_000049.npz,rectangular_body_000049,13,27,18,23,3,8,14,5,5,3,8,20.0,20.5,5.5,0.7705323508373183,350,4.768314360307465e-06,0.16651834532068543,0.002797430819385647,0.015082614294963529
