experiment,sample_id,sample_path,prediction_path,mse,mae,correlation,iou,dice,true_occupied_cells,predicted_occupied_cells,volume_ratio,true_mass_proxy,predicted_mass_proxy,mass_ratio,true_body_mean_density,predicted_mean_density_in_true_body,peak_predicted_density,body_mse,background_mse,depth_profile_mse,z_center_error_m,absolute_z_center_error_m,true_top_depth_m,true_bottom_depth_m,true_thickness_m,true_width_x_m,true_width_y_m,true_center_x_m,true_center_y_m,gravity_mse,gravity_rmse,gravity_mae,gravity_relative_l2,gravity_correlation,gravity_max_abs_residual,gravity_mean_residual,gravity_residual_std,manifest_top_depth_m,manifest_thickness_m,predicted_top_depth_m,top_depth_error_m,absolute_top_depth_error_m,predicted_bottom_depth_m,bottom_depth_error_m,absolute_bottom_depth_error_m,predicted_thickness_m,thickness_error_m,absolute_thickness_error_m,predicted_width_x_m,width_x_error_m,absolute_width_x_error_m,predicted_width_y_m,width_y_error_m,absolute_width_y_error_m,predicted_center_x_m,predicted_center_y_m,lateral_center_error_m
E09B,sample_000796,samples/sample_000796.npz,sample_000796_prediction.npz,0.0007684487500227988,0.0038928838912397623,0.7445521365398382,0.38855909336211547,0.5596579867858531,720,1853,2.573611111111111,233.237042427063,596.4621989236718,2.5573219104345113,0.32394033670425415,0.36086705952054926,0.5227085947990417,0.005655150408086794,0.0007323933535457903,0.005739309886978947,3.8998869537714,3.8998869537714,40.0,70.0,30.0,150.0,160.0,175.0,170.0,0.0020614661364477607,0.04540337142159997,0.019372663017058714,1.3839008977109009,0.996371879542352,0.25199924612498215,0.019372663017058714,0.041062952452000416,40.0,30.0,20.0,-20.0,20.0,100.0,30.0,30.0,80.0,50.0,50.0,170.0,20.0,20.0,240.0,80.0,80.0,175.0,190.0,20.0
E09B,sample_001763,samples/sample_001763.npz,sample_001763_prediction.npz,0.0005397901986725628,0.0019204607233405113,0.8358867619987995,0.37889039242219213,0.549558390578999,280,739,2.6392857142857142,142.34578132629395,327.39235240488824,2.299979313432682,0.5083777904510498,0.6351440769221102,0.7843972444534302,0.026353273589173568,0.00046605548821021287,0.0007156103697206346,-1.4727274633256684,1.4727274633256684,40.0,110.0,70.0,80.0,50.0,510.0,495.0,0.0006819365809201658,0.02611391546513402,0.00937008936662944,1.3323047056407713,0.9995817342341682,0.2156528325885756,0.00937008936662944,0.024374946280587853,40.0,70.0,20.0,-20.0,20.0,130.0,20.0,20.0,110.0,40.0,40.0,120.0,40.0,40.0,90.0,40.0,40.0,510.0,495.0,0.0
E09B,sample_000998,samples/sample_000998.npz,sample_000998_prediction.npz,0.0005359304486773908,0.0030771533492952585,0.6582290746898913,0.30394736842105263,0.4661957618567104,462,1520,3.29004329004329,163.88124418258667,404.7306594666999,2.469658205766202,0.3547213077545166,0.2913132995947615,0.4133806526660919,0.007180943711326426,0.0005045533781551557,0.005792496919764317,5.2168356486738645,5.2168356486738645,80.0,110.0,30.0,110.0,140.0,235.0,380.0,0.0004702101690687429,0.02168433003504473,0.011773156686084174,1.3323194349163416,0.9949051256795478,0.09829687058513176,0.011773156686084174,0.01820996844351067,80.0,30.0,60.0,-20.0,20.0,160.0,50.0,50.0,100.0,70.0,70.0,150.0,40.0,40.0,190.0,50.0,50.0,235.0,365.0,15.0
E09B,sample_001629,samples/sample_001629.npz,sample_001629_prediction.npz,0.0011209598742425442,0.0036187022924423218,0.8351326315935123,0.39344262295081966,0.5647058823529412,504,1281,2.5416666666666665,287.289128780365,642.1849108147438,2.2353261800786752,0.5700181126594543,0.6885520082617563,0.7526267766952515,0.016644132247974334,0.0010409632493829418,0.0011426461126100868,-0.15955866633801463,0.15955866633801463,70.0,130.0,60.0,60.0,140.0,440.0,210.0,0.0012542101326662894,0.035414829276255014,0.017259855149232662,1.252429843189035,0.9994864513744437,0.20156418656416625,0.017259855149232662,0.03092422242989783,70.0,60.0,50.0,-20.0,20.0,150.0,20.0,20.0,100.0,40.0,40.0,100.0,40.0,40.0,190.0,50.0,50.0,440.0,205.0,5.0
E09B,sample_001922,samples/sample_001922.npz,sample_001922_prediction.npz,0.002739684423431754,0.005948251113295555,0.7993580129517722,0.3653190452995616,0.5351409204423832,750,2053,2.7373333333333334,600.9497344493866,1159.01488235214,1.9286386463155263,0.8012663125991821,0.8012394284407298,0.8765405416488647,0.0021750298829466552,0.0027440255456219905,0.002596216219855298,0.20503999826000552,0.20503999826000552,60.0,110.0,50.0,150.0,100.0,455.0,270.0,0.004310178031345518,0.0656519461352481,0.028435010114686993,0.9947809161423072,0.9986135464159331,0.41704023878611185,0.028435010114686993,0.05917455729554018,60.0,50.0,20.0,-40.0,40.0,140.0,30.0,30.0,120.0,70.0,70.0,180.0,30.0,30.0,130.0,30.0,30.0,450.0,265.0,7.0710678118654755
E09B,sample_001409,samples/sample_001409.npz,sample_001409_prediction.npz,0.0006781312986277044,0.0017887172289192677,0.8297186749148961,0.4080145719489982,0.5795601552393272,224,549,2.450892857142857,206.4456329345703,321.8607689024857,1.5590582582315722,0.9216322898864746,0.7867597096732685,0.9119333028793335,0.030409595577931898,0.0006102291074134882,0.0003852172289863153,-0.47644364348380464,0.47644364348380464,20.0,90.0,70.0,40.0,80.0,480.0,290.0,0.00033118696411947005,0.01819854291198804,0.006374973189703086,0.46356645394577894,0.9934725091347278,0.14862023193716856,0.006374973189703086,0.017045429913910556,20.0,70.0,20.0,0.0,0.0,110.0,20.0,20.0,90.0,20.0,20.0,70.0,30.0,30.0,160.0,80.0,80.0,485.0,270.0,20.615528128088304
E09B,sample_000992,samples/sample_000992.npz,sample_000992_prediction.npz,0.0007421427872031927,0.0027678075712174177,0.9317189177594625,0.6216908625106746,0.7667193259610321,728,1171,1.6085164835164836,443.7051453590393,701.1758900271407,1.5802744172816838,0.6094850897789001,0.7412257438914461,0.9087080955505371,0.030183965371344997,0.0005224817007139746,0.0002701017842223847,2.240021455666792,2.240021455666792,20.0,100.0,80.0,70.0,130.0,395.0,215.0,0.0011753540794290584,0.03428343739226069,0.01385193154028784,0.4822231649224348,0.9972923323063911,0.21868262545288153,0.01385193154028784,0.031360453951310034,20.0,80.0,20.0,0.0,0.0,120.0,20.0,20.0,100.0,20.0,20.0,90.0,20.0,20.0,160.0,30.0,30.0,395.0,210.0,5.0
E09B,sample_002128,samples/sample_002128.npz,sample_002128_prediction.npz,0.000416365684941411,0.0019122004741802812,0.7682879705736935,0.26634382566585957,0.42065009560229444,220,826,3.7545454545454544,101.6027420759201,287.3283532774067,2.8279586496071905,0.46183064579963684,0.5142462143843824,0.6384647488594055,0.0057868367086720525,0.0004043198925696347,0.0022417083964920083,-1.494857809371041,1.494857809371041,60.0,100.0,40.0,50.0,110.0,295.0,285.0,0.0005395390005800755,0.023227978831144035,0.009822843378367722,1.8632836290389077,0.9994780231313241,0.16266925504950464,0.009822843378367722,0.02104877071337262,60.0,40.0,30.0,-30.0,30.0,130.0,30.0,30.0,100.0,60.0,60.0,90.0,40.0,40.0,170.0,60.0,60.0,295.0,285.0,0.0
E09B,sample_001888,samples/sample_001888.npz,sample_001888_prediction.npz,0.002009720541536808,0.004084931220859289,0.7461854750193115,0.31552587646076796,0.4796954314720812,378,1198,3.1693121693121693,311.36883294582367,695.2847287188,2.2329939774022773,0.8237270712852478,0.8125712461572475,0.8710971474647522,0.0024866407647012524,0.002007879588279812,0.0010190506879126729,2.7496125131230116,2.7496125131230116,70.0,140.0,70.0,90.0,60.0,355.0,480.0,0.001363363188507607,0.03692374829980844,0.018167525658611378,1.2177095172612094,0.999611933228614,0.22486638645808465,0.018167525658611378,0.03214504938480115,70.0,70.0,40.0,-30.0,30.0,240.0,100.0,100.0,200.0,130.0,130.0,120.0,30.0,30.0,110.0,50.0,50.0,360.0,475.0,7.0710678118654755
E09B,sample_001536,samples/sample_001536.npz,sample_001536_prediction.npz,0.0012168569955974817,0.0032389608677476645,0.7385404098286652,0.28197381671701915,0.4399057344854674,280,993,3.5464285714285713,223.28286409378052,493.30554919161756,2.2093300853773776,0.7974388003349304,0.7110457680055073,0.7782912254333496,0.008858463053733827,0.0011950291574449276,0.0032709176090890885,0.7077318605736025,0.7077318605736025,40.0,80.0,40.0,70.0,100.0,455.0,380.0,0.001719640334701531,0.041468546329736844,0.01470763786596475,1.1785290574592318,0.9993926022401074,0.318788373324979,0.01470763786596475,0.0387727445908227,40.0,40.0,20.0,-20.0,20.0,110.0,30.0,30.0,90.0,50.0,50.0,110.0,40.0,40.0,130.0,30.0,30.0,455.0,375.0,5.0
E09B,sample_000503,samples/sample_000503.npz,sample_000503_prediction.npz,0.0007611220353282988,0.00254061003215611,0.5553167699066677,0.12178619756427606,0.21712907117008443,90,739,8.21111111111111,83.0135428905487,267.28915545143053,3.219825900020249,0.9223726987838745,0.5586142834689882,0.6269858479499817,0.1345300387574888,0.0006385407475461807,0.011087071774636574,0.8022248626033104,0.8022248626033104,70.0,90.0,20.0,90.0,50.0,415.0,505.0,0.0005008247830613103,0.022379114885564853,0.009285448650306716,2.187056751343268,0.9997010919815406,0.15759009945879382,0.009285448650306716,0.020361857145747477,70.0,20.0,30.0,-40.0,40.0,130.0,40.0,40.0,100.0,80.0,80.0,140.0,50.0,50.0,100.0,50.0,50.0,420.0,500.0,7.0710678118654755
E09B,sample_001208,samples/sample_001208.npz,sample_001208_prediction.npz,0.00025665672728791833,0.0012304382398724556,0.8338294583792524,0.4195804195804196,0.5911330049261084,180,429,2.3833333333333333,107.92141556739807,212.15410697488593,1.9658202763509292,0.5995634198188782,0.5630561497476366,0.6645839810371399,0.00550826570699856,0.00024702310885519403,0.0007127070679440515,1.9078856962611965,1.9078856962611965,20.0,70.0,50.0,40.0,90.0,250.0,475.0,0.0002110826049708769,0.014528682148456443,0.005839469364635185,0.6247511338696116,0.9804055581519677,0.10869839549880031,0.005839469364635185,0.013303503392353613,20.0,50.0,20.0,0.0,0.0,90.0,20.0,20.0,70.0,20.0,20.0,120.0,80.0,80.0,140.0,50.0,50.0,280.0,470.0,30.4138126514911
E09B,sample_000155,samples/sample_000155.npz,sample_000155_prediction.npz,0.0003247909771744162,0.001722389250062406,0.769069100853081,0.31290743155149936,0.4766633565044687,240,767,3.1958333333333333,82.30671644210815,248.89102643780598,3.023945519839414,0.3429446518421173,0.4274062517409523,0.5367806553840637,0.011621377926106383,0.00029714391944027515,0.0024317130793771757,0.8853724756286994,0.8853724756286994,70.0,110.0,40.0,60.0,100.0,340.0,440.0,0.0003249273485027772,0.01802574127470982,0.008399072291443677,1.9852857873889644,0.9984483818682088,0.11122301830118997,0.008399072291443677,0.015949386607198416,70.0,40.0,50.0,-20.0,20.0,140.0,30.0,30.0,90.0,50.0,50.0,100.0,40.0,40.0,140.0,40.0,40.0,350.0,440.0,10.0
E09B,sample_000172,samples/sample_000172.npz,sample_000172_prediction.npz,0.000395505951019004,0.0018741729436442256,0.6495534313876444,0.19591836734693877,0.32764505119453924,144,735,5.104166666666667,66.12655019760132,239.53790663981076,3.622416501753327,0.45921215415000916,0.44404293534656364,0.56004798412323,0.006201858726674812,0.0003869881181886131,0.010390748901190123,4.636765486474431,4.636765486474431,60.0,80.0,20.0,90.0,80.0,445.0,390.0,0.00047846472296256325,0.021873836493915815,0.009045365907586173,2.4229708757549497,0.998388945313522,0.15654148151667038,0.009045365907586173,0.01991597546093189,60.0,20.0,30.0,-30.0,30.0,120.0,40.0,40.0,90.0,70.0,70.0,130.0,40.0,40.0,110.0,30.0,30.0,455.0,385.0,11.180339887498949
E09B,sample_000676,samples/sample_000676.npz,sample_000676_prediction.npz,0.0004154729831498116,0.0017752358689904213,0.6872023413507695,0.2575558475689882,0.4096133751306165,196,761,3.88265306122449,93.86811804771423,249.02066403481393,2.6528779868393,0.47891896963119507,0.4299574353713162,0.49310386180877686,0.004089206071904893,0.0004081336079122175,0.0008288707935855313,-5.513724698732801,5.513724698732801,80.0,150.0,70.0,70.0,40.0,265.0,450.0,0.00022034815711142303,0.01484412870839589,0.007495315714792399,1.7547299422184628,0.9985529937362849,0.08440830869200594,0.007495315714792399,0.012812821681698736,80.0,70.0,60.0,-20.0,20.0,160.0,10.0,10.0,100.0,30.0,30.0,120.0,50.0,50.0,110.0,70.0,70.0,270.0,445.0,7.0710678118654755
E09B,sample_000167,samples/sample_000167.npz,sample_000167_prediction.npz,0.0006565864314325154,0.002532697981223464,0.7411541242904524,0.3395061728395062,0.5069124423963134,385,1134,2.9454545454545453,162.68452391028404,400.58610143770625,2.4623491639476307,0.42255720496177673,0.45219907133610215,0.5402810573577881,0.004983224179827892,0.0006395748508662472,0.0007605534715408682,-2.9769119775658623,2.9769119775658623,80.0,150.0,70.0,50.0,110.0,445.0,445.0,0.00047157674221538445,0.021715817788316986,0.01123022901201453,1.5108845245592581,0.9964262752310108,0.11584062421539071,0.01123022901201453,0.01858651926943535,80.0,70.0,60.0,-20.0,20.0,160.0,10.0,10.0,100.0,30.0,30.0,90.0,40.0,40.0,160.0,50.0,50.0,445.0,430.0,15.0
E09B,sample_000352,samples/sample_000352.npz,sample_000352_prediction.npz,0.001230055233463645,0.0038487063720822334,0.9080214383679838,0.5689655172413793,0.7252747252747253,792,1392,1.7575757575757576,481.7146625518799,851.9439409779012,1.7685655164921377,0.6082255840301514,0.7721127130542741,0.9004987478256226,0.036933218726429795,0.0009400713931536911,0.0006431429709307781,-3.9185641051372784,3.9185641051372784,40.0,120.0,80.0,90.0,110.0,345.0,285.0,0.002777960291319341,0.05270635911651782,0.01993637971950822,0.8816794323854672,0.998446775253666,0.40808146452702143,0.01993637971950822,0.04879037871341974,40.0,80.0,20.0,-20.0,20.0,140.0,20.0,20.0,120.0,40.0,40.0,120.0,30.0,30.0,130.0,20.0,20.0,350.0,285.0,5.0
E09B,sample_001467,samples/sample_001467.npz,sample_001467_prediction.npz,0.0015506315976381302,0.004097798373550177,0.8212784096613409,0.4132841328413284,0.5848563968668408,560,1355,2.419642857142857,347.71613597869873,742.3979673436124,2.135069070792539,0.6209216713905334,0.7353796618857554,0.8369851112365723,0.020374717263932432,0.0014427837175139593,0.000475151418462022,-1.813864823228684,1.813864823228684,70.0,150.0,80.0,50.0,140.0,355.0,200.0,0.0014009808265134803,0.03742967841851544,0.019037286488006247,1.1767221854541874,0.9997489709234941,0.20699236673835641,0.019037286488006247,0.03222673656588664,70.0,80.0,50.0,-20.0,20.0,240.0,90.0,90.0,190.0,110.0,110.0,90.0,40.0,40.0,180.0,40.0,40.0,355.0,200.0,0.0
E09B,sample_002010,samples/sample_002010.npz,sample_002010_prediction.npz,0.0014079371467232704,0.004217173438519239,0.5504838640806891,0.1407035175879397,0.24669603524229075,168,1194,7.107142857142857,156.31246948242188,440.34460495383684,2.8170791902392396,0.9304313659667969,0.5419406523661954,0.5804397463798523,0.15172976947848124,0.0011505998960382002,0.012220962831485266,0.33131290933501134,0.33131290933501134,80.0,100.0,20.0,60.0,140.0,170.0,470.0,0.0009136924668208255,0.030227346341034064,0.013938785520014452,1.8189831561133039,0.9992473093732436,0.1755129234052047,0.013938785520014452,0.026821683859293045,80.0,20.0,50.0,-30.0,30.0,140.0,40.0,40.0,90.0,70.0,70.0,100.0,40.0,40.0,180.0,40.0,40.0,170.0,460.0,10.0
E09B,sample_002098,samples/sample_002098.npz,sample_002098_prediction.npz,0.0014802990481257439,0.0044198292307555676,0.8558450636817003,0.4818560380725758,0.6503412284223203,810,1681,2.0753086419753086,470.3172558546066,888.0382050699889,1.8881684522851443,0.580638587474823,0.6836811556124393,0.875066339969635,0.02084379482129543,0.0013194231000578504,0.001216591160356782,-1.5136801854324062,1.5136801854324062,40.0,100.0,60.0,150.0,90.0,325.0,305.0,0.0032989826381846256,0.05743677078479104,0.02273125309892746,0.9330197480195783,0.9986119227176495,0.3738135697789343,0.02273125309892746,0.052747253679572045,40.0,60.0,20.0,-20.0,20.0,130.0,30.0,30.0,110.0,50.0,50.0,180.0,30.0,30.0,120.0,30.0,30.0,330.0,300.0,7.0710678118654755
E09B,sample_001451,samples/sample_001451.npz,sample_001451_prediction.npz,0.0002026363945333287,0.0012100761523470283,0.898546280511734,0.7201492537313433,0.8373101952277657,392,530,1.3520408163265305,94.30146908760071,202.0946758766293,2.143070281215819,0.2405649721622467,0.3735380513137396,0.5548275113105774,0.03186935604478591,7.585567199000266e-05,0.000677640560188134,-1.838730156533181,1.838730156533181,20.0,90.0,70.0,80.0,70.0,390.0,335.0,0.00031342690446814464,0.0177038669354507,0.006058759168062172,1.0256817788923387,0.99650069011339,0.14537532378741425,0.006058759168062172,0.0166348532248279,20.0,70.0,20.0,0.0,0.0,100.0,10.0,10.0,80.0,10.0,10.0,100.0,20.0,20.0,100.0,30.0,30.0,390.0,330.0,5.0
E09B,sample_000316,samples/sample_000316.npz,sample_000316_prediction.npz,0.00010934736201306805,0.0008720057085156441,0.7587937254161558,0.3187250996015936,0.48338368580060426,80,251,3.1375,23.076975345611572,108.63536333286947,4.7075217486648695,0.28846219182014465,0.40469842329621314,0.5363818407058716,0.01845862252586188,9.440251883319526e-05,0.0011791787404871424,5.318656435266554,5.318656435266554,20.0,60.0,40.0,50.0,40.0,475.0,350.0,0.00018646393339898486,0.013655179727817018,0.004767563134190019,2.3425271641632297,0.9384195705681978,0.11264015499606048,0.004767563134190019,0.012795869456996546,20.0,40.0,20.0,0.0,0.0,80.0,20.0,20.0,60.0,20.0,20.0,200.0,150.0,150.0,70.0,30.0,30.0,540.0,345.0,65.19202405202648
E09B,sample_001723,samples/sample_001723.npz,sample_001723_prediction.npz,0.000557592895347625,0.0020329784601926804,0.856065385889017,0.44499381953028433,0.6159110350727117,360,809,2.2472222222222222,184.5861268043518,377.5579866010239,2.045429920100163,0.5127392411231995,0.621764009942611,0.7908138036727905,0.020667262477942126,0.0004836784208068084,0.0008354232688543537,-0.013540218162248152,0.013540218162248152,30.0,90.0,60.0,50.0,120.0,255.0,300.0,0.0008863953380454481,0.029772392212340747,0.010661612282084907,1.0057636454806205,0.996852176050832,0.23637284810432602,0.010661612282084907,0.027797938081662543,30.0,60.0,20.0,-10.0,10.0,110.0,20.0,20.0,90.0,30.0,30.0,80.0,30.0,30.0,160.0,40.0,40.0,260.0,300.0,5.0
E09B,sample_001111,samples/sample_001111.npz,sample_001111_prediction.npz,0.0015601824270561337,0.0035993836354464293,0.7771735979013336,0.3333333333333333,0.5,385,1155,3.0,306.5526646375656,637.3216947124637,2.078995775378313,0.7962406873703003,0.7812912806287988,0.875291109085083,0.003248688323813784,0.0015535436429947376,0.00232336566532741,2.3921116467127064,2.3921116467127064,40.0,90.0,50.0,70.0,110.0,375.0,255.0,0.002262824769765129,0.047569157757575746,0.01780014095052324,1.056388832712703,0.9994877938824335,0.36820025159592673,0.01780014095052324,0.04411326049961207,40.0,50.0,20.0,-20.0,20.0,130.0,40.0,40.0,110.0,60.0,60.0,110.0,40.0,40.0,140.0,30.0,30.0,375.0,250.0,5.0
E09B,sample_000562,samples/sample_000562.npz,sample_000562_prediction.npz,0.0007133068866096437,0.0026801482308655977,0.6463456035685308,0.16578108395324123,0.284412032816773,156,941,6.032051282051282,97.30296850204468,342.7077408613964,3.522068711132846,0.6237369775772095,0.5661606712219043,0.6349111795425415,0.005507396125585555,0.0007056869597694007,0.004987701926339559,2.228694321592613,2.228694321592613,50.0,80.0,30.0,40.0,130.0,490.0,495.0,0.0011191750680187012,0.03345407401227392,0.012663014374508345,2.3851305204039837,0.9967880815837261,0.24471101347552537,0.012663014374508345,0.030964869367877148,50.0,30.0,20.0,-30.0,30.0,110.0,30.0,30.0,90.0,60.0,60.0,100.0,60.0,60.0,180.0,50.0,50.0,500.0,490.0,11.180339887498949
E09B,sample_002168,samples/sample_002168.npz,sample_002168_prediction.npz,0.0004820510803256184,0.0018786577275022864,0.587477147484595,0.1689059500959693,0.2889983579638752,88,521,5.920454545454546,75.48128128051758,185.9804302766632,2.463927839082224,0.8577418327331543,0.4362621839073571,0.49130842089653015,0.17806225546454088,0.00032294208509022783,0.008375340508444793,3.5214855192314403,3.5214855192314403,30.0,50.0,20.0,110.0,40.0,415.0,420.0,0.0002777248481735239,0.016665078702890183,0.0062398100613400564,1.0107974200683612,0.979308220414973,0.10741915053124576,0.0062398100613400564,0.01545281911406211,30.0,20.0,20.0,-10.0,10.0,80.0,30.0,30.0,60.0,40.0,40.0,190.0,80.0,80.0,80.0,40.0,40.0,435.0,420.0,20.0
E09B,sample_001196,samples/sample_001196.npz,sample_001196_prediction.npz,0.0006825263262726367,0.002089179353788495,0.6211120718795478,0.1541095890410959,0.26706231454005935,90,584,6.488888888888889,88.26255083084106,229.2889541420076,2.597805660312828,0.9806950092315674,0.6232045266363356,0.6905838251113892,0.1298659130361113,0.0005641471180761476,0.005420942458084859,4.17957504312605,4.17957504312605,50.0,80.0,30.0,60.0,50.0,110.0,525.0,0.00039759825373369913,0.019939865940715326,0.007043170442594751,1.4697939376305675,0.9993872930387516,0.16854375373072789,0.007043170442594751,0.018654543785637287,50.0,30.0,20.0,-30.0,30.0,120.0,40.0,40.0,100.0,70.0,70.0,110.0,50.0,50.0,90.0,40.0,40.0,115.0,525.0,5.0
E09B,sample_001899,samples/sample_001899.npz,sample_001899_prediction.npz,0.0004994810442440212,0.0029822776559740305,0.6664849850462843,0.30275229357798167,0.4647887323943662,462,1526,3.303030303030303,150.69104826450348,400.8620775031542,2.660158530449221,0.3261711001396179,0.2909676472604017,0.45612967014312744,0.004582153255397896,0.00048020313835625387,0.005851968784318879,5.391839449797104,5.391839449797104,80.0,110.0,30.0,110.0,140.0,165.0,350.0,0.0005014603888686023,0.022393311252885365,0.012006079358653778,1.4977931304562027,0.9970257931937452,0.10019066673797009,0.012006079358653778,0.018902762954190324,80.0,30.0,60.0,-20.0,20.0,160.0,50.0,50.0,100.0,70.0,70.0,150.0,40.0,40.0,190.0,50.0,50.0,165.0,335.0,15.0
E09B,sample_000775,samples/sample_000775.npz,sample_000775_prediction.npz,0.0002494117070455104,0.0016740979626774788,0.9104242079218242,0.6801275239107333,0.8096141682479443,640,941,1.4703125,211.01202011108398,344.14744295577844,1.6309376251391148,0.3297062814235687,0.4018758976832032,0.593268632888794,0.01892151335205255,0.00012705194703992317,0.000492973552824095,-2.6593140301593223,2.6593140301593223,60.0,140.0,80.0,160.0,50.0,440.0,325.0,0.00018552400054876815,0.013620719531242399,0.006666867362005663,0.6532982007392074,0.9996684305507153,0.07632243527990706,0.006666867362005663,0.011877578883181193,60.0,80.0,50.0,-10.0,10.0,160.0,20.0,20.0,110.0,30.0,30.0,180.0,20.0,20.0,80.0,30.0,30.0,440.0,320.0,5.0
E09B,sample_001971,samples/sample_001971.npz,sample_001971_prediction.npz,0.0010179431410506368,0.0033331287559121847,0.6100645752205961,0.175054704595186,0.297951582867784,160,914,5.7125,147.76297569274902,348.7938266694074,2.360495415270141,0.9235185980796814,0.5278028402477503,0.5987361073493958,0.15788676063501333,0.000762206412572674,0.011849867840325037,3.5896533048424075,3.5896533048424075,50.0,70.0,20.0,160.0,50.0,240.0,195.0,0.0006983028288502547,0.026425420126277174,0.010778252278284694,1.2177696937312832,0.9978402476264259,0.17893450913458897,0.010778252278284694,0.024127414007222275,50.0,20.0,20.0,-30.0,30.0,110.0,40.0,40.0,90.0,70.0,70.0,200.0,40.0,40.0,80.0,30.0,30.0,250.0,190.0,11.180339887498949
E09B,sample_002064,samples/sample_002064.npz,sample_002064_prediction.npz,0.0018280032090842724,0.005738738924264908,0.7605533671428396,0.35004557885141296,0.5185685347738015,768,2194,2.8567708333333335,498.9137878417969,923.4485672365302,1.8509181139915725,0.6496273279190063,0.5600305041686321,0.708166778087616,0.011678381692255579,0.0017504412045166156,0.003958368820473505,4.214415653388144,4.214415653388144,80.0,120.0,40.0,160.0,120.0,170.0,440.0,0.0014361592893726855,0.0378966923275988,0.01974734550413255,0.8136318914853357,0.999904283613185,0.18647346737908282,0.01974734550413255,0.032345040344898345,80.0,40.0,50.0,-30.0,30.0,160.0,40.0,40.0,110.0,70.0,70.0,180.0,20.0,20.0,160.0,40.0,40.0,170.0,430.0,10.0
E09B,sample_001548,samples/sample_001548.npz,sample_001548_prediction.npz,0.0015834049554541707,0.004163101315498352,0.7485500033413115,0.27348066298342544,0.42950108459869846,396,1448,3.6565656565656566,281.8826107978821,675.8405791079039,2.3975958545115823,0.7118247747421265,0.709587793308075,0.7858949303627014,0.0017489921690811265,0.0015827352622684592,0.003497984962068353,1.6387808061502795,1.6387808061502795,50.0,90.0,40.0,90.0,110.0,455.0,335.0,0.002769675773386618,0.05262770917859353,0.020833136511133155,1.390119135609768,0.9987876956871071,0.36373405896993005,0.020833136511133155,0.04832862709093967,50.0,40.0,20.0,-30.0,30.0,130.0,40.0,40.0,110.0,70.0,70.0,130.0,40.0,40.0,150.0,40.0,40.0,455.0,325.0,10.0
E09B,sample_000381,samples/sample_000381.npz,sample_000381_prediction.npz,0.0002586089540272951,0.0018183995271101594,0.8766843294637464,0.5813953488372093,0.7352941176470589,600,1032,1.72,171.90202474594116,345.276729495575,2.008566972994467,0.2865033745765686,0.3548610235005617,0.4561541974544525,0.007729903930645663,0.0002127277465726776,0.0019208465572059892,-0.35602804534349275,0.35602804534349275,30.0,70.0,40.0,100.0,150.0,440.0,425.0,0.0007096001630696694,0.026638321326045857,0.009704142450233802,0.949712873594426,0.9988846932920509,0.1744745468823577,0.009704142450233802,0.024807857270938167,30.0,40.0,20.0,-10.0,10.0,80.0,10.0,10.0,60.0,20.0,20.0,110.0,10.0,10.0,170.0,20.0,20.0,445.0,425.0,5.0
E09B,sample_000114,samples/sample_000114.npz,sample_000114_prediction.npz,0.0020015540067106485,0.006993966642767191,0.5783714490852884,0.20618556701030927,0.3418803418803419,480,2328,4.85,322.79139518737793,767.6752120108654,2.378239393789403,0.6724820733070374,0.41972053200006487,0.6043116450309753,0.06948485791550357,0.0016704290244924523,0.012575829640522123,10.187281879204122,10.187281879204122,80.0,100.0,20.0,150.0,160.0,485.0,350.0,0.0014395123687304542,0.037940906271865124,0.020912011652586073,1.1841595196284145,0.9966644083752486,0.1609054853520761,0.020912011652586073,0.03165754471484734,80.0,20.0,50.0,-30.0,30.0,160.0,60.0,60.0,110.0,90.0,90.0,180.0,30.0,30.0,200.0,40.0,40.0,480.0,340.0,11.180339887498949
E09B,sample_000761,samples/sample_000761.npz,sample_000761_prediction.npz,0.001672517042607069,0.003525941865518689,0.6681944648300748,0.22528735632183908,0.3677298311444653,196,870,4.438775510204081,195.83123445510864,466.51320539996595,2.3822206232729797,0.9991389513015747,0.8054343531934582,0.8634071350097656,0.039434396471929416,0.0015970765354483098,0.0008181091440479793,-2.465839097887539,2.465839097887539,50.0,120.0,70.0,70.0,40.0,155.0,200.0,0.0012608960987505098,0.03550909881636691,0.013736124468871286,1.4762389323941165,0.999062908247042,0.2979194952939827,0.013736124468871286,0.032744693972095465,50.0,70.0,20.0,-30.0,30.0,140.0,20.0,20.0,120.0,50.0,50.0,120.0,50.0,50.0,90.0,50.0,50.0,160.0,195.0,7.0710678118654755
E09B,sample_001580,samples/sample_001580.npz,sample_001580_prediction.npz,0.0016845151549205184,0.0035291521344333887,0.8083939977033152,0.410958904109589,0.5825242718446602,480,1168,2.433333333333333,401.34976387023926,706.4120055263539,1.7600907465707258,0.8361453413963318,0.8084234533210596,0.9067113995552063,0.0062508023280396655,0.0016621092646154612,0.0006460075776717639,-3.188290874830898,3.188290874830898,40.0,120.0,80.0,120.0,50.0,500.0,525.0,0.0018327388291627252,0.042810499052951076,0.015361048392888781,0.8459280639106603,0.9984708743896605,0.3334268145406427,0.015361048392888781,0.03995969245920262,40.0,80.0,20.0,-20.0,20.0,140.0,20.0,20.0,120.0,40.0,40.0,160.0,40.0,40.0,80.0,30.0,30.0,500.0,520.0,5.0
E09B,sample_001591,samples/sample_001591.npz,sample_001591_prediction.npz,0.0008418859797529876,0.003994929138571024,0.9258779315059319,0.7087587318645889,0.829559748427673,1320,1860,1.4090909090909092,381.7951512336731,762.6872272627468,1.9976346603625494,0.28923875093460083,0.45760008040251154,0.6452089548110962,0.03804189332181747,0.00033557557684282206,0.0003429687092542405,-0.1430990839305366,0.1430990839305366,70.0,150.0,80.0,110.0,150.0,395.0,325.0,0.0011484088040639637,0.03388818089045152,0.01842514931708521,0.999357004715792,0.9989094333300925,0.16658148564809727,0.01842514931708521,0.0284415660030716,70.0,80.0,60.0,-10.0,10.0,160.0,10.0,10.0,100.0,20.0,20.0,130.0,20.0,20.0,190.0,40.0,40.0,395.0,315.0,10.0
E09B,sample_000709,samples/sample_000709.npz,sample_000709_prediction.npz,0.0014299546601250768,0.004005033988505602,0.5947676422033474,0.1651376146788991,0.28346456692913385,180,1090,6.055555555555555,170.6106162071228,440.22090441961706,2.5802667747544206,0.9478367567062378,0.6031129439671834,0.6757804155349731,0.12111637954496,0.0012104002256842583,0.006517543442711541,2.5468474273918673,2.5468474273918673,80.0,110.0,30.0,120.0,50.0,480.0,315.0,0.0007309201583253266,0.02703553510336584,0.01309635014268503,1.5322424375372754,0.9989409262170337,0.1571667711041118,0.01309635014268503,0.023651760426351358,80.0,30.0,50.0,-30.0,30.0,150.0,40.0,40.0,100.0,70.0,70.0,170.0,50.0,50.0,100.0,50.0,50.0,485.0,310.0,7.0710678118654755
E09B,sample_000703,samples/sample_000703.npz,sample_000703_prediction.npz,0.0005077469977550209,0.002079587895423174,0.88258778440859,0.5714285714285714,0.7272727272727273,520,910,1.75,243.65123629570007,417.7819674690361,1.7146720608550798,0.4685600697994232,0.5583914109434073,0.7808277606964111,0.030027814208175213,0.00035076394463415175,0.000610729362304,-4.440645966885754,4.440645966885754,30.0,110.0,80.0,130.0,50.0,465.0,415.0,0.0006959700991762482,0.02638124521655959,0.009475221685348683,0.7628052285690602,0.999438081205559,0.19725810540179012,0.009475221685348683,0.024620931606861393,30.0,80.0,20.0,-10.0,10.0,120.0,10.0,10.0,100.0,20.0,20.0,160.0,30.0,30.0,70.0,20.0,20.0,460.0,415.0,5.0
E09B,sample_001400,samples/sample_001400.npz,sample_001400_prediction.npz,0.0003726781578734517,0.0021174121648073196,0.7291293507139059,0.31926121372031663,0.484,242,758,3.1322314049586777,134.1245481967926,247.67516452009997,1.8466057694129312,0.5542336702346802,0.35878022753995314,0.48915424942970276,0.04018430969443004,0.0002744299558234414,0.008009040879462047,2.4479290979591326,2.4479290979591326,30.0,50.0,20.0,110.0,110.0,425.0,365.0,0.0002526452808744819,0.01589481930927439,0.006449630322532427,0.6071193285297387,0.9892411283754613,0.09019992347962136,0.006449630322532427,0.014527475678078145,30.0,20.0,20.0,-10.0,10.0,80.0,30.0,30.0,60.0,40.0,40.0,170.0,60.0,60.0,200.0,90.0,90.0,445.0,400.0,40.311288741492746
E09B,sample_001887,samples/sample_001887.npz,sample_001887_prediction.npz,0.00033326828270219266,0.0016185197746381164,0.8734521913504324,0.5245901639344263,0.6881720430107527,320,610,1.90625,185.7793426513672,308.1344572312114,1.6586045188536132,0.5805604457855225,0.5747060491703451,0.7903851866722107,0.018432067256901254,0.0002741605365752075,0.0008841371615133457,-1.9973876455899742,1.9973876455899742,20.0,70.0,50.0,40.0,160.0,380.0,240.0,0.0002979552222996433,0.017261379501640167,0.007012696130425384,0.48887688841011157,0.9917727486953067,0.12322184476434433,0.007012696130425384,0.015772676224469966,20.0,50.0,20.0,0.0,0.0,80.0,10.0,10.0,60.0,10.0,10.0,310.0,270.0,270.0,310.0,150.0,150.0,485.0,185.0,118.53269591129698
E09B,sample_001331,samples/sample_001331.npz,sample_001331_prediction.npz,6.493714317912236e-05,0.0009386720485053957,0.6717626436372497,0.44715447154471544,0.6179775280898876,110,246,2.2363636363636363,28.615364134311676,109.57261091001783,3.8291531219284107,0.26013967394828796,0.2141123419458216,0.3311889171600342,0.004553683196503642,5.990870424839331e-05,0.0035500825953214223,6.3933616147141095,6.3933616147141095,20.0,40.0,20.0,50.0,110.0,375.0,195.0,9.539539318653753e-05,0.009767056526228234,0.004603099320870111,1.2939211072032986,0.8581689196095745,0.05039788894293148,0.004603099320870111,0.008614340939894511,20.0,20.0,20.0,0.0,0.0,60.0,20.0,20.0,40.0,20.0,20.0,250.0,200.0,200.0,220.0,110.0,110.0,475.0,150.0,109.65856099730654
E09B,sample_001596,samples/sample_001596.npz,sample_001596_prediction.npz,0.0017858430510386825,0.005137911532074213,0.5944790170858156,0.1761006289308176,0.2994652406417112,252,1431,5.678571428571429,230.43040251731873,557.0343440039031,2.4173648004717494,0.9144063591957092,0.5602927034099897,0.6520445346832275,0.1286320903681808,0.0014598399711338418,0.012435964282577677,1.0022284237630714,1.0022284237630714,80.0,100.0,20.0,140.0,90.0,390.0,355.0,0.0011876290772908458,0.03446199467951392,0.016575171665132667,1.424789762289611,0.9993859338403925,0.20032576837236105,0.016575171665132667,0.030214115270221453,80.0,20.0,40.0,-40.0,40.0,140.0,40.0,40.0,100.0,80.0,80.0,180.0,40.0,40.0,130.0,40.0,40.0,390.0,355.0,0.0
E09B,sample_002009,samples/sample_002009.npz,sample_002009_prediction.npz,0.00026821487699635327,0.001962735317647457,0.7767595744031317,0.47781299524564186,0.6466487935656836,616,1249,2.0275974025974026,175.44790244102478,317.91957877787115,1.8120454810494924,0.28481802344322205,0.25332171761418704,0.3961033225059509,0.0044734502864418844,0.00024169755781026619,0.0033006847421601392,4.506573480871268,4.506573480871268,80.0,120.0,40.0,140.0,110.0,360.0,135.0,0.0001582166862665841,0.012578421453687426,0.00657271165437405,0.7539480335001678,0.9991250732084516,0.06018774280529854,0.00657271165437405,0.010724558162229322,80.0,40.0,60.0,-20.0,20.0,160.0,40.0,40.0,100.0,60.0,60.0,160.0,20.0,20.0,130.0,20.0,20.0,360.0,135.0,0.0
E09B,sample_002116,samples/sample_002116.npz,sample_002116_prediction.npz,0.002113417023792863,0.004951795097440481,0.8351924868558601,0.43382827630729504,0.605132823052679,672,1549,2.3050595238095237,638.236249923706,960.0980345946829,1.504298815226261,0.9497563242912292,0.8270483511012225,0.9182895421981812,0.019232034625696854,0.0019955897375292684,0.001090500722248728,1.1198320814477967,1.1198320814477967,40.0,110.0,70.0,60.0,160.0,190.0,340.0,0.001696871156771597,0.04119309598429811,0.016775884402628297,0.5108976071199381,0.9993475960795153,0.27643197839691447,0.016775884402628297,0.03762234521240335,40.0,70.0,20.0,-20.0,20.0,140.0,30.0,30.0,120.0,50.0,50.0,90.0,30.0,30.0,190.0,30.0,30.0,185.0,335.0,7.0710678118654755
E09B,sample_000238,samples/sample_000238.npz,sample_000238_prediction.npz,0.0017909446032717824,0.005414414685219526,0.8991797468688792,0.5175202156334232,0.6820603907637656,1344,2597,1.9322916666666667,988.6517601013184,1451.4481614964984,1.4681086102023952,0.7356039881706238,0.7486127401436014,0.8680396676063538,0.006251892094022147,0.001729109729027333,0.0008045245185027677,-2.0186646665982266,2.0186646665982266,50.0,120.0,70.0,160.0,120.0,350.0,150.0,0.003107938406803636,0.05574888704542572,0.023764837438639958,0.5190572358360448,0.9993344778978337,0.3290039258900648,0.023764837438639958,0.05042986127602031,50.0,70.0,20.0,-30.0,30.0,140.0,20.0,20.0,120.0,50.0,50.0,180.0,20.0,20.0,150.0,30.0,30.0,350.0,145.0,5.0
E09B,sample_000737,samples/sample_000737.npz,sample_000737_prediction.npz,0.00023390566639136523,0.0014296540757641196,0.7518172709630282,0.3686635944700461,0.5387205387205387,240,651,2.7125,93.02326440811157,214.47875741366965,2.3056464291847325,0.3875969350337982,0.35084338802844284,0.43800824880599976,0.002750117563362883,0.00022774755130203003,0.005232956807041656,0.1959886068324579,0.1959886068324579,40.0,70.0,30.0,50.0,160.0,375.0,160.0,0.00032261681408742374,0.01796153707474457,0.006627059835118279,1.2233245723784325,0.9980149214331424,0.1316774933484963,0.006627059835118279,0.016694277223922745,40.0,30.0,20.0,-20.0,20.0,90.0,20.0,20.0,70.0,40.0,40.0,70.0,20.0,20.0,180.0,20.0,20.0,375.0,160.0,0.0
E09B,sample_000271,samples/sample_000271.npz,sample_000271_prediction.npz,0.0016002025222405791,0.005070721264928579,0.6630768185196146,0.244270205066345,0.3926320891904993,405,1658,4.093827160493827,286.7427536845207,642.2319925350787,2.2397496860258004,0.7080067992210388,0.5314846489900424,0.653697669506073,0.03368204140831951,0.0014674825886405883,0.006632848924755844,2.5339445825421905,2.5339445825421905,80.0,110.0,30.0,90.0,150.0,365.0,435.0,0.0011779954613970163,0.0343219384854209,0.017531063641115816,1.2006907148459771,0.9974895095543702,0.17608239318113422,0.017531063641115816,0.029506902057114762,80.0,30.0,50.0,-30.0,30.0,150.0,40.0,40.0,100.0,70.0,70.0,110.0,20.0,20.0,190.0,40.0,40.0,365.0,425.0,10.0
E09B,sample_001280,samples/sample_001280.npz,sample_001280_prediction.npz,0.0001235760428244248,0.0013321965234354138,0.7051691548485114,0.44967880085653106,0.620384047267356,210,467,2.223809523809524,63.227905333042145,163.32188937979006,2.5830665830145727,0.3010852634906769,0.22785617826240404,0.3339785039424896,0.007292093283474291,0.00010822965804875876,0.0052738041924853705,8.62724289837211,8.62724289837211,20.0,40.0,20.0,70.0,150.0,415.0,485.0,0.00012276499670682412,0.01107993667431471,0.0056017719656847875,0.7573251417223794,0.9391546562702391,0.05037803017028104,0.0056017719656847875,0.009559557916101148,20.0,20.0,20.0,0.0,0.0,60.0,20.0,20.0,40.0,20.0,20.0,400.0,330.0,330.0,260.0,110.0,110.0,440.0,440.0,51.478150704935004
E09B,sample_000473,samples/sample_000473.npz,sample_000473_prediction.npz,0.0015758724184706807,0.005723524838685989,0.8150646021097165,0.35335689045936397,0.5221932114882507,900,2547,2.83,463.0685806274414,1014.6719187664701,2.1911914589230514,0.5145206451416016,0.5793967121177249,0.709220826625824,0.008219252402328407,0.0015144885644683393,0.0030460952125086504,2.351412462702598,2.351412462702598,50.0,90.0,40.0,150.0,150.0,445.0,245.0,0.004254769198041772,0.0652285918753561,0.02889925343857609,1.1573587775070155,0.9996348563916561,0.3569060400495794,0.02889925343857609,0.0584773661234389,50.0,40.0,20.0,-30.0,30.0,130.0,40.0,40.0,110.0,70.0,70.0,170.0,20.0,20.0,180.0,30.0,30.0,445.0,240.0,5.0
E09B,sample_001502,samples/sample_001502.npz,sample_001502_prediction.npz,0.0003135517181362957,0.0016348414355888963,0.8002689942940019,0.37333333333333335,0.5436893203883495,252,675,2.6785714285714284,71.70944917201996,230.8119694079538,3.2187106730421444,0.28456130623817444,0.42687610099239953,0.5559257864952087,0.027214519984966143,0.00024441450050382614,0.0006008303304244891,-5.437198558897279,5.437198558897279,70.0,140.0,70.0,60.0,60.0,160.0,450.0,0.0002690426738667409,0.01640252035105401,0.007689624125021451,2.3205520520363025,0.998803943096334,0.09914350325769819,0.007689624125021451,0.014488352379847368,70.0,70.0,60.0,-10.0,10.0,150.0,10.0,10.0,90.0,20.0,20.0,120.0,60.0,60.0,120.0,60.0,60.0,170.0,450.0,10.0
E09B,sample_000960,samples/sample_000960.npz,sample_000960_prediction.npz,0.0010267936158925295,0.004552058409899473,0.6461616113039205,0.21463951568519538,0.3534209333937472,390,1817,4.658974358974359,203.0231523513794,575.220326399061,2.8332745292197354,0.5205721855163574,0.4241992509517914,0.5400506258010864,0.010763317977467062,0.0009880122011956302,0.010768769614302445,5.321642690580319,5.321642690580319,70.0,90.0,20.0,130.0,150.0,165.0,265.0,0.0014012498683424867,0.03743327220992691,0.01860712602317328,1.6549357503410465,0.9974095567370627,0.1783228731373051,0.01860712602317328,0.03248114421476304,70.0,20.0,50.0,-20.0,20.0,130.0,40.0,40.0,80.0,60.0,60.0,170.0,40.0,40.0,190.0,40.0,40.0,165.0,255.0,10.0
E09B,sample_001604,samples/sample_001604.npz,sample_001604_prediction.npz,0.001108225667849183,0.002811125246807933,0.8001326967400184,0.3657142857142857,0.5355648535564853,320,875,2.734375,209.39214706420898,481.5047092096538,2.299535660532689,0.6543504595756531,0.7656221986748278,0.8690016269683838,0.01883173161895824,0.0010503435738025428,0.000540535562972129,-1.8051344100446869,1.8051344100446869,70.0,150.0,80.0,50.0,80.0,265.0,500.0,0.0007266373714463665,0.026956212112356707,0.012838421992777807,1.3655472629231042,0.9996551534467278,0.17110195674859136,0.012838421992777807,0.023702579863418366,70.0,80.0,50.0,-20.0,20.0,240.0,90.0,90.0,190.0,110.0,110.0,100.0,50.0,50.0,120.0,40.0,40.0,270.0,500.0,5.0
E09B,sample_001049,samples/sample_001049.npz,sample_001049_prediction.npz,0.0004080127691850066,0.0022805591579526663,0.8969277952032033,0.5675675675675675,0.7241379310344828,630,1110,1.7619047619047619,164.42838996648788,384.29210222717273,2.337139604088413,0.2609974443912506,0.41174834791630033,0.6389464735984802,0.03396442065837797,0.00019157302516423257,0.0008013461198847155,-1.1431854515962527,1.1431854515962527,50.0,110.0,60.0,70.0,150.0,215.0,405.0,0.0006790534183244715,0.026058653425003978,0.011465495769811122,1.3342574053740277,0.9989104574848977,0.15814496227722064,0.011465495769811122,0.023400765480575948,50.0,60.0,30.0,-20.0,20.0,130.0,20.0,20.0,100.0,40.0,40.0,90.0,20.0,20.0,190.0,40.0,40.0,215.0,395.0,10.0
E09B,sample_001954,samples/sample_001954.npz,sample_001954_prediction.npz,0.0004330276569817215,0.0020739377941936255,0.5851530500248899,0.1745635910224439,0.29723991507430997,140,802,5.728571428571429,69.94698226451874,243.26726493765312,3.4778807757236545,0.49962130188941956,0.3904923044145107,0.4761626124382019,0.015754892626322098,0.00041117587821998155,0.011291377831102664,6.487831216749029,6.487831216749029,80.0,100.0,20.0,100.0,70.0,400.0,495.0,0.00029817237254836773,0.017267668416678834,0.008358451044628764,2.2678422521527817,0.9972757567855755,0.09906509148214676,0.008358451044628764,0.015109886454997338,80.0,20.0,60.0,-20.0,20.0,140.0,40.0,40.0,80.0,60.0,60.0,140.0,40.0,40.0,120.0,50.0,50.0,410.0,490.0,11.180339887498949
E09B,sample_001051,samples/sample_001051.npz,sample_001051_prediction.npz,0.0007243931177072227,0.002287287963554263,0.7627757285249465,0.3062645011600928,0.4689165186500888,264,862,3.265151515151515,169.32887077331543,375.6894595775458,2.218697011689697,0.64139723777771,0.6126676119412436,0.7041339874267578,0.0027725025885634203,0.0007188780540811668,0.002858473225299564,-1.5285827225856181,1.5285827225856181,40.0,80.0,40.0,110.0,60.0,165.0,520.0,0.0011007665741310584,0.03317780243070747,0.011049940226500594,1.2476846790739387,0.9987139282160814,0.25581251080085465,0.011049940226500594,0.03128362822822542,40.0,40.0,20.0,-20.0,20.0,110.0,30.0,30.0,90.0,50.0,50.0,150.0,40.0,40.0,90.0,30.0,30.0,165.0,515.0,5.0
E09B,sample_000519,samples/sample_000519.npz,sample_000519_prediction.npz,0.000550068449229002,0.0031760490965098143,0.9079201624265836,0.5815244825845532,0.7353973827002873,1152,1981,1.7196180555555556,485.49850845336914,758.4091486037277,1.5621245696917951,0.42143967747688293,0.4632130281534046,0.6499245762825012,0.008180035834605385,0.0004595945331533636,0.0008431152986232755,-2.7659212939036735,2.7659212939036735,70.0,130.0,60.0,160.0,120.0,190.0,260.0,0.0007572033256528703,0.027517327734590622,0.013560345281752702,0.6013081159459601,0.9993394030475203,0.14136843416622918,0.013560345281752702,0.0239441091187899,70.0,60.0,50.0,-20.0,20.0,160.0,30.0,30.0,110.0,50.0,50.0,180.0,20.0,20.0,160.0,40.0,40.0,190.0,250.0,10.0
E09B,sample_002133,samples/sample_002133.npz,sample_002133_prediction.npz,9.203507943311706e-05,0.0007981359376572073,0.9131547185682903,0.7407407407407407,0.851063829787234,360,486,1.35,119.72476601600647,179.7881653515302,1.5016789870150478,0.33256879448890686,0.3528495493448443,0.505252480506897,0.006678462304063225,6.782620698444025e-05,0.00047350890403312595,-0.9197504100907778,0.9197504100907778,20.0,80.0,60.0,120.0,50.0,250.0,245.0,8.742502284137934e-05,0.009350134910330403,0.0034099150888565895,0.41551445120184105,0.9952635560267061,0.06669967986242889,0.0034099150888565895,0.008706176079552232,20.0,60.0,20.0,0.0,0.0,80.0,0.0,0.0,60.0,0.0,0.0,180.0,60.0,60.0,70.0,20.0,20.0,270.0,245.0,20.0
E09B,sample_000492,samples/sample_000492.npz,sample_000492_prediction.npz,0.00010113175812875852,0.0010211322223767638,0.858138854543888,0.5568181818181818,0.7153284671532847,336,486,1.4464285714285714,69.23460531234741,156.7423825985798,2.2639311929554125,0.20605537295341492,0.268395085397753,0.39881691336631775,0.011526770561904038,6.194535196048954e-05,0.0009347013223478546,-4.695433389478531,4.695433389478531,30.0,90.0,60.0,40.0,140.0,390.0,410.0,0.00017544880404441715,0.013245708891728564,0.004885442678709464,1.216337372220352,0.9961955970048351,0.10292997224843892,0.004885442678709464,0.01231183389578747,30.0,60.0,20.0,-10.0,10.0,90.0,0.0,0.0,70.0,10.0,10.0,60.0,20.0,20.0,170.0,30.0,30.0,390.0,405.0,5.0
E09B,sample_000901,samples/sample_000901.npz,sample_000901_prediction.npz,0.0027255758177489042,0.005774775054305792,0.7039590201301119,0.27529249827942187,0.4317323259579061,400,1453,3.6325,387.03465461730957,817.3770465151489,2.1118962779272348,0.9675866365432739,0.7959103205800057,0.8446736931800842,0.030565454369902784,0.0026118322694044203,0.0044399894902974945,1.7422427870624517,1.7422427870624517,70.0,110.0,40.0,100.0,100.0,200.0,200.0,0.0023083418615791962,0.048045206437054636,0.02133667573707199,1.150398396773736,0.9992389762223709,0.31779800578364537,0.02133667573707199,0.04304751014948763,70.0,40.0,30.0,-40.0,40.0,150.0,40.0,40.0,120.0,80.0,80.0,120.0,20.0,20.0,140.0,40.0,40.0,200.0,200.0,0.0
E09B,sample_000728,samples/sample_000728.npz,sample_000728_prediction.npz,0.0005455879145301878,0.0025152787566184998,0.7805837561171844,0.2828282828282828,0.4409448818897638,280,990,3.5357142857142856,104.24670338630676,351.5008316344324,3.3718172394562598,0.3723096549510956,0.5165236879672322,0.6396348476409912,0.023929753318351153,0.00047879237557155006,0.0022340553938372818,-0.5077829302063037,0.5077829302063037,60.0,100.0,40.0,70.0,100.0,335.0,470.0,0.0009053142143245552,0.030088439878540648,0.012798007980040963,2.3599782312403006,0.9990489477741831,0.20137199622919633,0.012798007980040963,0.027230960432334424,60.0,40.0,30.0,-30.0,30.0,130.0,30.0,30.0,100.0,60.0,60.0,110.0,40.0,40.0,150.0,50.0,50.0,335.0,465.0,5.0
E09B,sample_000044,samples/sample_000044.npz,sample_000044_prediction.npz,0.0021816755179315805,0.004956988152116537,0.8203807563633781,0.39425287356321836,0.5655399835119538,686,1740,2.5364431486880465,557.6774952411652,1016.287105952116,1.822356316373547,0.8129409551620483,0.8055372146927581,0.8762592673301697,0.0022179951069088706,0.002181420272058744,0.0008937314590175974,-1.0979503648795657,1.0979503648795657,70.0,140.0,70.0,70.0,140.0,275.0,260.0,0.002107485566398965,0.04590735852125414,0.022667448744749925,0.8719992789318497,0.9990456196917297,0.27143433689433805,0.022667448744749925,0.03992082581564539,70.0,70.0,30.0,-40.0,40.0,240.0,100.0,100.0,210.0,140.0,140.0,110.0,40.0,40.0,180.0,40.0,40.0,275.0,260.0,0.0
E09B,sample_000653,samples/sample_000653.npz,sample_000653_prediction.npz,0.00012947879440616816,0.0018162704072892666,0.6341569286898465,0.4619124797406807,0.6319290465631929,312,590,1.891025641025641,65.11785006523132,211.8276569953248,3.2529891079500937,0.20871105790138245,0.16109654064982748,0.29160425066947937,0.0045886108264732274,0.00011528121644958481,0.0059078433141842536,9.455430516506055,9.455430516506055,20.0,40.0,20.0,120.0,130.0,300.0,235.0,0.0002314365039049302,0.01521303730045155,0.008338061790138658,1.0812304055202235,0.9045358946099135,0.06636937643741937,0.008338061790138658,0.012724512937191738,20.0,20.0,20.0,0.0,0.0,60.0,20.0,20.0,40.0,20.0,20.0,300.0,180.0,180.0,150.0,20.0,20.0,390.0,235.0,90.0
E09B,sample_001330,samples/sample_001330.npz,sample_001330_prediction.npz,0.0015144823119044304,0.005494730081409216,0.92667648922519,0.5851063829787234,0.738255033557047,1320,2256,1.709090909090909,743.6322569847107,1270.3514016735799,1.7083059398534115,0.5633577704429626,0.7274068536857764,0.8677982091903687,0.03664716244669317,0.0010363092335776308,0.00036416028033470503,-3.5057088037493003,3.5057088037493003,50.0,130.0,80.0,150.0,110.0,365.0,405.0,0.003727600508034203,0.061054078553641304,0.027447187456683658,0.7733604804950679,0.9989791811494912,0.35216987373256914,0.027447187456683658,0.05453670698485444,50.0,80.0,20.0,-30.0,30.0,140.0,10.0,10.0,120.0,40.0,40.0,170.0,20.0,20.0,140.0,30.0,30.0,365.0,400.0,5.0
E09B,sample_000517,samples/sample_000517.npz,sample_000517_prediction.npz,0.00063042325200513,0.0026176737155765295,0.618396433769745,0.18040089086859687,0.30566037735849055,162,898,5.54320987654321,96.17286157608032,316.2611303495782,3.2884654274261216,0.5936596393585205,0.47872286611869014,0.5569779872894287,0.01472687049499301,0.00060715462186092,0.011437358760953158,0.4200914813842118,0.4200914813842118,50.0,70.0,20.0,90.0,90.0,235.0,195.0,0.0010348229723278622,0.03216866444737584,0.011997421660175955,2.171653910305636,0.9970611092368955,0.2420690697711932,0.011997421660175955,0.029847694146044233,50.0,20.0,20.0,-30.0,30.0,100.0,30.0,30.0,80.0,60.0,60.0,130.0,40.0,40.0,120.0,30.0,30.0,245.0,190.0,11.180339887498949
E09B,sample_001265,samples/sample_001265.npz,sample_001265_prediction.npz,0.0026285259518772364,0.006811311934143305,0.8466203227339334,0.428936170212766,0.600357355568791,1008,2350,2.3313492063492065,680.8959245681763,1348.7004168215108,1.9807732256245412,0.675491988658905,0.78943655125442,0.8691051602363586,0.015289755061965924,0.0024973542566454946,0.0014293697628099367,-2.5383564530248464,2.5383564530248464,60.0,120.0,60.0,120.0,140.0,180.0,480.0,0.00585806694978648,0.07653800983685478,0.033305112127637634,1.0754875615662418,0.9982758684097529,0.47332030587322826,0.033305112127637634,0.06891180200772552,60.0,60.0,20.0,-40.0,40.0,150.0,30.0,30.0,130.0,70.0,70.0,140.0,20.0,20.0,170.0,30.0,30.0,180.0,475.0,5.0
E09B,sample_001292,samples/sample_001292.npz,sample_001292_prediction.npz,0.00025783097953535616,0.0015752118779346347,0.9068333402031306,0.4932182490752158,0.6606110652353427,400,811,2.0275,147.53621816635132,302.3074244709745,2.0490387257325127,0.3688405454158783,0.483153497427702,0.6183335781097412,0.016033638806687605,0.0001933768072055138,0.0008900622436745008,0.12134650243876877,0.12134650243876877,30.0,80.0,50.0,100.0,80.0,360.0,420.0,0.0006075254440360481,0.02464803124056865,0.00860629169861977,0.9855687364338684,0.9986458940416151,0.191146126412709,0.00860629169861977,0.02309669212753888,30.0,50.0,20.0,-10.0,10.0,100.0,20.0,20.0,80.0,30.0,30.0,120.0,20.0,20.0,100.0,20.0,20.0,360.0,420.0,0.0
E09B,sample_001298,samples/sample_001298.npz,sample_001298_prediction.npz,0.0008638550061732531,0.0033093122765421867,0.6057840836781131,0.17562724014336917,0.29878048780487804,196,1116,5.6938775510204085,110.08473920822144,411.0842021671983,3.734252405228003,0.5616568326950073,0.4996575754211873,0.5655354857444763,0.00493013649784714,0.0008557313287170768,0.011870599832738716,2.2262939419224566,2.2262939419224566,50.0,70.0,20.0,70.0,140.0,235.0,210.0,0.0016647274228557198,0.04080107134446006,0.016308911522170656,2.5014223291491917,0.9973505684824139,0.27966976438020735,0.016308911522170656,0.03739982390089196,50.0,20.0,20.0,-30.0,30.0,110.0,40.0,40.0,90.0,70.0,70.0,100.0,30.0,30.0,190.0,50.0,50.0,240.0,205.0,7.0710678118654755
E09B,sample_001513,samples/sample_001513.npz,sample_001513_prediction.npz,0.001214569783769548,0.0033702002838253975,0.7069381991416612,0.26019080659150046,0.41293874741913283,300,1153,3.8433333333333333,185.75980067253113,508.2652180179705,2.73614213719992,0.6191993355751038,0.6319047668576241,0.7196499705314636,0.002926443604765684,0.0012093294871498785,0.002351253774031634,0.9989701827452677,0.9989701827452677,80.0,130.0,50.0,50.0,120.0,355.0,490.0,0.0009397323327611582,0.030655053951365967,0.015312043766400364,1.7390675876249413,0.9995433932154469,0.17148112692159406,0.015312043766400364,0.026556988693317584,80.0,50.0,50.0,-30.0,30.0,160.0,30.0,30.0,110.0,60.0,60.0,90.0,40.0,40.0,170.0,50.0,50.0,355.0,485.0,5.0
E09B,sample_000392,samples/sample_000392.npz,sample_000392_prediction.npz,0.0014323354698717594,0.003624195931479335,0.6576203933526947,0.18907563025210083,0.31802120141342755,180,952,5.288888888888889,178.24459075927734,445.16943052859034,2.4975200012089007,0.9902477264404297,0.7420585201846228,0.8145589232444763,0.06307756369232385,0.0013192526532209683,0.0034608253053602816,0.1377636412754697,0.1377636412754697,50.0,90.0,40.0,50.0,90.0,175.0,355.0,0.0014305841265219606,0.03782306342064271,0.01418649953460138,1.5040661975376513,0.9991043709970945,0.3010005151596925,0.01418649953460138,0.03506176489392277,50.0,40.0,20.0,-30.0,30.0,130.0,40.0,40.0,110.0,70.0,70.0,90.0,40.0,40.0,150.0,60.0,60.0,175.0,355.0,0.0
E09B,sample_001800,samples/sample_001800.npz,sample_001800_prediction.npz,0.0002453800989314914,0.0014796106843277812,0.9040370210529636,0.5829596412556054,0.7365439093484419,390,669,1.7153846153846153,191.56806975603104,314.77348224327153,1.6431416918495192,0.49120017886161804,0.5225653188732954,0.7119662165641785,0.01085233054698126,0.00020313170152897283,0.0006622633901613052,0.6316324608020167,0.6316324608020167,20.0,70.0,50.0,60.0,130.0,210.0,405.0,0.00029957980531576667,0.017308373849549433,0.006970589047270923,0.46370968474105057,0.9926318733500866,0.11262495335981909,0.006970589047270923,0.015842685809225446,20.0,50.0,20.0,0.0,0.0,80.0,10.0,10.0,60.0,10.0,10.0,320.0,260.0,260.0,250.0,120.0,120.0,280.0,355.0,86.02325267042627
E09B,sample_002073,samples/sample_002073.npz,sample_002073_prediction.npz,0.0003081130562350154,0.0018650097772479057,0.7360781341932516,0.37893700787401574,0.5496074232690935,385,1016,2.638961038961039,95.07418975234032,273.66356201728115,2.878421185919649,0.24694594740867615,0.30032299865375867,0.4223421514034271,0.005901164217488571,0.0002861221693159698,0.0021194750094068837,2.987261548847016,2.987261548847016,80.0,130.0,50.0,70.0,110.0,395.0,165.0,0.00026457909055452544,0.01626588732761067,0.008368246718720156,1.8039235321510245,0.9980587981560268,0.08618178664610993,0.008368246718720156,0.013948173264236245,80.0,50.0,60.0,-20.0,20.0,160.0,30.0,30.0,100.0,50.0,50.0,110.0,40.0,40.0,160.0,50.0,50.0,395.0,160.0,5.0
E09B,sample_000911,samples/sample_000911.npz,sample_000911_prediction.npz,0.0003724483831319958,0.001964229391887784,0.9016341514389549,0.5960698689956332,0.746922024623803,546,916,1.6776556776556777,161.15512830018997,348.8852203674642,2.1649029977971415,0.29515591263771057,0.443604612334089,0.5751436948776245,0.031349570324134726,0.0001994343387896698,0.0007398575733878321,-0.800177435672282,0.800177435672282,30.0,90.0,60.0,70.0,130.0,465.0,325.0,0.0008100727563642294,0.028461777111842987,0.010277518410877401,1.1383010051780216,0.9971824372304993,0.20669018318801752,0.010277518410877401,0.02654138978422768,30.0,60.0,20.0,-10.0,10.0,100.0,10.0,10.0,80.0,20.0,20.0,90.0,20.0,20.0,160.0,30.0,30.0,465.0,320.0,5.0
E09B,sample_000923,samples/sample_000923.npz,sample_000923_prediction.npz,0.0003668197605293244,0.002157967770472169,0.5976433270287762,0.2054794520547945,0.3409090909090909,195,949,4.866666666666666,79.86865639686584,254.28829738503674,3.183830915114973,0.40958285331726074,0.3128719749358984,0.392566442489624,0.011121482211107661,0.0003454439405975644,0.005461494531684992,0.9571096740177438,0.9571096740177438,80.0,110.0,30.0,50.0,130.0,295.0,465.0,0.0002842246196160924,0.01685896259015045,0.008586103585823287,2.0540160951082043,0.9956419548472889,0.08405198414273635,0.008586103585823287,0.014508736844729277,80.0,30.0,60.0,-20.0,20.0,140.0,30.0,30.0,80.0,50.0,50.0,90.0,40.0,40.0,210.0,80.0,80.0,295.0,455.0,10.0
E09B,sample_000595,samples/sample_000595.npz,sample_000595_prediction.npz,0.0016212877817451954,0.004404184874147177,0.8411126258595502,0.42744063324538256,0.5988909426987061,648,1516,2.3395061728395063,405.7768020629883,836.2645451606702,2.060897865301964,0.6261987686157227,0.7498151102551708,0.8839761018753052,0.021001996744787737,0.0014926863597291718,0.0013606035273103542,-1.150032984584783,1.150032984584783,40.0,100.0,60.0,120.0,90.0,190.0,245.0,0.003713967353687573,0.06094232809540158,0.023004623884763608,1.1108248463341583,0.9992615662743751,0.42962123206451885,0.023004623884763608,0.05643363034227142,40.0,60.0,20.0,-20.0,20.0,130.0,30.0,30.0,110.0,50.0,50.0,150.0,30.0,30.0,120.0,30.0,30.0,185.0,240.0,7.0710678118654755
E09B,sample_001302,samples/sample_001302.npz,sample_001302_prediction.npz,0.0018635410815477371,0.004769380670040846,0.823852711864999,0.3914780292942743,0.5626794258373206,588,1502,2.554421768707483,388.9803864955902,856.6676211350637,2.2023414312813316,0.6615312695503235,0.7917164122166277,0.8585890531539917,0.01904335205274514,0.0017601625844231696,0.0014195768271409042,0.4906523391288289,0.4906523391288289,60.0,120.0,60.0,70.0,140.0,525.0,280.0,0.002724816556449509,0.052199775444435666,0.022770316792915756,1.2456024690247036,0.9983213462474096,0.34579474659893905,0.022770316792915756,0.04697157895578738,60.0,60.0,20.0,-40.0,40.0,150.0,30.0,30.0,130.0,70.0,70.0,90.0,20.0,20.0,180.0,40.0,40.0,525.0,270.0,10.0
E09B,sample_001319,samples/sample_001319.npz,sample_001319_prediction.npz,0.00026809063274413347,0.00196581962518394,0.7751107555661404,0.22692889561270801,0.36991368680641185,150,661,4.406666666666666,78.23321521282196,262.73122830417526,3.358307946176743,0.5215547680854797,0.5129497047265371,0.6824151873588562,0.0037483897134144564,0.0002627720069306719,0.0015118284368858684,1.698839711889967,1.698839711889967,20.0,50.0,30.0,50.0,100.0,295.0,360.0,0.00044566233024284467,0.021110716004978245,0.010712745875714467,1.0987871654449275,0.9146364544724214,0.0999536221971774,0.010712745875714467,0.018190640616679975,20.0,30.0,20.0,0.0,0.0,70.0,20.0,20.0,50.0,20.0,20.0,460.0,410.0,410.0,280.0,180.0,180.0,310.0,290.0,71.58910531638176
E09B,sample_002162,samples/sample_002162.npz,sample_002162_prediction.npz,0.0004461506905499846,0.002067846478894353,0.886956384000695,0.6313416009019166,0.774015203870076,560,887,1.5839285714285714,161.06433391571045,355.0623214750355,2.2044751487989247,0.2876148819923401,0.445389069058001,0.6412348747253418,0.04036920515202996,0.00021742149174630438,0.0006750165682346919,-4.2537155641140245,4.2537155641140245,30.0,100.0,70.0,100.0,80.0,170.0,140.0,0.0009143672133515841,0.030238505474834303,0.010404216892772431,1.2445888269820644,0.9986871968856159,0.22952257536793735,0.010404216892772431,0.02839224338089072,30.0,70.0,20.0,-10.0,10.0,110.0,10.0,10.0,90.0,20.0,20.0,120.0,20.0,20.0,110.0,30.0,30.0,170.0,135.0,5.0
E09B,sample_001201,samples/sample_001201.npz,sample_001201_prediction.npz,0.00032023512176238,0.001515595125965774,0.5949188439601042,0.15328467153284672,0.26582278481012656,84,548,6.523809523809524,47.15975260734558,176.58785578126864,3.744461029122604,0.5614256262779236,0.44499129376241137,0.5076714754104614,0.015656707256128444,0.0003071190367631773,0.01017282061104549,4.478662349829847,4.478662349829847,70.0,90.0,20.0,60.0,70.0,270.0,175.0,0.00022226743353057895,0.014908636206259073,0.006572143556350201,2.5414729313062825,0.9980264759582802,0.09930288784680263,0.006572143556350201,0.013381866932730406,70.0,20.0,50.0,-20.0,20.0,130.0,40.0,40.0,80.0,60.0,60.0,110.0,50.0,50.0,110.0,40.0,40.0,275.0,175.0,5.0
E09B,sample_000860,samples/sample_000860.npz,sample_000860_prediction.npz,0.0006424870807677507,0.003485240740701556,0.8606036137650849,0.4730617608409987,0.6422836752899197,720,1522,2.113888888888889,286.3914728164673,616.5496249546062,2.1528211677926574,0.3977659344673157,0.4815055129842626,0.6655558943748474,0.013028408262923927,0.0005511005294304284,0.0022553646202868576,7.276167235377649,7.276167235377649,20.0,50.0,30.0,160.0,150.0,230.0,285.0,0.0016031968539049787,0.04003994073303529,0.01866185069809157,0.7771132511305056,0.9885960855412073,0.21146363720483885,0.01866185069809157,0.03542502198202731,20.0,30.0,20.0,0.0,0.0,100.0,50.0,50.0,80.0,50.0,50.0,380.0,220.0,220.0,340.0,190.0,190.0,340.0,260.0,112.80514172678478
E09B,sample_001867,samples/sample_001867.npz,sample_001867_prediction.npz,0.0002897487720474601,0.0018634946318343282,0.7413794014653194,0.2988505747126437,0.46017699115044247,234,783,3.3461538461538463,69.58212214708328,251.42741657038576,3.6133910379869754,0.29735949635505676,0.375785753576674,0.47540712356567383,0.009463944467119264,0.00026785867896761265,0.0040464421588382316,0.8871972790072391,0.8871972790072391,60.0,90.0,30.0,60.0,130.0,330.0,315.0,0.00047862270424536813,0.021877447388700726,0.00965291067128354,2.4896930535119393,0.9954913447984752,0.13698734998247436,0.00965291067128354,0.019632728282579285,60.0,30.0,40.0,-20.0,20.0,110.0,20.0,20.0,70.0,40.0,40.0,100.0,40.0,40.0,180.0,50.0,50.0,340.0,310.0,11.180339887498949
E09B,sample_000363,samples/sample_000363.npz,sample_000363_prediction.npz,0.00035266915801912546,0.0017404305981472135,0.3915584743965956,0.06578947368421052,0.12345679012345678,40,608,15.2,32.65535354614258,165.6807850558908,5.073617862436583,0.8163838386535645,0.3405605599284172,0.3690861165523529,0.22692401689863062,0.0002604395195466158,0.01016434639447069,1.0143311476978312,1.0143311476978312,80.0,100.0,20.0,40.0,50.0,260.0,325.0,0.0001980023430050185,0.014071330534282054,0.006789910793707866,3.8082722932780677,0.9830299376981686,0.08160541636898169,0.006789910793707866,0.012324749669608219,80.0,20.0,60.0,-20.0,20.0,130.0,30.0,30.0,70.0,50.0,50.0,130.0,90.0,90.0,140.0,90.0,90.0,285.0,320.0,25.495097567963924
E09B,sample_000263,samples/sample_000263.npz,sample_000263_prediction.npz,0.00020267961372155696,0.0013738502748310566,0.7795700758075947,0.3713163064833006,0.5415472779369628,189,509,2.693121693121693,76.96506553888321,205.2774841920442,2.6671514245425647,0.40722256898880005,0.40409200539979984,0.4931837022304535,0.0019171537658738897,0.0001993769977246066,0.0036423553346947835,1.9323383985998603,1.9323383985998603,30.0,60.0,30.0,70.0,90.0,225.0,195.0,0.0003510287182623231,0.018735760413239787,0.007215290516497425,1.2162325097993638,0.9838466210650919,0.14013301216392776,0.007215290516497425,0.017290699841963176,30.0,30.0,20.0,-10.0,10.0,80.0,20.0,20.0,60.0,30.0,30.0,90.0,20.0,20.0,130.0,40.0,40.0,225.0,195.0,0.0
E09B,sample_000442,samples/sample_000442.npz,sample_000442_prediction.npz,0.0006143859936855733,0.0021847449243068695,0.6072825914064836,0.18181818181818182,0.3076923076923077,104,572,5.5,94.6843991279602,220.33739403118244,2.3270717885996177,0.910426914691925,0.4819838490623694,0.5520834922790527,0.1841478535610786,0.0004200124877155032,0.009161280713665544,5.664472646103704,5.664472646103704,30.0,50.0,20.0,130.0,40.0,385.0,210.0,0.0003257051480720168,0.018047303069212775,0.0070291648426752595,0.9056241863377018,0.9859814205071827,0.12380907570065697,0.0070291648426752595,0.016622153581486214,30.0,20.0,20.0,-10.0,10.0,80.0,30.0,30.0,60.0,40.0,40.0,170.0,40.0,40.0,70.0,30.0,30.0,385.0,205.0,5.0
E09B,sample_001230,samples/sample_001230.npz,sample_001230_prediction.npz,0.0004658467078115791,0.0025526683311909437,0.9069091868524484,0.5709651257096513,0.7268972638100155,704,1233,1.7514204545454546,288.421838760376,536.9266405643252,1.861601891424074,0.40969011187553406,0.508041119583967,0.6429468393325806,0.01340273540943131,0.00037253141147321195,0.0013729995856308222,6.4636084059629155,6.4636084059629155,20.0,60.0,40.0,110.0,160.0,475.0,420.0,0.001100579082907238,0.03317497675820193,0.013667928284545381,0.6331541758574136,0.9953496401949712,0.18231675038906403,0.013667928284545381,0.030228576203912783,20.0,40.0,20.0,0.0,0.0,90.0,30.0,30.0,70.0,30.0,30.0,180.0,70.0,70.0,180.0,20.0,20.0,450.0,420.0,25.0
E09B,sample_001272,samples/sample_001272.npz,sample_001272_prediction.npz,0.0029560525435954332,0.006578449159860611,0.698393015953968,0.2624384909786769,0.4157644001732352,480,1829,3.810416666666667,406.4982604980469,967.1842083010506,2.3793071269629644,0.8468713760375977,0.757286087051034,0.8075408339500427,0.008731931474196878,0.002927711687626077,0.002661228259803442,1.823283418066481,1.823283418066481,80.0,130.0,50.0,60.0,160.0,320.0,200.0,0.0026149784402314446,0.051136859898036804,0.026891189785862777,1.3610578932072905,0.9994589449424688,0.2632127711801574,0.026891189785862777,0.043495314139941024,80.0,50.0,50.0,-30.0,30.0,160.0,30.0,30.0,110.0,60.0,60.0,100.0,40.0,40.0,220.0,60.0,60.0,320.0,200.0,0.0
E09B,sample_001600,samples/sample_001600.npz,sample_001600_prediction.npz,0.0017894540214911103,0.004886452108621597,0.8473701818343363,0.4524236983842011,0.622991347342398,756,1671,2.2103174603174605,485.2165160179138,963.7840226704785,1.986296819778691,0.6418207883834839,0.7525466968300482,0.8664035797119141,0.015630232051987457,0.0016821874651101304,0.0009349055334180841,-3.1781129877367107,3.1781129877367107,80.0,150.0,70.0,120.0,90.0,380.0,275.0,0.0020135445096357433,0.04487253625142826,0.0232630943620729,1.0637237521747374,0.9995097182053728,0.24816294241857229,0.0232630943620729,0.038371512223745304,80.0,70.0,50.0,-30.0,30.0,240.0,90.0,90.0,190.0,120.0,120.0,150.0,30.0,30.0,130.0,40.0,40.0,375.0,275.0,5.0
E09B,sample_000593,samples/sample_000593.npz,sample_000593_prediction.npz,0.0022017022129148245,0.0059568267315626144,0.880178020317042,0.5081615120274914,0.6738820848761037,1183,2328,1.9678782755705833,860.1984516978264,1428.0953366051413,1.6601928703619753,0.7271330952644348,0.7897869536459496,0.8679336309432983,0.007404873080792066,0.002138324163730104,0.0008991762892388201,-1.5540112869801277,1.5540112869801277,70.0,140.0,70.0,130.0,130.0,225.0,205.0,0.0032350952767484435,0.05687789796351869,0.027624235367072942,0.7182331861535248,0.9992436596143839,0.31881003453585066,0.027624235367072942,0.04971918037471053,70.0,70.0,30.0,-40.0,40.0,240.0,100.0,100.0,210.0,140.0,140.0,160.0,30.0,30.0,160.0,30.0,30.0,220.0,200.0,7.0710678118654755
E09B,sample_000367,samples/sample_000367.npz,sample_000367_prediction.npz,0.00010215636575594544,0.0009058446157723665,0.5409706129832283,0.21476510067114093,0.35359116022099446,64,298,4.65625,18.23250961303711,103.11053857238275,5.655312447972265,0.28488296270370483,0.25400346890091896,0.3100844621658325,0.0018273017540082204,0.00010103249311860674,0.013019233111288187,8.29802591716718,8.29802591716718,40.0,60.0,20.0,40.0,80.0,310.0,490.0,0.00014884323620474216,0.012200132630620954,0.004605991626681475,3.4989030759557678,0.9744858312404401,0.09768311833356794,0.004605991626681475,0.011297259727017091,40.0,20.0,20.0,-20.0,20.0,90.0,30.0,30.0,70.0,50.0,50.0,70.0,30.0,30.0,110.0,30.0,30.0,315.0,485.0,7.0710678118654755
E09B,sample_000985,samples/sample_000985.npz,sample_000985_prediction.npz,0.002048387425020337,0.0055518001317977905,0.8928922936386596,0.5519713261648745,0.7113163972286374,1078,1953,1.8116883116883118,707.4556195735931,1248.48885298259,1.7647592561849965,0.6562668085098267,0.807691865097835,0.9442452788352966,0.02948887677511705,0.0017441391900609466,0.0008364957463801627,2.875567259276039,2.875567259276039,30.0,100.0,70.0,110.0,140.0,475.0,280.0,0.004951089363685095,0.07036397774205985,0.02851050102108071,0.7156423127972928,0.9989325990006938,0.42805884243944137,0.02851050102108071,0.06432915898107211,30.0,70.0,20.0,-10.0,10.0,130.0,30.0,30.0,110.0,40.0,40.0,130.0,20.0,20.0,170.0,30.0,30.0,475.0,275.0,5.0
E09B,sample_000252,samples/sample_000252.npz,sample_000252_prediction.npz,0.00018399507098365575,0.0013907329412177205,0.5749728492833968,0.26548672566371684,0.4195804195804196,120,452,3.7666666666666666,49.82417106628418,145.83451204847532,2.9269832076977784,0.41520142555236816,0.24560030239323774,0.3315248489379883,0.030397559380225474,0.00014706820517581363,0.012718012394012585,6.947929862282045,6.947929862282045,40.0,60.0,20.0,150.0,40.0,285.0,330.0,0.00015180972913453775,0.012321109087031806,0.005293815570115051,1.433700353086356,0.9759177279204174,0.07322899131343891,0.005293815570115051,0.01112588180074484,40.0,20.0,20.0,-20.0,20.0,90.0,30.0,30.0,70.0,50.0,50.0,200.0,50.0,50.0,60.0,20.0,20.0,300.0,330.0,15.0
E09B,sample_000452,samples/sample_000452.npz,sample_000452_prediction.npz,0.001774685806594789,0.005200210493057966,0.7622441945113814,0.29461756373937675,0.4551422319474836,520,1765,3.394230769230769,301.9148325920105,810.715892463734,2.685246980095498,0.5806054472923279,0.6751258414525252,0.78110271692276,0.012268529277299291,0.0017188811602249332,0.0031689462975812654,-1.5975716729783613,1.5975716729783613,50.0,90.0,40.0,130.0,100.0,245.0,400.0,0.004669441128508273,0.06833330907038143,0.02744727360681745,1.7346367045218536,0.9995390090267624,0.4450369609747119,0.02744727360681745,0.0625786569052163,50.0,40.0,20.0,-30.0,30.0,120.0,30.0,30.0,100.0,60.0,60.0,170.0,40.0,40.0,130.0,30.0,30.0,245.0,395.0,5.0
E09B,sample_001622,samples/sample_001622.npz,sample_001622_prediction.npz,0.0010825536446645856,0.0037623888347297907,0.920475432647137,0.6929761042722665,0.8186484174508126,960,1378,1.4354166666666666,321.500244140625,669.4679277019899,2.082324787937526,0.3348960876464844,0.5665334662034487,0.8245270848274231,0.0803297090195266,0.00030102356598906836,0.0005736405597433824,-4.5287370969631695,4.5287370969631695,30.0,110.0,80.0,80.0,150.0,170.0,295.0,0.0026184679071961023,0.051170967424860186,0.018900188967029472,1.178343918019721,0.9988982476649794,0.37273813448372906,0.018900188967029472,0.04755261048782369,30.0,80.0,20.0,-10.0,10.0,120.0,10.0,10.0,100.0,20.0,20.0,100.0,20.0,20.0,180.0,30.0,30.0,170.0,290.0,5.0
E09B,sample_001585,samples/sample_001585.npz,sample_001585_prediction.npz,0.0004634094366338104,0.0015459422720596194,0.6932262589050464,0.25,0.4,108,432,4.0,87.97479701042175,190.2778883805984,2.162868171870377,0.8145814538002014,0.5846313961126186,0.6677092909812927,0.054499418944785445,0.000403978405547848,0.0044805506607517205,4.339330572022533,4.339330572022533,30.0,60.0,30.0,60.0,60.0,420.0,460.0,0.00030118199897794906,0.017354595903620144,0.005669819048036225,0.92696253408837,0.991045559963633,0.1502382438341774,0.005669819048036225,0.016402291027185035,30.0,30.0,20.0,-10.0,10.0,90.0,30.0,30.0,70.0,40.0,40.0,90.0,30.0,30.0,100.0,40.0,40.0,425.0,450.0,11.180339887498949
E09B,sample_000222,samples/sample_000222.npz,sample_000222_prediction.npz,0.0037008554209023714,0.007573965471237898,0.7825659847542039,0.3634861627426683,0.5331717661314753,880,2421,2.7511363636363635,741.6331243515015,1428.467154893993,1.9261102396728471,0.8427649140357971,0.8124231484803286,0.87258380651474,0.002244600636789111,0.0037140093108132834,0.002754189455154632,1.1200509890023227,1.1200509890023227,60.0,110.0,50.0,160.0,110.0,470.0,245.0,0.006119390052480557,0.07822653036202333,0.03446141933900039,0.9758639373510211,0.997986132949599,0.48322800116909626,0.03446141933900039,0.07022678000323045,60.0,50.0,20.0,-40.0,40.0,150.0,40.0,40.0,130.0,80.0,80.0,180.0,20.0,20.0,140.0,30.0,30.0,470.0,240.0,5.0
E09B,sample_001459,samples/sample_001459.npz,sample_001459_prediction.npz,0.0005650162347592413,0.0021329575683921576,0.5739445168589244,0.14469453376205788,0.25280898876404495,90,622,6.911111111111111,68.3198869228363,236.05638141181535,3.455163526228147,0.7591098546981812,0.5261001090208689,0.5788097381591797,0.05489575417742554,0.0005152293615235686,0.011817294464657936,0.8921854535305087,0.8921854535305087,50.0,70.0,20.0,50.0,90.0,295.0,495.0,0.0006457367869830932,0.025411351537907093,0.009056044783632748,2.3273720355245837,0.9978640799138815,0.21504144517730817,0.009056044783632748,0.023742890301307704,50.0,20.0,20.0,-30.0,30.0,100.0,30.0,30.0,80.0,60.0,60.0,90.0,40.0,40.0,120.0,30.0,30.0,305.0,490.0,11.180339887498949
E09B,sample_001967,samples/sample_001967.npz,sample_001967_prediction.npz,0.00015903102757874876,0.0012721957173198462,0.624613463958209,0.19726027397260273,0.3295194508009153,72,365,5.069444444444445,34.3732488155365,142.58021921789177,4.147999509241802,0.47740623354911804,0.3603579339881738,0.41742628812789917,0.014306765081090696,0.00014866132015403964,0.0032332202411480496,6.071119352009788,6.071119352009788,20.0,40.0,20.0,90.0,40.0,195.0,120.0,0.00017024141324906828,0.013047659301540192,0.006137561548169112,1.3434897159030907,0.8996258056268686,0.07588988275078598,0.006137561548169112,0.011513980697026733,20.0,20.0,20.0,0.0,0.0,60.0,20.0,20.0,40.0,20.0,20.0,370.0,280.0,280.0,220.0,180.0,180.0,185.0,110.0,14.142135623730951
E09B,sample_001694,samples/sample_001694.npz,sample_001694_prediction.npz,0.0009666469995863736,0.0029431164730340242,0.7772189028626173,0.29439252336448596,0.4548736462093863,315,1070,3.3968253968253967,200.4263225197792,483.76690869111434,2.4136894925234857,0.6362740397453308,0.6776567387202429,0.7708003520965576,0.005067751058666038,0.0009534634656980271,0.0017125882284980485,-2.2643697125856477,2.2643697125856477,50.0,100.0,50.0,90.0,70.0,305.0,215.0,0.0015172784066669464,0.03895225804323732,0.015114278429468934,1.4743709772410114,0.9982244183709602,0.29773523121653805,0.015114278429468934,0.03590037596214608,50.0,50.0,20.0,-30.0,30.0,130.0,30.0,30.0,110.0,60.0,60.0,130.0,40.0,40.0,110.0,40.0,40.0,305.0,205.0,10.0
E09B,sample_001125,samples/sample_001125.npz,sample_001125_prediction.npz,0.0009063169709406793,0.002710936591029167,0.5635172965429678,0.12151898734177215,0.21670428893905191,96,790,8.229166666666666,81.36629676818848,308.50461909831955,3.791552907676814,0.8475655913352966,0.6425781147554517,0.717488706111908,0.04492381464998841,0.0008632891609432627,0.011631308300624747,2.457490903332058,2.457490903332058,60.0,80.0,20.0,80.0,60.0,450.0,180.0,0.000968731496064213,0.031124451739174667,0.011831285474663226,2.738664473968959,0.9995353747194714,0.25078120959384487,0.011831285474663226,0.028788056205329947,60.0,20.0,20.0,-40.0,40.0,120.0,40.0,40.0,100.0,80.0,80.0,130.0,50.0,50.0,100.0,40.0,40.0,455.0,180.0,5.0
E09B,sample_001461,samples/sample_001461.npz,sample_001461_prediction.npz,0.0007033311412669718,0.00231515453197062,0.8410398765427334,0.40302267002518893,0.5745062836624776,320,794,2.48125,154.81274604797363,379.7158180810313,2.452742605336671,0.4837898313999176,0.6659942925907671,0.8268378376960754,0.04625049160883667,0.0005545814373696244,0.0005862580305177433,-3.897768019883614,3.897768019883614,40.0,120.0,80.0,50.0,80.0,365.0,240.0,0.0009701032963269483,0.031146481283235643,0.011963599777204794,1.5346467550809488,0.9987423299139201,0.257042851173739,0.011963599777204794,0.028757183045246517,40.0,80.0,20.0,-20.0,20.0,130.0,10.0,10.0,110.0,30.0,30.0,90.0,40.0,40.0,130.0,50.0,50.0,365.0,235.0,5.0
E09B-1,sample_000796,samples/sample_000796.npz,sample_000796_prediction.npz,0.0007745943148620427,0.0043879300355911255,0.7346891857535558,0.33962264150943394,0.5070422535211268,720,2120,2.9444444444444446,233.237042427063,637.3011693843524,2.7324183275203673,0.32394033670425415,0.3525159486052063,0.5511061549186707,0.006601504125966757,0.0007316018763266377,0.001880678793960793,2.250125768239286,2.250125768239286,40.0,70.0,30.0,150.0,160.0,175.0,170.0,0.0016510147017406883,0.04063268021852224,0.021932479928794584,1.2384895850280748,0.9239885521940991,0.15092325371640825,0.021932479928794584,0.03420498539560733,40.0,30.0,30.0,-10.0,10.0,90.0,20.0,20.0,60.0,30.0,30.0,380.0,230.0,230.0,280.0,120.0,120.0,290.0,220.0,125.39936203984452
E09B-1,sample_001763,samples/sample_001763.npz,sample_001763_prediction.npz,0.0005158892599865794,0.001922314870171249,0.793068600347702,0.35714285714285715,0.5263157894736842,280,784,2.8,142.34578132629395,318.0844484446379,2.23458992237715,0.5083777904510498,0.5521136629794325,0.6835036277770996,0.010644429510466843,0.0004869576530872624,0.000502039899315187,-1.0499499876157046,1.0499499876157046,40.0,110.0,70.0,80.0,50.0,510.0,495.0,0.0005298749823419496,0.023019013496280626,0.008843982240664558,1.1744060380853236,0.9977803667092646,0.16057731734086084,0.008843982240664558,0.021252269536893218,40.0,70.0,30.0,-10.0,10.0,130.0,20.0,20.0,100.0,30.0,30.0,190.0,110.0,110.0,120.0,70.0,70.0,535.0,510.0,29.154759474226502
E09B-1,sample_000998,samples/sample_000998.npz,sample_000998_prediction.npz,0.00045810011215507984,0.0026750219985842705,0.7900520372138562,0.3473684210526316,0.515625,462,1330,2.878787878787879,163.88124418258667,414.6290203139747,2.5300578011967,0.3547213077545166,0.3991046071826638,0.5354849100112915,0.0063523195822201345,0.00043026817625278687,0.003193165542179549,-0.19029319469473194,0.19029319469473194,80.0,110.0,30.0,110.0,140.0,235.0,380.0,0.0005509904637002411,0.02347318605771788,0.012566071191038228,1.4422295700887366,0.9913304409364957,0.10534543316781578,0.012566071191038228,0.01982635414094079,80.0,30.0,70.0,-10.0,10.0,140.0,30.0,30.0,70.0,40.0,40.0,210.0,100.0,100.0,190.0,50.0,50.0,275.0,385.0,40.311288741492746
E09B-1,sample_001629,samples/sample_001629.npz,sample_001629_prediction.npz,0.0012139322934672236,0.003500258317217231,0.8291299709105322,0.41210139002452983,0.5836711059640995,504,1223,2.4265873015873014,287.289128780365,626.0923109898672,2.179310834516541,0.5700181126594543,0.6983064709911271,0.8344010710716248,0.02423759277155899,0.0010952826712681517,0.0007685615339735538,-3.5258435295996833,3.5258435295996833,70.0,130.0,60.0,60.0,140.0,440.0,210.0,0.0011931140806762156,0.03454148347532595,0.016729298800705308,1.2215443534983994,0.9982975722392914,0.18941300063878336,0.016729298800705308,0.03021993782774769,70.0,60.0,50.0,-20.0,20.0,150.0,20.0,20.0,100.0,40.0,40.0,150.0,90.0,90.0,180.0,40.0,40.0,465.0,210.0,25.0
E09B-1,sample_001922,samples/sample_001922.npz,sample_001922_prediction.npz,0.003041122341528535,0.006332854274660349,0.7861902476299251,0.3656752803510483,0.5355230274901821,750,2051,2.7346666666666666,600.9497344493866,1193.619170694343,1.9862213131485664,0.8012663125991821,0.8074730045000712,0.9086747169494629,0.0029949984427179574,0.0030414768993836314,0.0019293217003762693,1.4624093997873189,1.4624093997873189,60.0,110.0,50.0,150.0,100.0,455.0,270.0,0.0038728509478564675,0.06223223399377904,0.029805914968529926,0.9429642591002532,0.9993181911343686,0.31937236230358235,0.029805914968529926,0.05463019660174427,60.0,50.0,30.0,-30.0,30.0,140.0,30.0,30.0,110.0,60.0,60.0,230.0,80.0,80.0,180.0,80.0,80.0,475.0,290.0,28.284271247461902
E09B-1,sample_001409,samples/sample_001409.npz,sample_001409_prediction.npz,0.0017474135383963585,0.0038548605516552925,0.7197768326462114,0.19546247818499127,0.327007299270073,224,1146,5.116071428571429,206.4456329345703,575.4453928426861,2.7873943597783173,0.9216322898864746,0.9089595114013979,0.9705224633216858,0.002129881821593841,0.001746540014210909,0.0007712519645543774,-4.365726212665308,4.365726212665308,20.0,90.0,70.0,40.0,80.0,480.0,290.0,0.003022843153575161,0.05498038880887585,0.02069872851348581,1.4005002488359397,0.9781616856042133,0.4319030647008967,0.02069872851348581,0.05093530986948219,20.0,70.0,0.0,-20.0,20.0,120.0,30.0,30.0,120.0,50.0,50.0,280.0,240.0,240.0,250.0,170.0,170.0,460.0,355.0,68.00735254367721
E09B-1,sample_000992,samples/sample_000992.npz,sample_000992_prediction.npz,0.0013039135374128819,0.003947892691940069,0.8487992043702834,0.5279187817258884,0.6910299003322259,728,1379,1.8942307692307692,443.7051453590393,800.8342088096908,1.8048792473697104,0.6094850897789001,0.6696787591163929,0.8727117776870728,0.014452609170857156,0.0012058131065529375,0.0002661404418389587,-3.046562248903335,3.046562248903335,20.0,100.0,80.0,70.0,130.0,395.0,215.0,0.0024548332489825156,0.0495462738153185,0.01978734708712914,0.6969068094300842,0.9886556494003228,0.30212069657980034,0.01978734708712914,0.045423497710282035,20.0,80.0,0.0,-20.0,20.0,120.0,20.0,20.0,120.0,40.0,40.0,250.0,180.0,180.0,230.0,100.0,100.0,365.0,245.0,42.42640687119285
E09B-1,sample_002128,samples/sample_002128.npz,sample_002128_prediction.npz,0.00040171900764107704,0.0018614367581903934,0.7757291862124696,0.28350515463917525,0.44176706827309237,220,776,3.5272727272727273,101.6027420759201,276.9167084739444,2.7254845963411634,0.46183064579963684,0.5168252610347488,0.6615723967552185,0.01119352520983373,0.0003775133085759092,0.0015641623695432595,0.1435343843480723,0.1435343843480723,60.0,100.0,40.0,50.0,110.0,295.0,285.0,0.0003872438466910828,0.019678512308888667,0.009197426933621139,1.5785553317204815,0.9911298412366946,0.11226647640660148,0.009197426933621139,0.01739687283656989,60.0,40.0,40.0,-20.0,20.0,120.0,20.0,20.0,80.0,40.0,40.0,190.0,140.0,140.0,150.0,40.0,40.0,345.0,285.0,50.0
E09B-1,sample_001888,samples/sample_001888.npz,sample_001888_prediction.npz,0.0013621518155559897,0.0029688619542866945,0.794104829584107,0.37058823529411766,0.5407725321888412,378,1020,2.6984126984126986,311.36883294582367,565.6596025775546,1.8166866517304125,0.8237270712852478,0.7773497189794268,0.8541403412818909,0.0074457947620709865,0.0013386685618931725,0.0005559469811175814,-2.1538130715782984,2.1538130715782984,70.0,140.0,70.0,90.0,60.0,355.0,480.0,0.0006488014016876191,0.02547158027464372,0.01232316053680175,0.84002808892177,0.9994008457432224,0.14829661315911452,0.01232316053680175,0.022292176117908076,70.0,70.0,50.0,-20.0,20.0,160.0,20.0,20.0,110.0,40.0,40.0,160.0,70.0,70.0,100.0,40.0,40.0,370.0,480.0,15.0
E09B-1,sample_001536,samples/sample_001536.npz,sample_001536_prediction.npz,0.0008644051849842072,0.002636970952153206,0.7954567848509037,0.33613445378151263,0.5031446540880503,280,833,2.975,223.28286409378052,436.6904479414427,1.9557723326140664,0.7974388003349304,0.716168334867273,0.8191922307014465,0.011919807766451575,0.000832826100897655,0.0019411510991666475,-0.821970327657155,0.821970327657155,40.0,80.0,40.0,70.0,100.0,455.0,380.0,0.0009549389866012277,0.030902087091347532,0.011637873291004444,0.8782320769988757,0.997136578090626,0.21471921613793288,0.011637873291004444,0.028626891061792812,40.0,40.0,20.0,-20.0,20.0,100.0,20.0,20.0,80.0,40.0,40.0,240.0,170.0,170.0,200.0,100.0,100.0,520.0,390.0,65.76473218982953
E09B-1,sample_000503,samples/sample_000503.npz,sample_000503_prediction.npz,0.0011659398442134261,0.0031355188693851233,0.5216288972204725,0.1070154577883472,0.1933404940923738,90,841,9.344444444444445,83.0135428905487,346.4762598513624,4.173731752518775,0.9223726987838745,0.673643042643865,0.716495931148529,0.06220818211332598,0.0011100026855885461,0.006141454527763376,0.4048040646438409,0.4048040646438409,70.0,90.0,20.0,90.0,50.0,415.0,505.0,0.0008693796940695187,0.02948524536220648,0.01315363519537772,2.8815216894937006,0.9792292367840619,0.1732057085976736,0.01315363519537772,0.02638866376337459,70.0,20.0,50.0,-20.0,20.0,120.0,30.0,30.0,70.0,50.0,50.0,230.0,140.0,140.0,100.0,50.0,50.0,465.0,510.0,50.24937810560445
E09B-1,sample_001208,samples/sample_001208.npz,sample_001208_prediction.npz,0.0012088102521374822,0.003646861994639039,0.6935580101879641,0.18036072144288579,0.30560271646859083,180,998,5.544444444444444,107.92141556739807,463.7160967139401,4.2967940540433744,0.5995634198188782,0.7660162112779088,0.8997929096221924,0.039259364595389847,0.0011390098868340629,0.0013944047142188994,-4.072372360273313,4.072372360273313,20.0,70.0,50.0,40.0,90.0,250.0,475.0,0.002860428278287772,0.05348297185355141,0.02023609007219002,2.2998333205171457,0.9685453877460629,0.3902055781501037,0.02023609007219002,0.04950685747326308,20.0,50.0,0.0,-20.0,20.0,90.0,20.0,20.0,90.0,40.0,40.0,450.0,410.0,410.0,240.0,150.0,150.0,335.0,520.0,96.17692030835673
E09B-1,sample_000155,samples/sample_000155.npz,sample_000155_prediction.npz,0.0007305660401470959,0.0027143775951117277,0.7229873092714665,0.2575107296137339,0.40955631399317405,240,932,3.8833333333333333,82.30671644210815,348.8496277747632,4.238410215527582,0.3429446518421173,0.5362995322793722,0.6677871942520142,0.043799947508209605,0.00062515887710368,0.001709632580015238,-1.8278892843814134,1.8278892843814134,70.0,110.0,40.0,60.0,100.0,340.0,440.0,0.0007858464744456804,0.028032953366452142,0.013531124403104337,3.0874416229992723,0.9795596746181147,0.1551781644797872,0.013531124403104337,0.024551072213518387,70.0,40.0,50.0,-20.0,20.0,140.0,30.0,30.0,90.0,50.0,50.0,200.0,140.0,140.0,140.0,40.0,40.0,390.0,440.0,50.0
E09B-1,sample_000172,samples/sample_000172.npz,sample_000172_prediction.npz,0.00044710884685628116,0.0021955950651317835,0.5498754869928956,0.17142857142857143,0.2926829268292683,144,840,5.833333333333333,66.12655019760132,252.855600612448,3.8238135795207433,0.45921215415000916,0.35814718674454427,0.4597854018211365,0.010947455389205947,0.00043170493045494555,0.00542682066395098,-0.029148733996365195,0.029148733996365195,60.0,80.0,20.0,90.0,80.0,445.0,390.0,0.0004522232042669186,0.021265540300376067,0.009578901217671089,2.355589739337048,0.8937778581755593,0.10779558084378565,0.009578901217671089,0.01898599103889544,60.0,20.0,50.0,-10.0,10.0,100.0,20.0,20.0,50.0,30.0,30.0,250.0,160.0,160.0,150.0,70.0,70.0,515.0,415.0,74.33034373659252
E09B-1,sample_000676,samples/sample_000676.npz,sample_000676_prediction.npz,0.0008109686896204948,0.002533088205382228,0.6151204150391053,0.21875,0.358974358974359,196,896,4.571428571428571,93.86811804771423,334.0190664466262,3.558386738688428,0.47891896963119507,0.49846023716488663,0.605346143245697,0.006275369335202733,0.0008000519395406581,0.001089587154183675,-8.946564456128769,8.946564456128769,80.0,150.0,70.0,70.0,40.0,265.0,450.0,0.0005171845693947529,0.02274169231598108,0.011677440992020316,2.6883038558538526,0.9937509893714331,0.11996987304553938,0.011677440992020316,0.019514659650443213,80.0,70.0,70.0,-10.0,10.0,160.0,10.0,10.0,90.0,20.0,20.0,200.0,130.0,130.0,110.0,70.0,70.0,300.0,455.0,35.35533905932738
E09B-1,sample_000167,samples/sample_000167.npz,sample_000167_prediction.npz,0.0007879154873080552,0.002852300414815545,0.7493396145709121,0.34778681120144533,0.5160857908847185,385,1107,2.8753246753246753,162.68452391028404,429.1926133015855,2.638189564597264,0.42255720496177673,0.5011956442873199,0.6567800045013428,0.0159963206440153,0.0007281188053809871,0.0009011308286896053,-8.786651060842985,8.786651060842985,80.0,150.0,70.0,50.0,110.0,445.0,445.0,0.0006281327364617373,0.025062576413085253,0.012744232968460046,1.7437362579311422,0.9965141594138077,0.12682365105572616,0.012744232968460046,0.0215804833705678,80.0,70.0,70.0,-10.0,10.0,160.0,10.0,10.0,90.0,20.0,20.0,160.0,110.0,110.0,160.0,50.0,50.0,470.0,450.0,25.495097567963924
E09B-1,sample_000352,samples/sample_000352.npz,sample_000352_prediction.npz,0.0009418331901542842,0.0034067409578710794,0.8959165944392745,0.5589273112208892,0.7170665459483929,792,1417,1.7891414141414141,481.7146625518799,778.1403814882726,1.6153554001575947,0.6082255840301514,0.6779885768626976,0.8407925367355347,0.017704691275813433,0.0008056839634006948,0.00042401612594538844,-4.807771063122743,4.807771063122743,40.0,120.0,80.0,90.0,110.0,345.0,285.0,0.0015540688936943564,0.03942168050317434,0.01606811336130393,0.6594514489775731,0.9991884097792649,0.25154711114083694,0.01606811336130393,0.03599839755742806,40.0,80.0,20.0,-20.0,20.0,140.0,20.0,20.0,120.0,40.0,40.0,150.0,60.0,60.0,180.0,70.0,70.0,335.0,300.0,18.027756377319946
E09B-1,sample_001467,samples/sample_001467.npz,sample_001467_prediction.npz,0.001210973015986383,0.0032433131709694862,0.8350663242310421,0.49295774647887325,0.660377358490566,560,1136,2.0285714285714285,347.71613597869873,626.6281417164341,1.8021255756587082,0.6209216713905334,0.6937369578118835,0.831696093082428,0.027180913005109626,0.0010621846828785125,0.0005529077794182809,-8.278053561084462,8.278053561084462,70.0,150.0,80.0,50.0,140.0,355.0,200.0,0.0008289901188371773,0.028792188503779587,0.014025140341919822,0.9051749416959118,0.9982595646445637,0.15966212378872746,0.014025140341919822,0.025145288966854817,70.0,80.0,50.0,-20.0,20.0,160.0,10.0,10.0,110.0,30.0,30.0,110.0,60.0,60.0,170.0,30.0,30.0,365.0,205.0,11.180339887498949
E09B-1,sample_002010,samples/sample_002010.npz,sample_002010_prediction.npz,0.001335000735707581,0.004025265108793974,0.6020920129903279,0.14011676396997497,0.24579370885149962,168,1199,7.136904761904762,156.31246948242188,449.94464268819235,2.878494877459478,0.9304313659667969,0.6266591148007483,0.7015821933746338,0.09434423953498988,0.0011757772535679796,0.009114189788777068,-1.5620385986261454,1.5620385986261454,80.0,100.0,20.0,60.0,140.0,170.0,470.0,0.0009090808511408117,0.03015096766508186,0.014480422677981577,1.8143869364029848,0.9956529273849891,0.15332763969223634,0.014480422677981577,0.026446137907222077,80.0,20.0,50.0,-30.0,30.0,130.0,30.0,30.0,80.0,60.0,60.0,190.0,130.0,130.0,190.0,50.0,50.0,215.0,475.0,45.27692569068709
E09B-1,sample_002098,samples/sample_002098.npz,sample_002098_prediction.npz,0.0010874617146328092,0.0038744464982300997,0.8496824654608868,0.45454545454545453,0.625,810,1782,2.2,470.3172558546066,815.7234055699633,1.7344109649724084,0.580638587474823,0.5879312911519298,0.7405984997749329,0.004076155133465531,0.0010626309328756742,0.0010583638226015419,0.980442853986375,0.980442853986375,40.0,100.0,60.0,150.0,90.0,325.0,305.0,0.0018341853850255328,0.042827390593235225,0.01849018650266982,0.6957006919723501,0.9987447640220303,0.24815646834829197,0.01849018650266982,0.03863027812638708,40.0,60.0,20.0,-20.0,20.0,130.0,30.0,30.0,110.0,50.0,50.0,230.0,80.0,80.0,160.0,70.0,70.0,335.0,320.0,18.027756377319946
E09B-1,sample_001451,samples/sample_001451.npz,sample_001451_prediction.npz,0.0003854812530335039,0.0025820762384682894,0.6548769349636195,0.333950046253469,0.5006934812760055,392,1050,2.6785714285714284,94.30146908760071,320.37058820082495,3.3973021979458125,0.2405649721622467,0.26930806946427543,0.5101715326309204,0.013787875748765901,0.0003318235019121852,0.0025865792540257894,-9.15171646966943,9.15171646966943,20.0,90.0,70.0,80.0,70.0,390.0,335.0,0.00091093609566694,0.030181717904502057,0.012783118148049173,1.7485918880426974,0.9029612208996614,0.17666569209408023,0.012783118148049173,0.027340958031494722,20.0,70.0,20.0,0.0,0.0,90.0,0.0,0.0,70.0,0.0,0.0,300.0,220.0,220.0,240.0,170.0,170.0,490.0,390.0,114.12712210513327
E09B-1,sample_000316,samples/sample_000316.npz,sample_000316_prediction.npz,0.0003134480502922088,0.0017424005782231688,0.6603420691703361,0.12048192771084337,0.21505376344086022,80,664,8.3,23.076975345611572,193.94435864325752,8.404236505809628,0.28846219182014465,0.5094515204429626,0.7092269659042358,0.06261617399914701,0.0002627046807118158,0.002726314215732858,-4.105072622358875,4.105072622358875,20.0,60.0,40.0,50.0,40.0,475.0,350.0,0.0006794677215626758,0.026066601649671863,0.009778817482709687,4.471689399839193,0.8294439612531311,0.1908718707102675,0.009778817482709687,0.024162831998806086,20.0,40.0,20.0,0.0,0.0,80.0,20.0,20.0,60.0,20.0,20.0,230.0,180.0,180.0,280.0,240.0,240.0,525.0,460.0,120.83045973594572
E09B-1,sample_001723,samples/sample_001723.npz,sample_001723_prediction.npz,0.00045669928658753633,0.0021577959414571524,0.8405516892545211,0.4176334106728538,0.5891980360065466,360,862,2.3944444444444444,184.5861268043518,372.6779415649818,2.0189921529692962,0.5127392411231995,0.5463076623777549,0.7210984826087952,0.013709421370800626,0.0004079879775418695,0.000635790694816039,-1.7423443858444116,1.7423443858444116,30.0,90.0,60.0,50.0,120.0,255.0,300.0,0.0007441934709096105,0.027279909657284617,0.010449548383031365,0.9215632116360397,0.9936307464238958,0.19092945053455723,0.010449548383031365,0.02519921446196879,30.0,60.0,20.0,-10.0,10.0,110.0,20.0,20.0,90.0,30.0,30.0,120.0,70.0,70.0,200.0,80.0,80.0,260.0,320.0,20.615528128088304
E09B-1,sample_001111,samples/sample_001111.npz,sample_001111_prediction.npz,0.0012532288674265146,0.0032028427813202143,0.8128013062115985,0.3422222222222222,0.5099337748344371,385,1125,2.9220779220779223,306.5526646375656,603.4520769659813,1.9685102971766275,0.7962406873703003,0.7909079492866219,0.8575795292854309,0.0030332581563319587,0.0012462301366391348,0.0014999464459115926,0.781935131846879,0.781935131846879,40.0,90.0,50.0,70.0,110.0,375.0,255.0,0.001686775667299569,0.04107037456975002,0.01606494459139988,0.9120675474625594,0.9988863929251491,0.29188404081442965,0.01606494459139988,0.037798058449804287,40.0,50.0,20.0,-20.0,20.0,120.0,30.0,30.0,100.0,50.0,50.0,100.0,30.0,30.0,210.0,100.0,100.0,370.0,265.0,11.180339887498949
E09B-1,sample_000562,samples/sample_000562.npz,sample_000562_prediction.npz,0.000479824491776526,0.0020964720752090216,0.6715714766782306,0.21224489795918366,0.3501683501683502,156,735,4.711538461538462,97.30296850204468,259.1395950414522,2.6632239389079557,0.6237369775772095,0.48189422258963954,0.5777106285095215,0.0212390961845571,0.0004468289315465069,0.004552937247102513,1.6384617607891272,1.6384617607891272,50.0,80.0,30.0,40.0,130.0,490.0,495.0,0.000442052009311466,0.02102503292057984,0.008362042073150852,1.4989937456638303,0.9932364349384408,0.13726094970727604,0.008362042073150852,0.019290626264544163,50.0,30.0,30.0,-20.0,20.0,110.0,30.0,30.0,80.0,50.0,50.0,90.0,50.0,50.0,200.0,70.0,70.0,485.0,500.0,7.0710678118654755
E09B-1,sample_002168,samples/sample_002168.npz,sample_002168_prediction.npz,0.0009029151406139135,0.0036141055170446634,0.5395997420870734,0.0688037529319781,0.12874908558888076,88,1279,14.534090909090908,75.48128128051758,389.9186587413153,5.165766294986794,0.8577418327331543,0.6256755522706292,0.7105274796485901,0.05487854975738824,0.0008545538701790075,0.008268073335131064,-1.5148050501334538,1.5148050501334538,30.0,50.0,20.0,110.0,40.0,415.0,420.0,0.0018887323607637305,0.04345954855683306,0.01784137534847987,2.6359791238768087,0.8694557109783295,0.25910225526921465,0.01784137534847987,0.03962849588917532,30.0,20.0,20.0,-10.0,10.0,80.0,30.0,30.0,60.0,40.0,40.0,310.0,200.0,200.0,250.0,210.0,210.0,485.0,515.0,118.00423721205946
E09B-1,sample_001196,samples/sample_001196.npz,sample_001196_prediction.npz,0.001000619842670858,0.0024986406788229942,0.612496119721786,0.14040561622464898,0.24623803009575923,90,641,7.122222222222222,88.26255083084106,301.0139708575625,3.4104381532601367,0.9806950092315674,0.798056470685535,0.8561742901802063,0.03433895087178859,0.0009700695880879752,0.0037632326701460693,2.768644145581689,2.768644145581689,50.0,80.0,30.0,60.0,50.0,110.0,525.0,0.0008242593075303674,0.028709916536457703,0.010645242126020108,2.116245986839935,0.9930291496833255,0.2115343487450438,0.010645242126020108,0.026663423028725597,50.0,30.0,30.0,-20.0,20.0,110.0,30.0,30.0,80.0,50.0,50.0,130.0,70.0,70.0,130.0,80.0,80.0,105.0,545.0,20.615528128088304
E09B-1,sample_001899,samples/sample_001899.npz,sample_001899_prediction.npz,0.0004582709807436913,0.0026779165491461754,0.7642604717779815,0.344005956813105,0.5119113573407202,462,1343,2.906926406926407,150.69104826450348,402.24001133051144,2.669302629207752,0.3261711001396179,0.36770957953486094,0.49417391419410706,0.005820397091930592,0.0004329515386894226,0.003158749772329892,-0.4209221240044201,0.4209221240044201,80.0,110.0,30.0,110.0,140.0,165.0,350.0,0.0005600111773642848,0.02366455529614459,0.012481098408544318,1.5828212253915466,0.9869373151853519,0.10744565351357696,0.012481098408544318,0.020105555448196834,80.0,30.0,70.0,-10.0,10.0,140.0,30.0,30.0,70.0,40.0,40.0,210.0,100.0,100.0,180.0,40.0,40.0,205.0,360.0,41.23105625617661
E09B-1,sample_000775,samples/sample_000775.npz,sample_000775_prediction.npz,0.0010507585247978568,0.0032835521269589663,0.8376684070377859,0.5544899738448126,0.7134043746494672,640,1143,1.7859375,211.01202011108398,519.2335631982819,2.460682395841429,0.3297062814235687,0.5334568639635109,0.7580156922340393,0.06964073078310225,0.0006012829592698521,0.000817669423125411,-5.199199158477114,5.199199158477114,60.0,140.0,80.0,160.0,50.0,440.0,325.0,0.000979183167315998,0.03129190258383146,0.015418014861179651,1.5008710522841937,0.9988435277728683,0.16888613546741682,0.015418014861179651,0.027229909751162257,60.0,80.0,50.0,-10.0,10.0,150.0,10.0,10.0,100.0,20.0,20.0,260.0,100.0,100.0,90.0,40.0,40.0,470.0,325.0,30.0
E09B-1,sample_001971,samples/sample_001971.npz,sample_001971_prediction.npz,0.0011881516547873616,0.003573340130969882,0.6312021374572456,0.16771488469601678,0.2872531418312388,160,954,5.9625,147.76297569274902,415.6000598684207,2.8126129561210162,0.9235185980796814,0.6627793220803142,0.7539052963256836,0.07101725086773006,0.0010743122865210552,0.00852691043914282,1.9901011463701863,1.9901011463701863,50.0,70.0,20.0,160.0,50.0,240.0,195.0,0.001127106656189554,0.03357240915081243,0.014511614489948477,1.5471262978616591,0.9923362804762969,0.21379091040257725,0.014511614489948477,0.030274076386979532,50.0,20.0,30.0,-20.0,20.0,110.0,40.0,40.0,80.0,60.0,60.0,390.0,230.0,230.0,160.0,110.0,110.0,335.0,240.0,105.11898020814318
E09B-1,sample_002064,samples/sample_002064.npz,sample_002064_prediction.npz,0.0011306486558169127,0.003935524728149176,0.8387933667439995,0.44029850746268656,0.6113989637305699,768,1741,2.2669270833333335,498.9137878417969,768.4075598581856,1.5401610029303177,0.6496273279190063,0.5784039237478282,0.7415907382965088,0.013806641712998466,0.0010308377123348566,0.0024833303273844084,0.14031712922006534,0.14031712922006534,80.0,120.0,40.0,160.0,120.0,170.0,440.0,0.0006413790955481316,0.02532546338269315,0.012985434289199554,0.5437309540547134,0.999117802006403,0.12153602620982368,0.012985434289199554,0.021742989487855895,80.0,40.0,50.0,-30.0,30.0,150.0,30.0,30.0,100.0,60.0,60.0,220.0,60.0,60.0,150.0,30.0,30.0,190.0,445.0,20.615528128088304
E09B-1,sample_001548,samples/sample_001548.npz,sample_001548_prediction.npz,0.0011384085519239306,0.003212680807337165,0.7901214883615902,0.3341772151898734,0.5009487666034156,396,1185,2.992424242424242,281.8826107978821,571.1008296143625,2.0260236273455625,0.7118247747421265,0.6860791909875292,0.7742565274238586,0.0029143331652443827,0.0011312256576495225,0.0023534670647459874,0.8210096000140936,0.8210096000140936,50.0,90.0,40.0,90.0,110.0,455.0,335.0,0.0013475885539788238,0.03670951585050971,0.015307858431778464,0.9696527027157864,0.9991156781982117,0.2269778093829875,0.015307858431778464,0.03336552148867829,50.0,40.0,30.0,-20.0,20.0,120.0,30.0,30.0,90.0,50.0,50.0,130.0,40.0,40.0,180.0,70.0,70.0,455.0,350.0,15.0
E09B-1,sample_000381,samples/sample_000381.npz,sample_000381_prediction.npz,0.000639411446172744,0.0033551789820194244,0.7611078612865008,0.45214770158251694,0.6227296315516346,600,1327,2.2116666666666664,171.90202474594116,478.1728798286769,2.781659381472569,0.2865033745765686,0.3689137642333905,0.6226838827133179,0.020246260191496095,0.0005190058739347976,0.001856842033741313,-1.3780120544675398,1.3780120544675398,30.0,70.0,40.0,100.0,150.0,440.0,425.0,0.0012771549723800874,0.035737305052005355,0.01676794873106971,1.2741110169834649,0.9374940399388245,0.15129606863576067,0.01676794873106971,0.03155932299229983,30.0,40.0,20.0,-10.0,10.0,80.0,10.0,10.0,60.0,20.0,20.0,280.0,180.0,180.0,320.0,170.0,170.0,500.0,480.0,81.39410298049853
E09B-1,sample_000114,samples/sample_000114.npz,sample_000114_prediction.npz,0.0014271652325987816,0.005400648806244135,0.7154558790326294,0.24169184290030213,0.38929440389294406,480,1986,4.1375,322.79139518737793,724.2692100168455,2.2437686407235633,0.6724820733070374,0.5376627245917917,0.672997772693634,0.021428536597387526,0.0013290231428979104,0.00880666195637097,3.264666678841863,3.264666678841863,80.0,100.0,20.0,150.0,160.0,485.0,350.0,0.0013725828253306543,0.03704838492202669,0.019366848671016283,1.1563033676084897,0.9967592169459651,0.1632589230225851,0.019366848671016283,0.031583350010481924,80.0,20.0,50.0,-30.0,30.0,140.0,40.0,40.0,90.0,70.0,70.0,220.0,70.0,70.0,190.0,30.0,30.0,510.0,355.0,25.495097567963924
E09B-1,sample_000761,samples/sample_000761.npz,sample_000761_prediction.npz,0.0013544290559366345,0.003154095960780978,0.6764532675733264,0.25290322580645164,0.40370751802265703,196,775,3.954081632653061,195.83123445510864,392.6752252725553,2.0051715772775265,0.9991389513015747,0.7103220417487378,0.8000115752220154,0.08800709715638981,0.001181314551634333,0.0007225627892186349,-3.378139287162213,3.378139287162213,50.0,120.0,70.0,70.0,40.0,155.0,200.0,0.0006341866960306631,0.02518306367443531,0.010072930321388285,1.046949099593204,0.9994645793157129,0.18426837661491025,0.010072930321388285,0.023080787914868058,50.0,70.0,30.0,-20.0,20.0,140.0,20.0,20.0,110.0,40.0,40.0,120.0,50.0,50.0,120.0,80.0,80.0,150.0,210.0,11.180339887498949
E09B-1,sample_001580,samples/sample_001580.npz,sample_001580_prediction.npz,0.0012036809930577874,0.002829054370522499,0.8460323808641812,0.45670789724072314,0.6270411495754409,480,1051,2.189583333333333,401.34976387023926,624.2107966585244,1.5552788436679845,0.8361453413963318,0.7862711442013581,0.9058915376663208,0.011589635405072799,0.0011527195849787334,0.00041709678148230833,-4.717733725434542,4.717733725434542,40.0,120.0,80.0,120.0,50.0,500.0,525.0,0.0009776811629849788,0.031267893484930816,0.011424518126960562,0.6178481723737101,0.9996672273993534,0.2221413789066251,0.011424518126960562,0.029106039726347666,40.0,80.0,20.0,-20.0,20.0,140.0,20.0,20.0,120.0,40.0,40.0,170.0,50.0,50.0,120.0,70.0,70.0,485.0,540.0,21.213203435596427
E09B-1,sample_001591,samples/sample_001591.npz,sample_001591_prediction.npz,0.0005472621414810419,0.0029083574190735817,0.9100784004413186,0.8236048749198204,0.9032711924023918,1320,1523,1.1537878787878788,381.7951512336731,597.2748213820059,1.564385559774831,0.28923875093460083,0.388797528898541,0.6374425888061523,0.031154900770647483,0.00013067710480196918,0.0007779964019630921,-4.800594834752289,4.800594834752289,70.0,150.0,80.0,110.0,150.0,395.0,325.0,0.0004114756139370121,0.02028486169381029,0.010745490023454604,0.5981973092309666,0.998422093755704,0.09538337868709379,0.010745490023454604,0.01720494283898815,70.0,80.0,70.0,0.0,0.0,160.0,10.0,10.0,90.0,10.0,10.0,190.0,80.0,80.0,180.0,30.0,30.0,425.0,330.0,30.4138126514911
E09B-1,sample_000709,samples/sample_000709.npz,sample_000709_prediction.npz,0.0017969132168218493,0.004078375641256571,0.6026175878383956,0.17126546146527116,0.2924451665312754,180,1051,5.838888888888889,170.6106162071228,493.63055528307194,2.893316759865635,0.9478367567062378,0.7314458307292726,0.8134391903877258,0.05044326730193548,0.0017076755377156698,0.0050410461835113,0.0830620447654411,0.0830620447654411,80.0,110.0,30.0,120.0,50.0,480.0,315.0,0.0010758071180741614,0.03279949874730041,0.01578444638175021,1.8589158201757798,0.9974227176596397,0.18628694202081553,0.01578444638175021,0.028751667264626832,80.0,30.0,50.0,-30.0,30.0,150.0,40.0,40.0,100.0,70.0,70.0,220.0,100.0,100.0,100.0,50.0,50.0,510.0,320.0,30.4138126514911
E09B-1,sample_000703,samples/sample_000703.npz,sample_000703_prediction.npz,0.00042452625348232687,0.0022943203803151846,0.8674321370064838,0.47706422018348627,0.6459627329192547,520,1090,2.0961538461538463,243.65123629570007,440.02543746825916,1.8059643125891442,0.4685600697994232,0.493152453779028,0.6887154579162598,0.009543511083145852,0.000376032919870597,0.00037353062710074585,-0.34506870352151964,0.34506870352151964,30.0,110.0,80.0,130.0,50.0,465.0,415.0,0.0006497884048807708,0.025490947508493497,0.010323876087380284,0.7370625564123426,0.9968652286587611,0.1638931605129631,0.010323876087380284,0.023306779859371143,30.0,80.0,20.0,-10.0,10.0,140.0,30.0,30.0,120.0,40.0,40.0,160.0,30.0,30.0,130.0,80.0,80.0,460.0,435.0,20.615528128088304
E09B-1,sample_001400,samples/sample_001400.npz,sample_001400_prediction.npz,0.0006220860523171723,0.003571439301595092,0.7127514522034503,0.1688764829030007,0.288955223880597,242,1433,5.921487603305785,134.1245481967926,461.17290386333525,3.4383929717823536,0.5542336702346802,0.5077835277092358,0.6307831406593323,0.004072791695657234,0.0006135703438930519,0.004636316027774571,-1.092480127353042,1.092480127353042,30.0,50.0,20.0,110.0,110.0,425.0,365.0,0.0015798074306910407,0.03974679145152525,0.01860185544279074,1.518170472260825,0.9095324618972489,0.19036581203501035,0.01860185544279074,0.03512518191805642,30.0,20.0,20.0,-10.0,10.0,70.0,20.0,20.0,50.0,30.0,30.0,350.0,240.0,240.0,350.0,240.0,240.0,465.0,465.0,107.70329614269008
E09B-1,sample_001887,samples/sample_001887.npz,sample_001887_prediction.npz,0.0008736915769986808,0.003996587358415127,0.8139489202814333,0.22857142857142856,0.37209302325581395,320,1400,4.375,185.7793426513672,567.6647361879373,3.0555858799286137,0.5805604457855225,0.7042794644832611,0.8818356394767761,0.031893669442709945,0.0007723852788317427,0.0011332046008873688,-1.9151836634471522,1.9151836634471522,20.0,70.0,50.0,40.0,160.0,380.0,240.0,0.0022440097734009136,0.04737098028752322,0.02185559961343813,1.3416411730997844,0.9514316786124145,0.2666211199796761,0.02185559961343813,0.04202787811605526,20.0,50.0,0.0,-20.0,20.0,100.0,30.0,30.0,100.0,50.0,50.0,400.0,360.0,360.0,330.0,170.0,170.0,440.0,305.0,88.45903006477066
E09B-1,sample_001331,samples/sample_001331.npz,sample_001331_prediction.npz,0.0005616635899059474,0.0030068380292505026,0.43466192075994364,0.09556907037358818,0.17446471054718476,110,1151,10.463636363636363,28.615364134311676,323.2925268227314,11.297865206442811,0.26013967394828796,0.34024389602921223,0.5034716129302979,0.010693173040820975,0.0005503139241615431,0.001338812839096877,3.313747648525272,3.313747648525272,20.0,40.0,20.0,50.0,110.0,375.0,195.0,0.0014411415655107753,0.03796237038846199,0.017104872844002472,5.029182762810255,0.6176271661617723,0.15936285222526217,0.017104872844002472,0.03389048377496672,20.0,20.0,20.0,0.0,0.0,60.0,20.0,20.0,40.0,20.0,20.0,350.0,300.0,300.0,350.0,240.0,240.0,465.0,295.0,134.5362404707371
E09B-1,sample_001596,samples/sample_001596.npz,sample_001596_prediction.npz,0.0017903224797919393,0.005073897540569305,0.6431585907508783,0.17560975609756097,0.2987551867219917,252,1435,5.694444444444445,230.43040251731873,607.7081174056724,2.6372740348791353,0.9144063591957092,0.6733216089861733,0.7439000010490417,0.05970986166765841,0.0016414655154145495,0.009149368828024878,1.4350723501794391,1.4350723501794391,80.0,100.0,20.0,140.0,90.0,390.0,355.0,0.0013719849035564696,0.037040314571510725,0.019007499331681516,1.5313873002495502,0.9957499974423936,0.18534530838017582,0.019007499331681516,0.03179150629826458,80.0,20.0,50.0,-30.0,30.0,140.0,40.0,40.0,90.0,70.0,70.0,260.0,120.0,120.0,150.0,60.0,60.0,440.0,365.0,50.99019513592785
E09B-1,sample_002009,samples/sample_002009.npz,sample_002009_prediction.npz,0.0003663270326796919,0.0023287341464310884,0.8157635906132186,0.4549483013293944,0.6253807106598985,616,1354,2.198051948051948,175.44790244102478,384.91364513525616,2.193891404684313,0.28481802344322205,0.33490846108935485,0.47512879967689514,0.008644538433468265,0.000314126347060358,0.001888143905382973,0.1830774915246849,0.1830774915246849,80.0,120.0,40.0,140.0,110.0,360.0,135.0,0.0003617251913056813,0.019019074407175585,0.009990406615323275,1.1399994666325748,0.9930264163304864,0.08657717459250439,0.009990406615323275,0.016183848954009244,80.0,40.0,70.0,-10.0,10.0,160.0,40.0,40.0,90.0,50.0,50.0,230.0,90.0,90.0,150.0,40.0,40.0,395.0,145.0,36.40054944640259
E09B-1,sample_002116,samples/sample_002116.npz,sample_002116_prediction.npz,0.002089817076921463,0.004571340046823025,0.8477485953587849,0.436080467229072,0.6073203795752372,672,1541,2.293154761904762,638.236249923706,993.964529989295,1.557361447439114,0.9497563242912292,0.8802351071721032,0.9652248620986938,0.008177089969388802,0.0020479185850463045,0.0005546359101579926,-1.113084502006359,1.113084502006359,40.0,110.0,70.0,60.0,160.0,190.0,340.0,0.0018671495078587694,0.04321052542909851,0.018787772488314862,0.5359187872777664,0.9981115549746924,0.24634565523418983,0.018787772488314862,0.03891232597501836,40.0,70.0,20.0,-20.0,20.0,140.0,30.0,30.0,120.0,50.0,50.0,170.0,110.0,110.0,230.0,70.0,70.0,145.0,355.0,47.43416490252569
E09B-1,sample_000238,samples/sample_000238.npz,sample_000238_prediction.npz,0.0017475805943831801,0.005226526875048876,0.9033070389969685,0.5651808242220353,0.722192369693713,1344,2378,1.7693452380952381,988.6517601013184,1408.915207191948,1.4250874413530203,0.7356039881706238,0.7571713218598494,0.925382673740387,0.012444578510389466,0.0015993052931746955,0.0007106728964658601,-3.284032731033008,3.284032731033008,50.0,120.0,70.0,160.0,120.0,350.0,150.0,0.002526910191251017,0.05026838162554089,0.021820804675232206,0.46803028005283887,0.9995540827010477,0.2809182335722704,0.021820804675232206,0.04528534723921615,50.0,70.0,20.0,-30.0,30.0,150.0,30.0,30.0,130.0,60.0,60.0,390.0,230.0,230.0,190.0,70.0,70.0,445.0,175.0,98.2344135219425
E09B-1,sample_000737,samples/sample_000737.npz,sample_000737_prediction.npz,0.000244415074121207,0.0017750476254150271,0.807945566468286,0.33240997229916897,0.498960498960499,240,722,3.0083333333333333,93.02326440811157,258.2079319217108,2.775735011716007,0.3875969350337982,0.42981712737431127,0.5624688267707825,0.008864346818195782,0.00022331880801672576,0.002036966009057018,0.50889354936362,0.50889354936362,40.0,70.0,30.0,50.0,160.0,375.0,160.0,0.0003894413163335767,0.01973426756516635,0.008969893789201985,1.3440617208815362,0.9668260713771777,0.10906532044731165,0.008969893789201985,0.017577892983631806,40.0,30.0,30.0,-10.0,10.0,90.0,20.0,20.0,60.0,30.0,30.0,310.0,260.0,260.0,230.0,70.0,70.0,485.0,185.0,112.80514172678478
E09B-1,sample_000271,samples/sample_000271.npz,sample_000271_prediction.npz,0.001016981084831059,0.0035602382849901915,0.7741773295883657,0.2975753122703894,0.45866364665911663,405,1361,3.360493827160494,286.7427536845207,543.0505249328631,1.8938596283773454,0.7080067992210388,0.5923550594736029,0.7026061415672302,0.017179767106857115,0.0009501170108894468,0.00442309840354386,0.48799102114300297,0.48799102114300297,80.0,110.0,30.0,90.0,150.0,365.0,435.0,0.0006216456459639878,0.02493282266338867,0.01268410135378141,0.8722295414505344,0.997975546149322,0.12394988769499726,0.01268410135378141,0.021465302672242673,80.0,30.0,60.0,-20.0,20.0,140.0,30.0,30.0,80.0,50.0,50.0,160.0,70.0,70.0,180.0,30.0,30.0,390.0,440.0,25.495097567963924
E09B-1,sample_001280,samples/sample_001280.npz,sample_001280_prediction.npz,0.0002917109231930226,0.001904888660646975,0.6681658846005856,0.25766871165644173,0.4097560975609756,210,815,3.880952380952381,63.227905333042145,247.23065119701454,3.910150904015711,0.3010852634906769,0.33105699767669045,0.4753595292568207,0.0033135878757269196,0.0002852416968902478,0.0016979384615937038,3.2561071973387286,3.2561071973387286,20.0,40.0,20.0,70.0,150.0,415.0,485.0,0.0005973060079469889,0.024439844679273,0.010423056182488238,1.6704886841375501,0.8576896651299851,0.11669181624634534,0.010423056182488238,0.022105789010204605,20.0,20.0,20.0,0.0,0.0,50.0,10.0,10.0,30.0,10.0,10.0,320.0,250.0,250.0,250.0,100.0,100.0,480.0,515.0,71.58910531638176
E09B-1,sample_000473,samples/sample_000473.npz,sample_000473_prediction.npz,0.0011828005081042647,0.004902808461338282,0.8299306991719171,0.389948006932409,0.5610972568578554,900,2308,2.5644444444444443,463.0685806274414,915.9723536124644,1.9780490232599124,0.5145206451416016,0.5361825788352225,0.787028968334198,0.00468535754513929,0.0011504373179578994,0.0024271923422864556,1.980589095371542,1.980589095371542,50.0,90.0,40.0,150.0,150.0,445.0,245.0,0.002494383548875391,0.04994380390874719,0.023676204279730103,0.8861589400294289,0.9975122873363663,0.23520869107709208,0.023676204279730103,0.04397523052560249,50.0,40.0,30.0,-20.0,20.0,130.0,40.0,40.0,100.0,60.0,60.0,260.0,110.0,110.0,220.0,70.0,70.0,470.0,270.0,35.35533905932738
E09B-1,sample_001502,samples/sample_001502.npz,sample_001502_prediction.npz,0.0006417265976779163,0.0021808857563883066,0.7658995725178802,0.3530239099859353,0.5218295218295218,252,710,2.8174603174603177,71.70944917201996,282.800266603323,3.94369598244896,0.28456130623817444,0.5241716125802625,0.6827705502510071,0.07560122740895814,0.00044907579058061075,0.0011637721644102907,-6.994726664757366,6.994726664757366,70.0,140.0,70.0,60.0,60.0,160.0,450.0,0.00046932048669175267,0.02166380591428368,0.01028015973557429,3.0648941865861956,0.9925817937307574,0.12875822436396983,0.01028015973557429,0.01906931573242285,70.0,70.0,50.0,-20.0,20.0,150.0,10.0,10.0,100.0,30.0,30.0,170.0,110.0,110.0,100.0,40.0,40.0,195.0,450.0,35.0
E09B-1,sample_000960,samples/sample_000960.npz,sample_000960_prediction.npz,0.0011568168411031365,0.004449696745723486,0.701858628288056,0.2184873949579832,0.3586206896551724,390,1785,4.576923076923077,203.0231523513794,629.5338059414003,3.100798104306073,0.5205721855163574,0.5330110815855172,0.6073082685470581,0.0024076506539292843,0.0011518347581853925,0.0061365064221567565,0.9001040252287424,0.9001040252287424,70.0,90.0,20.0,130.0,150.0,165.0,265.0,0.0018289052477887709,0.04276570176892659,0.021935611973929035,1.890683997618869,0.9809733025743672,0.19102666025071235,0.021935611973929035,0.03671149922187857,70.0,20.0,40.0,-30.0,30.0,120.0,30.0,30.0,80.0,60.0,60.0,290.0,160.0,160.0,180.0,30.0,30.0,235.0,270.0,70.178344238091
E09B-1,sample_001604,samples/sample_001604.npz,sample_001604_prediction.npz,0.0010436271550133824,0.0026248476933687925,0.7846405334501494,0.3686635944700461,0.5387205387205387,320,868,2.7125,209.39214706420898,449.9726353743263,2.148947043540962,0.6543504595756531,0.71426897123456,0.822563648223877,0.016962865996002746,0.0009916374514882635,0.0006114995791758099,-9.076934180258334,9.076934180258334,70.0,150.0,80.0,50.0,80.0,265.0,500.0,0.0006406818103637273,0.025311693154819324,0.01174818537078003,1.2822392539220577,0.9984465651320001,0.15279101176812715,0.01174818537078003,0.022420123792198775,70.0,80.0,50.0,-20.0,20.0,160.0,10.0,10.0,110.0,30.0,30.0,140.0,90.0,90.0,120.0,40.0,40.0,290.0,500.0,25.0
E09B-1,sample_001049,samples/sample_001049.npz,sample_001049_prediction.npz,0.0002508903853595257,0.0017768054967746139,0.87082047441354,0.702247191011236,0.8250825082508251,630,885,1.4047619047619047,164.42838996648788,307.7031242834817,1.871350344950739,0.2609974443912506,0.32987123017036724,0.5658157467842102,0.02009351958473485,0.0001229048766162122,0.001252448315933152,-1.7448759895419244,1.7448759895419244,50.0,110.0,60.0,70.0,150.0,215.0,405.0,0.00024351777777642072,0.015605056160630142,0.007516739334037131,0.7990114225787237,0.9935675808654222,0.08205468990638795,0.007516739334037131,0.013675394237847761,50.0,60.0,40.0,-10.0,10.0,120.0,10.0,10.0,80.0,20.0,20.0,190.0,120.0,120.0,190.0,40.0,40.0,265.0,405.0,50.0
E09B-1,sample_001954,samples/sample_001954.npz,sample_001954_prediction.npz,0.0006286519928835332,0.0024034567177295685,0.5741142601653838,0.15748031496062992,0.272108843537415,140,889,6.35,69.94698226451874,296.27289293190694,4.235677985527535,0.49962130188941956,0.46589152472359796,0.6753295063972473,0.002421496615452818,0.0006260950605659624,0.006699290630944598,0.9232850962658006,0.9232850962658006,80.0,100.0,20.0,100.0,70.0,400.0,495.0,0.0005125514415202754,0.022639598969952525,0.010993151075049685,2.9733625801072665,0.968348220529112,0.1170140577868515,0.010993151075049685,0.019791464598695303,80.0,20.0,60.0,-20.0,20.0,140.0,40.0,40.0,80.0,60.0,60.0,230.0,130.0,130.0,120.0,50.0,50.0,445.0,500.0,45.27692569068709
E09B-1,sample_001051,samples/sample_001051.npz,sample_001051_prediction.npz,0.0009105944191105664,0.002704117214307189,0.7774783212684646,0.28633405639913234,0.4451939291736931,264,922,3.492424242424242,169.32887077331543,428.13706226837786,2.52843511158552,0.64139723777771,0.7150945180293286,0.8402604460716248,0.012127059134018637,0.0008803910052015303,0.0012231984869004815,-0.07479863990612756,0.07479863990612756,40.0,80.0,40.0,110.0,60.0,165.0,520.0,0.0013333491721785244,0.036515054048686886,0.013596477208611669,1.3731853876475066,0.9931716111804928,0.23842172260840833,0.013596477208611669,0.03388930479803662,40.0,40.0,30.0,-10.0,10.0,100.0,20.0,20.0,70.0,30.0,30.0,160.0,50.0,50.0,170.0,110.0,110.0,160.0,555.0,35.35533905932738
E09B-1,sample_000519,samples/sample_000519.npz,sample_000519_prediction.npz,0.0008216234273277223,0.0037893690168857574,0.936170001308364,0.6645311589982528,0.7984604618614416,1152,1706,1.4809027777777777,485.49850845336914,822.80491634951,1.6947630157931541,0.42143967747688293,0.5760485343602745,0.8178064823150635,0.0450469045869974,0.00029721289577885424,0.0006391666187120028,-3.371293482606603,3.371293482606603,70.0,130.0,60.0,160.0,120.0,190.0,260.0,0.0011656788191224388,0.03414203888350019,0.016884618311608836,0.7460711764458194,0.9994575933691893,0.1763316695964628,0.016884618311608836,0.029674711179617612,70.0,60.0,50.0,-20.0,20.0,140.0,10.0,10.0,90.0,30.0,30.0,190.0,30.0,30.0,140.0,20.0,20.0,195.0,260.0,5.0
E09B-1,sample_002133,samples/sample_002133.npz,sample_002133_prediction.npz,0.0004914316232316196,0.0028207486029714346,0.7030983063237163,0.3441682600382409,0.5120910384068279,360,1046,2.9055555555555554,119.72476601600647,369.79756844994307,3.088730767705183,0.33256879448890686,0.3619351877106561,0.57014000415802,0.01461737981616021,0.0004395107274617135,0.0017344994629264353,-5.429704685362189,5.429704685362189,20.0,80.0,60.0,120.0,50.0,250.0,245.0,0.0011747348533431552,0.03427440522231064,0.01438212408660498,1.5231342448848872,0.9444637225718905,0.21415097390025317,0.01438212408660498,0.03111092027087357,20.0,60.0,20.0,0.0,0.0,100.0,20.0,20.0,80.0,20.0,20.0,340.0,220.0,220.0,260.0,210.0,210.0,340.0,320.0,117.15374513859982
E09B-1,sample_000492,samples/sample_000492.npz,sample_000492_prediction.npz,0.0001235465460922569,0.0012104073539376259,0.759291497847569,0.5533088235294118,0.7124260355029586,336,509,1.5148809523809523,69.23460531234741,169.70209695283327,2.451116695000041,0.20605537295341492,0.22159014438234625,0.4808598756790161,0.008254565567881898,9.565965961106587e-05,0.0008140343754674826,-4.133700088107858,4.133700088107858,30.0,90.0,60.0,40.0,140.0,390.0,410.0,0.00017826492049343077,0.0133515886879963,0.005520154828032245,1.2260601854133812,0.9721098991063829,0.09467875891613659,0.005520154828032245,0.012157006669735071,30.0,60.0,30.0,0.0,0.0,90.0,0.0,0.0,60.0,0.0,0.0,300.0,260.0,260.0,220.0,80.0,80.0,490.0,430.0,101.9803902718557
E09B-1,sample_000901,samples/sample_000901.npz,sample_000901_prediction.npz,0.0018867533653974533,0.004631357733160257,0.7675869381144101,0.30257186081694404,0.4645760743321719,400,1322,3.305,387.03465461730957,699.4835802247768,1.8072892746940428,0.9675866365432739,0.7890465269982815,0.8661454319953918,0.03487741317778048,0.0017519657371600924,0.002760406168292925,-0.5970049366483465,0.5970049366483465,70.0,110.0,40.0,100.0,100.0,200.0,200.0,0.0011467739746838037,0.03386405136252607,0.01565986826536314,0.8108436467382504,0.999820486361011,0.19462673404317843,0.01565986826536314,0.030025697337368807,70.0,40.0,40.0,-30.0,30.0,140.0,30.0,30.0,100.0,60.0,60.0,150.0,50.0,50.0,150.0,50.0,50.0,195.0,205.0,7.0710678118654755
E09B-1,sample_000728,samples/sample_000728.npz,sample_000728_prediction.npz,0.000517157546710223,0.0022238297387957573,0.7222213509020319,0.3007518796992481,0.4624277456647399,280,931,3.325,104.24670338630676,314.3728794628035,3.015662550956961,0.3723096549510956,0.44017309386815345,0.5904659032821655,0.013927209427766672,0.00047885245592774867,0.0018583814935180833,-2.145420417262571,2.145420417262571,60.0,100.0,40.0,70.0,100.0,335.0,470.0,0.0005516575033860494,0.023487390305992905,0.010888529570825731,1.8422267839257662,0.9669814891088365,0.12356092459681073,0.010888529570825731,0.020810992940542335,60.0,40.0,50.0,-10.0,10.0,110.0,10.0,10.0,60.0,20.0,20.0,210.0,140.0,140.0,140.0,40.0,40.0,395.0,470.0,60.0
E09B-1,sample_000044,samples/sample_000044.npz,sample_000044_prediction.npz,0.0015872531803324819,0.0036426952574402094,0.8612171969055791,0.47572815533980584,0.6447368421052632,686,1442,2.1020408163265305,557.6774952411652,884.0999470536382,1.5853247703160642,0.8129409551620483,0.8114777090945675,0.8952775001525879,0.003087262787494848,0.0015767119933284498,0.0005416112150672199,-2.7757136069024853,2.7757136069024853,70.0,140.0,70.0,70.0,140.0,275.0,260.0,0.0010647540947117259,0.03263056994157053,0.016346046740457802,0.6198098600469739,0.9981672606851254,0.17954721791823058,0.016346046740457802,0.028241119855106567,70.0,70.0,40.0,-30.0,30.0,160.0,20.0,20.0,120.0,50.0,50.0,130.0,60.0,60.0,180.0,40.0,40.0,275.0,260.0,0.0
E09B-1,sample_000653,samples/sample_000653.npz,sample_000653_prediction.npz,0.0008580845315009356,0.004576662089675665,0.39629018433974683,0.15089762251334304,0.2622259696458685,312,2060,6.602564102564102,65.11785006523132,509.1630955137783,7.81910175172749,0.20871105790138245,0.22650075737291422,0.4852837324142456,0.002540240721522753,0.0008527286763430273,0.0006511917950715185,1.8948421182089952,1.8948421182089952,20.0,40.0,20.0,120.0,130.0,300.0,235.0,0.002521259377115254,0.050212143721566536,0.025965652839016383,3.5687085652841772,0.5270703573626393,0.18001390001569514,0.025965652839016383,0.04297725270138767,20.0,20.0,20.0,0.0,0.0,50.0,10.0,10.0,30.0,10.0,10.0,440.0,320.0,320.0,360.0,230.0,230.0,420.0,340.0,159.45218719101973
E09B-1,sample_001330,samples/sample_001330.npz,sample_001330_prediction.npz,0.0008862561662681401,0.0038997873198240995,0.9178652329940367,0.6745017884517118,0.8056148916692096,1320,1957,1.4825757575757577,743.6322569847107,996.0784239743423,1.3394771604089009,0.5633577704429626,0.5943725777507731,0.8167359232902527,0.02310986474949387,0.00058378189361297,0.00046317007661871213,-3.0748854182152883,3.0748854182152883,50.0,130.0,80.0,150.0,110.0,365.0,405.0,0.0008388717939194521,0.028963283548649178,0.01326517322408587,0.36687244181760453,0.9988425901702734,0.15977233140095315,0.01326517322408587,0.02574697988608465,50.0,80.0,30.0,-20.0,20.0,150.0,20.0,20.0,120.0,40.0,40.0,170.0,20.0,20.0,140.0,30.0,30.0,365.0,400.0,5.0
E09B-1,sample_000517,samples/sample_000517.npz,sample_000517_prediction.npz,0.000410908687626943,0.0022909417748451233,0.655783901630289,0.21571238348868177,0.3548740416210296,162,751,4.635802469135802,96.17286157608032,258.57061850764035,2.688602733351036,0.5936596393585205,0.399798583837203,0.48597246408462524,0.039164644195257704,0.0003469390787972524,0.007513596211062917,0.07082935617128783,0.07082935617128783,50.0,70.0,20.0,90.0,90.0,235.0,195.0,0.00038544783374432664,0.01963282541419667,0.008893738383670817,1.3253799252634524,0.9628286676669839,0.11373707708114722,0.008893738383670817,0.017502835521913215,50.0,20.0,30.0,-20.0,20.0,90.0,20.0,20.0,60.0,40.0,40.0,310.0,220.0,220.0,180.0,90.0,90.0,335.0,220.0,103.07764064044152
E09B-1,sample_001265,samples/sample_001265.npz,sample_001265_prediction.npz,0.001247660256922245,0.004189741797745228,0.8859262044468355,0.5201238390092879,0.6843177189409368,1008,1938,1.9226190476190477,680.8959245681763,997.1611055226623,1.4644838800512152,0.675491988658905,0.6700181457554064,0.8410859704017639,0.011696206714656009,0.0011394119939626183,0.0008498395746657709,1.2236763343145753,1.2236763343145753,60.0,120.0,60.0,120.0,140.0,180.0,480.0,0.0009670207082839117,0.031096956575908063,0.015318294032634829,0.43696445819852564,0.999165367463945,0.15298403142219996,0.015318294032634829,0.027062346095888583,60.0,60.0,40.0,-20.0,20.0,150.0,30.0,30.0,110.0,50.0,50.0,180.0,60.0,60.0,160.0,20.0,20.0,170.0,480.0,10.0
E09B-1,sample_001292,samples/sample_001292.npz,sample_001292_prediction.npz,0.0005837660282850266,0.0027464423328638077,0.7803170807996891,0.42105263157894735,0.5925925925925926,400,950,2.375,147.53621816635132,398.817478368621,2.7031835526578485,0.3688405454158783,0.45987506546080115,0.6748743057250977,0.02729074206585537,0.0004746510896074439,0.0015288572950876685,-1.8783618854610822,1.8783618854610822,30.0,80.0,50.0,100.0,80.0,360.0,420.0,0.000977802140846711,0.0312698279631774,0.013867236166199589,1.2503459011950762,0.9687442775897623,0.1841476391632138,0.013867236166199589,0.028026806845546235,30.0,50.0,20.0,-10.0,10.0,90.0,10.0,10.0,70.0,20.0,20.0,370.0,270.0,270.0,200.0,120.0,120.0,455.0,460.0,103.07764064044152
E09B-1,sample_001298,samples/sample_001298.npz,sample_001298_prediction.npz,0.0006084853666834533,0.0026901669334620237,0.695828013051978,0.21374045801526717,0.3522012578616352,196,917,4.678571428571429,110.08473920822144,358.66748068146387,3.2581035596864782,0.5616568326950073,0.5347551013133964,0.6629992723464966,0.00423843611845404,0.0006012334520876918,0.006061047446390767,-0.5391536651776221,0.5391536651776221,50.0,70.0,20.0,70.0,140.0,235.0,210.0,0.0008533966485357685,0.029212953437401164,0.013653056730600154,1.7909807664556048,0.9654439422790916,0.1532035561953029,0.013653056730600154,0.025826162905990938,50.0,20.0,30.0,-20.0,20.0,90.0,20.0,20.0,60.0,40.0,40.0,310.0,240.0,240.0,200.0,60.0,60.0,335.0,220.0,100.4987562112089
E09B-1,sample_001513,samples/sample_001513.npz,sample_001513_prediction.npz,0.0011304976651445031,0.003102550283074379,0.7163873638895836,0.2827521206409048,0.440852314474651,300,1061,3.5366666666666666,185.75980067253113,476.0598407441665,2.5627710571427356,0.6191993355751038,0.626400246421496,0.7311920523643494,0.0043353299999507895,0.0011206874024241999,0.001618763277181511,-3.932151862475905,3.932151862475905,80.0,130.0,50.0,50.0,120.0,355.0,490.0,0.0008016768377270652,0.028313898313850484,0.014018226176897401,1.6062533412938833,0.9989729647611326,0.15094349823351597,0.014018226176897401,0.02460012545863158,80.0,50.0,60.0,-20.0,20.0,150.0,20.0,20.0,90.0,40.0,40.0,170.0,120.0,120.0,160.0,40.0,40.0,385.0,490.0,30.0
E09B-1,sample_000392,samples/sample_000392.npz,sample_000392_prediction.npz,0.0013559329090639949,0.003326825797557831,0.6628124402118133,0.21739130434782608,0.35714285714285715,180,828,4.6,178.24459075927734,410.1785254005561,2.301211630901663,0.9902477264404297,0.7260633803076214,0.7918310165405273,0.07238427252989212,0.0012256373989821044,0.003036625850354644,1.9625570024648766,1.9625570024648766,50.0,90.0,40.0,50.0,90.0,175.0,355.0,0.0009280238977836276,0.030463484662520596,0.012208814652024346,1.211406306002628,0.9986765493065816,0.2156514664828602,0.012208814652024346,0.027910011511573105,50.0,40.0,30.0,-20.0,20.0,120.0,30.0,30.0,90.0,50.0,50.0,120.0,70.0,70.0,150.0,60.0,60.0,160.0,365.0,18.027756377319946
E09B-1,sample_001800,samples/sample_001800.npz,sample_001800_prediction.npz,0.0007900204509496689,0.004064784850925207,0.8093870269220386,0.2838427947598253,0.4421768707482993,390,1374,3.523076923076923,191.56806975603104,564.8337760361426,2.9484755823633817,0.49120017886161804,0.5973339414367309,0.861570417881012,0.036943681821357315,0.0006460172282367766,0.0013289387938184346,-3.6461821179127654,3.6461821179127654,20.0,70.0,50.0,60.0,130.0,210.0,405.0,0.0018431363704264618,0.042931764119663915,0.021225984630141265,1.1501874744763927,0.9518784547109895,0.24407608295872846,0.021225984630141265,0.037317475087517225,20.0,50.0,20.0,0.0,0.0,90.0,20.0,20.0,70.0,20.0,20.0,530.0,470.0,470.0,330.0,200.0,200.0,265.0,475.0,89.02246907382428
E09B-1,sample_002073,samples/sample_002073.npz,sample_002073_prediction.npz,0.00035263001336716115,0.0019022045889869332,0.7406695476958858,0.40229885057471265,0.5737704918032787,385,957,2.4857142857142858,95.07418975234032,275.5587409837179,2.898354871090919,0.24694594740867615,0.3214491168786953,0.4965295195579529,0.01117793553696129,0.00031006683167438795,0.0014745578653608583,-3.3475156663335923,3.3475156663335923,80.0,130.0,50.0,70.0,110.0,395.0,165.0,0.0002925219408425626,0.0171032728108559,0.008669377050942803,1.8967914678672377,0.9907827071957797,0.08602195396789267,0.008669377050942803,0.014743264305816024,80.0,50.0,70.0,-10.0,10.0,160.0,30.0,30.0,90.0,40.0,40.0,170.0,100.0,100.0,150.0,40.0,40.0,425.0,165.0,30.0
E09B-1,sample_000911,samples/sample_000911.npz,sample_000911_prediction.npz,0.0004096021002624184,0.0022337757982313633,0.8251296264236313,0.5854978354978355,0.7385665529010239,546,919,1.6831501831501832,161.15512830018997,349.38552617531036,2.1680074960102806,0.29515591263771057,0.3787854924634263,0.6524530649185181,0.029311577771644254,0.00024817816944516715,0.0014483296543926002,-4.732639604002372,4.732639604002372,30.0,90.0,60.0,70.0,130.0,465.0,325.0,0.000671518088202945,0.025913666051003766,0.010402638969376949,1.0363917895144776,0.9886015275940809,0.15478255325866247,0.010402638969376949,0.023734009157235638,30.0,60.0,30.0,0.0,0.0,100.0,10.0,10.0,70.0,10.0,10.0,230.0,160.0,160.0,230.0,100.0,100.0,525.0,345.0,63.245553203367585
E09B-1,sample_000923,samples/sample_000923.npz,sample_000923_prediction.npz,0.0004500894865486771,0.0019411901012063026,0.6391258672665925,0.23693803159173754,0.3831041257367387,195,823,4.220512820512821,79.86865639686584,258.5938362898777,3.237738656888502,0.40958285331726074,0.39642682671546936,0.7001681327819824,0.004008559060996443,0.0004430167238193049,0.0031077855828491236,-0.8163075188779914,0.8163075188779914,80.0,110.0,30.0,50.0,130.0,295.0,465.0,0.00031254762990822415,0.01767901665557856,0.008882883257641333,2.1539275956077866,0.9772909737258294,0.09094177569401263,0.008882883257641333,0.015285352954359262,80.0,30.0,70.0,-10.0,10.0,140.0,30.0,30.0,70.0,40.0,40.0,170.0,120.0,120.0,170.0,40.0,40.0,335.0,465.0,40.0
E09B-1,sample_000595,samples/sample_000595.npz,sample_000595_prediction.npz,0.0010410737013444304,0.003465276211500168,0.8574556368008477,0.45665961945031713,0.6269956458635704,648,1419,2.189814814814815,405.7768020629883,721.3217265694742,1.7776317495289053,0.6261987686157227,0.6618848555709844,0.8362560272216797,0.0074215886321936245,0.000998735610540532,0.0006351612327193742,-0.45012563977671505,0.45012563977671505,40.0,100.0,60.0,120.0,90.0,190.0,245.0,0.0015640538636428928,0.039548120861083814,0.01679480815609583,0.7208624391497932,0.997543458795011,0.2202662176482726,0.01679480815609583,0.03580486395230165,40.0,60.0,20.0,-20.0,20.0,130.0,30.0,30.0,110.0,50.0,50.0,160.0,40.0,40.0,170.0,80.0,80.0,180.0,275.0,31.622776601683793
E09B-1,sample_001302,samples/sample_001302.npz,sample_001302_prediction.npz,0.0012402591528370976,0.003584192367270589,0.8648938843549815,0.43946188340807174,0.6105919003115264,588,1338,2.2755102040816326,388.9803864955902,738.2515975796978,1.8979147103810778,0.6615312695503235,0.7660722655503929,0.8794814348220825,0.016291621201763837,0.001149688597402595,0.0009238299806745412,-0.3493727848604635,0.3493727848604635,60.0,120.0,60.0,70.0,140.0,525.0,280.0,0.0013960794587758684,0.03736414670209757,0.01708608659900744,0.8915914482175242,0.9993804354865428,0.211323816221125,0.01708608659900744,0.033228678931114405,60.0,60.0,40.0,-20.0,20.0,140.0,20.0,20.0,100.0,40.0,40.0,120.0,50.0,50.0,170.0,30.0,30.0,530.0,285.0,7.0710678118654755
E09B-1,sample_001319,samples/sample_001319.npz,sample_001319_prediction.npz,0.0008378177299164236,0.003809248795732856,0.7103973236940427,0.10869565217391304,0.19607843137254902,150,1380,9.2,78.23321521282196,452.6976018457856,5.786514086303219,0.5215547680854797,0.7191778429349264,0.8490579128265381,0.04608958370832293,0.0007686633968733657,0.0011420101182868685,0.3669163742410575,0.3669163742410575,20.0,50.0,30.0,50.0,100.0,295.0,360.0,0.0019404997290298435,0.04405110360739948,0.021670446589486782,2.292806518551107,0.8728817709032272,0.2285013770599703,0.021670446589486782,0.038352202982906265,20.0,30.0,20.0,0.0,0.0,70.0,20.0,20.0,50.0,20.0,20.0,480.0,430.0,430.0,360.0,260.0,260.0,400.0,460.0,145.0
E09B-1,sample_002162,samples/sample_002162.npz,sample_002162_prediction.npz,0.00028263547574169934,0.0019007287919521332,0.7956910446084448,0.5773874862788145,0.732080723729993,560,877,1.5660714285714286,161.06433391571045,300.6668305898434,1.866749908438394,0.2876148819923401,0.293726213642263,0.5609365701675415,0.012184108241534023,0.00021444890014188286,0.001150031107918847,-6.0727483537111056,6.0727483537111056,30.0,100.0,70.0,100.0,80.0,170.0,140.0,0.0003531524876475632,0.01879235183918083,0.007681093469469912,0.7734757642445447,0.9877177171647589,0.11531708664520796,0.007681093469469912,0.017150897666327262,30.0,70.0,20.0,-10.0,10.0,100.0,0.0,0.0,80.0,10.0,10.0,290.0,190.0,190.0,160.0,80.0,80.0,245.0,170.0,80.77747210701756
E09B-1,sample_001201,samples/sample_001201.npz,sample_001201_prediction.npz,0.0011408856371417642,0.0030709633138030767,0.45877361714604414,0.0924092409240924,0.1691842900302115,84,909,10.821428571428571,47.15975260734558,348.9430792489703,7.399171114282289,0.5614256262779236,0.5971849404630207,0.8124498724937439,0.0017403390397422499,0.0011403729471358578,0.004414616423353392,0.024703506374024187,0.024703506374024187,70.0,90.0,20.0,60.0,70.0,270.0,175.0,0.0010977866766566909,0.03313286399719606,0.015574662902997284,5.648154252377159,0.9298268154323444,0.1811996975058813,0.015574662902997284,0.029244085763016955,70.0,20.0,40.0,-30.0,30.0,120.0,30.0,30.0,80.0,60.0,60.0,240.0,180.0,180.0,120.0,50.0,50.0,340.0,180.0,70.178344238091
E09B-1,sample_000860,samples/sample_000860.npz,sample_000860_prediction.npz,0.0017540851840749383,0.007960677146911621,0.7745328909558686,0.23952095808383234,0.3864734299516908,720,3006,4.175,286.3914728164673,1068.865887096593,3.7321847490255795,0.3977659344673157,0.5640464324918059,0.8386890292167664,0.03324047678330533,0.0015217705230350488,0.00106027883259587,1.3787294480971681,1.3787294480971681,20.0,50.0,30.0,160.0,150.0,230.0,285.0,0.006126606334109085,0.07827264103190261,0.045289067955718604,1.5191507637943944,0.9070754448951408,0.2611091037491348,0.045289067955718604,0.06383969500092701,20.0,30.0,20.0,0.0,0.0,80.0,30.0,30.0,60.0,30.0,30.0,600.0,440.0,440.0,410.0,260.0,260.0,300.0,385.0,122.06555615733703
E09B-1,sample_001867,samples/sample_001867.npz,sample_001867_prediction.npz,0.0005915356450714171,0.0025330588687211275,0.6231897963255243,0.23660262891809908,0.38266557645134913,234,989,4.226495726495727,69.58212214708328,318.31426958982996,4.574655957128967,0.29735949635505676,0.39109253348448336,0.6198248863220215,0.011835450337941165,0.0005647070467686849,0.0017480395578813419,0.13541248172045073,0.13541248172045073,60.0,90.0,30.0,60.0,130.0,330.0,315.0,0.0007462784218416157,0.027318096965960416,0.013170528489916539,3.108848808679799,0.9202485762370853,0.12951683393911528,0.013170528489916539,0.023933566410752755,60.0,30.0,40.0,-20.0,20.0,100.0,10.0,10.0,60.0,30.0,30.0,230.0,170.0,170.0,170.0,40.0,40.0,405.0,315.0,75.0
E09B-1,sample_000363,samples/sample_000363.npz,sample_000363_prediction.npz,0.0007899627089500427,0.002596817212179303,0.32264610918484954,0.04956629491945477,0.09445100354191263,40,807,20.175,32.65535354614258,259.4073439089466,7.943792234323831,0.8163838386535645,0.45981480479240416,0.7729353904724121,0.12758599206042454,0.0007383482480293198,0.0072850028000422465,-2.4131335939851795,2.4131335939851795,80.0,100.0,20.0,40.0,50.0,260.0,325.0,0.0005746432811558797,0.02397171836051558,0.011694481953049054,6.487718459331497,0.9444857252941795,0.13204183060567998,0.011694481953049054,0.020925639130160153,80.0,20.0,50.0,-30.0,30.0,130.0,30.0,30.0,80.0,60.0,60.0,220.0,180.0,180.0,110.0,60.0,60.0,310.0,335.0,50.99019513592785
E09B-1,sample_000263,samples/sample_000263.npz,sample_000263_prediction.npz,0.00046610887511633337,0.0027022541034966707,0.7490909469321506,0.1954498448810755,0.32698961937716264,189,967,5.116402116402116,76.96506553888321,342.39815425567554,4.448747647498513,0.40722256898880005,0.5364671917188735,0.7210402488708496,0.024771967135712097,0.0004192882787425397,0.0018835018449770743,-1.2682360100662322,1.2682360100662322,30.0,60.0,30.0,70.0,90.0,225.0,195.0,0.0010181817860700053,0.03190896090552003,0.015175082459964725,2.0713712574903487,0.9036979038390767,0.17192235955783713,0.015175082459964725,0.028069532564744933,30.0,30.0,20.0,-10.0,10.0,70.0,10.0,10.0,50.0,20.0,20.0,350.0,280.0,280.0,270.0,180.0,180.0,335.0,265.0,130.38404810405297
E09B-1,sample_000442,samples/sample_000442.npz,sample_000442_prediction.npz,0.0013448192039504647,0.0042868247255682945,0.5343169703514058,0.08710217755443886,0.16024653312788906,104,1194,11.48076923076923,94.6843991279602,472.3569654114388,4.988751787642197,0.910426914691925,0.7001409691113692,0.8056001663208008,0.04593385311286594,0.0012975966320360774,0.006266381988703382,2.7344836745850856,2.7344836745850856,30.0,50.0,20.0,130.0,40.0,385.0,210.0,0.002930442147098564,0.05413355841895639,0.021508326824380794,2.716453511570042,0.9400300805772416,0.3556885983813207,0.021508326824380794,0.04967729888303293,30.0,20.0,0.0,-30.0,30.0,90.0,40.0,40.0,90.0,70.0,70.0,390.0,260.0,260.0,190.0,150.0,150.0,445.0,265.0,81.39410298049853
E09B-1,sample_001230,samples/sample_001230.npz,sample_001230_prediction.npz,0.0012824846198782325,0.005281826946884394,0.8543530248232627,0.36269963936115407,0.5323251417769376,704,1941,2.757102272727273,288.421838760376,804.4628794141212,2.7891885124637796,0.40969011187553406,0.6122858117927205,0.8594324588775635,0.0574958028537738,0.0008770115356268541,0.0008488998584967022,0.7686965754996962,0.7686965754996962,20.0,60.0,40.0,110.0,160.0,475.0,420.0,0.004155739564408582,0.0644650259009378,0.0289451543821063,1.2303339545172098,0.9621759454634855,0.2970380117559983,0.0289451543821063,0.05760136805844644,20.0,40.0,20.0,0.0,0.0,90.0,30.0,30.0,70.0,30.0,30.0,320.0,210.0,210.0,320.0,160.0,160.0,480.0,480.0,60.207972893961475
E09B-1,sample_001272,samples/sample_001272.npz,sample_001272_prediction.npz,0.002221462782472372,0.004831354599446058,0.7501156241865082,0.33035099793530626,0.4966373512674599,480,1453,3.027083333333333,406.4982604980469,799.8330496377006,1.967617398061519,0.8468713760375977,0.7618643951291839,0.8430806994438171,0.011646570647095232,0.0021752159780343153,0.0019990750962050417,-3.39840790138976,3.39840790138976,80.0,130.0,50.0,60.0,160.0,320.0,200.0,0.0014702331659043834,0.038343619624448384,0.019443333868938442,1.0205532026810467,0.9993881406399348,0.1988327476384939,0.019443333868938442,0.033048296990395354,80.0,50.0,50.0,-30.0,30.0,160.0,30.0,30.0,110.0,60.0,60.0,120.0,60.0,60.0,190.0,30.0,30.0,330.0,205.0,11.180339887498949
E09B-1,sample_001600,samples/sample_001600.npz,sample_001600_prediction.npz,0.0009851875947788358,0.0029698770958930254,0.8877361575202866,0.5735963581183612,0.7290260366441659,756,1318,1.7433862433862435,485.2165160179138,747.0834737484707,1.5396909402005785,0.6418207883834839,0.6875999972973236,0.8067352175712585,0.010610332494838193,0.0009105924462500971,0.0005676378513895656,-3.9211371907009607,3.9211371907009607,80.0,150.0,70.0,120.0,90.0,380.0,275.0,0.0006103879785373388,0.024706031217849193,0.012847206427101118,0.5856676360155652,0.9990912963410529,0.1281902695097184,0.012847206427101118,0.0211030155560003,80.0,70.0,60.0,-20.0,20.0,160.0,10.0,10.0,100.0,30.0,30.0,190.0,70.0,70.0,130.0,40.0,40.0,395.0,275.0,15.0
E09B-1,sample_000593,samples/sample_000593.npz,sample_000593_prediction.npz,0.0016402918845415115,0.00450518261641264,0.9087412852226934,0.599290780141844,0.7494456762749445,1183,1974,1.668639053254438,860.1984516978264,1273.5466375047854,1.4805265401153749,0.7271330952644348,0.7953381157737612,0.9020541310310364,0.011926708332439669,0.0015149965080953963,0.00044556840075579766,-1.623569016884531,1.623569016884531,70.0,140.0,70.0,130.0,130.0,225.0,205.0,0.0015407889816602463,0.03925288501066191,0.02013670072102685,0.49567100185397794,0.9996304310457973,0.19320561379626944,0.02013670072102685,0.033694246774962085,70.0,70.0,50.0,-20.0,20.0,160.0,20.0,20.0,110.0,40.0,40.0,170.0,40.0,40.0,170.0,40.0,40.0,225.0,205.0,0.0
E09B-1,sample_000367,samples/sample_000367.npz,sample_000367_prediction.npz,0.0003254537296015769,0.0015321122482419014,0.4479055057536992,0.11786372007366483,0.21087314662273476,64,543,8.484375,18.23250961303711,168.11907998113426,9.2208414282651,0.28488296270370483,0.3529506002087146,0.5676116943359375,0.009087192626083738,0.0003197457645039876,0.0018060048195429708,-0.35033348104989415,0.35033348104989415,40.0,60.0,20.0,40.0,80.0,310.0,490.0,0.00036032681360902006,0.01898227630209349,0.008175335854662359,5.443969090576741,0.661543855439846,0.09485315536784956,0.008175335854662359,0.017131570192848406,40.0,20.0,30.0,-10.0,10.0,80.0,20.0,20.0,50.0,30.0,30.0,270.0,230.0,230.0,200.0,120.0,120.0,415.0,540.0,116.29703349613007
E09B-1,sample_000985,samples/sample_000985.npz,sample_000985_prediction.npz,0.001714092679321766,0.005672863218933344,0.9095926280877941,0.5240641711229946,0.6877192982456141,1078,2057,1.9081632653061225,707.4556195735931,1259.1296153238932,1.7798001464499105,0.6562668085098267,0.8055183886375852,0.9328811168670654,0.0283559906409117,0.001418698890119135,0.0005000099105845337,0.11127663291664192,0.11127663291664192,30.0,100.0,70.0,110.0,140.0,475.0,280.0,0.005053621022816994,0.07108882487998373,0.02941067707552214,0.7230144270360573,0.9983484883767886,0.4181311808653674,0.02941067707552214,0.06471965000505142,30.0,70.0,0.0,-30.0,30.0,140.0,40.0,40.0,140.0,70.0,70.0,220.0,110.0,110.0,220.0,80.0,80.0,480.0,300.0,20.615528128088304
E09B-1,sample_000252,samples/sample_000252.npz,sample_000252_prediction.npz,0.0005171268130652606,0.0027337123174220324,0.5328453114134032,0.11627906976744186,0.20833333333333334,120,1032,8.6,49.82417106628418,314.1160080617367,6.304490397719788,0.41520142555236816,0.40988202256460987,0.5103450417518616,0.002103042692216989,0.0005151885152481103,0.00347021719958365,1.1999007864023241,1.1999007864023241,40.0,60.0,20.0,150.0,40.0,285.0,330.0,0.001018600188757439,0.031915516426300215,0.014839835182137533,3.713731194660098,0.9097193195356468,0.1671365921284578,0.014839835182137533,0.02825560971779643,40.0,20.0,30.0,-10.0,10.0,80.0,20.0,20.0,50.0,30.0,30.0,380.0,230.0,230.0,200.0,160.0,160.0,390.0,390.0,120.93386622447825
E09B-1,sample_000452,samples/sample_000452.npz,sample_000452_prediction.npz,0.000684309983626008,0.002892146585509181,0.8325999214178407,0.3834808259587021,0.5543710021321961,520,1356,2.6076923076923078,301.9148325920105,537.0542664628686,1.7788270349360784,0.5806054472923279,0.5382081308617042,0.6589767336845398,0.004610171679599827,0.0006634329061713567,0.0021320396789952204,1.8954764818926861,1.8954764818926861,50.0,90.0,40.0,130.0,100.0,245.0,400.0,0.0007751897826941985,0.027842230203311634,0.012441030791730073,0.7067732428509733,0.9988164458009402,0.1595876151114971,0.012441030791730073,0.024908041583661746,50.0,40.0,30.0,-20.0,20.0,120.0,30.0,30.0,90.0,50.0,50.0,170.0,40.0,40.0,150.0,50.0,50.0,245.0,405.0,5.0
E09B-1,sample_001622,samples/sample_001622.npz,sample_001622_prediction.npz,0.00038112548645585775,0.002791874809190631,0.9031363443519753,0.6643598615916955,0.7983367983367984,960,1445,1.5052083333333333,321.500244140625,570.8154892608745,1.7754745125829468,0.3348960876464844,0.39652282868822414,0.5981298089027405,0.009914908339126978,0.00028710398504828494,0.0003900637114968742,-1.7025927347794152,1.7025927347794152,30.0,110.0,80.0,80.0,150.0,170.0,295.0,0.0008282646593422837,0.028779587546424006,0.013336024863317463,0.6627244637936897,0.9935659100111385,0.17190084288175012,0.013336024863317463,0.025503237053112728,30.0,80.0,20.0,-10.0,10.0,130.0,20.0,20.0,110.0,30.0,30.0,370.0,290.0,290.0,220.0,70.0,70.0,275.0,320.0,107.93516572461452
E09B-1,sample_001585,samples/sample_001585.npz,sample_001585_prediction.npz,0.001026882790029049,0.002686216728761792,0.6470939668486045,0.15319148936170213,0.2656826568265683,108,705,6.527777777777778,87.97479701042175,349.7992530866507,3.9761302665490943,0.8145814538002014,0.8208287689420912,0.8877386450767517,0.0011569641383426944,0.0010267396638332447,0.002441093982239227,1.0694816122012867,1.0694816122012867,30.0,60.0,30.0,60.0,60.0,420.0,460.0,0.0017192510663697287,0.04146385252686644,0.014593941368077203,2.2147123462179263,0.9799512835678078,0.3577070324133518,0.014593941368077203,0.03881066788545198,30.0,30.0,0.0,-30.0,30.0,90.0,30.0,30.0,90.0,60.0,60.0,290.0,230.0,230.0,200.0,140.0,140.0,495.0,490.0,80.77747210701756
E09B-1,sample_000222,samples/sample_000222.npz,sample_000222_prediction.npz,0.0023438893258571625,0.005634439643472433,0.8360605568179965,0.4320078546882671,0.6033596160438807,880,2037,2.3147727272727274,741.6331243515015,1174.0914523956772,1.5831162522875792,0.8427649140357971,0.7777255913412029,0.8975927233695984,0.012339077172248384,0.002253605987122753,0.0019349445869137017,1.2262122206867474,1.2262122206867474,60.0,110.0,50.0,160.0,110.0,470.0,245.0,0.00213013171162864,0.046153349950232646,0.021476007219943437,0.5757559436157593,0.9993463738041949,0.24459016331505135,0.021476007219943437,0.04085232949927797,60.0,50.0,30.0,-30.0,30.0,150.0,40.0,40.0,120.0,70.0,70.0,190.0,30.0,30.0,180.0,70.0,70.0,475.0,270.0,25.495097567963924
E09B-1,sample_001459,samples/sample_001459.npz,sample_001459_prediction.npz,0.0004362492763902992,0.001641852897591889,0.6651612699007572,0.17892644135188868,0.30354131534569984,90,503,5.588888888888889,68.3198869228363,200.73814006999513,2.9382094893792523,0.7591098546981812,0.598096251156595,0.704463541507721,0.028847436953716027,0.0004102142294524744,0.009069950698867622,0.06438321368005262,0.06438321368005262,50.0,70.0,20.0,50.0,90.0,295.0,495.0,0.0003413848323024667,0.018476602293237433,0.007093931377930225,1.692232993772195,0.9883076383913632,0.13630804979610037,0.007093931377930225,0.01706050907527919,50.0,20.0,30.0,-20.0,20.0,100.0,30.0,30.0,70.0,50.0,50.0,200.0,150.0,150.0,210.0,120.0,120.0,360.0,535.0,76.32168761236873
E09B-1,sample_001967,samples/sample_001967.npz,sample_001967_prediction.npz,0.0009113007690757513,0.003910707775503397,0.3768129616852615,0.050597329585382995,0.09632107023411371,72,1423,19.76388888888889,34.3732488155365,414.65862065624344,12.063410790219523,0.47740623354911804,0.45393795064753956,0.6215932965278625,0.0020710202749825526,0.0009104507721497532,0.0008350009506269173,2.925244751019555,2.925244751019555,20.0,40.0,20.0,90.0,40.0,195.0,120.0,0.0023138570534374445,0.04810256805449627,0.02226580731438803,4.953019081523355,0.5802093395027081,0.20088339528142357,0.02226580731438803,0.04263907689052365,20.0,20.0,20.0,0.0,0.0,70.0,30.0,30.0,50.0,30.0,30.0,410.0,320.0,320.0,320.0,280.0,280.0,285.0,240.0,150.0
E09B-1,sample_001694,samples/sample_001694.npz,sample_001694_prediction.npz,0.0009495352278463542,0.00267928303219378,0.769146936672988,0.3181818181818182,0.4827586206896552,315,990,3.142857142857143,200.4263225197792,455.9954347642635,2.2751274834135784,0.6362740397453308,0.6560837485487498,0.7562037706375122,0.002833600800860241,0.0009434785322726395,0.001504679404725768,0.8554467117939168,0.8554467117939168,50.0,100.0,50.0,90.0,70.0,305.0,215.0,0.0010414211446342328,0.03227105738326888,0.013458075767341607,1.2214827278551417,0.9982618104310089,0.21585329515631563,0.013458075767341607,0.029330893973329993,50.0,50.0,30.0,-20.0,20.0,130.0,30.0,30.0,100.0,50.0,50.0,130.0,40.0,40.0,120.0,50.0,50.0,305.0,220.0,5.0
E09B-1,sample_001125,samples/sample_001125.npz,sample_001125_prediction.npz,0.0010785245103761554,0.0030491871293634176,0.5544275288103332,0.10946408209806158,0.197327852004111,96,877,9.135416666666666,81.36629676818848,351.43027450333636,4.3191135453117235,0.8475655913352966,0.6929648990432421,0.7469667196273804,0.024773345692465625,0.0010553624012895452,0.00811562182526116,2.42437934236456,2.42437934236456,60.0,80.0,20.0,80.0,60.0,450.0,180.0,0.0010748134105489473,0.032784347035573966,0.013910814413273966,2.8847199391977734,0.9809128596475205,0.20743995498968393,0.013910814413273966,0.029686742039307656,60.0,20.0,40.0,-20.0,20.0,110.0,30.0,30.0,70.0,50.0,50.0,250.0,170.0,170.0,110.0,50.0,50.0,505.0,185.0,55.226805085936306
E09B-1,sample_001461,samples/sample_001461.npz,sample_001461_prediction.npz,0.0006699208752252162,0.0022630610037595034,0.8627055446421416,0.41612483745123535,0.5876951331496786,320,769,2.403125,154.81274604797363,375.05100889921005,2.4226106601260637,0.4837898313999176,0.6902253328822553,0.8522515296936035,0.053106448133606446,0.0004986716056857992,0.0003885398786789487,-2.5172228805286494,2.5172228805286494,40.0,120.0,80.0,50.0,80.0,365.0,240.0,0.0008361805419095381,0.028916786507313327,0.01165399643264671,1.424785425270577,0.9984312224463231,0.2156981288362893,0.01165399643264671,0.026464408345122627,40.0,80.0,30.0,-10.0,10.0,140.0,20.0,20.0,110.0,30.0,30.0,90.0,40.0,40.0,160.0,80.0,80.0,365.0,250.0,10.0
E09B-2,sample_000796,samples/sample_000796.npz,sample_000796_prediction.npz,0.0003984346112702042,0.002788841724395752,0.877550127628762,0.4525455688246386,0.6231068801384682,720,1591,2.209722222222222,233.237042427063,500.22268781348754,2.1446965825332627,0.32394033670425415,0.4027533146656222,0.5770969390869141,0.011573623099834224,0.00031598115657771765,0.0018023333309129114,1.4411075709468193,1.4411075709468193,40.0,70.0,30.0,150.0,160.0,175.0,170.0,0.0010472855092736693,0.03236179088483314,0.01432148491694027,0.9863917602327433,0.9928088904186348,0.15006800798205994,0.01432148491694027,0.02902034767275405,40.0,30.0,30.0,-10.0,10.0,90.0,20.0,20.0,60.0,30.0,30.0,260.0,110.0,110.0,300.0,140.0,140.0,160.0,170.0,15.0
E09B-2,sample_001763,samples/sample_001763.npz,sample_001763_prediction.npz,0.00032284457120113075,0.0012334698112681508,0.8911390370263615,0.5426356589147286,0.7035175879396985,280,516,1.8428571428571427,142.34578132629395,258.8459510287431,1.8184307860546998,0.5083777904510498,0.6228051702891078,0.7870981097221375,0.02264203612475565,0.00025909109796484953,0.0005035699433985739,-0.8362951242545336,0.8362951242545336,40.0,110.0,70.0,80.0,50.0,510.0,495.0,0.00026176892368203315,0.016179274510373855,0.005884821076325556,0.8254496953091922,0.9988389501682056,0.13538881549368698,0.005884821076325556,0.015071091685132423,40.0,70.0,30.0,-10.0,10.0,130.0,20.0,20.0,100.0,30.0,30.0,130.0,50.0,50.0,100.0,50.0,50.0,495.0,490.0,15.811388300841896
E09B-2,sample_000998,samples/sample_000998.npz,sample_000998_prediction.npz,0.0006089240196160972,0.0029394885059446096,0.7817901505985293,0.34710743801652894,0.5153374233128835,462,1331,2.880952380952381,163.88124418258667,443.40194373216855,2.7056295913775017,0.3547213077545166,0.43972941926676473,0.6442947387695312,0.016284501336742814,0.0005349055362067621,0.002242113241396356,-0.48503796269180555,0.48503796269180555,80.0,110.0,30.0,110.0,140.0,235.0,380.0,0.0006675149278079669,0.02583631025916756,0.014009497441338921,1.5874236478224861,0.995712131706399,0.11269737864661614,0.014009497441338921,0.021708268223169833,80.0,30.0,70.0,-10.0,10.0,140.0,30.0,30.0,70.0,40.0,40.0,210.0,100.0,100.0,230.0,90.0,90.0,255.0,365.0,25.0
E09B-2,sample_001629,samples/sample_001629.npz,sample_001629_prediction.npz,0.0007785644265823066,0.0026842958759516478,0.8595074684977254,0.47592067988668557,0.6449136276391555,504,1059,2.1011904761904763,287.289128780365,527.0956823802808,1.834721991110391,0.5700181126594543,0.6449622139925995,0.8331437110900879,0.019954313795932974,0.0006797446715076857,0.0006594666833497196,-1.8803218748297468,1.8803218748297468,70.0,130.0,60.0,60.0,140.0,440.0,210.0,0.0005484587973443781,0.023419197196837854,0.011791224875637048,0.8282095967215222,0.9990915087488461,0.12243456221870008,0.011791224875637048,0.02023427323321834,70.0,60.0,60.0,-10.0,10.0,140.0,10.0,10.0,80.0,20.0,20.0,130.0,70.0,70.0,200.0,60.0,60.0,445.0,200.0,11.180339887498949
E09B-2,sample_001922,samples/sample_001922.npz,sample_001922_prediction.npz,0.0018711459124460816,0.004432575311511755,0.8502654363400017,0.4664179104477612,0.6361323155216285,750,1608,2.144,600.9497344493866,993.6728211320026,1.6535040522855777,0.8012663125991821,0.8036315302054088,0.9123306274414062,0.004510821897597021,0.00185085191656501,0.001219712860054975,1.4605799785787212,1.4605799785787212,60.0,110.0,50.0,150.0,100.0,455.0,270.0,0.0015959004572121335,0.03994872284832312,0.01974306772194377,0.6053168177513282,0.9988453377716746,0.19343468296920763,0.01974306772194377,0.034729119397688094,60.0,50.0,40.0,-20.0,20.0,140.0,30.0,30.0,100.0,50.0,50.0,240.0,90.0,90.0,130.0,30.0,30.0,480.0,275.0,25.495097567963924
E09B-2,sample_001409,samples/sample_001409.npz,sample_001409_prediction.npz,0.0013431706465780735,0.0026651325169950724,0.7604107106203246,0.27020506634499397,0.4254510921177588,224,829,3.700892857142857,206.4456329345703,456.86606693503035,2.2130091125726397,0.9216322898864746,0.8999498997415815,0.9590827822685242,0.001952650368006102,0.0013417786559833968,0.00038912631013407283,-0.1093198463014815,0.1093198463014815,20.0,90.0,70.0,40.0,80.0,480.0,290.0,0.0014623770456542093,0.0382410387627508,0.013783849222053479,0.9741034114755354,0.9902953491902117,0.3109796308484509,0.013783849222053479,0.03567047162959729,20.0,70.0,0.0,-20.0,20.0,110.0,20.0,20.0,110.0,40.0,40.0,230.0,190.0,190.0,310.0,230.0,230.0,435.0,365.0,87.46427842267951
E09B-2,sample_000992,samples/sample_000992.npz,sample_000992_prediction.npz,0.0005800889921374619,0.0029234725516289473,0.9514757651144135,0.527536231884058,0.6907020872865275,728,1380,1.8956043956043955,443.7051453590393,725.9979962777899,1.6362172128752837,0.6094850897789001,0.7500379715974514,0.8493372797966003,0.024118223571399772,0.00040447453893482314,0.0002844371941314046,-0.9467437026186829,0.9467437026186829,20.0,100.0,80.0,70.0,130.0,395.0,215.0,0.0018734972260071418,0.043283914171515746,0.015468282164466947,0.6088218588819572,0.9984224295357813,0.32443726723571054,0.015468282164466947,0.04042560417467593,20.0,80.0,0.0,-20.0,20.0,130.0,30.0,30.0,130.0,50.0,50.0,230.0,160.0,160.0,150.0,20.0,20.0,385.0,215.0,10.0
E09B-2,sample_002128,samples/sample_002128.npz,sample_002128_prediction.npz,0.0002933318610303104,0.0014759832993149757,0.7884071432131263,0.3421461897356143,0.5098493626882966,220,643,2.922727272727273,101.6027420759201,229.64824962976076,2.2602564156995077,0.46183064579963684,0.46447398649020627,0.5810958743095398,0.007104631941385518,0.00027805425807325576,0.0012339294096538574,0.37561780131522937,0.37561780131522937,60.0,100.0,40.0,50.0,110.0,295.0,285.0,0.0002015284948871463,0.014196073220688398,0.006708515740077341,1.1387693703801927,0.9964088314413779,0.07799428260203947,0.006708515740077341,0.012510967646520429,60.0,40.0,50.0,-10.0,10.0,120.0,20.0,20.0,70.0,30.0,30.0,140.0,90.0,90.0,190.0,80.0,80.0,310.0,275.0,18.027756377319946
E09B-2,sample_001888,samples/sample_001888.npz,sample_001888_prediction.npz,0.001518282457254827,0.0031213730107992887,0.7844222167892462,0.37649402390438247,0.5470332850940666,378,1004,2.6560846560846563,311.36883294582367,589.4065709889727,1.8929530146375504,0.8237270712852478,0.7961611571923766,0.8920034170150757,0.005482728087481708,0.0015029794136799117,0.0005152246364686573,-0.12014172123609512,0.12014172123609512,70.0,140.0,70.0,90.0,60.0,355.0,480.0,0.0007051423284346214,0.026554516158925234,0.01327610225470358,0.8757422672919039,0.9981057749934804,0.14953467711226393,0.01327610225470358,0.02299755285584264,70.0,70.0,50.0,-20.0,20.0,160.0,20.0,20.0,110.0,40.0,40.0,160.0,70.0,70.0,130.0,70.0,70.0,340.0,475.0,15.811388300841896
E09B-2,sample_001536,samples/sample_001536.npz,sample_001536_prediction.npz,0.0014368826523423195,0.0032544611021876335,0.7649037422304278,0.2839756592292089,0.4423380726698262,280,986,3.5214285714285714,223.28286409378052,543.2015568636928,2.4327955442005793,0.7974388003349304,0.8431143637214388,0.8905636072158813,0.002475884752787546,0.0014339148153891912,0.0019685246852578294,2.25517840565346,2.25517840565346,40.0,80.0,40.0,70.0,100.0,455.0,380.0,0.0019719193612792773,0.044406298666735074,0.017309971869182924,1.2620194809055059,0.9927250699441529,0.29936378885411685,0.017309971869182924,0.04089357205194201,40.0,40.0,20.0,-20.0,20.0,110.0,30.0,30.0,90.0,50.0,50.0,200.0,130.0,130.0,190.0,90.0,90.0,430.0,375.0,25.495097567963924
E09B-2,sample_000503,samples/sample_000503.npz,sample_000503_prediction.npz,0.0008254987187683582,0.0023052049800753593,0.6162051471296003,0.144,0.2517482517482518,90,625,6.944444444444445,83.0135428905487,274.5466276614902,3.3072510593057465,0.9223726987838745,0.7274959637059106,0.7759768962860107,0.03871236042459276,0.0007907804829207215,0.004574625227605218,1.8589592602405816,1.8589592602405816,70.0,90.0,20.0,90.0,50.0,415.0,505.0,0.0004500960737148886,0.02121546779392075,0.009602384650354146,2.0733363365290627,0.995118737385026,0.12127028394622252,0.009602384650354146,0.018917988337598998,70.0,20.0,60.0,-10.0,10.0,110.0,20.0,20.0,50.0,30.0,30.0,190.0,100.0,100.0,140.0,90.0,90.0,425.0,490.0,18.027756377319946
E09B-2,sample_001208,samples/sample_001208.npz,sample_001208_prediction.npz,0.0005749650881625712,0.0020504083950072527,0.7902646825947142,0.2393617021276596,0.38626609442060084,180,752,4.177777777777778,107.92141556739807,307.94406995317496,2.853410218297782,0.5995634198188782,0.7090717511044609,0.8072336912155151,0.01678520324876514,0.0005452288158635765,0.0008593061740686434,0.3678546953730546,0.3678546953730546,20.0,70.0,50.0,40.0,90.0,250.0,475.0,0.001105007631497804,0.033241655065562,0.011257959180702949,1.4294318976562363,0.979711043681507,0.25828043559374775,0.011257959180702949,0.03127724390964508,20.0,50.0,0.0,-20.0,20.0,100.0,30.0,30.0,100.0,50.0,50.0,210.0,170.0,170.0,180.0,90.0,90.0,195.0,480.0,55.226805085936306
E09B-2,sample_000155,samples/sample_000155.npz,sample_000155_prediction.npz,0.0006120187463238835,0.0022998678032308817,0.7235919357217957,0.2959309494451295,0.45670789724072314,240,811,3.379166666666667,82.30671644210815,308.0863985518328,3.7431501567497314,0.3429446518421173,0.4994482065240542,0.6505781412124634,0.03529055661839693,0.0005271471575258955,0.0017012012068147785,-0.4266113234784825,0.4266113234784825,70.0,110.0,40.0,60.0,100.0,340.0,440.0,0.0005210282584347308,0.022826043424884892,0.01144038286511673,2.5139725963628536,0.9890436825715034,0.11596616939078777,0.01144038286511673,0.019752111237391165,70.0,40.0,70.0,0.0,0.0,120.0,10.0,10.0,50.0,10.0,10.0,170.0,110.0,110.0,180.0,80.0,80.0,355.0,420.0,25.0
E09B-2,sample_000172,samples/sample_000172.npz,sample_000172_prediction.npz,0.00026935749338008463,0.0013652319321408868,0.7131038593383096,0.23414634146341465,0.3794466403162055,144,615,4.270833333333333,66.12655019760132,192.72970874558516,2.914558648071985,0.45921215415000916,0.43574866238567567,0.5039987564086914,0.0014305869780605453,0.00026765397526947013,0.003381620205680568,0.9097551495801497,0.9097551495801497,60.0,80.0,20.0,90.0,80.0,445.0,390.0,0.00022260815093854506,0.0149200586774498,0.006697152344451003,1.6526989972733455,0.9901817782526068,0.08002675468642897,0.006697152344451003,0.013332527945358282,60.0,20.0,50.0,-10.0,10.0,90.0,10.0,10.0,40.0,20.0,20.0,170.0,80.0,80.0,170.0,90.0,90.0,435.0,375.0,18.027756377319946
E09B-2,sample_000676,samples/sample_000676.npz,sample_000676_prediction.npz,0.0005651796236634254,0.0025304974988102913,0.5270039504399544,0.19514661274014156,0.32656514382402707,196,986,5.030612244897959,93.86811804771423,278.43828183656854,2.9662710580288314,0.47891896963119507,0.3151744723852192,0.43588751554489136,0.034251569190137165,0.0004978810476507053,0.0013319484399423557,-9.892123577963986,9.892123577963986,80.0,150.0,70.0,70.0,40.0,265.0,450.0,0.00029228871303338454,0.01709645322964341,0.00901359374059757,2.0209780565177202,0.9965864958445912,0.08150825792632421,0.00901359374059757,0.014527348034408923,80.0,70.0,70.0,-10.0,10.0,160.0,10.0,10.0,90.0,20.0,20.0,190.0,120.0,120.0,140.0,100.0,100.0,275.0,440.0,14.142135623730951
E09B-2,sample_000167,samples/sample_000167.npz,sample_000167_prediction.npz,0.000382776721380651,0.002209513681009412,0.7348531626673658,0.3618421052631579,0.5314009661835749,385,1064,2.7636363636363637,162.68452391028404,302.0066031672081,1.8563941787957425,0.42255720496177673,0.32141179752040216,0.3874121904373169,0.012366611613301439,0.0003356584278143156,0.0006666537199922848,-4.728782149412837,4.728782149412837,80.0,150.0,70.0,50.0,110.0,445.0,445.0,0.0001510062121577696,0.012288458493959672,0.006611517840174391,0.8549731790069218,0.9983863980250897,0.054544983893671406,0.006611517840174391,0.010358283835019457,80.0,70.0,70.0,-10.0,10.0,160.0,10.0,10.0,90.0,20.0,20.0,170.0,120.0,120.0,180.0,70.0,70.0,445.0,440.0,5.0
E09B-2,sample_000352,samples/sample_000352.npz,sample_000352_prediction.npz,0.0005715396837331355,0.002348736161366105,0.9127185065424144,0.5814977973568282,0.7353760445682451,792,1362,1.7196969696969697,481.7146625518799,665.174519912008,1.3808475672885914,0.6082255840301514,0.5967795799175898,0.7547277212142944,0.003884048863512218,0.0005446351940951505,0.0006089479992483219,-2.446135640653253,2.446135640653253,40.0,120.0,80.0,90.0,110.0,345.0,285.0,0.0007115555278306734,0.026674998178644237,0.009851478903210904,0.44622314360658977,0.998043323130607,0.20248830635689008,0.009851478903210904,0.02478918899944619,40.0,80.0,20.0,-20.0,20.0,140.0,20.0,20.0,120.0,40.0,40.0,130.0,40.0,40.0,120.0,10.0,10.0,335.0,290.0,11.180339887498949
E09B-2,sample_001467,samples/sample_001467.npz,sample_001467_prediction.npz,0.0008310398552566767,0.0028379829600453377,0.8606972575514193,0.47257383966244726,0.6418338108882522,560,1185,2.1160714285714284,347.71613597869873,584.6400218206331,1.6813715595195975,0.6209216713905334,0.646374316087791,0.8044533729553223,0.013113742775750361,0.0007606692056692159,0.0003669703368394316,-3.4787352651607932,3.4787352651607932,70.0,150.0,80.0,50.0,140.0,355.0,200.0,0.0004922517099962277,0.022186746268802637,0.011556508278773383,0.6975116447868877,0.9996859297822108,0.11352964380350705,0.011556508278773383,0.01893934598656643,70.0,80.0,60.0,-10.0,10.0,160.0,10.0,10.0,100.0,20.0,20.0,150.0,100.0,100.0,200.0,60.0,60.0,345.0,190.0,14.142135623730951
E09B-2,sample_002010,samples/sample_002010.npz,sample_002010_prediction.npz,0.0014274712884798646,0.0038115179631859064,0.6347081771062886,0.15627906976744185,0.27031375703942073,168,1075,6.398809523809524,156.31246948242188,464.98531142197737,2.974716687425038,0.9304313659667969,0.733959249442532,0.8081901669502258,0.04015061649974311,0.0013611808970884435,0.006028598648237026,0.9565176050278694,0.9565176050278694,80.0,100.0,20.0,60.0,140.0,170.0,470.0,0.0009179761230524037,0.03029812078417412,0.015077290030676949,1.8232421313638139,0.9953096807137686,0.1498495801321118,0.015077290030676949,0.026280248255738627,80.0,20.0,60.0,-20.0,20.0,130.0,30.0,30.0,70.0,50.0,50.0,170.0,110.0,110.0,220.0,80.0,80.0,195.0,460.0,26.92582403567252
E09B-2,sample_002098,samples/sample_002098.npz,sample_002098_prediction.npz,0.0008682864718139172,0.0035179888363927603,0.855570721121427,0.46075085324232085,0.6308411214953271,810,1758,2.1703703703703705,470.3172558546066,730.9030751887702,1.554063913433618,0.580638587474823,0.5330219245251314,0.7425180673599243,0.0052065454268827565,0.0008322433153132339,0.0014196617358255446,4.620204972527915,4.620204972527915,40.0,100.0,60.0,150.0,90.0,325.0,305.0,0.0008708172384883922,0.029509612645515906,0.013586728962937866,0.47936280153767324,0.9977126550570913,0.17583813581782926,0.013586728962937866,0.026195763676137743,40.0,60.0,20.0,-20.0,20.0,140.0,40.0,40.0,120.0,60.0,60.0,220.0,70.0,70.0,160.0,70.0,70.0,300.0,310.0,25.495097567963924
E09B-2,sample_001451,samples/sample_001451.npz,sample_001451_prediction.npz,0.0002857981889974326,0.0017078639939427376,0.8089238644567187,0.5006657789613849,0.6672582076308784,392,735,1.875,94.30146908760071,242.4995496211142,2.571535225987263,0.2405649721622467,0.34188901789828524,0.5856114029884338,0.032586676570350165,0.0001564785401785831,0.0022632712377303457,-6.347783219133227,6.347783219133227,20.0,90.0,70.0,80.0,70.0,390.0,335.0,0.0005663586059801415,0.023798289980167513,0.008487517009919815,1.378765017295501,0.984795228594289,0.19034790259720347,0.008487517009919815,0.02223332321058782,20.0,70.0,20.0,0.0,0.0,90.0,0.0,0.0,70.0,0.0,0.0,250.0,170.0,170.0,210.0,140.0,140.0,325.0,335.0,65.0
E09B-2,sample_000316,samples/sample_000316.npz,sample_000316_prediction.npz,0.00027166548534296453,0.001373707433231175,0.7084041742744015,0.16563146997929606,0.2841918294849023,80,483,6.0375,23.076975345611572,157.61152900683493,6.829817454253471,0.28846219182014465,0.5276457408443094,0.7377320528030396,0.07723587877551215,0.00020898084408789582,0.0027521319812640367,-1.9538602707215773,1.9538602707215773,20.0,60.0,40.0,50.0,40.0,475.0,350.0,0.0005186771249951091,0.022774484077473834,0.007790029142876969,3.9069311912904543,0.9331793284710457,0.18719173998960004,0.007790029142876969,0.021400760989932967,20.0,40.0,20.0,0.0,0.0,70.0,10.0,10.0,50.0,10.0,10.0,240.0,190.0,190.0,230.0,190.0,190.0,430.0,375.0,51.478150704935004
E09B-2,sample_001723,samples/sample_001723.npz,sample_001723_prediction.npz,0.0005681035690940917,0.0022501915227621794,0.8378444233913575,0.38626609442060084,0.5572755417956656,360,932,2.588888888888889,184.5861268043518,405.0492368650632,2.194364462148267,0.5127392411231995,0.5928273967570729,0.6953212022781372,0.00903935365573637,0.0005369668934000734,0.0010359611920361356,-0.5721079706292613,0.5721079706292613,30.0,90.0,60.0,50.0,120.0,255.0,300.0,0.0011997166323197785,0.034636925849731215,0.012152866247336247,1.1700961267206382,0.9982602418817034,0.2818603987628776,0.012152866247336247,0.03243492676566626,30.0,60.0,0.0,-30.0,30.0,120.0,30.0,30.0,120.0,60.0,60.0,170.0,120.0,120.0,180.0,60.0,60.0,245.0,300.0,10.0
E09B-2,sample_001111,samples/sample_001111.npz,sample_001111_prediction.npz,0.0015501381130889058,0.0035188726615160704,0.7956819237298421,0.33980582524271846,0.5072463768115942,385,1133,2.942857142857143,306.5526646375656,648.4084397484663,2.1151616493533782,0.7962406873703003,0.8273887914496583,0.8909173011779785,0.002164965777137298,0.001547720651353584,0.0013252372263531246,1.1579385728423688,1.1579385728423688,40.0,90.0,50.0,70.0,110.0,375.0,255.0,0.0021079054268926746,0.045911931204129,0.018476666095313513,1.0195860868398836,0.9949864072258093,0.3055216863140675,0.018476666095313513,0.042029968318986,40.0,50.0,20.0,-20.0,20.0,120.0,30.0,30.0,100.0,50.0,50.0,200.0,130.0,130.0,170.0,60.0,60.0,360.0,235.0,25.0
E09B-2,sample_000562,samples/sample_000562.npz,sample_000562_prediction.npz,0.0004242803843226284,0.0017741498304530978,0.6997820582165488,0.2524271844660194,0.40310077519379844,156,618,3.9615384615384617,97.30296850204468,229.8668921339711,2.362383138692637,0.6237369775772095,0.48962768262777573,0.5694890022277832,0.019557479073461195,0.0003938693312336062,0.0022946055908559843,-1.6319464171235651,1.6319464171235651,50.0,80.0,30.0,40.0,130.0,490.0,495.0,0.0003124862210229381,0.017677279797042814,0.00699802119669169,1.2603134537867817,0.9933333325496759,0.10735646961275974,0.00699802119669169,0.016233111850584653,50.0,30.0,30.0,-20.0,20.0,90.0,10.0,10.0,60.0,30.0,30.0,100.0,60.0,60.0,210.0,80.0,80.0,480.0,475.0,22.360679774997898
E09B-2,sample_002168,samples/sample_002168.npz,sample_002168_prediction.npz,0.0007789544761180878,0.002444503828883171,0.6232959245082527,0.12222222222222222,0.21782178217821782,88,720,8.181818181818182,75.48128128051758,294.5947654065104,3.902885065128698,0.8577418327331543,0.7373382604934953,0.8043951392173767,0.015948452051217685,0.000765362878143504,0.006102549764514632,3.549641097619457,3.549641097619457,30.0,50.0,20.0,110.0,40.0,415.0,420.0,0.00128125537387942,0.03579462772371603,0.01246699772068722,2.171073896528601,0.9832900428440825,0.2835162521229809,0.01246699772068722,0.03355338048113483,30.0,20.0,20.0,-10.0,10.0,80.0,30.0,30.0,60.0,40.0,40.0,240.0,130.0,130.0,210.0,170.0,170.0,390.0,435.0,29.154759474226502
E09B-2,sample_001196,samples/sample_001196.npz,sample_001196_prediction.npz,0.0006343445274978876,0.0017797177424654365,0.6576610673127743,0.18672199170124482,0.3146853146853147,90,482,5.355555555555555,88.26255083084106,208.55787385381961,2.362925973593599,0.9806950092315674,0.6770392331812117,0.7464450001716614,0.09308989775449351,0.0005496213262984877,0.003970088672508949,-0.23214480111241187,0.23214480111241187,50.0,80.0,30.0,60.0,50.0,110.0,525.0,0.00032163286927677445,0.01793412582973518,0.006135316935654568,1.3219481765634633,0.9995739458490116,0.1482699266052267,0.006135316935654568,0.016852025260360982,50.0,30.0,30.0,-20.0,20.0,110.0,30.0,30.0,80.0,50.0,50.0,130.0,70.0,70.0,120.0,70.0,70.0,95.0,520.0,15.811388300841896
E09B-2,sample_001899,samples/sample_001899.npz,sample_001899_prediction.npz,0.000519246852491051,0.0025703338906168938,0.786144476759384,0.38403990024937656,0.554954954954955,462,1203,2.603896103896104,150.69104826450348,391.83834191741016,2.6002761705501447,0.3261711001396179,0.4102755999474814,0.6358264088630676,0.016506638288101127,0.000443755981561942,0.0022351568641473993,-1.2186890518950406,1.2186890518950406,80.0,110.0,30.0,110.0,140.0,165.0,350.0,0.0005098882546405139,0.022580705361890576,0.011943565097313619,1.5103271235752334,0.9959137500490107,0.10066528409689751,0.011943565097313619,0.019163494133553668,80.0,30.0,70.0,-10.0,10.0,130.0,20.0,20.0,60.0,30.0,30.0,210.0,100.0,100.0,210.0,70.0,70.0,185.0,335.0,25.0
E09B-2,sample_000775,samples/sample_000775.npz,sample_000775_prediction.npz,0.0006749408785253763,0.002600056817755103,0.8233878270891699,0.6056475170399221,0.7543966040024257,640,1009,1.5765625,211.01202011108398,418.09446021379443,1.9813774589414155,0.3297062814235687,0.44067179591511374,0.763725757598877,0.04588549434704952,0.0003786724999974899,0.001342340284649155,-4.345042450584188,4.345042450584188,60.0,140.0,80.0,160.0,50.0,440.0,325.0,0.0004240496424831589,0.020592465672744458,0.010387997785480142,0.9876879662583251,0.99938092070116,0.10622941749879139,0.010387997785480142,0.017780302148501827,60.0,80.0,60.0,0.0,0.0,140.0,0.0,0.0,80.0,0.0,0.0,250.0,90.0,90.0,110.0,60.0,60.0,435.0,315.0,11.180339887498949
E09B-2,sample_001971,samples/sample_001971.npz,sample_001971_prediction.npz,0.001047140103764832,0.003000858938321471,0.6327961855994074,0.18845700824499412,0.31714568880079286,160,849,5.30625,147.76297569274902,339.572922240284,2.298092067030208,0.9235185980796814,0.601060856692493,0.7153130769729614,0.10802403181380307,0.0008727403285790841,0.00876408914843195,2.432564719093463,2.432564719093463,50.0,70.0,20.0,160.0,50.0,240.0,195.0,0.0006237549125460582,0.024975085836610414,0.010323256591478544,1.1509335512860321,0.994848393936932,0.15292457735951764,0.010323256591478544,0.022741708068932574,50.0,20.0,30.0,-20.0,20.0,110.0,40.0,40.0,80.0,60.0,60.0,240.0,80.0,80.0,120.0,70.0,70.0,220.0,170.0,32.01562118716424
E09B-2,sample_002064,samples/sample_002064.npz,sample_002064_prediction.npz,0.001311599276959896,0.005454869940876961,0.7895349452620106,0.37281553398058254,0.5431400282885431,768,2060,2.6822916666666665,498.9137878417969,781.7914656772857,1.566987092217199,0.6496273279190063,0.4848523625017454,0.6925840377807617,0.03130797542179085,0.0010754073099014713,0.0021889936561028224,2.5949098674866065,2.5949098674866065,80.0,120.0,40.0,160.0,120.0,170.0,440.0,0.0005321251704919784,0.02306783844429249,0.012900562609417743,0.49526034788633116,0.9945513716240633,0.09759763875602445,0.012900562609417743,0.019123301358616698,80.0,40.0,60.0,-20.0,20.0,160.0,40.0,40.0,100.0,60.0,60.0,310.0,150.0,150.0,280.0,160.0,160.0,155.0,490.0,52.20153254455275
E09B-2,sample_001548,samples/sample_001548.npz,sample_001548_prediction.npz,0.0007691136561334133,0.0025370523799210787,0.8465618092449749,0.37464522232734154,0.5450791465932553,396,1057,2.669191919191919,281.8826107978821,507.172561565585,1.799233234465968,0.7118247747421265,0.6956985808081098,0.8274636268615723,0.0029132365641432434,0.0007604415393968419,0.0018757666962719102,1.7915114350061998,1.7915114350061998,50.0,90.0,40.0,90.0,110.0,455.0,335.0,0.0007587739339416243,0.027545851483329106,0.011863396352898138,0.7276017871820247,0.998654099119684,0.16833455272768316,0.011863396352898138,0.024860284811636157,50.0,40.0,30.0,-20.0,20.0,120.0,30.0,30.0,90.0,50.0,50.0,160.0,70.0,70.0,170.0,60.0,60.0,430.0,315.0,32.01562118716424
E09B-2,sample_000381,samples/sample_000381.npz,sample_000381_prediction.npz,0.00031909215613268316,0.002343747764825821,0.81827843267013,0.5008347245409015,0.6674082313681868,600,1198,1.9966666666666666,171.90202474594116,372.97388923324576,2.169688750231269,0.2865033745765686,0.3225081145763397,0.5085470080375671,0.009767598622371997,0.00026106890228197503,0.0012127950972544903,-0.625294151063919,0.625294151063919,30.0,70.0,40.0,100.0,150.0,440.0,425.0,0.0006353445339808301,0.02520604161666068,0.01125975809013125,0.898649052344504,0.9762967523247273,0.1087491729560216,0.01125975809013125,0.022551327715514973,30.0,40.0,20.0,-10.0,10.0,80.0,10.0,10.0,60.0,20.0,20.0,230.0,130.0,130.0,320.0,170.0,170.0,415.0,420.0,25.495097567963924
E09B-2,sample_000114,samples/sample_000114.npz,sample_000114_prediction.npz,0.0016428534872829914,0.00536605529487133,0.7227807732172863,0.2546419098143236,0.4059196617336152,480,1885,3.9270833333333335,322.79139518737793,774.2567997343152,2.3986289946944375,0.6724820733070374,0.6043202789500356,0.8025256395339966,0.011570748351410625,0.0015941393097507635,0.0077352795313662785,3.0424482550460397,3.0424482550460397,80.0,100.0,20.0,150.0,160.0,485.0,350.0,0.0016835471604016862,0.041031051173491595,0.021924225659457043,1.280604883270286,0.9982170342188958,0.1791454752894256,0.021924225659457043,0.03468249543552038,80.0,20.0,60.0,-20.0,20.0,140.0,40.0,40.0,80.0,60.0,60.0,240.0,90.0,90.0,220.0,60.0,60.0,500.0,340.0,18.027756377319946
E09B-2,sample_000761,samples/sample_000761.npz,sample_000761_prediction.npz,0.0007042585057206452,0.0019959297496825457,0.8074081568466839,0.3596330275229358,0.5290148448043185,196,545,2.7806122448979593,195.83123445510864,280.9010199525066,1.434403560464196,0.9991389513015747,0.71562339517535,0.8129196166992188,0.08271012450767988,0.0005404273588831098,0.000859110368216839,-4.294162695806207,4.294162695806207,50.0,120.0,70.0,70.0,40.0,155.0,200.0,0.00015645760955408026,0.012508301625483784,0.004436675345205983,0.5200143752777174,0.9987736329803903,0.11612995786260882,0.004436675345205983,0.01169502122423562,50.0,70.0,30.0,-20.0,20.0,140.0,20.0,20.0,110.0,40.0,40.0,170.0,100.0,100.0,100.0,60.0,60.0,155.0,180.0,20.0
E09B-2,sample_001580,samples/sample_001580.npz,sample_001580_prediction.npz,0.000570897595025599,0.0017075290670618415,0.9182068819318908,0.584652862362972,0.7378939277478862,480,821,1.7104166666666667,401.34976387023926,515.6150625204054,1.2847025436075985,0.8361453413963318,0.7860137360170484,0.9173954725265503,0.008159304934648995,0.0005336630471393596,0.0006315262012374765,-2.5210917015589445,2.5210917015589445,40.0,120.0,80.0,120.0,50.0,500.0,525.0,0.00030537027132920196,0.017474846818476032,0.005853883401412016,0.3452999535932713,0.9983900214721293,0.14815146741159768,0.005853883401412016,0.016465185102265772,40.0,80.0,20.0,-20.0,20.0,140.0,20.0,20.0,120.0,40.0,40.0,170.0,50.0,50.0,90.0,40.0,40.0,475.0,515.0,26.92582403567252
E09B-2,sample_001591,samples/sample_001591.npz,sample_001591_prediction.npz,0.0006223652162589133,0.003272653790190816,0.8771627740445137,0.7477797513321492,0.8556910569105691,1320,1632,1.2363636363636363,381.7951512336731,613.5694394258634,1.6070645146835185,0.28923875093460083,0.36870388299452533,0.6562462449073792,0.02873320562606331,0.00023976283380756263,0.0010138677487687125,-5.500986285268539,5.500986285268539,70.0,150.0,80.0,110.0,150.0,395.0,325.0,0.0004577997009567098,0.021396254367452024,0.011608393488282007,0.6309721004475298,0.9993676380142975,0.09598374825843131,0.011608393488282007,0.017973449907514188,70.0,80.0,60.0,-10.0,10.0,160.0,10.0,10.0,100.0,20.0,20.0,200.0,90.0,90.0,210.0,60.0,60.0,400.0,315.0,11.180339887498949
E09B-2,sample_000709,samples/sample_000709.npz,sample_000709_prediction.npz,0.0015502992318943143,0.003956282045692205,0.6270630511572994,0.16498625114573787,0.2832415420928403,180,1091,6.061111111111111,170.6106162071228,476.93841936871445,2.795479144097967,0.9478367567062378,0.7184185402260886,0.8215196132659912,0.05543433414289935,0.00145145372154247,0.003802881086442455,1.268421016687057,1.268421016687057,80.0,110.0,30.0,120.0,50.0,480.0,315.0,0.0008712638744978753,0.029517179311341308,0.0148806408547082,1.6728899429700492,0.9977705450137062,0.15126101395547442,0.0148806408547082,0.025491771265470444,80.0,30.0,60.0,-20.0,20.0,140.0,30.0,30.0,80.0,50.0,50.0,220.0,100.0,100.0,140.0,90.0,90.0,500.0,300.0,25.0
E09B-2,sample_000703,samples/sample_000703.npz,sample_000703_prediction.npz,0.00034167515696026385,0.0016805938212201,0.921362921049436,0.6265060240963856,0.7703703703703704,520,830,1.5961538461538463,243.65123629570007,401.7173213246845,1.6487391052559743,0.4685600697994232,0.5618206754040259,0.7588896751403809,0.015899903276392725,0.00025893894901141736,0.0005089831653432379,1.0586394728825468,1.0586394728825468,30.0,110.0,80.0,130.0,50.0,465.0,415.0,0.0004821000949191263,0.021956777881080965,0.008274388992830447,0.6348731772412626,0.9978753802080601,0.17181391854343914,0.008274388992830447,0.020338008302546555,30.0,80.0,0.0,-30.0,30.0,140.0,30.0,30.0,140.0,60.0,60.0,190.0,60.0,60.0,70.0,20.0,20.0,445.0,415.0,20.0
E09B-2,sample_001400,samples/sample_001400.npz,sample_001400_prediction.npz,0.000586682406719774,0.0034018743317574263,0.676917804016648,0.17285714285714285,0.29476248477466505,242,1400,5.785123966942149,134.1245481967926,410.93881086087333,3.0638597958811267,0.5542336702346802,0.4352180007075475,0.5190041661262512,0.017437777126882156,0.0005450968178919368,0.004395530617712969,0.14562160288843984,0.14562160288843984,30.0,50.0,20.0,110.0,110.0,425.0,365.0,0.0011607662877980986,0.0340700203668577,0.015941006268954484,1.3013402345537857,0.9452756675771359,0.15158614499585998,0.015941006268954484,0.03011063943079344,30.0,20.0,20.0,-10.0,10.0,70.0,20.0,20.0,50.0,30.0,30.0,340.0,230.0,230.0,450.0,340.0,340.0,370.0,385.0,58.52349955359813
E09B-2,sample_001887,samples/sample_001887.npz,sample_001887_prediction.npz,0.0005762108485214412,0.002210889244452119,0.8196775078544645,0.3755868544600939,0.5460750853242321,320,852,2.6625,185.7793426513672,373.24898965452513,2.009098451569843,0.5805604457855225,0.6022808259353042,0.7871702313423157,0.01839364071487625,0.0005180219583476014,0.0009833966168688044,-0.8637023046664041,0.8637023046664041,20.0,70.0,50.0,40.0,160.0,380.0,240.0,0.00083396061128155,0.02887837618844851,0.010711682139420186,0.817893534639215,0.9891899875870929,0.21725260286576425,0.010711682139420186,0.026818286243262757,20.0,50.0,0.0,-20.0,20.0,100.0,30.0,30.0,100.0,50.0,50.0,180.0,140.0,140.0,330.0,170.0,170.0,350.0,285.0,54.08326913195984
E09B-2,sample_001331,samples/sample_001331.npz,sample_001331_prediction.npz,0.000332576222717762,0.0030844463035464287,0.45529001534571834,0.09113504556752279,0.16704631738800305,110,1207,10.972727272727273,28.615364134311676,329.8932583321737,11.528536096334706,0.26013967394828796,0.2779165551066399,0.3898094892501831,0.0021008635198526745,0.00033059527981308713,0.00048768405370659484,1.1523245908460638,1.1523245908460638,20.0,40.0,20.0,50.0,110.0,375.0,195.0,0.0009143632681008698,0.030238440239219844,0.0175233435929371,4.0059311594402685,0.685542059150195,0.10810592837786048,0.0175233435929371,0.024643370252965403,20.0,20.0,20.0,0.0,0.0,50.0,10.0,10.0,30.0,10.0,10.0,430.0,380.0,380.0,510.0,400.0,400.0,425.0,255.0,78.10249675906654
E09B-2,sample_001596,samples/sample_001596.npz,sample_001596_prediction.npz,0.0015276431804522872,0.004363593179732561,0.685491208148804,0.1945945945945946,0.3257918552036199,252,1295,5.138888888888889,230.43040251731873,550.8471946146568,2.390514396524808,0.9144063591957092,0.6990455102825922,0.7692465782165527,0.047666152312092994,0.0014090641640714043,0.0072322126566683985,0.26870996715324225,0.26870996715324225,80.0,100.0,20.0,140.0,90.0,390.0,355.0,0.0009840571835939439,0.03136968574267112,0.01625151021596068,1.2969419648529352,0.9973903671944574,0.1502195923220575,0.01625151021596068,0.026831802013552303,80.0,20.0,60.0,-20.0,20.0,130.0,30.0,30.0,70.0,50.0,50.0,250.0,110.0,110.0,170.0,80.0,80.0,405.0,345.0,18.027756377319946
E09B-2,sample_002009,samples/sample_002009.npz,sample_002009_prediction.npz,0.00022553122835233808,0.0017012994503602386,0.814524594172531,0.5879541108986616,0.74051776038531,616,1045,1.6964285714285714,175.44790244102478,284.9501515295046,1.624129713521585,0.28481802344322205,0.2662512677322541,0.4902726411819458,0.008348935031598032,0.00017430674078823243,0.0018993289093743725,-2.801287928067538,2.801287928067538,80.0,120.0,40.0,140.0,110.0,360.0,135.0,0.00010079075884445785,0.010039460087298413,0.005338395544746624,0.6017632036016017,0.9970755812864567,0.043353306617330375,0.005338395544746624,0.008502487392068702,80.0,40.0,70.0,-10.0,10.0,140.0,20.0,20.0,70.0,30.0,30.0,230.0,90.0,90.0,170.0,60.0,60.0,375.0,125.0,18.027756377319946
E09B-2,sample_002116,samples/sample_002116.npz,sample_002116_prediction.npz,0.002311993157491088,0.0046394821256399155,0.8368311535432278,0.4444444444444444,0.6153846153846154,672,1512,2.25,638.236249923706,1010.2880298926116,1.5829373997690983,0.9497563242912292,0.8876816354514587,0.9680573344230652,0.005678839542885606,0.0022888193794824976,0.0008652247324764944,0.4735876196617568,0.4735876196617568,40.0,110.0,70.0,60.0,160.0,190.0,340.0,0.0021005843208753085,0.045832131969561575,0.019479961531932138,0.5684332772991791,0.9989678419465908,0.2881125351956487,0.019479961531932138,0.04148632810444607,40.0,70.0,20.0,-20.0,20.0,140.0,30.0,30.0,120.0,50.0,50.0,190.0,130.0,130.0,200.0,40.0,40.0,175.0,330.0,18.027756377319946
E09B-2,sample_000238,samples/sample_000238.npz,sample_000238_prediction.npz,0.0018351826583966613,0.004924043081700802,0.9090653659035022,0.5973333333333334,0.7479131886477463,1344,2250,1.6741071428571428,988.6517601013184,1430.9749975428454,1.4474004450224183,0.7356039881706238,0.7949323442631534,0.9425609707832336,0.010739681411668747,0.0017117539526718337,0.0005149050000264415,-0.28436729968565544,0.28436729968565544,50.0,120.0,70.0,160.0,120.0,350.0,150.0,0.002375600154980759,0.04874012879528283,0.02249433294564569,0.45380128407152004,0.9965207116732641,0.2797704357095929,0.02249433294564569,0.04323893084144424,50.0,70.0,20.0,-30.0,30.0,140.0,20.0,20.0,120.0,50.0,50.0,200.0,40.0,40.0,150.0,30.0,30.0,340.0,155.0,11.180339887498949
E09B-2,sample_000737,samples/sample_000737.npz,sample_000737_prediction.npz,0.0002551459183450788,0.001565307378768921,0.7833361509420468,0.3088803088803089,0.471976401179941,240,777,3.2375,93.02326440811157,231.97737123821065,2.4937565104195847,0.3875969350337982,0.407021920569241,0.5313777923583984,0.007691706453683218,0.00023694582084243744,0.0014569688523669393,-0.9277168043308421,0.9277168043308421,40.0,70.0,30.0,50.0,160.0,375.0,160.0,0.0003646360380196592,0.019095445478429122,0.007618463844719676,1.3005528188966076,0.9862632894146275,0.10922180738675863,0.007618463844719676,0.017509855700900516,40.0,30.0,30.0,-10.0,10.0,80.0,10.0,10.0,50.0,20.0,20.0,180.0,130.0,130.0,270.0,110.0,110.0,360.0,155.0,15.811388300841896
E09B-2,sample_000271,samples/sample_000271.npz,sample_000271_prediction.npz,0.0011958725517615676,0.0036741301883012056,0.7831856873604884,0.29454545454545455,0.4550561797752809,405,1375,3.3950617283950617,286.7427536845207,609.8070630270751,2.126669480540719,0.7080067992210388,0.6791353237481765,0.8001789450645447,0.006881465925624428,0.00117235179603784,0.003338080199985658,-0.9928129027741477,0.9928129027741477,80.0,110.0,30.0,90.0,150.0,365.0,435.0,0.0009708003504540025,0.031157669207660617,0.016125063482748354,1.0899944981187952,0.9990652837411822,0.1503862524574362,0.016125063482748354,0.026660507837086265,80.0,30.0,60.0,-20.0,20.0,140.0,30.0,30.0,80.0,50.0,50.0,200.0,110.0,110.0,230.0,80.0,80.0,370.0,425.0,11.180339887498949
E09B-2,sample_001280,samples/sample_001280.npz,sample_001280_prediction.npz,0.00033026831806637347,0.0025541794020682573,0.5964464166607365,0.19038984587488667,0.31987814166031986,210,1103,5.252380952380952,63.227905333042145,304.8834052286365,4.821975417700704,0.3010852634906769,0.29216476756901966,0.4466800391674042,0.002103993783399833,0.00032647114595116874,0.0012077507736673418,1.6898375571426456,1.6898375571426456,20.0,40.0,20.0,70.0,150.0,415.0,485.0,0.0007501142740724952,0.02738821414536726,0.01404377027775763,1.8720127893191236,0.8494190017211366,0.11523310599889494,0.01404377027775763,0.023513544829694786,20.0,20.0,20.0,0.0,0.0,50.0,10.0,10.0,30.0,10.0,10.0,460.0,390.0,390.0,390.0,240.0,240.0,410.0,445.0,40.311288741492746
E09B-2,sample_000473,samples/sample_000473.npz,sample_000473_prediction.npz,0.0006037056446075439,0.0029986451845616102,0.9225067679596964,0.5667506297229219,0.7234726688102894,900,1588,1.7644444444444445,463.0685806274414,746.599397090084,1.612286880009152,0.5145206451416016,0.5893866046269735,0.7530762553215027,0.010991369383569085,0.0005077250409454715,0.0010538105694189023,2.2046088198915044,2.2046088198915044,50.0,90.0,40.0,150.0,150.0,445.0,245.0,0.0009805585433075035,0.0313138714199874,0.014790125116629717,0.5556057995993745,0.9983016746002632,0.16075010190636418,0.014790125116629717,0.02760091923001736,50.0,40.0,30.0,-20.0,20.0,130.0,40.0,40.0,100.0,60.0,60.0,210.0,60.0,60.0,170.0,20.0,20.0,455.0,245.0,10.0
E09B-2,sample_001502,samples/sample_001502.npz,sample_001502_prediction.npz,0.0004671449714805931,0.001852329820394516,0.6754195220895316,0.3464788732394366,0.5146443514644351,252,704,2.7936507936507935,71.70944917201996,238.88667542498732,3.3313137694299515,0.28456130623817444,0.3817522776209646,0.6610462665557861,0.03481455630292866,0.00037886994326721184,0.002331535578470045,-6.712237717021438,6.712237717021438,70.0,140.0,70.0,60.0,60.0,160.0,450.0,0.0002740497431126772,0.01655444783472639,0.008084653347683721,2.342046043596813,0.9971412287712664,0.0884699481207632,0.008084653347683721,0.014446041788686047,70.0,70.0,70.0,0.0,0.0,140.0,0.0,0.0,70.0,0.0,0.0,160.0,100.0,100.0,140.0,80.0,80.0,170.0,440.0,14.142135623730951
E09B-2,sample_000960,samples/sample_000960.npz,sample_000960_prediction.npz,0.0006679492071270943,0.002843709895387292,0.8266220014915682,0.32608695652173914,0.4918032786885246,390,1196,3.066666666666667,203.0231523513794,480.3760835771116,2.3661147904240383,0.5205721855163574,0.5937970570264719,0.7223308086395264,0.008620792156906141,0.0006362723361657854,0.003753296652034671,-0.5530050122484766,0.5530050122484766,70.0,90.0,20.0,130.0,150.0,165.0,265.0,0.0008382479529693048,0.028952512032107074,0.014220030356580551,1.27999889925217,0.9980390746665065,0.13795406842085306,0.014220030356580551,0.025219807485927254,70.0,20.0,60.0,-10.0,10.0,110.0,20.0,20.0,50.0,30.0,30.0,190.0,60.0,60.0,230.0,80.0,80.0,175.0,245.0,22.360679774997898
E09B-2,sample_001604,samples/sample_001604.npz,sample_001604_prediction.npz,0.000829008175060153,0.0023286466021090746,0.8268643340891138,0.4,0.5714285714285714,320,800,2.5,209.39214706420898,423.7713947576999,2.0238170375498976,0.6543504595756531,0.734077615570277,0.8358580470085144,0.01891588403563637,0.0007699394140259572,0.0004862530372357154,-6.289614676190951,6.289614676190951,70.0,150.0,80.0,50.0,80.0,265.0,500.0,0.00047293352256805256,0.021747034799439957,0.010341921291872088,1.1016608610768361,0.999715159656684,0.13096187626114675,0.010341921291872088,0.019130556357847394,70.0,80.0,50.0,-20.0,20.0,160.0,10.0,10.0,110.0,30.0,30.0,150.0,100.0,100.0,140.0,60.0,60.0,265.0,490.0,10.0
E09B-2,sample_001049,samples/sample_001049.npz,sample_001049_prediction.npz,0.0002959412813652307,0.0017794169252738357,0.8516202795847055,0.6670341786108048,0.8002645502645502,630,882,1.4,164.42838996648788,294.1492235785705,1.7889199282345403,0.2609974443912506,0.33135666228121236,0.6365857124328613,0.026857924014414863,0.00012461575409000437,0.001971077619666917,0.34555211517012197,0.34555211517012197,50.0,110.0,60.0,70.0,150.0,215.0,405.0,0.0001818995408699134,0.013487013786228344,0.0067024129897163874,0.6905632354506064,0.9952982529277768,0.06487647206746058,0.0067024129897163874,0.011703725944552634,50.0,60.0,50.0,0.0,0.0,120.0,10.0,10.0,70.0,10.0,10.0,140.0,70.0,70.0,220.0,70.0,70.0,230.0,390.0,21.213203435596427
E09B-2,sample_001954,samples/sample_001954.npz,sample_001954_prediction.npz,0.0006113245035521686,0.0022396377753466368,0.6169724201194781,0.170316301703163,0.2910602910602911,140,822,5.871428571428571,69.94698226451874,287.0868256227344,4.104348984450211,0.49962130188941956,0.5140501190509115,0.6045638918876648,0.001855508229054508,0.0006095500994796687,0.004107439835355467,0.9351334707474308,0.9351334707474308,80.0,100.0,20.0,100.0,70.0,400.0,495.0,0.0004644225485773455,0.021550465159187293,0.010667603089864277,2.830321631283174,0.9925781504297178,0.10761456582917825,0.010667603089864277,0.018724977780880375,80.0,20.0,70.0,-10.0,10.0,120.0,20.0,20.0,50.0,30.0,30.0,200.0,100.0,100.0,170.0,100.0,100.0,410.0,485.0,14.142135623730951
E09B-2,sample_001051,samples/sample_001051.npz,sample_001051_prediction.npz,0.0005232769763097167,0.0018588713137432933,0.8178019440893983,0.34600262123197906,0.5141187925998053,264,763,2.890151515151515,169.32887077331543,338.67036281386373,2.00007453700704,0.64139723777771,0.6277063954057116,0.7446460723876953,0.0023166348544255396,0.0005184478096639017,0.0016029860680972308,1.8815822725377203,1.8815822725377203,40.0,80.0,40.0,110.0,60.0,165.0,520.0,0.0005391835479228704,0.023220326180372022,0.008804571872182034,0.8732237549143749,0.9931433268694336,0.15464643194970895,0.008804571872182034,0.021486345945051975,40.0,40.0,30.0,-10.0,10.0,110.0,30.0,30.0,80.0,40.0,40.0,210.0,100.0,100.0,130.0,70.0,70.0,135.0,505.0,33.54101966249684
E09B-2,sample_000519,samples/sample_000519.npz,sample_000519_prediction.npz,0.001093326136469841,0.004511349368840456,0.8736043618937415,0.5666502705361535,0.7233908948194663,1152,2033,1.7647569444444444,485.49850845336914,885.921715595508,1.8247671211550147,0.42143967747688293,0.5216821474411214,0.7852159738540649,0.025900508958657406,0.0007991698032804235,0.0007391719786820147,0.10166923082307733,0.10166923082307733,70.0,130.0,60.0,160.0,120.0,190.0,260.0,0.0012896738029731308,0.0359120286669123,0.01935015522987915,0.7847489591205247,0.9954919225407132,0.16630318682612744,0.01935015522987915,0.03025302126321785,70.0,60.0,50.0,-20.0,20.0,160.0,30.0,30.0,110.0,50.0,50.0,270.0,110.0,110.0,180.0,60.0,60.0,195.0,260.0,5.0
E09B-2,sample_002133,samples/sample_002133.npz,sample_002133_prediction.npz,0.00047863696818239987,0.001999880885705352,0.8551922609196393,0.4876712328767123,0.6556169429097606,360,726,2.0166666666666666,119.72476601600647,305.1708042684511,2.5489363180517857,0.33256879448890686,0.5155463742920094,0.7372928857803345,0.057173026069233183,0.00027025282999616393,0.000858648817151837,0.571826184214018,0.571826184214018,20.0,80.0,60.0,120.0,50.0,250.0,245.0,0.0008931269880629297,0.029885230266185496,0.010407776810593218,1.328081912419798,0.9927315587126077,0.23560997922670274,0.010407776810593218,0.028014374344678985,20.0,60.0,0.0,-20.0,20.0,100.0,20.0,20.0,100.0,40.0,40.0,320.0,200.0,200.0,190.0,140.0,140.0,180.0,235.0,70.71067811865476
E09B-2,sample_000492,samples/sample_000492.npz,sample_000492_prediction.npz,0.00015955032722558826,0.0011522333370521665,0.7260323173336722,0.44654088050314467,0.6173913043478261,336,584,1.7380952380952381,69.23460531234741,162.55473446041012,2.3478827347546076,0.20605537295341492,0.22767906365472645,0.4707985818386078,0.009215495533213163,0.00012849124187405223,0.00234425827357651,-5.235523015880837,5.235523015880837,30.0,90.0,60.0,40.0,140.0,390.0,410.0,0.0001769247031650251,0.013301304566283156,0.005258704288789789,1.2214426555424684,0.9600077440053614,0.08018062911549526,0.005258704288789789,0.012217640212745217,30.0,60.0,30.0,0.0,0.0,90.0,0.0,0.0,60.0,0.0,0.0,170.0,130.0,130.0,220.0,80.0,80.0,365.0,380.0,39.05124837953327
E09B-2,sample_000901,samples/sample_000901.npz,sample_000901_prediction.npz,0.001598271424882114,0.0038683998864144087,0.805585899361117,0.3597122302158273,0.5291005291005291,400,1112,2.78,387.03465461730957,661.0923602057408,1.7080960382201764,0.9675866365432739,0.8348097737133503,0.9031286835670471,0.019428626834697493,0.0015254230845594325,0.0019183632160939708,1.5965664774455064,1.5965664774455064,70.0,110.0,40.0,100.0,100.0,200.0,200.0,0.0007523411320401061,0.027428837599142004,0.013534761158424311,0.6567583561277862,0.9987227226231714,0.14344504373843558,0.013534761158424311,0.023856893603831045,70.0,40.0,50.0,-20.0,20.0,140.0,30.0,30.0,90.0,50.0,50.0,190.0,90.0,90.0,160.0,60.0,60.0,215.0,190.0,18.027756377319946
E09B-2,sample_000728,samples/sample_000728.npz,sample_000728_prediction.npz,0.0005539866397157311,0.0020095552317798138,0.7990372109692134,0.3748326639892905,0.5452775073028238,280,747,2.6678571428571427,104.24670338630676,299.63727723580814,2.874309378642344,0.3723096549510956,0.5419494767274176,0.7174355387687683,0.04892677598283841,0.00041581247083403213,0.0017367282272968884,0.4337108812249255,0.4337108812249255,60.0,100.0,40.0,70.0,100.0,335.0,470.0,0.00045512570905847054,0.021333675469981037,0.010051267524859537,1.6733007728130291,0.9931071012338628,0.11299426082527611,0.010051267524859537,0.018817484693820653,60.0,40.0,50.0,-10.0,10.0,110.0,10.0,10.0,60.0,20.0,20.0,160.0,90.0,90.0,190.0,90.0,90.0,350.0,455.0,21.213203435596427
E09B-2,sample_000044,samples/sample_000044.npz,sample_000044_prediction.npz,0.0014792763395234942,0.0034462467301636934,0.8788245604703512,0.5157894736842106,0.6805555555555556,686,1330,1.9387755102040816,557.6774952411652,881.9418539436302,1.581454983336271,0.8129409551620483,0.8487676366425116,0.9278848767280579,0.004213070504590394,0.0014600647956241166,0.0004551434511312872,-1.158188188748781,1.158188188748781,70.0,140.0,70.0,70.0,140.0,275.0,260.0,0.000958347435587973,0.030957187139466873,0.016025209742076822,0.5880243545460254,0.9996716372322545,0.16531209283706771,0.016025209742076822,0.026486602052932712,70.0,70.0,50.0,-20.0,20.0,160.0,20.0,20.0,110.0,40.0,40.0,140.0,70.0,70.0,200.0,60.0,60.0,260.0,250.0,18.027756377319946
E09B-2,sample_000653,samples/sample_000653.npz,sample_000653_prediction.npz,0.00035097848740406334,0.0031032869592309,0.5894480902513862,0.21621621621621623,0.35555555555555557,312,1443,4.625,65.11785006523132,369.52987266250705,5.674786134559621,0.20871105790138245,0.2416974077335535,0.31424665451049805,0.0016496029729120372,0.00034684377498221626,0.0010099096458570597,1.6957926691428504,1.6957926691428504,20.0,40.0,20.0,120.0,130.0,300.0,235.0,0.0009841470680219354,0.03137111837378348,0.017840988556625116,2.2296275471501046,0.8286798209043967,0.11463759914214322,0.017840988556625116,0.025803995724389416,20.0,20.0,20.0,0.0,0.0,50.0,10.0,10.0,30.0,10.0,10.0,440.0,320.0,320.0,510.0,380.0,380.0,290.0,255.0,22.360679774997898
E09B-2,sample_001330,samples/sample_001330.npz,sample_001330_prediction.npz,0.000927348155528307,0.003969175275415182,0.9493453762816587,0.7252747252747253,0.8407643312101911,1320,1820,1.378787878787879,743.6322569847107,1086.3631801331096,1.460887649680648,0.5633577704429626,0.6939290820536288,0.8627333045005798,0.034512633822298196,0.00047023583637763224,0.0002954246723386596,-2.15033861699051,2.15033861699051,50.0,130.0,80.0,150.0,110.0,365.0,405.0,0.00140828440545983,0.03752711560271892,0.0177013020623438,0.4753488848187978,0.9991846846937212,0.20807413046942624,0.0177013020623438,0.033090003184609904,50.0,80.0,20.0,-30.0,30.0,140.0,10.0,10.0,120.0,40.0,40.0,170.0,20.0,20.0,140.0,30.0,30.0,365.0,410.0,5.0
E09B-2,sample_000517,samples/sample_000517.npz,sample_000517_prediction.npz,0.0004624473804142326,0.0019702028948813677,0.6652534989100346,0.2375366568914956,0.38388625592417064,162,682,4.209876543209877,96.17286157608032,245.37774693628774,2.551423997529434,0.5936596393585205,0.4563944521877501,0.6578127145767212,0.021389869250693874,0.0004279030935149423,0.004986309082613667,-0.5155508249459544,0.5155508249459544,50.0,70.0,20.0,90.0,90.0,235.0,195.0,0.00039826264418951854,0.019956518839454904,0.008095021807546716,1.3472319388542626,0.9744384506046918,0.113673045222911,0.008095021807546716,0.018240977663624872,50.0,20.0,30.0,-20.0,20.0,90.0,20.0,20.0,60.0,40.0,40.0,190.0,100.0,100.0,190.0,100.0,100.0,205.0,175.0,36.05551275463989
E09B-2,sample_001265,samples/sample_001265.npz,sample_001265_prediction.npz,0.001279940945096314,0.004218045622110367,0.9177333715945601,0.5789775990809879,0.7333575845762095,1008,1741,1.7271825396825398,680.8959245681763,1059.4441777059865,1.5559561152872008,0.675491988658905,0.7823260589872324,0.9306067228317261,0.025769839591887916,0.0010262223461618514,0.0006320318732635841,2.303631789814716,2.303631789814716,60.0,120.0,60.0,120.0,140.0,180.0,480.0,0.0013237017382435835,0.03638271207927721,0.018069353246016866,0.5112381989120774,0.9992319964637246,0.1783128674697687,0.018069353246016866,0.031578477029683416,60.0,60.0,50.0,-10.0,10.0,140.0,20.0,20.0,90.0,30.0,30.0,180.0,60.0,60.0,170.0,30.0,30.0,160.0,485.0,20.615528128088304
E09B-2,sample_001292,samples/sample_001292.npz,sample_001292_prediction.npz,0.00029001582879573107,0.0017933407798409462,0.8652316301704276,0.46674445740956827,0.6364359586316627,400,857,2.1425,147.53621816635132,312.3349780589787,2.117005450870457,0.3688405454158783,0.44319926388561726,0.6173272132873535,0.014858538246319537,0.00023049416712256522,0.0008854722516859881,0.8769325784691091,0.8769325784691091,30.0,80.0,50.0,100.0,80.0,360.0,420.0,0.0005101009495438793,0.02258541453114995,0.009143048139946059,0.903093567354106,0.9799543571749022,0.13805661438940164,0.009143048139946059,0.020652012498894826,30.0,50.0,20.0,-10.0,10.0,100.0,20.0,20.0,80.0,30.0,30.0,230.0,130.0,130.0,200.0,120.0,120.0,335.0,400.0,32.01562118716424
E09B-2,sample_001298,samples/sample_001298.npz,sample_001298_prediction.npz,0.0004554934275802225,0.001885975245386362,0.7331982192448355,0.27722772277227725,0.43410852713178294,196,707,3.607142857142857,110.08473920822144,274.8586172435342,2.4967912829738252,0.5616568326950073,0.5131847675965757,0.7218396663665771,0.0045771887382290944,0.0004472590818540113,0.004993600328875383,0.605057188410214,0.605057188410214,50.0,70.0,20.0,70.0,140.0,235.0,210.0,0.00044713482446573794,0.02114556276067719,0.008914172398744835,1.2963871072264244,0.9825538253027349,0.11542217256442425,0.008914172398744835,0.01917478435110011,50.0,20.0,30.0,-20.0,20.0,90.0,20.0,20.0,60.0,40.0,40.0,190.0,120.0,120.0,220.0,80.0,80.0,235.0,180.0,30.0
E09B-2,sample_001513,samples/sample_001513.npz,sample_001513_prediction.npz,0.0006752487388439476,0.0026428999844938517,0.7453761449874056,0.2912621359223301,0.45112781954887216,300,1030,3.433333333333333,185.75980067253113,381.27096397736955,2.05249447187714,0.6191993355751038,0.5134255158901214,0.6666909456253052,0.018203540851538254,0.0006215928353847754,0.0012778070025652648,-3.129571266209595,3.129571266209595,80.0,130.0,50.0,50.0,120.0,355.0,490.0,0.00034070197394486844,0.01845811404084579,0.009446565129645583,1.047132649254052,0.9989805085923671,0.09290054059498498,0.009446565129645583,0.01585762848588125,80.0,50.0,60.0,-20.0,20.0,150.0,20.0,20.0,90.0,40.0,40.0,160.0,110.0,110.0,190.0,70.0,70.0,360.0,475.0,15.811388300841896
E09B-2,sample_000392,samples/sample_000392.npz,sample_000392_prediction.npz,0.0013880819315090775,0.0032229546923190355,0.6506021054328452,0.22784810126582278,0.3711340206185567,180,790,4.388888888888889,178.24459075927734,392.906725557976,2.2043121975499607,0.9902477264404297,0.7064498845073912,0.7957069277763367,0.08167381576341182,0.0012408047990627366,0.002834119873755509,2.1790008685344873,2.1790008685344873,50.0,90.0,40.0,50.0,90.0,175.0,355.0,0.0007979656692773466,0.028248286129911433,0.011264812209943638,1.1233170574751266,0.9988461652798458,0.20209467157153044,0.011264812209943638,0.02590501254877232,50.0,40.0,30.0,-20.0,20.0,130.0,40.0,40.0,100.0,60.0,60.0,150.0,100.0,100.0,150.0,60.0,60.0,175.0,345.0,10.0
E09B-2,sample_001800,samples/sample_001800.npz,sample_001800_prediction.npz,0.000740777759347111,0.0030269362032413483,0.8236180778869442,0.34759358288770054,0.5158730158730159,390,1122,2.876923076923077,191.56806975603104,482.0668018105897,2.5164256361956325,0.49120017886161804,0.6059405212983107,0.7490977644920349,0.021878010999139108,0.0006565863209518862,0.0009082871601647298,1.6920462491333979,1.6920462491333979,20.0,70.0,50.0,60.0,130.0,210.0,405.0,0.0018467583763669526,0.042973926704072,0.01631627403304013,1.1513170548109573,0.9852571435616029,0.2753090569045157,0.01631627403304013,0.03975597537535324,20.0,50.0,0.0,-20.0,20.0,100.0,30.0,30.0,100.0,50.0,50.0,280.0,220.0,220.0,340.0,210.0,210.0,140.0,410.0,70.178344238091
E09B-2,sample_002073,samples/sample_002073.npz,sample_002073_prediction.npz,0.000273981160717085,0.0016930162673816085,0.692925340852977,0.41931942919868276,0.5908739365815932,385,908,2.3584415584415583,95.07418975234032,240.59584853547315,2.5306116114394834,0.24694594740867615,0.25504414116020324,0.4163910448551178,0.005543338022784226,0.00025326298737719826,0.0015286050556899292,-3.7175313208062875,3.7175313208062875,80.0,130.0,50.0,70.0,110.0,395.0,165.0,0.00017954526193597178,0.01339945006095294,0.007023643602401889,1.486029184636317,0.9964305535111706,0.061753656800500045,0.007023643602401889,0.01141112143842185,80.0,50.0,70.0,-10.0,10.0,150.0,20.0,20.0,80.0,30.0,30.0,160.0,90.0,90.0,190.0,80.0,80.0,400.0,155.0,11.180339887498949
E09B-2,sample_000911,samples/sample_000911.npz,sample_000911_prediction.npz,0.00022820754384156317,0.0016132221790030599,0.8990324999929421,0.5980284775465499,0.748457847840987,546,913,1.6721611721611722,161.15512830018997,307.7219603270519,1.9094766860527461,0.29515591263771057,0.379477977343313,0.5733359456062317,0.0159240033700062,0.0001405430717599333,0.0007925248385177619,-1.3079434067077003,1.3079434067077003,30.0,90.0,60.0,70.0,130.0,465.0,325.0,0.0004172538171650149,0.020426791651285203,0.008065610265236155,0.8169496014900925,0.9882953087051474,0.1308232949898363,0.008065610265236155,0.01876698559210648,30.0,60.0,20.0,-10.0,10.0,100.0,10.0,10.0,80.0,20.0,20.0,170.0,100.0,100.0,200.0,70.0,70.0,425.0,310.0,42.720018726587654
E09B-2,sample_000923,samples/sample_000923.npz,sample_000923_prediction.npz,0.0005930523620918393,0.0023569418117403984,0.6233461985532338,0.20945220193340494,0.3463587921847247,195,931,4.774358974358974,79.86865639686584,303.035115160764,3.7941681860151526,0.40958285331726074,0.4361997339970026,0.5600551962852478,0.006363293761390742,0.0005815835247283626,0.002025984956630746,0.3321471954445627,0.3321471954445627,80.0,110.0,30.0,50.0,130.0,295.0,465.0,0.0004505492164963995,0.021226144645139857,0.010997194568778722,2.5860928574385675,0.9937288675039945,0.10132995206615075,0.010997194568778722,0.018155190115028357,80.0,30.0,70.0,-10.0,10.0,130.0,20.0,20.0,60.0,30.0,30.0,160.0,110.0,110.0,220.0,90.0,90.0,310.0,460.0,15.811388300841896
E09B-2,sample_000595,samples/sample_000595.npz,sample_000595_prediction.npz,0.0011894638882949948,0.0035079466179013252,0.8554988851436245,0.4682080924855491,0.6377952755905512,648,1384,2.1358024691358026,405.7768020629883,742.802047632054,1.8305680459198594,0.6261987686157227,0.6951317273908191,0.8442990779876709,0.008875749894252742,0.0011384612267682814,0.000717931978210107,2.117120286107564,2.117120286107564,40.0,100.0,60.0,120.0,90.0,190.0,245.0,0.0016542473272782802,0.040672439406535234,0.0176485396842064,0.7413559288885935,0.9969235608342983,0.22374991941590816,0.0176485396842064,0.03664391319569011,40.0,60.0,20.0,-20.0,20.0,130.0,30.0,30.0,110.0,50.0,50.0,200.0,80.0,80.0,140.0,50.0,50.0,160.0,240.0,30.4138126514911
E09B-2,sample_001302,samples/sample_001302.npz,sample_001302_prediction.npz,0.0006681533996015787,0.002418545773252845,0.925660575437819,0.5697674418604651,0.725925925925926,588,1032,1.7551020408163265,388.9803864955902,617.6422798454599,1.5878494168046235,0.6615312695503235,0.7730267074237875,0.9051393866539001,0.021781284480889895,0.0005411064204519374,0.0006286634782821202,0.35624452741454604,0.35624452741454604,60.0,120.0,60.0,70.0,140.0,525.0,280.0,0.0005803639966791692,0.024090745042010826,0.011158040521178027,0.574858632043637,0.9995030896840749,0.1397780805605509,0.011158040521178027,0.02135092804556557,60.0,60.0,50.0,-10.0,10.0,140.0,20.0,20.0,90.0,30.0,30.0,130.0,60.0,60.0,180.0,40.0,40.0,535.0,270.0,14.142135623730951
E09B-2,sample_001319,samples/sample_001319.npz,sample_001319_prediction.npz,0.0005451343022286892,0.0029722945764660835,0.738345165763854,0.13489208633093525,0.23771790808240886,150,1112,7.413333333333333,78.23321521282196,370.13527280521464,4.7311780782410136,0.5215547680854797,0.6399003048737844,0.7418885231018066,0.016411780816045805,0.0005208867279667123,0.0015657746742508782,-1.490065731905716,1.490065731905716,20.0,50.0,30.0,50.0,100.0,295.0,360.0,0.0012846455403532136,0.03584195223970388,0.01714401477937967,1.865530145741605,0.8998145955643081,0.18573780090979092,0.01714401477937967,0.031475836725933515,20.0,30.0,20.0,0.0,0.0,70.0,20.0,20.0,50.0,20.0,20.0,380.0,330.0,330.0,510.0,410.0,410.0,250.0,375.0,47.43416490252569
E09B-2,sample_002162,samples/sample_002162.npz,sample_002162_prediction.npz,0.00013380621385294944,0.0012309980811551213,0.9049448701552569,0.6759708737864077,0.8066618392469225,560,821,1.4660714285714285,161.06433391571045,261.07512155014973,1.6209368964750308,0.2876148819923401,0.3196182384820921,0.4694436490535736,0.006527470777703542,9.717530516340831e-05,0.0005343632177503222,-0.9058738050097332,0.9058738050097332,30.0,100.0,70.0,100.0,80.0,170.0,140.0,0.00018705380419860884,0.013676761466027287,0.005243290529571257,0.562922811250799,0.990357975386237,0.089238882756944,0.005243290529571257,0.012631773771767656,30.0,70.0,20.0,-10.0,10.0,120.0,20.0,20.0,100.0,30.0,30.0,190.0,90.0,90.0,120.0,40.0,40.0,135.0,130.0,36.40054944640259
E09B-2,sample_001201,samples/sample_001201.npz,sample_001201_prediction.npz,0.0004524094983935356,0.0016051046550273895,0.6531046612724191,0.15498154981549817,0.268370607028754,84,542,6.4523809523809526,47.15975260734558,204.94262892557492,4.345710433045256,0.5614256262779236,0.6252662802026385,0.6805930137634277,0.005223784176473491,0.00044832891652675326,0.00301488763076055,1.1330481580215945,1.1330481580215945,70.0,90.0,20.0,60.0,70.0,270.0,175.0,0.0003157230999079872,0.017768598704118094,0.00805867855227163,3.029010300405696,0.991732226265243,0.10404685120339946,0.00805867855227163,0.01583606011289249,70.0,20.0,60.0,-10.0,10.0,110.0,20.0,20.0,50.0,30.0,30.0,150.0,90.0,90.0,160.0,90.0,90.0,275.0,160.0,15.811388300841896
E09B-2,sample_000860,samples/sample_000860.npz,sample_000860_prediction.npz,0.0009192668949253857,0.005881305783987045,0.8764030964065921,0.30795551753635586,0.4708960104643558,720,2338,3.2472222222222222,286.3914728164673,864.0267064140863,3.0169428506965152,0.3977659344673157,0.5657018113881349,0.6940125226974487,0.031965296042487545,0.000690201281657901,0.0008069334403669089,1.1338439614207303,1.1338439614207303,20.0,50.0,30.0,160.0,150.0,230.0,285.0,0.003532691660852836,0.059436450607794844,0.033388539209954285,1.1535694739271347,0.9606656187284579,0.23719480172698004,0.033388539209954285,0.049172117203534996,20.0,30.0,20.0,0.0,0.0,70.0,20.0,20.0,50.0,20.0,20.0,530.0,370.0,370.0,590.0,440.0,440.0,265.0,295.0,36.40054944640259
E09B-2,sample_001867,samples/sample_001867.npz,sample_001867_prediction.npz,0.0002368340501561761,0.0012971514370292425,0.7734849839412795,0.40625,0.5777777777777777,234,576,2.4615384615384617,69.58212214708328,191.58585239842753,2.753377541338158,0.29735949635505676,0.37397259913193875,0.5247719883918762,0.014107467416573113,0.0002037380286361581,0.0014013478973216784,1.972750583193104,1.972750583193104,60.0,90.0,30.0,60.0,130.0,330.0,315.0,0.00017653807274326165,0.013286763064917717,0.0064343647545213895,1.5120576509062842,0.9871373209700373,0.06574005218873032,0.0064343647545213895,0.01162484507204438,60.0,30.0,60.0,0.0,0.0,100.0,10.0,10.0,40.0,10.0,10.0,140.0,80.0,80.0,200.0,70.0,70.0,340.0,290.0,26.92582403567252
E09B-2,sample_000363,samples/sample_000363.npz,sample_000363_prediction.npz,0.0003747528826352209,0.001442806445993483,0.44816560849033027,0.08830022075055188,0.16227180527383367,40,453,11.325,32.65535354614258,144.66191115027215,4.429960035369465,0.8163838386535645,0.44354514628648756,0.4926837980747223,0.14066388221162618,0.00031764586769401204,0.00541910089879732,-2.251998628349483,2.251998628349483,80.0,100.0,20.0,40.0,50.0,260.0,325.0,0.0001453780407868091,0.012057281649974388,0.005767793865222764,3.263189044417562,0.9958847263885336,0.0688089442186563,0.005767793865222764,0.0105882290641593,80.0,20.0,60.0,-20.0,20.0,120.0,20.0,20.0,60.0,40.0,40.0,150.0,110.0,110.0,130.0,80.0,80.0,265.0,315.0,11.180339887498949
E09B-2,sample_000263,samples/sample_000263.npz,sample_000263_prediction.npz,0.00036589938099496067,0.0021768820006400347,0.7476034074653194,0.2076923076923077,0.34394904458598724,189,910,4.814814814814815,76.96506553888321,287.8702355177153,3.740271427070786,0.40722256898880005,0.4832788275347816,0.5887168645858765,0.010783514663913238,0.0003458318018300304,0.0012557872145084236,-0.25039265434762825,0.25039265434762825,30.0,60.0,30.0,70.0,90.0,225.0,195.0,0.000837890666169988,0.02894634115341675,0.011883025280266418,1.8790526978371478,0.9488140839573228,0.17027857880040137,0.011883025280266418,0.026394779339076455,30.0,30.0,20.0,-10.0,10.0,70.0,10.0,10.0,50.0,20.0,20.0,280.0,210.0,210.0,340.0,250.0,250.0,170.0,190.0,55.226805085936306
E09B-2,sample_000442,samples/sample_000442.npz,sample_000442_prediction.npz,0.0007227305904962122,0.0027759785298258066,0.6439549966703078,0.11711711711711711,0.20967741935483872,104,888,8.538461538461538,94.6843991279602,316.2372031541266,3.3399082221216956,0.910426914691925,0.6636144587626824,0.7686870694160461,0.06278671811659062,0.0006570009513094769,0.005737366781039296,1.6980945911040948,1.6980945911040948,30.0,50.0,20.0,130.0,40.0,385.0,210.0,0.0010236159349497997,0.03199399842079448,0.012701599205990703,1.605477487489525,0.964321062096765,0.19517168163916948,0.012701599205990703,0.029364695001994765,30.0,20.0,20.0,-10.0,10.0,80.0,30.0,30.0,60.0,40.0,40.0,310.0,180.0,180.0,310.0,270.0,270.0,345.0,275.0,76.32168761236873
E09B-2,sample_001230,samples/sample_001230.npz,sample_001230_prediction.npz,0.0005918959504924715,0.0038262780290097,0.8645219948476356,0.3979649519502544,0.5693489688637282,704,1769,2.512784090909091,288.421838760376,627.2431413602005,2.1747421903142397,0.40969011187553406,0.48028130376372824,0.7114897966384888,0.01912841486416076,0.000458189908953773,0.000989258571080008,0.6576986433183833,0.6576986433183833,20.0,60.0,40.0,110.0,160.0,475.0,420.0,0.0016821029760276437,0.04101344872145774,0.019241231514828056,0.7827537156566292,0.9725373863916936,0.1822465890025452,0.019241231514828056,0.03621985623688243,20.0,40.0,20.0,0.0,0.0,90.0,30.0,30.0,70.0,30.0,30.0,340.0,230.0,230.0,420.0,260.0,260.0,470.0,430.0,11.180339887498949
E09B-2,sample_001272,samples/sample_001272.npz,sample_001272_prediction.npz,0.0015894415555521846,0.004302807617932558,0.7845686763987967,0.35294117647058826,0.5217391304347826,480,1360,2.8333333333333335,406.4982604980469,688.2899931085866,1.693217560796656,0.8468713760375977,0.6997968800986807,0.8068501353263855,0.02526785727669143,0.0014732569449374153,0.001689875358707691,0.3419510489568154,0.3419510489568154,80.0,130.0,50.0,60.0,160.0,320.0,200.0,0.0006514266485006409,0.02552306111148584,0.013639753314629357,0.679321410306883,0.9987767130412407,0.1266488698158187,0.013639753314629357,0.021572755457212652,80.0,50.0,60.0,-20.0,20.0,160.0,30.0,30.0,100.0,50.0,50.0,150.0,90.0,90.0,200.0,40.0,40.0,305.0,200.0,15.0
E09B-2,sample_001600,samples/sample_001600.npz,sample_001600_prediction.npz,0.0010058431653305888,0.00343328807502985,0.8620881470331275,0.47161572052401746,0.6409495548961425,756,1603,2.1203703703703702,485.2165160179138,754.2115389095964,1.5543814235741131,0.6418207883834839,0.6163643833506044,0.7659831643104553,0.009827173177279033,0.000937477671398023,0.0005089938378286446,-3.6294375199875617,3.6294375199875617,80.0,150.0,70.0,120.0,90.0,380.0,275.0,0.0006046777106109451,0.024590195416282178,0.013212225455817569,0.5829216959869332,0.9979622645164146,0.1243117845786732,0.013212225455817569,0.02073920946216589,80.0,70.0,60.0,-20.0,20.0,160.0,10.0,10.0,100.0,30.0,30.0,210.0,90.0,90.0,160.0,70.0,70.0,375.0,270.0,7.0710678118654755
E09B-2,sample_000593,samples/sample_000593.npz,sample_000593_prediction.npz,0.0011137659894302487,0.004030948970466852,0.9350294368796704,0.609479649665121,0.7573623559539052,1183,1941,1.6407438715131022,860.1984516978264,1219.9923827138402,1.418268517347208,0.7271330952644348,0.7896630880899179,0.9301468133926392,0.011381339809606249,0.0009886999264023253,0.0003693811003317546,-1.6369725893163292,1.6369725893163292,70.0,140.0,70.0,130.0,130.0,225.0,205.0,0.001135158662306318,0.033692115729148236,0.017554733485293544,0.42545165160499526,0.9994010395855423,0.16761661815083462,0.017554733485293544,0.028757433727066666,70.0,70.0,50.0,-20.0,20.0,160.0,20.0,20.0,110.0,40.0,40.0,210.0,80.0,80.0,180.0,50.0,50.0,215.0,200.0,11.180339887498949
E09B-2,sample_000367,samples/sample_000367.npz,sample_000367_prediction.npz,0.0002000534295802936,0.001188061898574233,0.4997398166192076,0.13278008298755187,0.23443223443223443,64,482,7.53125,18.23250961303711,133.5504119848291,7.324850764885062,0.28488296270370483,0.31939258822239935,0.4850071370601654,0.004334883865985944,0.00019735971560185138,0.0024457954967631863,-0.6381840995359767,0.6381840995359767,40.0,60.0,20.0,40.0,80.0,310.0,490.0,0.00027396979476581684,0.016552032949635427,0.00643860158153124,4.746994213443476,0.9114375901936623,0.09258891575068803,0.00643860158153124,0.015248416456803648,40.0,20.0,30.0,-10.0,10.0,70.0,10.0,10.0,40.0,20.0,20.0,180.0,140.0,140.0,240.0,160.0,160.0,280.0,500.0,31.622776601683793
E09B-2,sample_000985,samples/sample_000985.npz,sample_000985_prediction.npz,0.0015875973040238023,0.005074413027614355,0.9050340884382123,0.5438950554994955,0.7045751633986929,1078,1982,1.8385899814471243,707.4556195735931,1205.0662089822201,1.703380644157655,0.6562668085098267,0.7740362493912232,0.9052578210830688,0.016599971114768405,0.0014211466386571494,0.000764549188164555,-0.8219419995327399,0.8219419995327399,30.0,100.0,70.0,110.0,140.0,475.0,280.0,0.004629950563310006,0.06804374007438162,0.026797484956224703,0.6920441549895638,0.9988443118232614,0.41809903614981403,0.026797484956224703,0.06254474688837518,30.0,70.0,0.0,-30.0,30.0,130.0,30.0,30.0,130.0,60.0,60.0,300.0,190.0,190.0,200.0,60.0,60.0,410.0,250.0,71.58910531638176
E09B-2,sample_000252,samples/sample_000252.npz,sample_000252_prediction.npz,0.00021987232321407646,0.0014809774002060294,0.6207340767251824,0.18489984591679506,0.31209362808842656,120,649,5.408333333333333,49.82417106628418,174.73052350578865,3.5069429107678243,0.41520142555236816,0.3291268547375997,0.42301690578460693,0.009403435397308375,0.00020864818329378016,0.004477869287452334,-0.5888583248165133,0.5888583248165133,40.0,60.0,20.0,150.0,40.0,285.0,330.0,0.00030355366911958604,0.01742279165689546,0.007078399084306211,2.0273388031708897,0.9625402039175324,0.10159145959209306,0.007078399084306211,0.01592011103990418,40.0,20.0,20.0,-20.0,20.0,80.0,20.0,20.0,60.0,40.0,40.0,270.0,120.0,120.0,200.0,160.0,160.0,255.0,330.0,30.0
E09B-2,sample_000452,samples/sample_000452.npz,sample_000452_prediction.npz,0.0008280447218567133,0.0029174957890063524,0.8423998532288612,0.40310077519379844,0.574585635359116,520,1290,2.480769230769231,301.9148325920105,576.6008902466865,1.9098130598501273,0.5806054472923279,0.617518139229371,0.7820917963981628,0.005407938956840957,0.0008036895100358378,0.00153356643453973,1.1517598901635893,1.1517598901635893,50.0,90.0,40.0,130.0,100.0,245.0,400.0,0.001085667983917442,0.03294947623130665,0.014571038206864438,0.8364203584334903,0.9968740321214917,0.18530188251591873,0.014571038206864438,0.029552543536750586,50.0,40.0,30.0,-20.0,20.0,120.0,30.0,30.0,90.0,50.0,50.0,210.0,80.0,80.0,160.0,60.0,60.0,215.0,390.0,31.622776601683793
E09B-2,sample_001622,samples/sample_001622.npz,sample_001622_prediction.npz,0.00025853465194813907,0.001988844247534871,0.9066977559941424,0.7067059690493737,0.8281519861830743,960,1356,1.4125,321.500244140625,462.04284591420884,1.4371461743341947,0.3348960876464844,0.35011227798337735,0.5864529609680176,0.008381002730937965,0.00017843140240883298,0.00042576897582885775,2.4194225107445675,2.4194225107445675,30.0,110.0,80.0,80.0,150.0,170.0,295.0,0.000241858306067472,0.015551794303792473,0.00725697919338698,0.35812030052151533,0.9941581368972171,0.08554479728724335,0.00725697919338698,0.01375480130915094,30.0,80.0,20.0,-10.0,10.0,140.0,30.0,30.0,120.0,40.0,40.0,190.0,110.0,110.0,190.0,40.0,40.0,155.0,285.0,18.027756377319946
E09B-2,sample_001585,samples/sample_001585.npz,sample_001585_prediction.npz,0.001115888822823763,0.0026019879151135683,0.643098908100648,0.14937759336099585,0.259927797833935,108,723,6.694444444444445,87.97479701042175,343.4603978768266,3.9040771851526896,0.8145814538002014,0.8464680739023067,0.8910865783691406,0.0016417787630804538,0.0011153103664402998,0.0027490839769078643,2.9484114439736473,2.9484114439736473,30.0,60.0,30.0,60.0,60.0,420.0,460.0,0.0017842579055861638,0.04224047709941454,0.014275724400880457,2.256194261775194,0.9829287004366626,0.34769243135164596,0.014275724400880457,0.039755019788905534,30.0,30.0,20.0,-10.0,10.0,90.0,30.0,30.0,70.0,40.0,40.0,200.0,140.0,140.0,220.0,160.0,160.0,400.0,500.0,44.721359549995796
E09B-2,sample_000222,samples/sample_000222.npz,sample_000222_prediction.npz,0.0018868617480620742,0.004937351681292057,0.8578011599060802,0.4814004376367615,0.6499261447562777,880,1828,2.077272727272727,741.6331243515015,1074.019242584818,1.4481813275586382,0.8427649140357971,0.7565464660525322,0.8788866996765137,0.012850315632701373,0.001787832278084266,0.0014052999048678513,0.8457157087411105,0.8457157087411105,60.0,110.0,50.0,160.0,110.0,470.0,245.0,0.0011515232292822167,0.03393410127411976,0.016667692015527213,0.4233226953385012,0.99885811342372,0.156567249955597,0.016667692015527213,0.029558607412355324,60.0,50.0,20.0,-40.0,40.0,140.0,30.0,30.0,120.0,70.0,70.0,190.0,30.0,30.0,130.0,20.0,20.0,465.0,245.0,5.0
E09B-2,sample_001459,samples/sample_001459.npz,sample_001459_prediction.npz,0.0006170589476823807,0.0020199620630592108,0.6059363342295577,0.13782542113323124,0.24226110363391656,90,653,7.2555555555555555,68.3198869228363,241.1480205393598,3.529689983411766,0.7591098546981812,0.6160975880093045,0.6876646876335144,0.02128745738451801,0.0005981173192754528,0.0059137971270273116,-0.06903005449677124,0.06903005449677124,50.0,70.0,20.0,50.0,90.0,295.0,495.0,0.0005712093914057592,0.02389998726789952,0.009387882146647866,2.18894937302828,0.9773896438547135,0.15427652106608014,0.009387882146647866,0.021979014086314457,50.0,20.0,30.0,-20.0,20.0,90.0,20.0,20.0,60.0,40.0,40.0,160.0,110.0,110.0,180.0,90.0,90.0,260.0,470.0,43.01162633521314
E09B-2,sample_001967,samples/sample_001967.npz,sample_001967_prediction.npz,0.0003058974980376661,0.002656054450199008,0.4759073920830494,0.08275862068965517,0.15286624203821655,72,870,12.083333333333334,34.3732488155365,275.77586984001067,8.022979478022505,0.47740623354911804,0.34061342229445773,0.4282894730567932,0.020855500574686412,0.00029083549923194385,0.0004493400733992508,1.0396332643159276,1.0396332643159276,20.0,40.0,20.0,90.0,40.0,195.0,120.0,0.0006651438309255023,0.025790382527707927,0.014040387105992777,2.655580812957941,0.7472852867736731,0.10719827340553115,0.014040387105992777,0.021633570228683337,20.0,20.0,20.0,0.0,0.0,50.0,10.0,10.0,30.0,10.0,10.0,450.0,360.0,360.0,380.0,340.0,340.0,225.0,190.0,76.15773105863909
E09B-2,sample_001694,samples/sample_001694.npz,sample_001694_prediction.npz,0.0007146410061977804,0.002068509580567479,0.8183390964190049,0.37997587454764775,0.5506993006993007,315,829,2.6317460317460317,200.4263225197792,398.1928911703815,1.9867295181803555,0.6362740397453308,0.6717853816728744,0.7812358736991882,0.0038919347273688363,0.0007044271456944533,0.0014605510893355089,1.819760583234185,1.819760583234185,50.0,100.0,50.0,90.0,70.0,305.0,215.0,0.000625529683382457,0.025010591424083857,0.010370912441734903,0.9466688703481775,0.9989249052366411,0.17971640963275604,0.010370912441734903,0.022759039050634918,50.0,50.0,30.0,-20.0,20.0,130.0,30.0,30.0,100.0,50.0,50.0,170.0,80.0,80.0,120.0,50.0,50.0,325.0,210.0,20.615528128088304
E09B-2,sample_001125,samples/sample_001125.npz,sample_001125_prediction.npz,0.0008035469800233841,0.0020408667623996735,0.6429500685880751,0.1643835616438356,0.2823529411764706,96,584,6.083333333333333,81.36629676818848,264.84921942575994,3.2550236393369594,0.8475655913352966,0.7582820951938629,0.8256776928901672,0.009251374907170096,0.0007952890561666637,0.005750047482146632,2.9173423183014364,2.9173423183014364,60.0,80.0,20.0,80.0,60.0,450.0,180.0,0.0005042632756214149,0.022455807169224955,0.00949478306232022,1.9759037635110686,0.9918217605559818,0.1393923049811267,0.00949478306232022,0.020349751109556398,60.0,20.0,50.0,-10.0,10.0,100.0,20.0,20.0,50.0,30.0,30.0,180.0,100.0,100.0,140.0,80.0,80.0,440.0,160.0,22.360679774997898
E09B-2,sample_001461,samples/sample_001461.npz,sample_001461_prediction.npz,0.00018404384900350124,0.0010237012756988406,0.9027884202473964,0.5263157894736842,0.6896551724137931,320,608,1.9,154.81274604797363,245.27823612171457,1.5843542756208675,0.4837898313999176,0.4987746338360012,0.6532158255577087,0.003342682290232571,0.0001737282430228325,0.0005463661156107829,-1.5748468964988689,1.5748468964988689,40.0,120.0,80.0,50.0,80.0,365.0,240.0,0.00016816115606026606,0.012967696636653175,0.0047842345745012105,0.6389432367445436,0.9988308637554995,0.12577669676384934,0.0047842345745012105,0.012052894075549379,40.0,80.0,20.0,-20.0,20.0,140.0,20.0,20.0,120.0,40.0,40.0,70.0,20.0,20.0,100.0,20.0,20.0,365.0,240.0,0.0
E09B-3,sample_000796,samples/sample_000796.npz,sample_000796_prediction.npz,0.0003958034794777632,0.0025186236016452312,0.8364295841992406,0.5251641137855579,0.6886657101865137,720,1371,1.9041666666666666,233.237042427063,454.613664741496,1.9491486429890788,0.32394033670425415,0.3533659051275916,0.6673234105110168,0.00594658576230165,0.00035484838121294424,0.0014393719072790425,3.5886666540848537,3.5886666540848537,40.0,70.0,30.0,150.0,160.0,175.0,170.0,0.0005523212927131041,0.023501516817284455,0.011617967573948946,0.7163294090873416,0.982691891493563,0.09481401703862588,0.011617967573948946,0.02042900198648419,40.0,30.0,30.0,-10.0,10.0,100.0,30.0,30.0,70.0,40.0,40.0,340.0,190.0,190.0,280.0,120.0,120.0,170.0,140.0,30.4138126514911
E09B-3,sample_001763,samples/sample_001763.npz,sample_001763_prediction.npz,0.0007512759766541421,0.0032319219317287207,0.8163604235671362,0.3171007927519819,0.4815133276010318,280,883,3.1535714285714285,142.34578132629395,459.6193449661683,3.2288933376437754,0.5083777904510498,0.6827021679707936,0.7662512063980103,0.035661987809054385,0.000651555487873713,0.00044995797615750033,0.7762618241709447,0.7762618241709447,40.0,110.0,70.0,80.0,50.0,510.0,495.0,0.0011000698093930538,0.03316730030305533,0.015809550817547872,1.692161036752993,0.9788300036971915,0.1858322708293919,0.015809550817547872,0.02915695307024425,40.0,70.0,30.0,-10.0,10.0,130.0,20.0,20.0,100.0,30.0,30.0,280.0,200.0,200.0,350.0,300.0,300.0,500.0,465.0,31.622776601683793
E09B-3,sample_000998,samples/sample_000998.npz,sample_000998_prediction.npz,0.00045127273187972605,0.002687714993953705,0.7481802267768706,0.35402298850574715,0.5229202037351444,462,1305,2.824675324675325,163.88124418258667,401.915558194894,2.452480515385298,0.3547213077545166,0.35033297522630524,0.510810911655426,0.00414247205781632,0.0004338432860628297,0.002307321101073795,1.8536865583873379,1.8536865583873379,80.0,110.0,30.0,110.0,140.0,235.0,380.0,0.0004464303171116357,0.021128897678573667,0.011747492627817584,1.2981927949827208,0.9927702926094352,0.09215155709797315,0.011747492627817584,0.017562082281751424,80.0,30.0,70.0,-10.0,10.0,140.0,30.0,30.0,70.0,40.0,40.0,250.0,140.0,140.0,200.0,60.0,60.0,245.0,370.0,14.142135623730951
E09B-3,sample_001629,samples/sample_001629.npz,sample_001629_prediction.npz,0.0008299762848764658,0.0032761329784989357,0.8756982925001775,0.46494464944649444,0.6347607052896725,504,1084,2.1507936507936507,287.289128780365,597.8070471380187,2.0808550942247708,0.5700181126594543,0.6949662358041794,0.8221631050109863,0.026537296359006653,0.0006974968608484725,0.000666619078892264,-1.0868530352793329,1.0868530352793329,70.0,130.0,60.0,60.0,140.0,440.0,210.0,0.0008609588647747345,0.02934210055150678,0.015099158555150906,1.0376704658350562,0.9993194316708797,0.14950262606187376,0.015099158555150906,0.0251589800210809,70.0,60.0,50.0,-20.0,20.0,160.0,30.0,30.0,110.0,50.0,50.0,210.0,150.0,150.0,190.0,50.0,50.0,445.0,205.0,7.0710678118654755
E09B-3,sample_001922,samples/sample_001922.npz,sample_001922_prediction.npz,0.0016189777525141835,0.004024260211735964,0.8876639467971245,0.5172413793103449,0.6818181818181818,750,1450,1.9333333333333333,600.9497344493866,991.8506247578839,1.6504718579610587,0.8012663125991821,0.8788365428447723,0.9509093165397644,0.008554231812239412,0.0015656590927767338,0.0012022914736094044,0.9039404917318166,0.9039404917318166,60.0,110.0,50.0,150.0,100.0,455.0,270.0,0.0017020313948230563,0.04125568318211512,0.019731421046583483,0.6251203311998537,0.9994631334840188,0.22208618794764567,0.019731421046583483,0.03623123539579486,60.0,50.0,40.0,-20.0,20.0,140.0,30.0,30.0,100.0,50.0,50.0,230.0,80.0,80.0,250.0,150.0,150.0,425.0,285.0,33.54101966249684
E09B-3,sample_001409,samples/sample_001409.npz,sample_001409_prediction.npz,0.000964844657573849,0.0018412899225950241,0.8071404135509519,0.4155844155844156,0.5871559633027523,224,539,2.40625,206.4456329345703,370.73752195438374,1.7958118885076302,0.9216322898864746,0.8899553066917828,0.971952497959137,0.0035212198847425847,0.0009590063471388065,0.0004256820339792046,2.0455749180093434,2.0455749180093434,20.0,90.0,70.0,40.0,80.0,480.0,290.0,0.0005915087453337053,0.024320952804808147,0.008928763015812845,0.619520909054797,0.9915671446693914,0.17978268515363915,0.008928763015812845,0.02262268632017776,20.0,70.0,0.0,-20.0,20.0,110.0,20.0,20.0,110.0,40.0,40.0,160.0,120.0,120.0,200.0,120.0,120.0,460.0,310.0,28.284271247461902
E09B-3,sample_000992,samples/sample_000992.npz,sample_000992_prediction.npz,0.0002549480996094644,0.0016134224133566022,0.9656806451792033,0.7074829931972789,0.8286852589641435,728,1029,1.4134615384615385,443.7051453590393,587.0523205793307,1.3230685438734255,0.6094850897789001,0.6627381096829424,0.8628955483436584,0.008856979672140027,0.00019076963583234086,9.871722201448392e-05,1.108734403110141,1.108734403110141,20.0,100.0,80.0,70.0,130.0,395.0,215.0,0.0002994441362454664,0.017304454231366746,0.007709732803599764,0.24340058411379845,0.9970209685757403,0.09922589051803998,0.007709732803599764,0.015492067529628319,20.0,80.0,20.0,0.0,0.0,110.0,10.0,10.0,90.0,10.0,10.0,270.0,200.0,200.0,210.0,80.0,80.0,395.0,225.0,10.0
E09B-3,sample_002128,samples/sample_002128.npz,sample_002128_prediction.npz,0.0004767598584294319,0.00214883079752326,0.7654815318285434,0.2679658952496955,0.42267050912584053,220,821,3.731818181818182,101.6027420759201,306.9510094185337,3.021089816544245,0.46183064579963684,0.5412660396911881,0.7160253524780273,0.015464365324150046,0.00044314300611153625,0.001240341117020828,-2.2872569618907335,2.2872569618907335,60.0,100.0,40.0,50.0,110.0,295.0,285.0,0.0005508559850530624,0.0234703213666337,0.010861335976211849,1.8827236708212873,0.9941203569443371,0.1372803077597399,0.010861335976211849,0.020805945445110365,60.0,40.0,50.0,-10.0,10.0,110.0,10.0,10.0,60.0,20.0,20.0,240.0,190.0,190.0,200.0,90.0,90.0,310.0,260.0,29.154759474226502
E09B-3,sample_001888,samples/sample_001888.npz,sample_001888_prediction.npz,0.0015281239757314324,0.003460661508142948,0.7896321650546403,0.3624161073825503,0.5320197044334976,378,1043,2.759259259259259,311.36883294582367,635.0805853128168,2.039640831435807,0.8237270712852478,0.8131051162878672,0.8780059218406677,0.002192484398573114,0.0015255595168218192,0.0006712193032891121,0.11888758144904443,0.11888758144904443,70.0,140.0,70.0,90.0,60.0,355.0,480.0,0.0009153201761442228,0.030254258810029088,0.015503978705590692,0.9977562026346964,0.9991708383953084,0.16590740801148784,0.015503978705590692,0.0259797386522808,70.0,70.0,50.0,-20.0,20.0,160.0,20.0,20.0,110.0,40.0,40.0,220.0,130.0,130.0,90.0,30.0,30.0,360.0,475.0,7.0710678118654755
E09B-3,sample_001536,samples/sample_001536.npz,sample_001536_prediction.npz,0.0011348637053743005,0.003431537188589573,0.7806954155051942,0.27079303675048355,0.426179604261796,280,1034,3.692857142857143,223.28286409378052,550.485521296861,2.465417682324483,0.7974388003349304,0.7890584779637201,0.8571001291275024,0.0013675479445541022,0.001134199108162258,0.0022257528295981962,5.386873239304748,5.386873239304748,40.0,80.0,40.0,70.0,100.0,455.0,380.0,0.00144346594409903,0.03799297229882166,0.017413199889008794,1.0797538326366776,0.9871630023511831,0.2525349641425756,0.017413199889008794,0.033767534907429266,40.0,40.0,20.0,-20.0,20.0,120.0,40.0,40.0,100.0,60.0,60.0,240.0,170.0,170.0,240.0,140.0,140.0,420.0,390.0,36.40054944640259
E09B-3,sample_000503,samples/sample_000503.npz,sample_000503_prediction.npz,0.0011563675943762064,0.003190805437043309,0.5439276449877759,0.09868421052631579,0.17964071856287425,90,912,10.133333333333333,83.0135428905487,359.6453204463622,4.332369248720605,0.9223726987838745,0.7166106084982554,0.7690793871879578,0.0451097491576629,0.0011160901427602335,0.005261260385206835,1.0001920559275277,1.0001920559275277,70.0,90.0,20.0,90.0,50.0,415.0,505.0,0.0009095891617418024,0.030159395911420413,0.014008503087719622,2.9474047915564703,0.9804090140914371,0.16686251073454594,0.014008503087719622,0.026708631619443784,70.0,20.0,50.0,-20.0,20.0,120.0,30.0,30.0,70.0,50.0,50.0,250.0,160.0,160.0,190.0,140.0,140.0,425.0,465.0,41.23105625617661
E09B-3,sample_001208,samples/sample_001208.npz,sample_001208_prediction.npz,0.0005171383381821215,0.001403353177011013,0.7648443011487284,0.3468208092485549,0.5150214592274678,180,519,2.8833333333333333,107.92141556739807,239.8978912876491,2.222894223786662,0.5995634198188782,0.6307166399227249,0.8258842825889587,0.006362666789899254,0.0005064152154866832,0.0008247689345241125,2.477966424299879,2.477966424299879,20.0,70.0,50.0,40.0,90.0,250.0,475.0,0.0004988379012829986,0.022334679341396386,0.007382328078344121,0.9604185775813152,0.9858926313916014,0.16532708061645773,0.007382328078344121,0.02107935324972497,20.0,50.0,20.0,0.0,0.0,90.0,20.0,20.0,70.0,20.0,20.0,130.0,90.0,90.0,190.0,100.0,100.0,235.0,495.0,25.0
E09B-3,sample_000155,samples/sample_000155.npz,sample_000155_prediction.npz,0.00034028198570013046,0.0019147592829540372,0.7335883160555904,0.28169014084507044,0.43956043956043955,240,852,3.55,82.30671644210815,265.2430770249467,3.222617648846555,0.3429446518421173,0.3988739643866817,0.5422031879425049,0.008869333632707721,0.00031940813045622447,0.0012647800322255667,0.4333290641756804,0.4333290641756804,70.0,110.0,40.0,60.0,100.0,340.0,440.0,0.0003260168181278276,0.01805593581423648,0.00922600693896893,1.9886112977946382,0.9908394063551074,0.09199175952217031,0.00922600693896893,0.015520876717825082,70.0,40.0,60.0,-10.0,10.0,130.0,20.0,20.0,70.0,30.0,30.0,240.0,180.0,180.0,170.0,70.0,70.0,360.0,435.0,20.615528128088304
E09B-3,sample_000172,samples/sample_000172.npz,sample_000172_prediction.npz,0.0004491521685849875,0.001821572775952518,0.6691703571312417,0.21460506706408347,0.35337423312883437,144,671,4.659722222222222,66.12655019760132,244.11997199722114,3.691708871364597,0.45921215415000916,0.49782657457722557,0.7896237969398499,0.003029379370812799,0.00044536703388120086,0.003097135883274709,0.8504475347147178,0.8504475347147178,60.0,80.0,20.0,90.0,80.0,445.0,390.0,0.00043214211088589215,0.020788028066314808,0.00943770447727511,2.3026955780284486,0.9789923412639902,0.11190342593165922,0.00943770447727511,0.018522198710885097,60.0,20.0,50.0,-10.0,10.0,100.0,20.0,20.0,50.0,30.0,30.0,220.0,130.0,130.0,210.0,130.0,130.0,450.0,355.0,35.35533905932738
E09B-3,sample_000676,samples/sample_000676.npz,sample_000676_prediction.npz,0.0005846588755957782,0.002411923371255398,0.6883130280558213,0.21705426356589147,0.35668789808917195,196,903,4.607142857142857,93.86811804771423,325.80821832307447,3.4709145671532737,0.47891896963119507,0.5132673481593326,0.6665465235710144,0.005392955650154289,0.0005750528388690448,0.0004608996259657957,-0.3334150581975308,0.3334150581975308,80.0,150.0,70.0,70.0,40.0,265.0,450.0,0.00039049548008358636,0.019760958480893237,0.010883114235940286,2.3359502072861202,0.9963464658443097,0.09592317002437539,0.010883114235940286,0.01649403845669884,80.0,70.0,70.0,-10.0,10.0,160.0,10.0,10.0,90.0,20.0,20.0,190.0,120.0,120.0,150.0,110.0,110.0,275.0,445.0,11.180339887498949
E09B-3,sample_000167,samples/sample_000167.npz,sample_000167_prediction.npz,0.00046875409316271544,0.0028055377770215273,0.7520818333582339,0.2845528455284553,0.4430379746835443,385,1353,3.5142857142857142,162.68452391028404,413.22199998347713,2.5400203415252793,0.42255720496177673,0.3938467319909628,0.4564608931541443,0.0025802436138289008,0.0004604520822949219,0.00043623430292445833,-1.0248879533484967,1.0248879533484967,80.0,150.0,70.0,50.0,110.0,445.0,445.0,0.00041786623254384445,0.020441776648418904,0.01170230100525805,1.4222427307899508,0.991989346814542,0.0880260584140965,0.01170230100525805,0.016760739354998062,80.0,70.0,70.0,-10.0,10.0,160.0,10.0,10.0,90.0,20.0,20.0,220.0,170.0,170.0,210.0,100.0,100.0,450.0,425.0,20.615528128088304
E09B-3,sample_000352,samples/sample_000352.npz,sample_000352_prediction.npz,0.00045585163752548397,0.002920598490163684,0.9508253181828166,0.6336,0.7757100881488737,792,1250,1.5782828282828283,481.7146625518799,747.8065975910338,1.5523849609009903,0.6082255840301514,0.6885391327768865,0.8131304383277893,0.013313616235795649,0.00035141987481767257,0.00016993319353274402,0.07317403676215406,0.07317403676215406,40.0,120.0,80.0,90.0,110.0,345.0,285.0,0.0007042339349638706,0.02653740633452845,0.013896369083142174,0.4439214877712342,0.9946458198332047,0.13923569175237271,0.013896369083142174,0.02260807071089793,40.0,80.0,30.0,-10.0,10.0,130.0,10.0,10.0,100.0,20.0,20.0,330.0,240.0,240.0,200.0,90.0,90.0,345.0,320.0,35.0
E09B-3,sample_001467,samples/sample_001467.npz,sample_001467_prediction.npz,0.0011232435936108232,0.0038250964134931564,0.8693508089399281,0.436477007014809,0.6077048290830168,560,1283,2.2910714285714286,347.71613597869873,711.3958136208889,2.0459096947530484,0.6209216713905334,0.7495385830955846,0.8668416738510132,0.026910856960607354,0.0009754998247333883,0.0003297774622629912,-0.19557599839102124,0.19557599839102124,70.0,150.0,80.0,50.0,140.0,355.0,200.0,0.0009886351938624151,0.03144256977192569,0.017351857273721228,0.9884981913179807,0.9988856033033705,0.1482940031236012,0.017351857273721228,0.026221141146312126,70.0,80.0,60.0,-10.0,10.0,160.0,10.0,10.0,100.0,20.0,20.0,210.0,160.0,160.0,220.0,80.0,80.0,365.0,220.0,22.360679774997898
E09B-3,sample_002010,samples/sample_002010.npz,sample_002010_prediction.npz,0.0010217722738161683,0.003505212953314185,0.6491391112048726,0.16326530612244897,0.2807017543859649,168,1029,6.125,156.31246948242188,388.1177654539356,2.4829609994587245,0.9304313659667969,0.5948028906825042,0.6845188736915588,0.11476244771693278,0.0008270585417310236,0.006728740131061939,0.9903311167108484,0.9903311167108484,80.0,100.0,20.0,60.0,140.0,170.0,470.0,0.0005038585269524196,0.022446793244301502,0.0112674034253384,1.3507748367813075,0.9955307390794608,0.11038739387154395,0.0112674034253384,0.01941401934178217,80.0,20.0,60.0,-20.0,20.0,130.0,30.0,30.0,70.0,50.0,50.0,230.0,170.0,170.0,210.0,70.0,70.0,175.0,455.0,15.811388300841896
E09B-3,sample_002098,samples/sample_002098.npz,sample_002098_prediction.npz,0.0006282090325839818,0.00397174246609211,0.8978776815173053,0.45531197301854975,0.6257242178447276,810,1779,2.196296296296296,470.3172558546066,806.8446934561201,1.7155328311099587,0.580638587474823,0.5619328748664738,0.6985126733779907,0.0038960247162196705,0.0006010593116525222,0.0006578085075625109,1.7808793443117992,1.7808793443117992,40.0,100.0,60.0,150.0,90.0,325.0,305.0,0.0010285242776266774,0.032070613926563324,0.017788520379536207,0.5209644573632372,0.9916418088037343,0.15497951130936322,0.017788520379536207,0.026685067366103883,40.0,60.0,0.0,-40.0,40.0,130.0,30.0,30.0,130.0,70.0,70.0,350.0,200.0,200.0,330.0,240.0,240.0,315.0,285.0,22.360679774997898
E09B-3,sample_001451,samples/sample_001451.npz,sample_001451_prediction.npz,0.00022386196360457689,0.0018673917511478066,0.7552445912063851,0.43609865470852016,0.6073380171740828,392,889,2.267857142857143,94.30146908760071,264.959036622416,2.8097021094791654,0.2405649721622467,0.2712594621282603,0.3917608857154846,0.005659935599610862,0.00020209813872534152,0.0008373625592761135,-1.4052567225468664,1.4052567225468664,20.0,90.0,70.0,80.0,70.0,390.0,335.0,0.0005074118258291224,0.022525803555680814,0.009565012561369452,1.3050429234590204,0.9649260700759742,0.13358650710106618,0.009565012561369452,0.020394174671458685,20.0,70.0,20.0,0.0,0.0,90.0,0.0,0.0,70.0,0.0,0.0,200.0,120.0,120.0,270.0,200.0,200.0,360.0,335.0,30.0
E09B-3,sample_000316,samples/sample_000316.npz,sample_000316_prediction.npz,0.0004671424685511738,0.0012196808820590377,0.39856088263608974,0.20565552699228792,0.3411513859275053,80,389,4.8625,23.076975345611572,139.9634357544609,6.065068478789055,0.28846219182014465,0.3295811340212822,0.9977255463600159,0.009767993913640954,0.0004595672515355332,0.003060119252482972,-4.6226030226676045,4.6226030226676045,20.0,60.0,40.0,50.0,40.0,475.0,350.0,0.0005164751824998041,0.02272609034787559,0.00684078070764505,3.8986293140234634,0.8161863665342433,0.19615739023515746,0.00684078070764505,0.021672076545862316,20.0,40.0,20.0,0.0,0.0,70.0,10.0,10.0,50.0,10.0,10.0,160.0,110.0,110.0,180.0,140.0,140.0,460.0,340.0,18.027756377319946
E09B-3,sample_001723,samples/sample_001723.npz,sample_001723_prediction.npz,0.00058367830934003,0.0031418895814567804,0.8322984714257458,0.3311867525298988,0.497581202487906,360,1087,3.0194444444444444,184.5861268043518,491.8944243649655,2.664850456970359,0.5127392411231995,0.5882570891744561,0.6956167221069336,0.009333981062334061,0.0005515159336656625,0.0008148605144600095,2.0059466317151333,2.0059466317151333,30.0,90.0,60.0,50.0,120.0,255.0,300.0,0.001210610961754213,0.03479383511132702,0.016622429555091942,1.1753967968793113,0.9819402063104492,0.2044982904753459,0.016622429555091942,0.030566416169387916,30.0,60.0,20.0,-10.0,10.0,120.0,30.0,30.0,100.0,40.0,40.0,240.0,190.0,190.0,350.0,230.0,230.0,240.0,285.0,21.213203435596427
E09B-3,sample_001111,samples/sample_001111.npz,sample_001111_prediction.npz,0.0011325831292197108,0.003192477859556675,0.8265978578042344,0.36562203228869894,0.5354659248956884,385,1053,2.735064935064935,306.5526646375656,600.5739520006323,1.959121616870254,0.7962406873703003,0.7911870278321304,0.8681472539901733,0.003985299948488085,0.001121366841222291,0.0012556831337192768,6.060266413225747,6.060266413225747,40.0,90.0,50.0,70.0,110.0,375.0,255.0,0.0009749454881047056,0.031224117090875532,0.015400343463407887,0.6934074547675101,0.9882233118720168,0.17093714679072225,0.015400343463407887,0.027162012247139856,40.0,50.0,20.0,-20.0,20.0,120.0,30.0,30.0,100.0,50.0,50.0,280.0,210.0,210.0,280.0,170.0,170.0,360.0,180.0,76.48529270389177
E09B-3,sample_000562,samples/sample_000562.npz,sample_000562_prediction.npz,0.00044890513527207077,0.001989268697798252,0.7314741135085664,0.21517241379310345,0.35414301929625425,156,725,4.647435897435898,97.30296850204468,273.5000767791548,2.8108091766327523,0.6237369775772095,0.5674100963351054,0.6892544031143188,0.00797967782182797,0.00043693548381091766,0.001857324026139959,2.3906215421180548,2.3906215421180548,50.0,80.0,30.0,40.0,130.0,490.0,495.0,0.00044724077256685165,0.021148067821123794,0.009100175354968817,1.5077656009617704,0.9760324041865993,0.11622391855191888,0.009100175354968817,0.01908998640847263,50.0,30.0,40.0,-10.0,10.0,110.0,30.0,30.0,70.0,40.0,40.0,230.0,190.0,190.0,210.0,80.0,80.0,495.0,475.0,20.615528128088304
E09B-3,sample_002168,samples/sample_002168.npz,sample_002168_prediction.npz,0.0007222251151688397,0.0025783071760088205,0.5003478433397331,0.1095890410958904,0.19753086419753085,88,803,9.125,75.48128128051758,260.3710177622397,3.449477981098393,0.8577418327331543,0.4681501225991683,0.6895329356193542,0.15257248326331496,0.0005861697182261089,0.006711700243415927,3.920690538758599,3.920690538758599,30.0,50.0,20.0,110.0,40.0,415.0,420.0,0.0008099180881381702,0.02845905986040597,0.010522934738935718,1.7261451204236153,0.9481096184854126,0.18242918467155206,0.010522934738935718,0.02644212420775362,30.0,20.0,20.0,-10.0,10.0,80.0,30.0,30.0,60.0,40.0,40.0,210.0,100.0,100.0,200.0,160.0,160.0,395.0,420.0,20.0
E09B-3,sample_001196,samples/sample_001196.npz,sample_001196_prediction.npz,0.0009015027317218482,0.0027756488416343927,0.622132750089972,0.11734028683181226,0.2100350058343057,90,767,8.522222222222222,88.26255083084106,323.3019733578931,3.662957509323689,0.9806950092315674,0.7705953028466966,0.8157247304916382,0.04550911316658567,0.0008606258590066855,0.003403686179851626,6.135470118097942,6.135470118097942,50.0,80.0,30.0,60.0,50.0,110.0,525.0,0.0007383119462305949,0.027171896257541447,0.011578478563771444,2.0028764742953133,0.9662156926384756,0.1607622953948467,0.011578478563771444,0.024581512979857036,50.0,30.0,40.0,-10.0,10.0,120.0,40.0,40.0,80.0,50.0,50.0,170.0,110.0,110.0,220.0,170.0,170.0,85.0,470.0,60.41522986797286
E09B-3,sample_001899,samples/sample_001899.npz,sample_001899_prediction.npz,0.00030166885699145496,0.0021907316986471415,0.7611264532130867,0.38403990024937656,0.554954954954955,462,1203,2.603896103896104,150.69104826450348,329.49482596319433,2.186558722352518,0.3261711001396179,0.29591933137926707,0.4364132583141327,0.0037976828044009566,0.0002851610323294453,0.002310933206541996,1.0293420948719074,1.0293420948719074,80.0,110.0,30.0,110.0,140.0,165.0,350.0,0.00025574326055405073,0.015991974879734232,0.008716563452993892,1.0696350283707063,0.9960010045662108,0.06795339550455376,0.008716563452993892,0.013407638946659547,80.0,30.0,70.0,-10.0,10.0,140.0,30.0,30.0,70.0,40.0,40.0,240.0,130.0,130.0,190.0,50.0,50.0,180.0,345.0,15.811388300841896
E09B-3,sample_000775,samples/sample_000775.npz,sample_000775_prediction.npz,0.0005468335002660751,0.0031733661890029907,0.8279836248275025,0.5071542130365659,0.6729957805907173,640,1256,1.9625,211.01202011108398,493.36953842009046,2.3381110619213246,0.3297062814235687,0.41182924892054873,0.5721207857131958,0.020561617744649773,0.0004156750096715236,0.0007952788537715138,-2.4829572882824493,2.4829572882824493,60.0,140.0,80.0,160.0,50.0,440.0,325.0,0.0006640265943582539,0.02576871347891186,0.013964125544111625,1.2359592393428962,0.9961048860219891,0.12191126472785208,0.013964125544111625,0.02165709565353912,60.0,80.0,50.0,-10.0,10.0,150.0,10.0,10.0,100.0,20.0,20.0,300.0,140.0,140.0,200.0,150.0,150.0,450.0,330.0,11.180339887498949
E09B-3,sample_001971,samples/sample_001971.npz,sample_001971_prediction.npz,0.0010923367226496339,0.004348221700638533,0.6342045375680069,0.12738853503184713,0.22598870056497175,160,1256,7.85,147.76297569274902,479.7810614277566,3.2469639920177937,0.9235185980796814,0.6253015324473381,0.6989467740058899,0.09024326161950066,0.0009469977339073358,0.006095032062556742,2.1589037016577777,2.1589037016577777,50.0,70.0,20.0,160.0,50.0,240.0,195.0,0.0012741729626898214,0.0356955594253658,0.017707357868673234,1.6449679990430661,0.9551049739508386,0.14775181376570357,0.017707357868673234,0.030993909724340324,50.0,20.0,30.0,-20.0,20.0,110.0,40.0,40.0,80.0,60.0,60.0,340.0,180.0,180.0,250.0,200.0,200.0,230.0,155.0,41.23105625617661
E09B-3,sample_002064,samples/sample_002064.npz,sample_002064_prediction.npz,0.001478475984185934,0.005060893949121237,0.807964500425254,0.3766552231486023,0.5472034200213751,768,2039,2.6549479166666665,498.9137878417969,909.7826336034864,1.823526741040827,0.6496273279190063,0.5942349950006852,0.7170196175575256,0.005140101815797819,0.0014496441994183993,0.002455197853742611,4.070965802537103,4.070965802537103,80.0,120.0,40.0,160.0,120.0,170.0,440.0,0.0011905740943258434,0.034504696699519666,0.01908257599976188,0.7408066487193825,0.9986977688823924,0.15152410382866988,0.01908257599976188,0.028747684907469595,80.0,40.0,60.0,-20.0,20.0,160.0,40.0,40.0,100.0,60.0,60.0,260.0,100.0,100.0,210.0,90.0,90.0,200.0,425.0,33.54101966249684
E09B-3,sample_001548,samples/sample_001548.npz,sample_001548_prediction.npz,0.0010309360222890973,0.003484278917312622,0.8321333547118752,0.31058823529411766,0.473967684021544,396,1275,3.2196969696969697,281.8826107978821,610.7242002612016,2.166590548216216,0.7118247747421265,0.7570160705633838,0.8722510933876038,0.008388504529157657,0.0010011775660030459,0.0012686181085704428,1.0859506493295328,1.0859506493295328,50.0,90.0,40.0,90.0,110.0,455.0,335.0,0.0013410387613572066,0.03662019608572852,0.01737274287772236,0.967293392076041,0.9866684122004307,0.18502142986058334,0.01737274287772236,0.032237037181815476,50.0,40.0,40.0,-10.0,10.0,110.0,20.0,20.0,70.0,30.0,30.0,310.0,220.0,220.0,250.0,140.0,140.0,455.0,275.0,60.0
E09B-3,sample_000381,samples/sample_000381.npz,sample_000381_prediction.npz,0.0007817086880095303,0.003079269314184785,0.7703204445952059,0.4929343308395677,0.6603563474387528,600,1196,1.9933333333333334,171.90202474594116,448.02729416359284,2.606294456541422,0.2865033745765686,0.40849443822478254,0.9638996720314026,0.03359617018128686,0.0005801951526062461,0.0020933105374186995,-1.7151075998924838,1.7151075998924838,30.0,70.0,40.0,100.0,150.0,440.0,425.0,0.0012678181745402453,0.03560643445418602,0.015548081627734373,1.2694452015214936,0.9747149026892671,0.16659709190350452,0.015548081627734373,0.03203241065292392,30.0,40.0,20.0,-10.0,10.0,80.0,10.0,10.0,60.0,20.0,20.0,240.0,140.0,140.0,330.0,180.0,180.0,410.0,405.0,36.05551275463989
E09B-3,sample_000114,samples/sample_000114.npz,sample_000114_prediction.npz,0.0014792565489187837,0.004811734426766634,0.7368144914093065,0.2776171197223829,0.4345857854232684,480,1729,3.6020833333333333,322.79139518737793,714.4569516681581,2.213370499710568,0.6724820733070374,0.5959149460929135,0.7569523453712463,0.01591148741004302,0.0014084409182791367,0.0060320734926472145,-0.20473982876119123,0.20473982876119123,80.0,100.0,20.0,150.0,160.0,485.0,350.0,0.001350167694062994,0.03674462809803623,0.019431675357882174,1.1468229263084588,0.9956544349312813,0.1646567129666674,0.019431675357882174,0.031186177817245708,80.0,20.0,60.0,-20.0,20.0,130.0,30.0,30.0,70.0,50.0,50.0,290.0,140.0,140.0,230.0,70.0,70.0,495.0,335.0,18.027756377319946
E09B-3,sample_000761,samples/sample_000761.npz,sample_000761_prediction.npz,0.0012912171659991145,0.002887522103264928,0.7406074798736172,0.29652042360060515,0.4574095682613769,196,661,3.372448979591837,195.83123445510864,432.1815741738395,2.206908287007253,0.9991389513015747,0.8779536731997315,0.93529212474823,0.016582359511435982,0.0012606685278470948,0.0005183507785462748,1.2129146517751366,1.2129146517751366,50.0,120.0,70.0,70.0,40.0,155.0,200.0,0.0006326017453340074,0.025151575404614466,0.011618611608140534,1.045640020755027,0.996198474380512,0.1610226177644491,0.011618611608140534,0.022307164984219523,50.0,70.0,40.0,-10.0,10.0,150.0,30.0,30.0,110.0,40.0,40.0,250.0,180.0,180.0,170.0,130.0,130.0,155.0,155.0,45.0
E09B-3,sample_001580,samples/sample_001580.npz,sample_001580_prediction.npz,0.0008269534446299076,0.002368062036111951,0.9034801699481729,0.5466970387243736,0.7069219440353461,480,878,1.8291666666666666,401.34976387023926,619.7179552427068,1.5440845143814967,0.8361453413963318,0.8669380954156319,0.9253909587860107,0.004751110316759654,0.0008076985046126197,0.00019368935550895228,-1.1484821081182588,1.1484821081182588,40.0,120.0,80.0,120.0,50.0,500.0,525.0,0.0006147499887287558,0.024794152309138454,0.01081570455101872,0.4899281653604013,0.9983300318513345,0.16475770906170256,0.01081570455101872,0.022310771474644903,40.0,80.0,0.0,-40.0,40.0,130.0,10.0,10.0,130.0,50.0,50.0,320.0,200.0,200.0,220.0,170.0,170.0,480.0,530.0,20.615528128088304
E09B-3,sample_001591,samples/sample_001591.npz,sample_001591_prediction.npz,0.0006371294730342925,0.0037489207461476326,0.8920488922408276,0.7036632039365773,0.8260590500641849,1320,1796,1.3606060606060606,381.7951512336731,689.1137119148,1.8049304965977326,0.28923875093460083,0.38719761222177607,0.5865530371665955,0.026806005042670014,0.0002809582344229423,0.0007409811444436559,-3.0118829047893882,3.0118829047893882,70.0,150.0,80.0,110.0,150.0,395.0,325.0,0.0007062651504305522,0.026575649576831648,0.015063994841222483,0.7837116322452775,0.9987528648494213,0.11782832810498667,0.015063994841222483,0.021893862378625083,70.0,80.0,60.0,-10.0,10.0,160.0,10.0,10.0,100.0,20.0,20.0,260.0,150.0,150.0,210.0,60.0,60.0,420.0,315.0,26.92582403567252
E09B-3,sample_000709,samples/sample_000709.npz,sample_000709_prediction.npz,0.0012052388628944755,0.0038668708875775337,0.629205584307504,0.17804154302670624,0.3022670025188917,180,1011,5.616666666666666,170.6106162071228,421.9540524877492,2.4731992760373904,0.9478367567062378,0.5900993429952197,0.6346832513809204,0.12857828803492696,0.0009715839869355639,0.0041575680442660625,3.254203631329844,3.254203631329844,80.0,110.0,30.0,120.0,50.0,480.0,315.0,0.0005360331277287253,0.02315238924449754,0.012118119018537408,1.3121646453516718,0.9973005791326962,0.11458134181674423,0.012118119018537408,0.0197277550466668,80.0,30.0,60.0,-20.0,20.0,150.0,40.0,40.0,90.0,60.0,60.0,240.0,120.0,120.0,140.0,90.0,90.0,480.0,330.0,15.0
E09B-3,sample_000703,samples/sample_000703.npz,sample_000703_prediction.npz,0.000669312896206975,0.0036201521288603544,0.9061253371290958,0.42518397383483236,0.5966724039013196,520,1223,2.351923076923077,243.65123629570007,597.843496751185,2.4536854638637253,0.4685600697994232,0.652241942171867,0.7775977849960327,0.040416497995249025,0.0004579436187758972,0.00040062270507461973,-0.9998781853006165,0.9998781853006165,30.0,110.0,80.0,130.0,50.0,465.0,415.0,0.0016463950268893004,0.04057579360763385,0.01878076117281437,1.1732360342799075,0.991978253186783,0.26248691655454937,0.01878076117281437,0.03596773605134202,30.0,80.0,20.0,-10.0,10.0,120.0,10.0,10.0,100.0,20.0,20.0,260.0,130.0,130.0,310.0,260.0,260.0,410.0,395.0,58.52349955359813
E09B-3,sample_001400,samples/sample_001400.npz,sample_001400_prediction.npz,0.00042955612298101187,0.002331153256818652,0.7316322797221203,0.24469160768452983,0.3931762794476036,242,989,4.086776859504132,134.1245481967926,301.94155197362835,2.2512027517185618,0.5542336702346802,0.4274884698804745,0.5222537517547607,0.016850912288655897,0.00038903103884266684,0.003467910173118429,2.539765312653259,2.539765312653259,30.0,50.0,20.0,110.0,110.0,425.0,365.0,0.0005160651588717233,0.022717067567618036,0.009572766414240933,0.8677022707499141,0.9681530971511172,0.10847962277211898,0.009572766414240933,0.020601633480141913,30.0,20.0,20.0,-10.0,10.0,70.0,20.0,20.0,50.0,30.0,30.0,230.0,120.0,120.0,280.0,170.0,170.0,415.0,380.0,18.027756377319946
E09B-3,sample_001887,samples/sample_001887.npz,sample_001887_prediction.npz,0.0004903208464384079,0.0019985756371170282,0.8265258086930882,0.3551609322974473,0.5241605241605242,320,901,2.815625,185.7793426513672,360.29984099107475,1.939396683447266,0.5805604457855225,0.5705109325237572,0.7475588917732239,0.00508000527505644,0.00047533170302977405,0.0006785919704576018,-0.08006679952860907,0.08006679952860907,20.0,70.0,50.0,40.0,160.0,380.0,240.0,0.0006226718652149857,0.02495339386165709,0.009984898698804147,0.7067301628586372,0.9660448669183657,0.13385668104149626,0.009984898698804147,0.022868617430653847,20.0,50.0,20.0,0.0,0.0,80.0,10.0,10.0,60.0,10.0,10.0,190.0,150.0,150.0,270.0,110.0,110.0,355.0,255.0,29.154759474226502
E09B-3,sample_001331,samples/sample_001331.npz,sample_001331_prediction.npz,0.0015416560927405953,0.0025426018983125687,0.2545284486767029,0.17432646592709986,0.2968960863697706,110,631,5.736363636363636,28.615364134311676,277.9696243123598,9.71399920013795,0.26013967394828796,0.3106830678202889,1.0,0.0045068643353614575,0.001538334524889995,0.00035167646404592363,1.5832906414759158,1.5832906414759158,20.0,40.0,20.0,50.0,110.0,375.0,195.0,0.0021555780316297136,0.046428202976528325,0.014679728810890764,6.150720192877607,0.6180173172801292,0.36573514761877984,0.014679728810890764,0.04404638002910588,20.0,20.0,20.0,0.0,0.0,70.0,30.0,30.0,50.0,30.0,30.0,290.0,240.0,240.0,220.0,110.0,110.0,275.0,190.0,100.12492197250393
E09B-3,sample_001596,samples/sample_001596.npz,sample_001596_prediction.npz,0.001465491484850645,0.0045392573811113834,0.6635581769896645,0.19626168224299065,0.328125,252,1284,5.095238095238095,230.43040251731873,527.2308279048739,2.2880263287534213,0.9144063591957092,0.6179248094558716,0.6910126209259033,0.08900850657906265,0.0012405002081375123,0.006948258790867732,0.594656123685823,0.594656123685823,80.0,100.0,20.0,140.0,90.0,390.0,355.0,0.000815633799511523,0.02855930320423667,0.015057188005111532,1.1807500756104008,0.9970359013333839,0.13506239667346198,0.015057188005111532,0.024267568664582954,80.0,20.0,60.0,-20.0,20.0,130.0,30.0,30.0,70.0,50.0,50.0,250.0,110.0,110.0,160.0,70.0,70.0,385.0,350.0,7.0710678118654755
E09B-3,sample_002009,samples/sample_002009.npz,sample_002009_prediction.npz,0.00029876394546590745,0.0022948177065700293,0.7711291736391872,0.44022906227630637,0.6113320079522863,616,1396,2.2662337662337664,175.44790244102478,367.8523058389413,2.096646928922912,0.28481802344322205,0.2642563428705582,0.39990589022636414,0.002018516346480777,0.0002879195238977344,0.0015806738125090584,6.062233500331871,6.062233500331871,80.0,120.0,40.0,140.0,110.0,360.0,135.0,0.0002429329608507442,0.015586306838078871,0.008847943119558041,0.9342400740320911,0.9955218037790514,0.061929964035177254,0.008847943119558041,0.012831479392642524,80.0,40.0,70.0,-10.0,10.0,150.0,30.0,30.0,80.0,40.0,40.0,240.0,100.0,100.0,170.0,60.0,60.0,370.0,135.0,10.0
E09B-3,sample_002116,samples/sample_002116.npz,sample_002116_prediction.npz,0.0013130391016602516,0.004161187447607517,0.896869715769143,0.45870307167235497,0.6289190453907346,672,1465,2.1800595238095237,638.236249923706,952.328096073965,1.492124736236472,0.9497563242912292,0.8790944655913682,0.9404835104942322,0.0063334112635799545,0.0012784838618365643,0.0006605683334992741,3.9504401218988505,3.9504401218988505,40.0,110.0,70.0,60.0,160.0,190.0,340.0,0.0008012980348592676,0.028307208178470506,0.015800917589461567,0.35108031035441345,0.9935330942389848,0.11609459467371347,0.015800917589461567,0.02348678433056155,40.0,70.0,0.0,-40.0,40.0,130.0,20.0,20.0,130.0,60.0,60.0,330.0,270.0,270.0,360.0,200.0,200.0,165.0,330.0,26.92582403567252
E09B-3,sample_000238,samples/sample_000238.npz,sample_000238_prediction.npz,0.0008719891193322837,0.003476369194686413,0.9448232025683496,0.6881720430107527,0.8152866242038217,1344,1953,1.453125,988.6517601013184,1262.5511649467257,1.2770433593496437,0.7356039881706238,0.7328484428691722,0.8365065455436707,0.0042099257446409025,0.0008257207254744105,0.00046011207812628635,0.7554345610982693,0.7554345610982693,50.0,120.0,70.0,160.0,120.0,350.0,150.0,0.0007012857017941263,0.026481799444035642,0.013659086844862901,0.2465622247881896,0.9988953668564038,0.1339583749283766,0.013659086844862901,0.022687332332352775,50.0,70.0,30.0,-20.0,20.0,200.0,80.0,80.0,170.0,100.0,100.0,380.0,220.0,220.0,200.0,80.0,80.0,350.0,160.0,10.0
E09B-3,sample_000737,samples/sample_000737.npz,sample_000737_prediction.npz,0.000249742268351838,0.0018116849241778255,0.7496944618939478,0.3116883116883117,0.4752475247524752,240,770,3.2083333333333335,93.02326440811157,256.53583013914715,2.7577599192141165,0.3875969350337982,0.36105733265479406,0.47372978925704956,0.0021424307174789585,0.0002451101343008126,0.002609014135615628,4.582716997817101,4.582716997817101,40.0,70.0,30.0,50.0,160.0,375.0,160.0,0.0004081815933583724,0.020203504482103406,0.00877529083826773,1.3760205141834376,0.9769931460316597,0.11762049564581306,0.00877529083826773,0.018198237938388068,40.0,30.0,20.0,-20.0,20.0,100.0,30.0,30.0,80.0,50.0,50.0,160.0,110.0,110.0,220.0,60.0,60.0,340.0,180.0,40.311288741492746
E09B-3,sample_000271,samples/sample_000271.npz,sample_000271_prediction.npz,0.0012134468415752053,0.004209925886243582,0.7501889198783108,0.2745762711864407,0.4308510638297872,405,1475,3.6419753086419755,286.7427536845207,618.0390328485408,2.155378034517022,0.7080067992210388,0.606085471312205,0.7053345441818237,0.013812821720482673,0.0011613243472784664,0.002982927840438254,0.729804953021258,0.729804953021258,80.0,110.0,30.0,90.0,150.0,365.0,435.0,0.0009263983104804152,0.03043679205304684,0.016411217831341595,1.064775919440408,0.9962829439698564,0.13900131412910244,0.016411217831341595,0.025633381356595753,80.0,30.0,60.0,-20.0,20.0,150.0,40.0,40.0,90.0,60.0,60.0,240.0,150.0,150.0,210.0,60.0,60.0,370.0,435.0,5.0
E09B-3,sample_001280,samples/sample_001280.npz,sample_001280_prediction.npz,0.0020908007863909006,0.0034394972026348114,0.30740697931783584,0.22950819672131148,0.37333333333333335,210,915,4.357142857142857,63.227905333042145,396.46752911983987,6.2704517417035275,0.3010852634906769,0.32235672225554785,1.0,0.0034118865370330194,0.0020879725307720357,0.0003749172844163967,1.4652036762280716,1.4652036762280716,20.0,40.0,20.0,70.0,150.0,415.0,485.0,0.002828863578990523,0.05318706213911916,0.019515533113965415,3.6353907568516592,0.639878492154721,0.3722558731124332,0.019515533113965415,0.04947734376730669,20.0,20.0,20.0,0.0,0.0,70.0,30.0,30.0,50.0,30.0,30.0,300.0,230.0,230.0,510.0,360.0,360.0,320.0,355.0,161.01242188104618
E09B-3,sample_000473,samples/sample_000473.npz,sample_000473_prediction.npz,0.0007893231231719255,0.003590333042666316,0.9185346052135441,0.5491153142159854,0.7089405277668374,900,1639,1.8211111111111111,463.0685806274414,792.3164196384732,1.7110131258849666,0.5145206451416016,0.6299630487296316,0.8587348461151123,0.029962554265901848,0.0005197663284094241,0.0008601366646359424,0.7515723982979523,0.7515723982979523,50.0,90.0,40.0,150.0,150.0,445.0,245.0,0.0012569078854592108,0.03545289671464394,0.017233937300411787,0.6290450249048674,0.994807650199129,0.1706295636425521,0.017233937300411787,0.030982241535832847,50.0,40.0,40.0,-10.0,10.0,110.0,20.0,20.0,70.0,30.0,30.0,290.0,140.0,140.0,280.0,130.0,130.0,465.0,200.0,49.24428900898052
E09B-3,sample_001502,samples/sample_001502.npz,sample_001502_prediction.npz,0.000573661585804075,0.0023583064321428537,0.7611057777642699,0.3189326556543837,0.4836223506743738,252,786,3.119047619047619,71.70944917201996,300.1165014109003,4.185173709687365,0.28456130623817444,0.49678968434177695,0.675758957862854,0.0639192401467867,0.00041085933597462406,0.001027774302767007,-0.13439568061063767,0.13439568061063767,70.0,140.0,70.0,60.0,60.0,160.0,450.0,0.0004440426851426008,0.021072320354972796,0.01070274776898241,2.981213569276642,0.9954403363464174,0.11003560889450431,0.01070274776898241,0.01815196615620861,70.0,70.0,70.0,0.0,0.0,160.0,20.0,20.0,90.0,20.0,20.0,210.0,150.0,150.0,140.0,80.0,80.0,165.0,440.0,11.180339887498949
E09B-3,sample_000960,samples/sample_000960.npz,sample_000960_prediction.npz,0.0009736402425915003,0.0033384617418050766,0.7489555491438692,0.30139103554868624,0.46318289786223277,390,1294,3.317948717948718,203.0231523513794,527.3294017619592,2.5973855476802536,0.5205721855163574,0.5595945170292488,0.9509173631668091,0.0035846365284976757,0.0009632404252569417,0.0036452206949555473,0.025714806917150668,0.025714806917150668,70.0,90.0,20.0,130.0,150.0,165.0,265.0,0.001075588993810871,0.032796173462934224,0.016567063169291737,1.4499282786131331,0.9894544205084188,0.14856904460707565,0.016567063169291737,0.02830408825162133,70.0,20.0,60.0,-10.0,10.0,110.0,20.0,20.0,50.0,30.0,30.0,260.0,130.0,130.0,240.0,90.0,90.0,190.0,230.0,43.01162633521314
E09B-3,sample_001604,samples/sample_001604.npz,sample_001604_prediction.npz,0.0007788495277054608,0.0027977025602012873,0.8110050715854489,0.3448275862068966,0.5128205128205128,320,928,2.9,209.39214706420898,463.9718944290105,2.2158037010181473,0.6543504595756531,0.678126509487629,0.8017906546592712,0.009976591206838964,0.0007488112304623434,0.000442039090667486,-3.023680637836577,3.023680637836577,70.0,150.0,80.0,50.0,80.0,265.0,500.0,0.0005157953098312201,0.022711127445180262,0.01207470244201729,1.1504998473597596,0.9954121477711277,0.11945512131611269,0.01207470244201729,0.01923530272098575,70.0,80.0,50.0,-20.0,20.0,160.0,10.0,10.0,110.0,30.0,30.0,280.0,230.0,230.0,210.0,130.0,130.0,250.0,455.0,47.43416490252569
E09B-3,sample_001049,samples/sample_001049.npz,sample_001049_prediction.npz,0.00037461883039213717,0.0021239144261926413,0.8123111567299199,0.5803571428571429,0.7344632768361582,630,963,1.5285714285714285,164.42838996648788,328.9066189233344,2.0003031045330357,0.2609974443912506,0.3259332238740864,0.5888277888298035,0.02551996595606975,0.0002124306500799685,0.0021257676170005455,-4.114723643811857,4.114723643811857,50.0,110.0,60.0,70.0,150.0,215.0,405.0,0.0003314161571541948,0.01820483883900637,0.008674542121380047,0.9321257180264777,0.9954921666499004,0.09185524688828944,0.008674542121380047,0.016005264013398784,50.0,60.0,50.0,0.0,0.0,110.0,0.0,0.0,60.0,0.0,0.0,240.0,170.0,170.0,220.0,70.0,70.0,230.0,390.0,21.213203435596427
E09B-3,sample_001954,samples/sample_001954.npz,sample_001954_prediction.npz,0.0004131445020902902,0.0018788595916703343,0.6516009393172283,0.1891891891891892,0.3181818181818182,140,740,5.285714285714286,69.94698226451874,243.63894332670853,3.4831944915841877,0.49962130188941956,0.4618032406483378,0.5204522013664246,0.003109535346077224,0.00040929899120715634,0.004883593667175994,2.1429196315058476,2.1429196315058476,80.0,100.0,20.0,100.0,70.0,400.0,495.0,0.00029166478137562595,0.01707819608084021,0.008489269795318423,2.2429579795075028,0.994082182636812,0.08719087686635577,0.008489269795318423,0.014818808309642184,80.0,20.0,70.0,-10.0,10.0,130.0,30.0,30.0,60.0,40.0,40.0,230.0,130.0,130.0,140.0,70.0,70.0,395.0,490.0,7.0710678118654755
E09B-3,sample_001051,samples/sample_001051.npz,sample_001051_prediction.npz,0.0007827041554264724,0.0031162176746875048,0.8118253430667659,0.2462686567164179,0.39520958083832336,264,1072,4.0606060606060606,169.32887077331543,470.2994559522137,2.777432187460901,0.64139723777771,0.7383459402304707,0.8507930040359497,0.016467830054028375,0.0007404676154073701,0.0011333380051847142,5.005572286475044,5.005572286475044,40.0,80.0,40.0,110.0,60.0,165.0,520.0,0.0011544140356980859,0.03397666899061893,0.015406970636002739,1.2777268607255938,0.9681749729301685,0.1770496663126389,0.015406970636002739,0.03028265661264605,40.0,40.0,30.0,-10.0,10.0,110.0,30.0,30.0,80.0,40.0,40.0,270.0,160.0,160.0,290.0,230.0,230.0,135.0,495.0,39.05124837953327
E09B-3,sample_000519,samples/sample_000519.npz,sample_000519_prediction.npz,0.0006466495688073337,0.003512114519253373,0.909532892664186,0.6332599118942731,0.7754551584625758,1152,1814,1.5746527777777777,485.49850845336914,783.8961223660979,1.6146210723969485,0.42143967747688293,0.4928099187090993,0.6750004291534424,0.016645174398317867,0.00045694374077019884,0.0006090519819060928,-0.04578585035083904,0.04578585035083904,70.0,130.0,60.0,160.0,120.0,190.0,260.0,0.0007156863279070287,0.026752314440194304,0.01452476690728647,0.5845910601633663,0.9993911326676731,0.121445516768804,0.01452476690728647,0.022465918058161446,70.0,60.0,60.0,-10.0,10.0,150.0,20.0,20.0,90.0,30.0,30.0,250.0,90.0,90.0,180.0,60.0,60.0,225.0,270.0,36.40054944640259
E09B-3,sample_002133,samples/sample_002133.npz,sample_002133_prediction.npz,0.00023218948626890779,0.0019197907531633973,0.7785735242285866,0.41189931350114417,0.5834683954619124,360,874,2.4277777777777776,119.72476601600647,286.9183094828166,2.396482524296246,0.33256879448890686,0.31150307891269524,0.4630483388900757,0.0024575297240273897,0.00022401010284160374,0.0003506044307410249,2.765393112222064,2.765393112222064,20.0,80.0,60.0,120.0,50.0,250.0,245.0,0.00043243396187399395,0.02079504657061373,0.009168664226377469,0.9241195390623471,0.9575838346287302,0.11795442964921651,0.009168664226377469,0.01866466067674256,20.0,60.0,20.0,0.0,0.0,100.0,20.0,20.0,80.0,20.0,20.0,220.0,100.0,100.0,200.0,150.0,150.0,230.0,270.0,32.01562118716424
E09B-3,sample_000492,samples/sample_000492.npz,sample_000492_prediction.npz,0.00017155137902591377,0.0014828135026618838,0.7321500321788894,0.4294117647058823,0.6008230452674898,336,636,1.8928571428571428,69.23460531234741,194.5270346394794,2.8096792602757446,0.20605537295341492,0.23882841517306155,0.4727747142314911,0.012080008336682643,0.00013070905750910846,0.0019277600774893731,-2.036787713047694,2.036787713047694,30.0,90.0,60.0,40.0,140.0,390.0,410.0,0.0002673394480325652,0.016350518280243143,0.006922318771360956,1.5014482502971895,0.9817195460848511,0.09678195941241596,0.006922318771360956,0.014812864370547277,30.0,60.0,20.0,-10.0,10.0,90.0,0.0,0.0,70.0,10.0,10.0,190.0,150.0,150.0,270.0,130.0,130.0,395.0,415.0,7.0710678118654755
E09B-3,sample_000901,samples/sample_000901.npz,sample_000901_prediction.npz,0.0019278541440144181,0.0046334341168403625,0.7720394442574361,0.3115264797507788,0.4750593824228028,400,1284,3.21,387.03465461730957,723.0794416297553,1.868255033505252,0.9675866365432739,0.8182862095534802,0.8810524344444275,0.023317262937786874,0.001840464884730882,0.002308532975150161,1.428828371353049,1.428828371353049,70.0,110.0,40.0,100.0,100.0,200.0,200.0,0.0011140991957344498,0.03337812450894223,0.016568653302905714,0.7992085739647671,0.9989074586322032,0.1755809949539041,0.016568653302905714,0.02897548832138229,70.0,40.0,50.0,-20.0,20.0,140.0,30.0,30.0,90.0,50.0,50.0,240.0,140.0,140.0,150.0,50.0,50.0,190.0,185.0,18.027756377319946
E09B-3,sample_000728,samples/sample_000728.npz,sample_000728_prediction.npz,0.0006160966586321592,0.0022200108505785465,0.8059084776140912,0.3530895334174023,0.5219012115563839,280,793,2.8321428571428573,104.24670338630676,322.08753642660815,3.089666396768914,0.3723096549510956,0.5724121003278664,0.7694276571273804,0.054544480951495174,0.0004620533039362157,0.001300631493333271,-0.4066511751372701,0.4066511751372701,60.0,100.0,40.0,70.0,100.0,335.0,470.0,0.0005906785691406134,0.0243038797137538,0.01125225328722636,1.9062678985908135,0.9912272055393619,0.13825846306146938,0.01125225328722636,0.021542176424417216,60.0,40.0,50.0,-10.0,10.0,110.0,10.0,10.0,60.0,20.0,20.0,250.0,180.0,180.0,180.0,80.0,80.0,355.0,450.0,28.284271247461902
E09B-3,sample_000044,samples/sample_000044.npz,sample_000044_prediction.npz,0.0014464397681877017,0.0038298508152365685,0.8941522651426175,0.4834390415785765,0.6517814726840855,686,1419,2.068513119533528,557.6774952411652,930.2256792603978,1.6680351765999197,0.8129409551620483,0.8966789656582101,0.9456520676612854,0.009242653690521994,0.0013916526439890818,0.0006097372644884553,-1.2281818120801944,1.2281818120801944,70.0,140.0,70.0,70.0,140.0,275.0,260.0,0.0012324291811147985,0.035105970733121716,0.018397988157668223,0.6668295051502879,0.9998975137941529,0.18459673388641606,0.018397988157668223,0.029898883137420007,70.0,70.0,50.0,-20.0,20.0,160.0,20.0,20.0,110.0,40.0,40.0,240.0,170.0,170.0,170.0,30.0,30.0,270.0,255.0,7.0710678118654755
E09B-3,sample_000653,samples/sample_000653.npz,sample_000653_prediction.npz,0.0012116630095988512,0.003039502538740635,0.368680546493425,0.2589676290463692,0.41139680333564976,312,1127,3.6121794871794872,65.11785006523132,354.1997286144803,5.439364602173803,0.20871105790138245,0.24699663342191622,0.999997615814209,0.006674664299465072,0.0011942691196460975,0.001866839878914248,3.515195536576023,3.515195536576023,20.0,40.0,20.0,120.0,130.0,300.0,235.0,0.001840672958923354,0.04290306467984955,0.016908300451164746,3.049233174527037,0.7198061960939265,0.2639432184790414,0.016908300451164746,0.039430728306442626,20.0,20.0,20.0,0.0,0.0,80.0,40.0,40.0,60.0,40.0,40.0,280.0,160.0,160.0,380.0,250.0,250.0,240.0,200.0,69.46221994724903
E09B-3,sample_001330,samples/sample_001330.npz,sample_001330_prediction.npz,0.0009417043183930218,0.004151119384914637,0.9180274451172816,0.7032258064516129,0.8257575757575758,1320,1848,1.4,743.6322569847107,1047.0259457997627,1.4079888761755124,0.5633577704429626,0.6086337852009543,0.8280414342880249,0.022940451633788002,0.0006422905344699414,0.0002165737272199127,-0.9968568977000984,0.9968568977000984,50.0,130.0,80.0,150.0,110.0,365.0,405.0,0.0009105318764432342,0.030175020736417632,0.015380510539366003,0.38222128788925597,0.9970408488197985,0.15609045274119282,0.015380510539366003,0.025960966314674913,50.0,80.0,40.0,-10.0,10.0,150.0,20.0,20.0,110.0,30.0,30.0,320.0,170.0,170.0,180.0,70.0,70.0,390.0,430.0,35.35533905932738
E09B-3,sample_000517,samples/sample_000517.npz,sample_000517_prediction.npz,0.0004979418590664864,0.0024362504482269287,0.6807642395578857,0.17685589519650655,0.300556586270872,162,916,5.654320987654321,96.17286157608032,306.613606676525,3.188151019442938,0.5936596393585205,0.5039917298673112,0.5926083326339722,0.0093717293635884,0.0004832941562623085,0.005278840477142283,-0.4226534167461864,0.4226534167461864,50.0,70.0,20.0,90.0,90.0,235.0,195.0,0.0006545761278571335,0.025584685416419204,0.011341154813742394,1.7271802570292518,0.9514866015444234,0.12743176176532017,0.011341154813742394,0.02293369432402597,50.0,20.0,40.0,-10.0,10.0,90.0,20.0,20.0,50.0,30.0,30.0,280.0,190.0,190.0,280.0,190.0,190.0,240.0,160.0,35.35533905932738
E09B-3,sample_001265,samples/sample_001265.npz,sample_001265_prediction.npz,0.001122748595662415,0.003924341406673193,0.9266339370550596,0.5867287543655413,0.7395451210564931,1008,1718,1.7043650793650793,680.8959245681763,1052.820025051555,1.5462275320846612,0.675491988658905,0.7787260148260329,0.8889651894569397,0.017205641692552696,0.0009561276572436743,0.0007084841184693474,1.8400477875319297,1.8400477875319297,60.0,120.0,60.0,120.0,140.0,180.0,480.0,0.0013571929195911462,0.036840099342851214,0.01794149877841034,0.5176652580143614,0.9993100131250807,0.19306324172303913,0.01794149877841034,0.03217600878256106,60.0,60.0,50.0,-10.0,10.0,150.0,30.0,30.0,100.0,40.0,40.0,180.0,60.0,60.0,160.0,20.0,20.0,200.0,480.0,20.0
E09B-3,sample_001292,samples/sample_001292.npz,sample_001292_prediction.npz,0.00036774660111404955,0.0023810015991330147,0.8083831086386788,0.34572169403630076,0.5138086062941555,400,1157,2.8925,147.53621816635132,371.16269337254414,2.5157395111893646,0.3688405454158783,0.4094648880511522,0.4957216680049896,0.005377839369692759,0.0003472771925181463,0.0008754483057346478,-1.3927263508680525,1.3927263508680525,30.0,80.0,50.0,100.0,80.0,360.0,420.0,0.0008697511676499762,0.02949154400247597,0.012511802804310773,1.1792399755711078,0.9818304519845833,0.16915900460415528,0.012511802804310773,0.026705916165449508,30.0,50.0,20.0,-10.0,10.0,90.0,10.0,10.0,70.0,20.0,20.0,260.0,160.0,160.0,280.0,200.0,200.0,350.0,400.0,22.360679774997898
E09B-3,sample_001298,samples/sample_001298.npz,sample_001298_prediction.npz,0.00028237493825145066,0.0015734722837805748,0.7916032100049241,0.29253731343283584,0.45265588914549654,196,670,3.4183673469387754,110.08473920822144,230.29610985913345,2.091989421199758,0.5616568326950073,0.4743836058341727,0.6193012595176697,0.010342559039888174,0.0002622767159882915,0.003706957698947697,-0.6402726734566784,0.6402726734566784,50.0,70.0,20.0,70.0,140.0,235.0,210.0,0.00021375570865461748,0.01462038674777851,0.0065431514689720145,0.8963431759655442,0.9793034944004846,0.07056084247577138,0.0065431514689720145,0.013074512515145905,50.0,20.0,40.0,-10.0,10.0,80.0,10.0,10.0,40.0,20.0,20.0,260.0,190.0,190.0,280.0,140.0,140.0,230.0,180.0,30.4138126514911
E09B-3,sample_001513,samples/sample_001513.npz,sample_001513_prediction.npz,0.0008433556067757308,0.0034400757867842913,0.717023991599072,0.23677979479084452,0.3828972559029994,300,1267,4.223333333333334,185.75980067253113,473.03029904039005,2.546462137275207,0.6191993355751038,0.5343614714344342,0.6136153340339661,0.009486498237074039,0.0008168980772775714,0.001491088973461202,5.4025914813683045,5.4025914813683045,80.0,130.0,50.0,50.0,120.0,355.0,490.0,0.0005696833581344102,0.023868040517277707,0.013302446866331776,1.3540389036525222,0.9961336285857403,0.10811753569033733,0.013302446866331776,0.019817372820402558,80.0,50.0,70.0,-10.0,10.0,160.0,30.0,30.0,90.0,40.0,40.0,210.0,160.0,160.0,180.0,60.0,60.0,365.0,480.0,14.142135623730951
E09B-3,sample_000392,samples/sample_000392.npz,sample_000392_prediction.npz,0.0015559871681034565,0.003549586283043027,0.6879181094036402,0.21251475796930341,0.3505355404089581,180,847,4.705555555555556,178.24459075927734,482.75988381787016,2.7084125344922607,0.9902477264404297,0.8668498261107339,0.9137324690818787,0.016476316221865378,0.0015286172318684347,0.002481068388248638,4.912965329045221,4.912965329045221,50.0,90.0,40.0,50.0,90.0,175.0,355.0,0.0011950169429924718,0.03456901709612918,0.01568083456684597,1.3746662854392762,0.9900530819016652,0.21692655335104,0.01568083456684597,0.03080792706885162,50.0,40.0,20.0,-30.0,30.0,130.0,40.0,40.0,110.0,70.0,70.0,250.0,200.0,200.0,220.0,130.0,130.0,165.0,350.0,11.180339887498949
E09B-3,sample_001800,samples/sample_001800.npz,sample_001800_prediction.npz,0.0003810767375398427,0.0018476216355338693,0.8415870314490702,0.425764192139738,0.5972434915773354,390,916,2.348717948717949,191.56806975603104,346.40627586316094,1.808267297907851,0.49120017886161804,0.48369619189164575,0.6573203802108765,0.005711052887683539,0.00035984700908227405,0.0008665196274248131,0.09008006979092897,0.09008006979092897,20.0,70.0,50.0,60.0,130.0,210.0,405.0,0.00047094808073799003,0.021701338224588595,0.008752855907261879,0.5814018575086907,0.9772110531963589,0.10906948823617357,0.008752855907261879,0.019857884937845238,20.0,50.0,20.0,0.0,0.0,80.0,10.0,10.0,60.0,10.0,10.0,220.0,160.0,160.0,220.0,90.0,90.0,180.0,420.0,33.54101966249684
E09B-3,sample_002073,samples/sample_002073.npz,sample_002073_prediction.npz,0.00033653341233730316,0.0024324108380824327,0.678202578104353,0.2986811481768813,0.45997610513739545,385,1289,3.348051948051948,95.07418975234032,326.9414206083338,3.438803122698039,0.24694594740867615,0.2703772526282769,0.386831134557724,0.0025676687736656224,0.00032776099983061274,0.0010176274954078154,0.5956429349081134,0.5956429349081134,80.0,130.0,50.0,70.0,110.0,395.0,165.0,0.00039615967771521607,0.019903760391323445,0.010893415193447178,2.2073718466779755,0.9910886805627268,0.08548462506993629,0.010893415193447178,0.01665812663952313,80.0,50.0,70.0,-10.0,10.0,160.0,30.0,30.0,90.0,40.0,40.0,220.0,150.0,150.0,210.0,100.0,100.0,390.0,155.0,11.180339887498949
E09B-3,sample_000911,samples/sample_000911.npz,sample_000911_prediction.npz,0.00043187974370084703,0.0030940494034439325,0.8114689057821244,0.39593908629441626,0.5672727272727273,546,1379,2.5256410256410255,161.15512830018997,452.1362721342585,2.805596550995551,0.29515591263771057,0.37254657025957283,0.501350462436676,0.013189446222169714,0.00036062593065491207,0.0011599383901602725,0.43604526138530275,0.43604526138530275,30.0,90.0,60.0,70.0,130.0,465.0,325.0,0.001175311933261993,0.034282822714327255,0.01582434639528829,1.371108044403194,0.9690270864861344,0.18915762061245311,0.01582434639528829,0.03041220140706554,30.0,60.0,20.0,-10.0,10.0,100.0,10.0,10.0,80.0,20.0,20.0,210.0,140.0,140.0,330.0,200.0,200.0,425.0,305.0,44.721359549995796
E09B-3,sample_000923,samples/sample_000923.npz,sample_000923_prediction.npz,0.0005201513995416462,0.0022837044671177864,0.5952667238989974,0.21666666666666667,0.3561643835616438,195,900,4.615384615384615,79.86865639686584,287.5887812436736,3.6007714943225086,0.40958285331726074,0.37951847452383775,0.5925559401512146,0.0046805701253594826,0.00051188224963857,0.002125951408260473,1.4077184039422832,1.4077184039422832,80.0,110.0,30.0,50.0,130.0,295.0,465.0,0.0003805336805953196,0.019507272505281704,0.01020302616647453,2.3766736229024876,0.9904459455296023,0.09496772714456037,0.01020302616647453,0.016626242439034614,80.0,30.0,70.0,-10.0,10.0,140.0,30.0,30.0,70.0,40.0,40.0,210.0,160.0,160.0,200.0,70.0,70.0,305.0,460.0,11.180339887498949
E09B-3,sample_000595,samples/sample_000595.npz,sample_000595_prediction.npz,0.0006893009995110333,0.003132334677502513,0.92681341434482,0.5289795918367347,0.6919380672717566,648,1225,1.8904320987654322,405.7768020629883,707.9790234874374,1.7447498720676955,0.6261987686157227,0.744364554223455,0.8815273642539978,0.02077007808920743,0.0005560542927156999,0.0005204397107508282,0.6957222053042216,0.6957222053042216,40.0,100.0,60.0,120.0,90.0,190.0,245.0,0.0012591216507920212,0.03548410419881022,0.01584773615745552,0.6467856714013985,0.9972020276681482,0.227001448909806,0.01584773615745552,0.03174855759677435,40.0,60.0,0.0,-40.0,40.0,120.0,20.0,20.0,120.0,60.0,60.0,270.0,150.0,150.0,240.0,150.0,150.0,185.0,230.0,15.811388300841896
E09B-3,sample_001302,samples/sample_001302.npz,sample_001302_prediction.npz,0.0007330863736569881,0.0028651223983615637,0.9242159242575984,0.5025641025641026,0.6689419795221843,588,1170,1.989795918367347,388.9803864955902,666.3835061698171,1.7131545170526785,0.6615312695503235,0.7899820951073349,0.8902861475944519,0.022718808157176907,0.0006007886337832272,0.0006157909748645615,0.9487306845492753,0.9487306845492753,60.0,120.0,60.0,70.0,140.0,525.0,280.0,0.0007884472511331765,0.028079302896140006,0.013417448871546524,0.670034472718269,0.9993591143098057,0.15665090326762793,0.013417448871546524,0.024666157319546377,60.0,60.0,50.0,-10.0,10.0,150.0,30.0,30.0,100.0,40.0,40.0,170.0,100.0,100.0,170.0,30.0,30.0,485.0,275.0,40.311288741492746
E09B-3,sample_001319,samples/sample_001319.npz,sample_001319_prediction.npz,0.0021680134814232588,0.003224892308935523,0.4063086492003038,0.2280431432973806,0.3713927227101631,150,647,4.3133333333333335,78.23321521282196,376.6951596915651,4.815028484599813,0.5215547680854797,0.5323262363175552,1.0,0.02291527987344764,0.002136307231482992,0.004190776401095092,-2.783738620941726,2.783738620941726,20.0,50.0,30.0,50.0,100.0,295.0,360.0,0.0026910277470716176,0.05187511683911293,0.017567964655313337,2.700036918469837,0.7412506656632173,0.39460846712417913,0.017567964655313337,0.04880977734984333,20.0,30.0,20.0,0.0,0.0,80.0,30.0,30.0,60.0,30.0,30.0,290.0,240.0,240.0,480.0,380.0,380.0,195.0,240.0,156.20499351813308
E09B-3,sample_002162,samples/sample_002162.npz,sample_002162_prediction.npz,0.00022254959912970662,0.002247254131361842,0.8467819650169695,0.504050405040504,0.6702573309395572,560,1111,1.9839285714285715,161.06433391571045,368.4335802532905,2.2874932723845753,0.2876148819923401,0.31225930054539014,0.44859546422958374,0.0033704235338292273,0.00020451463627228848,0.000722746254852552,-3.074237207566455,3.074237207566455,30.0,100.0,70.0,100.0,80.0,170.0,140.0,0.000630100982010314,0.025101812325214967,0.01086185538413622,1.0331673032902897,0.988438913363479,0.14545464921771784,0.01086185538413622,0.02263009234679401,30.0,70.0,20.0,-10.0,10.0,110.0,10.0,10.0,90.0,20.0,20.0,260.0,160.0,160.0,270.0,190.0,190.0,160.0,135.0,11.180339887498949
E09B-3,sample_001201,samples/sample_001201.npz,sample_001201_prediction.npz,0.0004484402888920158,0.001855208887718618,0.6049720741656647,0.12631578947368421,0.22429906542056074,84,665,7.916666666666667,47.15975260734558,224.51932311155392,4.760824870751822,0.5614256262779236,0.5503707563593274,0.6507651805877686,0.0036212108220206466,0.00044572686101546256,0.004269339938205811,-1.0889712386052537,1.0889712386052537,70.0,90.0,20.0,60.0,70.0,270.0,175.0,0.0003940074561844551,0.019849621058963696,0.00912095763295521,3.383761862595062,0.9889949915949818,0.11426414502461585,0.00912095763295521,0.017629962791857818,70.0,20.0,50.0,-20.0,20.0,110.0,20.0,20.0,60.0,40.0,40.0,220.0,160.0,160.0,180.0,110.0,110.0,290.0,150.0,32.01562118716424
E09B-3,sample_000860,samples/sample_000860.npz,sample_000860_prediction.npz,0.0004911423893645406,0.0022966430988162756,0.8411337143524878,0.566350710900474,0.7231467473524962,720,1263,1.7541666666666667,286.3914728164673,452.59669350189665,1.580342770163207,0.3977659344673157,0.40462082708254454,0.8833433389663696,0.012296095768989596,0.00040404237008394593,0.0008839630643736729,1.174476275887237,1.174476275887237,20.0,50.0,30.0,160.0,150.0,230.0,285.0,0.0004553927334379739,0.021339932835835587,0.009606018189316647,0.4141750532432839,0.9719449239898538,0.14784064867215624,0.009606018189316647,0.01905563297254887,20.0,30.0,20.0,0.0,0.0,70.0,20.0,20.0,50.0,20.0,20.0,290.0,130.0,130.0,290.0,140.0,140.0,195.0,285.0,35.0
E09B-3,sample_001867,samples/sample_001867.npz,sample_001867_prediction.npz,0.0003780365514103323,0.0017013876931741834,0.7496182362839696,0.33815028901734107,0.5053995680345572,234,692,2.9572649572649574,69.58212214708328,235.58623215234996,3.3857293351065922,0.29735949635505676,0.42734689768562967,0.6193081140518188,0.02609201228292395,0.00031668169199509797,0.0013172005517716786,-0.19038311653943651,0.19038311653943651,60.0,90.0,30.0,60.0,130.0,330.0,315.0,0.0003644688938351287,0.01909106843094772,0.008839376438390108,2.172598092097363,0.9901780697764827,0.10587318279905195,0.008839376438390108,0.01692141595776082,60.0,30.0,50.0,-10.0,10.0,100.0,10.0,10.0,50.0,20.0,20.0,210.0,150.0,150.0,200.0,70.0,70.0,335.0,290.0,25.495097567963924
E09B-3,sample_000363,samples/sample_000363.npz,sample_000363_prediction.npz,0.00029995880322530866,0.0014346869429573417,0.40807428463837253,0.08264462809917356,0.15267175572519084,40,484,12.1,32.65535354614258,133.18210271263888,4.0784155812139735,0.8163838386535645,0.31002492681145666,0.35063931345939636,0.2571739270558612,0.00019539398246231683,0.006927741929036734,1.6716362521557357,1.6716362521557357,80.0,100.0,20.0,40.0,50.0,260.0,325.0,0.00010368398653166638,0.010182533404397277,0.005104804417224068,2.755806193655237,0.9925218178682367,0.0546414854006987,0.005104804417224068,0.008810502732168922,80.0,20.0,60.0,-20.0,20.0,130.0,30.0,30.0,70.0,50.0,50.0,180.0,140.0,140.0,120.0,70.0,70.0,270.0,320.0,11.180339887498949
E09B-3,sample_000263,samples/sample_000263.npz,sample_000263_prediction.npz,0.0004741688317153603,0.0021815842483192682,0.700308662993355,0.21212121212121213,0.35,189,891,4.714285714285714,76.96506553888321,291.1742054740374,3.7831996040714664,0.40722256898880005,0.4819888165072789,0.6172887086868286,0.008233885093135183,0.0004592211943557768,0.0013307740495159019,1.4705626182311633,1.4705626182311633,30.0,60.0,30.0,70.0,90.0,225.0,195.0,0.0009314528570556008,0.03051971259785388,0.012024994045578743,1.981188157434623,0.9501271153282026,0.16235857225307243,0.012024994045578743,0.028050889027968377,30.0,30.0,20.0,-10.0,10.0,80.0,20.0,20.0,60.0,30.0,30.0,220.0,150.0,150.0,250.0,160.0,160.0,210.0,185.0,18.027756377319946
E09B-3,sample_000442,samples/sample_000442.npz,sample_000442_prediction.npz,0.0007073403685353696,0.0022934318985790014,0.6213365186619233,0.15204678362573099,0.2639593908629442,104,684,6.576923076923077,94.6843991279602,255.63905877381248,2.6999068603512164,0.910426914691925,0.6003361590779744,0.6991013884544373,0.09782615418660677,0.000604485392066522,0.005892978608542557,3.9501016055980784,3.9501016055980784,30.0,50.0,20.0,130.0,40.0,385.0,210.0,0.0006281657110814182,0.025063234250220345,0.009136226217724664,1.2576877020238966,0.9774492896765631,0.16302285859478732,0.009136226217724664,0.023338703511120298,30.0,20.0,20.0,-10.0,10.0,80.0,30.0,30.0,60.0,40.0,40.0,250.0,120.0,120.0,200.0,160.0,160.0,375.0,210.0,10.0
E09B-3,sample_001230,samples/sample_001230.npz,sample_001230_prediction.npz,0.0004665005544666201,0.0024271870497614145,0.8306281091759504,0.54871395167576,0.7086059386009059,704,1283,1.8224431818181819,288.421838760376,445.36485719119725,1.544144018723947,0.40969011187553406,0.3799534675940363,0.7643489837646484,0.013551932733883238,0.00037211383520648875,0.0010577375458649995,-0.06353331120810424,0.06353331120810424,20.0,60.0,40.0,110.0,160.0,475.0,420.0,0.0004060858830193828,0.02015157271826154,0.008952535579779153,0.38459868441376305,0.9777509630889449,0.10682067500087739,0.008952535579779153,0.018053752787500196,20.0,40.0,20.0,0.0,0.0,80.0,20.0,20.0,60.0,20.0,20.0,280.0,170.0,170.0,280.0,120.0,120.0,430.0,430.0,46.09772228646444
E09B-3,sample_001272,samples/sample_001272.npz,sample_001272_prediction.npz,0.002174551133066416,0.005743876565247774,0.7457694691537586,0.2702702702702703,0.425531914893617,480,1776,3.7,406.4982604980469,868.1530386940149,2.1356869710348643,0.8468713760375977,0.7395887610812982,0.8081212639808655,0.013261856680449036,0.002120148254290949,0.0018211739224663695,3.2260209103286996,3.2260209103286996,80.0,130.0,50.0,60.0,160.0,320.0,200.0,0.0015276870901254945,0.03908563790096683,0.0219849936418091,1.040302749958162,0.9984409554835751,0.17720824068261776,0.0219849936418091,0.032316360325616925,80.0,50.0,60.0,-20.0,20.0,160.0,30.0,30.0,100.0,50.0,50.0,250.0,190.0,190.0,200.0,40.0,40.0,325.0,200.0,5.0
E09B-3,sample_001600,samples/sample_001600.npz,sample_001600_prediction.npz,0.0013334552058950067,0.004065210465341806,0.8565531293526889,0.47161572052401746,0.6409495548961425,756,1603,2.1203703703703702,485.2165160179138,869.266940398478,1.7915031984739476,0.6418207883834839,0.6895055880661679,0.8293125033378601,0.006555985896518788,0.0012929803946761934,0.0005104168272007956,0.04284536864564359,0.04284536864564359,80.0,150.0,70.0,120.0,90.0,380.0,275.0,0.00102609530395852,0.03203272239380412,0.018278882735449416,0.7593501616709821,0.999119524310688,0.14796372159521398,0.018278882735449416,0.026305469961629826,80.0,70.0,60.0,-20.0,20.0,200.0,50.0,50.0,140.0,70.0,70.0,200.0,80.0,80.0,170.0,80.0,80.0,410.0,275.0,30.0
E09B-3,sample_000593,samples/sample_000593.npz,sample_000593_prediction.npz,0.0020347805693745613,0.005473535507917404,0.9015595281526082,0.5841975308641976,0.7375311720698254,1183,2025,1.7117497886728656,860.1984516978264,1370.8683688586552,1.593665236379917,0.7271330952644348,0.8333492675829216,0.925963819026947,0.01986548802740621,0.0018175905536983413,0.0006023934066874476,3.4903037013870346,3.4903037013870346,70.0,140.0,70.0,130.0,130.0,225.0,205.0,0.0018432358133262878,0.04293292225467873,0.023927667282164958,0.5421411593240927,0.999511254810151,0.19649010946060785,0.023927667282164958,0.03564691503847564,70.0,70.0,50.0,-20.0,20.0,160.0,20.0,20.0,110.0,40.0,40.0,240.0,110.0,110.0,170.0,40.0,40.0,210.0,205.0,15.0
E09B-3,sample_000367,samples/sample_000367.npz,sample_000367_prediction.npz,0.0001458576152799651,0.0010265045566484332,0.5483901156019909,0.1636828644501279,0.2813186813186813,64,391,6.109375,18.23250961303711,118.51724620381636,6.5003254471930125,0.28488296270370483,0.3099960060790181,0.5118840336799622,0.0018111126737675454,0.00014477276318104965,0.002861162081136907,3.375338449721511,3.375338449721511,40.0,60.0,20.0,40.0,80.0,310.0,490.0,0.00019126279182106915,0.013829779167472963,0.005527773946094821,3.9662730180005648,0.9252991570970935,0.07851526984169666,0.005527773946094821,0.012677007021452044,40.0,20.0,30.0,-10.0,10.0,80.0,20.0,20.0,50.0,30.0,30.0,150.0,110.0,110.0,240.0,160.0,160.0,295.0,480.0,18.027756377319946
E09B-3,sample_000985,samples/sample_000985.npz,sample_000985_prediction.npz,0.0009322292171418667,0.003621363081037998,0.9314458032088239,0.6443514644351465,0.7837150127226463,1078,1673,1.551948051948052,707.4556195735931,1050.735273210066,1.48523136171196,0.6562668085098267,0.7274235612773275,0.8882721066474915,0.008899549589374273,0.0008438909738588791,0.0005284178414227322,0.6823745113956221,0.6823745113956221,30.0,100.0,70.0,110.0,140.0,475.0,280.0,0.001749685159597988,0.041829238094877944,0.018245687962096302,0.4254275220554175,0.9990369963806843,0.23872117510712298,0.018245687962096302,0.03764013855431196,30.0,70.0,20.0,-10.0,10.0,120.0,20.0,20.0,100.0,30.0,30.0,270.0,160.0,160.0,280.0,140.0,140.0,435.0,290.0,41.23105625617661
E09B-3,sample_000252,samples/sample_000252.npz,sample_000252_prediction.npz,0.0004043922817800194,0.002047942252829671,0.562795344150373,0.1568627450980392,0.2711864406779661,120,765,6.375,49.82417106628418,243.72098608368833,4.891621493500638,0.41520142555236816,0.3918503187596798,0.7414093613624573,0.002051629830908171,0.00040237901722115773,0.0020053744141658373,0.6002323576463411,0.6002323576463411,40.0,60.0,20.0,150.0,40.0,285.0,330.0,0.0006076989995649484,0.02465155166647626,0.010935806017558595,2.868486763545714,0.930873513606641,0.11732013208779832,0.010935806017558595,0.02209314704407857,40.0,20.0,30.0,-10.0,10.0,70.0,10.0,10.0,40.0,20.0,20.0,250.0,100.0,100.0,250.0,210.0,210.0,275.0,305.0,26.92582403567252
E09B-3,sample_000452,samples/sample_000452.npz,sample_000452_prediction.npz,0.0007937939953990281,0.003371416823938489,0.8803552171383042,0.37681159420289856,0.5473684210526316,520,1380,2.6538461538461537,301.9148325920105,627.9258818357523,2.0798113045485693,0.5806054472923279,0.6904815427385844,0.8462448120117188,0.022195445798726482,0.0006799833689660213,0.0009870063232013022,0.15849130923706412,0.15849130923706412,50.0,90.0,40.0,130.0,100.0,245.0,400.0,0.0013173586250627648,0.0362954353199237,0.01732811934532658,0.9213573170837092,0.9900049064223434,0.1754841004573946,0.01732811934532658,0.03189192538898966,50.0,40.0,40.0,-10.0,10.0,110.0,20.0,20.0,70.0,30.0,30.0,320.0,190.0,190.0,210.0,110.0,110.0,240.0,365.0,35.35533905932738
E09B-3,sample_001622,samples/sample_001622.npz,sample_001622_prediction.npz,0.00046418842975981534,0.003249523462727666,0.8925637655891989,0.6577503429355281,0.7935457178320232,960,1457,1.5177083333333334,321.500244140625,603.701948200323,1.8777651314512294,0.3348960876464844,0.4082428378596281,0.5823754072189331,0.015432793486024754,0.00031656908273399885,0.0005723100899972013,-5.378091882324938,5.378091882324938,30.0,110.0,80.0,80.0,150.0,170.0,295.0,0.0012810821628193448,0.03579220812997355,0.015232814751201492,0.8242081962663924,0.9959514875595222,0.21320069247736073,0.015232814751201492,0.032388941285181314,30.0,80.0,20.0,-10.0,10.0,120.0,10.0,10.0,100.0,20.0,20.0,190.0,110.0,110.0,320.0,170.0,170.0,145.0,290.0,25.495097567963924
E09B-3,sample_001585,samples/sample_001585.npz,sample_001585_prediction.npz,0.0007933216984383762,0.0020986851304769516,0.6992611662056084,0.15835777126099707,0.27341772151898736,108,682,6.314814814814815,87.97479701042175,291.197579682273,3.3100113848262347,0.8145814538002014,0.8313541169519778,0.8906887173652649,0.0023420526392561643,0.0007916182798170514,0.0017291129751001377,1.2223388273161149,1.2223388273161149,30.0,60.0,30.0,60.0,60.0,420.0,460.0,0.0010381210637429204,0.03221988615347547,0.011437094034598859,1.720963569692468,0.9709192036482124,0.23670703346929245,0.011437094034598859,0.030121652407971638,30.0,30.0,20.0,-10.0,10.0,80.0,20.0,20.0,60.0,30.0,30.0,200.0,140.0,140.0,260.0,200.0,200.0,410.0,480.0,22.360679774997898
E09B-3,sample_000222,samples/sample_000222.npz,sample_000222_prediction.npz,0.0022685921285301447,0.004782101605087519,0.8623107544163316,0.5057471264367817,0.6717557251908397,880,1740,1.9772727272727273,741.6331243515015,1190.2302029427958,1.604877349543356,0.8427649140357971,0.8612600846046751,0.9429505467414856,0.0030710661883702082,0.0022613437552771276,0.0015215386840903053,2.279722050952259,2.279722050952259,60.0,110.0,50.0,160.0,110.0,470.0,245.0,0.0020848558470350754,0.04566022171469468,0.022227171119486563,0.5696042447058883,0.9992203601578667,0.23624297742062217,0.022227171119486563,0.03988494341302414,60.0,50.0,40.0,-20.0,20.0,140.0,30.0,30.0,100.0,50.0,50.0,270.0,110.0,110.0,260.0,150.0,150.0,465.0,250.0,7.0710678118654755
E09B-3,sample_001459,samples/sample_001459.npz,sample_001459_prediction.npz,0.0004797201545443386,0.0020923931151628494,0.6469349395284826,0.13274336283185842,0.234375,90,678,7.533333333333333,68.3198869228363,245.1099628700511,3.5876810385662647,0.7591098546981812,0.5985512912273407,0.660400927066803,0.026768104328398854,0.00045563029220163523,0.004646809234576219,0.9677762625237989,0.9677762625237989,50.0,70.0,20.0,50.0,90.0,295.0,495.0,0.000502185991063631,0.022409506711742473,0.00952550318992813,2.0524394057910653,0.9564968966257499,0.1250004322519443,0.00952550318992813,0.020284249555808074,50.0,20.0,40.0,-10.0,10.0,90.0,20.0,20.0,50.0,30.0,30.0,240.0,190.0,190.0,220.0,130.0,130.0,290.0,470.0,25.495097567963924
E09B-3,sample_001967,samples/sample_001967.npz,sample_001967_prediction.npz,0.0010348949581384659,0.0018776118522509933,0.3051587328474351,0.15,0.2608695652173913,72,480,6.666666666666667,34.3732488155365,205.06683564122568,5.965884596527772,0.47740623354911804,0.3809953389896287,0.9999905824661255,0.011799372560946382,0.0010270050554562497,0.0018416763467097046,0.008733379955163656,0.008733379955163656,20.0,40.0,20.0,90.0,40.0,195.0,120.0,0.0010744620705612296,0.032778988247980284,0.009898669335545809,3.3751826738510364,0.7222747257220301,0.24641920572671827,0.009898669335545809,0.03124865462618758,20.0,20.0,20.0,0.0,0.0,50.0,10.0,10.0,30.0,10.0,10.0,260.0,170.0,170.0,180.0,140.0,140.0,130.0,120.0,65.0
E09B-3,sample_001694,samples/sample_001694.npz,sample_001694_prediction.npz,0.000679495045915246,0.0027081158477813005,0.8725044463611112,0.37679425837320574,0.5473501303214596,315,836,2.653968253968254,200.4263225197792,463.9235913813975,2.314683947442157,0.6362740397453308,0.7809752566473824,0.8822441697120667,0.02775235067180457,0.0005924654434799184,0.0009850858348674938,0.530445081452271,0.530445081452271,50.0,100.0,50.0,90.0,70.0,305.0,215.0,0.0008800047887185413,0.029664874662107394,0.013794462804197377,1.1228368377708668,0.9939338365274213,0.18478923711500722,0.013794462804197377,0.026262474838867646,50.0,50.0,40.0,-10.0,10.0,120.0,20.0,20.0,80.0,30.0,30.0,270.0,180.0,180.0,290.0,220.0,220.0,295.0,195.0,22.360679774997898
E09B-3,sample_001125,samples/sample_001125.npz,sample_001125_prediction.npz,0.0007270350470207632,0.0019438985036686063,0.6776902000300536,0.1761467889908257,0.2995319812792512,96,545,5.677083333333333,81.36629676818848,261.98360920043314,3.219805000426909,0.8475655913352966,0.7939629387110472,0.8759095072746277,0.006530516730993141,0.0007213620511732594,0.004700885103766057,0.5863637437946778,0.5863637437946778,60.0,80.0,20.0,80.0,60.0,450.0,180.0,0.000504708137966724,0.02246571027069307,0.009433023833226679,1.976775145034512,0.9920063306068496,0.14254964317369806,0.009433023833226679,0.02038936485838883,60.0,20.0,40.0,-20.0,20.0,100.0,20.0,20.0,60.0,40.0,40.0,170.0,90.0,90.0,150.0,90.0,90.0,425.0,155.0,35.35533905932738
E09B-3,sample_001461,samples/sample_001461.npz,sample_001461_prediction.npz,0.0006275091436691582,0.0027611032128334045,0.9110229699577708,0.41939711664482304,0.5909510618651893,320,763,2.384375,154.81274604797363,425.15286033743286,2.7462393839696233,0.4837898313999176,0.7577223856002092,0.8658649921417236,0.08496200906488623,0.000352086192321116,0.0005026639558501749,-1.3070623688590075,1.3070623688590075,40.0,120.0,80.0,50.0,80.0,365.0,240.0,0.0008506315409823879,0.02916558830166791,0.014173844152131902,1.4370443659480938,0.9824973299808436,0.1757771187066382,0.014173844152131902,0.025489874125492737,40.0,80.0,40.0,0.0,0.0,130.0,10.0,10.0,90.0,10.0,10.0,250.0,200.0,200.0,230.0,150.0,150.0,335.0,245.0,30.4138126514911
E09B-4,sample_000796,samples/sample_000796.npz,sample_000796_prediction.npz,0.000783548632171005,0.0051679424941539764,0.7809922202994709,0.3614457831325301,0.5309734513274337,720,1992,2.7666666666666666,233.237042427063,730.8504658073025,3.1335094040040885,0.32394033670425415,0.39865148173024256,0.5443820953369141,0.010089712606562615,0.0007148854223985354,0.0032639839501617182,4.20358189345243,4.20358189345243,40.0,70.0,30.0,150.0,160.0,175.0,170.0,0.002701314715675993,0.05197417354490587,0.026198110450942995,1.5841798345476859,0.9803937996590549,0.24447839654976894,0.026198110450942995,0.044888458700162386,40.0,30.0,20.0,-20.0,20.0,100.0,30.0,30.0,80.0,50.0,50.0,550.0,400.0,400.0,330.0,170.0,170.0,275.0,165.0,100.12492197250393
E09B-4,sample_001763,samples/sample_001763.npz,sample_001763_prediction.npz,0.0007196013466455042,0.0027329653967171907,0.7847086494743092,0.3290246768507638,0.4951370468611848,280,851,3.039285714285714,142.34578132629395,403.3197407471158,2.8333803572485294,0.5083777904510498,0.6208942245159831,0.7858630418777466,0.02556596283639572,0.0006486291238347326,0.000927742668295803,-0.2422011237830617,0.2422011237830617,40.0,110.0,70.0,80.0,50.0,510.0,495.0,0.0009369268830104578,0.03060926139276245,0.01309273062357829,1.5616525619918755,0.9929362885608007,0.20519592826260324,0.01309273062357829,0.02766780236717172,40.0,70.0,30.0,-10.0,10.0,130.0,20.0,20.0,100.0,30.0,30.0,130.0,50.0,50.0,190.0,140.0,140.0,505.0,455.0,40.311288741492746
E09B-4,sample_000998,samples/sample_000998.npz,sample_000998_prediction.npz,0.00043311857734806836,0.0028263749554753304,0.7347468521411933,0.3292943692088382,0.4954423592493298,462,1403,3.036796536796537,163.88124418258667,412.5172317372235,2.5171717104955675,0.3547213077545166,0.32829673804375,0.4025470018386841,0.0024797073359002445,0.0004234548250820666,0.00469544414112636,5.432110101441779,5.432110101441779,80.0,110.0,30.0,110.0,140.0,235.0,380.0,0.00047525747084510995,0.021800400703774002,0.012107048009931938,1.3394509998538715,0.9970721645184558,0.10129398504973905,0.012107048009931938,0.01812944729798217,80.0,30.0,60.0,-20.0,20.0,140.0,30.0,30.0,80.0,50.0,50.0,150.0,40.0,40.0,190.0,50.0,50.0,245.0,375.0,11.180339887498949
E09B-4,sample_001629,samples/sample_001629.npz,sample_001629_prediction.npz,0.0013620128156617284,0.004381639417260885,0.829153848686138,0.3722304283604136,0.542518837459634,504,1354,2.6865079365079363,287.289128780365,714.3996289098573,2.486692176424197,0.5700181126594543,0.7289414423562232,0.8437427878379822,0.0316934300837304,0.0012057038058377394,0.000697563426596793,-0.17299051474097382,0.17299051474097382,70.0,130.0,60.0,60.0,140.0,440.0,210.0,0.0016300910002712554,0.040374385447598526,0.020747483435348622,1.4278223633536782,0.9977776844391323,0.21397412231543805,0.020747483435348622,0.034635717566858494,70.0,60.0,50.0,-20.0,20.0,160.0,30.0,30.0,110.0,50.0,50.0,150.0,90.0,90.0,200.0,60.0,60.0,425.0,210.0,15.0
E09B-4,sample_001922,samples/sample_001922.npz,sample_001922_prediction.npz,0.0031650851015001535,0.007368877064436674,0.7858171159546654,0.3364737550471063,0.5035246727089627,750,2229,2.972,600.9497344493866,1301.7041697950867,2.1660782843805704,0.8012663125991821,0.8217509388923645,0.9162650108337402,0.0039215690953998605,0.0031592691739025253,0.0017092346947142917,0.721370266046307,0.721370266046307,60.0,110.0,50.0,150.0,100.0,455.0,270.0,0.005161772564910187,0.07184547699688677,0.03529599264705357,1.0886274304863603,0.9988414114753016,0.3701338441232691,0.03529599264705357,0.06257767547591814,60.0,50.0,30.0,-30.0,30.0,150.0,40.0,40.0,120.0,70.0,70.0,280.0,130.0,130.0,190.0,90.0,90.0,490.0,265.0,35.35533905932738
E09B-4,sample_001409,samples/sample_001409.npz,sample_001409_prediction.npz,0.0011175913969054818,0.002792707411572337,0.775739945226204,0.29747675962815406,0.458546571136131,224,753,3.361607142857143,206.4456329345703,452.3734820383394,2.191247524144587,0.9216322898864746,0.8582814540714025,0.9345959424972534,0.007801158549646803,0.0011023271016781144,0.0005063139526191372,2.2435723813055617,2.2435723813055617,20.0,90.0,70.0,40.0,80.0,480.0,290.0,0.0008196861620494098,0.028630161753811483,0.01323915384950333,0.7292881976482701,0.9795988553991224,0.20037248592486406,0.01323915384950333,0.025385250981595414,20.0,70.0,20.0,0.0,0.0,120.0,30.0,30.0,100.0,30.0,30.0,300.0,260.0,260.0,440.0,360.0,360.0,450.0,220.0,76.15773105863909
E09B-4,sample_000992,samples/sample_000992.npz,sample_000992_prediction.npz,0.0011611211812123656,0.0044972943142056465,0.9196350458644253,0.5321637426900585,0.6946564885496184,728,1368,1.879120879120879,443.7051453590393,878.5395923245978,1.9800076729191347,0.6094850897789001,0.8063235596067958,0.9449623227119446,0.0497312204530742,0.0007987468716905083,0.0003901651147856348,2.544850392163731,2.544850392163731,20.0,100.0,80.0,70.0,130.0,395.0,215.0,0.002297523666086084,0.047932490714400436,0.023134591050142192,0.6742076971584914,0.9942515634184173,0.29205155043366215,0.023134591050142192,0.04197992809699374,20.0,80.0,0.0,-20.0,20.0,140.0,40.0,40.0,140.0,60.0,60.0,430.0,360.0,360.0,380.0,250.0,250.0,425.0,190.0,39.05124837953327
E09B-4,sample_002128,samples/sample_002128.npz,sample_002128_prediction.npz,0.0005358702619560063,0.002817830303683877,0.7458249462387355,0.25229357798165136,0.40293040293040294,220,872,3.963636363636364,101.6027420759201,377.340328446614,3.7138793770413785,0.46183064579963684,0.5403953851623968,0.6530846357345581,0.00955489702534112,0.000515640768413403,0.001596643150042265,1.7279202853165003,1.7279202853165003,60.0,100.0,40.0,50.0,110.0,295.0,285.0,0.0007771137125030967,0.027876759361573876,0.01431304261471593,2.236195827741738,0.9922864676079008,0.1635071230863846,0.01431304261471593,0.023921758372085083,60.0,40.0,40.0,-20.0,20.0,130.0,30.0,30.0,90.0,50.0,50.0,210.0,160.0,160.0,180.0,70.0,70.0,235.0,270.0,61.84658438426491
E09B-4,sample_001888,samples/sample_001888.npz,sample_001888_prediction.npz,0.0024658143520355225,0.005210892762988806,0.7190204616112699,0.26713780918727914,0.4216397099832683,378,1415,3.7433862433862433,311.36883294582367,810.2628571553948,2.6022606356891727,0.8237270712852478,0.8307979605185292,0.9010584354400635,0.0026918221122669977,0.0024649417838658975,0.0005686960358337276,-1.3798782778353456,1.3798782778353456,70.0,140.0,70.0,90.0,60.0,355.0,480.0,0.002183110383677031,0.0467237667967495,0.023911029948855397,1.5409046516274274,0.9988937246808345,0.2492971317264835,0.023911029948855397,0.04014191114610727,70.0,70.0,50.0,-20.0,20.0,160.0,20.0,20.0,110.0,40.0,40.0,180.0,90.0,90.0,150.0,90.0,90.0,340.0,475.0,15.811388300841896
E09B-4,sample_001536,samples/sample_001536.npz,sample_001536_prediction.npz,0.0016373409889638424,0.004418009426444769,0.7222729489058125,0.27184466019417475,0.42748091603053434,280,1030,3.6785714285714284,223.28286409378052,647.3914616187373,2.89942295503173,0.7974388003349304,0.792696817432131,0.8668181300163269,0.001823192377014417,0.0016368100549179149,0.0027389824666471095,4.377346916598356,4.377346916598356,40.0,80.0,40.0,70.0,100.0,455.0,380.0,0.002912746207538446,0.053969863882897144,0.022566582988837174,1.5338143832522773,0.9969032146562983,0.4255808558480595,0.022566582988837174,0.049025458077884096,40.0,40.0,20.0,-20.0,20.0,130.0,50.0,50.0,110.0,70.0,70.0,250.0,180.0,180.0,160.0,60.0,60.0,385.0,370.0,70.71067811865476
E09B-4,sample_000503,samples/sample_000503.npz,sample_000503_prediction.npz,0.001150960917584598,0.00395978381857276,0.5009811762030474,0.08538899430740038,0.15734265734265734,90,1054,11.71111111111111,83.0135428905487,418.91545097098503,5.046350708381579,0.9223726987838745,0.6259242567751143,0.6860865950584412,0.0888804628000397,0.001070568616160151,0.00759235170359622,3.6946767171808403,3.6946767171808403,70.0,90.0,20.0,90.0,50.0,415.0,505.0,0.001177571496474941,0.03431576163332152,0.016689411980720187,3.353596357202302,0.9838174700607416,0.19193707165280033,0.016689411980720187,0.029983912756889056,70.0,20.0,40.0,-30.0,30.0,130.0,40.0,40.0,90.0,70.0,70.0,230.0,140.0,140.0,170.0,120.0,120.0,375.0,475.0,50.0
E09B-4,sample_001208,samples/sample_001208.npz,sample_001208_prediction.npz,0.00035029591526836157,0.0017516015795990825,0.8009366058846595,0.37815126050420167,0.5487804878048781,180,476,2.6444444444444444,107.92141556739807,265.76332700723947,2.462563390314941,0.5995634198188782,0.5846812930372026,0.7104111909866333,0.007216123396693725,0.0003377011658936087,0.0009697447285526502,1.2209836618451675,1.2209836618451675,20.0,70.0,50.0,40.0,90.0,250.0,475.0,0.00035455792220589425,0.018829708500290022,0.008831877140402582,0.809700536895583,0.9786248217980374,0.13757831909840762,0.008831877140402582,0.01662996898321607,20.0,50.0,20.0,0.0,0.0,80.0,10.0,10.0,60.0,10.0,10.0,390.0,350.0,350.0,330.0,240.0,240.0,275.0,455.0,32.01562118716424
E09B-4,sample_000155,samples/sample_000155.npz,sample_000155_prediction.npz,0.0005753227160312235,0.0030526472255587578,0.7140165475971311,0.2257761053621825,0.3683806600153492,240,1063,4.429166666666666,82.30671644210815,381.9108986026,4.640093969381267,0.3429446518421173,0.4760627181579669,0.5685549974441528,0.021542248733134962,0.0005240087366868769,0.0015986050194665101,2.6130778952766036,2.6130778952766036,70.0,110.0,40.0,60.0,100.0,340.0,440.0,0.0007978219472147205,0.02824574210770042,0.014936862374677616,3.110877356225361,0.9869661973065664,0.14739148946109754,0.014936862374677616,0.023973153518355918,70.0,40.0,50.0,-20.0,20.0,140.0,30.0,30.0,90.0,50.0,50.0,200.0,140.0,140.0,190.0,90.0,90.0,300.0,415.0,47.16990566028302
E09B-4,sample_000172,samples/sample_000172.npz,sample_000172_prediction.npz,0.0006676457705907524,0.003250204026699066,0.5943673284040584,0.12698412698412698,0.22535211267605634,144,1134,7.875,66.12655019760132,382.931504232786,5.790888880313561,0.45921215415000916,0.4979081133173572,0.613734781742096,0.0047133264459031776,0.0006617108016839729,0.0070664836124323645,4.9221268583243045,4.9221268583243045,60.0,80.0,20.0,90.0,80.0,445.0,390.0,0.0011583448561762009,0.034034465710162116,0.016534882552651637,3.7700071137745184,0.9752239708829452,0.1923384777540239,0.016534882552651637,0.02974798337948671,60.0,20.0,40.0,-20.0,20.0,120.0,40.0,40.0,80.0,60.0,60.0,240.0,150.0,150.0,190.0,110.0,110.0,390.0,355.0,65.19202405202648
E09B-4,sample_000676,samples/sample_000676.npz,sample_000676_prediction.npz,0.0004832623526453972,0.002613460412248969,0.6443344263728031,0.20696937697993664,0.3429571303587052,196,947,4.831632653061225,93.86811804771423,324.0681081765727,3.452376748533993,0.47891896963119507,0.41106347435591173,0.49173882603645325,0.006817790928117454,0.00047060724525959616,0.0005751950023763788,-2.347204083313855,2.347204083313855,80.0,150.0,70.0,70.0,40.0,265.0,450.0,0.0003851910354124275,0.019626284299694312,0.010877818834529922,2.32003032254005,0.9953800505434103,0.09326707788001432,0.010877818834529922,0.016335975416716737,80.0,70.0,70.0,-10.0,10.0,240.0,90.0,90.0,170.0,100.0,100.0,130.0,60.0,60.0,130.0,90.0,90.0,265.0,445.0,5.0
E09B-4,sample_000167,samples/sample_000167.npz,sample_000167_prediction.npz,0.0005914526991546154,0.0029325142968446016,0.7846781836983504,0.3342013888888889,0.5009759271307742,385,1152,2.9922077922077923,162.68452391028404,445.6330840621861,2.7392469384976055,0.42255720496177673,0.485966368774315,0.6139305233955383,0.008438594563731687,0.0005605991582811774,0.00042645212211179796,-1.1899417639049403,1.1899417639049403,80.0,150.0,70.0,50.0,110.0,445.0,445.0,0.000565718345326529,0.023784834355667247,0.013155685278273632,1.6548369717172937,0.9979129503431808,0.112161808864648,0.013155685278273632,0.019815304443423106,80.0,70.0,70.0,-10.0,10.0,160.0,10.0,10.0,90.0,20.0,20.0,110.0,60.0,60.0,170.0,60.0,60.0,445.0,445.0,0.0
E09B-4,sample_000352,samples/sample_000352.npz,sample_000352_prediction.npz,0.0014980941778048873,0.006110123824328184,0.8763103036161135,0.4925373134328358,0.66,792,1608,2.0303030303030303,481.7146625518799,1071.4382009620285,2.2242175384201355,0.6082255840301514,0.745066434182603,0.8849153518676758,0.02920251191439479,0.0012730766442763213,0.0005701804365385533,-2.602110670155497,2.602110670155497,40.0,120.0,80.0,90.0,110.0,345.0,285.0,0.0034173181235190625,0.05845783201179344,0.03085024877141014,0.9778908847166112,0.9965545150413784,0.32455060727420526,0.03085024877141014,0.04965460979870016,40.0,80.0,0.0,-40.0,40.0,140.0,20.0,20.0,140.0,60.0,60.0,320.0,230.0,230.0,170.0,60.0,60.0,250.0,285.0,95.0
E09B-4,sample_001467,samples/sample_001467.npz,sample_001467_prediction.npz,0.0016776699339970946,0.0046796491369605064,0.8181152186729778,0.39660056657223797,0.5679513184584178,560,1412,2.5214285714285714,347.71613597869873,793.630252445349,2.2824084657778645,0.6209216713905334,0.751786466847573,0.8907262086868286,0.029388201224471177,0.0015189092957141877,0.0003454254951320329,-2.7684758801378138,2.7684758801378138,70.0,150.0,80.0,50.0,140.0,355.0,200.0,0.0016139888592937555,0.04017448019942207,0.021575422004547994,1.2630138472246304,0.9987549926798069,0.2023940910829528,0.021575422004547994,0.03388937923036393,70.0,80.0,50.0,-20.0,20.0,160.0,10.0,10.0,110.0,30.0,30.0,140.0,90.0,90.0,200.0,60.0,60.0,340.0,200.0,15.0
E09B-4,sample_002010,samples/sample_002010.npz,sample_002010_prediction.npz,0.0015221141511574388,0.005014199297875166,0.5616843256664071,0.1274658573596358,0.22611036339165544,168,1318,7.845238095238095,156.31246948242188,538.4923818813362,3.4449739273160955,0.9304313659667969,0.6008601660529772,0.6650660037994385,0.110388779805816,0.0013357444596188448,0.010314471644407791,3.4969153669631083,3.4969153669631083,80.0,100.0,20.0,60.0,140.0,170.0,470.0,0.0012275426961901991,0.035036305401543115,0.018283899613894324,2.1083706342866586,0.993687123656595,0.17852670729792242,0.018283899613894324,0.02988714959810042,80.0,20.0,50.0,-30.0,30.0,140.0,40.0,40.0,90.0,70.0,70.0,190.0,130.0,130.0,220.0,80.0,80.0,135.0,450.0,40.311288741492746
E09B-4,sample_002098,samples/sample_002098.npz,sample_002098_prediction.npz,0.0015968438237905502,0.0066815647296607494,0.863345577238566,0.4260915307732772,0.5975654739948358,810,1901,2.3469135802469134,470.3172558546066,1123.6146142207194,2.3890567488939265,0.580638587474823,0.7169848417426333,0.8491044044494629,0.025554282470144386,0.0013978007560828687,0.000778775321994159,0.4865930679472399,0.4865930679472399,40.0,100.0,60.0,150.0,90.0,325.0,305.0,0.004457665976464524,0.06676575451879896,0.03464669387757496,1.0845624955287687,0.9963804291179885,0.3479905038013509,0.03464669387757496,0.057072520356281214,40.0,60.0,0.0,-40.0,40.0,140.0,40.0,40.0,140.0,80.0,80.0,290.0,140.0,140.0,380.0,290.0,290.0,375.0,200.0,116.29703349613007
E09B-4,sample_001451,samples/sample_001451.npz,sample_001451_prediction.npz,0.00035376791493035853,0.0026573368813842535,0.8420351145578453,0.6389351081530782,0.7796954314720812,392,593,1.5127551020408163,94.30146908760071,341.924552130149,3.625866653387133,0.2405649721622467,0.3962610544712872,0.5721661448478699,0.04380018057877763,0.0001798260868763681,0.0019420468330064772,-2.6504136735231825,2.6504136735231825,20.0,90.0,70.0,80.0,70.0,390.0,335.0,0.0008407581279436929,0.028995829492251,0.013747903831494868,1.6798868903899056,0.9831818008634478,0.21122438133299165,0.013747903831494868,0.02552945883060707,20.0,70.0,20.0,0.0,0.0,90.0,0.0,0.0,70.0,0.0,0.0,180.0,100.0,100.0,110.0,40.0,40.0,420.0,335.0,30.0
E09B-4,sample_000316,samples/sample_000316.npz,sample_000316_prediction.npz,0.00017299095634371042,0.0017005446134135127,0.5949232643522175,0.16563146997929606,0.2841918294849023,80,483,6.0375,23.076975345611572,187.011683110018,8.103821246469417,0.28846219182014465,0.33837277740240096,0.4523420035839081,0.009344021105128464,0.0001655214821252992,0.0021195350135092147,-1.362347899991093,1.362347899991093,20.0,60.0,40.0,50.0,40.0,475.0,350.0,0.00039564607870041986,0.019890854147080257,0.009369731974197012,3.41224847176678,0.8192732035909477,0.10389169010086427,0.009369731974197012,0.017545774460881743,20.0,40.0,20.0,0.0,0.0,70.0,10.0,10.0,50.0,10.0,10.0,290.0,240.0,240.0,360.0,320.0,320.0,475.0,330.0,20.0
E09B-4,sample_001723,samples/sample_001723.npz,sample_001723_prediction.npz,0.0006459511932916939,0.0033623939380049706,0.8447268242804395,0.4022346368715084,0.5737051792828686,360,895,2.486111111111111,184.5861268043518,504.7739261590606,2.7346254829545513,0.5127392411231995,0.6342450013591183,0.7544734477996826,0.025318981674741586,0.0005552636980880734,0.0008777857043452336,-0.7005685903109367,0.7005685903109367,30.0,90.0,60.0,50.0,120.0,255.0,300.0,0.0013831502714340537,0.03719072829932285,0.01752059380012516,1.256368054190207,0.9931620085824372,0.27124297288967936,0.01752059380012516,0.03280516825631396,30.0,60.0,20.0,-10.0,10.0,110.0,20.0,20.0,90.0,30.0,30.0,300.0,250.0,250.0,270.0,150.0,150.0,350.0,245.0,109.77249200050075
E09B-4,sample_001111,samples/sample_001111.npz,sample_001111_prediction.npz,0.0022383457981050014,0.005574032198637724,0.7419137617777385,0.3075079872204473,0.4703726328649969,385,1252,3.251948051948052,306.5526646375656,849.6672876787449,2.7716845609001592,0.7962406873703003,0.8368999287679598,0.922936737537384,0.003953793902208995,0.002231601130410928,0.0018233949282427774,2.7030185652418055,2.7030185652418055,40.0,90.0,50.0,70.0,110.0,375.0,255.0,0.004302944471135889,0.06559683278280964,0.028950834678839556,1.4567371986325899,0.9974766066081664,0.489202881526942,0.028950834678839556,0.058862497759901336,40.0,50.0,0.0,-40.0,40.0,130.0,40.0,40.0,130.0,80.0,80.0,250.0,180.0,180.0,170.0,60.0,60.0,305.0,245.0,70.71067811865476
E09B-4,sample_000562,samples/sample_000562.npz,sample_000562_prediction.npz,0.0005990767967887223,0.0030598563607782125,0.6676124020718854,0.17371937639198218,0.29601518026565465,156,898,5.756410256410256,97.30296850204468,373.804635320403,3.8416570539936616,0.6237369775772095,0.5458701430605009,0.6142863035202026,0.0073357991769882796,0.000588369248478207,0.002683536827509815,3.063871858451364,3.063871858451364,50.0,80.0,30.0,40.0,130.0,490.0,495.0,0.0008785850451315789,0.029640935294480485,0.014275135633378934,2.1132702521745768,0.9768561228974638,0.1708215737024084,0.014275135633378934,0.025977019609266454,50.0,30.0,30.0,-20.0,20.0,110.0,30.0,30.0,80.0,50.0,50.0,200.0,160.0,160.0,260.0,130.0,130.0,430.0,450.0,75.0
E09B-4,sample_002168,samples/sample_002168.npz,sample_002168_prediction.npz,0.0005809163558296859,0.0029142964631319046,0.563296584489452,0.12903225806451613,0.22857142857142856,88,682,7.75,75.48128128051758,296.66545762917957,3.930318253695989,0.8577418327331543,0.48670300197872246,0.5398288369178772,0.1382285463199482,0.0004575861993332274,0.005301099637774124,1.8294777000542553,1.8294777000542553,30.0,50.0,20.0,110.0,40.0,415.0,420.0,0.0006745839136094835,0.025972753292815984,0.012527626365884554,1.575341616352367,0.9486871856849997,0.1470072189208526,0.012527626365884554,0.022751757981445693,30.0,20.0,20.0,-10.0,10.0,80.0,30.0,30.0,60.0,40.0,40.0,390.0,280.0,280.0,410.0,370.0,370.0,445.0,435.0,33.54101966249684
E09B-4,sample_001196,samples/sample_001196.npz,sample_001196_prediction.npz,0.0009467282216064632,0.003081969218328595,0.5935996587176721,0.13177159590043924,0.23285899094437257,90,683,7.588888888888889,88.26255083084106,345.3911678929392,3.913224404253805,0.9806950092315674,0.7260211990939246,0.7701289653778076,0.06587634412655723,0.0008872288875070051,0.003717214076448481,4.034402660755276,4.034402660755276,50.0,80.0,30.0,60.0,50.0,110.0,525.0,0.000963762117755006,0.031044518320550666,0.012967461427660245,2.2883325775544083,0.9895077341124866,0.24576369458174452,0.012967461427660245,0.028206507438482166,50.0,30.0,20.0,-30.0,30.0,120.0,40.0,40.0,100.0,70.0,70.0,180.0,120.0,120.0,190.0,140.0,140.0,140.0,485.0,50.0
E09B-4,sample_001899,samples/sample_001899.npz,sample_001899_prediction.npz,0.00036474247463047504,0.002725444035604596,0.7306479907581672,0.34349442379182155,0.5113447703375761,462,1345,2.911255411255411,150.69104826450348,386.9872222586748,2.568083683241806,0.3261711001396179,0.2970639251462825,0.37544459104537964,0.0027491507185518327,0.0003534835217320569,0.004607768833737296,5.520857128577873,5.520857128577873,80.0,110.0,30.0,110.0,140.0,165.0,350.0,0.0004154702643012755,0.020383087702830392,0.011232596280726568,1.363337846467522,0.9957233871115434,0.09242963510840435,0.011232596280726568,0.017008793169871965,80.0,30.0,60.0,-20.0,20.0,140.0,30.0,30.0,80.0,50.0,50.0,150.0,40.0,40.0,190.0,50.0,50.0,165.0,345.0,5.0
E09B-4,sample_000775,samples/sample_000775.npz,sample_000775_prediction.npz,0.0007464333320967853,0.003233279101550579,0.8084276930373633,0.5122549019607843,0.6774716369529984,640,1211,1.8921875,211.01202011108398,493.9067334118798,2.3406568647220682,0.3297062814235687,0.44119244763860477,0.6668604016304016,0.03598425809261162,0.0005155169966428016,0.0009008587411431351,-3.275310023742435,3.275310023742435,60.0,140.0,80.0,160.0,50.0,440.0,325.0,0.0007380901106529469,0.027167813873275614,0.014022425539302224,1.3030650752860566,0.9976941388916832,0.13927420854834738,0.014022425539302224,0.023269329441298295,60.0,80.0,50.0,-10.0,10.0,150.0,10.0,10.0,100.0,20.0,20.0,190.0,30.0,30.0,140.0,90.0,90.0,445.0,320.0,7.0710678118654755
E09B-4,sample_001971,samples/sample_001971.npz,sample_001971_prediction.npz,0.0014612848171964288,0.005899777170270681,0.5503354792257314,0.10884353741496598,0.19631901840490798,160,1470,9.1875,147.76297569274902,618.3619158074158,4.184823112206449,0.9235185980796814,0.5817287724465132,0.6661064028739929,0.11779369483633977,0.0012716330517823563,0.007894883266703503,4.090621930450197,4.090621930450197,50.0,70.0,20.0,160.0,50.0,240.0,195.0,0.0022928948051568303,0.047884181157839906,0.02478086953775812,2.206659509839588,0.9719647442681073,0.23669472144601772,0.02478086953775812,0.04097320234140164,50.0,20.0,30.0,-20.0,20.0,110.0,40.0,40.0,80.0,60.0,60.0,500.0,340.0,340.0,270.0,220.0,220.0,370.0,135.0,143.17821063276352
E09B-4,sample_002064,samples/sample_002064.npz,sample_002064_prediction.npz,0.0020320783369243145,0.006506918463855982,0.7638614575604342,0.32904884318766064,0.4951644100580271,768,2334,3.0390625,498.9137878417969,1050.617005926757,2.105808721926728,0.6496273279190063,0.604217166119876,0.7913839221000671,0.009006746410237588,0.0019771596248395833,0.003128824650349877,1.0152027816115918,1.0152027816115918,80.0,120.0,40.0,160.0,120.0,170.0,440.0,0.0023773515600012136,0.048758092251453125,0.02607881433076592,1.0468232552020176,0.9977769673544024,0.23038483621042533,0.02607881433076592,0.041197657738063845,80.0,40.0,50.0,-30.0,30.0,160.0,40.0,40.0,110.0,70.0,70.0,280.0,120.0,120.0,190.0,70.0,70.0,140.0,445.0,30.4138126514911
E09B-4,sample_001548,samples/sample_001548.npz,sample_001548_prediction.npz,0.0017644120380282402,0.0053401789627969265,0.7453426067354791,0.2624254473161034,0.415748031496063,396,1509,3.8106060606060606,281.8826107978821,799.2980056247965,2.835570464465139,0.7118247747421265,0.7402648883636551,0.8088095784187317,0.003032742121056605,0.0017592820408042402,0.0024378368148917696,2.2664952344310905,2.2664952344310905,50.0,90.0,40.0,90.0,110.0,455.0,335.0,0.0034777635610167973,0.05897256617289769,0.02710330061212997,1.5577134933759098,0.9970681569979722,0.3607219054013193,0.02710330061212997,0.052375324886298445,50.0,40.0,30.0,-20.0,20.0,130.0,40.0,40.0,100.0,60.0,60.0,260.0,170.0,170.0,260.0,150.0,150.0,390.0,290.0,79.05694150420949
E09B-4,sample_000381,samples/sample_000381.npz,sample_000381_prediction.npz,0.0006182391662150621,0.004663406405597925,0.8061677865061533,0.37641154328732745,0.5469462169553327,600,1594,2.6566666666666667,171.90202474594116,628.6769692072095,3.657181875177729,0.2865033745765686,0.40287020372847715,0.5680208206176758,0.017327041389899964,0.0005156304655870282,0.0012574192966873711,3.299908213869152,3.299908213869152,30.0,70.0,40.0,100.0,150.0,440.0,425.0,0.002160923741243961,0.04648573696569692,0.024995112849479802,1.6573155002706743,0.947281400667366,0.2201316853938256,0.024995112849479802,0.03919398008477489,30.0,40.0,20.0,-10.0,10.0,90.0,20.0,20.0,70.0,30.0,30.0,270.0,170.0,170.0,380.0,230.0,230.0,455.0,340.0,86.31338250816034
E09B-4,sample_000114,samples/sample_000114.npz,sample_000114_prediction.npz,0.0015490319347009063,0.006095102056860924,0.6505466867763566,0.23564064801178203,0.3814064362336114,480,2037,4.24375,322.79139518737793,700.7428513150554,2.1708845457552535,0.6724820733070374,0.4420430596296986,0.6315048933029175,0.05757086640372041,0.001274145706844978,0.010527399060053136,3.6195842285198268,3.6195842285198268,80.0,100.0,20.0,150.0,160.0,485.0,350.0,0.0011993180029208218,0.034631170972417635,0.01820159275335747,1.08086060172151,0.9948347828144701,0.16420958833378235,0.01820159275335747,0.029462179555520784,80.0,20.0,50.0,-30.0,30.0,140.0,40.0,40.0,90.0,70.0,70.0,180.0,30.0,30.0,210.0,50.0,50.0,490.0,355.0,7.0710678118654755
E09B-4,sample_000761,samples/sample_000761.npz,sample_000761_prediction.npz,0.002147441962733865,0.004836686421185732,0.6335070918563382,0.20416666666666666,0.3391003460207612,196,960,4.8979591836734695,195.83123445510864,609.3300340633199,3.1115058624777223,0.9991389513015747,0.841060249781122,0.9165129065513611,0.02825633620937399,0.0020952816498467164,0.0007770984203798904,0.6473080226258645,0.6473080226258645,50.0,120.0,70.0,70.0,40.0,155.0,200.0,0.0018359834770164604,0.04284837776411682,0.02061589988368626,1.781358737726238,0.9949922699044816,0.28505197384334796,0.02061589988368626,0.037562855975049145,50.0,70.0,30.0,-20.0,20.0,150.0,30.0,30.0,120.0,50.0,50.0,120.0,50.0,50.0,150.0,110.0,110.0,150.0,185.0,15.811388300841896
E09B-4,sample_001580,samples/sample_001580.npz,sample_001580_prediction.npz,0.0021341617684811354,0.004866386763751507,0.7834611549071021,0.3468208092485549,0.5150214592274678,480,1384,2.8833333333333333,401.34976387023926,856.3596361510121,2.133699115437582,0.8361453413963318,0.835950142890215,0.9309353232383728,0.003356495719844821,0.0021281641028779584,0.000513439853164936,-1.436344074823225,1.436344074823225,40.0,120.0,80.0,120.0,50.0,500.0,525.0,0.002863225855685776,0.05350911936937269,0.02247024672277014,1.0573309527111807,0.9986587804293997,0.3787618641367114,0.02247024672277014,0.04856247386515244,40.0,80.0,0.0,-40.0,40.0,150.0,30.0,30.0,150.0,70.0,70.0,170.0,50.0,50.0,130.0,80.0,80.0,495.0,525.0,5.0
E09B-4,sample_001591,samples/sample_001591.npz,sample_001591_prediction.npz,0.0007989087607711554,0.004150284919887781,0.8940121283620381,0.6774193548387096,0.8076923076923077,1320,1904,1.4424242424242424,381.7951512336731,739.1258529494106,1.935922576704065,0.28923875093460083,0.4174543414180252,0.6073572635650635,0.03494420848424173,0.00033417444589573794,0.0005862283892760089,-5.068508637812528,5.068508637812528,70.0,150.0,80.0,110.0,150.0,395.0,325.0,0.0010725149723292554,0.03274927437866762,0.01771495286183494,0.9657708348370668,0.9992757116175864,0.1572552762624735,0.01771495286183494,0.02754442624982814,70.0,80.0,60.0,-10.0,10.0,160.0,10.0,10.0,100.0,20.0,20.0,160.0,50.0,50.0,200.0,50.0,50.0,400.0,320.0,7.0710678118654755
E09B-4,sample_000709,samples/sample_000709.npz,sample_000709_prediction.npz,0.001679379609413445,0.004780905786901712,0.569130765106118,0.144,0.2517482517482518,180,1250,6.944444444444445,170.6106162071228,524.44215189002,3.073912770195628,0.9478367567062378,0.6251961694823371,0.674258828163147,0.10498770242139797,0.0014898696459318848,0.005664237584068734,2.6178885782136376,2.6178885782136376,80.0,110.0,30.0,120.0,50.0,480.0,315.0,0.001153606958223361,0.03396478997761301,0.017134328990056683,1.924958850888817,0.998088517848424,0.1813120667187893,0.017134328990056683,0.029326127059055452,80.0,30.0,50.0,-30.0,30.0,150.0,40.0,40.0,100.0,70.0,70.0,170.0,50.0,50.0,140.0,90.0,90.0,485.0,310.0,7.0710678118654755
E09B-4,sample_000703,samples/sample_000703.npz,sample_000703_prediction.npz,0.0008577127009630203,0.0038573944475501776,0.8478286237798103,0.43956043956043955,0.6106870229007634,520,1183,2.275,243.65123629570007,593.4118819964702,2.435497110617135,0.4685600697994232,0.6062392429806865,0.8299700021743774,0.04739807370365398,0.0006102183414166667,0.0011233545724985293,-0.9662717676542911,0.9662717676542911,30.0,110.0,80.0,130.0,50.0,465.0,415.0,0.0015718037002726366,0.03964597962306691,0.018345190567629083,1.1463507616856066,0.9937108796214938,0.2767750312941549,0.018345190567629083,0.035146232846636774,30.0,80.0,0.0,-30.0,30.0,130.0,20.0,20.0,130.0,50.0,50.0,260.0,130.0,130.0,320.0,270.0,270.0,510.0,310.0,114.23659658795863
E09B-4,sample_001400,samples/sample_001400.npz,sample_001400_prediction.npz,0.0006728279404342175,0.004608707036823034,0.6326750820905266,0.1658670322138451,0.284538506760729,242,1459,6.028925619834711,134.1245481967926,516.9010384003439,3.853888384711851,0.5542336702346802,0.4090315436036134,0.4533413350582123,0.021626610860694048,0.0006211176647456762,0.005776685986963392,2.708337503843353,2.708337503843353,30.0,50.0,20.0,110.0,110.0,425.0,365.0,0.001604900834970571,0.04006121359832439,0.021583271772524663,1.5301801566067286,0.9156099516221137,0.17055689209514446,0.021583271772524663,0.03375001058613035,30.0,20.0,20.0,-10.0,10.0,80.0,30.0,30.0,60.0,40.0,40.0,370.0,260.0,260.0,570.0,460.0,460.0,435.0,285.0,80.62257748298549
E09B-4,sample_001887,samples/sample_001887.npz,sample_001887_prediction.npz,0.00043685478158295155,0.0028566373512148857,0.8363331725499861,0.3333333333333333,0.5,320,960,3.0,185.7793426513672,436.614920220037,2.3501801329945864,0.5805604457855225,0.5567552940919995,0.7207369208335876,0.008263285785588747,0.00041129492881817443,0.0010847876861664384,0.46274372692059274,0.46274372692059274,20.0,70.0,50.0,40.0,160.0,380.0,240.0,0.000572784241893239,0.023932911270742617,0.013982848428635343,0.6778280491153207,0.9589509063588751,0.10890174323496787,0.013982848428635343,0.01942328993026282,20.0,50.0,20.0,0.0,0.0,90.0,20.0,20.0,70.0,20.0,20.0,440.0,400.0,400.0,460.0,300.0,300.0,420.0,230.0,41.23105625617661
E09B-4,sample_001331,samples/sample_001331.npz,sample_001331_prediction.npz,0.0005481710541062057,0.003940938971936703,0.28371043486403413,0.06148686416992733,0.11585044760400211,110,1789,16.263636363636362,28.615364134311676,404.47151411137696,14.134767330337391,0.26013967394828796,0.2076218697157773,0.25088340044021606,0.0030878407970143405,0.0005453260325821715,0.0018432785741843416,3.1689819405145983,3.1689819405145983,20.0,40.0,20.0,50.0,110.0,375.0,195.0,0.0017258806309333494,0.041543719512500916,0.021801937028660144,5.50363309607228,0.6014982386320828,0.13842369375918037,0.021801937028660144,0.03536320365481169,20.0,20.0,20.0,0.0,0.0,50.0,10.0,10.0,30.0,10.0,10.0,370.0,320.0,320.0,440.0,330.0,330.0,405.0,220.0,39.05124837953327
E09B-4,sample_001596,samples/sample_001596.npz,sample_001596_prediction.npz,0.0018903519958257675,0.005722652655094862,0.6006710162614087,0.1649214659685864,0.28314606741573034,252,1528,6.063492063492063,230.43040251731873,635.6794668188547,2.758661443431182,0.9144063591957092,0.6022821810273897,0.6902889609336853,0.09947495745000368,0.001639553313046295,0.010720502658965155,2.466094826577077,2.466094826577077,80.0,100.0,20.0,140.0,90.0,390.0,355.0,0.001493915080192622,0.03865119765534597,0.020327153962616373,1.5979873257976462,0.998348358932581,0.1981476732943136,0.020327153962616373,0.032874334852171706,80.0,20.0,50.0,-30.0,30.0,140.0,40.0,40.0,90.0,70.0,70.0,230.0,90.0,90.0,160.0,70.0,70.0,365.0,350.0,25.495097567963924
E09B-4,sample_002009,samples/sample_002009.npz,sample_002009_prediction.npz,0.0003306161379441619,0.0026391649153083563,0.7914331116946286,0.45353982300884954,0.624048706240487,616,1355,2.199675324675325,175.44790244102478,412.8488098364944,2.3531133977236904,0.28481802344322205,0.29773056137000586,0.3779822885990143,0.003328702454809637,0.00031171082064841325,0.0024508910799270946,4.093263596845432,4.093263596845432,80.0,120.0,40.0,140.0,110.0,360.0,135.0,0.00040577847584287176,0.020143943899913735,0.011084906775296305,1.207423916124656,0.9965704429688911,0.09104038050833968,0.011084906775296305,0.016819730010492494,80.0,40.0,60.0,-20.0,20.0,150.0,30.0,30.0,90.0,50.0,50.0,180.0,40.0,40.0,170.0,60.0,60.0,370.0,135.0,10.0
E09B-4,sample_002116,samples/sample_002116.npz,sample_002116_prediction.npz,0.003284275298938155,0.006918489467352629,0.7934808791898532,0.39622641509433965,0.5675675675675675,672,1696,2.5238095238095237,638.236249923706,1257.163172772115,1.9697458001208719,0.9497563242912292,0.9055245801629055,0.975648820400238,0.003713503030361913,0.0032813206551489376,0.001004484382229833,0.8936402764045823,0.8936402764045823,40.0,110.0,70.0,60.0,160.0,190.0,340.0,0.004641749878682014,0.06813038880471778,0.03216061929198348,0.8449875344584258,0.9974029815013071,0.48435326512474863,0.03216061929198348,0.06006200500681037,40.0,70.0,0.0,-40.0,40.0,150.0,40.0,40.0,150.0,80.0,80.0,220.0,160.0,160.0,230.0,70.0,70.0,120.0,335.0,70.178344238091
E09B-4,sample_000238,samples/sample_000238.npz,sample_000238_prediction.npz,0.0023949455935508013,0.008071270771324635,0.8866240871664361,0.4827586206896552,0.6511627906976745,1344,2784,2.0714285714285716,988.6517601013184,1731.363128870115,1.7512365817188071,0.7356039881706238,0.7978932251045037,0.9488690495491028,0.013374001287644932,0.002242760469643815,0.0005351095305209702,-0.6186135149998364,0.6186135149998364,50.0,120.0,70.0,160.0,120.0,350.0,150.0,0.004871815592063801,0.06979839247478269,0.03720521118443932,0.649866976433797,0.9976324209421574,0.30707376421604016,0.03720521118443932,0.059055802871395044,50.0,70.0,0.0,-50.0,50.0,160.0,40.0,40.0,160.0,90.0,90.0,320.0,160.0,160.0,300.0,180.0,180.0,400.0,150.0,50.0
E09B-4,sample_000737,samples/sample_000737.npz,sample_000737_prediction.npz,0.0003275320341344923,0.0027526847552508116,0.7499960623905979,0.3137254901960784,0.47761194029850745,240,765,3.1875,93.02326440811157,359.78156892763525,3.867651508650588,0.3875969350337982,0.4129690892994404,0.5621950030326843,0.0029098817680472807,0.00032121198580771753,0.0029301509098164547,4.403623460814742,4.403623460814742,40.0,70.0,30.0,50.0,160.0,375.0,160.0,0.0007363228868711193,0.027135270163960397,0.0141171708422972,1.8481292904701014,0.9709466451431025,0.1380620527520121,0.0141171708422972,0.023173872664716898,40.0,30.0,30.0,-10.0,10.0,100.0,30.0,30.0,70.0,40.0,40.0,310.0,260.0,260.0,260.0,100.0,100.0,485.0,130.0,114.0175425099138
E09B-4,sample_000271,samples/sample_000271.npz,sample_000271_prediction.npz,0.001669225632213056,0.005432153586298227,0.6919001032430929,0.251865671641791,0.40238450074515647,405,1608,3.9703703703703703,286.7427536845207,735.903992132447,2.5664257690086254,0.7080067992210388,0.6032645162976819,0.6894804239273071,0.014736156395552797,0.001615168842763361,0.005396390983348998,3.3194768378042028,3.3194768378042028,80.0,110.0,30.0,90.0,150.0,365.0,435.0,0.001627517170160355,0.04034249831332159,0.021840090623459995,1.411309071574449,0.9978075090637121,0.19678004039863878,0.021840090623459995,0.03391942823396953,80.0,30.0,60.0,-20.0,20.0,150.0,40.0,40.0,90.0,60.0,60.0,190.0,100.0,100.0,200.0,50.0,50.0,345.0,430.0,20.615528128088304
E09B-4,sample_001280,samples/sample_001280.npz,sample_001280_prediction.npz,0.0003605734382290393,0.002842613263055682,0.5405840845201222,0.17457627118644067,0.2972582972582973,210,1176,5.6,63.227905333042145,325.32666484701633,5.145301953835319,0.3010852634906769,0.2630964240147954,0.35553470253944397,0.0033359592114256776,0.0003542037338468785,0.004556193529137325,5.969698703565001,5.969698703565001,20.0,40.0,20.0,70.0,150.0,415.0,485.0,0.0009296502538340422,0.03049016651043484,0.015005451858104122,2.084034444635684,0.8084981240398966,0.12416145283909555,0.015005451858104122,0.026542167740562596,20.0,20.0,20.0,0.0,0.0,60.0,20.0,20.0,40.0,20.0,20.0,320.0,250.0,250.0,460.0,310.0,310.0,410.0,380.0,105.11898020814318
E09B-4,sample_000473,samples/sample_000473.npz,sample_000473_prediction.npz,0.001344117452390492,0.006437100935727358,0.8404266845898507,0.3842869342442357,0.5552128315854411,900,2342,2.602222222222222,463.0685806274414,1086.1006226279803,2.3454422693855688,0.5145206451416016,0.5850604974892404,0.7506158947944641,0.009413008124837884,0.001269561898013765,0.0018640254380754902,3.4064236759851525,3.4064236759851525,50.0,90.0,40.0,150.0,150.0,445.0,245.0,0.003705978995444691,0.0608767525040938,0.03216128070691572,1.0801435663576562,0.9939309896260112,0.27516297770488807,0.03216128070691572,0.05168782273162279,50.0,40.0,30.0,-20.0,20.0,130.0,40.0,40.0,100.0,60.0,60.0,320.0,170.0,170.0,340.0,190.0,190.0,380.0,180.0,91.92388155425118
E09B-4,sample_001502,samples/sample_001502.npz,sample_001502_prediction.npz,0.00042723165825009346,0.002378112403675914,0.7693700520096998,0.31343283582089554,0.4772727272727273,252,804,3.1904761904761907,71.70944917201996,304.271120008812,4.243110545709427,0.28456130623817444,0.449762250518515,0.5815253853797913,0.0344756489432615,0.00033972498863178344,0.0005183944825656696,0.5156425190630642,0.5156425190630642,70.0,140.0,70.0,60.0,60.0,160.0,450.0,0.00043702449871389114,0.02090513091836287,0.010854897103729238,2.9575603878203522,0.9947241530408115,0.10711789213029232,0.010854897103729238,0.017866049019896416,70.0,70.0,60.0,-10.0,10.0,160.0,20.0,20.0,100.0,30.0,30.0,130.0,70.0,70.0,140.0,80.0,80.0,155.0,440.0,11.180339887498949
E09B-4,sample_000960,samples/sample_000960.npz,sample_000960_prediction.npz,0.0008267806260846555,0.004356243647634983,0.7019471044377037,0.2640487474610697,0.4177825388323514,390,1477,3.787179487179487,203.0231523513794,570.8515699245078,2.8117560155726213,0.5205721855163574,0.44390291074911753,0.5483126044273376,0.010162149420492088,0.0007895969939125108,0.008635632887479108,5.664491533890896,5.664491533890896,70.0,90.0,20.0,130.0,150.0,165.0,265.0,0.0011325701696995878,0.033653679883477644,0.018466083101532995,1.4878388845453592,0.9875086267286738,0.1630334128515018,0.018466083101532995,0.028134923930710484,70.0,20.0,50.0,-20.0,20.0,130.0,40.0,40.0,80.0,60.0,60.0,220.0,90.0,90.0,210.0,60.0,60.0,200.0,255.0,36.40054944640259
E09B-4,sample_001604,samples/sample_001604.npz,sample_001604_prediction.npz,0.0016402803594246507,0.004100666847079992,0.7465235818953577,0.2917046490428441,0.4516584333098095,320,1097,3.428125,209.39214706420898,610.2520683782441,2.9143980657073714,0.6543504595756531,0.7845572277903556,0.8829764127731323,0.022467620126024213,0.0015722616297767916,0.0003595781849284003,-2.261566298507134,2.261566298507134,70.0,150.0,80.0,50.0,80.0,265.0,500.0,0.001340499691321034,0.03661283506259839,0.01883024951441071,1.8547322783777882,0.9985158062860785,0.19350210513890026,0.01883024951441071,0.03139938525745479,70.0,80.0,50.0,-20.0,20.0,160.0,10.0,10.0,110.0,30.0,30.0,140.0,90.0,90.0,150.0,70.0,70.0,250.0,495.0,15.811388300841896
E09B-4,sample_001049,samples/sample_001049.npz,sample_001049_prediction.npz,0.0006253691972233355,0.0034408506471663713,0.8669781904438827,0.5126118795768918,0.6777837547068316,630,1229,1.9507936507936507,164.42838996648788,497.96195562712205,3.028442690028234,0.2609974443912506,0.4428495858633329,0.6737397313117981,0.047942217648027426,0.0003201742479755019,0.0011540270550173615,-0.9794908016317123,0.9794908016317123,50.0,110.0,60.0,70.0,150.0,215.0,405.0,0.001166688520775964,0.034156822463103385,0.017204517340766782,1.748900550314398,0.9941470452692578,0.18610609571505143,0.017204517340766782,0.02950750927894829,50.0,60.0,40.0,-10.0,10.0,120.0,10.0,10.0,80.0,20.0,20.0,240.0,170.0,170.0,250.0,100.0,100.0,150.0,375.0,71.58910531638176
E09B-4,sample_001954,samples/sample_001954.npz,sample_001954_prediction.npz,0.0003986003575846553,0.0024861956480890512,0.5847019259624819,0.1696969696969697,0.29015544041450775,140,825,5.892857142857143,69.94698226451874,277.92653078156934,3.9733884405553574,0.49962130188941956,0.36953769879681725,0.4340219497680664,0.018326753248270083,0.00037303148636071246,0.00919068968747244,4.233066147429369,4.233066147429369,80.0,100.0,20.0,100.0,70.0,400.0,495.0,0.0003729803740838627,0.01931269981343527,0.01002387629288334,2.5364256240725025,0.9917182062490137,0.09749781703868854,0.01002387629288334,0.016507643022213497,80.0,20.0,60.0,-20.0,20.0,140.0,40.0,40.0,80.0,60.0,60.0,200.0,100.0,100.0,130.0,60.0,60.0,380.0,485.0,22.360679774997898
E09B-4,sample_001051,samples/sample_001051.npz,sample_001051_prediction.npz,0.0011330867419019341,0.0043142712675035,0.7342114399866853,0.22129086336965634,0.36238846945778996,264,1193,4.518939393939394,169.32887077331543,592.4909265105142,3.499054377464643,0.64139723777771,0.6993530182675882,0.7785291075706482,0.004890691795697125,0.001122968410171668,0.0017160961073013781,2.361465514623049,2.361465514623049,40.0,80.0,40.0,110.0,60.0,165.0,520.0,0.0025563134919545684,0.05055999893151273,0.022206476057118455,1.9013596868747766,0.9908707309115604,0.36013952077480094,0.022206476057118455,0.04542230633817699,40.0,40.0,20.0,-20.0,20.0,120.0,40.0,40.0,100.0,60.0,60.0,200.0,90.0,90.0,330.0,270.0,270.0,190.0,425.0,98.2344135219425
E09B-4,sample_000519,samples/sample_000519.npz,sample_000519_prediction.npz,0.0011762856738641858,0.00556018203496933,0.8775905584233786,0.518034265103697,0.6825066825066826,1152,2215,1.9227430555555556,485.49850845336914,1001.9527570670421,2.0637607317454343,0.42143967747688293,0.5404929714730113,0.7871615886688232,0.027984549153588095,0.000858401044173384,0.0006944725118370543,-1.477764247323293,1.477764247323293,70.0,130.0,60.0,160.0,120.0,190.0,260.0,0.0021523522705194065,0.046393450728733326,0.025418909417741883,1.0137887922473945,0.9961133445047932,0.22131871965083483,0.025418909417741883,0.038810196012543395,70.0,60.0,50.0,-20.0,20.0,150.0,20.0,20.0,100.0,40.0,40.0,210.0,50.0,50.0,180.0,60.0,60.0,195.0,260.0,5.0
E09B-4,sample_002133,samples/sample_002133.npz,sample_002133_prediction.npz,0.0004657460085581988,0.0031988362316042185,0.7958261558482094,0.4316546762589928,0.6030150753768844,360,834,2.316666666666667,119.72476601600647,427.6287884975205,3.571765497878268,0.33256879448890686,0.44456859971914026,0.5985138416290283,0.022556569865190557,0.00038454964581524436,0.0015275373694603718,-2.0745003020743695,2.0745003020743695,20.0,80.0,60.0,120.0,50.0,250.0,245.0,0.0010242882003752595,0.03200450281406133,0.017103311511840323,1.4222611278132404,0.9611672013777631,0.18995583375869846,0.017103311511840323,0.02705115405494209,20.0,60.0,20.0,0.0,0.0,90.0,10.0,10.0,70.0,10.0,10.0,590.0,470.0,470.0,400.0,350.0,350.0,325.0,200.0,87.46427842267951
E09B-4,sample_000492,samples/sample_000492.npz,sample_000492_prediction.npz,0.00031736044911667705,0.0034838274586945772,0.632321471416795,0.30327056491575816,0.46539923954372625,336,979,2.9136904761904763,69.23460531234741,392.1896285933692,5.664647423409598,0.20605537295341492,0.2461583630314895,0.4497280418872833,0.011559685266625822,0.00027880275017438255,0.0022422193336074526,-0.9452644739943992,0.9452644739943992,30.0,90.0,60.0,40.0,140.0,390.0,410.0,0.0008602462069630129,0.029329954090707554,0.0175710499121386,2.6933340886203934,0.834448190631083,0.10105000680974004,0.0175710499121386,0.023484131066491408,30.0,60.0,30.0,0.0,0.0,100.0,10.0,10.0,70.0,10.0,10.0,300.0,260.0,260.0,300.0,160.0,160.0,390.0,340.0,70.0
E09B-4,sample_000901,samples/sample_000901.npz,sample_000901_prediction.npz,0.0030684557277709246,0.006982529070228338,0.6954754335735621,0.24434941967012827,0.39273441335297005,400,1637,4.0925,387.03465461730957,965.5020662022641,2.4946139956302598,0.9675866365432739,0.832657795548439,0.8819624781608582,0.019218299197419634,0.0030024735860733377,0.0031222148323812346,2.4259292838019633,2.4259292838019633,70.0,110.0,40.0,100.0,100.0,200.0,200.0,0.0030940524180508434,0.055624207122896084,0.028539491569877434,1.331870616058752,0.9980101533009571,0.3019673893579752,0.028539491569877434,0.047744631520033096,70.0,40.0,40.0,-30.0,30.0,150.0,40.0,40.0,110.0,70.0,70.0,240.0,140.0,140.0,160.0,60.0,60.0,230.0,200.0,30.0
E09B-4,sample_000728,samples/sample_000728.npz,sample_000728_prediction.npz,0.0006449759239330888,0.003249237546697259,0.7864043676300337,0.2766798418972332,0.43343653250773995,280,1012,3.6142857142857143,104.24670338630676,423.49328867774756,4.062414205161092,0.3723096549510956,0.5576799684337207,0.7132903337478638,0.039467719475744276,0.0005340809561936862,0.0015820412833180539,2.095250985705519,2.095250985705519,60.0,100.0,40.0,70.0,100.0,335.0,470.0,0.0010546924630419538,0.032476029052856105,0.01616100101501047,2.5472481096146917,0.9920816709444359,0.19159662292070423,0.01616100101501047,0.028169389578668266,60.0,40.0,40.0,-20.0,20.0,130.0,30.0,30.0,90.0,50.0,50.0,190.0,120.0,120.0,200.0,100.0,100.0,295.0,440.0,50.0
E09B-4,sample_000044,samples/sample_000044.npz,sample_000044_prediction.npz,0.0030441489070653915,0.006456391420215368,0.8021928046710147,0.36704119850187267,0.536986301369863,686,1869,2.7244897959183674,557.6774952411652,1188.3333182649271,2.130861166902634,0.8129409551620483,0.8858246017823066,0.9469429850578308,0.007493182455657225,0.003012883772511556,0.0006074410310327392,-0.7832742031957167,0.7832742031957167,70.0,140.0,70.0,70.0,140.0,275.0,260.0,0.0033388495658362477,0.05778277914600723,0.030991776009777258,1.0975700491821745,0.9991039158405817,0.2907504318409738,0.030991776009777258,0.04876842611358339,70.0,70.0,50.0,-20.0,20.0,160.0,20.0,20.0,110.0,40.0,40.0,130.0,60.0,60.0,200.0,60.0,60.0,275.0,260.0,0.0
E09B-4,sample_000653,samples/sample_000653.npz,sample_000653_prediction.npz,0.00043221176019869745,0.003588377730920911,0.4925980989216472,0.20103425985778928,0.33476856835306784,312,1546,4.955128205128205,65.11785006523132,411.9294415872414,6.32590666268303,0.20871105790138245,0.20971127253216812,0.2830822467803955,0.0006124966587215136,0.00043163773873231324,0.00563633614001411,6.713114978754227,6.713114978754227,20.0,40.0,20.0,120.0,130.0,300.0,235.0,0.0014120169083427512,0.03757681344050811,0.02000946846869296,2.67068254892351,0.7869008670187477,0.1469556878313208,0.02000946846869296,0.03180625850274021,20.0,20.0,20.0,0.0,0.0,60.0,20.0,20.0,40.0,20.0,20.0,360.0,240.0,240.0,440.0,310.0,310.0,310.0,230.0,11.180339887498949
E09B-4,sample_001330,samples/sample_001330.npz,sample_001330_prediction.npz,0.002094712806865573,0.007675990927964449,0.8991283641464056,0.5436573311367381,0.7043756670224119,1320,2428,1.8393939393939394,743.6322569847107,1464.2847704104115,1.9690979737051908,0.5633577704429626,0.7351199633582975,0.9240512251853943,0.04748403758807732,0.0014769418740131028,0.0004665900087812453,-2.7687874094738163,2.7687874094738163,50.0,130.0,80.0,150.0,110.0,365.0,405.0,0.004860352108407282,0.06971622557487807,0.03654795273427605,0.8830822606145888,0.9976783206641622,0.3373208462904288,0.03654795273427605,0.0593683354941033,50.0,80.0,40.0,-10.0,10.0,150.0,20.0,20.0,110.0,30.0,30.0,300.0,150.0,150.0,220.0,110.0,110.0,420.0,420.0,57.0087712549569
E09B-4,sample_000517,samples/sample_000517.npz,sample_000517_prediction.npz,0.0007427363307215273,0.004265771713107824,0.6017250490040854,0.14025974025974025,0.2460136674259681,162,1155,7.12962962962963,96.17286157608032,484.9886607907219,5.04288478935461,0.5936596393585205,0.49944155249330735,0.558905839920044,0.009857572540641676,0.0007276907384786832,0.007630455032168865,4.017965816746624,4.017965816746624,50.0,70.0,20.0,90.0,90.0,235.0,195.0,0.001497646191526008,0.03869943399490499,0.020439583387475712,2.612535478404234,0.9522692216632697,0.19990470917198871,0.020439583387475712,0.03286136975952821,50.0,20.0,30.0,-20.0,20.0,100.0,30.0,30.0,70.0,50.0,50.0,450.0,360.0,360.0,260.0,170.0,170.0,315.0,130.0,103.07764064044152
E09B-4,sample_001265,samples/sample_001265.npz,sample_001265_prediction.npz,0.002803367329761386,0.007896694354712963,0.8566060157462609,0.4100895036615134,0.5816503173687247,1008,2458,2.4384920634920637,680.8959245681763,1454.3450672123597,2.1359285828222636,0.675491988658905,0.8322513016561667,0.9156311750411987,0.02819365857157826,0.0025403201331628137,0.0008609028541276218,0.721669359161254,0.721669359161254,60.0,120.0,60.0,120.0,140.0,180.0,480.0,0.005562060562174377,0.0745792233948194,0.0374748760762935,1.0479633228427097,0.9981351661820154,0.3726280093468357,0.0374748760762935,0.06448018474881118,60.0,60.0,40.0,-20.0,20.0,160.0,40.0,40.0,120.0,60.0,60.0,280.0,160.0,160.0,200.0,60.0,60.0,230.0,480.0,50.0
E09B-4,sample_001292,samples/sample_001292.npz,sample_001292_prediction.npz,0.0006560898036696017,0.004275535233318806,0.835698379912225,0.32232070910556004,0.4875076173065204,400,1241,3.1025,147.53621816635132,567.0785448985881,3.843656506493821,0.3688405454158783,0.5462415459752082,0.6935060620307922,0.03652428152047072,0.0005095455523114749,0.0009593746656816697,1.3766414117390724,1.3766414117390724,30.0,80.0,50.0,100.0,80.0,360.0,420.0,0.0020041979065170395,0.04476826896940555,0.022976939664496678,1.790090488358642,0.9694209618014114,0.2809875853940323,0.022976939664496678,0.038422104967988396,30.0,50.0,20.0,-10.0,10.0,100.0,20.0,20.0,80.0,30.0,30.0,360.0,260.0,260.0,370.0,290.0,290.0,460.0,305.0,152.3975065412817
E09B-4,sample_001298,samples/sample_001298.npz,sample_001298_prediction.npz,0.0008960294653661549,0.0044206189922988415,0.6246362497985974,0.1583198707592892,0.2733612273361227,196,1238,6.316326530612245,110.08473920822144,530.1840927061234,4.816145239743891,0.5616568326950073,0.5350125723955582,0.6502701044082642,0.00375601820625858,0.0008903157592980227,0.008222475232282566,4.187215099422247,4.187215099422247,50.0,70.0,20.0,70.0,140.0,235.0,210.0,0.0018739724807168416,0.04328940379257771,0.02219456421534519,2.6539764200827154,0.9649079288076059,0.22829481327109896,0.02219456421534519,0.037166837368920166,50.0,20.0,30.0,-20.0,20.0,100.0,30.0,30.0,70.0,50.0,50.0,280.0,210.0,210.0,370.0,230.0,230.0,220.0,185.0,29.154759474226502
E09B-4,sample_001513,samples/sample_001513.npz,sample_001513_prediction.npz,0.0010798787698149681,0.003548436099663377,0.7232352565309927,0.25125628140703515,0.40160642570281124,300,1194,3.98,185.75980067253113,522.58906716203,2.813251657624689,0.6191993355751038,0.623938806951046,0.7141331434249878,0.003096444626090298,0.001073705768523235,0.0015296554055960086,1.5259068095629829,1.5259068095629829,80.0,130.0,50.0,50.0,120.0,355.0,490.0,0.0009030366332946621,0.030050567936307993,0.01583200933867333,1.7047749702435573,0.9988423888750498,0.1524808403803794,0.01583200933867333,0.02554181108682042,80.0,50.0,60.0,-20.0,20.0,160.0,30.0,30.0,100.0,50.0,50.0,110.0,60.0,60.0,180.0,60.0,60.0,355.0,490.0,0.0
E09B-4,sample_000392,samples/sample_000392.npz,sample_000392_prediction.npz,0.0015275651821866632,0.004538603592664003,0.66000226411667,0.18848167539267016,0.31718061674008813,180,955,5.305555555555555,178.24459075927734,549.2021770957657,3.081171634753694,0.9902477264404297,0.7813441468609704,0.8367047905921936,0.04577896428060247,0.0014463899588065758,0.0023722704943653122,1.6736396857397153,1.6736396857397153,50.0,90.0,40.0,50.0,90.0,175.0,355.0,0.0017706643711444332,0.04207926295866449,0.019484972414576536,1.6733175821735162,0.996127543583105,0.3165480409374125,0.019484972414576536,0.037296115362697294,50.0,40.0,20.0,-30.0,30.0,130.0,40.0,40.0,110.0,70.0,70.0,100.0,50.0,50.0,220.0,130.0,130.0,170.0,320.0,35.35533905932738
E09B-4,sample_001800,samples/sample_001800.npz,sample_001800_prediction.npz,0.00038641292485408485,0.002923765918239951,0.8576322891849997,0.4189044038668099,0.5904617713853142,390,931,2.387179487179487,191.56806975603104,460.8365043415616,2.405601856971539,0.49120017886161804,0.5175466308991115,0.6505146622657776,0.007049082339060345,0.00035987493749475364,0.0010276140763013787,1.5490795066422152,1.5490795066422152,20.0,70.0,50.0,60.0,130.0,210.0,405.0,0.0006598960343422934,0.025688441648770627,0.015071816036466637,0.6882205851331545,0.9696763420927097,0.11442376045342101,0.015071816036466637,0.02080231707539332,20.0,50.0,20.0,0.0,0.0,90.0,20.0,20.0,70.0,20.0,20.0,440.0,380.0,380.0,480.0,350.0,350.0,250.0,370.0,53.150729063673246
E09B-4,sample_002073,samples/sample_002073.npz,sample_002073_prediction.npz,0.0002384524414082989,0.0022266877349466085,0.742394707469325,0.3770812928501469,0.5476529160739687,385,1021,2.651948051948052,95.07418975234032,309.2634862237642,3.252864810411402,0.24694594740867615,0.272103554474843,0.3348529040813446,0.0019159227900664203,0.00023185692013867593,0.0012831924008736568,3.2490569045615842,3.2490569045615842,80.0,130.0,50.0,70.0,110.0,395.0,165.0,0.0003108562438296944,0.01763111578515933,0.009960106861338427,1.9553304423141005,0.9910616229186449,0.07792966149567371,0.009960106861338427,0.014548282205828064,80.0,50.0,70.0,-10.0,10.0,150.0,20.0,20.0,80.0,30.0,30.0,130.0,60.0,60.0,160.0,50.0,50.0,395.0,160.0,5.0
E09B-4,sample_000911,samples/sample_000911.npz,sample_000911_prediction.npz,0.0008392861927859485,0.004562768619507551,0.830717378106086,0.3979591836734694,0.5693430656934306,546,1372,2.5128205128205128,161.15512830018997,606.6706103075525,3.7645132159709083,0.29515591263771057,0.49636459009442135,0.6659457087516785,0.05485123482989283,0.0005376175617245048,0.001154636189907842,-0.30833910387546837,0.30833910387546837,30.0,90.0,60.0,70.0,130.0,465.0,325.0,0.0022817549635633524,0.047767718844041025,0.02401325357206218,1.9104233077775001,0.9573766869597372,0.26746124021855944,0.02401325357206218,0.041293081944161,30.0,60.0,20.0,-10.0,10.0,110.0,20.0,20.0,90.0,30.0,30.0,350.0,280.0,280.0,360.0,230.0,230.0,435.0,230.0,99.62429422585637
E09B-4,sample_000923,samples/sample_000923.npz,sample_000923_prediction.npz,0.00044923400855623186,0.0029176848474889994,0.6036050163543696,0.18950437317784258,0.31862745098039214,195,1029,5.276923076923077,79.86865639686584,346.54345075483945,4.338916746425176,0.40958285331726074,0.35812779787259225,0.4192342758178711,0.004087610577758647,0.0004420024303170342,0.004447133507529516,4.416355062061967,4.416355062061967,80.0,110.0,30.0,50.0,130.0,295.0,465.0,0.0005583579519387241,0.023629599064282157,0.012875136427954206,2.8789183521496966,0.9917408946163034,0.11149939675509782,0.012875136427954206,0.01981385409001214,80.0,30.0,60.0,-20.0,20.0,140.0,30.0,30.0,80.0,50.0,50.0,180.0,130.0,130.0,180.0,50.0,50.0,270.0,460.0,25.495097567963924
E09B-4,sample_000595,samples/sample_000595.npz,sample_000595_prediction.npz,0.0018812479684129357,0.006142537575215101,0.8363366700537687,0.37894736842105264,0.549618320610687,648,1710,2.638888888888889,405.7768020629883,1008.2408012716218,2.4847176973786533,0.6261987686157227,0.7815203293238158,0.8919436931610107,0.028973360853669677,0.0017014773162078878,0.000954221244200661,1.5953051342345788,1.5953051342345788,40.0,100.0,60.0,120.0,90.0,190.0,245.0,0.004652123838489117,0.06820647944652412,0.03148902561169802,1.2432319935591036,0.9981136802472504,0.4430434073417805,0.03148902561169802,0.0605026041135003,40.0,60.0,0.0,-40.0,40.0,140.0,40.0,40.0,140.0,80.0,80.0,240.0,120.0,120.0,320.0,230.0,230.0,230.0,160.0,93.94147114027967
E09B-4,sample_001302,samples/sample_001302.npz,sample_001302_prediction.npz,0.0019851878751069307,0.005239287856966257,0.8252928453971857,0.37285986049461,0.5431870669745958,588,1577,2.681972789115646,388.9803864955902,902.1785574552265,2.31934202539915,0.6615312695503235,0.8144063187801108,0.8922533988952637,0.026994279569419112,0.0018346973785650254,0.000935949911351905,-0.08006982627395587,0.08006982627395587,60.0,120.0,60.0,70.0,140.0,525.0,280.0,0.0029160427569404628,0.054000395896145637,0.025039867079286144,1.2885692684281558,0.9991969147993512,0.31105760100978985,0.025039867079286144,0.047843994540507855,60.0,60.0,40.0,-20.0,20.0,150.0,30.0,30.0,110.0,50.0,50.0,140.0,70.0,70.0,200.0,60.0,60.0,510.0,280.0,15.0
E09B-4,sample_001319,samples/sample_001319.npz,sample_001319_prediction.npz,0.0004879759799223393,0.0034507045056670904,0.6640407850196676,0.11144130757800892,0.20053475935828877,150,1346,8.973333333333333,78.23321521282196,406.90965620873334,5.201239078590794,0.5215547680854797,0.49970652163028717,0.6035119295120239,0.004745344452002266,0.00048146984029285585,0.0014982698750250773,-0.3270706298486914,0.3270706298486914,20.0,50.0,30.0,50.0,100.0,295.0,360.0,0.0010726637342196941,0.032751545524138156,0.01898474262464361,1.7046782241740153,0.8215478291653805,0.12159504230975429,0.01898474262464361,0.02668788642241521,20.0,30.0,20.0,0.0,0.0,60.0,10.0,10.0,40.0,10.0,10.0,530.0,480.0,480.0,510.0,410.0,410.0,265.0,385.0,39.05124837953327
E09B-4,sample_002162,samples/sample_002162.npz,sample_002162_prediction.npz,0.0004467338148970157,0.0029688153881579638,0.8568310743306702,0.6015118790496761,0.75118004045853,560,923,1.6482142857142856,161.06433391571045,430.93605664222764,2.6755523470996923,0.2876148819923401,0.41513022140466743,0.6086322665214539,0.037405819867160794,0.00023498591493163057,0.0013940705096744247,0.07333223655354004,0.07333223655354004,30.0,100.0,70.0,100.0,80.0,170.0,140.0,0.000872482367369503,0.029537812501427778,0.013972109478886573,1.2157489543708873,0.9886803167147259,0.17635102576784845,0.013972109478886573,0.0260242679835478,30.0,70.0,30.0,0.0,0.0,110.0,10.0,10.0,80.0,10.0,10.0,140.0,40.0,40.0,200.0,120.0,120.0,170.0,110.0,30.0
E09B-4,sample_001201,samples/sample_001201.npz,sample_001201_prediction.npz,0.000726391386706382,0.0032378837931901217,0.4938853731813613,0.08842105263157894,0.16247582205029013,84,950,11.30952380952381,47.15975260734558,358.48861733964594,7.601579684364331,0.5614256262779236,0.5229481203215463,0.5945261120796204,0.0033563205442598224,0.0007241422678380451,0.006509362410076348,3.8217273119998936,3.8217273119998936,70.0,90.0,20.0,60.0,70.0,270.0,175.0,0.0009318731985815071,0.03052659821502401,0.015700962886992614,5.20386452355547,0.962864537179334,0.16149141332829897,0.015700962886992614,0.02617924679976083,70.0,20.0,40.0,-30.0,30.0,130.0,40.0,40.0,90.0,70.0,70.0,210.0,150.0,150.0,180.0,110.0,110.0,225.0,150.0,51.478150704935004
E09B-4,sample_000860,samples/sample_000860.npz,sample_000860_prediction.npz,0.000932676310185343,0.005685934331268072,0.8098126164098626,0.3438395415472779,0.511727078891258,720,2094,2.908333333333333,286.3914728164673,842.9495496212338,2.9433472349277463,0.3977659344673157,0.47931150214539636,0.6393105983734131,0.010539863255075744,0.0008617919839174143,0.0022451865587572502,6.648854707814877,6.648854707814877,20.0,50.0,30.0,160.0,150.0,230.0,285.0,0.002754714499949751,0.05248537415270802,0.031398990300955665,1.0186598430941285,0.9677634450548112,0.22810800805889642,0.031398990300955665,0.04205731693808157,20.0,30.0,20.0,0.0,0.0,80.0,30.0,30.0,60.0,30.0,30.0,640.0,480.0,480.0,570.0,420.0,420.0,320.0,285.0,90.0
E09B-4,sample_001867,samples/sample_001867.npz,sample_001867_prediction.npz,0.0004094974137842655,0.0027292591985315084,0.7222211857076701,0.2333000997008973,0.37833468067906223,234,1003,4.286324786324786,69.58212214708328,337.1560980124829,4.845441438244719,0.29735949635505676,0.41495065028086686,0.5538102388381958,0.017770742784575817,0.0003680726202406871,0.0023359306480138656,1.8517983929936008,1.8517983929936008,60.0,90.0,30.0,60.0,130.0,330.0,315.0,0.000717179095447556,0.0267801996902106,0.014058831388090358,3.0476351265191925,0.9742599484363563,0.14205731348299688,0.014058831388090358,0.02279316466506574,60.0,30.0,40.0,-20.0,20.0,120.0,30.0,30.0,80.0,50.0,50.0,230.0,170.0,170.0,230.0,100.0,100.0,265.0,285.0,71.58910531638176
E09B-4,sample_000363,samples/sample_000363.npz,sample_000363_prediction.npz,0.00045813422184437513,0.002469310536980629,0.3823663902410983,0.052980132450331126,0.10062893081761007,40,755,18.875,32.65535354614258,242.4264007820617,7.423787356627728,0.8163838386535645,0.40423315688967704,0.44326549768447876,0.1703747701746883,0.00038896678626032294,0.008232412479596801,2.6421611693278635,2.6421611693278635,80.0,100.0,20.0,40.0,50.0,260.0,325.0,0.0003886649796405109,0.019714587990635538,0.010568562815361603,5.335566457998812,0.9702391482268132,0.09713185514492936,0.010568562815361603,0.016642429499873716,80.0,20.0,60.0,-20.0,20.0,140.0,40.0,40.0,80.0,60.0,60.0,200.0,160.0,160.0,170.0,120.0,120.0,220.0,305.0,44.721359549995796
E09B-4,sample_000263,samples/sample_000263.npz,sample_000263_prediction.npz,0.00034712618798948824,0.0027823662385344505,0.7589137300088465,0.3103448275862069,0.47368421052631576,189,609,3.2222222222222223,76.96506553888321,350.3667865721226,4.552283352440143,0.40722256898880005,0.48489704160463243,0.5501953363418579,0.0071558964753116435,0.00033401038831768723,0.0022821079320943386,3.8026316300027787,3.8026316300027787,30.0,60.0,30.0,70.0,90.0,225.0,195.0,0.0009271479449102405,0.03044910417254078,0.015106510832820497,1.9766046091591636,0.9647159558778718,0.2063545429856164,0.015106510832820497,0.026437497524692412,30.0,30.0,20.0,-10.0,10.0,80.0,20.0,20.0,60.0,30.0,30.0,480.0,410.0,410.0,370.0,280.0,280.0,310.0,185.0,85.58621384311844
E09B-4,sample_000442,samples/sample_000442.npz,sample_000442_prediction.npz,0.0007098359055817127,0.003072253428399563,0.5813501429674516,0.16534181240063592,0.2837653478854025,104,629,6.048076923076923,94.6843991279602,313.46235457406215,3.3106019308464623,0.910426914691925,0.5102496998241315,0.5600098967552185,0.16088186165671217,0.0005402036095495614,0.006044057379768456,4.318608897575054,4.318608897575054,30.0,50.0,20.0,130.0,40.0,385.0,210.0,0.0006354215746709342,0.025207569789071977,0.012214644462553617,1.2649305434850735,0.9685547875458267,0.14690906902660117,0.012214644462553617,0.022050488323942907,30.0,20.0,20.0,-10.0,10.0,80.0,30.0,30.0,60.0,40.0,40.0,240.0,110.0,110.0,360.0,320.0,320.0,400.0,180.0,33.54101966249684
E09B-4,sample_001230,samples/sample_001230.npz,sample_001230_prediction.npz,0.0005735583254136145,0.003813484450802207,0.8748464947968081,0.47956403269754766,0.6482504604051565,704,1468,2.085227272727273,288.421838760376,658.0717811940843,2.2816295188410387,0.40969011187553406,0.4901854855601083,0.6265375018119812,0.010451710625692962,0.0005023060888164473,0.0012489790300885975,5.854962098970837,5.854962098970837,20.0,60.0,40.0,110.0,160.0,475.0,420.0,0.0015748674871787023,0.0396846001262291,0.020369884962486644,0.7573922498963476,0.9840164725205041,0.19245711949227373,0.020369884962486644,0.03405782250517145,20.0,40.0,20.0,0.0,0.0,80.0,20.0,20.0,60.0,20.0,20.0,370.0,260.0,260.0,490.0,330.0,330.0,445.0,395.0,39.05124837953327
E09B-4,sample_001272,samples/sample_001272.npz,sample_001272_prediction.npz,0.0023785801604390144,0.0060438732616603374,0.7339640164440917,0.274442538593482,0.4306864064602961,480,1749,3.64375,406.4982604980469,906.8885480019703,2.230977684605191,0.8468713760375977,0.749229189629356,0.8519300818443298,0.012049719651016451,0.00233112607352716,0.0017543931192538125,1.6744946136900865,1.6744946136900865,80.0,130.0,50.0,60.0,160.0,320.0,200.0,0.0018647340705154045,0.04318256674302032,0.024024366889509513,1.1493465463411228,0.9984841437662917,0.20628070860239,0.024024366889509513,0.03588264017702214,80.0,50.0,60.0,-20.0,20.0,160.0,30.0,30.0,100.0,50.0,50.0,120.0,60.0,60.0,220.0,60.0,60.0,320.0,200.0,0.0
E09B-4,sample_001600,samples/sample_001600.npz,sample_001600_prediction.npz,0.002078570192679763,0.005874282214790583,0.8290814962571224,0.39009287925696595,0.5612472160356348,756,1938,2.5634920634920637,485.2165160179138,1058.5916747668632,2.1816892867838424,0.6418207883834839,0.7554254076941304,0.8768845200538635,0.017194697458532433,0.0019614198671689936,0.0006310685742320544,-3.162960377674125,3.162960377674125,80.0,150.0,70.0,120.0,90.0,380.0,275.0,0.002506855350494351,0.05006850657343747,0.027740372211813132,1.18689657699897,0.9996019160069256,0.2370808164145911,0.027740372211813132,0.04168125597968968,80.0,70.0,60.0,-20.0,20.0,160.0,10.0,10.0,100.0,30.0,30.0,170.0,50.0,50.0,170.0,80.0,80.0,385.0,275.0,5.0
E09B-4,sample_000593,samples/sample_000593.npz,sample_000593_prediction.npz,0.0032254389952868223,0.008334442041814327,0.8616006407743108,0.4412532637075718,0.6123188405797102,1183,2681,2.2662721893491122,860.1984516978264,1672.3401237915905,1.9441329154810618,0.7271330952644348,0.8564275542206413,0.9537553191184998,0.021116549158761756,0.0030075129398048576,0.0006068894414396328,-1.3081962311680115,1.3081962311680115,70.0,140.0,70.0,130.0,130.0,225.0,205.0,0.005269727879945578,0.07259289138714325,0.03932227439176446,0.916676345995174,0.9991425200167443,0.33841445317316354,0.03932227439176446,0.06102037869928671,70.0,70.0,50.0,-20.0,20.0,160.0,20.0,20.0,110.0,40.0,40.0,170.0,40.0,40.0,200.0,70.0,70.0,225.0,210.0,5.0
E09B-4,sample_000367,samples/sample_000367.npz,sample_000367_prediction.npz,8.076871745288372e-05,0.0013870465336367488,0.58061378127481,0.2471042471042471,0.39628482972136225,64,259,4.046875,18.23250961303711,149.751172219307,8.213415234523053,0.28488296270370483,0.24835037253797054,0.30172693729400635,0.002458068725552688,7.921999480307453e-05,0.004828546786444072,3.771695688023094,3.771695688023094,40.0,60.0,20.0,40.0,80.0,310.0,490.0,0.00018960284741018437,0.013769634977376283,0.007178059376317556,3.9490241324268163,0.8513693540542067,0.06690669145667338,0.007178059376317556,0.011750672789259516,40.0,20.0,30.0,-10.0,10.0,80.0,20.0,20.0,50.0,30.0,30.0,230.0,190.0,190.0,170.0,90.0,90.0,395.0,465.0,88.60022573334675
E09B-4,sample_000985,samples/sample_000985.npz,sample_000985_prediction.npz,0.002677621552720666,0.008021143265068531,0.8754616422039944,0.49381584974805315,0.661146887457835,1078,2183,2.0250463821892395,707.4556195735931,1495.1075965425002,2.1133588527343257,0.6562668085098267,0.8370805231781749,0.9461294412612915,0.037433120120971206,0.002292267598885014,0.0007101228948606596,0.3377614022712834,0.3377614022712834,30.0,100.0,70.0,110.0,140.0,475.0,280.0,0.008432506047111536,0.09182867769445195,0.04181753823183727,0.9339507144874348,0.9979515386965855,0.5444835435535909,0.04181753823183727,0.08175450778605645,30.0,70.0,0.0,-30.0,30.0,140.0,40.0,40.0,140.0,70.0,70.0,350.0,240.0,240.0,380.0,240.0,240.0,415.0,190.0,108.16653826391968
E09B-4,sample_000252,samples/sample_000252.npz,sample_000252_prediction.npz,0.00019551914010662585,0.002214999170973897,0.5807534732416217,0.23529411764705882,0.38095238095238093,120,510,4.25,49.82417106628418,231.02871095724547,4.6368801730769125,0.41520142555236816,0.2629566137989362,0.3626275062561035,0.02482548378808865,0.00016541652503671312,0.00538421770623319,2.8170018842105335,2.8170018842105335,40.0,60.0,20.0,150.0,40.0,285.0,330.0,0.00034593574501045384,0.0185993479727235,0.010029432631995015,2.164244433460623,0.9444655156662807,0.10334854177874969,0.010029432631995015,0.015663531724701404,40.0,20.0,20.0,-20.0,20.0,80.0,20.0,20.0,60.0,40.0,40.0,180.0,30.0,30.0,130.0,90.0,90.0,280.0,305.0,25.495097567963924
E09B-4,sample_000452,samples/sample_000452.npz,sample_000452_prediction.npz,0.0014228852232918143,0.00571964168921113,0.7974846589860185,0.289532293986637,0.44905008635578586,520,1796,3.453846153846154,301.9148325920105,862.3233845577502,2.8561809208063718,0.5806054472923279,0.6745073657196302,0.76911461353302,0.012204934473002844,0.0013655478183877791,0.001844012486639487,1.0875945051739535,1.0875945051739535,50.0,90.0,40.0,130.0,100.0,245.0,400.0,0.0035173055529382543,0.059306876101665094,0.029625742130032398,1.5055012777226826,0.9959047160700624,0.32819224862216856,0.029625742130032398,0.05137724161711173,50.0,40.0,30.0,-20.0,20.0,120.0,30.0,30.0,90.0,50.0,50.0,410.0,280.0,280.0,300.0,200.0,200.0,215.0,340.0,67.08203932499369
E09B-4,sample_001622,samples/sample_001622.npz,sample_001622_prediction.npz,0.0009043742902576923,0.005083818454295397,0.8818932464285167,0.6383121232417951,0.7792313982011447,960,1486,1.5479166666666666,321.500244140625,779.8506947738948,2.4256612832703985,0.3348960876464844,0.4907856730821853,0.7475107312202454,0.05219474398968426,0.0003985521485607256,0.0010523752109714468,-2.0262406584973007,2.0262406584973007,30.0,110.0,80.0,80.0,150.0,170.0,295.0,0.002142471351111364,0.04628683777394351,0.024323787738756607,1.065874196249688,0.991662118716814,0.2537553221934993,0.024323787738756607,0.03938051169234953,30.0,80.0,0.0,-30.0,30.0,130.0,20.0,20.0,130.0,50.0,50.0,340.0,260.0,260.0,330.0,180.0,180.0,280.0,225.0,130.38404810405297
E09B-4,sample_001585,samples/sample_001585.npz,sample_001585_prediction.npz,0.0006041651940904558,0.0024131995160132647,0.6641671159317453,0.22453222453222454,0.366723259762309,108,481,4.453703703703703,87.97479701042175,287.52061483954583,3.2682157232540736,0.8145814538002014,0.6401308217534313,0.6983829736709595,0.03154706290697254,0.0005701329096731588,0.003237645010798771,4.829244321501818,4.829244321501818,30.0,60.0,30.0,60.0,60.0,420.0,460.0,0.0006146112051144102,0.024791353434502325,0.010979174392722965,1.3241827081858446,0.9821367571999343,0.19416912148218102,0.010979174392722965,0.02222766147773055,30.0,30.0,20.0,-10.0,10.0,100.0,40.0,40.0,80.0,50.0,50.0,220.0,160.0,160.0,280.0,220.0,220.0,370.0,420.0,64.03124237432849
E09B-4,sample_000222,samples/sample_000222.npz,sample_000222_prediction.npz,0.00370003841817379,0.008097129873931408,0.7903030451612576,0.3503184713375796,0.5188679245283019,880,2512,2.8545454545454545,741.6331243515015,1489.0860400427698,2.007847264568793,0.8427649140357971,0.8339210107922554,0.9439551830291748,0.003767594866229454,0.003699428169759054,0.0018456506487139225,1.9834257283183376,1.9834257283183376,60.0,110.0,50.0,160.0,110.0,470.0,245.0,0.005595621529595951,0.0748038871289183,0.037156645419134965,0.9331669893188328,0.9986112411588074,0.3639951255606244,0.037156645419134965,0.06492307163707389,60.0,50.0,30.0,-30.0,30.0,150.0,40.0,40.0,120.0,70.0,70.0,210.0,50.0,50.0,190.0,80.0,80.0,465.0,245.0,5.0
E09B-4,sample_001459,samples/sample_001459.npz,sample_001459_prediction.npz,0.0005668362719006836,0.0030709756538271904,0.5760144775373155,0.1386748844375963,0.2435723951285521,90,649,7.211111111111111,68.3198869228363,328.81696298874397,4.812902623216067,0.7591098546981812,0.5291536139117347,0.5852410793304443,0.055065835545620466,0.0005168952192474925,0.00847462481778496,4.517814022268325,4.517814022268325,50.0,70.0,20.0,50.0,90.0,295.0,495.0,0.0007428955381777588,0.027256110107235748,0.013805349981078206,2.4963295779892247,0.9703547465691674,0.16820095401486562,0.013805349981078206,0.02350123082048476,50.0,20.0,30.0,-20.0,20.0,110.0,40.0,40.0,80.0,60.0,60.0,280.0,230.0,230.0,240.0,150.0,150.0,300.0,440.0,55.226805085936306
E09B-4,sample_001967,samples/sample_001967.npz,sample_001967_prediction.npz,0.0005756229511462152,0.004002699162811041,0.4290032139901595,0.042129900526623756,0.08085345311622684,72,1709,23.73611111111111,34.3732488155365,419.1487779241866,12.194040201830846,0.47740623354911804,0.41842758945292896,0.49975574016571045,0.005330758354990774,0.0005721376861238412,0.001234930870886608,2.9403068036549485,2.9403068036549485,20.0,40.0,20.0,90.0,40.0,195.0,120.0,0.001629148914189488,0.04036271688315206,0.022252632728230293,4.156063075008534,0.655135609176042,0.12787385057866757,0.022252632728230293,0.03367445991923229,20.0,20.0,20.0,0.0,0.0,60.0,20.0,20.0,40.0,20.0,20.0,430.0,340.0,340.0,400.0,360.0,360.0,215.0,200.0,82.46211251235322
E09B-4,sample_001694,samples/sample_001694.npz,sample_001694_prediction.npz,0.0013013598509132862,0.004547873977571726,0.7572373866080897,0.2708512467755804,0.42625169147496617,315,1163,3.6920634920634923,200.4263225197792,647.1984289901493,3.2291089356602853,0.6362740397453308,0.7308813611666362,0.8297635912895203,0.011854820507634345,0.0012674342141682142,0.0012635792411319062,2.3903923932670352,2.3903923932670352,50.0,100.0,50.0,90.0,70.0,305.0,215.0,0.002154301900582841,0.04641445788310837,0.02313873902033163,1.756820607197407,0.9938149140824066,0.2859106470891968,0.02313873902033163,0.04023556458075148,50.0,50.0,30.0,-20.0,20.0,130.0,30.0,30.0,100.0,50.0,50.0,140.0,50.0,50.0,210.0,140.0,140.0,300.0,175.0,40.311288741492746
E09B-4,sample_001125,samples/sample_001125.npz,sample_001125_prediction.npz,0.0009441257570870221,0.0034738804679363966,0.5623493739585586,0.1087202718006795,0.1961184882533197,96,883,9.197916666666666,81.36629676818848,385.9841567742322,4.743784246122151,0.8475655913352966,0.6554901842027903,0.7166619300842285,0.03879040958602834,0.0009071304673620767,0.008098854542135533,5.310429862922149,5.310429862922149,60.0,80.0,20.0,80.0,60.0,450.0,180.0,0.0010952927224702942,0.033095206941040484,0.015556513265274106,2.912072741638016,0.9873504325809,0.21062841627372814,0.015556513265274106,0.029211087235802177,60.0,20.0,40.0,-20.0,20.0,130.0,50.0,50.0,90.0,70.0,70.0,240.0,160.0,160.0,190.0,130.0,130.0,400.0,145.0,61.032778078668514
E09B-4,sample_001461,samples/sample_001461.npz,sample_001461_prediction.npz,0.0008654693956486881,0.003644634271040559,0.8172071745770644,0.38600723763570566,0.557006092254134,320,829,2.590625,154.81274604797363,510.7324736001304,3.2990337464969697,0.4837898313999176,0.6775387223809958,0.854806125164032,0.051365405099566684,0.0007005446693382749,0.0009639843067898507,-3.4842347576358605,3.4842347576358605,40.0,120.0,80.0,50.0,80.0,365.0,240.0,0.0013595604306647266,0.03687221759895554,0.018484865709437453,1.816764743866354,0.9924983797888,0.2528875036227795,0.018484865709437453,0.03190407764485271,40.0,80.0,30.0,-10.0,10.0,140.0,20.0,20.0,110.0,30.0,30.0,440.0,390.0,390.0,220.0,140.0,140.0,370.0,190.0,50.24937810560445
