sample_index,relative_path,body_name,x_start,x_end,y_start,y_end,z_start,z_end,width_x,width_y,thickness_z,top_depth_index,bottom_depth_index,center_x_index,center_y_index,center_z_index,top_depth_m,bottom_depth_m,center_depth_m,width_x_m,width_y_m,thickness_z_m,center_x_m,center_y_m,density_contrast,nonzero_density_cells,gravity_minimum_mgal,gravity_maximum_mgal,gravity_mean_mgal,gravity_std_mgal
0,samples/sample_000000.npz,rectangular_body_000000,20,36,49,54,8,11,16,5,3,8,10,27.5,51.0,9.0,80.0,110.0,95.0,160.0,50.0,30.0,275.0,510.0,0.5823011515635614,240,0.00039326385653592826,0.0663578915679256,0.007884822772647647,0.009657177460443138
1,samples/sample_000001.npz,rectangular_body_000001,46,53,36,45,4,9,7,9,5,4,8,49.0,40.0,6.0,40.0,90.0,65.0,70.0,90.0,50.0,490.0,400.0,0.5125959519207172,315,0.0003135352786561176,0.16005785630280814,0.010536036163020575,0.016621674705066706
2,samples/sample_000002.npz,rectangular_body_000002,50,58,24,40,7,14,8,16,7,7,13,53.5,31.5,10.0,70.0,140.0,105.0,80.0,160.0,70.0,535.0,315.0,0.5030300855112483,896,0.0013771994278267518,0.18665912094601728,0.023299048400067808,0.028330572488194625
3,samples/sample_000003.npz,rectangular_body_000003,25,32,2,14,6,11,7,12,5,6,10,28.0,7.5,8.0,60.0,110.0,85.0,70.0,120.0,50.0,280.0,75.0,0.5888399509141371,420,0.0005424773098624567,0.1518687211260495,0.013045921274451554,0.019302188598143782
4,samples/sample_000004.npz,rectangular_body_000004,49,59,18,30,7,9,10,12,2,7,8,53.5,23.5,7.5,70.0,90.0,80.0,100.0,120.0,20.0,535.0,235.0,0.3684879516949954,240,0.0001772014707626515,0.053713126871778066,0.004963370534573178,0.007204591239872394
5,samples/sample_000005.npz,rectangular_body_000005,51,59,45,52,8,12,8,7,4,8,11,54.5,48.0,9.5,80.0,120.0,100.0,80.0,70.0,40.0,545.0,480.0,0.6378219029684873,224,0.0002652621859718684,0.07234143503464951,0.006752384510293542,0.009926471896030324
6,samples/sample_000006.npz,rectangular_body_000006,24,34,23,36,5,10,10,13,5,5,9,28.5,29.0,7.0,50.0,100.0,75.0,100.0,130.0,50.0,285.0,290.0,0.657265292946634,650,0.002069821712774185,0.28462593925245755,0.029592311304164468,0.03565121195176111
7,samples/sample_000007.npz,rectangular_body_000007,45,59,37,51,8,13,14,14,5,8,12,51.5,43.5,10.0,80.0,130.0,105.0,140.0,140.0,50.0,515.0,435.0,0.9073043414323758,980,0.002160919302713663,0.3383946814220805,0.04544667452309081,0.05499813001542941
8,samples/sample_000008.npz,rectangular_body_000008,13,26,45,58,7,10,13,13,3,7,9,19.0,51.0,8.0,70.0,100.0,85.0,130.0,130.0,30.0,190.0,510.0,0.9925207538285843,507,0.00102596393230471,0.26067320882783873,0.028197100989794544,0.03823718685799701
9,samples/sample_000009.npz,rectangular_body_000009,42,53,33,37,7,10,11,4,3,7,9,47.0,34.5,8.0,70.0,100.0,85.0,110.0,40.0,30.0,470.0,345.0,0.5473759913336271,132,0.0002240822528781507,0.04593846030113888,0.004503886963146202,0.005725421675185544
10,samples/sample_000010.npz,rectangular_body_000010,13,29,42,58,5,12,16,16,7,5,11,20.5,49.5,8.0,50.0,120.0,85.0,160.0,160.0,70.0,205.0,495.0,0.7524312741276036,1792,0.003034122473349594,0.626725762172354,0.07800358240709016,0.09910388329642
11,samples/sample_000011.npz,rectangular_body_000011,55,60,9,21,4,12,5,12,8,4,11,57.0,14.5,7.5,40.0,120.0,80.0,50.0,120.0,80.0,570.0,145.0,0.8188030068467509,480,0.0005509608840587292,0.2956210859902776,0.018890992743063745,0.03385332004438446
12,samples/sample_000012.npz,rectangular_body_000012,14,29,21,30,5,11,15,9,6,5,10,21.0,25.0,7.5,50.0,110.0,80.0,150.0,90.0,60.0,210.0,250.0,0.8109834552387294,810,0.002120440785496913,0.39690176973930225,0.04308478217364529,0.052396673858833204
13,samples/sample_000013.npz,rectangular_body_000013,2,13,48,58,3,10,11,10,7,3,9,7.0,52.5,6.0,30.0,100.0,65.0,110.0,100.0,70.0,70.0,525.0,0.7933045807495349,770,0.0006686529170909802,0.5418347829845469,0.030346849820657048,0.06112125863304214
14,samples/sample_000014.npz,rectangular_body_000014,22,27,4,13,8,13,5,9,5,8,12,24.0,8.0,10.0,80.0,130.0,105.0,50.0,90.0,50.0,240.0,80.0,0.20754495623670338,225,0.00011231599352388095,0.022302530266759723,0.002290706796498356,0.0030486925315847085
15,samples/sample_000015.npz,rectangular_body_000015,19,32,23,31,7,10,13,8,3,7,9,25.0,26.5,8.0,70.0,100.0,85.0,130.0,80.0,30.0,250.0,265.0,0.6645448098260138,312,0.0008680102700968414,0.11882710000176464,0.013675548271962653,0.015559410953232431
16,samples/sample_000016.npz,rectangular_body_000016,17,33,19,34,3,9,16,15,6,3,8,24.5,26.0,5.5,30.0,90.0,60.0,160.0,150.0,60.0,245.0,260.0,0.9019100585343176,1440,0.003986817344868323,0.8709514465216673,0.09317644020456438,0.12108896026737567
17,samples/sample_000017.npz,rectangular_body_000017,50,57,15,25,4,11,7,10,7,4,10,53.0,19.5,7.0,40.0,110.0,75.0,70.0,100.0,70.0,530.0,195.0,0.455060168177182,490,0.0003838144600276725,0.1830031669440263,0.012812770776233082,0.02066057604042661
18,samples/sample_000018.npz,rectangular_body_000018,36,47,15,26,7,11,11,11,4,7,10,41.0,20.0,8.5,70.0,110.0,90.0,110.0,110.0,40.0,410.0,200.0,0.7556496255102603,484,0.0011271380759038739,0.19333466506926117,0.02265964704262588,0.026548305874827777
19,samples/sample_000019.npz,rectangular_body_000019,25,36,38,44,6,14,11,6,8,6,13,30.0,40.5,9.5,60.0,140.0,100.0,110.0,60.0,80.0,300.0,405.0,0.26977642699442983,528,0.0006867424513161168,0.07472743192840017,0.00889278876015673,0.00960585951095389
20,samples/sample_000020.npz,rectangular_body_000020,25,38,19,27,4,9,13,8,5,4,8,31.0,22.5,6.0,40.0,90.0,65.0,130.0,80.0,50.0,310.0,225.0,0.527739747723183,520,0.0009767008342663286,0.23063296814942558,0.01941099820209814,0.026451176415708565
21,samples/sample_000021.npz,rectangular_body_000021,30,36,6,16,2,7,6,10,5,2,6,32.5,10.5,4.0,20.0,70.0,45.0,60.0,100.0,50.0,325.0,105.0,0.39044082342939723,300,0.00018155064338033322,0.18418687205630027,0.007973290419957505,0.015827405023451938
22,samples/sample_000022.npz,rectangular_body_000022,20,29,46,62,4,12,9,16,8,4,11,24.0,53.5,7.5,40.0,120.0,80.0,90.0,160.0,80.0,240.0,535.0,0.4605694393624532,1152,0.0010808689377517083,0.3233808058138009,0.029654472130868914,0.04337071678005263
23,samples/sample_000023.npz,rectangular_body_000023,29,43,29,34,3,11,14,5,8,3,10,35.5,31.0,6.5,30.0,110.0,70.0,140.0,50.0,80.0,355.0,310.0,0.225758546632446,560,0.0005982210121576674,0.10894345338111013,0.008930870251985749,0.011832403196964231
24,samples/sample_000024.npz,rectangular_body_000024,28,39,8,13,8,10,11,5,2,8,9,33.0,10.0,8.5,80.0,100.0,90.0,110.0,50.0,20.0,330.0,100.0,0.9409740811696254,110,0.00027391908018486614,0.059238086548589426,0.005762080692053452,0.007784633072283556
25,samples/sample_000025.npz,rectangular_body_000025,18,29,14,23,3,7,11,9,4,3,6,23.0,18.0,4.5,30.0,70.0,50.0,110.0,90.0,40.0,230.0,180.0,0.33140491519502346,396,0.0002390613095472589,0.15323723868937278,0.009432572256628285,0.01564020632063336
26,samples/sample_000026.npz,rectangular_body_000026,42,55,34,42,4,6,13,8,2,4,5,48.0,37.5,4.5,40.0,60.0,50.0,130.0,80.0,20.0,480.0,375.0,0.4725149145015195,208,0.00017382788337878726,0.10631814245678538,0.006902343620723535,0.011465202137369594
27,samples/sample_000027.npz,rectangular_body_000027,17,33,6,22,8,10,16,16,2,8,9,24.5,13.5,8.5,80.0,100.0,90.0,160.0,160.0,20.0,245.0,135.0,0.7789084607655188,512,0.0010629017436416081,0.16677061318554917,0.022983410519001338,0.027054643162911167
28,samples/sample_000028.npz,rectangular_body_000028,24,37,45,53,5,13,13,8,8,5,12,30.0,48.5,8.5,50.0,130.0,90.0,130.0,80.0,80.0,300.0,485.0,0.37916968038695953,832,0.001000462116942435,0.18092745452117923,0.019029578004802743,0.023795427960666027
29,samples/sample_000029.npz,rectangular_body_000029,25,32,19,28,3,6,7,9,3,3,5,28.0,23.0,4.0,30.0,60.0,45.0,70.0,90.0,30.0,280.0,230.0,0.8378726965056633,189,0.0003837254467974504,0.23983851864189698,0.012041833282137551,0.020771562057611805
30,samples/sample_000030.npz,rectangular_body_000030,49,55,24,39,8,15,6,15,7,8,14,51.5,31.0,11.0,80.0,150.0,115.0,60.0,150.0,70.0,515.0,310.0,0.32340379562796207,630,0.0007165584274219979,0.07657248063298938,0.01058704974589389,0.011793257339042566
31,samples/sample_000031.npz,rectangular_body_000031,7,16,33,40,4,6,9,7,2,4,5,11.0,36.0,4.5,40.0,60.0,50.0,90.0,70.0,20.0,110.0,360.0,0.2199793810711709,126,4.354262190414682e-05,0.03651312436747891,0.0018553926237885572,0.0034147613764958277
32,samples/sample_000032.npz,rectangular_body_000032,38,49,16,32,5,10,11,16,5,5,9,43.0,23.5,7.0,50.0,100.0,75.0,110.0,160.0,50.0,430.0,235.0,0.8991662605211204,880,0.002219496459789014,0.47166644881476916,0.0521864972297711,0.06501382234685132
33,samples/sample_000033.npz,rectangular_body_000033,29,38,22,32,3,8,9,10,5,3,7,33.0,26.5,5.0,30.0,80.0,55.0,90.0,100.0,50.0,330.0,265.0,0.6624796009659032,450,0.0010676983437790594,0.3314040615061306,0.022129371156913213,0.03335384118791048
34,samples/sample_000034.npz,rectangular_body_000034,28,36,16,30,5,13,8,14,8,5,12,31.5,22.5,8.5,50.0,130.0,90.0,80.0,140.0,80.0,315.0,225.0,0.4793614613190729,896,0.0020298468903382763,0.2394920424336458,0.027737922942718506,0.03133610097221201
35,samples/sample_000035.npz,rectangular_body_000035,38,53,48,61,4,8,15,13,4,4,7,45.0,54.0,5.5,40.0,80.0,60.0,150.0,130.0,40.0,450.0,540.0,0.7844032018316711,780,0.0008209591820198802,0.4446355731269796,0.03565689839180068,0.059943041044948735
36,samples/sample_000036.npz,rectangular_body_000036,43,59,39,50,6,11,16,11,5,6,10,50.5,44.0,8.0,60.0,110.0,85.0,160.0,110.0,50.0,505.0,440.0,0.3513652492027719,880,0.0006419618018096878,0.15841705763566785,0.017436776816734775,0.023429747123433483
37,samples/sample_000037.npz,rectangular_body_000037,31,39,25,33,8,11,8,8,3,8,10,34.5,28.5,9.0,80.0,110.0,95.0,80.0,80.0,30.0,345.0,285.0,0.7490368234415601,192,0.0008165510125192964,0.07694960839384041,0.009291058142877494,0.009896315293858156
38,samples/sample_000038.npz,rectangular_body_000038,23,35,24,34,5,7,12,10,2,5,6,28.5,28.5,5.5,50.0,70.0,60.0,120.0,100.0,20.0,285.0,285.0,0.6932820169050666,240,0.0006604612172511351,0.14377206332898185,0.012138832196866504,0.01659576246777114
39,samples/sample_000039.npz,rectangular_body_000039,38,42,26,34,4,8,4,8,4,4,7,39.5,29.5,5.5,40.0,80.0,60.0,40.0,80.0,40.0,395.0,295.0,0.6625174941681033,128,0.00027799121979576547,0.10110920773322205,0.006142062374488329,0.009290629751804249
40,samples/sample_000040.npz,rectangular_body_000040,29,40,32,48,5,8,11,16,3,5,7,34.0,39.5,6.0,50.0,80.0,65.0,110.0,160.0,30.0,340.0,395.0,0.6522510296859483,528,0.001211344734388377,0.23537777115530564,0.024318546474890963,0.030964575847146354
41,samples/sample_000041.npz,rectangular_body_000041,24,39,21,25,2,7,15,4,5,2,6,31.0,22.5,4.0,20.0,70.0,45.0,150.0,40.0,50.0,310.0,225.0,0.20777721073326233,300,0.0001646830205280622,0.08311957528901548,0.0047386635261377485,0.007901432993875045
42,samples/sample_000042.npz,rectangular_body_000042,22,28,40,49,2,7,6,9,5,2,6,24.5,44.0,4.0,20.0,70.0,45.0,60.0,90.0,50.0,245.0,440.0,0.3092615172089288,270,0.00015188863222137777,0.13842665869014567,0.006199625506528369,0.011336435880071528
43,samples/sample_000043.npz,rectangular_body_000043,29,36,28,43,3,6,7,15,3,3,5,32.0,35.0,4.0,30.0,60.0,45.0,70.0,150.0,30.0,320.0,350.0,0.9297482914906869,315,0.0010101041985122352,0.340293101375522,0.022520940052966447,0.03551156432707871
44,samples/sample_000044.npz,rectangular_body_000044,22,29,18,32,7,14,7,14,7,7,13,25.0,24.5,10.0,70.0,140.0,105.0,70.0,140.0,70.0,250.0,245.0,0.8129409408729518,686,0.0025505050503618226,0.24490841222765564,0.03400702851521985,0.03447860359567216
45,samples/sample_000045.npz,rectangular_body_000045,33,39,10,19,3,10,6,9,7,3,9,35.5,14.0,6.0,30.0,100.0,65.0,60.0,90.0,70.0,355.0,140.0,0.585696214499613,378,0.0004896374759376667,0.23975938750833822,0.014635255040475704,0.0233425058669953
46,samples/sample_000046.npz,rectangular_body_000046,26,42,47,61,4,6,16,14,2,4,5,33.5,53.5,4.5,40.0,60.0,50.0,160.0,140.0,20.0,335.0,535.0,0.5160173040865819,448,0.0003697596015341431,0.17994183376690037,0.014819104663753378,0.02448581023234478
47,samples/sample_000047.npz,rectangular_body_000047,9,14,53,62,3,5,5,9,2,3,4,11.0,57.0,3.5,30.0,50.0,40.0,50.0,90.0,20.0,110.0,570.0,0.8157948341691554,90,5.315311114787947e-05,0.13460082032447201,0.004100911377659152,0.010513076397834413
48,samples/sample_000048.npz,rectangular_body_000048,38,50,14,18,5,8,12,4,3,5,7,43.5,15.5,6.0,50.0,80.0,65.0,120.0,40.0,30.0,435.0,155.0,0.33976363172654256,144,9.024778006967067e-05,0.0446315015133113,0.00318590496480055,0.004929161876878014
49,samples/sample_000049.npz,rectangular_body_000049,13,27,18,23,2,7,14,5,5,2,6,19.5,20.0,4.0,20.0,70.0,45.0,140.0,50.0,50.0,195.0,200.0,0.7705323508373183,350,0.00043078467003212367,0.3670904357317861,0.01969243090641215,0.03476529429497788
50,samples/sample_000050.npz,rectangular_body_000050,28,44,29,39,3,11,16,10,8,3,10,35.5,33.5,6.5,30.0,110.0,70.0,160.0,100.0,80.0,355.0,335.0,0.34452026054367046,1280,0.001979628713676982,0.30747373963946867,0.031048743274451212,0.03894955549917869
51,samples/sample_000051.npz,rectangular_body_000051,17,22,42,55,2,8,5,13,6,2,7,19.0,48.0,4.5,20.0,80.0,50.0,50.0,130.0,60.0,190.0,480.0,0.9579506174671706,390,0.0005380104037448888,0.4890056101569036,0.025680696446316327,0.04630340050591769
52,samples/sample_000052.npz,rectangular_body_000052,10,16,16,28,7,9,6,12,2,7,8,12.5,21.5,7.5,70.0,90.0,80.0,60.0,120.0,20.0,125.0,215.0,0.8023777904824065,144,0.0002428469043451729,0.07563104598021136,0.006853698326895506,0.009672885871783707
53,samples/sample_000053.npz,rectangular_body_000053,43,48,20,32,6,10,5,12,4,6,9,45.0,25.5,7.5,60.0,100.0,80.0,50.0,120.0,40.0,450.0,255.0,0.734401532534041,240,0.000510937905454251,0.12024207166045853,0.011376573774080797,0.014652711756680746
54,samples/sample_000054.npz,rectangular_body_000054,10,19,5,18,8,11,9,13,3,8,10,14.0,11.0,9.0,80.0,110.0,95.0,90.0,130.0,30.0,140.0,110.0,0.589703997106479,351,0.00038814436675665065,0.09977213631157479,0.010346139521513486,0.014659961561926716
55,samples/sample_000055.npz,rectangular_body_000055,21,29,35,40,4,9,8,5,5,4,8,24.5,37.0,6.0,40.0,90.0,65.0,80.0,50.0,50.0,245.0,370.0,0.47082622661936213,200,0.00030124716025601417,0.10088556216098607,0.006685347158194566,0.00967977903006274
56,samples/sample_000056.npz,rectangular_body_000056,13,25,49,53,3,7,12,4,4,3,6,18.5,50.5,4.5,30.0,70.0,50.0,120.0,40.0,40.0,185.0,505.0,0.486115979181251,192,0.00012153722048648977,0.1220807580190897,0.006226130854734044,0.011576409301115335
57,samples/sample_000057.npz,rectangular_body_000057,24,36,5,12,7,10,12,7,3,7,9,29.5,8.0,8.0,70.0,100.0,85.0,120.0,70.0,30.0,295.0,80.0,0.5594899990243611,252,0.00032528259873537956,0.08424484803744484,0.007604436511278846,0.01098941802945544
58,samples/sample_000058.npz,rectangular_body_000058,10,18,45,53,4,8,8,8,4,4,7,13.5,48.5,5.5,40.0,80.0,60.0,80.0,80.0,40.0,135.0,485.0,0.34211798854958697,256,0.0001214552822964681,0.09411802107921144,0.005458415325088611,0.00965329716285652
59,samples/sample_000059.npz,rectangular_body_000059,49,58,32,41,2,10,9,9,8,2,9,53.0,36.0,5.5,20.0,100.0,60.0,90.0,90.0,80.0,530.0,360.0,0.9400558586085401,648,0.001063897352497806,0.6959346441493148,0.03850282513459886,0.06820566248600128
60,samples/sample_000060.npz,rectangular_body_000060,33,41,25,32,4,12,8,7,8,4,11,36.5,28.0,7.5,40.0,120.0,80.0,80.0,70.0,80.0,365.0,280.0,0.36709982204022884,448,0.0007278395072270237,0.13314968403214306,0.011185863327045124,0.014166935926372996
61,samples/sample_000061.npz,rectangular_body_000061,13,27,51,58,4,9,14,7,5,4,8,19.5,54.0,6.0,40.0,90.0,65.0,140.0,70.0,50.0,195.0,540.0,0.6081998361800318,490,0.0004417816596193078,0.24903041662023898,0.017418834540445575,0.029472508179967705
62,samples/sample_000062.npz,rectangular_body_000062,3,16,28,43,2,7,13,15,5,2,6,9.0,35.0,4.0,20.0,70.0,45.0,130.0,150.0,50.0,90.0,350.0,0.9681046825162396,975,0.001303135160020283,0.8829894946782578,0.0614489914694988,0.11065515505125881
63,samples/sample_000063.npz,rectangular_body_000063,36,47,5,16,5,10,11,11,5,5,9,41.0,10.0,7.0,50.0,100.0,75.0,110.0,110.0,50.0,410.0,100.0,0.532191217820781,605,0.0005969821470084634,0.22159318427467883,0.01857854291770586,0.028192395042708842
64,samples/sample_000064.npz,rectangular_body_000064,30,37,17,24,7,12,7,7,5,7,11,33.0,20.0,9.0,70.0,120.0,95.0,70.0,70.0,50.0,330.0,200.0,0.33894776967550994,245,0.00034653392459552893,0.047395634783820306,0.0051949281308497465,0.005933616951771704
65,samples/sample_000065.npz,rectangular_body_000065,41,47,22,26,3,5,6,4,2,3,4,43.5,23.5,3.5,30.0,50.0,40.0,60.0,40.0,20.0,435.0,235.0,0.3186383439866961,48,2.493610039673246e-05,0.03287514776432403,0.0011581656558321946,0.0022916099988971378
66,samples/sample_000066.npz,rectangular_body_000066,38,53,3,10,3,6,15,7,3,3,5,45.0,6.0,4.0,30.0,60.0,45.0,150.0,70.0,30.0,450.0,60.0,0.4180529396309754,315,0.00012587763545046388,0.1530097258817617,0.0076735654828504075,0.016135532421511927
67,samples/sample_000067.npz,rectangular_body_000067,31,47,36,49,5,13,16,13,8,5,12,38.5,42.0,8.5,50.0,130.0,90.0,160.0,130.0,80.0,385.0,420.0,0.602553111985221,1664,0.0035084002288480382,0.47644729569105415,0.06314265252873669,0.07015064699051306
68,samples/sample_000068.npz,rectangular_body_000068,21,34,6,15,6,10,13,9,4,6,9,27.0,10.0,7.5,60.0,100.0,80.0,130.0,90.0,40.0,270.0,100.0,0.8692397290182241,468,0.0009081317324149415,0.2520028839994052,0.023409440364547562,0.03329222212684479
69,samples/sample_000069.npz,rectangular_body_000069,38,52,40,52,4,9,14,12,5,4,8,44.5,45.5,6.0,40.0,90.0,65.0,140.0,120.0,50.0,445.0,455.0,0.5565470437089544,840,0.0009002792751611846,0.3370825865759096,0.03060970691543867,0.044184614261799725
70,samples/sample_000070.npz,rectangular_body_000070,46,55,43,50,2,4,9,7,2,2,3,50.0,46.0,2.5,20.0,40.0,30.0,90.0,70.0,20.0,500.0,460.0,0.22753479532929888,126,2.438772811054697e-05,0.06345401111584087,0.0020865365593165488,0.004806104509772502
71,samples/sample_000071.npz,rectangular_body_000071,50,60,41,57,3,8,10,16,5,3,7,54.5,48.5,5.0,30.0,80.0,55.0,100.0,160.0,50.0,545.0,485.0,0.950196374718226,800,0.0008467841790011027,0.6461790586585996,0.04366212504773957,0.08126149321546533
72,samples/sample_000072.npz,rectangular_body_000072,24,39,47,59,5,12,15,12,7,5,11,31.0,52.5,8.0,50.0,120.0,85.0,150.0,120.0,70.0,310.0,525.0,0.9044379796086117,1260,0.0030282588220610397,0.601986797301633,0.06503806456717486,0.08658106351315493
73,samples/sample_000073.npz,rectangular_body_000073,44,50,2,9,4,10,6,7,6,4,9,46.5,5.0,6.5,40.0,100.0,70.0,60.0,70.0,60.0,465.0,50.0,0.960857141891585,252,0.0003093006304392996,0.23951298632822463,0.011980578942439358,0.02334320423135378
74,samples/sample_000074.npz,rectangular_body_000074,13,23,39,52,8,14,10,13,6,8,13,17.5,45.0,10.5,80.0,140.0,110.0,100.0,130.0,60.0,175.0,450.0,0.2936956257509941,780,0.000669788479411269,0.08997138160620541,0.012445642999662571,0.013887059373815914
75,samples/sample_000075.npz,rectangular_body_000075,14,25,34,42,7,11,11,8,4,7,10,19.0,37.5,8.5,70.0,110.0,90.0,110.0,80.0,40.0,190.0,375.0,0.7011835364614531,352,0.0008223342441453375,0.13777508657838344,0.015426599621546824,0.01816911287765521
76,samples/sample_000076.npz,rectangular_body_000076,42,51,42,49,7,11,9,7,4,7,10,46.0,45.0,8.5,70.0,110.0,90.0,90.0,70.0,40.0,460.0,450.0,0.34369209335569,252,0.00021005355015973765,0.0513396820867955,0.0051030029244501784,0.006630340481885124
77,samples/sample_000077.npz,rectangular_body_000077,10,24,40,45,8,14,14,5,6,8,13,16.5,42.0,10.5,80.0,140.0,110.0,140.0,50.0,60.0,165.0,420.0,0.5529939983760436,420,0.0007214018109739171,0.09512775366179291,0.012802641497826894,0.014176526891048927
78,samples/sample_000078.npz,rectangular_body_000078,24,35,38,48,4,7,11,10,3,4,6,29.0,42.5,5.0,40.0,70.0,55.0,110.0,100.0,30.0,290.0,425.0,0.3314512381757112,330,0.00029143874933589226,0.10905056867944085,0.007930669154190655,0.011907359044365327
79,samples/sample_000079.npz,rectangular_body_000079,6,14,2,6,2,5,8,4,3,2,4,9.5,3.5,3.0,20.0,50.0,35.0,80.0,40.0,30.0,95.0,35.0,0.9637463281967422,96,5.4033792860100744e-05,0.21800082800382606,0.004707854941621663,0.014318958564096141
80,samples/sample_000080.npz,rectangular_body_000080,34,47,35,43,2,7,13,8,5,2,6,40.0,38.5,4.0,20.0,70.0,45.0,130.0,80.0,50.0,400.0,385.0,0.4787336263885227,520,0.000531896780177612,0.3134802395638985,0.018777646020701942,0.031395770856547586
81,samples/sample_000081.npz,rectangular_body_000081,34,42,8,23,2,5,8,15,3,2,4,37.5,15.0,3.0,20.0,50.0,35.0,80.0,150.0,30.0,375.0,150.0,0.5745234338916141,360,0.0002770784305989198,0.28282304232229283,0.015406515252374936,0.02903098161499377
82,samples/sample_000082.npz,rectangular_body_000082,19,23,24,30,8,11,4,6,3,8,10,20.5,26.5,9.0,80.0,110.0,95.0,40.0,60.0,30.0,205.0,265.0,0.49145527256784505,72,0.00013404169459538463,0.020470604102026738,0.0022094851915461845,0.0025445646082920843
83,samples/sample_000083.npz,rectangular_body_000083,4,16,29,39,3,9,12,10,6,3,8,9.5,33.5,5.5,30.0,90.0,60.0,120.0,100.0,60.0,95.0,335.0,0.22406604491713944,720,0.0002968012318863585,0.14792996338234826,0.010014837690931108,0.01690573050706549
84,samples/sample_000084.npz,rectangular_body_000084,44,53,43,51,7,9,9,8,2,7,8,48.0,46.5,7.5,70.0,90.0,80.0,90.0,80.0,20.0,480.0,465.0,0.6772901445738391,144,0.00019199600947270024,0.06632696977232379,0.005770174248504687,0.008292877586762653
85,samples/sample_000085.npz,rectangular_body_000085,6,10,37,45,5,11,4,8,6,5,10,7.5,40.5,7.5,50.0,110.0,80.0,40.0,80.0,60.0,75.0,405.0,0.9953341064435577,192,0.00034458388979805097,0.15236190201154953,0.010277599260448977,0.016753918949457162
86,samples/sample_000086.npz,rectangular_body_000086,44,48,5,12,4,11,4,7,7,4,10,45.5,8.0,7.0,40.0,110.0,75.0,40.0,70.0,70.0,455.0,80.0,0.9456680134255657,196,0.0002826619029480563,0.17649997288382382,0.01002327692328602,0.017683502486117653
87,samples/sample_000087.npz,rectangular_body_000087,10,26,24,33,2,4,16,9,2,2,3,17.5,28.0,2.5,20.0,40.0,30.0,160.0,90.0,20.0,175.0,280.0,0.8278355245381428,288,0.00034156471299624623,0.32545115994257207,0.018538109588156045,0.03465462810176139
88,samples/sample_000088.npz,rectangular_body_000088,6,22,18,34,2,7,16,16,5,2,6,13.5,25.5,4.0,20.0,70.0,45.0,160.0,160.0,50.0,135.0,255.0,0.872033054049786,1280,0.001728273781556705,0.8856142808591035,0.0780326784788304,0.12441835967425387
89,samples/sample_000089.npz,rectangular_body_000089,25,40,5,12,3,5,15,7,2,3,4,32.0,8.0,3.5,30.0,50.0,40.0,150.0,70.0,20.0,320.0,80.0,0.32708311713986654,210,8.85777016657803e-05,0.0876714349588825,0.004529385371409669,0.00903803696758502
90,samples/sample_000090.npz,rectangular_body_000090,31,35,42,47,7,9,4,5,2,7,8,32.5,44.0,7.5,70.0,90.0,80.0,40.0,50.0,20.0,325.0,440.0,0.3374063972261927,40,4.765801073236531e-05,0.010528125285142832,0.0008872342135425433,0.001157604470262838
91,samples/sample_000091.npz,rectangular_body_000091,32,38,44,58,8,13,6,14,5,8,12,34.5,50.5,10.0,80.0,130.0,105.0,60.0,140.0,50.0,345.0,505.0,0.314051292974615,420,0.00042521627964372166,0.0567001112542963,0.007190273776587217,0.008359664608811828
92,samples/sample_000092.npz,rectangular_body_000092,10,26,23,28,8,16,16,5,8,8,15,17.5,25.0,11.5,80.0,160.0,120.0,160.0,50.0,80.0,175.0,250.0,0.3527865265552321,640,0.0008849055967737717,0.07968569320187599,0.012351574813492024,0.01230546195045107
93,samples/sample_000093.npz,rectangular_body_000093,50,55,43,51,2,4,5,8,2,2,3,52.0,46.5,2.5,20.0,40.0,30.0,50.0,80.0,20.0,520.0,465.0,0.7512071158293232,80,4.713365953546179e-05,0.1565652442642604,0.0042636613113694885,0.010473068500229374
94,samples/sample_000094.npz,rectangular_body_000094,16,26,37,45,4,9,10,8,5,4,8,20.5,40.5,6.0,40.0,90.0,65.0,100.0,80.0,50.0,205.0,405.0,0.22300732516634592,400,0.0002165768381108546,0.08262608339351414,0.006141105727144385,0.008937650291802953
95,samples/sample_000095.npz,rectangular_body_000095,25,31,47,58,3,8,6,11,5,3,7,27.5,52.0,5.0,30.0,80.0,55.0,60.0,110.0,50.0,275.0,520.0,0.4337700634644878,330,0.00024651097986060777,0.1691920417914775,0.009371503879389061,0.016594570996809718
96,samples/sample_000096.npz,rectangular_body_000096,50,59,32,46,3,10,9,14,7,3,9,54.0,38.5,6.0,30.0,100.0,65.0,90.0,140.0,70.0,540.0,385.0,0.30725299857992516,882,0.00045817603427818383,0.22348201450564573,0.0162138629663153,0.02674516957097352
97,samples/sample_000097.npz,rectangular_body_000097,14,19,28,39,7,10,5,11,3,7,9,16.0,33.0,8.0,70.0,100.0,85.0,50.0,110.0,30.0,160.0,330.0,0.38162406129919557,165,0.00020308180117844496,0.03972827941470285,0.003941631503307658,0.004970078930473432
98,samples/sample_000098.npz,rectangular_body_000098,13,27,32,42,7,14,14,10,7,7,13,19.5,36.5,10.0,70.0,140.0,105.0,140.0,100.0,70.0,195.0,365.0,0.5784619057172555,980,0.0022626028525650627,0.23756363743122416,0.03363979875473816,0.03500094694744243
99,samples/sample_000099.npz,rectangular_body_000099,8,12,13,17,4,7,4,4,3,4,6,9.5,14.5,5.0,40.0,70.0,55.0,40.0,40.0,30.0,95.0,145.0,0.8294001997182849,48,4.530880630969499e-05,0.059145771278494505,0.0023899717877705643,0.004900860387668265
100,samples/sample_000100.npz,rectangular_body_000100,8,12,30,43,2,7,4,13,5,2,6,9.5,36.0,4.0,20.0,70.0,45.0,40.0,130.0,50.0,95.0,360.0,0.8666723554680504,260,0.0003054557942522841,0.3299254660669181,0.015093475488874283,0.029816083258974238
101,samples/sample_000101.npz,rectangular_body_000101,9,17,49,62,5,8,8,13,3,5,7,12.5,55.0,6.0,50.0,80.0,65.0,80.0,130.0,30.0,125.0,550.0,0.4764147715662276,312,0.00017728585707723374,0.1211158887691357,0.007791942937902507,0.01448766346255948
102,samples/sample_000102.npz,rectangular_body_000102,40,50,13,24,4,9,10,11,5,4,8,44.5,18.0,6.0,40.0,90.0,65.0,100.0,110.0,50.0,445.0,180.0,0.5703672773877432,550,0.0006110263196627025,0.26588814966438756,0.020716353491774475,0.031015770919517335
103,samples/sample_000103.npz,rectangular_body_000103,44,58,22,29,6,10,14,7,4,6,9,50.5,25.0,7.5,60.0,100.0,80.0,140.0,70.0,40.0,505.0,250.0,0.9970838266696098,392,0.0009132821924829589,0.24473017862315977,0.02335479024778795,0.03207981547017963
104,samples/sample_000104.npz,rectangular_body_000104,21,31,39,53,2,5,10,14,3,2,4,25.5,45.5,3.0,20.0,50.0,35.0,100.0,140.0,30.0,255.0,455.0,0.29018999468979223,420,0.00017987527954819627,0.15856365456487928,0.009281596924356386,0.01687314356411172
105,samples/sample_000105.npz,rectangular_body_000105,16,29,30,43,3,6,13,13,3,3,5,22.0,36.0,4.0,30.0,60.0,45.0,130.0,130.0,30.0,220.0,360.0,0.3438520567611396,507,0.0003956490484848174,0.17345498702690398,0.013137825551244634,0.02041634314384245
106,samples/sample_000106.npz,rectangular_body_000106,30,41,23,30,7,9,11,7,2,7,8,35.0,26.0,7.5,70.0,90.0,80.0,110.0,70.0,20.0,350.0,260.0,0.6076186970277863,154,0.00041025289371383563,0.06211575965014164,0.006332802249799055,0.007549483805712245
107,samples/sample_000107.npz,rectangular_body_000107,51,58,47,61,7,10,7,14,3,7,9,54.0,53.5,8.0,70.0,100.0,85.0,70.0,140.0,30.0,540.0,535.0,0.2618071885553499,294,0.00010925207857454241,0.043812652065979105,0.003544084725719626,0.005974222122374795
108,samples/sample_000108.npz,rectangular_body_000108,34,50,48,60,5,7,16,12,2,5,6,41.5,53.5,5.5,50.0,70.0,60.0,160.0,120.0,20.0,415.0,535.0,0.6914738976110106,384,0.0003985755090341861,0.18909040553902218,0.016021517511633103,0.025738187971083962
109,samples/sample_000109.npz,rectangular_body_000109,28,38,27,34,4,9,10,7,5,4,8,32.5,30.0,6.0,40.0,90.0,65.0,100.0,70.0,50.0,325.0,300.0,0.5369377491873798,350,0.00091743783333119,0.1797458178356936,0.013547806622454294,0.01865221478253863
110,samples/sample_000110.npz,rectangular_body_000110,11,18,24,30,2,7,7,6,5,2,6,14.0,26.5,4.0,20.0,70.0,45.0,70.0,60.0,50.0,140.0,265.0,0.4635946621396003,210,0.0001550023865086631,0.17798730489977257,0.006974736507601007,0.013579661759703978
111,samples/sample_000111.npz,rectangular_body_000111,33,37,21,29,5,13,4,8,8,5,12,34.5,24.5,8.5,50.0,130.0,90.0,40.0,80.0,80.0,345.0,245.0,0.753745409757403,256,0.00087939779591327,0.1333948517224151,0.012603224414081713,0.014938518125271827
112,samples/sample_000112.npz,rectangular_body_000112,4,17,23,28,8,13,13,5,5,8,12,10.0,25.0,10.0,80.0,130.0,105.0,130.0,50.0,50.0,100.0,250.0,0.5648137652792543,325,0.0004892540814582542,0.08161359268974416,0.009442870736856703,0.011778340049140202
113,samples/sample_000113.npz,rectangular_body_000113,51,61,18,28,5,9,10,10,4,5,8,55.5,22.5,6.5,50.0,90.0,70.0,100.0,100.0,40.0,555.0,225.0,0.5933520521682216,400,0.0003851643401505937,0.18485068475260458,0.013169910266921232,0.021963723441599227
114,samples/sample_000114.npz,rectangular_body_000114,47,62,28,44,8,10,15,16,2,8,9,54.0,35.5,8.5,80.0,100.0,90.0,150.0,160.0,20.0,540.0,355.0,0.6724820537541432,480,0.0007850056373170831,0.1381948034755821,0.01713471107594751,0.021927496879145424
115,samples/sample_000115.npz,rectangular_body_000115,45,57,46,60,4,6,12,14,2,4,5,50.5,52.5,4.5,40.0,60.0,50.0,120.0,140.0,20.0,505.0,525.0,0.735970250652668,336,0.00025643243729991304,0.22289114086609046,0.014751373078612543,0.027831343572519603
116,samples/sample_000116.npz,rectangular_body_000116,47,52,21,34,7,13,5,13,6,7,12,49.0,27.0,9.5,70.0,130.0,100.0,50.0,130.0,60.0,490.0,270.0,0.4886402766409633,390,0.0005939904035234315,0.09310809172216028,0.010916541609869981,0.012920923429723593
117,samples/sample_000117.npz,rectangular_body_000117,4,8,10,19,2,10,4,9,8,2,9,5.5,14.0,5.5,20.0,100.0,60.0,40.0,90.0,80.0,55.0,140.0,0.29781135205650977,288,9.155224998651632e-05,0.11719601374362607,0.004476827593226645,0.00984647450924528
118,samples/sample_000118.npz,rectangular_body_000118,28,44,56,62,5,13,16,6,8,5,12,35.5,58.5,8.5,50.0,130.0,90.0,160.0,60.0,80.0,355.0,585.0,0.36265099928464545,768,0.000561481363521445,0.15236623008434597,0.0131017743499343,0.019890279750715327
119,samples/sample_000119.npz,rectangular_body_000119,6,12,27,37,4,12,6,10,8,4,11,8.5,31.5,7.5,40.0,120.0,80.0,60.0,100.0,80.0,85.0,315.0,0.5049575505079639,480,0.0005647087332884198,0.18901977544869822,0.013667107307162718,0.02124229581164769
120,samples/sample_000120.npz,rectangular_body_000120,48,53,15,29,2,4,5,14,2,2,3,50.0,21.5,2.5,20.0,40.0,30.0,50.0,140.0,20.0,500.0,215.0,0.9033224956910024,140,0.00012314767477763404,0.233761205796645,0.009400932501184822,0.020049643710877214
121,samples/sample_000121.npz,rectangular_body_000121,42,48,52,61,2,5,6,9,3,2,4,44.5,56.0,3.0,20.0,50.0,35.0,60.0,90.0,30.0,445.0,560.0,0.783173102098575,162,0.00010388207249516533,0.26024974771847165,0.008087577460018766,0.01978932595328313
122,samples/sample_000122.npz,rectangular_body_000122,45,51,31,44,8,16,6,13,8,8,15,47.5,37.0,11.5,80.0,160.0,120.0,60.0,130.0,80.0,475.0,370.0,0.9981855270204449,624,0.0023129598197878273,0.23008122833272077,0.03360265734420083,0.034777554951419376
123,samples/sample_000123.npz,rectangular_body_000123,18,31,11,26,3,7,13,15,4,3,6,24.0,18.0,4.5,30.0,70.0,50.0,130.0,150.0,40.0,240.0,180.0,0.45816516524155326,780,0.0006803771766916377,0.3048508061996522,0.025610391920720663,0.03888143564148434
124,samples/sample_000124.npz,rectangular_body_000124,51,61,37,48,2,10,10,11,8,2,9,55.5,42.0,5.5,20.0,100.0,60.0,100.0,110.0,80.0,555.0,420.0,0.7713258461083334,880,0.0009287847545126409,0.6836347271690681,0.039430698862802226,0.07344402171290222
125,samples/sample_000125.npz,rectangular_body_000125,9,15,14,30,8,14,6,16,6,8,13,11.5,21.5,10.5,80.0,140.0,110.0,60.0,160.0,60.0,115.0,215.0,0.43709402633248157,576,0.0006670754452858458,0.09797151150498196,0.012919219063573172,0.015293753161739298
126,samples/sample_000126.npz,rectangular_body_000126,23,31,49,55,7,9,8,6,2,7,8,26.5,51.5,7.5,70.0,90.0,80.0,80.0,60.0,20.0,265.0,515.0,0.2728927351852563,96,6.087568210054981e-05,0.018794447147477515,0.0015598230129643211,0.0022400412856064195
127,samples/sample_000127.npz,rectangular_body_000127,23,30,53,57,3,11,7,4,8,3,10,26.0,54.5,6.5,30.0,110.0,70.0,70.0,40.0,80.0,260.0,545.0,0.7934138854022472,224,0.00032343994742700677,0.20113366632985363,0.01043523351239985,0.01827167846027037
128,samples/sample_000128.npz,rectangular_body_000128,29,35,44,60,3,10,6,16,7,3,9,31.5,51.5,6.0,30.0,100.0,65.0,60.0,160.0,70.0,315.0,515.0,0.41909458729910204,672,0.0006370311059352028,0.23472795420233183,0.017727823167310315,0.0276777687333478
129,samples/sample_000129.npz,rectangular_body_000129,6,15,19,32,7,9,9,13,2,7,8,10.0,25.0,7.5,70.0,90.0,80.0,90.0,130.0,20.0,100.0,250.0,0.8976451064883175,234,0.0004455749230514422,0.12769242232530978,0.012005939644305678,0.017090942540688735
130,samples/sample_000130.npz,rectangular_body_000130,22,30,7,19,5,12,8,12,7,5,11,25.5,12.5,8.0,50.0,120.0,85.0,80.0,120.0,70.0,255.0,125.0,0.5191532330755264,672,0.0008644509602443199,0.218202843979104,0.020580965467151775,0.02796040576519112
131,samples/sample_000131.npz,rectangular_body_000131,14,18,25,34,4,12,4,9,8,4,11,15.5,29.0,7.5,40.0,120.0,80.0,40.0,90.0,80.0,155.0,290.0,0.21373374187547914,288,0.00017835586320610075,0.05145998360079095,0.00392398485298726,0.005460478107626553
132,samples/sample_000132.npz,rectangular_body_000132,48,58,44,59,8,10,10,15,2,8,9,52.5,51.0,8.5,80.0,100.0,90.0,100.0,150.0,20.0,525.0,510.0,0.9166968828826836,300,0.00045977381839482035,0.13324365715453068,0.013401476127219059,0.020008494480937635
133,samples/sample_000133.npz,rectangular_body_000133,36,44,21,32,6,14,8,11,8,6,13,39.5,26.0,9.5,60.0,140.0,100.0,80.0,110.0,80.0,395.0,260.0,0.7944155083873499,704,0.002442812863566409,0.2845910257443586,0.03479553725257334,0.037436332994764836
134,samples/sample_000134.npz,rectangular_body_000134,15,30,45,57,8,14,15,12,6,8,13,22.0,50.5,10.5,80.0,140.0,110.0,150.0,120.0,60.0,220.0,505.0,0.2745972080013429,1080,0.0008292829345132998,0.10871419530885798,0.015458251378322643,0.01758586560100462
135,samples/sample_000135.npz,rectangular_body_000135,22,27,43,57,4,8,5,14,4,4,7,24.0,49.5,5.5,40.0,80.0,60.0,50.0,140.0,40.0,240.0,495.0,0.21080970244989958,280,0.00010938610566502098,0.05602338718069373,0.003886205354368761,0.006196628033110051
136,samples/sample_000136.npz,rectangular_body_000136,6,11,54,62,2,6,5,8,4,2,5,8.0,57.5,3.5,20.0,60.0,40.0,50.0,80.0,40.0,80.0,575.0,0.7756804210935522,160,8.182003536553896e-05,0.25163407673357807,0.006461799234697734,0.018133026908219527
137,samples/sample_000137.npz,rectangular_body_000137,13,22,17,28,8,12,9,11,4,8,11,17.0,22.0,9.5,80.0,120.0,100.0,90.0,110.0,40.0,170.0,220.0,0.6729958918703116,396,0.0008032518137454864,0.12491275049472586,0.01548169979861198,0.017799202486163533
138,samples/sample_000138.npz,rectangular_body_000138,24,36,23,34,3,7,12,11,4,3,6,29.5,28.0,4.5,30.0,70.0,50.0,120.0,110.0,40.0,295.0,280.0,0.3395653771192027,528,0.0006279609917518796,0.18540197820836285,0.013548863306417306,0.020373956352537137
139,samples/sample_000139.npz,rectangular_body_000139,43,54,24,36,7,9,11,12,2,7,8,48.0,29.5,7.5,70.0,90.0,80.0,110.0,120.0,20.0,480.0,295.0,0.9637510996881506,264,0.0007447161522172896,0.15147884446202345,0.015954356232983,0.02039246905359048
140,samples/sample_000140.npz,rectangular_body_000140,16,22,27,43,8,10,6,16,2,8,9,18.5,34.5,8.5,80.0,100.0,90.0,60.0,160.0,20.0,185.0,345.0,0.5818549545580736,192,0.0004025261939090861,0.05611273411125458,0.006990079228595846,0.007909952759803211
141,samples/sample_000141.npz,rectangular_body_000141,8,13,31,39,4,11,5,8,7,4,10,10.0,34.5,7.0,40.0,110.0,75.0,50.0,80.0,70.0,100.0,345.0,0.6920079636727972,280,0.00042216891080469946,0.1763954801382735,0.011542851767626096,0.018256975510999744
142,samples/sample_000142.npz,rectangular_body_000142,37,50,19,34,3,6,13,15,3,3,5,43.0,26.0,4.0,30.0,60.0,45.0,130.0,150.0,30.0,430.0,260.0,0.5166820864013048,585,0.000611678981161438,0.27732947537472075,0.02249826561466356,0.03462124759468827
143,samples/sample_000143.npz,rectangular_body_000143,28,40,14,28,8,15,12,14,7,8,14,33.5,20.5,11.0,80.0,150.0,115.0,120.0,140.0,70.0,335.0,205.0,0.4306877558372265,1176,0.002501529806268536,0.17903909606606594,0.029315989223653048,0.027714636099232987
144,samples/sample_000144.npz,rectangular_body_000144,13,17,40,50,7,15,4,10,8,7,14,14.5,44.5,10.5,70.0,150.0,110.0,40.0,100.0,80.0,145.0,445.0,0.5166440440056412,320,0.0004413763884836243,0.07622713376146925,0.008788562066278677,0.01064915077674017
145,samples/sample_000145.npz,rectangular_body_000145,24,34,5,20,7,15,10,15,8,7,14,28.5,12.0,10.5,70.0,150.0,110.0,100.0,150.0,80.0,285.0,120.0,0.9181605701253936,1200,0.0036167588085425674,0.4291025921781998,0.058342988115229574,0.06611674644114528
146,samples/sample_000146.npz,rectangular_body_000146,3,14,39,52,4,7,11,13,3,4,6,8.0,45.0,5.0,40.0,70.0,55.0,110.0,130.0,30.0,80.0,450.0,0.6663966720060721,429,0.0003443046388621486,0.25685211968908883,0.016728956793916824,0.030683157501334848
147,samples/sample_000147.npz,rectangular_body_000147,13,26,28,41,5,7,13,13,2,5,6,19.0,34.0,5.5,50.0,70.0,60.0,130.0,130.0,20.0,190.0,340.0,0.7723513030642546,338,0.0007060639774007465,0.19952911173549798,0.018344480908977615,0.025363358395061132
148,samples/sample_000148.npz,rectangular_body_000148,55,59,26,35,6,12,4,9,6,6,11,56.5,30.0,8.5,60.0,120.0,90.0,40.0,90.0,60.0,565.0,300.0,0.8621016645370339,216,0.00042777679993023657,0.11904729025093465,0.0094770123015365,0.014244038294963186
149,samples/sample_000149.npz,rectangular_body_000149,26,41,15,22,2,4,15,7,2,2,3,33.0,18.0,2.5,20.0,40.0,30.0,150.0,70.0,20.0,330.0,180.0,0.7748147902798181,210,0.00025053658204475185,0.2590701929367776,0.012774778008014291,0.02462443927960897
150,samples/sample_000150.npz,rectangular_body_000150,32,41,20,28,5,8,9,8,3,5,7,36.0,23.5,6.0,50.0,80.0,65.0,90.0,80.0,30.0,360.0,235.0,0.5033500607486536,216,0.0003487425392592338,0.10031317897314569,0.007695338865793872,0.010732909278750449
151,samples/sample_000151.npz,rectangular_body_000151,5,9,25,33,5,8,4,8,3,5,7,6.5,28.5,6.0,50.0,80.0,65.0,40.0,80.0,30.0,65.0,285.0,0.2978229179032972,96,4.841459568258094e-05,0.02952090714653035,0.0016138406022883453,0.0029238883134906067
152,samples/sample_000152.npz,rectangular_body_000152,5,18,19,29,4,10,13,10,6,4,9,11.0,23.5,6.5,40.0,100.0,70.0,130.0,100.0,60.0,110.0,235.0,0.7142023141066649,780,0.0010540774001505744,0.4118725528796848,0.03369137153517435,0.05149488753496296
153,samples/sample_000153.npz,rectangular_body_000153,53,60,50,61,2,10,7,11,8,2,9,56.0,55.0,5.5,20.0,100.0,60.0,70.0,110.0,80.0,560.0,550.0,0.8345949645585902,616,0.000491081170073493,0.5844347631193424,0.025064935682265407,0.05673628832234635
154,samples/sample_000154.npz,rectangular_body_000154,3,15,43,53,7,9,12,10,2,7,8,8.5,47.5,7.5,70.0,90.0,80.0,120.0,100.0,20.0,85.0,475.0,0.35005112444043684,240,0.0001315480392041502,0.051025659876314626,0.004322178274590548,0.0068725014676669985
155,samples/sample_000155.npz,rectangular_body_000155,32,38,43,53,7,11,6,10,4,7,10,34.5,47.5,8.5,70.0,110.0,90.0,60.0,100.0,40.0,345.0,475.0,0.3429446631422488,240,0.00026174368852345043,0.04826559730838727,0.005006572059800132,0.006202918022718087
156,samples/sample_000156.npz,rectangular_body_000156,15,20,37,52,2,7,5,15,5,2,6,17.0,44.0,4.0,20.0,70.0,45.0,50.0,150.0,50.0,170.0,440.0,0.6496310473277617,375,0.0003455010317663487,0.317280500389362,0.01740251396864445,0.031120835327542746
157,samples/sample_000157.npz,rectangular_body_000157,16,21,51,60,5,10,5,9,5,5,9,18.0,55.0,7.0,50.0,100.0,75.0,50.0,90.0,50.0,180.0,550.0,0.6124445318328228,225,0.0002136779848631637,0.11503728706131744,0.00742560536139041,0.012656704336422018
158,samples/sample_000158.npz,rectangular_body_000158,42,52,18,28,2,4,10,10,2,2,3,46.5,22.5,2.5,20.0,40.0,30.0,100.0,100.0,20.0,465.0,225.0,0.2984070235870901,200,6.812262960637625e-05,0.10467463277052537,0.004584244048427101,0.009402351471839925
159,samples/sample_000159.npz,rectangular_body_000159,41,57,38,43,5,11,16,5,6,5,10,48.5,40.0,7.5,50.0,110.0,80.0,160.0,50.0,60.0,485.0,400.0,0.32050570099526765,480,0.0003651220187306279,0.09725458455404029,0.009401959378877094,0.012666347172979774
160,samples/sample_000160.npz,rectangular_body_000160,52,61,3,14,6,14,9,11,8,6,13,56.0,8.0,9.5,60.0,140.0,100.0,90.0,110.0,80.0,560.0,80.0,0.7573353552880362,792,0.000885723669843187,0.3006738931859748,0.023750877476138136,0.0403358088137811
161,samples/sample_000161.npz,rectangular_body_000161,42,56,14,18,8,16,14,4,8,8,15,48.5,15.5,11.5,80.0,160.0,120.0,140.0,40.0,80.0,485.0,155.0,0.8433315989837613,448,0.0009953056535920769,0.1390664661085527,0.018544259901513954,0.021716056627342217
162,samples/sample_000162.npz,rectangular_body_000162,43,52,3,8,7,14,9,5,7,7,13,47.0,5.0,10.0,70.0,140.0,105.0,90.0,50.0,70.0,470.0,50.0,0.605184773503524,315,0.000339192948567425,0.09460660286000974,0.008045319393917363,0.01233149208466899
163,samples/sample_000163.npz,rectangular_body_000163,49,59,37,51,3,5,10,14,2,3,4,53.5,43.5,3.5,30.0,50.0,40.0,100.0,140.0,20.0,535.0,435.0,0.6152726946197704,280,0.00017563042086260897,0.2016466244109329,0.0113888679388255,0.022398674385018427
164,samples/sample_000164.npz,rectangular_body_000164,19,28,32,44,2,4,9,12,2,2,3,23.0,37.5,2.5,20.0,40.0,30.0,90.0,120.0,20.0,230.0,375.0,0.7952688461787167,216,0.00027947299186103304,0.28674083046699206,0.01370170826115804,0.02645636250203243
165,samples/sample_000165.npz,rectangular_body_000165,21,33,12,23,6,14,12,11,8,6,13,26.5,17.0,9.5,60.0,140.0,100.0,120.0,110.0,80.0,265.0,170.0,0.8130188858516527,1056,0.0029729789631662874,0.4045534655107718,0.05087691425328311,0.05726516639063224
166,samples/sample_000166.npz,rectangular_body_000166,3,8,21,31,4,9,5,10,5,4,8,5.0,25.5,6.0,40.0,90.0,65.0,50.0,100.0,50.0,50.0,255.0,0.9228819418882435,250,0.00034451433022233686,0.23173887612525151,0.01226060760294211,0.023041697711583802
167,samples/sample_000167.npz,rectangular_body_000167,46,51,43,54,8,15,5,11,7,8,14,48.0,48.0,11.0,80.0,150.0,115.0,50.0,110.0,70.0,480.0,480.0,0.42255720470714375,385,0.0004131945554327383,0.06646463779217651,0.008174862391209367,0.009893714787716487
168,samples/sample_000168.npz,rectangular_body_000168,24,34,35,46,8,13,10,11,5,8,12,28.5,40.0,10.0,80.0,130.0,105.0,100.0,110.0,50.0,285.0,400.0,0.35402484683168595,550,0.0009553836604994365,0.08408099360125793,0.01189512726497678,0.011927044426692752
169,samples/sample_000169.npz,rectangular_body_000169,24,33,9,22,2,7,9,13,5,2,6,28.0,15.0,4.0,20.0,70.0,45.0,90.0,130.0,50.0,280.0,150.0,0.6766733079869205,585,0.0006926978210014407,0.47963833466849415,0.02852672070760162,0.04983386635296472
170,samples/sample_000170.npz,rectangular_body_000170,56,61,7,17,8,12,5,10,4,8,11,58.0,11.5,9.5,80.0,120.0,100.0,50.0,100.0,40.0,580.0,115.0,0.8953011708452796,200,0.0002738780062422853,0.08982899896044004,0.007174315834686787,0.011869560645978643
171,samples/sample_000171.npz,rectangular_body_000171,45,54,10,14,3,5,9,4,2,3,4,49.0,11.5,3.5,30.0,50.0,40.0,90.0,40.0,20.0,490.0,115.0,0.6488364763077721,72,4.318389007591909e-05,0.08771768023082202,0.003108200686732704,0.006879259728847603
172,samples/sample_000172.npz,rectangular_body_000172,44,53,37,45,6,8,9,8,2,6,7,48.0,40.5,6.5,60.0,80.0,70.0,90.0,80.0,20.0,480.0,405.0,0.45921214564720564,144,0.00013995264472802668,0.05446308729312059,0.004256177738450121,0.0062450800243821145
173,samples/sample_000173.npz,rectangular_body_000173,24,34,22,28,3,10,10,6,7,3,9,28.5,24.5,6.0,30.0,100.0,65.0,100.0,60.0,70.0,285.0,245.0,0.8669425777666184,420,0.0012800278563493746,0.37877804566618256,0.02597262508070347,0.03734410966798606
174,samples/sample_000174.npz,rectangular_body_000174,34,42,41,55,4,9,8,14,5,4,8,37.5,47.5,6.0,40.0,90.0,65.0,80.0,140.0,50.0,375.0,475.0,0.6783989948872378,560,0.0008489110970299859,0.30800777398709367,0.02524894940880753,0.03689454347604595
175,samples/sample_000175.npz,rectangular_body_000175,29,40,39,52,3,9,11,13,6,3,8,34.0,45.0,5.5,30.0,90.0,60.0,110.0,130.0,60.0,340.0,450.0,0.8307043149728166,858,0.0018378592886283062,0.611615748984586,0.049837635752422296,0.07253206115121971
176,samples/sample_000176.npz,rectangular_body_000176,13,29,32,39,5,9,16,7,4,5,8,20.5,35.0,6.5,50.0,90.0,70.0,160.0,70.0,40.0,205.0,350.0,0.6528667617770079,448,0.0009245013505817593,0.205429083575144,0.019967026666931773,0.02585653902060224
177,samples/sample_000177.npz,rectangular_body_000177,19,31,36,42,5,11,12,6,6,5,10,24.5,38.5,7.5,50.0,110.0,80.0,120.0,60.0,60.0,245.0,385.0,0.4055537556457042,432,0.0006297306926824488,0.12184190393293262,0.011707947232211285,0.014511753758638193
178,samples/sample_000178.npz,rectangular_body_000178,19,30,44,60,6,9,11,16,3,6,8,24.0,51.5,7.0,60.0,90.0,75.0,110.0,160.0,30.0,240.0,515.0,0.7942484307284456,528,0.0008753093622200451,0.2449657310353978,0.024858256255679015,0.03469439975743996
179,samples/sample_000179.npz,rectangular_body_000179,10,26,25,30,6,9,16,5,3,6,8,17.5,27.0,7.0,60.0,90.0,75.0,160.0,50.0,30.0,175.0,270.0,0.21757411608665045,240,0.00014956803908448555,0.03438157642409967,0.0034080469670741114,0.004415842803469896
180,samples/sample_000180.npz,rectangular_body_000180,27,34,25,31,4,10,7,6,6,4,9,30.0,27.5,6.5,40.0,100.0,70.0,70.0,60.0,60.0,300.0,275.0,0.427615128477047,252,0.0004854334401387229,0.10659168002990756,0.007621399306918716,0.010429380511972956
181,samples/sample_000181.npz,rectangular_body_000181,28,39,36,44,4,11,11,8,7,4,10,33.0,39.5,7.0,40.0,110.0,75.0,110.0,80.0,70.0,330.0,395.0,0.7584924922894787,616,0.0018743969683071252,0.36237682858676223,0.03205493026997255,0.041233008510491775
182,samples/sample_000182.npz,rectangular_body_000182,23,38,29,37,5,11,15,8,6,5,10,30.0,32.5,7.5,50.0,110.0,80.0,150.0,80.0,60.0,300.0,325.0,0.8461974565208115,720,0.003543265693257677,0.3750074894033839,0.04158005615463771,0.047977645258592966
183,samples/sample_000183.npz,rectangular_body_000183,19,32,43,54,8,14,13,11,6,8,13,25.0,48.0,10.5,80.0,140.0,110.0,130.0,110.0,60.0,250.0,480.0,0.5291225751810547,858,0.0015102202760957307,0.1758679954022881,0.025053218179472637,0.027080568842323426
184,samples/sample_000184.npz,rectangular_body_000184,11,18,48,52,6,11,7,4,5,6,10,14.0,49.5,8.0,60.0,110.0,85.0,70.0,40.0,50.0,140.0,495.0,0.778815536374533,140,0.00019899993650634757,0.07818694246299548,0.006044891420361293,0.009192479658902374
185,samples/sample_000185.npz,rectangular_body_000185,24,32,36,41,5,13,8,5,8,5,12,27.5,38.0,8.5,50.0,130.0,90.0,80.0,50.0,80.0,275.0,380.0,0.839332843593561,320,0.0012030440409893147,0.18390892052949684,0.017542437196349576,0.020720060824051412
186,samples/sample_000186.npz,rectangular_body_000186,17,21,27,31,3,11,4,4,8,3,10,18.5,28.5,6.5,30.0,110.0,70.0,40.0,40.0,80.0,185.0,285.0,0.7043973114302104,128,0.00026013237552861466,0.11065085380844769,0.006143804963261541,0.009328544116683187
187,samples/sample_000187.npz,rectangular_body_000187,43,48,2,18,8,10,5,16,2,8,9,45.0,9.5,8.5,80.0,100.0,90.0,50.0,160.0,20.0,450.0,95.0,0.6988979174229939,160,0.00021439593783910993,0.056970570281564624,0.005750463673488094,0.008147991313442725
188,samples/sample_000188.npz,rectangular_body_000188,50,59,49,55,4,9,9,6,5,4,8,54.0,51.5,6.0,40.0,90.0,65.0,90.0,60.0,50.0,540.0,515.0,0.4659665723827107,270,0.00014954944810464254,0.12736866855332468,0.006770241023112728,0.013141717100065398
189,samples/sample_000189.npz,rectangular_body_000189,30,35,6,18,3,6,5,12,3,3,5,32.0,11.5,4.0,30.0,60.0,45.0,50.0,120.0,30.0,320.0,115.0,0.30328619452394945,180,8.981644072171042e-05,0.07734271237582749,0.003762959028482809,0.00711953431417849
190,samples/sample_000190.npz,rectangular_body_000190,30,35,16,29,2,7,5,13,5,2,6,32.0,22.0,4.0,20.0,70.0,45.0,50.0,130.0,50.0,320.0,220.0,0.3040902232422423,325,0.0002569019791491242,0.14122612945902874,0.007494750639674373,0.012794430576690947
191,samples/sample_000191.npz,rectangular_body_000191,49,61,29,35,8,10,12,6,2,8,9,54.5,31.5,8.5,80.0,100.0,90.0,120.0,60.0,20.0,545.0,315.0,0.516165543280098,144,0.00019371352471426578,0.04093420077033381,0.003955548755793856,0.005477407953270195
192,samples/sample_000192.npz,rectangular_body_000192,37,51,3,12,5,10,14,9,5,5,9,43.5,7.0,7.0,50.0,100.0,75.0,140.0,90.0,50.0,435.0,70.0,0.9513313457530024,630,0.0009388668611317702,0.39790925212283534,0.031502319259791266,0.05137507682483594
193,samples/sample_000193.npz,rectangular_body_000193,7,17,34,38,8,15,10,4,7,8,14,11.5,35.5,11.0,80.0,150.0,115.0,100.0,40.0,70.0,115.0,355.0,0.8488172315489486,280,0.0007657655338927883,0.09900413052296375,0.012304230324642253,0.014243282495895418
194,samples/sample_000194.npz,rectangular_body_000194,36,49,43,50,4,12,13,7,8,4,11,42.0,46.0,7.5,40.0,120.0,80.0,130.0,70.0,80.0,420.0,460.0,0.8483121437621688,728,0.0014919347096955915,0.43322509337175835,0.038796519556917264,0.05262412550824505
195,samples/sample_000195.npz,rectangular_body_000195,29,45,3,11,5,8,16,8,3,5,7,36.5,6.5,6.0,50.0,80.0,65.0,160.0,80.0,30.0,365.0,65.0,0.48673387518577677,384,0.0003036398974362392,0.1378949937221652,0.010408979543665722,0.017396906005575013
196,samples/sample_000196.npz,rectangular_body_000196,18,24,4,15,2,10,6,11,8,2,9,20.5,9.0,5.5,20.0,100.0,60.0,60.0,110.0,80.0,205.0,90.0,0.6511661819687117,528,0.0004882423247653956,0.40288884166530997,0.020737334902963984,0.038730907327678955
197,samples/sample_000197.npz,rectangular_body_000197,34,44,4,9,2,4,10,5,2,2,3,38.5,6.0,2.5,20.0,40.0,30.0,100.0,50.0,20.0,385.0,60.0,0.8976157552747548,100,7.341954139359621e-05,0.20755981183286373,0.005853867365325194,0.014996049497607746
198,samples/sample_000198.npz,rectangular_body_000198,26,37,34,49,3,7,11,15,4,3,6,31.0,41.0,4.5,30.0,70.0,50.0,110.0,150.0,40.0,310.0,410.0,0.9723033483190442,660,0.0018334912692239583,0.5907306153958405,0.04764944437832525,0.07067856754333418
199,samples/sample_000199.npz,rectangular_body_000199,17,29,40,55,3,8,12,15,5,3,7,22.5,47.0,5.0,30.0,80.0,55.0,120.0,150.0,50.0,225.0,470.0,0.7603318125376113,900,0.0012421407690931799,0.5632648771124976,0.04701605983073913,0.0717234665442271
200,samples/sample_000200.npz,rectangular_body_000200,2,14,51,62,6,12,12,11,6,6,11,7.5,56.0,8.5,60.0,120.0,90.0,120.0,110.0,60.0,75.0,560.0,0.2744560853477075,792,0.00029044773584612025,0.11535159264072659,0.00878486808901849,0.015577133829471306
201,samples/sample_000201.npz,rectangular_body_000201,38,49,47,51,8,14,11,4,6,8,13,43.0,48.5,10.5,80.0,140.0,110.0,110.0,40.0,60.0,430.0,485.0,0.7861302466790849,264,0.000580953373013698,0.09046392174464737,0.011133986332672256,0.01305812237464193
202,samples/sample_000202.npz,rectangular_body_000202,15,31,36,48,6,10,16,12,4,6,9,22.5,41.5,7.5,60.0,100.0,80.0,160.0,120.0,40.0,225.0,415.0,0.5662618216826578,768,0.0013171764449145928,0.23152664581629157,0.028224932213814453,0.03332262107517703
203,samples/sample_000203.npz,rectangular_body_000203,25,37,22,35,4,12,12,13,8,4,11,30.5,28.0,7.5,40.0,120.0,80.0,120.0,130.0,80.0,305.0,280.0,0.9314094672290456,1248,0.006165099995730455,0.7147076919071439,0.07919295070626253,0.09230921500796582
204,samples/sample_000204.npz,rectangular_body_000204,42,48,20,36,8,14,6,16,6,8,13,44.5,27.5,10.5,80.0,140.0,110.0,60.0,160.0,60.0,445.0,275.0,0.6054736964358632,576,0.0014274720327200228,0.13571261294647768,0.020209700194903993,0.020451486567639114
205,samples/sample_000205.npz,rectangular_body_000205,37,44,44,53,7,15,7,9,8,7,14,40.0,48.0,10.5,70.0,150.0,110.0,70.0,90.0,80.0,400.0,480.0,0.29306944141669233,504,0.00045926617108275815,0.06741391072564418,0.00814111799615056,0.009353041562655508
206,samples/sample_000206.npz,rectangular_body_000206,23,35,7,15,4,7,12,8,3,4,6,28.5,10.5,5.0,40.0,70.0,55.0,120.0,80.0,30.0,285.0,105.0,0.8190743063310679,288,0.00040856200629642357,0.241511880674825,0.015343333198802774,0.026286412802048076
207,samples/sample_000207.npz,rectangular_body_000207,40,48,37,53,3,7,8,16,4,3,6,43.5,44.5,4.5,30.0,70.0,50.0,80.0,160.0,40.0,435.0,445.0,0.49942213422980236,512,0.0004246893012455788,0.25123731660925175,0.018066747468388985,0.029086919548248238
208,samples/sample_000208.npz,rectangular_body_000208,41,56,47,58,6,8,15,11,2,6,7,48.0,52.0,6.5,60.0,80.0,70.0,150.0,110.0,20.0,480.0,520.0,0.7553410869157671,330,0.0003726075957490311,0.1612549226742389,0.014098508865732527,0.022263166142015373
209,samples/sample_000209.npz,rectangular_body_000209,7,14,15,30,3,9,7,15,6,3,8,10.0,22.0,5.5,30.0,90.0,60.0,70.0,150.0,60.0,100.0,220.0,0.6586920021247377,630,0.0006368600897865374,0.3773756072718901,0.025756829320057077,0.04350704509153458
210,samples/sample_000210.npz,rectangular_body_000210,16,26,19,29,3,9,10,10,6,3,8,20.5,23.5,5.5,30.0,90.0,60.0,100.0,100.0,60.0,205.0,235.0,0.9421818730685152,600,0.0013314655448900077,0.5574077223063926,0.03981476274131408,0.05985994856177605
211,samples/sample_000211.npz,rectangular_body_000211,35,43,16,26,6,8,8,10,2,6,7,38.5,20.5,6.5,60.0,80.0,70.0,80.0,100.0,20.0,385.0,205.0,0.39337745647565997,160,0.00017455454696413885,0.0503363099584566,0.004278397984666191,0.005813557708019302
212,samples/sample_000212.npz,rectangular_body_000212,29,36,46,62,6,14,7,16,8,6,13,32.0,53.5,9.5,60.0,140.0,100.0,70.0,160.0,80.0,320.0,535.0,0.984051525213357,896,0.0025891478578234815,0.4069112115418725,0.04607415575044477,0.05853691226404906
213,samples/sample_000213.npz,rectangular_body_000213,28,42,9,24,8,12,14,15,4,8,11,34.5,16.0,9.5,80.0,120.0,100.0,140.0,150.0,40.0,345.0,160.0,0.7244764347655686,840,0.002182354399980749,0.24086054175547106,0.035463517939081625,0.03801472891494745
214,samples/sample_000214.npz,rectangular_body_000214,46,57,12,25,4,6,11,13,2,4,5,51.0,18.0,4.5,40.0,60.0,50.0,110.0,130.0,20.0,510.0,180.0,0.5439830313774974,286,0.00019774829889487652,0.15185727367318325,0.010163142979671991,0.01783531897543203
215,samples/sample_000215.npz,rectangular_body_000215,56,60,41,47,2,4,4,6,2,2,3,57.5,43.5,2.5,20.0,40.0,30.0,40.0,60.0,20.0,575.0,435.0,0.7116632957207709,48,2.4234031783889355e-05,0.1038996058221767,0.0021621839257666745,0.006083992245027215
216,samples/sample_000216.npz,rectangular_body_000216,19,29,39,50,8,15,10,11,7,8,14,23.5,44.0,11.0,80.0,150.0,115.0,100.0,110.0,70.0,235.0,440.0,0.36213539605576045,770,0.0010596321824587703,0.10712980538098937,0.015720034477925412,0.0160126664997484
217,samples/sample_000217.npz,rectangular_body_000217,39,43,29,36,8,13,4,7,5,8,12,40.5,32.0,10.0,80.0,130.0,105.0,40.0,70.0,50.0,405.0,320.0,0.8405318124847987,140,0.0006104211143749022,0.058197710535722424,0.007217566537958002,0.007545994159482839
218,samples/sample_000218.npz,rectangular_body_000218,23,33,28,44,2,7,10,16,5,2,6,27.5,35.5,4.0,20.0,70.0,45.0,100.0,160.0,50.0,275.0,355.0,0.6132115979220445,800,0.0014284993077530257,0.4975763899642902,0.03756459411120937,0.05779230369526844
219,samples/sample_000219.npz,rectangular_body_000219,27,40,34,42,5,7,13,8,2,5,6,33.0,37.5,5.5,50.0,70.0,60.0,130.0,80.0,20.0,330.0,375.0,0.857707734406314,208,0.0006585984062196885,0.15826683919914056,0.012962943674974166,0.017940286685189277
220,samples/sample_000220.npz,rectangular_body_000220,2,17,51,62,7,11,15,11,4,7,10,9.0,56.0,8.5,70.0,110.0,90.0,150.0,110.0,40.0,90.0,560.0,0.7223231364416982,660,0.0006650743218046032,0.23044554307923096,0.01985472576257856,0.03339230042333993
221,samples/sample_000221.npz,rectangular_body_000221,9,15,35,45,2,4,6,10,2,2,3,11.5,39.5,2.5,20.0,40.0,30.0,60.0,100.0,20.0,115.0,395.0,0.27558642595623506,120,3.2230759418212744e-05,0.07199581496041703,0.002429948463485785,0.005516837720633443
222,samples/sample_000222.npz,rectangular_body_000222,44,60,17,28,6,11,16,11,5,6,10,51.5,22.0,8.0,60.0,110.0,85.0,160.0,110.0,50.0,515.0,220.0,0.8427649388781568,880,0.0016224458713750521,0.37997025134699364,0.04184201158232949,0.05585515047911519
223,samples/sample_000223.npz,rectangular_body_000223,48,56,43,54,6,9,8,11,3,6,8,51.5,48.0,7.0,60.0,90.0,75.0,80.0,110.0,30.0,515.0,480.0,0.2458987870638194,264,0.00010382301557621165,0.046589340068784145,0.0036611627029623462,0.0058122105649237536
224,samples/sample_000224.npz,rectangular_body_000224,31,40,15,23,7,9,9,8,2,7,8,35.0,18.5,7.5,70.0,90.0,80.0,90.0,80.0,20.0,350.0,185.0,0.5412624350821327,144,0.00025015249612955043,0.053005788527350474,0.005076568381365464,0.006447437998866289
225,samples/sample_000225.npz,rectangular_body_000225,46,53,21,37,4,7,7,16,3,4,6,49.0,28.5,5.0,40.0,70.0,55.0,70.0,160.0,30.0,490.0,285.0,0.4948974929092671,336,0.0003319914332196342,0.15177413452061075,0.011411880072852421,0.017790857222967454
226,samples/sample_000226.npz,rectangular_body_000226,5,10,51,59,2,8,5,8,6,2,7,7.0,54.5,4.5,20.0,80.0,50.0,50.0,80.0,60.0,70.0,545.0,0.5346681212475293,240,0.00010672830722568376,0.21190046634276688,0.006745574311809674,0.016723615474574936
227,samples/sample_000227.npz,rectangular_body_000227,38,49,11,25,4,7,11,14,3,4,6,43.0,17.5,5.0,40.0,70.0,55.0,110.0,140.0,30.0,430.0,175.0,0.9714772436879422,462,0.0007917432212897413,0.3881480459075526,0.030917072977073023,0.0475204537035941
228,samples/sample_000228.npz,rectangular_body_000228,26,42,24,37,3,6,16,13,3,3,5,33.5,30.0,4.0,30.0,60.0,45.0,160.0,130.0,30.0,335.0,300.0,0.43124807661798414,624,0.000962936787537124,0.23699693535809896,0.020672188176248614,0.03008750587255579
229,samples/sample_000229.npz,rectangular_body_000229,17,25,58,62,4,9,8,4,5,4,8,20.5,59.5,6.0,40.0,90.0,65.0,80.0,40.0,50.0,205.0,595.0,0.711878377851388,160,0.00014349811684392428,0.12377531262261718,0.005561081047486814,0.01126437055662274
230,samples/sample_000230.npz,rectangular_body_000230,29,40,46,51,7,15,11,5,8,7,14,34.0,48.0,10.5,70.0,150.0,110.0,110.0,50.0,80.0,340.0,480.0,0.9892650556466507,440,0.001607331729491708,0.19631038557195277,0.024472928098955453,0.02721594531208494
231,samples/sample_000231.npz,rectangular_body_000231,5,12,5,18,6,14,7,13,8,6,13,8.0,11.0,9.5,60.0,140.0,100.0,70.0,130.0,80.0,80.0,110.0,0.5114082867809959,728,0.0006119716112347759,0.18467889555200906,0.01628127497052534,0.02566813771295769
232,samples/sample_000232.npz,rectangular_body_000232,50,56,28,44,2,10,6,16,8,2,9,52.5,35.5,5.5,20.0,100.0,60.0,60.0,160.0,80.0,525.0,355.0,0.8081827678497719,768,0.0011191565660893677,0.5894923123313314,0.0397054582680727,0.06605607928785218
233,samples/sample_000233.npz,rectangular_body_000233,37,50,23,34,7,10,13,11,3,7,9,43.0,28.0,8.0,70.0,100.0,85.0,130.0,110.0,30.0,430.0,280.0,0.3702397478733513,429,0.0005748519831089012,0.08604342996285706,0.010223735880772706,0.011820014340440804
234,samples/sample_000234.npz,rectangular_body_000234,37,48,17,21,8,14,11,4,6,8,13,42.0,18.5,10.5,80.0,140.0,110.0,110.0,40.0,60.0,420.0,185.0,0.3231823155526301,264,0.00028234752561561143,0.037190197984263165,0.004823833519527905,0.005283078778972323
235,samples/sample_000235.npz,rectangular_body_000235,7,19,35,50,4,11,12,15,7,4,10,12.5,42.0,7.0,40.0,110.0,75.0,120.0,150.0,70.0,125.0,420.0,0.7500763029041742,1260,0.0018635237607764724,0.5815827932415607,0.05681004628291309,0.08070701218149381
236,samples/sample_000236.npz,rectangular_body_000236,3,15,42,51,4,12,12,9,8,4,11,8.5,46.0,7.5,40.0,120.0,80.0,120.0,90.0,80.0,85.0,460.0,0.9700300027104123,864,0.0013599996427349588,0.575909599641763,0.04421383172555836,0.07159847913546745
237,samples/sample_000237.npz,rectangular_body_000237,18,32,48,58,6,9,14,10,3,6,8,24.5,52.5,7.0,60.0,90.0,75.0,140.0,100.0,30.0,245.0,525.0,0.24987819290877306,420,0.00021229765055262486,0.0662192531042051,0.006174925881258494,0.008925934147809985
238,samples/sample_000238.npz,rectangular_body_000238,28,44,3,15,5,12,16,12,7,5,11,35.5,8.5,8.0,50.0,120.0,85.0,160.0,120.0,70.0,355.0,85.0,0.7356040132269086,1344,0.00222685933195826,0.5077760162630975,0.05352479371310111,0.07415026979623882
239,samples/sample_000239.npz,rectangular_body_000239,18,24,41,55,2,5,6,14,3,2,4,20.5,47.5,3.0,20.0,50.0,35.0,60.0,140.0,30.0,205.0,475.0,0.2558702969888061,252,7.50149022948541e-05,0.10126526005966555,0.004766612453805801,0.009410551128910481
240,samples/sample_000240.npz,rectangular_body_000240,23,38,24,39,3,9,15,15,6,3,8,30.0,31.0,5.5,30.0,90.0,60.0,150.0,150.0,60.0,300.0,310.0,0.870335982659969,1350,0.005638170352065606,0.8165049553946369,0.0857907784625925,0.10999679478118322
241,samples/sample_000241.npz,rectangular_body_000241,28,36,5,17,6,9,8,12,3,6,8,31.5,10.5,7.0,60.0,90.0,75.0,80.0,120.0,30.0,315.0,105.0,0.26463886110946205,288,0.000185192571910847,0.053123731716165426,0.004530376030225528,0.006643291911588337
242,samples/sample_000242.npz,rectangular_body_000242,41,52,14,28,4,9,11,14,5,4,8,46.0,20.5,6.0,40.0,90.0,65.0,110.0,140.0,50.0,460.0,205.0,0.21822690116421928,770,0.00033900362678521384,0.125276180101267,0.011114309719619329,0.01598255617497433
243,samples/sample_000243.npz,rectangular_body_000243,38,49,31,44,2,7,11,13,5,2,6,43.0,37.0,4.0,20.0,70.0,45.0,110.0,130.0,50.0,430.0,370.0,0.560567956533323,715,0.0008047379719491633,0.44480902976706005,0.02992474933066136,0.048962415855552825
244,samples/sample_000244.npz,rectangular_body_000244,10,16,45,57,6,10,6,12,4,6,9,12.5,50.5,7.5,60.0,100.0,80.0,60.0,120.0,40.0,125.0,505.0,0.9197806194195024,288,0.00042857514461834036,0.17733910503100836,0.014343985919165855,0.022621371285662578
245,samples/sample_000245.npz,rectangular_body_000245,3,15,26,34,2,5,12,8,3,2,4,8.5,29.5,3.0,20.0,50.0,35.0,120.0,80.0,30.0,85.0,295.0,0.4366408519048685,288,0.00014474209595163854,0.1989302737397194,0.00850691351470487,0.018412240939667514
246,samples/sample_000246.npz,rectangular_body_000246,17,29,44,56,8,12,12,12,4,8,11,22.5,49.5,9.5,80.0,120.0,100.0,120.0,120.0,40.0,225.0,495.0,0.4741696066458017,576,0.0007412844534957058,0.1188698008675845,0.015136367602868978,0.01797867592920167
247,samples/sample_000247.npz,rectangular_body_000247,18,22,29,41,2,6,4,12,4,2,5,19.5,34.5,3.5,20.0,60.0,40.0,40.0,120.0,40.0,195.0,345.0,0.9369144971952845,192,0.00034793868085078016,0.3045787891983839,0.013737635411537965,0.025450647612525478
248,samples/sample_000248.npz,rectangular_body_000248,9,13,26,41,5,8,4,15,3,5,7,10.5,33.0,6.0,50.0,80.0,65.0,40.0,150.0,30.0,105.0,330.0,0.997122192087579,180,0.00036962698918250496,0.14839786210130176,0.01122419770048821,0.017525820132678924
249,samples/sample_000249.npz,rectangular_body_000249,24,33,7,23,5,8,9,16,3,5,7,28.0,14.5,6.0,50.0,80.0,65.0,90.0,160.0,30.0,280.0,145.0,0.24927266510384138,432,0.00025113467088162247,0.0777408972990095,0.007068736704947911,0.010052629086806927
250,samples/sample_000250.npz,rectangular_body_000250,17,22,47,57,3,5,5,10,2,3,4,19.0,51.5,3.5,30.0,50.0,40.0,50.0,100.0,20.0,190.0,515.0,0.27292052000803413,100,2.9208776310038008e-05,0.04745162311382106,0.0018766793322166017,0.003925763085738859
251,samples/sample_000251.npz,rectangular_body_000251,22,36,43,58,5,10,14,15,5,5,9,28.5,50.0,7.0,50.0,100.0,75.0,140.0,150.0,50.0,285.0,500.0,0.4771147405213568,1050,0.0012543084886765545,0.2835715040241315,0.030929077500899755,0.04102321636257335
252,samples/sample_000252.npz,rectangular_body_000252,20,35,31,35,4,6,15,4,2,4,5,27.0,32.5,4.5,40.0,60.0,50.0,150.0,40.0,20.0,270.0,325.0,0.4152014324367905,120,0.00017436343400160402,0.055517858578583816,0.003760539932152345,0.005732077964674551
253,samples/sample_000253.npz,rectangular_body_000253,6,19,32,45,6,12,13,13,6,6,11,12.0,38.0,8.5,60.0,120.0,90.0,130.0,130.0,60.0,120.0,380.0,0.279221561359454,1014,0.0007159740891862846,0.1406360673369727,0.01610291467867251,0.020512674239381738
254,samples/sample_000254.npz,rectangular_body_000254,38,51,54,61,6,13,13,7,7,6,12,44.0,57.0,9.0,60.0,130.0,95.0,130.0,70.0,70.0,440.0,570.0,0.6441032372161397,637,0.0007474679408140657,0.21606292790195275,0.01916983523807752,0.028949159576888175
255,samples/sample_000255.npz,rectangular_body_000255,35,48,3,11,2,4,13,8,2,2,3,41.0,6.5,2.5,20.0,40.0,30.0,130.0,80.0,20.0,410.0,65.0,0.5203038190406011,208,8.501274740891504e-05,0.18021363233732182,0.007066569287838057,0.016699010193701597
256,samples/sample_000256.npz,rectangular_body_000256,49,53,37,46,6,12,4,9,6,6,11,50.5,41.0,8.5,60.0,120.0,90.0,40.0,90.0,60.0,505.0,410.0,0.5399672178619397,216,0.00027293815030721396,0.07456386937688439,0.006690681738785856,0.009153004544119233
257,samples/sample_000257.npz,rectangular_body_000257,30,37,19,28,8,16,7,9,8,8,15,33.0,23.0,11.5,80.0,160.0,120.0,70.0,90.0,80.0,330.0,230.0,0.8275098231699369,504,0.002368591504607574,0.16278878644715722,0.024263347420450616,0.022846951903410354
258,samples/sample_000258.npz,rectangular_body_000258,30,42,32,46,7,12,12,14,5,7,11,35.5,38.5,9.0,70.0,120.0,95.0,120.0,140.0,50.0,355.0,385.0,0.7515436513309226,840,0.002956187958500328,0.28654954008584826,0.040090520882199596,0.041405700397340116
259,samples/sample_000259.npz,rectangular_body_000259,38,42,42,52,4,7,4,10,3,4,6,39.5,46.5,5.0,40.0,70.0,55.0,40.0,100.0,30.0,395.0,465.0,0.7174683510709243,120,0.00016254723426330388,0.10561620624343088,0.006010204604667374,0.009999078825877345
260,samples/sample_000260.npz,rectangular_body_000260,30,41,12,17,4,8,11,5,4,4,7,35.0,14.0,5.5,40.0,80.0,60.0,110.0,50.0,40.0,350.0,140.0,0.5253266359763402,220,0.00024295171572422559,0.1227128076163369,0.007797848855441176,0.012472470153744877
261,samples/sample_000261.npz,rectangular_body_000261,7,15,17,30,7,12,8,13,5,7,11,10.5,23.0,9.0,70.0,120.0,95.0,80.0,130.0,50.0,105.0,230.0,0.5767499382975229,520,0.0007075153585277751,0.14978269346848236,0.01618854467318214,0.021245682339885868
262,samples/sample_000262.npz,rectangular_body_000262,17,28,55,62,3,6,11,7,3,3,5,22.0,58.0,4.0,30.0,60.0,45.0,110.0,70.0,30.0,220.0,580.0,0.20567784608756565,231,4.840432895928397e-05,0.06581326972534662,0.002725245782683209,0.006012267010371049
263,samples/sample_000263.npz,rectangular_body_000263,16,23,11,20,3,6,7,9,3,3,5,19.0,15.0,4.0,30.0,60.0,45.0,70.0,90.0,30.0,190.0,150.0,0.40722257038956694,189,0.00010169742055218944,0.11656622726657287,0.0054146236006177,0.010254965099346687
264,samples/sample_000264.npz,rectangular_body_000264,22,34,23,37,2,7,12,14,5,2,6,27.5,29.5,4.0,20.0,70.0,45.0,120.0,140.0,50.0,275.0,295.0,0.5834445476172143,840,0.0015510705999539512,0.4967277035017542,0.03762220979664867,0.05784833263282895
265,samples/sample_000265.npz,rectangular_body_000265,23,36,14,27,2,5,13,13,3,2,4,29.0,20.0,3.0,20.0,50.0,35.0,130.0,130.0,30.0,290.0,200.0,0.4105888841758047,507,0.0003830872139113223,0.2469723511167991,0.016164553950059345,0.027925385726418492
266,samples/sample_000266.npz,rectangular_body_000266,24,36,51,58,4,9,12,7,5,4,8,29.5,54.0,6.0,40.0,90.0,65.0,120.0,70.0,50.0,295.0,540.0,0.5332940713888342,420,0.00042904392636881124,0.20040280546905997,0.013549091821335185,0.022410505712181623
267,samples/sample_000267.npz,rectangular_body_000267,15,25,13,27,4,12,10,14,8,4,11,19.5,19.5,7.5,40.0,120.0,80.0,100.0,140.0,80.0,195.0,195.0,0.653172022949642,1120,0.0018417564845309787,0.4602199662429033,0.046309695803135834,0.06041140193833862
268,samples/sample_000268.npz,rectangular_body_000268,5,14,15,30,2,5,9,15,3,2,4,9.0,22.0,3.0,20.0,50.0,35.0,90.0,150.0,30.0,90.0,220.0,0.7162747009473132,405,0.00028004880697845983,0.3799437771424886,0.01970169208061784,0.04044641447611556
269,samples/sample_000269.npz,rectangular_body_000269,11,20,5,17,5,10,9,12,5,5,9,15.0,10.5,7.0,50.0,100.0,75.0,90.0,120.0,50.0,150.0,105.0,0.42957357572417765,540,0.00036004357748065194,0.16314155625940033,0.012797232282644812,0.020648096260823257
270,samples/sample_000270.npz,rectangular_body_000270,10,19,40,47,7,12,9,7,5,7,11,14.0,43.0,9.0,70.0,120.0,95.0,90.0,70.0,50.0,140.0,430.0,0.7094088346244332,315,0.0005455265701018958,0.12330151978181494,0.01263926111747109,0.01633871310286498
271,samples/sample_000271.npz,rectangular_body_000271,33,42,40,55,8,11,9,15,3,8,10,37.0,47.0,9.0,80.0,110.0,95.0,90.0,150.0,30.0,370.0,470.0,0.7080067931449348,405,0.0009117434715634635,0.13237015724633205,0.01698017230188681,0.01943716084437861
272,samples/sample_000272.npz,rectangular_body_000272,19,28,19,28,4,12,9,9,8,4,11,23.0,23.0,7.5,40.0,120.0,80.0,90.0,90.0,80.0,230.0,230.0,0.3785920907283837,648,0.0007850746714711677,0.1841795651937641,0.016230415729021664,0.020951636398211758
273,samples/sample_000273.npz,rectangular_body_000273,35,48,15,23,2,4,13,8,2,2,3,41.0,18.5,2.5,20.0,40.0,30.0,130.0,80.0,20.0,410.0,185.0,0.6010788186192544,208,0.0001512028854866512,0.20819103360974034,0.00970589265816446,0.019323518146757854
274,samples/sample_000274.npz,rectangular_body_000274,24,33,46,52,6,8,9,6,2,6,7,28.0,48.5,6.5,60.0,80.0,70.0,90.0,60.0,20.0,280.0,485.0,0.8153378546488377,108,0.00021476111549243354,0.07570320790844492,0.0057350859352936785,0.008378373357807757
275,samples/sample_000275.npz,rectangular_body_000275,34,41,56,62,5,9,7,6,4,5,8,37.0,58.5,6.5,50.0,90.0,70.0,70.0,60.0,40.0,370.0,585.0,0.29863442722226186,168,7.926184713571346e-05,0.04685540458723485,0.0025515554458123042,0.004677048536937513
276,samples/sample_000276.npz,rectangular_body_000276,31,44,8,21,2,5,13,13,3,2,4,37.0,14.0,3.0,20.0,50.0,35.0,130.0,130.0,30.0,370.0,140.0,0.48743549353489446,507,0.00032298337906576336,0.2931961672526975,0.018256459743805215,0.03345828235368745
277,samples/sample_000277.npz,rectangular_body_000277,44,50,41,55,5,7,6,14,2,5,6,46.5,47.5,5.5,50.0,70.0,60.0,60.0,140.0,20.0,465.0,475.0,0.5832442591058662,168,0.0001546669358847724,0.08804018173649862,0.006336244046208415,0.01020429006068313
278,samples/sample_000278.npz,rectangular_body_000278,53,60,12,26,6,9,7,14,3,6,8,56.0,18.5,7.0,60.0,90.0,75.0,70.0,140.0,30.0,560.0,185.0,0.8294292067444629,294,0.00037216488469507287,0.1645700757375997,0.012738591365889139,0.020987053577982664
279,samples/sample_000279.npz,rectangular_body_000279,16,30,17,31,7,9,14,14,2,7,8,22.5,23.5,7.5,70.0,90.0,80.0,140.0,140.0,20.0,225.0,235.0,0.3474498467529563,392,0.00044440468797448453,0.07173329128276094,0.008924870261787704,0.010330207994909541
280,samples/sample_000280.npz,rectangular_body_000280,28,42,25,34,7,13,14,9,6,7,12,34.5,29.0,9.5,70.0,130.0,100.0,140.0,90.0,60.0,345.0,290.0,0.6826717955148642,756,0.003135255823518594,0.233433302296844,0.03270262373409785,0.032612837870477106
281,samples/sample_000281.npz,rectangular_body_000281,52,62,21,31,4,7,10,10,3,4,6,56.5,25.5,5.0,40.0,70.0,55.0,100.0,100.0,30.0,565.0,255.0,0.7466618430629406,300,0.0003094332699691958,0.23068273298297554,0.012996310956842276,0.024572586531894945
282,samples/sample_000282.npz,rectangular_body_000282,40,49,2,16,3,7,9,14,4,3,6,44.0,8.5,4.5,30.0,70.0,50.0,90.0,140.0,40.0,440.0,85.0,0.394310436914898,504,0.0002313828262361576,0.20486934917776783,0.012092348686148259,0.02297691690654519
283,samples/sample_000283.npz,rectangular_body_000283,51,55,5,17,6,10,4,12,4,6,9,52.5,10.5,7.5,60.0,100.0,80.0,40.0,120.0,40.0,525.0,105.0,0.8207551791079548,192,0.00022707465505388176,0.1084440825443283,0.007936558192304835,0.013493475363052648
284,samples/sample_000284.npz,rectangular_body_000284,5,9,49,59,7,11,4,10,4,7,10,6.5,53.5,8.5,70.0,110.0,90.0,40.0,100.0,40.0,65.0,535.0,0.5221968754297813,160,0.00011568320093878567,0.05015037608572178,0.0035444182001594777,0.006292189498699335
285,samples/sample_000285.npz,rectangular_body_000285,18,31,25,30,6,11,13,5,5,6,10,24.0,27.0,8.0,60.0,110.0,85.0,130.0,50.0,50.0,240.0,270.0,0.8400120091096648,325,0.0011145652485243748,0.1688524215815458,0.017988241264961242,0.021026913873594004
286,samples/sample_000286.npz,rectangular_body_000286,30,43,8,24,4,9,13,16,5,4,8,36.0,15.5,6.0,40.0,90.0,65.0,130.0,160.0,50.0,360.0,155.0,0.8926958595448438,1040,0.0021887204114667564,0.6098194150161695,0.06159252512627064,0.0844700600413131
287,samples/sample_000287.npz,rectangular_body_000287,10,23,27,41,3,5,13,14,2,3,4,16.0,33.5,3.5,30.0,50.0,40.0,130.0,140.0,20.0,160.0,335.0,0.5153106510874732,364,0.0003279736664469922,0.1934222326502228,0.013903956898124244,0.023236002529405612
288,samples/sample_000288.npz,rectangular_body_000288,2,10,42,46,6,12,8,4,6,6,11,5.5,43.5,8.5,60.0,120.0,90.0,80.0,40.0,60.0,55.0,435.0,0.9860890784300471,192,0.00032776080052247455,0.1231829493201534,0.00893195258522814,0.014422571553746839
289,samples/sample_000289.npz,rectangular_body_000289,19,34,39,45,6,11,15,6,5,6,10,26.0,41.5,8.0,60.0,110.0,85.0,150.0,60.0,50.0,260.0,415.0,0.7672946439234274,450,0.00123108492805742,0.19908005620700023,0.022400296796390176,0.026210578117814395
290,samples/sample_000290.npz,rectangular_body_000290,14,21,8,17,2,10,7,9,8,2,9,17.0,12.0,5.5,20.0,100.0,60.0,70.0,90.0,80.0,170.0,120.0,0.9668653457100038,504,0.0006916873512077386,0.6038101107592416,0.030603202324338517,0.05599719757718398
291,samples/sample_000291.npz,rectangular_body_000291,5,13,37,43,4,12,8,6,8,4,11,8.5,39.5,7.5,40.0,120.0,80.0,80.0,60.0,80.0,85.0,395.0,0.418174515724672,384,0.00030765113918609514,0.13246891064862906,0.008908249131472479,0.014301116396540354
292,samples/sample_000292.npz,rectangular_body_000292,48,57,23,31,8,15,9,8,7,8,14,52.0,26.5,11.0,80.0,150.0,115.0,90.0,80.0,70.0,520.0,265.0,0.65010567883577,504,0.001008729483236272,0.1333847306538356,0.016753188160892246,0.019520091525526948
293,samples/sample_000293.npz,rectangular_body_000293,26,39,35,44,7,15,13,9,8,7,14,32.0,39.0,10.5,70.0,150.0,110.0,130.0,90.0,80.0,320.0,390.0,0.7280742591172003,936,0.003934750511314011,0.28116060045711433,0.041239525991474055,0.03993240461195115
294,samples/sample_000294.npz,rectangular_body_000294,14,22,3,19,8,14,8,16,6,8,13,17.5,10.5,10.5,80.0,140.0,110.0,80.0,160.0,60.0,175.0,105.0,0.5780618309466061,768,0.0010247730346509337,0.16896710005105783,0.021416030994889097,0.026821287874225348
295,samples/sample_000295.npz,rectangular_body_000295,24,35,7,20,7,14,11,13,7,7,13,29.0,13.0,10.0,70.0,140.0,105.0,110.0,130.0,70.0,290.0,130.0,0.4015858600666298,1001,0.0013362830540576448,0.16956329625840785,0.022162364467878407,0.025354427056867516
296,samples/sample_000296.npz,rectangular_body_000296,38,45,9,19,5,13,7,10,8,5,12,41.0,13.5,8.5,50.0,130.0,90.0,70.0,100.0,80.0,410.0,135.0,0.7744369785084133,560,0.0010526234569260542,0.27387482543557873,0.02522747208980009,0.03396641986346063
297,samples/sample_000297.npz,rectangular_body_000297,25,41,48,59,6,14,16,11,8,6,13,32.5,53.0,9.5,60.0,140.0,100.0,160.0,110.0,80.0,325.0,530.0,0.9541568060163397,1408,0.003941961230187431,0.5789667563926956,0.07146860436369219,0.08799548175709414
298,samples/sample_000298.npz,rectangular_body_000298,27,40,15,19,5,11,13,4,6,5,10,33.0,16.5,7.5,50.0,110.0,80.0,130.0,40.0,60.0,330.0,165.0,0.6681809483288637,312,0.0006515031214158285,0.14553711324816088,0.013395577220501064,0.01750129283567955
299,samples/sample_000299.npz,rectangular_body_000299,38,53,8,17,5,10,15,9,5,5,9,45.0,12.0,7.0,50.0,100.0,75.0,150.0,90.0,50.0,450.0,120.0,0.37603494605370236,675,0.0004508200529732271,0.16390691757076933,0.014834146651159149,0.02197772844373947
300,samples/sample_000300.npz,rectangular_body_000300,44,59,32,41,5,12,15,9,7,5,11,51.0,36.0,8.0,50.0,120.0,85.0,150.0,90.0,70.0,510.0,360.0,0.25154805775661143,945,0.0006061549381368486,0.1348772654030427,0.013866577974744661,0.01843838352840282
301,samples/sample_000301.npz,rectangular_body_000301,41,56,23,29,3,11,15,6,8,3,10,48.0,25.5,6.5,30.0,110.0,70.0,150.0,60.0,80.0,480.0,255.0,0.5745756904286867,720,0.0009615996062797372,0.3345229315201075,0.02683713772916166,0.03907293094936663
302,samples/sample_000302.npz,rectangular_body_000302,20,30,3,8,4,8,10,5,4,4,7,24.5,5.0,5.5,40.0,80.0,60.0,100.0,50.0,40.0,245.0,50.0,0.7871825875801053,200,0.0002149747889525725,0.17272563003973168,0.008523488241199622,0.01667098400159827
303,samples/sample_000303.npz,rectangular_body_000303,29,33,13,28,2,8,4,15,6,2,7,30.5,20.0,4.5,20.0,80.0,50.0,40.0,150.0,60.0,305.0,200.0,0.3129223223334009,360,0.00028728268489071026,0.1378551326998028,0.008298199752903666,0.013493401510027613
304,samples/sample_000304.npz,rectangular_body_000304,7,18,35,42,7,9,11,7,2,7,8,12.0,38.0,7.5,70.0,90.0,80.0,110.0,70.0,20.0,120.0,380.0,0.49187479679751434,154,0.00017306972751827325,0.05028346955316407,0.004505448426038857,0.006324033012707297
305,samples/sample_000305.npz,rectangular_body_000305,3,14,14,26,6,13,11,12,7,6,12,8.0,19.5,9.0,60.0,130.0,95.0,110.0,120.0,70.0,80.0,195.0,0.3224782812991032,924,0.0005887630354487571,0.14876511984092577,0.014781621938237404,0.021050177583658316
306,samples/sample_000306.npz,rectangular_body_000306,52,57,46,53,7,14,5,7,7,7,13,54.0,49.0,10.0,70.0,140.0,105.0,50.0,70.0,70.0,540.0,490.0,0.3901124657729734,245,0.0001820839784506103,0.048952720665072696,0.004449090953439343,0.0065251194740512785
307,samples/sample_000307.npz,rectangular_body_000307,16,26,10,19,5,13,10,9,8,5,12,20.5,14.0,8.5,50.0,130.0,90.0,100.0,90.0,80.0,205.0,140.0,0.43687966710116016,720,0.00074370310101777,0.19057011993673448,0.01826430319834961,0.02442233623456076
308,samples/sample_000308.npz,rectangular_body_000308,49,61,13,24,2,6,12,11,4,2,5,54.5,18.0,3.5,20.0,60.0,40.0,120.0,110.0,40.0,545.0,180.0,0.799933393504016,528,0.000399571008477851,0.5302190928168513,0.02699608991994843,0.05617239572643458
309,samples/sample_000309.npz,rectangular_body_000309,47,51,3,13,6,10,4,10,4,6,9,48.5,7.5,7.5,60.0,100.0,80.0,40.0,100.0,40.0,485.0,75.0,0.5309146974500472,160,0.0001249833308065856,0.06153240766977153,0.0042432936505660355,0.007271287591726019
310,samples/sample_000310.npz,rectangular_body_000310,17,22,19,31,5,12,5,12,7,5,11,19.0,24.5,8.0,50.0,120.0,85.0,50.0,120.0,70.0,190.0,245.0,0.7159255896360319,420,0.0009188389870674674,0.1992264886539779,0.019164584945872344,0.02409703747098251
311,samples/sample_000311.npz,rectangular_body_000311,14,24,6,20,8,16,10,14,8,8,15,18.5,12.5,11.5,80.0,160.0,120.0,100.0,140.0,80.0,185.0,125.0,0.8180567472456166,1120,0.002483547219111951,0.3168961008301133,0.04480651617770445,0.051318761578174096
312,samples/sample_000312.npz,rectangular_body_000312,5,20,28,38,5,12,15,10,7,5,11,12.0,32.5,8.0,50.0,120.0,85.0,150.0,100.0,70.0,120.0,325.0,0.5422781904292155,1050,0.0015968388609883311,0.31519497977669897,0.03335334540723509,0.04380589330017213
313,samples/sample_000313.npz,rectangular_body_000313,16,31,20,27,7,14,15,7,7,7,13,23.0,23.0,10.0,70.0,140.0,105.0,150.0,70.0,70.0,230.0,230.0,0.41705467484153724,735,0.0012336050697521219,0.131969789408227,0.01838304366958607,0.018987528080730908
314,samples/sample_000314.npz,rectangular_body_000314,23,37,30,46,3,5,14,16,2,3,4,29.5,37.5,3.5,30.0,50.0,40.0,140.0,160.0,20.0,295.0,375.0,0.8053544895882767,448,0.0009647212127210699,0.3276116289805091,0.028005556133807966,0.04236874013087321
315,samples/sample_000315.npz,rectangular_body_000315,26,39,5,11,2,5,13,6,3,2,4,32.0,7.5,3.0,20.0,50.0,35.0,130.0,60.0,30.0,320.0,75.0,0.5076134627199622,234,0.0001350540824300889,0.1965314246808339,0.00794662991868443,0.017550123737614626
316,samples/sample_000316.npz,rectangular_body_000316,49,54,34,38,2,6,5,4,4,2,5,51.0,35.5,3.5,20.0,60.0,40.0,50.0,40.0,40.0,510.0,355.0,0.2884622005312868,80,3.1788710513087155e-05,0.05657464929104805,0.0016510187696669276,0.003579984252638804
317,samples/sample_000317.npz,rectangular_body_000317,2,10,23,34,3,9,8,11,6,3,8,5.5,28.0,5.5,30.0,90.0,60.0,80.0,110.0,60.0,55.0,280.0,0.6953848158497049,528,0.0005545701186824429,0.3750381627050858,0.020362429567448992,0.03858748986114099
318,samples/sample_000318.npz,rectangular_body_000318,22,28,5,17,5,8,6,12,3,5,7,24.5,10.5,6.0,50.0,80.0,65.0,60.0,120.0,30.0,245.0,105.0,0.9985715127112051,216,0.0003869325693565659,0.18971884836985564,0.013247227899859167,0.02148055109021542
319,samples/sample_000319.npz,rectangular_body_000319,53,57,40,46,7,14,4,6,7,7,13,54.5,42.5,10.0,70.0,140.0,105.0,40.0,60.0,70.0,545.0,425.0,0.514789448191705,168,0.00019250614659331312,0.04506336117880358,0.004251965600644566,0.005875157367996634
320,samples/sample_000320.npz,rectangular_body_000320,14,19,13,23,4,12,5,10,8,4,11,16.0,17.5,7.5,40.0,120.0,80.0,50.0,100.0,80.0,160.0,175.0,0.6526229382287294,400,0.0005441040296067933,0.20868037064705752,0.015880884350818386,0.02322542810892518
321,samples/sample_000321.npz,rectangular_body_000321,31,43,43,54,6,14,12,11,8,6,13,36.5,48.0,9.5,60.0,140.0,100.0,120.0,110.0,80.0,365.0,480.0,0.9891184220909932,1056,0.003347608266939645,0.4921795740059342,0.06044061348155493,0.0701549504304693
322,samples/sample_000322.npz,rectangular_body_000322,32,44,6,21,2,10,12,15,8,2,9,37.5,13.0,5.5,20.0,100.0,60.0,120.0,150.0,80.0,375.0,130.0,0.6192611690448377,1440,0.001695760570121333,0.7111050237469567,0.058523770915953,0.0907445794760661
323,samples/sample_000323.npz,rectangular_body_000323,34,40,23,36,8,12,6,13,4,8,11,36.5,29.0,9.5,80.0,120.0,100.0,60.0,130.0,40.0,365.0,290.0,0.8707647868773136,312,0.0015111301088214604,0.12725301811174622,0.01715352475317883,0.017401923031935974
324,samples/sample_000324.npz,rectangular_body_000324,11,27,10,25,7,14,16,15,7,7,13,18.5,17.0,10.0,70.0,140.0,105.0,160.0,150.0,70.0,185.0,170.0,0.506345175809118,1680,0.0024120346922068825,0.3124094400963112,0.04676569473903745,0.051666610885117724
325,samples/sample_000325.npz,rectangular_body_000325,24,33,51,55,7,12,9,4,5,7,11,28.0,52.5,9.0,70.0,120.0,95.0,90.0,40.0,50.0,280.0,525.0,0.31407478056583804,180,0.0001513140235620199,0.032255953109062055,0.0031198579307252826,0.004145208690047871
326,samples/sample_000326.npz,rectangular_body_000326,45,58,27,31,8,10,13,4,2,8,9,51.0,28.5,8.5,80.0,100.0,90.0,130.0,40.0,20.0,510.0,285.0,0.9485290495058767,104,0.0002745048204293655,0.05438840601145399,0.0056605445276337015,0.007325554545240611
327,samples/sample_000327.npz,rectangular_body_000327,35,49,48,58,5,9,14,10,4,5,8,41.5,52.5,6.5,50.0,90.0,70.0,140.0,100.0,40.0,415.0,525.0,0.49715056276693464,560,0.000489725853074873,0.19297270453826823,0.016540130354597907,0.02524880234175993
328,samples/sample_000328.npz,rectangular_body_000328,6,20,48,54,3,11,14,6,8,3,10,12.5,50.5,6.5,30.0,110.0,70.0,140.0,60.0,80.0,125.0,505.0,0.36427672139458817,672,0.00035322880135669067,0.20481899257124037,0.013946973650096013,0.02383189042703373
329,samples/sample_000329.npz,rectangular_body_000329,18,22,54,59,6,10,4,5,4,6,9,19.5,56.0,7.5,60.0,100.0,80.0,40.0,50.0,40.0,195.0,560.0,0.7547140503259662,80,9.928933269489547e-05,0.04866129716403092,0.00313740843624026,0.005278220722056696
330,samples/sample_000330.npz,rectangular_body_000330,27,39,3,13,7,14,12,10,7,7,13,32.5,7.5,10.0,70.0,140.0,105.0,120.0,100.0,70.0,325.0,75.0,0.305371344946018,840,0.0007087004805549563,0.11185081050150536,0.012570224025225004,0.016211302701599664
331,samples/sample_000331.npz,rectangular_body_000331,15,25,53,59,4,8,10,6,4,4,7,19.5,55.5,5.5,40.0,80.0,60.0,100.0,60.0,40.0,195.0,555.0,0.46847570818187007,240,0.00014795290396761102,0.11971098732800892,0.006488188266050613,0.012197062514812045
332,samples/sample_000332.npz,rectangular_body_000332,10,14,13,21,4,8,4,8,4,4,7,11.5,16.5,5.5,40.0,80.0,60.0,40.0,80.0,40.0,115.0,165.0,0.42347174857659864,128,7.472893605153109e-05,0.06462756651234447,0.0033578356327245065,0.006114130093788335
333,samples/sample_000333.npz,rectangular_body_000333,5,10,29,34,7,11,5,5,4,7,10,7.0,31.0,8.5,70.0,110.0,90.0,50.0,50.0,40.0,70.0,310.0,0.338816687776381,100,8.134042262990483e-05,0.022047569665574862,0.0017488705781496356,0.002604833097421107
334,samples/sample_000334.npz,rectangular_body_000334,3,15,9,20,6,12,12,11,6,6,11,8.5,14.0,8.5,60.0,120.0,90.0,120.0,110.0,60.0,85.0,140.0,0.3734141190778164,792,0.0004906542552334593,0.15694282999478557,0.014305755920442436,0.022047287389720636
335,samples/sample_000335.npz,rectangular_body_000335,34,42,31,40,8,12,8,9,4,8,11,37.5,35.0,9.5,80.0,120.0,100.0,80.0,90.0,40.0,375.0,350.0,0.8195652619424556,288,0.001207896075478063,0.11601163912260394,0.014853171012573618,0.015427350708647565
336,samples/sample_000336.npz,rectangular_body_000336,3,12,6,16,5,11,9,10,6,5,10,7.0,10.5,7.5,50.0,110.0,80.0,90.0,100.0,60.0,70.0,105.0,0.5634030299431099,540,0.00039691293804149336,0.2102770223159476,0.014028804744585451,0.025622386416669658
337,samples/sample_000337.npz,rectangular_body_000337,37,44,37,46,3,11,7,9,8,3,10,40.0,41.0,6.5,30.0,110.0,70.0,70.0,90.0,80.0,400.0,410.0,0.8257844806528294,504,0.0011481196156865343,0.4081782292136181,0.02847941007067883,0.04091901699899195
338,samples/sample_000338.npz,rectangular_body_000338,15,21,30,39,6,10,6,9,4,6,9,17.5,34.0,7.5,60.0,100.0,80.0,60.0,90.0,40.0,175.0,340.0,0.7774267610516181,216,0.0005318411752909243,0.12142843194096958,0.01087878330408783,0.014184834143303779
339,samples/sample_000339.npz,rectangular_body_000339,17,21,40,48,4,7,4,8,3,4,6,18.5,43.5,5.0,40.0,70.0,55.0,40.0,80.0,30.0,185.0,435.0,0.40092542490795086,96,6.831979090559478e-05,0.05079287640701195,0.00268569717434234,0.004557531225619314
340,samples/sample_000340.npz,rectangular_body_000340,39,55,52,62,6,9,16,10,3,6,8,46.5,56.5,7.0,60.0,90.0,75.0,160.0,100.0,30.0,465.0,565.0,0.5620909171750054,480,0.0003863960253612235,0.16095772295732935,0.013491565867110592,0.022262765583624982
341,samples/sample_000341.npz,rectangular_body_000341,32,48,37,44,3,7,16,7,4,3,6,39.5,40.0,4.5,30.0,70.0,50.0,160.0,70.0,40.0,395.0,400.0,0.664745408092194,448,0.0006698099695515959,0.3041340875274749,0.02195068651514264,0.03378194831953221
342,samples/sample_000342.npz,rectangular_body_000342,19,34,22,30,5,8,15,8,3,5,7,26.0,25.5,6.0,50.0,80.0,65.0,150.0,80.0,30.0,260.0,255.0,0.40850054079312326,360,0.000496744309540571,0.11226377708658677,0.010421989944817954,0.013689692452655127
343,samples/sample_000343.npz,rectangular_body_000343,51,60,39,53,4,12,9,14,8,4,11,55.0,45.5,7.5,40.0,120.0,80.0,90.0,140.0,80.0,550.0,455.0,0.7460535669979571,1008,0.001217029073823019,0.4868207098167163,0.039388483153847756,0.06317616000677348
344,samples/sample_000344.npz,rectangular_body_000344,26,30,13,26,3,6,4,13,3,3,5,27.5,19.0,4.0,30.0,60.0,45.0,40.0,130.0,30.0,275.0,190.0,0.9068952040577587,156,0.00028678005272912775,0.19591768478600036,0.010531084568099956,0.01818114945335168
345,samples/sample_000345.npz,rectangular_body_000345,8,22,9,13,8,14,14,4,6,8,13,14.5,10.5,10.5,80.0,140.0,110.0,140.0,40.0,60.0,145.0,105.0,0.5097485768641463,336,0.00036152931481619316,0.07051933645547176,0.008053706013732566,0.010729139304294444
346,samples/sample_000346.npz,rectangular_body_000346,37,43,13,22,6,9,6,9,3,6,8,39.5,17.0,7.0,60.0,90.0,75.0,60.0,90.0,30.0,395.0,170.0,0.3052611858997152,162,0.0001228216261159148,0.038857987554408016,0.0032030310802759043,0.0044393919143132475
347,samples/sample_000347.npz,rectangular_body_000347,23,31,20,32,6,13,8,12,7,6,12,26.5,25.5,9.0,60.0,130.0,95.0,80.0,120.0,70.0,265.0,255.0,0.9165663628258727,672,0.002856978731388698,0.3249877902937719,0.03933730514053383,0.04265097238698619
348,samples/sample_000348.npz,rectangular_body_000348,41,51,29,37,3,6,10,8,3,3,5,45.5,32.5,4.0,30.0,60.0,45.0,100.0,80.0,30.0,455.0,325.0,0.22432557542268167,240,0.00011244726662415075,0.07429317281232514,0.003983525817976895,0.006957338518490926
349,samples/sample_000349.npz,rectangular_body_000349,49,60,18,29,2,4,11,11,2,2,3,54.0,23.0,2.5,20.0,40.0,30.0,110.0,110.0,20.0,540.0,230.0,0.5722132920249465,242,0.00012227643774129985,0.2193883805473412,0.009630192915533119,0.021258527694220763
350,samples/sample_000350.npz,rectangular_body_000350,7,11,40,49,5,7,4,9,2,5,6,8.5,44.0,5.5,50.0,70.0,60.0,40.0,90.0,20.0,85.0,440.0,0.5426040553001996,72,5.242125838946852e-05,0.04347276489714136,0.0023124258913771226,0.004294651512329282
351,samples/sample_000351.npz,rectangular_body_000351,36,52,34,39,2,8,16,5,6,2,7,43.5,36.0,4.5,20.0,80.0,50.0,160.0,50.0,60.0,435.0,360.0,0.5538418402703627,480,0.0005904134385015434,0.3044036925410257,0.019436147449955102,0.0312812925178671
352,samples/sample_000352.npz,rectangular_body_000352,31,40,22,33,4,12,9,11,8,4,11,35.0,27.0,7.5,40.0,120.0,80.0,90.0,110.0,80.0,350.0,270.0,0.6082255932719172,792,0.0021900312789193523,0.3416984687901931,0.032741090809249716,0.039999600774010574
353,samples/sample_000353.npz,rectangular_body_000353,5,9,51,58,4,6,4,7,2,4,5,6.5,54.0,4.5,40.0,60.0,50.0,40.0,70.0,20.0,65.0,540.0,0.4920386840399596,56,2.293384259993105e-05,0.04243754762397285,0.001434117931872667,0.0034955945230553983
354,samples/sample_000354.npz,rectangular_body_000354,25,38,10,21,3,11,13,11,8,3,10,31.0,15.0,6.5,30.0,110.0,70.0,130.0,110.0,80.0,310.0,150.0,0.3816796227602353,1144,0.0011877192328962056,0.32798101810406916,0.028634175696318046,0.040435543692578964
355,samples/sample_000355.npz,rectangular_body_000355,19,32,28,42,2,4,13,14,2,2,3,25.0,34.5,2.5,20.0,40.0,30.0,130.0,140.0,20.0,250.0,345.0,0.591368352740427,364,0.00043174307113484015,0.26345378887049076,0.01729162714752752,0.03022298881555586
356,samples/sample_000356.npz,rectangular_body_000356,27,39,38,49,3,5,12,11,2,3,4,32.5,43.0,3.5,30.0,50.0,40.0,120.0,110.0,20.0,325.0,430.0,0.47158621273453494,264,0.00026592791160505447,0.15289033632903937,0.009512846871736307,0.016146068063476925
357,samples/sample_000357.npz,rectangular_body_000357,43,57,8,14,2,8,14,6,6,2,7,49.5,10.5,4.5,20.0,80.0,50.0,140.0,60.0,60.0,495.0,105.0,0.6556696365438632,504,0.0003501764658695313,0.39562304250582525,0.020347163947847323,0.04053044966867322
358,samples/sample_000358.npz,rectangular_body_000358,5,14,42,51,3,7,9,9,4,3,6,9.0,46.0,4.5,30.0,70.0,50.0,90.0,90.0,40.0,90.0,460.0,0.29503093423958965,324,0.00010653915738714062,0.1210844332721078,0.005897391659789286,0.011769297582801477
359,samples/sample_000359.npz,rectangular_body_000359,31,37,19,24,7,14,6,5,7,7,13,33.5,21.0,10.0,70.0,140.0,105.0,60.0,50.0,70.0,335.0,210.0,0.8424756691068065,210,0.0008163542341614476,0.09157952821768364,0.010757469632547789,0.011585233392163332
360,samples/sample_000360.npz,rectangular_body_000360,8,21,17,22,6,13,13,5,7,6,12,14.0,19.0,9.0,60.0,130.0,95.0,130.0,50.0,70.0,140.0,190.0,0.23510802135108363,455,0.0002538493854244503,0.057914849631840196,0.005993457496659689,0.0078034743735140265
361,samples/sample_000361.npz,rectangular_body_000361,21,36,16,24,4,12,15,8,8,4,11,28.0,19.5,7.5,40.0,120.0,80.0,150.0,80.0,80.0,280.0,195.0,0.46174022389864144,960,0.0014795752009513197,0.28472838945110157,0.029107075977254822,0.036245989876217674
362,samples/sample_000362.npz,rectangular_body_000362,13,21,37,52,3,10,8,15,7,3,9,16.5,44.0,6.0,30.0,100.0,65.0,80.0,150.0,70.0,165.0,440.0,0.49735349311795063,840,0.0007865299631043855,0.34207508040116297,0.027330847506482618,0.04115024561137479
363,samples/sample_000363.npz,rectangular_body_000363,22,26,30,35,8,10,4,5,2,8,9,23.5,32.0,8.5,80.0,100.0,90.0,40.0,50.0,20.0,235.0,320.0,0.8163838604631841,40,0.000156926249935394,0.02084238581366994,0.002125097109525155,0.0024596165125035574
364,samples/sample_000364.npz,rectangular_body_000364,26,36,52,60,2,6,10,8,4,2,5,30.5,55.5,3.5,20.0,60.0,40.0,100.0,80.0,40.0,305.0,555.0,0.4516506584311656,320,0.00018037146290662593,0.22914110684587177,0.009412275388809826,0.0203163605935308
365,samples/sample_000365.npz,rectangular_body_000365,46,61,58,62,3,6,15,4,3,3,5,53.0,59.5,4.0,30.0,60.0,45.0,150.0,40.0,30.0,530.0,595.0,0.802561997019702,180,0.00010455857910083959,0.18298523462897082,0.006847554548472072,0.017296284875325512
366,samples/sample_000366.npz,rectangular_body_000366,23,38,54,60,3,10,15,6,7,3,9,30.0,56.5,6.0,30.0,100.0,65.0,150.0,60.0,70.0,300.0,565.0,0.8759416352854703,630,0.0009665977762919327,0.4776867363747934,0.031212935393568193,0.054300666044356356
367,samples/sample_000367.npz,rectangular_body_000367,28,32,50,58,4,6,4,8,2,4,5,29.5,53.5,4.5,40.0,60.0,50.0,40.0,80.0,20.0,295.0,535.0,0.28488295367735594,64,2.87635583282029e-05,0.02691083450131199,0.0011902861146721162,0.002309565487585961
368,samples/sample_000368.npz,rectangular_body_000368,24,29,8,20,4,6,5,12,2,4,5,26.0,13.5,4.5,40.0,60.0,50.0,50.0,120.0,20.0,260.0,135.0,0.35119494460946304,120,7.119551909809385e-05,0.05211787312183473,0.0029151788982246353,0.0050944715652334605
369,samples/sample_000369.npz,rectangular_body_000369,35,47,8,23,6,12,12,15,6,6,11,40.5,15.0,8.5,60.0,120.0,90.0,120.0,150.0,60.0,405.0,150.0,0.7001497346255863,1080,0.0019894515901580853,0.3655937249225464,0.04449748321035688,0.05423130942798709
370,samples/sample_000370.npz,rectangular_body_000370,2,12,22,36,3,10,10,14,7,3,9,6.5,28.5,6.0,30.0,100.0,65.0,100.0,140.0,70.0,65.0,285.0,0.38988554942310377,980,0.0006496790277602434,0.30410354421066865,0.02139840909475383,0.03670630449440258
371,samples/sample_000371.npz,rectangular_body_000371,5,11,5,21,2,4,6,16,2,2,3,7.5,12.5,2.5,20.0,40.0,30.0,60.0,160.0,20.0,75.0,125.0,0.3385376605575223,192,4.1209452694320104e-05,0.10263612986038399,0.0040913948940026045,0.009919184553638763
372,samples/sample_000372.npz,rectangular_body_000372,36,45,23,34,4,6,9,11,2,4,5,40.0,28.0,4.5,40.0,60.0,50.0,90.0,110.0,20.0,400.0,280.0,0.8503371364057841,198,0.0004456328673641441,0.19119401705145705,0.012559989082539096,0.01963229770798385
373,samples/sample_000373.npz,rectangular_body_000373,48,53,10,14,7,14,5,4,7,7,13,50.0,11.5,10.0,70.0,140.0,105.0,50.0,40.0,70.0,500.0,115.0,0.7757885161461189,140,0.00021644111424127616,0.05743134019328726,0.0052671354298802105,0.007541421875004388
374,samples/sample_000374.npz,rectangular_body_000374,39,54,34,40,5,8,15,6,3,5,7,46.0,36.5,6.0,50.0,80.0,65.0,150.0,60.0,30.0,460.0,365.0,0.901959485063887,270,0.0005969328365323626,0.19444171861208276,0.01644978594139559,0.0233261307371155
375,samples/sample_000375.npz,rectangular_body_000375,36,42,2,18,6,13,6,16,7,6,12,38.5,9.5,9.0,60.0,130.0,95.0,60.0,160.0,70.0,385.0,95.0,0.6594562509508131,672,0.0010569917831749539,0.21903816943342103,0.023306255245838802,0.03099981956065672
376,samples/sample_000376.npz,rectangular_body_000376,31,44,26,41,2,9,13,15,7,2,8,37.0,33.0,5.0,20.0,90.0,55.0,130.0,150.0,70.0,370.0,330.0,0.8006917780458849,1365,0.0038716433808887595,0.8952027248566129,0.08082185773834959,0.11279785525864847
377,samples/sample_000377.npz,rectangular_body_000377,17,26,41,50,4,10,9,9,6,4,9,21.0,45.0,6.5,40.0,100.0,70.0,90.0,90.0,60.0,210.0,450.0,0.5447437845687415,486,0.0005932036820942538,0.22889529048291288,0.01745626753531784,0.025339624879501196
378,samples/sample_000378.npz,rectangular_body_000378,11,23,8,17,5,10,12,9,5,5,9,16.5,12.0,7.0,50.0,100.0,75.0,120.0,90.0,50.0,165.0,120.0,0.8820852455976098,540,0.0008081946293037786,0.3349944553421153,0.027544865613527064,0.04241826718908445
379,samples/sample_000379.npz,rectangular_body_000379,27,43,43,54,2,4,16,11,2,2,3,34.5,48.0,2.5,20.0,40.0,30.0,160.0,110.0,20.0,345.0,480.0,0.9597595667381016,352,0.00044037999335224185,0.4158983365130984,0.02584946742325722,0.047872308972696925
380,samples/sample_000380.npz,rectangular_body_000380,25,36,44,48,7,13,11,4,6,7,12,30.0,45.5,9.5,70.0,130.0,100.0,110.0,40.0,60.0,300.0,455.0,0.6441069422589201,264,0.0006643783393127865,0.08719049845972951,0.010222923162437605,0.0115470531339787
381,samples/sample_000381.npz,rectangular_body_000381,42,52,39,54,3,7,10,15,4,3,6,46.5,46.0,4.5,30.0,70.0,50.0,100.0,150.0,40.0,465.0,460.0,0.2865033742690541,600,0.00024584407079501823,0.16378037865746609,0.011753725422262891,0.019557391692968527
382,samples/sample_000382.npz,rectangular_body_000382,19,24,44,59,6,12,5,15,6,6,11,21.0,51.0,8.5,60.0,120.0,90.0,50.0,150.0,60.0,210.0,510.0,0.6187145232367622,450,0.0006285324395403397,0.15279040663508414,0.015541185472364794,0.020864064024817473
383,samples/sample_000383.npz,rectangular_body_000383,5,14,12,24,7,10,9,12,3,7,9,9.0,17.5,8.0,70.0,100.0,85.0,90.0,120.0,30.0,90.0,175.0,0.4126553250275675,324,0.00023582857985615083,0.07708866731557396,0.006988644675785975,0.010490108851270651
384,samples/sample_000384.npz,rectangular_body_000384,26,38,41,54,6,8,12,13,2,6,7,31.5,47.0,6.5,60.0,80.0,70.0,120.0,130.0,20.0,315.0,470.0,0.6742780120460952,312,0.0006126191280161387,0.14009443284826362,0.013867889339786416,0.018494059514216118
385,samples/sample_000385.npz,rectangular_body_000385,7,21,11,25,5,9,14,14,4,5,8,13.5,17.5,6.5,50.0,90.0,70.0,140.0,140.0,40.0,135.0,175.0,0.9106792757326654,784,0.0012453786047342131,0.4427706509314958,0.04317485767416812,0.06289233401345759
386,samples/sample_000386.npz,rectangular_body_000386,14,27,3,19,7,15,13,16,8,7,14,20.0,10.5,10.5,70.0,150.0,110.0,130.0,160.0,80.0,200.0,105.0,0.8451600176022716,1664,0.003481921371321927,0.5100627145573295,0.0692790508949031,0.08344140615446519
387,samples/sample_000387.npz,rectangular_body_000387,44,53,20,24,4,12,9,4,8,4,11,48.0,21.5,7.5,40.0,120.0,80.0,90.0,40.0,80.0,480.0,215.0,0.6281035382871898,288,0.00041225002629423195,0.15122646266187514,0.01118722651674883,0.01618658860894713
388,samples/sample_000388.npz,rectangular_body_000388,19,27,41,56,8,14,8,15,6,8,13,22.5,48.0,10.5,80.0,140.0,110.0,80.0,150.0,60.0,225.0,480.0,0.6120977051006158,720,0.0013648602581740061,0.1713163947071128,0.023978427476329976,0.02645200998819313
389,samples/sample_000389.npz,rectangular_body_000389,5,18,12,22,5,13,13,10,8,5,12,11.0,16.5,8.5,50.0,130.0,90.0,130.0,100.0,80.0,110.0,165.0,0.5463011145762704,1040,0.0010889153914439838,0.31244856398308934,0.03013237921168,0.043282305522556214
390,samples/sample_000390.npz,rectangular_body_000390,31,45,14,22,3,10,14,8,7,3,9,37.5,17.5,6.0,30.0,100.0,65.0,140.0,80.0,70.0,375.0,175.0,0.8660556632691239,784,0.0016276222166834635,0.5753975481026041,0.04624555114195013,0.06685090342827986
391,samples/sample_000391.npz,rectangular_body_000391,4,16,32,38,7,11,12,6,4,7,10,9.5,34.5,8.5,70.0,110.0,90.0,120.0,60.0,40.0,95.0,345.0,0.24639238878913794,288,0.0001786032061430375,0.03985734435980733,0.0038706995863449856,0.005296719522062804
392,samples/sample_000392.npz,rectangular_body_000392,11,16,33,42,5,9,5,9,4,5,8,13.0,37.0,6.5,50.0,90.0,70.0,50.0,90.0,40.0,130.0,370.0,0.9902477274390338,180,0.0003864386764233814,0.161819444758586,0.011349712291791512,0.01727562946363473
393,samples/sample_000393.npz,rectangular_body_000393,35,43,30,45,2,10,8,15,8,2,9,38.5,37.0,5.5,20.0,100.0,60.0,80.0,150.0,80.0,385.0,370.0,0.863742494584296,960,0.002501964171376869,0.766438188377909,0.059801863098325345,0.0859907156966381
394,samples/sample_000394.npz,rectangular_body_000394,12,21,41,53,5,7,9,12,2,5,6,16.0,46.5,5.5,50.0,70.0,60.0,90.0,120.0,20.0,160.0,465.0,0.5022714726663857,216,0.00017393246514190428,0.09692047283463073,0.007058687696477309,0.011282641964274004
395,samples/sample_000395.npz,rectangular_body_000395,15,24,12,27,2,10,9,15,8,2,9,19.0,19.0,5.5,20.0,100.0,60.0,90.0,150.0,80.0,190.0,190.0,0.8590554994415078,1080,0.0017790377753831776,0.830128011575556,0.06320995914930012,0.09702138035159355
396,samples/sample_000396.npz,rectangular_body_000396,8,23,37,48,3,10,15,11,7,3,9,15.0,42.0,6.0,30.0,100.0,65.0,150.0,110.0,70.0,150.0,420.0,0.6643696271346302,1155,0.0014670113684789625,0.5733819482541568,0.04978817878490961,0.07367403856734828
397,samples/sample_000397.npz,rectangular_body_000397,51,56,33,43,7,11,5,10,4,7,10,53.0,37.5,8.5,70.0,110.0,90.0,50.0,100.0,40.0,530.0,375.0,0.9545901800588512,200,0.0004501761282947109,0.11376224533553099,0.010556360714833263,0.014597834108963278
398,samples/sample_000398.npz,rectangular_body_000398,55,61,49,62,2,7,6,13,5,2,6,57.5,55.0,4.0,20.0,70.0,45.0,60.0,130.0,50.0,575.0,550.0,0.7087067228446473,390,0.0002006871959809465,0.37746656729563843,0.013772158448569919,0.035104101028489175
399,samples/sample_000399.npz,rectangular_body_000399,31,44,53,62,6,11,13,9,5,6,10,37.0,57.0,8.0,60.0,110.0,85.0,130.0,90.0,50.0,370.0,570.0,0.5329963653451448,585,0.0006148762897776354,0.1801891589154544,0.015661393209325317,0.023662412135754228
400,samples/sample_000400.npz,rectangular_body_000400,19,23,44,52,8,14,4,8,6,8,13,20.5,47.5,10.5,80.0,140.0,110.0,40.0,80.0,60.0,205.0,475.0,0.786518605869515,192,0.00044334559537196065,0.06884352943997026,0.00824977772144167,0.009597532617177563
401,samples/sample_000401.npz,rectangular_body_000401,52,62,32,36,2,10,10,4,8,2,9,56.5,33.5,5.5,20.0,100.0,60.0,100.0,40.0,80.0,565.0,335.0,0.5031663394713132,320,0.00026141542664702525,0.2095106849044142,0.009279377671522279,0.01820541505885522
402,samples/sample_000402.npz,rectangular_body_000402,42,47,44,53,4,8,5,9,4,4,7,44.0,48.0,5.5,40.0,80.0,60.0,50.0,90.0,40.0,440.0,480.0,0.43354287545025444,180,0.00013017401638516714,0.0889854558311618,0.005152827332210661,0.00863046264472057
403,samples/sample_000403.npz,rectangular_body_000403,14,26,4,12,8,11,12,8,3,8,10,19.5,7.5,9.0,80.0,110.0,95.0,120.0,80.0,30.0,195.0,75.0,0.21565806432900284,288,0.00012071794161820999,0.030912764642343098,0.0030379847556713407,0.004355598725416432
404,samples/sample_000404.npz,rectangular_body_000404,15,28,39,48,7,10,13,9,3,7,9,21.0,43.0,8.0,70.0,100.0,85.0,130.0,90.0,30.0,210.0,430.0,0.655977825494131,351,0.0006546864029846587,0.12991636884265362,0.014453464827813017,0.01757676989936432
405,samples/sample_000405.npz,rectangular_body_000405,25,38,52,60,5,9,13,8,4,5,8,31.0,55.5,6.5,50.0,90.0,70.0,130.0,80.0,40.0,310.0,555.0,0.5919073841731999,416,0.0004906594604733298,0.18532276065637254,0.013956811218632022,0.022498028837267946
406,samples/sample_000406.npz,rectangular_body_000406,38,43,13,29,3,8,5,16,5,3,7,40.0,20.5,5.0,30.0,80.0,55.0,50.0,160.0,50.0,400.0,205.0,0.21008842483278445,400,0.00018233896788718413,0.08389342937108213,0.0060008007666243176,0.009163843988772034
407,samples/sample_000407.npz,rectangular_body_000407,12,26,31,36,5,7,14,5,2,5,6,18.5,33.0,5.5,50.0,70.0,60.0,140.0,50.0,20.0,185.0,330.0,0.32256682372431683,140,0.00012320909205525805,0.04164546696557686,0.003168640543046895,0.004633643115518313
408,samples/sample_000408.npz,rectangular_body_000408,44,60,20,26,5,13,16,6,8,5,12,51.5,22.5,8.5,50.0,130.0,90.0,160.0,60.0,80.0,515.0,225.0,0.8352757934058033,768,0.001484860913082837,0.3509374670901493,0.03575712514481533,0.048104511707046695
409,samples/sample_000409.npz,rectangular_body_000409,7,15,44,59,2,10,8,15,8,2,9,10.5,51.0,5.5,20.0,100.0,60.0,80.0,150.0,80.0,105.0,510.0,0.21014345627864844,960,0.00023819147922334545,0.18646990235551653,0.01153358066860712,0.0216466599385143
410,samples/sample_000410.npz,rectangular_body_000410,38,50,13,23,4,8,12,10,4,4,7,43.5,17.5,5.5,40.0,80.0,60.0,120.0,100.0,40.0,435.0,175.0,0.30070250929708897,480,0.00026781363209829297,0.12754102326378564,0.00974557433958706,0.014909828718299429
411,samples/sample_000411.npz,rectangular_body_000411,25,37,4,8,2,6,12,4,4,2,5,30.5,5.5,3.5,20.0,60.0,40.0,120.0,40.0,40.0,305.0,55.0,0.37354739383965285,192,8.23627297958243e-05,0.12143543075746403,0.004408453453061295,0.010086395613488362
412,samples/sample_000412.npz,rectangular_body_000412,26,36,23,32,7,9,10,9,2,7,8,30.5,27.0,7.5,70.0,90.0,80.0,100.0,90.0,20.0,305.0,270.0,0.2021828894095138,180,0.00018430577140931184,0.023728388208703464,0.0024750960581008253,0.002915037165799647
413,samples/sample_000413.npz,rectangular_body_000413,51,60,28,42,5,10,9,14,5,5,9,55.0,34.5,7.0,50.0,100.0,75.0,90.0,140.0,50.0,550.0,345.0,0.8990083770992705,630,0.0011507697580438784,0.3760243680336224,0.031767677171855226,0.04852881035566056
414,samples/sample_000414.npz,rectangular_body_000414,31,43,35,50,7,15,12,15,8,7,14,36.5,42.0,10.5,70.0,150.0,110.0,120.0,150.0,80.0,365.0,420.0,0.3241290269433445,1440,0.002054199008815853,0.17579485696065886,0.027460925656213442,0.026899368111715834
415,samples/sample_000415.npz,rectangular_body_000415,6,16,13,21,7,15,10,8,8,7,14,10.5,16.5,10.5,70.0,150.0,110.0,100.0,80.0,80.0,105.0,165.0,0.439146502862248,640,0.0006254756368282144,0.12385008315923857,0.013609450948053638,0.017959959437102054
416,samples/sample_000416.npz,rectangular_body_000416,51,59,36,45,6,14,8,9,8,6,13,54.5,40.0,9.5,60.0,140.0,100.0,80.0,90.0,80.0,545.0,400.0,0.8252370179511368,576,0.0010857294060378935,0.25184665653473215,0.02412141656483103,0.03325406863419075
417,samples/sample_000417.npz,rectangular_body_000417,30,45,30,37,6,11,15,7,5,6,10,37.0,33.0,8.0,60.0,110.0,85.0,150.0,70.0,50.0,370.0,330.0,0.21134271803286275,525,0.0005563866413887122,0.06318350326710939,0.007381147941069485,0.00827012195154726
418,samples/sample_000418.npz,rectangular_body_000418,23,36,31,47,7,15,13,16,8,7,14,29.0,38.5,10.5,70.0,150.0,110.0,130.0,160.0,80.0,290.0,385.0,0.5609443448135512,1664,0.005192334317919628,0.3385356375323815,0.056237614258556064,0.05211781846245299
419,samples/sample_000419.npz,rectangular_body_000419,48,56,2,11,5,8,8,9,3,5,7,51.5,6.0,6.0,50.0,80.0,65.0,80.0,90.0,30.0,515.0,60.0,0.41957986452536505,216,9.899513105604684e-05,0.08361852256839082,0.004431676215858144,0.00898317216022797
420,samples/sample_000420.npz,rectangular_body_000420,22,35,29,45,5,11,13,16,6,5,10,28.0,36.5,7.5,50.0,110.0,80.0,130.0,160.0,60.0,280.0,365.0,0.3800568563877542,1248,0.002153864853194929,0.25243391398875015,0.03200802725370894,0.03574250671791252
421,samples/sample_000421.npz,rectangular_body_000421,35,49,15,22,3,6,14,7,3,3,5,41.5,18.0,4.0,30.0,60.0,45.0,140.0,70.0,30.0,415.0,180.0,0.9147633290094612,294,0.0004292913494607426,0.3256340880557831,0.019580923067418314,0.033545088535183704
422,samples/sample_000422.npz,rectangular_body_000422,10,16,31,41,2,6,6,10,4,2,5,12.5,35.5,3.5,20.0,60.0,40.0,60.0,100.0,40.0,125.0,355.0,0.42342203819465435,240,0.00014314368525700878,0.17642512609069572,0.007305679214281293,0.014650311243737578
423,samples/sample_000423.npz,rectangular_body_000423,4,19,34,48,6,12,15,14,6,6,11,11.0,40.5,8.5,60.0,120.0,90.0,150.0,140.0,60.0,110.0,405.0,0.5194297851936738,1260,0.0014954759562127618,0.30253734229293266,0.03593136218699031,0.046459743398626095
424,samples/sample_000424.npz,rectangular_body_000424,33,45,31,45,8,11,12,14,3,8,10,38.5,37.5,9.0,80.0,110.0,95.0,120.0,140.0,30.0,385.0,375.0,0.7866528553092669,504,0.0017235448491432,0.17673693443346372,0.025021076855304254,0.025867763030578916
425,samples/sample_000425.npz,rectangular_body_000425,17,22,30,46,4,12,5,16,8,4,11,19.0,37.5,7.5,40.0,120.0,80.0,50.0,160.0,80.0,190.0,375.0,0.7817372920045089,640,0.0015063718905445659,0.33198134905637045,0.03256157300679703,0.04132673583668514
426,samples/sample_000426.npz,rectangular_body_000426,46,61,21,33,6,12,15,12,6,6,11,53.0,26.5,8.5,60.0,120.0,90.0,150.0,120.0,60.0,530.0,265.0,0.9283226504553199,1080,0.002457211357728765,0.4847376734572858,0.054734786204418955,0.07167089035910607
427,samples/sample_000427.npz,rectangular_body_000427,27,38,7,16,8,14,11,9,6,8,13,32.0,11.0,10.5,80.0,140.0,110.0,110.0,90.0,60.0,320.0,110.0,0.263656390702372,594,0.0005226271939356975,0.06477295387366319,0.008204906505773388,0.009576570697541661
428,samples/sample_000428.npz,rectangular_body_000428,35,50,6,19,5,9,15,13,4,5,8,42.0,12.0,6.5,50.0,90.0,70.0,150.0,130.0,40.0,420.0,120.0,0.25232017717556093,780,0.0003614671576157889,0.1224195715067363,0.011923244451406394,0.017252689402769514
429,samples/sample_000429.npz,rectangular_body_000429,29,45,17,31,3,8,16,14,5,3,7,36.5,23.5,5.0,30.0,80.0,55.0,160.0,140.0,50.0,365.0,235.0,0.9384024551434884,1120,0.002939291084849564,0.7756530906185917,0.07663131472481803,0.10450209712768782
430,samples/sample_000430.npz,rectangular_body_000430,16,24,19,25,4,10,8,6,6,4,9,19.5,21.5,6.5,40.0,100.0,70.0,80.0,60.0,60.0,195.0,215.0,0.572326344208516,288,0.00039481468515571857,0.15782230944304,0.011037535411003246,0.01614881854735854
431,samples/sample_000431.npz,rectangular_body_000431,50,60,49,58,7,9,10,9,2,7,8,54.5,53.0,7.5,70.0,90.0,80.0,100.0,90.0,20.0,545.0,530.0,0.9215554754229345,180,0.00022318344482625743,0.10815468019406829,0.007851597814267253,0.013815243890760312
432,samples/sample_000432.npz,rectangular_body_000432,35,43,52,59,3,5,8,7,2,3,4,38.5,55.0,3.5,30.0,50.0,40.0,80.0,70.0,20.0,385.0,550.0,0.7811988803087455,112,9.60125170418279e-05,0.15429942456031437,0.005737254151456855,0.012577305559827437
433,samples/sample_000433.npz,rectangular_body_000433,12,28,34,44,7,9,16,10,2,7,8,19.5,38.5,7.5,70.0,90.0,80.0,160.0,100.0,20.0,195.0,385.0,0.6913400198225484,320,0.0006670286973152947,0.12134613888480128,0.014284804487566588,0.01711213761757718
434,samples/sample_000434.npz,rectangular_body_000434,24,34,15,27,3,8,10,12,5,3,7,28.5,20.5,5.0,30.0,80.0,55.0,100.0,120.0,50.0,285.0,205.0,0.5922204950511614,600,0.0009314605518538079,0.3513924290402509,0.025745558691781988,0.03881987812937083
435,samples/sample_000435.npz,rectangular_body_000435,18,34,48,54,4,8,16,6,4,4,7,25.5,50.5,5.5,40.0,80.0,60.0,160.0,60.0,40.0,255.0,505.0,0.5277638828293317,384,0.00037586413175345434,0.17405236837167853,0.013288465711406485,0.020724523927118592
436,samples/sample_000436.npz,rectangular_body_000436,35,50,24,33,8,12,15,9,4,8,11,42.0,28.0,9.5,80.0,120.0,100.0,150.0,90.0,40.0,420.0,280.0,0.3126353765488687,540,0.0007272093303190036,0.07307620641040827,0.01033634021606027,0.010679677721655822
437,samples/sample_000437.npz,rectangular_body_000437,31,39,23,39,4,8,8,16,4,4,7,34.5,30.5,5.5,40.0,80.0,60.0,80.0,160.0,40.0,345.0,305.0,0.7737800451645176,512,0.001717956172746732,0.32325814050723184,0.028926173386951436,0.03879848448790141
438,samples/sample_000438.npz,rectangular_body_000438,52,60,22,37,6,10,8,15,4,6,9,55.5,29.0,7.5,60.0,100.0,80.0,80.0,150.0,40.0,555.0,290.0,0.7253384418588682,480,0.0007409415747090624,0.2079304983792573,0.01885280755417308,0.027894125826413107
439,samples/sample_000439.npz,rectangular_body_000439,45,60,38,44,2,6,15,6,4,2,5,52.0,40.5,3.5,20.0,60.0,40.0,150.0,60.0,40.0,520.0,405.0,0.5372151522358461,360,0.00022624816372406682,0.2632829473608779,0.013237890832859128,0.02609874543949647
440,samples/sample_000440.npz,rectangular_body_000440,15,24,42,54,4,11,9,12,7,4,10,19.0,47.5,7.0,40.0,110.0,75.0,90.0,120.0,70.0,190.0,475.0,0.4932605548462191,756,0.0007635807855113526,0.2734994182430787,0.023174857775388476,0.033428747038195206
441,samples/sample_000441.npz,rectangular_body_000441,29,44,29,36,7,10,15,7,3,7,9,36.0,32.0,8.0,70.0,100.0,85.0,150.0,70.0,30.0,360.0,320.0,0.6994560891584871,315,0.0012052175714426228,0.12249184935745146,0.014693229204481137,0.016226357979477638
442,samples/sample_000442.npz,rectangular_body_000442,34,47,16,20,3,5,13,4,2,3,4,40.0,17.5,3.5,30.0,50.0,40.0,130.0,40.0,20.0,400.0,175.0,0.9104269377863292,104,0.0001415897174374994,0.14597567146912038,0.007059460148611967,0.013076078654524316
443,samples/sample_000443.npz,rectangular_body_000443,39,51,43,52,4,10,12,9,6,4,9,44.5,47.0,6.5,40.0,100.0,70.0,120.0,90.0,60.0,445.0,470.0,0.5669255990716129,648,0.0007112097791953789,0.288738795825771,0.023353370125945103,0.0345964490337067
444,samples/sample_000444.npz,rectangular_body_000444,11,21,34,40,5,9,10,6,4,5,8,15.5,36.5,6.5,50.0,90.0,70.0,100.0,60.0,40.0,155.0,365.0,0.39800444080404723,240,0.00023242651295911007,0.08200293360595085,0.006267333253891144,0.009094922561583835
445,samples/sample_000445.npz,rectangular_body_000445,12,16,43,50,4,10,4,7,6,4,9,13.5,46.0,6.5,40.0,100.0,70.0,40.0,70.0,60.0,135.0,460.0,0.7246848909783559,168,0.00020609849484331486,0.12561510160726008,0.007476850297451129,0.012336484423548793
446,samples/sample_000446.npz,rectangular_body_000446,29,45,2,11,7,12,16,9,5,7,11,36.5,6.0,9.0,70.0,120.0,95.0,160.0,90.0,50.0,365.0,60.0,0.4870567154309393,720,0.0007691040340882525,0.1611285930424754,0.016894118467720345,0.023404391724604078
447,samples/sample_000447.npz,rectangular_body_000447,2,13,39,47,4,8,11,8,4,4,7,7.0,42.5,5.5,40.0,80.0,60.0,110.0,80.0,40.0,70.0,425.0,0.5434582464349951,352,0.0002549749443444531,0.1866594136807354,0.010816129515304683,0.020073059257522438
448,samples/sample_000448.npz,rectangular_body_000448,40,54,2,14,6,9,14,12,3,6,8,46.5,7.5,7.0,60.0,90.0,75.0,140.0,120.0,30.0,465.0,75.0,0.7511212929935864,504,0.0005598930193764556,0.22745024230626276,0.019503129624020284,0.03156751828536915
449,samples/sample_000449.npz,rectangular_body_000449,6,14,21,31,7,12,8,10,5,7,11,9.5,25.5,9.0,70.0,120.0,95.0,80.0,100.0,50.0,95.0,255.0,0.991799094182706,400,0.0009625874473162051,0.21040890349094557,0.02118584618469853,0.028485269800570995
450,samples/sample_000450.npz,rectangular_body_000450,21,30,41,51,3,8,9,10,5,3,7,25.0,45.5,5.0,30.0,80.0,55.0,90.0,100.0,50.0,250.0,455.0,0.8452482301553059,450,0.0007830504009112506,0.42283370319292135,0.026888375706985664,0.043159949399695356
451,samples/sample_000451.npz,rectangular_body_000451,36,43,48,57,6,13,7,9,7,6,12,39.0,52.0,9.0,60.0,130.0,95.0,70.0,90.0,70.0,390.0,520.0,0.7482315196018712,441,0.0008111725805689015,0.18982352063476074,0.018155906767615783,0.02436281842690141
452,samples/sample_000452.npz,rectangular_body_000452,15,28,37,47,5,9,13,10,4,5,8,21.0,41.5,6.5,50.0,90.0,70.0,130.0,100.0,40.0,210.0,415.0,0.5806054362460584,520,0.0007710350201015968,0.2160973330979124,0.020278129527710208,0.02712574375901873
453,samples/sample_000453.npz,rectangular_body_000453,25,39,35,47,6,12,14,12,6,6,11,31.5,40.5,8.5,60.0,120.0,90.0,140.0,120.0,60.0,315.0,405.0,0.5956389732063034,1008,0.0028492791043367893,0.2968859063256347,0.03867289719909284,0.04192174541294873
454,samples/sample_000454.npz,rectangular_body_000454,40,46,50,61,2,8,6,11,6,2,7,42.5,55.0,4.5,20.0,80.0,50.0,60.0,110.0,60.0,425.0,550.0,0.7560702542927682,396,0.0003544879142831891,0.4115304877779246,0.018372161823159025,0.037531059251498175
455,samples/sample_000455.npz,rectangular_body_000455,40,51,2,9,2,9,11,7,7,2,8,45.0,5.0,5.0,20.0,90.0,55.0,110.0,70.0,70.0,450.0,50.0,0.2894138458678411,539,0.00016920632954819177,0.19127668093414635,0.008403667279060044,0.01792612449938167
456,samples/sample_000456.npz,rectangular_body_000456,21,34,30,43,8,13,13,13,5,8,12,27.0,36.0,10.0,80.0,130.0,105.0,130.0,130.0,50.0,270.0,360.0,0.2827657670020758,845,0.0013131295537022487,0.09467630801102477,0.014734275080986339,0.014046565532258472
457,samples/sample_000457.npz,rectangular_body_000457,47,56,17,32,5,8,9,15,3,5,7,51.0,24.0,6.0,50.0,80.0,65.0,90.0,150.0,30.0,510.0,240.0,0.2057312981236633,405,0.00015586875434727936,0.062222662211419796,0.005262359304229331,0.007923916909666704
458,samples/sample_000458.npz,rectangular_body_000458,51,59,43,53,8,11,8,10,3,8,10,54.5,47.5,9.0,80.0,110.0,95.0,80.0,100.0,30.0,545.0,475.0,0.4513462102813877,240,0.00019550561123721886,0.056028418636296096,0.005248836041623587,0.007783701833948333
459,samples/sample_000459.npz,rectangular_body_000459,17,28,8,16,8,14,11,8,6,8,13,22.0,11.5,10.5,80.0,140.0,110.0,110.0,80.0,60.0,220.0,115.0,0.717596288713876,528,0.0010159657096292887,0.15853281900198746,0.01955115473532366,0.023529708987474657
460,samples/sample_000460.npz,rectangular_body_000460,38,51,23,38,6,8,13,15,2,6,7,44.0,30.0,6.5,60.0,80.0,70.0,130.0,150.0,20.0,440.0,300.0,0.24594474373964925,390,0.0003046071038227732,0.058805337185115276,0.006487692145741823,0.008132063387358874
461,samples/sample_000461.npz,rectangular_body_000461,15,25,49,57,5,13,10,8,8,5,12,19.5,52.5,8.5,50.0,130.0,90.0,100.0,80.0,80.0,195.0,525.0,0.590281469719621,640,0.0007707889346523206,0.2331172546425858,0.020530818176993586,0.029623105436431776
462,samples/sample_000462.npz,rectangular_body_000462,20,24,47,62,5,13,4,15,8,5,12,21.5,54.0,8.5,50.0,130.0,90.0,40.0,150.0,80.0,215.0,540.0,0.8378234009253662,480,0.000828748634363597,0.23258841151991214,0.021133275504948208,0.03046224341761837
463,samples/sample_000463.npz,rectangular_body_000463,37,50,27,40,8,11,13,13,3,8,10,43.0,33.0,9.0,80.0,110.0,95.0,130.0,130.0,30.0,430.0,330.0,0.8911703468401846,507,0.0019159564926344492,0.20228419827092275,0.02804741321456444,0.02974410498091346
464,samples/sample_000464.npz,rectangular_body_000464,10,21,5,14,7,12,11,9,5,7,11,15.0,9.0,9.0,70.0,120.0,95.0,110.0,90.0,50.0,150.0,90.0,0.21133258429818824,495,0.00018919149471283364,0.05374185868697268,0.005100631451942008,0.007526270829219559
465,samples/sample_000465.npz,rectangular_body_000465,11,21,12,27,4,6,10,15,2,4,5,15.5,19.0,4.5,40.0,60.0,50.0,100.0,150.0,20.0,155.0,190.0,0.8933957877778471,300,0.0003953443573430479,0.2503693157137966,0.018415600596488835,0.030158748484945038
466,samples/sample_000466.npz,rectangular_body_000466,40,55,26,41,6,10,15,15,4,6,9,47.0,33.0,7.5,60.0,100.0,80.0,150.0,150.0,40.0,470.0,330.0,0.9248373283387281,900,0.0026023296638387,0.4237028931012998,0.052533376586383906,0.06318989234722275
467,samples/sample_000467.npz,rectangular_body_000467,47,59,32,40,2,7,12,8,5,2,6,52.5,35.5,4.0,20.0,70.0,45.0,120.0,80.0,50.0,525.0,355.0,0.766185004648491,480,0.0005291098474465486,0.48376803486670433,0.024857858723502897,0.04757348851407234
468,samples/sample_000468.npz,rectangular_body_000468,19,24,24,36,6,14,5,12,8,6,13,21.0,29.5,9.5,60.0,140.0,100.0,50.0,120.0,80.0,210.0,295.0,0.8096885987257403,480,0.0017285174915620742,0.20219550001372774,0.024037683997365472,0.026250769622676057
469,samples/sample_000469.npz,rectangular_body_000469,23,35,25,39,7,15,12,14,8,7,14,28.5,31.5,10.5,70.0,150.0,110.0,120.0,140.0,80.0,285.0,315.0,0.3256019665527752,1344,0.0031684213487932055,0.16787550625641218,0.026791831787777477,0.024737694199590064
470,samples/sample_000470.npz,rectangular_body_000470,32,37,7,18,2,9,5,11,7,2,8,34.0,12.0,5.0,20.0,90.0,55.0,50.0,110.0,70.0,340.0,120.0,0.7072032847103074,385,0.0005067439740446763,0.35954184175396475,0.018217275842477735,0.032535115981932324
471,samples/sample_000471.npz,rectangular_body_000471,39,47,32,48,3,6,8,16,3,3,5,42.5,39.5,4.0,30.0,60.0,45.0,80.0,160.0,30.0,425.0,395.0,0.6847876333625573,384,0.0004947443971761677,0.2806747982876863,0.019533731163701693,0.03148638649646647
472,samples/sample_000472.npz,rectangular_body_000472,38,43,36,42,8,11,5,6,3,8,10,40.0,38.5,9.0,80.0,110.0,95.0,50.0,60.0,30.0,400.0,385.0,0.20591182702988214,90,7.212095896883108e-05,0.010649556327236076,0.0011661022840324072,0.0013241492254707223
473,samples/sample_000473.npz,rectangular_body_000473,41,56,14,29,5,9,15,15,4,5,8,48.0,21.0,6.5,50.0,90.0,70.0,150.0,150.0,40.0,480.0,210.0,0.5145206303520617,900,0.0009479870474969475,0.271896237630547,0.02924454142167615,0.0396549993673319
474,samples/sample_000474.npz,rectangular_body_000474,47,62,34,40,6,13,15,6,7,6,12,54.0,36.5,9.0,60.0,130.0,95.0,150.0,60.0,70.0,540.0,365.0,0.9103422504531367,630,0.0014121396965343193,0.291017297392988,0.0300468664112873,0.040304427292022466
475,samples/sample_000475.npz,rectangular_body_000475,31,35,36,41,2,9,4,5,7,2,8,32.5,38.0,5.0,20.0,90.0,55.0,40.0,50.0,70.0,325.0,380.0,0.5716542306861375,140,0.0002695887247299218,0.14236903403772466,0.005940734323649397,0.010029181925686899
476,samples/sample_000476.npz,rectangular_body_000476,13,23,23,34,4,6,10,11,2,4,5,17.5,28.0,4.5,40.0,60.0,50.0,100.0,110.0,20.0,175.0,280.0,0.8823248728458906,220,0.00040866782321068325,0.21170461907577537,0.01404587786018846,0.022590223639624547
477,samples/sample_000477.npz,rectangular_body_000477,5,19,43,52,4,8,14,9,4,4,7,11.5,47.0,5.5,40.0,80.0,60.0,140.0,90.0,40.0,115.0,470.0,0.8602604637656712,504,0.0005942033486167138,0.37000384176088064,0.026317329060128958,0.04479784636605641
478,samples/sample_000478.npz,rectangular_body_000478,40,53,26,32,6,11,13,6,5,6,10,46.0,28.5,8.0,60.0,110.0,85.0,130.0,60.0,50.0,460.0,285.0,0.5716903981579067,390,0.0007219649937725498,0.13549433309400488,0.014028873166221206,0.017405884626476544
479,samples/sample_000479.npz,rectangular_body_000479,28,34,5,19,7,14,6,14,7,7,13,30.5,11.5,10.0,70.0,140.0,105.0,60.0,140.0,70.0,305.0,115.0,0.20853482627828335,588,0.00039971473153161156,0.054365717493104225,0.0065861551370409825,0.00786475261460655
480,samples/sample_000480.npz,rectangular_body_000480,50,60,3,17,2,9,10,14,7,2,8,54.5,9.5,5.0,20.0,90.0,55.0,100.0,140.0,70.0,545.0,95.0,0.4176842022431137,980,0.00039656175942387266,0.39035542390897915,0.021793690102950576,0.045398509781492104
481,samples/sample_000481.npz,rectangular_body_000481,28,36,38,48,7,9,8,10,2,7,8,31.5,42.5,7.5,70.0,90.0,80.0,80.0,100.0,20.0,315.0,425.0,0.3627184633664139,160,0.0002279307412869495,0.0384978434840768,0.003843016277731515,0.0047367544161061184
482,samples/sample_000482.npz,rectangular_body_000482,35,44,55,61,3,10,9,6,7,3,9,39.0,57.5,6.0,30.0,100.0,65.0,90.0,60.0,70.0,390.0,575.0,0.5938732441491112,378,0.0003289469850859272,0.24310672442986248,0.012147042917573559,0.02317754476713494
483,samples/sample_000483.npz,rectangular_body_000483,19,29,30,44,8,13,10,14,5,8,12,23.5,36.5,10.0,80.0,130.0,105.0,100.0,140.0,50.0,235.0,365.0,0.23537409625117267,700,0.0007700643370443787,0.06720098820139457,0.010027691196453605,0.009901679057566682
484,samples/sample_000484.npz,rectangular_body_000484,12,19,15,25,5,12,7,10,7,5,11,15.0,19.5,8.0,50.0,120.0,85.0,70.0,100.0,70.0,150.0,195.0,0.6058340754582439,490,0.0006714624085213357,0.2001494139064617,0.017721731350056728,0.02440260439341185
485,samples/sample_000485.npz,rectangular_body_000485,38,54,42,58,5,9,16,16,4,5,8,45.5,49.5,6.5,50.0,90.0,70.0,160.0,160.0,40.0,455.0,495.0,0.957242072042549,1024,0.0017182958079516213,0.541553157358184,0.05888781152844351,0.08311549669844005
486,samples/sample_000486.npz,rectangular_body_000486,15,31,28,42,6,9,16,14,3,6,8,22.5,34.5,7.0,60.0,90.0,75.0,160.0,140.0,30.0,225.0,345.0,0.5915232119731689,672,0.00148283754885579,0.21479422227897155,0.02687922723164282,0.03110307620571848
487,samples/sample_000487.npz,rectangular_body_000487,36,47,25,34,3,7,11,9,4,3,6,41.0,29.0,4.5,30.0,70.0,50.0,110.0,90.0,40.0,410.0,290.0,0.7659968940768513,396,0.0007976417096813551,0.35418678807006543,0.022569563798238875,0.035814372885492725
488,samples/sample_000488.npz,rectangular_body_000488,29,42,3,7,2,7,13,4,5,2,6,35.0,4.5,4.0,20.0,70.0,45.0,130.0,40.0,50.0,350.0,45.0,0.31216451569906956,260,9.312157115140898e-05,0.11883501847494624,0.004666486608382044,0.010407078238501748
489,samples/sample_000489.npz,rectangular_body_000489,54,61,22,30,2,9,7,8,7,2,8,57.0,25.5,5.0,20.0,90.0,55.0,70.0,80.0,70.0,570.0,255.0,0.8575387846652047,392,0.0004527534580497279,0.46871635857607674,0.019464378485248155,0.0401845649759815
490,samples/sample_000490.npz,rectangular_body_000490,33,45,52,60,4,9,12,8,5,4,8,38.5,55.5,6.0,40.0,90.0,65.0,120.0,80.0,50.0,385.0,555.0,0.993257167571491,480,0.0007631785110367422,0.4135099786962834,0.02738962794016854,0.04714854461852056
491,samples/sample_000491.npz,rectangular_body_000491,9,15,48,57,6,12,6,9,6,6,11,11.5,52.0,8.5,60.0,120.0,90.0,60.0,90.0,60.0,115.0,520.0,0.8346908351103428,324,0.00044824495949547514,0.16847587676216313,0.013462719655307546,0.021335041310569253
492,samples/sample_000492.npz,rectangular_body_000492,39,43,37,51,3,9,4,14,6,3,8,40.5,43.5,5.5,30.0,90.0,60.0,40.0,140.0,60.0,405.0,435.0,0.20605537655574802,336,0.00015205056452708972,0.07013204790928268,0.004823526843887286,0.0073657436402482365
493,samples/sample_000493.npz,rectangular_body_000493,30,46,2,11,8,12,16,9,4,8,11,37.5,6.0,9.5,80.0,120.0,100.0,160.0,90.0,40.0,375.0,60.0,0.539508916805949,576,0.0006956376250395976,0.13149358821972493,0.01461174847489359,0.01964354848024449
494,samples/sample_000494.npz,rectangular_body_000494,23,32,26,35,6,10,9,9,4,6,9,27.0,30.0,7.5,60.0,100.0,80.0,90.0,90.0,40.0,270.0,300.0,0.3507058918603136,324,0.000562297970414448,0.07769351262218208,0.007732374791020636,0.009244634903607697
495,samples/sample_000495.npz,rectangular_body_000495,6,10,40,53,6,13,4,13,7,6,12,7.5,46.0,9.0,60.0,130.0,95.0,40.0,130.0,70.0,75.0,460.0,0.7799148127091096,364,0.0005150034030168175,0.15483129955210237,0.013701386304962192,0.02065931328807389
496,samples/sample_000496.npz,rectangular_body_000496,10,23,24,29,4,7,13,5,3,4,6,16.0,26.0,5.0,40.0,70.0,55.0,130.0,50.0,30.0,160.0,260.0,0.27945419759864243,195,0.00010974999905713145,0.05881500434809751,0.0037985039957171077,0.006096990626299412
497,samples/sample_000497.npz,rectangular_body_000497,27,40,21,35,4,12,13,14,8,4,11,33.0,27.5,7.5,40.0,120.0,80.0,130.0,140.0,80.0,330.0,275.0,0.5828963611978588,1456,0.004329057916731294,0.49308100795479476,0.057689442591031696,0.06619379016137135
498,samples/sample_000498.npz,rectangular_body_000498,34,50,14,28,7,13,16,14,6,7,12,41.5,20.5,9.5,70.0,130.0,100.0,160.0,140.0,60.0,415.0,205.0,0.3257523080293681,1344,0.0014844626723396084,0.1726800488146411,0.025959985816972883,0.027322431047864415
499,samples/sample_000499.npz,rectangular_body_000499,12,18,6,18,2,6,6,12,4,2,5,14.5,11.5,3.5,20.0,60.0,40.0,60.0,120.0,40.0,145.0,115.0,0.9400228725959769,288,0.00025461851501488953,0.42495101100775345,0.01798381481838723,0.03834239608446438
500,samples/sample_000500.npz,rectangular_body_000500,51,55,25,36,8,15,4,11,7,8,14,52.5,30.0,11.0,80.0,150.0,115.0,40.0,110.0,70.0,525.0,300.0,0.3681131252764252,308,0.0003728027470148162,0.04656252388838003,0.005791756980111737,0.00676319665309946
501,samples/sample_000501.npz,rectangular_body_000501,47,52,45,54,6,12,5,9,6,6,11,49.0,49.0,8.5,60.0,120.0,90.0,50.0,90.0,60.0,490.0,490.0,0.6253856070991004,270,0.00032856352184819934,0.10707111246929006,0.009207011496653424,0.013370867416692349
502,samples/sample_000502.npz,rectangular_body_000502,30,34,16,20,4,9,4,4,5,4,8,31.5,17.5,6.0,40.0,90.0,65.0,40.0,40.0,50.0,315.0,175.0,0.5367094321244399,80,0.0001231935834686468,0.051791377792393206,0.002957897518998041,0.004583158273691441
503,samples/sample_000503.npz,rectangular_body_000503,40,49,54,59,7,9,9,5,2,7,8,44.0,56.0,7.5,70.0,90.0,80.0,90.0,50.0,20.0,440.0,560.0,0.9223726822011269,90,0.00013508068735434292,0.05958227362271246,0.00428129431610268,0.00703589135345239
504,samples/sample_000504.npz,rectangular_body_000504,47,52,19,34,5,9,5,15,4,5,8,49.0,26.0,6.5,50.0,90.0,70.0,50.0,150.0,40.0,490.0,260.0,0.23397286450087043,300,0.00015870398030309082,0.052943139930391306,0.004518535843382021,0.00644569441965395
505,samples/sample_000505.npz,rectangular_body_000505,31,36,23,35,8,16,5,12,8,8,15,33.0,28.5,11.5,80.0,160.0,120.0,50.0,120.0,80.0,330.0,285.0,0.4994810018238613,480,0.0017217089458422133,0.0909401776566213,0.014206273382303108,0.01281702912173046
506,samples/sample_000506.npz,rectangular_body_000506,10,18,22,31,4,12,8,9,8,4,11,13.5,26.0,7.5,40.0,120.0,80.0,80.0,90.0,80.0,135.0,260.0,0.23898751306789068,576,0.00033939082976972777,0.10574554368255126,0.008485296118616223,0.012048217725746933
507,samples/sample_000507.npz,rectangular_body_000507,27,40,27,35,5,13,13,8,8,5,12,33.0,30.5,8.5,50.0,130.0,90.0,130.0,80.0,80.0,330.0,305.0,0.33239658872140276,832,0.0017482137364190767,0.15860886155375856,0.018259250928114538,0.020114107969901054
508,samples/sample_000508.npz,rectangular_body_000508,51,58,54,61,3,9,7,7,6,3,8,54.0,57.0,5.5,30.0,90.0,60.0,70.0,70.0,60.0,540.0,570.0,0.22968057353148197,294,6.44131560245085e-05,0.08306307368753228,0.0032700121523921853,0.007483484940304882
509,samples/sample_000509.npz,rectangular_body_000509,22,38,33,42,7,10,16,9,3,7,9,29.5,37.0,8.0,70.0,100.0,85.0,160.0,90.0,30.0,295.0,370.0,0.5896529355006255,432,0.001255437728349299,0.13321699164382245,0.0169105154063542,0.018411094710267237
510,samples/sample_000510.npz,rectangular_body_000510,25,39,43,57,5,7,14,14,2,5,6,31.5,49.5,5.5,50.0,70.0,60.0,140.0,140.0,20.0,315.0,495.0,0.31102336386489987,392,0.00028163044468017587,0.08700619793093733,0.008086244502673059,0.011745134852397138
511,samples/sample_000511.npz,rectangular_body_000511,21,25,37,41,8,14,4,4,6,8,13,22.5,38.5,10.5,80.0,140.0,110.0,40.0,40.0,60.0,225.0,385.0,0.9959708295933525,96,0.0004090492511342296,0.045521076972366945,0.005686813233552971,0.005952901274216182
512,samples/sample_000512.npz,rectangular_body_000512,20,31,15,22,6,8,11,7,2,6,7,25.0,18.0,6.5,60.0,80.0,70.0,110.0,70.0,20.0,250.0,180.0,0.9259319727849817,154,0.0003649926906933152,0.11415937753131254,0.009543598855601718,0.013211215764818336
513,samples/sample_000513.npz,rectangular_body_000513,13,18,34,42,7,10,5,8,3,7,9,15.0,37.5,8.0,70.0,100.0,85.0,50.0,80.0,30.0,150.0,375.0,0.8253846157307698,120,0.00026857151911607944,0.06642870948095861,0.006084476089509122,0.008015347049888056
514,samples/sample_000514.npz,rectangular_body_000514,3,11,9,21,2,9,8,12,7,2,8,6.5,14.5,5.0,20.0,90.0,55.0,80.0,120.0,70.0,65.0,145.0,0.4765289166125758,672,0.0003334645097190742,0.35875768748715964,0.017625169365100835,0.03680704608976696
515,samples/sample_000515.npz,rectangular_body_000515,31,46,33,48,8,12,15,15,4,8,11,38.0,40.0,9.5,80.0,120.0,100.0,150.0,150.0,40.0,380.0,400.0,0.3763551204477902,900,0.0014292793716027738,0.13162314209099799,0.02074266461259458,0.02054482546456844
516,samples/sample_000516.npz,rectangular_body_000516,34,49,13,20,7,9,15,7,2,7,8,41.0,16.0,7.5,70.0,90.0,80.0,150.0,70.0,20.0,410.0,160.0,0.9073154556809881,210,0.00046181754108464535,0.11408568066757194,0.011841845030958675,0.015363693271918144
517,samples/sample_000517.npz,rectangular_body_000517,16,25,11,20,5,7,9,9,2,5,6,20.0,15.0,5.5,50.0,70.0,60.0,90.0,90.0,20.0,200.0,150.0,0.5936596550282052,162,0.0001659737834215977,0.09492558859617051,0.006371155123717347,0.01023069578819214
518,samples/sample_000518.npz,rectangular_body_000518,28,43,2,14,7,9,15,12,2,7,8,35.0,7.5,7.5,70.0,90.0,80.0,150.0,120.0,20.0,350.0,75.0,0.35363900544852706,360,0.0002664364025652072,0.06869514054800419,0.006815697912309793,0.009822961908298223
519,samples/sample_000519.npz,rectangular_body_000519,6,22,18,30,7,13,16,12,6,7,12,13.5,23.5,9.5,70.0,130.0,100.0,160.0,120.0,60.0,135.0,235.0,0.42143967619140493,1152,0.0013631939994254683,0.19907863894939237,0.026906637243123994,0.031270018954578815
520,samples/sample_000520.npz,rectangular_body_000520,10,26,25,38,8,11,16,13,3,8,10,17.5,31.0,9.0,80.0,110.0,95.0,160.0,130.0,30.0,175.0,310.0,0.3056079098195601,624,0.0007553825425215614,0.08002403208598899,0.011539656384133946,0.012378764867829076
521,samples/sample_000521.npz,rectangular_body_000521,3,17,28,40,3,8,14,12,5,3,7,9.5,33.5,5.0,30.0,80.0,55.0,140.0,120.0,50.0,95.0,335.0,0.6070123556796079,840,0.0008783403180508333,0.43478913642893924,0.0321097357993275,0.05401128903746776
522,samples/sample_000522.npz,rectangular_body_000522,40,54,46,55,8,16,14,9,8,8,15,46.5,50.0,11.5,80.0,160.0,120.0,140.0,90.0,80.0,465.0,500.0,0.700062267631653,1008,0.0018311114029868892,0.24780966337714216,0.034176358825209655,0.039951651705872594
523,samples/sample_000523.npz,rectangular_body_000523,13,17,26,35,2,5,4,9,3,2,4,14.5,30.0,3.0,20.0,50.0,35.0,40.0,90.0,30.0,145.0,300.0,0.3735156890767337,108,5.957749055097048e-05,0.09025209650787248,0.003036788872225478,0.006421094672295922
524,samples/sample_000524.npz,rectangular_body_000524,32,44,42,48,7,12,12,6,5,7,11,37.5,44.5,9.0,70.0,120.0,95.0,120.0,60.0,50.0,375.0,445.0,0.7028447766571804,360,0.0008612986501831032,0.13261880032830142,0.015477182307220269,0.01780312059751654
525,samples/sample_000525.npz,rectangular_body_000525,50,58,51,60,7,13,8,9,6,7,12,53.5,55.0,9.5,70.0,130.0,100.0,80.0,90.0,60.0,535.0,550.0,0.438744733108525,432,0.0002992683268534499,0.09607938219242303,0.00802749658001101,0.013034620270115878
526,samples/sample_000526.npz,rectangular_body_000526,47,52,57,61,2,10,5,4,8,2,9,49.0,58.5,5.5,20.0,100.0,60.0,50.0,40.0,80.0,490.0,585.0,0.4206099086966944,160,6.96289623011808e-05,0.10961156542786488,0.003382823983349076,0.007860723252426994
527,samples/sample_000527.npz,rectangular_body_000527,47,62,20,36,6,9,15,16,3,6,8,54.0,27.5,7.0,60.0,90.0,75.0,150.0,160.0,30.0,540.0,275.0,0.7190546973564536,720,0.0010806041674957792,0.27292088924283764,0.029258585471920638,0.04110612172164344
528,samples/sample_000528.npz,rectangular_body_000528,18,28,47,61,4,12,10,14,8,4,11,22.5,53.5,7.5,40.0,120.0,80.0,100.0,140.0,80.0,225.0,535.0,0.6892271632061312,1120,0.0015059496535377464,0.4856241452696527,0.04309907752795265,0.06409915778278695
529,samples/sample_000529.npz,rectangular_body_000529,44,48,3,14,3,6,4,11,3,3,5,45.5,8.0,4.0,30.0,60.0,45.0,40.0,110.0,30.0,455.0,80.0,0.36309521270407824,132,4.817981916182103e-05,0.07276876014837338,0.0029534643861874326,0.006363525553903658
530,samples/sample_000530.npz,rectangular_body_000530,35,42,45,50,7,14,7,5,7,7,13,38.0,47.0,10.0,70.0,140.0,105.0,70.0,50.0,70.0,380.0,470.0,0.7778351902664096,245,0.0006267170280106961,0.09760556949977825,0.010961389775218502,0.012721476118890799
531,samples/sample_000531.npz,rectangular_body_000531,7,13,12,23,3,7,6,11,4,3,6,9.5,17.0,4.5,30.0,70.0,50.0,60.0,110.0,40.0,95.0,170.0,0.5727035537809515,264,0.0001710670250569528,0.1956503710353346,0.009467332364697628,0.018752627992696832
532,samples/sample_000532.npz,rectangular_body_000532,12,19,22,38,6,12,7,16,6,6,11,15.0,29.5,8.5,60.0,120.0,90.0,70.0,160.0,60.0,150.0,295.0,0.3273979011607977,672,0.000704733833767867,0.11425635507747671,0.013310365952596128,0.01598332286307149
533,samples/sample_000533.npz,rectangular_body_000533,32,43,33,48,7,11,11,15,4,7,10,37.0,40.0,8.5,70.0,110.0,90.0,110.0,150.0,40.0,370.0,400.0,0.7074398447219277,660,0.0018672843556382726,0.22569727266790246,0.029862597699999292,0.03230498276550858
534,samples/sample_000534.npz,rectangular_body_000534,26,41,45,59,5,11,15,14,6,5,10,33.0,51.5,7.5,50.0,110.0,80.0,150.0,140.0,60.0,330.0,515.0,0.995476651600552,1260,0.003236944130008795,0.6681087118946465,0.0741547030916117,0.09809689620465617
535,samples/sample_000535.npz,rectangular_body_000535,20,24,14,26,3,9,4,12,6,3,8,21.5,19.5,5.5,30.0,90.0,60.0,40.0,120.0,60.0,215.0,195.0,0.4032354232113307,288,0.0002457167590055885,0.12727134066535245,0.008070090409565318,0.01264395734076785
536,samples/sample_000536.npz,rectangular_body_000536,25,30,40,53,8,14,5,13,6,8,13,27.0,46.0,10.5,80.0,140.0,110.0,50.0,130.0,60.0,270.0,460.0,0.2640367971945088,390,0.0003921359014060975,0.04305698003406065,0.005870144036033395,0.006231161948022865
537,samples/sample_000537.npz,rectangular_body_000537,38,51,10,19,4,9,13,9,5,4,8,44.0,14.0,6.0,40.0,90.0,65.0,130.0,90.0,50.0,440.0,140.0,0.5188715671325614,585,0.0005255146560124639,0.24892712087404006,0.01930186976006379,0.029894620599660877
538,samples/sample_000538.npz,rectangular_body_000538,25,30,34,39,5,10,5,5,5,5,9,27.0,36.0,7.0,50.0,100.0,75.0,50.0,50.0,50.0,270.0,360.0,0.6630566753095939,125,0.0003416971241575563,0.0758901903930466,0.0057323556503111025,0.007577182433544258
539,samples/sample_000539.npz,rectangular_body_000539,28,43,3,18,3,10,15,15,7,3,9,35.0,10.0,6.0,30.0,100.0,65.0,150.0,150.0,70.0,350.0,100.0,0.7898640875162031,1575,0.002417301280349086,0.8137026995202199,0.0756519671560047,0.11431863692152705
540,samples/sample_000540.npz,rectangular_body_000540,52,61,27,33,3,10,9,6,7,3,9,56.0,29.5,6.0,30.0,100.0,65.0,90.0,60.0,70.0,560.0,295.0,0.2631246076980083,378,0.0001759733535222262,0.10771214551610586,0.005698013963269195,0.010374146531108198
541,samples/sample_000541.npz,rectangular_body_000541,40,48,5,17,8,13,8,12,5,8,12,43.5,10.5,10.0,80.0,130.0,105.0,80.0,120.0,50.0,435.0,105.0,0.5434351276615765,480,0.0006094731011414845,0.11376258233382552,0.01316984478532931,0.016869279518073498
542,samples/sample_000542.npz,rectangular_body_000542,22,33,20,31,5,7,11,11,2,5,6,27.0,25.0,5.5,50.0,70.0,60.0,110.0,110.0,20.0,270.0,250.0,0.7388505428755143,242,0.0005756555913569703,0.1555605305711672,0.0129210671134293,0.017912813254184604
543,samples/sample_000543.npz,rectangular_body_000543,4,20,5,14,8,13,16,9,5,8,12,11.5,9.0,10.0,80.0,130.0,105.0,160.0,90.0,50.0,115.0,90.0,0.36409367480358057,720,0.00047125811319082667,0.10446537991318433,0.011448610072921958,0.016449341579297595
544,samples/sample_000544.npz,rectangular_body_000544,9,19,41,54,5,9,10,13,4,5,8,13.5,47.0,6.5,50.0,90.0,70.0,100.0,130.0,40.0,135.0,470.0,0.8338196318994746,520,0.0007192096748609359,0.3103419003117038,0.026030592653831373,0.039969899194168663
545,samples/sample_000545.npz,rectangular_body_000545,33,38,23,32,4,7,5,9,3,4,6,35.0,27.0,5.0,40.0,70.0,55.0,50.0,90.0,30.0,350.0,270.0,0.5017896004809055,135,0.00022777892270500963,0.08522372650272719,0.005027168195493674,0.00777579155033114
546,samples/sample_000546.npz,rectangular_body_000546,54,60,35,47,2,6,6,12,4,2,5,56.5,40.5,3.5,20.0,60.0,40.0,60.0,120.0,40.0,565.0,405.0,0.8080713821354963,288,0.00023004538190286145,0.36530041227162435,0.01456475118773409,0.03248211810295386
547,samples/sample_000547.npz,rectangular_body_000547,12,26,36,50,4,7,14,14,3,4,6,18.5,42.5,5.0,40.0,70.0,55.0,140.0,140.0,30.0,185.0,425.0,0.8249632485210536,588,0.0009041160903168863,0.37712624904807057,0.03369712641086709,0.0496357461480142
548,samples/sample_000548.npz,rectangular_body_000548,45,50,3,11,5,10,5,8,5,5,9,47.0,6.5,7.0,50.0,100.0,75.0,50.0,80.0,50.0,470.0,65.0,0.20031821571278732,200,5.618722070914473e-05,0.03420302211714672,0.002029218896825605,0.003664628647341254
549,samples/sample_000549.npz,rectangular_body_000549,9,22,47,59,8,15,13,12,7,8,14,15.0,52.5,11.0,80.0,150.0,115.0,130.0,120.0,70.0,150.0,525.0,0.6770994582526503,1092,0.0016481632513938352,0.26636988339669704,0.03405889528771222,0.0431883368586744
550,samples/sample_000550.npz,rectangular_body_000550,2,16,33,38,8,10,14,5,2,8,9,8.5,35.0,8.5,80.0,100.0,90.0,140.0,50.0,20.0,85.0,350.0,0.601535771593086,140,0.00020235313869712795,0.04499325188364703,0.00444895789163582,0.006129943639151653
551,samples/sample_000551.npz,rectangular_body_000551,56,62,32,39,8,14,6,7,6,8,13,58.5,35.0,10.5,80.0,140.0,110.0,60.0,70.0,60.0,585.0,350.0,0.7551066160132327,252,0.0004592847620243647,0.08651874387887783,0.00829969870067494,0.011395542003833982
552,samples/sample_000552.npz,rectangular_body_000552,9,17,28,35,6,12,8,7,6,6,11,12.5,31.0,8.5,60.0,120.0,90.0,80.0,70.0,60.0,125.0,310.0,0.7725030168486076,336,0.0007793046217045436,0.16238674538145462,0.015201598215461258,0.02007722062384159
553,samples/sample_000553.npz,rectangular_body_000553,26,40,49,53,3,6,14,4,3,3,5,32.5,50.5,4.0,30.0,60.0,45.0,140.0,40.0,30.0,325.0,505.0,0.21099612919691194,168,5.949747642165571e-05,0.046844580780514615,0.0024994841577489412,0.004536229156393582
554,samples/sample_000554.npz,rectangular_body_000554,4,20,47,56,6,14,16,9,8,6,13,11.5,51.0,9.5,60.0,140.0,100.0,160.0,90.0,80.0,115.0,510.0,0.35985246336345655,1152,0.0007775014360788025,0.18532491361485862,0.019841331255718905,0.02810768950327057
555,samples/sample_000555.npz,rectangular_body_000555,7,16,31,35,2,7,9,4,5,2,6,11.0,32.5,4.0,20.0,70.0,45.0,90.0,40.0,50.0,110.0,325.0,0.7777255756859138,180,0.00022107670230953088,0.25023120122481296,0.009635261025363866,0.019438416183124252
556,samples/sample_000556.npz,rectangular_body_000556,12,23,39,54,7,9,11,15,2,7,8,17.0,46.0,7.5,70.0,90.0,80.0,110.0,150.0,20.0,170.0,460.0,0.25366871035336036,330,0.00017998544115590528,0.04630679588704488,0.005041644494201043,0.006645684099946078
557,samples/sample_000557.npz,rectangular_body_000557,46,51,38,46,2,6,5,8,4,2,5,48.0,41.5,3.5,20.0,60.0,40.0,50.0,80.0,40.0,480.0,415.0,0.35698655625703624,160,7.403393849203147e-05,0.11580797826061107,0.004164869815608532,0.008515420872892384
558,samples/sample_000558.npz,rectangular_body_000558,44,52,35,45,4,8,8,10,4,4,7,47.5,39.5,5.5,40.0,80.0,60.0,80.0,100.0,40.0,475.0,395.0,0.5268464554764605,320,0.0003294268531053678,0.16974635022144136,0.011425861400389167,0.01801505844957395
559,samples/sample_000559.npz,rectangular_body_000559,35,46,11,23,7,9,11,12,2,7,8,40.0,16.5,7.5,70.0,90.0,80.0,110.0,120.0,20.0,400.0,165.0,0.8055140269916039,264,0.000542544566036981,0.12660772936539091,0.013332040380206522,0.017093685722916068
560,samples/sample_000560.npz,rectangular_body_000560,28,41,5,16,6,8,13,11,2,6,7,34.0,10.0,6.5,60.0,80.0,70.0,130.0,110.0,20.0,340.0,100.0,0.26962295720489227,286,0.00016273520921892203,0.052882164128409986,0.004622713158604635,0.006893380613637702
561,samples/sample_000561.npz,rectangular_body_000561,42,50,47,56,6,8,8,9,2,6,7,45.5,51.0,6.5,60.0,80.0,70.0,80.0,90.0,20.0,455.0,510.0,0.45620509253796976,144,0.00010816683877396929,0.05410644720654845,0.003926201917361412,0.00627549567320671
562,samples/sample_000562.npz,rectangular_body_000562,52,56,49,62,5,8,4,13,3,5,7,53.5,55.0,6.0,50.0,80.0,65.0,40.0,130.0,30.0,535.0,550.0,0.6237369551850175,156,0.00010680454269111899,0.08606047374070633,0.004847555136669131,0.009647484162647362
563,samples/sample_000563.npz,rectangular_body_000563,38,44,6,21,2,5,6,15,3,2,4,40.5,13.0,3.0,20.0,50.0,35.0,60.0,150.0,30.0,405.0,130.0,0.9994605795635301,270,0.000306011612559119,0.40415033108341036,0.019496822072539707,0.03885223512202273
564,samples/sample_000564.npz,rectangular_body_000564,17,28,33,44,7,12,11,11,5,7,11,22.0,38.0,9.0,70.0,120.0,95.0,110.0,110.0,50.0,220.0,380.0,0.9794557452842021,605,0.0022793180384611993,0.2932156243754469,0.03700818768729946,0.04046338575670572
565,samples/sample_000565.npz,rectangular_body_000565,42,54,7,21,8,12,12,14,4,8,11,47.5,13.5,9.5,80.0,120.0,100.0,120.0,140.0,40.0,475.0,135.0,0.3253709882536769,672,0.0004839256686494603,0.09155983841074528,0.011369722963297198,0.014434418107299812
566,samples/sample_000566.npz,rectangular_body_000566,26,40,24,37,8,13,14,13,5,8,12,32.5,30.0,10.0,80.0,130.0,105.0,140.0,130.0,50.0,325.0,300.0,0.8435192348082015,910,0.005548537264209515,0.2980549743473353,0.04781055770811509,0.0444224142727626
567,samples/sample_000567.npz,rectangular_body_000567,41,55,45,50,8,12,14,5,4,8,11,47.5,47.0,9.5,80.0,120.0,100.0,140.0,50.0,40.0,475.0,470.0,0.6456333736629063,280,0.00043024979411279316,0.0838799363300358,0.009792371995658026,0.0122728964349247
568,samples/sample_000568.npz,rectangular_body_000568,12,26,14,24,2,7,14,10,5,2,6,18.5,18.5,4.0,20.0,70.0,45.0,140.0,100.0,50.0,185.0,185.0,0.9255400591414178,700,0.0009536760540509433,0.7152497412058036,0.04652513732123442,0.07981065152717175
569,samples/sample_000569.npz,rectangular_body_000569,27,34,3,8,3,6,7,5,3,3,5,30.0,5.0,4.0,30.0,60.0,45.0,70.0,50.0,30.0,300.0,50.0,0.49903094237844475,105,6.412888162659686e-05,0.09336687531943587,0.0030716783458669726,0.007037630334997081
570,samples/sample_000570.npz,rectangular_body_000570,29,42,35,42,7,9,13,7,2,7,8,35.0,38.0,7.5,70.0,90.0,80.0,130.0,70.0,20.0,350.0,380.0,0.5031015199028817,182,0.00038597906440592075,0.05780114135887392,0.006172195281033802,0.007278973917641881
571,samples/sample_000571.npz,rectangular_body_000571,6,17,43,52,7,14,11,9,7,7,13,11.0,47.0,10.0,70.0,140.0,105.0,110.0,90.0,70.0,110.0,470.0,0.6433157999871895,693,0.0009580146465199354,0.20223581787468606,0.02207338344757607,0.029471934159170893
572,samples/sample_000572.npz,rectangular_body_000572,2,12,33,42,5,8,10,9,3,5,7,6.5,37.0,6.0,50.0,80.0,65.0,100.0,90.0,30.0,65.0,370.0,0.7515427497732228,270,0.00032579654627491094,0.17696007949193193,0.011271033820901454,0.019748121259731896
573,samples/sample_000573.npz,rectangular_body_000573,37,42,36,52,8,14,5,16,6,8,13,39.0,43.5,10.5,80.0,140.0,110.0,50.0,160.0,60.0,390.0,435.0,0.5417249888124629,480,0.0009930410361907703,0.10234838284745931,0.01498552755019479,0.015342529077442286
574,samples/sample_000574.npz,rectangular_body_000574,40,48,14,24,7,10,8,10,3,7,9,43.5,18.5,8.0,70.0,100.0,85.0,80.0,100.0,30.0,435.0,185.0,0.9916066981495095,240,0.0006086073440339729,0.14577155776036954,0.014660363591668562,0.01880902074667077
575,samples/sample_000575.npz,rectangular_body_000575,44,49,43,49,2,8,5,6,6,2,7,46.0,45.5,4.5,20.0,80.0,50.0,50.0,60.0,60.0,460.0,455.0,0.781008167084076,180,0.00020496247462175378,0.25429137134916285,0.009805689046562713,0.018780866812365057
576,samples/sample_000576.npz,rectangular_body_000576,34,46,40,51,3,9,12,11,6,3,8,39.5,45.0,5.5,30.0,90.0,60.0,120.0,110.0,60.0,395.0,450.0,0.6899710355253418,792,0.001175760130486525,0.48516984070045194,0.03779745971942161,0.056432728407957884
577,samples/sample_000577.npz,rectangular_body_000577,14,29,17,28,8,13,15,11,5,8,12,21.0,22.0,10.0,80.0,130.0,105.0,150.0,110.0,50.0,210.0,220.0,0.34220106547226914,825,0.0010273678338247303,0.11147501952022533,0.01657040136965578,0.017090931131293167
578,samples/sample_000578.npz,rectangular_body_000578,46,61,35,42,7,10,15,7,3,7,9,53.0,38.0,8.0,70.0,100.0,85.0,150.0,70.0,30.0,530.0,380.0,0.9498295960006204,315,0.0006721330634978236,0.16633836254853845,0.016591744336152375,0.02288607103449354
579,samples/sample_000579.npz,rectangular_body_000579,38,52,20,30,5,12,14,10,7,5,11,44.5,24.5,8.0,50.0,120.0,85.0,140.0,100.0,70.0,445.0,245.0,0.987291407477463,980,0.002927925316658613,0.5493523167833148,0.06108751347268106,0.07432906499743071
580,samples/sample_000580.npz,rectangular_body_000580,3,8,33,45,2,10,5,12,8,2,9,5.0,38.5,5.5,20.0,100.0,60.0,50.0,120.0,80.0,50.0,385.0,0.48169906707608734,480,0.0003147512458897419,0.26947351695479616,0.012619117558806637,0.02523109232829727
581,samples/sample_000581.npz,rectangular_body_000581,31,45,46,54,6,11,14,8,5,6,10,37.5,49.5,8.0,60.0,110.0,85.0,140.0,80.0,50.0,375.0,495.0,0.5126756274343216,560,0.0007387460931722093,0.1641325365608066,0.017211286420615507,0.022299338589430256
582,samples/sample_000582.npz,rectangular_body_000582,24,29,52,57,3,7,5,5,4,3,6,26.0,54.0,4.5,30.0,70.0,50.0,50.0,50.0,40.0,260.0,540.0,0.7174329205398098,100,0.00010116174456547654,0.12309377081246195,0.004637491285625283,0.009398958465411104
583,samples/sample_000583.npz,rectangular_body_000583,16,31,37,49,5,12,15,12,7,5,11,23.0,42.5,8.0,50.0,120.0,85.0,150.0,120.0,70.0,230.0,425.0,0.810900741530657,1260,0.0031744618522058024,0.5397291645278967,0.0649970823948419,0.0764256816271705
584,samples/sample_000584.npz,rectangular_body_000584,8,12,12,16,5,9,4,4,4,5,8,9.5,13.5,6.5,50.0,90.0,70.0,40.0,40.0,40.0,95.0,135.0,0.44624603982937283,64,3.865631845477231e-05,0.029299744301052547,0.0015725963283184782,0.002893249715641177
585,samples/sample_000585.npz,rectangular_body_000585,42,58,9,14,2,10,16,5,8,2,9,49.5,11.0,5.5,20.0,100.0,60.0,160.0,50.0,80.0,495.0,110.0,0.37629007366688205,640,0.00030097572135716767,0.2374905708481708,0.014238139898558343,0.026116024393746398
586,samples/sample_000586.npz,rectangular_body_000586,4,15,12,21,8,11,11,9,3,8,10,9.0,16.0,9.0,80.0,110.0,95.0,110.0,90.0,30.0,90.0,160.0,0.5132554007789782,297,0.00028373805653330474,0.07650358887166,0.007496101237798843,0.010840945937281219
587,samples/sample_000587.npz,rectangular_body_000587,45,54,51,61,5,7,9,10,2,5,6,49.0,55.5,5.5,50.0,70.0,60.0,90.0,100.0,20.0,490.0,555.0,0.8015129751857422,180,0.00016476757879291764,0.13755098065738333,0.007854560236323483,0.01517552147036856
588,samples/sample_000588.npz,rectangular_body_000588,47,57,33,48,7,10,10,15,3,7,9,51.5,40.0,8.0,70.0,100.0,85.0,100.0,150.0,30.0,515.0,400.0,0.6263653728569858,450,0.0006308617246699661,0.14814216275148556,0.016099428823017587,0.021395332771198056
589,samples/sample_000589.npz,rectangular_body_000589,25,32,36,52,5,11,7,16,6,5,10,28.0,43.5,7.5,50.0,110.0,80.0,70.0,160.0,60.0,280.0,435.0,0.33794747713197887,672,0.0007668227354244544,0.138783388637099,0.014840587506215742,0.018173169533347546
590,samples/sample_000590.npz,rectangular_body_000590,19,31,15,26,8,12,12,11,4,8,11,24.5,20.0,9.5,80.0,120.0,100.0,120.0,110.0,40.0,245.0,200.0,0.5760261258422612,528,0.0011132292195520773,0.13504949414610365,0.01833567711231567,0.019628218645847916
591,samples/sample_000591.npz,rectangular_body_000591,47,62,24,38,2,9,15,14,7,2,8,54.0,30.5,5.0,20.0,90.0,55.0,150.0,140.0,70.0,540.0,305.0,0.4387264829201265,1470,0.001117014848865588,0.5074853496142991,0.0400923490604982,0.06707411015823382
592,samples/sample_000592.npz,rectangular_body_000592,53,59,51,62,2,7,6,11,5,2,6,55.5,56.0,4.0,20.0,70.0,45.0,60.0,110.0,50.0,555.0,560.0,0.8359351119551097,330,0.00020564550408960444,0.41452163350295335,0.014347516681496177,0.03636041767684392
593,samples/sample_000593.npz,rectangular_body_000593,13,26,11,24,7,14,13,13,7,7,13,19.0,17.0,10.0,70.0,140.0,105.0,130.0,130.0,70.0,190.0,170.0,0.7271331040210047,1183,0.0024630431668450506,0.3495153772245919,0.04779059797174236,0.05403843798752682
594,samples/sample_000594.npz,rectangular_body_000594,10,21,37,41,8,16,11,4,8,8,15,15.0,38.5,11.5,80.0,160.0,120.0,110.0,40.0,80.0,150.0,385.0,0.5715414040098381,352,0.0007027360609254119,0.07809511209080729,0.010719320491633063,0.011467927417666274
595,samples/sample_000595.npz,rectangular_body_000595,9,21,18,27,4,10,12,9,6,4,9,14.5,22.0,6.5,40.0,100.0,70.0,120.0,90.0,60.0,145.0,220.0,0.626198776171768,648,0.0008319215626546603,0.3189270039940022,0.025864545790109494,0.038101282987631546
596,samples/sample_000596.npz,rectangular_body_000596,25,36,16,32,8,10,11,16,2,8,9,30.0,23.5,8.5,80.0,100.0,90.0,110.0,160.0,20.0,300.0,235.0,0.7808468299355138,352,0.0013062011363266944,0.12781668758835335,0.017724935249667235,0.01861375458047873
597,samples/sample_000597.npz,rectangular_body_000597,5,9,5,11,6,12,4,6,6,6,11,6.5,7.5,8.5,60.0,120.0,90.0,40.0,60.0,60.0,65.0,75.0,0.41162237939580515,144,7.767212329724902e-05,0.039967343532072264,0.0024109380619757644,0.004559991747486355
598,samples/sample_000598.npz,rectangular_body_000598,41,54,26,40,7,11,13,14,4,7,10,47.0,32.5,8.5,70.0,110.0,90.0,130.0,140.0,40.0,470.0,325.0,0.6831077411176192,728,0.0017283186771550087,0.23554402521006246,0.030287328075479375,0.03486337436758199
599,samples/sample_000599.npz,rectangular_body_000599,12,23,49,60,6,13,11,11,7,6,12,17.0,54.0,9.0,60.0,130.0,95.0,110.0,110.0,70.0,170.0,540.0,0.8641197358352617,847,0.001397182743665536,0.37416488062211484,0.036505920485137934,0.05256199851342358
600,samples/sample_000600.npz,rectangular_body_000600,18,33,41,50,5,13,15,9,8,5,12,25.0,45.0,8.5,50.0,130.0,90.0,150.0,90.0,80.0,250.0,450.0,0.7228532840355799,1080,0.0024589616637495956,0.41734856752928773,0.04833422750155972,0.057208849946300315
601,samples/sample_000601.npz,rectangular_body_000601,8,18,10,18,5,13,10,8,8,5,12,12.5,13.5,8.5,50.0,130.0,90.0,100.0,80.0,80.0,125.0,135.0,0.6294322040203926,640,0.000738596591781847,0.24857887317093563,0.021311579743041265,0.031885259828133054
602,samples/sample_000602.npz,rectangular_body_000602,40,56,50,54,7,9,16,4,2,7,8,47.5,51.5,7.5,70.0,90.0,80.0,160.0,40.0,20.0,475.0,515.0,0.4931487326538526,128,0.00010842149190019396,0.038119825859148984,0.003484822252693289,0.0052068099723404935
603,samples/sample_000603.npz,rectangular_body_000603,22,30,15,26,4,8,8,11,4,4,7,25.5,20.0,5.5,40.0,80.0,60.0,80.0,110.0,40.0,255.0,200.0,0.7050412549954324,352,0.000615726767238415,0.24215768003598084,0.017518095229901713,0.026002416905538173
604,samples/sample_000604.npz,rectangular_body_000604,33,45,26,35,4,12,12,9,8,4,11,38.5,30.0,7.5,40.0,120.0,80.0,120.0,90.0,80.0,385.0,300.0,0.7954423058739879,864,0.0030434766275721247,0.4722563655002532,0.046460574763802304,0.056707049875012905
605,samples/sample_000605.npz,rectangular_body_000605,21,37,47,60,7,12,16,13,5,7,11,28.5,53.0,9.0,70.0,120.0,95.0,160.0,130.0,50.0,285.0,530.0,0.5062161284209181,1040,0.0014192196753984839,0.22446359554824097,0.02830427400122626,0.03506566811948619
606,samples/sample_000606.npz,rectangular_body_000606,35,43,40,48,3,5,8,8,2,3,4,38.5,43.5,3.5,30.0,50.0,40.0,80.0,80.0,20.0,385.0,435.0,0.5822437058773803,128,0.00012622542492889333,0.1249891685846962,0.005649251190103649,0.010540826423079484
607,samples/sample_000607.npz,rectangular_body_000607,7,19,47,62,5,9,12,15,4,5,8,12.5,54.0,6.5,50.0,90.0,70.0,120.0,150.0,40.0,125.0,540.0,0.5163489815578075,720,0.00048800595242686715,0.23732597666599717,0.01933043401733413,0.03289877329774825
608,samples/sample_000608.npz,rectangular_body_000608,18,32,46,59,2,7,14,13,5,2,6,24.5,52.0,4.0,20.0,70.0,45.0,140.0,130.0,50.0,245.0,520.0,0.6054941159424501,910,0.0007482535141463783,0.5364460358372658,0.037212579097273865,0.06569990707981774
609,samples/sample_000609.npz,rectangular_body_000609,2,11,13,20,6,8,9,7,2,6,7,6.0,16.0,6.5,60.0,80.0,70.0,90.0,70.0,20.0,60.0,160.0,0.2647386177022919,126,4.356904854812188e-05,0.028210297765571758,0.0016885413933964912,0.0031130444174207557
610,samples/sample_000610.npz,rectangular_body_000610,43,58,38,43,6,14,15,5,8,6,13,50.0,40.0,9.5,60.0,140.0,100.0,150.0,50.0,80.0,500.0,400.0,0.35138754619669377,600,0.0005687077169003901,0.10241601554443112,0.011649699853763044,0.0143891775762698
611,samples/sample_000611.npz,rectangular_body_000611,19,33,40,51,7,12,14,11,5,7,11,25.5,45.0,9.0,70.0,120.0,95.0,140.0,110.0,50.0,255.0,450.0,0.3918753844894856,770,0.0010152177624967811,0.13994364938532655,0.018288075325715043,0.02041918635917188
612,samples/sample_000612.npz,rectangular_body_000612,33,48,43,56,2,8,15,13,6,2,7,40.0,49.0,4.5,20.0,80.0,50.0,150.0,130.0,60.0,400.0,490.0,0.9286193600795973,1170,0.0017192093390398643,0.9495671422487975,0.07482542050155097,0.12103950022641873
613,samples/sample_000613.npz,rectangular_body_000613,27,37,31,38,4,8,10,7,4,4,7,31.5,34.0,5.5,40.0,80.0,60.0,100.0,70.0,40.0,315.0,340.0,0.9292675186676127,280,0.001190341916695556,0.2710147057795481,0.019067811315302774,0.027386322638630296
614,samples/sample_000614.npz,rectangular_body_000614,3,9,36,51,4,10,6,15,6,4,9,5.5,43.0,6.5,40.0,100.0,70.0,60.0,150.0,60.0,55.0,430.0,0.25979223244406324,540,0.00019921532983232235,0.1074748378443763,0.007235888990859801,0.012770021234153934
615,samples/sample_000615.npz,rectangular_body_000615,23,32,13,22,2,5,9,9,3,2,4,27.0,17.0,3.0,20.0,50.0,35.0,90.0,90.0,30.0,270.0,170.0,0.3374234791244367,243,0.00012335616959102702,0.14526686662701546,0.006265374274473215,0.012332940364488228
616,samples/sample_000616.npz,rectangular_body_000616,22,38,35,43,4,11,16,8,7,4,10,29.5,38.5,7.0,40.0,110.0,75.0,160.0,80.0,70.0,295.0,385.0,0.8355732509900407,896,0.0031011456362105205,0.495579428676893,0.05139941464033236,0.06283378677225493
617,samples/sample_000617.npz,rectangular_body_000617,35,49,16,30,4,8,14,14,4,4,7,41.5,22.5,5.5,40.0,80.0,60.0,140.0,140.0,40.0,415.0,225.0,0.46718307355550615,784,0.0008753303224737258,0.26530189256428227,0.025675633249895455,0.035190727747284406
618,samples/sample_000618.npz,rectangular_body_000618,33,39,35,50,4,11,6,15,7,4,10,35.5,42.0,7.0,40.0,110.0,75.0,60.0,150.0,70.0,355.0,420.0,0.9109080603625692,630,0.0019118443953459758,0.41042162287013084,0.03865480589372876,0.049687987049994824
619,samples/sample_000619.npz,rectangular_body_000619,6,10,2,14,4,10,4,12,6,4,9,7.5,7.5,6.5,40.0,100.0,70.0,40.0,120.0,60.0,75.0,75.0,0.31911354587067636,288,0.00010011947271024028,0.08068404831609546,0.004216483238824337,0.008720848035657794
620,samples/sample_000620.npz,rectangular_body_000620,18,34,6,12,7,11,16,6,4,7,10,25.5,8.5,8.5,70.0,110.0,90.0,160.0,60.0,40.0,255.0,85.0,0.5263346199807393,384,0.00045238955503422136,0.10323176511854473,0.010726113879877774,0.01469193740220219
621,samples/sample_000621.npz,rectangular_body_000621,13,28,32,48,3,10,15,16,7,3,9,20.0,39.5,6.0,30.0,100.0,65.0,150.0,160.0,70.0,200.0,395.0,0.6572442424867952,1680,0.0027632549868539555,0.6977821385950308,0.07555366259090944,0.09918182184079505
622,samples/sample_000622.npz,rectangular_body_000622,17,27,36,48,8,13,10,12,5,8,12,21.5,41.5,10.0,80.0,130.0,105.0,100.0,120.0,50.0,215.0,415.0,0.7808863344386516,600,0.0016963459977552078,0.19841420379730326,0.027601186986844276,0.029124199084757742
623,samples/sample_000623.npz,rectangular_body_000623,43,58,22,28,2,6,15,6,4,2,5,50.0,24.5,3.5,20.0,60.0,40.0,150.0,60.0,40.0,500.0,245.0,0.4461172108199186,360,0.0002141902120377254,0.21863689450286541,0.011421709379775062,0.02164441868848018
624,samples/sample_000624.npz,rectangular_body_000624,52,60,35,39,7,13,8,4,6,7,12,55.5,36.5,9.5,70.0,130.0,100.0,80.0,40.0,60.0,555.0,365.0,0.3576136168351773,192,0.0001652985554417577,0.03711250106972277,0.0034274939413188195,0.004762563546829595
625,samples/sample_000625.npz,rectangular_body_000625,38,45,3,8,7,15,7,5,8,7,14,41.0,5.0,10.5,70.0,150.0,110.0,70.0,50.0,80.0,410.0,50.0,0.473199334512512,280,0.0002830539827039602,0.06381181500545106,0.005779455177307633,0.00821677798228941
626,samples/sample_000626.npz,rectangular_body_000626,49,55,15,20,4,12,6,5,8,4,11,51.5,17.0,7.5,40.0,120.0,80.0,60.0,50.0,80.0,515.0,170.0,0.7925831669946424,240,0.00033732599820701783,0.16935249156794016,0.010854077684236449,0.017460434688370677
627,samples/sample_000627.npz,rectangular_body_000627,20,33,7,21,6,13,13,14,7,6,12,26.0,13.5,9.0,60.0,130.0,95.0,130.0,140.0,70.0,260.0,135.0,0.6250443963162207,1274,0.002293404241326776,0.3641505865405378,0.04565067427838377,0.05455269330484982
628,samples/sample_000628.npz,rectangular_body_000628,10,15,25,36,2,9,5,11,7,2,8,12.0,30.0,5.0,20.0,90.0,55.0,50.0,110.0,70.0,120.0,300.0,0.7641038552117401,385,0.0005588505870426024,0.3884700627387746,0.01981127371195686,0.03516716345422606
629,samples/sample_000629.npz,rectangular_body_000629,18,25,2,15,5,7,7,13,2,5,6,21.0,8.0,5.5,50.0,70.0,60.0,70.0,130.0,20.0,210.0,80.0,0.6220451831853288,182,0.00015866586494942063,0.10353740827000488,0.006567273152411592,0.011670765713569814
630,samples/sample_000630.npz,rectangular_body_000630,29,33,11,15,2,9,4,4,7,2,8,30.5,12.5,5.0,20.0,90.0,55.0,40.0,40.0,70.0,305.0,125.0,0.3121400030792367,112,6.854003858509948e-05,0.06394639466895283,0.002377332776225708,0.004477462588718054
631,samples/sample_000631.npz,rectangular_body_000631,4,14,3,17,7,10,10,14,3,7,9,8.5,9.5,8.0,70.0,100.0,85.0,100.0,140.0,30.0,85.0,95.0,0.926431996661732,420,0.0005455546620222601,0.2092510524169407,0.017600140779795326,0.02958255576538371
632,samples/sample_000632.npz,rectangular_body_000632,31,42,43,50,4,8,11,7,4,4,7,36.0,46.0,5.5,40.0,80.0,60.0,110.0,70.0,40.0,360.0,460.0,0.7501212138578439,308,0.0005328628044195957,0.23309519295411496,0.016034196472562472,0.024496794036571526
633,samples/sample_000633.npz,rectangular_body_000633,50,58,10,25,4,7,8,15,3,4,6,53.5,17.0,5.0,40.0,70.0,55.0,80.0,150.0,30.0,535.0,170.0,0.4600789339648607,360,0.00020358829978180457,0.15193703020640817,0.010032268284795117,0.018023020882629446
634,samples/sample_000634.npz,rectangular_body_000634,41,54,18,23,3,5,13,5,2,3,4,47.0,20.0,3.5,30.0,50.0,40.0,130.0,50.0,20.0,470.0,200.0,0.31309163991319516,130,5.2520785129414016e-05,0.06137036871930608,0.0029563830770596017,0.005606626403928602
635,samples/sample_000635.npz,rectangular_body_000635,29,40,37,45,4,8,11,8,4,4,7,34.0,40.5,5.5,40.0,80.0,60.0,110.0,80.0,40.0,340.0,405.0,0.7244495665995669,352,0.0007914361596899575,0.24882378643410666,0.01835216874733751,0.02654959266931316
636,samples/sample_000636.npz,rectangular_body_000636,7,18,41,46,6,8,11,5,2,6,7,12.0,43.0,6.5,60.0,80.0,70.0,110.0,50.0,20.0,120.0,430.0,0.3469654351730709,110,6.760292872899667e-05,0.03173569023594447,0.0023181947439151612,0.0036334418112326174
637,samples/sample_000637.npz,rectangular_body_000637,16,21,16,24,3,11,5,8,8,3,10,18.0,19.5,6.5,30.0,110.0,70.0,50.0,80.0,80.0,180.0,195.0,0.917835598934656,320,0.0006226910578951198,0.314365656381255,0.019282237435191966,0.029818130786453526
638,samples/sample_000638.npz,rectangular_body_000638,9,25,50,57,4,6,16,7,2,4,5,16.5,53.0,4.5,40.0,60.0,50.0,160.0,70.0,20.0,165.0,530.0,0.5295323386960036,224,0.00013522785200527224,0.1180723213463897,0.007406238967157643,0.013651457397603574
639,samples/sample_000639.npz,rectangular_body_000639,46,53,40,44,8,13,7,4,5,8,12,49.0,41.5,10.0,80.0,130.0,105.0,70.0,40.0,50.0,490.0,415.0,0.9348656969372713,140,0.000362003513445891,0.06472930884672098,0.007194029491646407,0.008752592042771772
640,samples/sample_000640.npz,rectangular_body_000640,15,27,10,24,3,7,12,14,4,3,6,20.5,16.5,4.5,30.0,70.0,50.0,120.0,140.0,40.0,205.0,165.0,0.8922297771099654,672,0.0009609849053006618,0.5499680531145117,0.0419088215150169,0.0672406772038237
641,samples/sample_000641.npz,rectangular_body_000641,56,61,17,24,5,11,5,7,6,5,10,58.0,20.0,7.5,50.0,110.0,80.0,50.0,70.0,60.0,580.0,200.0,0.2900819621940969,210,9.490410003599434e-05,0.049369984751532064,0.0029654178356864876,0.005201247803204028
642,samples/sample_000642.npz,rectangular_body_000642,55,62,28,37,4,9,7,9,5,4,8,58.0,32.0,6.0,40.0,90.0,65.0,70.0,90.0,50.0,580.0,320.0,0.9611058655144433,315,0.0005122619667584476,0.300104881564382,0.01615249884861727,0.030000977426256837
643,samples/sample_000643.npz,rectangular_body_000643,13,21,31,42,3,11,8,11,8,3,10,16.5,36.0,6.5,30.0,110.0,70.0,80.0,110.0,80.0,165.0,360.0,0.6011652483150601,704,0.0010821374084589823,0.37360611686068973,0.028182085768393112,0.04086933101939133
644,samples/sample_000644.npz,rectangular_body_000644,15,29,8,13,2,9,14,5,7,2,8,21.5,10.0,5.0,20.0,90.0,55.0,140.0,50.0,70.0,215.0,100.0,0.7542157301291621,490,0.0005191354098617643,0.42610318455435847,0.02353217778686479,0.04289806819492726
645,samples/sample_000645.npz,rectangular_body_000645,28,41,31,45,6,11,13,14,5,6,10,34.0,37.5,8.0,60.0,110.0,85.0,130.0,140.0,50.0,340.0,375.0,0.31386083374228946,910,0.0013539492459482593,0.1469948992819845,0.018918593384073246,0.020633644343613627
646,samples/sample_000646.npz,rectangular_body_000646,24,38,25,31,3,10,14,6,7,3,9,30.5,27.5,6.0,30.0,100.0,65.0,140.0,60.0,70.0,305.0,275.0,0.20228533281732855,588,0.0005190368723246301,0.10665148110575769,0.008545096213382885,0.01166145672505942
647,samples/sample_000647.npz,rectangular_body_000647,18,27,30,41,2,5,9,11,3,2,4,22.0,35.0,3.0,20.0,50.0,35.0,90.0,110.0,30.0,220.0,350.0,0.46638670472259736,297,0.0002655836177675017,0.2210483395081369,0.010865560831168759,0.02016983815379618
648,samples/sample_000648.npz,rectangular_body_000648,36,43,25,37,5,13,7,12,8,5,12,39.0,30.5,8.5,50.0,130.0,90.0,70.0,120.0,80.0,390.0,305.0,0.8083479007884711,672,0.0026215012868637637,0.32630525287306755,0.035401145932574825,0.04037498200179516
649,samples/sample_000649.npz,rectangular_body_000649,20,30,53,61,4,6,10,8,2,4,5,24.5,56.5,4.5,40.0,60.0,50.0,100.0,80.0,20.0,245.0,565.0,0.6568491671652941,160,0.00013078576471552256,0.12758236139076343,0.006256710243158721,0.012540384889077655
650,samples/sample_000650.npz,rectangular_body_000650,40,56,9,21,4,9,16,12,5,4,8,47.5,14.5,6.0,40.0,90.0,65.0,160.0,120.0,50.0,475.0,145.0,0.5055519479448038,960,0.0007726342174411286,0.3280068646832676,0.029855629412902394,0.04545384318252342
651,samples/sample_000651.npz,rectangular_body_000651,18,23,42,54,6,8,5,12,2,6,7,20.0,47.5,6.5,60.0,80.0,70.0,50.0,120.0,20.0,200.0,475.0,0.7002715627220188,120,0.00016788743389010378,0.06768226583008846,0.00535798705989534,0.007898566654001342
652,samples/sample_000652.npz,rectangular_body_000652,17,21,38,54,4,6,4,16,2,4,5,18.5,45.5,4.5,40.0,60.0,50.0,40.0,160.0,20.0,185.0,455.0,0.8141227414707517,128,0.00016161002397802797,0.11139724338249235,0.007267005309654356,0.01209562817185762
653,samples/sample_000653.npz,rectangular_body_000653,24,36,14,27,2,4,12,13,2,2,3,29.5,20.0,2.5,20.0,40.0,30.0,120.0,130.0,20.0,295.0,200.0,0.20871106214101243,312,0.00010855529017503533,0.08800799651087689,0.005152398861412475,0.009463532301529133
654,samples/sample_000654.npz,rectangular_body_000654,50,54,37,44,6,13,4,7,7,6,12,51.5,40.0,9.0,60.0,130.0,95.0,40.0,70.0,70.0,515.0,400.0,0.9584753659975587,196,0.00045573048648697923,0.11651194422281688,0.01044257905774031,0.014195496694043548
655,samples/sample_000655.npz,rectangular_body_000655,28,37,28,39,4,12,9,11,8,4,11,32.0,33.0,7.5,40.0,120.0,80.0,90.0,110.0,80.0,320.0,330.0,0.321017593127058,792,0.0014942369915134162,0.18034627761901018,0.01740408422907306,0.021035771157067302
656,samples/sample_000656.npz,rectangular_body_000656,18,34,24,28,8,15,16,4,7,8,14,25.5,25.5,11.0,80.0,150.0,115.0,160.0,40.0,70.0,255.0,255.0,0.2069483026886615,448,0.00048254198921621975,0.03467707354650512,0.005475787042344474,0.005118655499267761
657,samples/sample_000657.npz,rectangular_body_000657,26,42,34,48,3,6,16,14,3,3,5,33.5,40.5,4.0,30.0,60.0,45.0,160.0,140.0,30.0,335.0,405.0,0.20415349760142984,672,0.0003507510621250184,0.11592650305082589,0.01037044308656658,0.015230925854409024
658,samples/sample_000658.npz,rectangular_body_000658,2,7,51,58,8,16,5,7,8,8,15,4.0,54.0,11.5,80.0,160.0,120.0,50.0,70.0,80.0,40.0,540.0,0.9701657858238921,280,0.00044201422826842696,0.11094664127726253,0.00923089891745367,0.014767397573415981
659,samples/sample_000659.npz,rectangular_body_000659,3,13,50,61,8,10,10,11,2,8,9,7.5,55.0,8.5,80.0,100.0,90.0,100.0,110.0,20.0,75.0,550.0,0.9585736500126483,220,0.00028958017305607446,0.11150831555358072,0.008763965016142773,0.015200189895625299
660,samples/sample_000660.npz,rectangular_body_000660,38,46,5,21,3,7,8,16,4,3,6,41.5,12.5,4.5,30.0,70.0,50.0,80.0,160.0,40.0,415.0,125.0,0.6302189171032114,512,0.00046354726451401835,0.31703543087434105,0.021531522774431995,0.03691320547716712
661,samples/sample_000661.npz,rectangular_body_000661,9,25,30,41,6,10,16,11,4,6,9,16.5,35.0,7.5,60.0,100.0,80.0,160.0,110.0,40.0,165.0,350.0,0.7233990512589537,704,0.0015292174265283446,0.27811664852313733,0.0322673825325128,0.03958075352735245
662,samples/sample_000662.npz,rectangular_body_000662,49,60,4,10,2,7,11,6,5,2,6,54.0,6.5,4.0,20.0,70.0,45.0,110.0,60.0,50.0,540.0,65.0,0.24603727046787444,330,6.212012895903806e-05,0.12200441283063734,0.0043295399347446075,0.010761361077559612
663,samples/sample_000663.npz,rectangular_body_000663,23,33,24,31,8,11,10,7,3,8,10,27.5,27.0,9.0,80.0,110.0,95.0,100.0,70.0,30.0,275.0,270.0,0.5427535896836335,210,0.0005847076595760815,0.05997873867698071,0.007324588604700593,0.007815251238420272
664,samples/sample_000664.npz,rectangular_body_000664,14,22,35,44,3,11,8,9,8,3,10,17.5,39.0,6.5,30.0,110.0,70.0,80.0,90.0,80.0,175.0,390.0,0.8710281464132474,576,0.001212164934700605,0.4747889962997618,0.03346659245089352,0.04932476718011931
665,samples/sample_000665.npz,rectangular_body_000665,35,41,2,14,5,13,6,12,8,5,12,37.5,7.5,8.5,50.0,130.0,90.0,60.0,120.0,80.0,375.0,75.0,0.6992931562554752,576,0.0008690009018048863,0.24534336469728632,0.020791338469294048,0.03067680230021106
666,samples/sample_000666.npz,rectangular_body_000666,19,26,47,54,3,10,7,7,7,3,9,22.0,50.0,6.0,30.0,100.0,65.0,70.0,70.0,70.0,220.0,500.0,0.8188329405618346,343,0.0005093861895409369,0.31804998444011867,0.01805855094957151,0.030052463883376793
667,samples/sample_000667.npz,rectangular_body_000667,54,60,12,16,6,12,6,4,6,6,11,56.5,13.5,8.5,60.0,120.0,90.0,60.0,40.0,60.0,565.0,135.0,0.776299037995793,144,0.00017125773783243793,0.07537639607533916,0.005147837842175772,0.008780339440265478
668,samples/sample_000668.npz,rectangular_body_000668,12,22,20,35,6,11,10,15,5,6,10,16.5,27.0,8.0,60.0,110.0,85.0,100.0,150.0,50.0,165.0,270.0,0.7135220265984652,750,0.0016224583916945,0.28714385480906485,0.03337484358470755,0.040297428273628505
669,samples/sample_000669.npz,rectangular_body_000669,25,33,7,19,2,8,8,12,6,2,7,28.5,12.5,4.5,20.0,80.0,50.0,80.0,120.0,60.0,285.0,125.0,0.3501105332433234,576,0.0003509092774907054,0.24414845112998074,0.013834791059193573,0.024585125878906332
670,samples/sample_000670.npz,rectangular_body_000670,24,30,26,37,7,14,6,11,7,7,13,26.5,31.0,10.0,70.0,140.0,105.0,60.0,110.0,70.0,265.0,310.0,0.3442004096739167,462,0.0009852185767492527,0.07505045528989857,0.009903349147437466,0.009958770358075844
671,samples/sample_000671.npz,rectangular_body_000671,46,51,50,55,5,10,5,5,5,5,9,48.0,52.0,7.0,50.0,100.0,75.0,50.0,50.0,50.0,480.0,520.0,0.9843161406267344,125,0.0001926465546428703,0.11265996522163571,0.0069475702348282585,0.011723251930014762
672,samples/sample_000672.npz,rectangular_body_000672,34,43,46,55,6,9,9,9,3,6,8,38.0,50.0,7.0,60.0,90.0,75.0,90.0,90.0,30.0,380.0,500.0,0.8588758319039331,243,0.0004679511409986298,0.15451325164115626,0.012923146646326947,0.018542693918971585
673,samples/sample_000673.npz,rectangular_body_000673,22,35,18,25,4,7,13,7,3,4,6,28.0,21.0,5.0,40.0,70.0,55.0,130.0,70.0,30.0,280.0,210.0,0.8073328876283863,273,0.0005782702241018645,0.22557187227440906,0.016012529303100625,0.024090493985074866
674,samples/sample_000674.npz,rectangular_body_000674,6,14,7,13,6,13,8,6,7,6,12,9.5,9.5,9.0,60.0,130.0,95.0,80.0,60.0,70.0,95.0,95.0,0.9180695118826783,336,0.000484754171013464,0.18265042734523074,0.013980199762836558,0.023120751153027384
675,samples/sample_000675.npz,rectangular_body_000675,40,48,47,55,2,9,8,8,7,2,8,43.5,50.5,5.0,20.0,90.0,55.0,80.0,80.0,70.0,435.0,505.0,0.7579770966827317,448,0.0004907954685332452,0.45155940018424356,0.02233693132126812,0.04109973106521488
676,samples/sample_000676.npz,rectangular_body_000676,22,29,46,50,8,15,7,4,7,8,14,25.0,47.5,11.0,80.0,150.0,115.0,70.0,40.0,70.0,250.0,475.0,0.47891897750158297,196,0.0003261111360458996,0.040854977784540475,0.005161469488323864,0.005672611272838188
677,samples/sample_000677.npz,rectangular_body_000677,36,50,8,20,8,10,14,12,2,8,9,42.5,13.5,8.5,80.0,100.0,90.0,140.0,120.0,20.0,425.0,135.0,0.23668703147470993,336,0.00018695661808974763,0.03787003794886655,0.004525644370412956,0.005700233322197735
678,samples/sample_000678.npz,rectangular_body_000678,47,57,18,24,7,14,10,6,7,7,13,51.5,20.5,10.0,70.0,140.0,105.0,100.0,60.0,70.0,515.0,205.0,0.7736526054432986,420,0.0008031131546004258,0.15589684322496894,0.01698186584417205,0.021684004130731308
679,samples/sample_000679.npz,rectangular_body_000679,14,27,46,57,7,9,13,11,2,7,8,20.0,51.0,7.5,70.0,90.0,80.0,130.0,110.0,20.0,200.0,510.0,0.54842092365412,286,0.00031209624476012383,0.0913072453440139,0.009076114204534344,0.01269203000618103
680,samples/sample_000680.npz,rectangular_body_000680,45,55,28,36,5,11,10,8,6,5,10,49.5,31.5,7.5,50.0,110.0,80.0,100.0,80.0,60.0,495.0,315.0,0.3065040468621786,480,0.0004248190783845284,0.10372841506927682,0.009093050847789675,0.012504620005414864
681,samples/sample_000681.npz,rectangular_body_000681,46,61,2,10,2,8,15,8,6,2,7,53.0,5.5,4.5,20.0,80.0,50.0,150.0,80.0,60.0,530.0,55.0,0.476006886510213,720,0.0002859793519589584,0.3651417029934379,0.01725424958370127,0.039511222645793674
682,samples/sample_000682.npz,rectangular_body_000682,52,62,43,54,5,11,10,11,6,5,10,56.5,48.0,7.5,50.0,110.0,80.0,100.0,110.0,60.0,565.0,480.0,0.4276439818335924,660,0.00040871124902622035,0.18548503147751932,0.01370851656143919,0.023369988117038124
683,samples/sample_000683.npz,rectangular_body_000683,12,19,21,34,4,10,7,13,6,4,9,15.0,27.0,6.5,40.0,100.0,70.0,70.0,130.0,60.0,150.0,270.0,0.6719691228375764,546,0.0008866359582217974,0.29497655796911915,0.023997207394925574,0.03438511108278501
684,samples/sample_000684.npz,rectangular_body_000684,48,53,42,52,5,9,5,10,4,5,8,50.0,46.5,6.5,50.0,90.0,70.0,50.0,100.0,40.0,500.0,465.0,0.23200087146750842,200,7.644890848807414e-05,0.040794827924155896,0.00280269434031921,0.0045178087426952585
685,samples/sample_000685.npz,rectangular_body_000685,45,58,10,15,8,16,13,5,8,8,15,51.0,12.0,11.5,80.0,160.0,120.0,130.0,50.0,80.0,510.0,120.0,0.71913712413714,520,0.0008255238874555607,0.13965170551075917,0.016713959825626935,0.02166467540366946
686,samples/sample_000686.npz,rectangular_body_000686,28,41,31,39,7,9,13,8,2,7,8,34.0,34.5,7.5,70.0,90.0,80.0,130.0,80.0,20.0,340.0,345.0,0.5950981252348511,208,0.0006316285706746345,0.07651245041403056,0.008421853221166113,0.009734056213262423
687,samples/sample_000687.npz,rectangular_body_000687,4,17,8,20,2,8,13,12,6,2,7,10.0,13.5,4.5,20.0,80.0,50.0,130.0,120.0,60.0,100.0,135.0,0.5462186085486792,936,0.0005355881556340526,0.5036589981570794,0.03086085000287021,0.05967642717834071
688,samples/sample_000688.npz,rectangular_body_000688,55,62,30,35,4,9,7,5,5,4,8,58.0,32.0,6.0,40.0,90.0,65.0,70.0,50.0,50.0,580.0,320.0,0.7147904412452688,175,0.0002116022026224898,0.13874840639642505,0.006679889748102037,0.012715608607516117
689,samples/sample_000689.npz,rectangular_body_000689,6,11,53,61,8,11,5,8,3,8,10,8.0,56.5,9.0,80.0,110.0,95.0,50.0,80.0,30.0,80.0,565.0,0.5230594024161972,120,8.752041193785929e-05,0.03504528209937964,0.002504839066389207,0.004436347335364071
690,samples/sample_000690.npz,rectangular_body_000690,51,61,5,16,3,11,10,11,8,3,10,55.5,10.0,6.5,30.0,110.0,70.0,100.0,110.0,80.0,555.0,100.0,0.7741724899248938,880,0.0007936610531191541,0.564454117374916,0.033271265749337836,0.0651399118027141
691,samples/sample_000691.npz,rectangular_body_000691,43,59,15,20,4,8,16,5,4,4,7,50.5,17.0,5.5,40.0,80.0,60.0,160.0,50.0,40.0,505.0,170.0,0.48619529018348673,320,0.0002268497291270053,0.1373300937861176,0.009673700746133067,0.01612319868791418
692,samples/sample_000692.npz,rectangular_body_000692,20,35,48,56,4,7,15,8,3,4,6,27.0,51.5,5.0,40.0,70.0,55.0,150.0,80.0,30.0,270.0,515.0,0.443020092264929,360,0.0002765726287642923,0.14630350465603797,0.010527598707808148,0.017206876033607738
693,samples/sample_000693.npz,rectangular_body_000693,5,18,24,37,7,13,13,13,6,7,12,11.0,30.0,9.5,70.0,130.0,100.0,130.0,130.0,60.0,110.0,300.0,0.9747211266214688,1014,0.0029978047142036647,0.42477038468923856,0.05347914451171382,0.06438636970796735
694,samples/sample_000694.npz,rectangular_body_000694,43,51,11,25,8,10,8,14,2,8,9,46.5,17.5,8.5,80.0,100.0,90.0,80.0,140.0,20.0,465.0,175.0,0.8867452844329518,224,0.0004694111802592744,0.10169265540848076,0.011512509915801399,0.014579835900472777
695,samples/sample_000695.npz,rectangular_body_000695,22,33,31,40,8,15,11,9,7,8,14,27.0,35.0,11.0,80.0,150.0,115.0,110.0,90.0,70.0,270.0,350.0,0.7077526270231702,693,0.002971962430929013,0.19152095665840257,0.029365406796001865,0.027277484766979245
696,samples/sample_000696.npz,rectangular_body_000696,47,52,49,60,6,12,5,11,6,6,11,49.0,54.0,8.5,60.0,120.0,90.0,50.0,110.0,60.0,490.0,540.0,0.537379033513,330,0.0002975652001572099,0.10751054973727406,0.008758165960962976,0.013761895098004889
697,samples/sample_000697.npz,rectangular_body_000697,7,19,25,40,2,4,12,15,2,2,3,12.5,32.0,2.5,20.0,40.0,30.0,120.0,150.0,20.0,125.0,320.0,0.6349520843526795,360,0.0002880545681691333,0.28005093748396526,0.017020862954019604,0.03251039405699764
698,samples/sample_000698.npz,rectangular_body_000698,17,32,50,62,3,6,15,12,3,3,5,24.0,55.5,4.0,30.0,60.0,45.0,150.0,120.0,30.0,240.0,555.0,0.5128659833886331,540,0.00032634428599367585,0.2638805897973776,0.017174759542011857,0.032279720537178674
699,samples/sample_000699.npz,rectangular_body_000699,16,32,46,55,3,11,16,9,8,3,10,23.5,50.0,6.5,30.0,110.0,70.0,160.0,90.0,80.0,235.0,500.0,0.948907291181345,1152,0.0022159998259016203,0.7880054549725289,0.06883560621764544,0.10075128959111575
700,samples/sample_000700.npz,rectangular_body_000700,9,23,44,52,8,10,14,8,2,8,9,15.5,47.5,8.5,80.0,100.0,90.0,140.0,80.0,20.0,155.0,475.0,0.22939794559676746,224,0.00011050119337966167,0.026307540195573385,0.0028790518186370406,0.003797757172088915
701,samples/sample_000701.npz,rectangular_body_000701,19,27,49,57,6,9,8,8,3,6,8,22.5,52.5,7.0,60.0,90.0,75.0,80.0,80.0,30.0,225.0,525.0,0.44351486133000595,192,0.00016234324236161723,0.06558257767657044,0.005002334084603212,0.007691724686372537
702,samples/sample_000702.npz,rectangular_body_000702,42,57,42,53,2,10,15,11,8,2,9,49.0,47.0,5.5,20.0,100.0,60.0,150.0,110.0,80.0,490.0,470.0,0.8101595266123609,1320,0.0015842292253574733,0.8875679277316846,0.06765612562744341,0.1111395258527242
703,samples/sample_000703.npz,rectangular_body_000703,45,58,42,47,3,11,13,5,8,3,10,51.0,44.0,6.5,30.0,110.0,70.0,130.0,50.0,80.0,510.0,440.0,0.46856007884381445,520,0.0004182445904643128,0.21820047122653777,0.01474926298332534,0.02388724686373088
704,samples/sample_000704.npz,rectangular_body_000704,52,57,37,42,4,12,5,5,8,4,11,54.0,39.0,7.5,40.0,120.0,80.0,50.0,50.0,80.0,540.0,390.0,0.4904938753776973,200,0.0001933064275421333,0.08974191164841316,0.0055444869383728,0.008941778981331777
705,samples/sample_000705.npz,rectangular_body_000705,4,19,10,16,2,4,15,6,2,2,3,11.0,12.5,2.5,20.0,40.0,30.0,150.0,60.0,20.0,110.0,125.0,0.38898646084360583,180,4.928045723464556e-05,0.11630010036651878,0.004714431463309486,0.010880272424237197
706,samples/sample_000706.npz,rectangular_body_000706,52,58,45,55,4,6,6,10,2,4,5,54.5,49.5,4.5,40.0,60.0,50.0,60.0,100.0,20.0,545.0,495.0,0.9388518453644126,120,0.00011231194498963714,0.1459154985827737,0.006652440863810709,0.013946785613872848
707,samples/sample_000707.npz,rectangular_body_000707,23,33,45,57,6,10,10,12,4,6,9,27.5,50.5,7.5,60.0,100.0,80.0,100.0,120.0,40.0,275.0,505.0,0.7195062785151767,480,0.0008635673980280315,0.2137175467872326,0.02081914470495721,0.02825853699161722
708,samples/sample_000708.npz,rectangular_body_000708,50,54,11,20,6,13,4,9,7,6,12,51.5,15.0,9.0,60.0,130.0,95.0,40.0,90.0,70.0,515.0,150.0,0.7854081604015835,252,0.00038424427748973394,0.11816416677742218,0.010296496869811413,0.01501099863159862
709,samples/sample_000709.npz,rectangular_body_000709,48,60,28,33,8,11,12,5,3,8,10,53.5,30.0,9.0,80.0,110.0,95.0,120.0,50.0,30.0,535.0,300.0,0.9478367850790304,180,0.0004665716294879873,0.08845793118199022,0.00912917888834315,0.01205350657683187
710,samples/sample_000710.npz,rectangular_body_000710,20,36,9,21,8,11,16,12,3,8,10,27.5,14.5,9.0,80.0,110.0,95.0,160.0,120.0,30.0,275.0,145.0,0.9740196351316368,576,0.001757361962830818,0.23958212303507187,0.03270174717917418,0.03718168042848147
711,samples/sample_000711.npz,rectangular_body_000711,26,41,31,40,3,5,15,9,2,3,4,33.0,35.0,3.5,30.0,50.0,40.0,150.0,90.0,20.0,330.0,350.0,0.4169360212155231,270,0.0003394853801823468,0.132334614802714,0.00879902964459541,0.014266532926950397
712,samples/sample_000712.npz,rectangular_body_000712,33,40,47,55,3,11,7,8,8,3,10,36.0,50.5,6.5,30.0,110.0,70.0,70.0,80.0,80.0,360.0,505.0,0.5373812791912248,448,0.000525198968219364,0.2432699304804007,0.015279938066957183,0.024191646130038987
713,samples/sample_000713.npz,rectangular_body_000713,30,38,33,45,2,6,8,12,4,2,5,33.5,38.5,3.5,20.0,60.0,40.0,80.0,120.0,40.0,335.0,385.0,0.6627547295620151,384,0.0006381819535498236,0.36591722001823085,0.01978865063446836,0.03452295458864484
714,samples/sample_000714.npz,rectangular_body_000714,38,51,15,31,2,10,13,16,8,2,9,44.0,22.5,5.5,20.0,100.0,60.0,130.0,160.0,80.0,440.0,225.0,0.3489564831877836,1664,0.0012603394211292253,0.4303351460979386,0.04019089679971245,0.0572729700957401
715,samples/sample_000715.npz,rectangular_body_000715,14,27,30,41,2,8,13,11,6,2,7,20.0,35.0,4.5,20.0,80.0,50.0,130.0,110.0,60.0,200.0,350.0,0.7705257989090761,858,0.001547026546068871,0.6806475465066848,0.04860532710235836,0.07622457195270993
716,samples/sample_000716.npz,rectangular_body_000716,45,55,24,37,8,16,10,13,8,8,15,49.5,30.0,11.5,80.0,160.0,120.0,100.0,130.0,80.0,495.0,300.0,0.7618692041070769,1040,0.0030561051724056483,0.2792102759544355,0.04173598049390162,0.043634650564428765
717,samples/sample_000717.npz,rectangular_body_000717,42,46,26,42,2,7,4,16,5,2,6,43.5,33.5,4.0,20.0,70.0,45.0,40.0,160.0,50.0,435.0,335.0,0.847234221891185,320,0.0005961405396651341,0.34526959676237823,0.02031804548639661,0.03401771999622416
718,samples/sample_000718.npz,rectangular_body_000718,25,34,32,39,3,8,9,7,5,3,7,29.0,35.0,5.0,30.0,80.0,55.0,90.0,70.0,50.0,290.0,350.0,0.9392299566771183,315,0.0010816729675459918,0.3689351933592043,0.022019694537994072,0.0340190342089321
719,samples/sample_000719.npz,rectangular_body_000719,25,36,37,41,2,5,11,4,3,2,4,30.0,38.5,3.0,20.0,50.0,35.0,110.0,40.0,30.0,300.0,385.0,0.991752460632525,132,0.0002997970484234676,0.26161605972744484,0.010372247633473677,0.020085932505013705
720,samples/sample_000720.npz,rectangular_body_000720,34,48,36,48,7,11,14,12,4,7,10,40.5,41.5,8.5,70.0,110.0,90.0,140.0,120.0,40.0,405.0,415.0,0.5598010444066082,672,0.0012514173885503725,0.1816831427080809,0.023533534013631917,0.026372866310987005
721,samples/sample_000721.npz,rectangular_body_000721,45,55,47,55,5,10,10,8,5,5,9,49.5,50.5,7.0,50.0,100.0,75.0,100.0,80.0,50.0,495.0,505.0,0.6377382717180937,400,0.00040193555107273613,0.19353551468074995,0.014397023450317254,0.023292238922739943
722,samples/sample_000722.npz,rectangular_body_000722,6,13,22,27,7,11,7,5,4,7,10,9.0,24.0,8.5,70.0,110.0,90.0,70.0,50.0,40.0,90.0,240.0,0.4754965438980574,140,0.00014561128185115876,0.04207523809360972,0.0035752173796968554,0.005159183527953283
723,samples/sample_000723.npz,rectangular_body_000723,9,19,15,27,6,14,10,12,8,6,13,13.5,20.5,9.5,60.0,140.0,100.0,100.0,120.0,80.0,135.0,205.0,0.27923364948848955,960,0.0006819975358197518,0.12854450836936043,0.014779475849201279,0.018392396379681132
724,samples/sample_000724.npz,rectangular_body_000724,14,28,3,16,6,9,14,13,3,6,8,20.5,9.0,7.0,60.0,90.0,75.0,140.0,130.0,30.0,205.0,90.0,0.514557717565234,546,0.00048607050819906244,0.16483235121265835,0.01555618203534511,0.023330615851476038
725,samples/sample_000725.npz,rectangular_body_000725,41,45,48,52,3,8,4,4,5,3,7,42.5,49.5,5.0,30.0,80.0,55.0,40.0,40.0,50.0,425.0,495.0,0.2932506738427237,80,3.605942460534577e-05,0.037743200140796955,0.0015757408362100267,0.002925336848409449
726,samples/sample_000726.npz,rectangular_body_000726,30,42,41,46,6,13,12,5,7,6,12,35.5,43.0,9.0,60.0,130.0,95.0,120.0,50.0,70.0,355.0,430.0,0.7374766686711276,420,0.0011895321195856678,0.17137560676809382,0.019310219162046265,0.022017696877429202
727,samples/sample_000727.npz,rectangular_body_000727,30,37,44,51,8,14,7,7,6,8,13,33.0,47.0,10.5,80.0,140.0,110.0,70.0,70.0,60.0,330.0,470.0,0.37092334437344743,294,0.0004328056660450563,0.04913552096787485,0.00620610398663776,0.006773776479832911
728,samples/sample_000728.npz,rectangular_body_000728,31,38,46,56,6,10,7,10,4,6,9,34.0,50.5,7.5,60.0,100.0,80.0,70.0,100.0,40.0,340.0,505.0,0.3723096655628615,280,0.00027042772095397464,0.07237954949519776,0.0063240332543611395,0.008807121211540958
729,samples/sample_000729.npz,rectangular_body_000729,13,24,37,42,7,9,11,5,2,7,8,18.0,39.0,7.5,70.0,90.0,80.0,110.0,50.0,20.0,180.0,390.0,0.8498630603219948,110,0.0002589837903131339,0.06401719649428946,0.005992490523667897,0.007784536195483591
730,samples/sample_000730.npz,rectangular_body_000730,40,54,38,51,7,9,14,13,2,7,8,46.5,44.0,7.5,70.0,90.0,80.0,140.0,130.0,20.0,465.0,440.0,0.7111567760805151,364,0.0005843535161131372,0.13996002244433725,0.015775302861674896,0.020343311071830412
731,samples/sample_000731.npz,rectangular_body_000731,7,12,40,49,3,9,5,9,6,3,8,9.0,44.0,5.5,30.0,90.0,60.0,50.0,90.0,60.0,90.0,440.0,0.9690675144746734,270,0.0003562514588558762,0.3182481339762343,0.01573511755022773,0.029558686597515406
732,samples/sample_000732.npz,rectangular_body_000732,8,12,42,56,4,8,4,14,4,4,7,9.5,48.5,5.5,40.0,80.0,60.0,40.0,140.0,40.0,95.0,485.0,0.6181349560285376,224,0.00017018359454566283,0.13321550444403846,0.008031566411941051,0.014789140477437308
733,samples/sample_000733.npz,rectangular_body_000733,48,60,13,22,5,9,12,9,4,5,8,53.5,17.0,6.5,50.0,90.0,70.0,120.0,90.0,40.0,535.0,170.0,0.9284607790371397,432,0.0006023474659476055,0.30390434689689894,0.022577890217875186,0.03737029913068626
734,samples/sample_000734.npz,rectangular_body_000734,16,29,5,9,4,7,13,4,3,4,6,22.0,6.5,5.0,40.0,70.0,55.0,130.0,40.0,30.0,220.0,65.0,0.5679926404981004,156,0.00011183341080398448,0.09706989084076974,0.005142005113339914,0.009936026019689792
735,samples/sample_000735.npz,rectangular_body_000735,31,36,13,24,3,7,5,11,4,3,6,33.0,18.0,4.5,30.0,70.0,50.0,50.0,110.0,40.0,330.0,180.0,0.6874952191887824,220,0.00034563543320256633,0.20327677157019117,0.011019561168390203,0.018571774629238726
736,samples/sample_000736.npz,rectangular_body_000736,6,19,38,53,6,11,13,15,5,6,10,12.0,45.0,8.0,60.0,110.0,85.0,130.0,150.0,50.0,120.0,450.0,0.48824554328422476,975,0.0009434677176826474,0.23938480983086768,0.026436818552046416,0.03599586298362692
737,samples/sample_000737.npz,rectangular_body_000737,37,42,2,18,4,7,5,16,3,4,6,39.0,9.5,5.0,40.0,70.0,55.0,50.0,160.0,30.0,390.0,95.0,0.38759692470780654,240,0.00013918157875844345,0.08934909365941669,0.005761779227389623,0.010067007859604751
738,samples/sample_000738.npz,rectangular_body_000738,55,61,20,27,7,9,6,7,2,7,8,57.5,23.0,7.5,70.0,90.0,80.0,60.0,70.0,20.0,575.0,230.0,0.9922618527609379,84,0.00014242533029346495,0.06116812046871149,0.0041767846095206815,0.0069439279164501475
739,samples/sample_000739.npz,rectangular_body_000739,37,42,44,48,6,11,5,4,5,6,10,39.0,45.5,8.0,60.0,110.0,85.0,50.0,40.0,50.0,390.0,455.0,0.6672243888479821,100,0.00018916580973189363,0.04949523904528796,0.004199000558083817,0.00552758266390446
740,samples/sample_000740.npz,rectangular_body_000740,20,30,17,24,3,9,10,7,6,3,8,24.5,20.0,5.5,30.0,90.0,60.0,100.0,70.0,60.0,245.0,200.0,0.916980882447175,420,0.0009183312223755621,0.42287254850174877,0.027178197969145446,0.04183255190442703
741,samples/sample_000741.npz,rectangular_body_000741,23,29,46,60,4,12,6,14,8,4,11,25.5,52.5,7.5,40.0,120.0,80.0,60.0,140.0,80.0,255.0,525.0,0.8190743671204124,672,0.001205025911060873,0.3800245971813748,0.031839068907535004,0.046785328593541065
742,samples/sample_000742.npz,rectangular_body_000742,7,20,18,25,5,7,13,7,2,5,6,13.0,21.0,5.5,50.0,70.0,60.0,130.0,70.0,20.0,130.0,210.0,0.47952902908173095,182,0.0001453751753656992,0.07981605757048876,0.005636692208163954,0.009094996440074908
743,samples/sample_000743.npz,rectangular_body_000743,17,32,7,14,4,8,15,7,4,4,7,24.0,10.0,5.5,40.0,80.0,60.0,150.0,70.0,40.0,240.0,100.0,0.5860019691360712,420,0.00039913287170777157,0.21502293437019304,0.01535905950301899,0.025349228512994756
744,samples/sample_000744.npz,rectangular_body_000744,23,36,41,53,8,15,13,12,7,8,14,29.0,46.5,11.0,80.0,150.0,115.0,130.0,120.0,70.0,290.0,465.0,0.35602086098161323,1092,0.0015988916481956606,0.1400580590678819,0.02166914992890618,0.021827612685948013
745,samples/sample_000745.npz,rectangular_body_000745,28,36,11,20,6,9,8,9,3,6,8,31.5,15.0,7.0,60.0,90.0,75.0,80.0,90.0,30.0,315.0,150.0,0.7490721204183324,216,0.0004727280194602424,0.12216129908629456,0.010401473175760005,0.014358274527351595
746,samples/sample_000746.npz,rectangular_body_000746,46,51,16,23,2,10,5,7,8,2,9,48.0,19.0,5.5,20.0,100.0,60.0,50.0,70.0,80.0,480.0,190.0,0.7774293857266039,280,0.0003609383007436845,0.317737792574766,0.014462852389902303,0.025697104909190523
747,samples/sample_000747.npz,rectangular_body_000747,46,57,12,22,4,6,11,10,2,4,5,51.0,16.5,4.5,40.0,60.0,50.0,110.0,100.0,20.0,510.0,165.0,0.31583891735888453,220,8.434494894845395e-05,0.07578223920555582,0.004498572761832461,0.008234083274793526
748,samples/sample_000748.npz,rectangular_body_000748,20,32,36,49,8,12,12,13,4,8,11,25.5,42.0,9.5,80.0,120.0,100.0,120.0,130.0,40.0,255.0,420.0,0.948660560729907,624,0.0023362227051683024,0.2532265728581753,0.03601993965438447,0.03748201045899143
749,samples/sample_000749.npz,rectangular_body_000749,7,15,14,21,7,15,8,7,8,7,14,10.5,17.0,10.5,70.0,150.0,110.0,80.0,70.0,80.0,105.0,170.0,0.7338402756415843,448,0.0007403446183608015,0.1520392676553841,0.01605835461922172,0.021285986284650435
750,samples/sample_000750.npz,rectangular_body_000750,25,32,36,46,3,8,7,10,5,3,7,28.0,40.5,5.0,30.0,80.0,55.0,70.0,100.0,50.0,280.0,405.0,0.8242162536378241,350,0.0008033842499853663,0.34455521050011456,0.021129363485360295,0.03300178266776911
751,samples/sample_000751.npz,rectangular_body_000751,12,27,32,38,3,5,15,6,2,3,4,19.0,34.5,3.5,30.0,50.0,40.0,150.0,60.0,20.0,190.0,345.0,0.6287837055814998,180,0.00021753396728194362,0.14904158589103733,0.008574720661885284,0.014914056137923388
752,samples/sample_000752.npz,rectangular_body_000752,33,40,47,57,5,8,7,10,3,5,7,36.0,51.5,6.0,50.0,80.0,65.0,70.0,100.0,30.0,360.0,515.0,0.7938310901719376,210,0.00033152022045070584,0.15329966833687958,0.010541725020685781,0.01678752910930453
753,samples/sample_000753.npz,rectangular_body_000753,13,19,15,24,2,9,6,9,7,2,8,15.5,19.0,5.0,20.0,90.0,55.0,60.0,90.0,70.0,155.0,190.0,0.4427226196891796,378,0.000263453805106813,0.231854324585514,0.011384046191790613,0.02034126843373489
754,samples/sample_000754.npz,rectangular_body_000754,19,34,13,21,6,13,15,8,7,6,12,26.0,16.5,9.0,60.0,130.0,95.0,150.0,80.0,70.0,260.0,165.0,0.5996963368042991,840,0.0016156226664154447,0.2480586835006235,0.030223185796581054,0.03502474648256025
755,samples/sample_000755.npz,rectangular_body_000755,24,31,43,49,5,8,7,6,3,5,7,27.0,45.5,6.0,50.0,80.0,65.0,70.0,60.0,30.0,270.0,455.0,0.7637272287967505,126,0.0002412235754612366,0.09860208506035013,0.006586895047800468,0.00986842454500253
756,samples/sample_000756.npz,rectangular_body_000756,40,49,12,23,5,12,9,11,7,5,11,44.0,17.0,8.0,50.0,120.0,85.0,90.0,110.0,70.0,440.0,170.0,0.3216634995503858,693,0.0005323090849839991,0.14076935279093256,0.013516460065492546,0.017926895713853357
757,samples/sample_000757.npz,rectangular_body_000757,12,20,58,62,7,13,8,4,6,7,12,15.5,59.5,9.5,70.0,130.0,100.0,80.0,40.0,60.0,155.0,595.0,0.9104342261106211,192,0.0002816606971464641,0.09448323482210975,0.007049459892643274,0.011516674183825456
758,samples/sample_000758.npz,rectangular_body_000758,3,10,11,27,2,6,7,16,4,2,5,6.0,18.5,3.5,20.0,60.0,40.0,70.0,160.0,40.0,60.0,185.0,0.7515434845464,448,0.00029679829219139757,0.4224885780449854,0.02022823777119458,0.043981185894809295
759,samples/sample_000759.npz,rectangular_body_000759,29,45,20,34,8,14,16,14,6,8,13,36.5,26.5,10.5,80.0,140.0,110.0,160.0,140.0,60.0,365.0,265.0,0.9940995475069252,1344,0.0073577704844675525,0.4636967212543697,0.08047993691149971,0.0729623149900137
760,samples/sample_000760.npz,rectangular_body_000760,4,18,15,21,8,13,14,6,5,8,12,10.5,17.5,10.0,80.0,130.0,105.0,140.0,60.0,50.0,105.0,175.0,0.33724461685653195,420,0.0003136259191088897,0.06088753020758692,0.007007658165768572,0.009137237835276348
761,samples/sample_000761.npz,rectangular_body_000761,8,15,15,19,5,12,7,4,7,5,11,11.0,16.5,8.0,50.0,120.0,85.0,70.0,40.0,70.0,110.0,165.0,0.9991389798346451,196,0.0003552532409725709,0.14883584676359818,0.01074458440123865,0.016732394952679332
762,samples/sample_000762.npz,rectangular_body_000762,48,56,48,54,7,12,8,6,5,7,11,51.5,50.5,9.0,70.0,120.0,95.0,80.0,60.0,50.0,515.0,505.0,0.5363143664405516,240,0.00023319586029656002,0.07290438410449174,0.006430727553036902,0.009621559345450904
763,samples/sample_000763.npz,rectangular_body_000763,11,24,2,9,7,13,13,7,6,7,12,17.0,5.0,9.5,70.0,130.0,100.0,130.0,70.0,60.0,170.0,50.0,0.2291078440305226,546,0.0002196586442212656,0.0596644950288822,0.0054080237381388205,0.00819871666021125
764,samples/sample_000764.npz,rectangular_body_000764,20,26,46,62,4,12,6,16,8,4,11,22.5,53.5,7.5,40.0,120.0,80.0,60.0,160.0,80.0,225.0,535.0,0.4760820397306571,768,0.0007147096775452898,0.23723860875996208,0.020333454684094882,0.030447588941604396
765,samples/sample_000765.npz,rectangular_body_000765,11,17,49,61,8,14,6,12,6,8,13,13.5,54.5,10.5,80.0,140.0,110.0,60.0,120.0,60.0,135.0,545.0,0.753509776199252,432,0.0006302219378604326,0.13676504623656893,0.014371438682839945,0.020272432094113897
766,samples/sample_000766.npz,rectangular_body_000766,15,28,36,49,8,10,13,13,2,8,9,21.0,42.0,8.5,80.0,100.0,90.0,130.0,130.0,20.0,210.0,420.0,0.8409306219228256,338,0.0008820434994374676,0.13595606388415143,0.017556193331763996,0.019917024196647867
767,samples/sample_000767.npz,rectangular_body_000767,29,38,10,23,6,9,9,13,3,6,8,33.0,16.0,7.0,60.0,90.0,75.0,90.0,130.0,30.0,330.0,160.0,0.5330092011632006,351,0.0005504597064990765,0.1247852144472207,0.012103995515300022,0.015954192493928366
768,samples/sample_000768.npz,rectangular_body_000768,6,18,45,52,6,12,12,7,6,6,11,11.5,48.0,8.5,60.0,120.0,90.0,120.0,70.0,60.0,115.0,480.0,0.39643754851002133,504,0.0003724319472704594,0.11461013333916203,0.010531117568813902,0.015381588501764926
769,samples/sample_000769.npz,rectangular_body_000769,32,44,29,36,7,11,12,7,4,7,10,37.5,32.0,8.5,70.0,110.0,90.0,120.0,70.0,40.0,375.0,320.0,0.31400517967214764,336,0.0005601261293670044,0.058594083189668605,0.0068966258672380105,0.007581068106850803
770,samples/sample_000770.npz,rectangular_body_000770,11,20,30,41,4,12,9,11,8,4,11,15.0,35.0,7.5,40.0,120.0,80.0,90.0,110.0,80.0,150.0,350.0,0.22518270400792872,792,0.0004949059117231264,0.12650665286646262,0.011241239917008553,0.015202324538489197
771,samples/sample_000771.npz,rectangular_body_000771,52,61,8,16,2,6,9,8,4,2,5,56.0,11.5,3.5,20.0,60.0,40.0,90.0,80.0,40.0,560.0,115.0,0.2685217637472205,288,5.8404982489253926e-05,0.12937884809565356,0.004503034342697102,0.011041653501099603
772,samples/sample_000772.npz,rectangular_body_000772,32,44,18,29,3,5,12,11,2,3,4,37.5,23.0,3.5,30.0,50.0,40.0,120.0,110.0,20.0,375.0,230.0,0.2464567914489879,264,0.00013208779515097729,0.07990237810779444,0.00500338969745562,0.008425529550961429
773,samples/sample_000773.npz,rectangular_body_000773,40,47,31,44,7,11,7,13,4,7,10,43.0,37.0,8.5,70.0,110.0,90.0,70.0,130.0,40.0,430.0,370.0,0.3024024095513668,364,0.0003873737978345119,0.059867939123824265,0.006943961816569239,0.00799370418676383
774,samples/sample_000774.npz,rectangular_body_000774,47,52,46,52,5,11,5,6,6,5,10,49.0,48.5,7.5,50.0,110.0,80.0,50.0,60.0,60.0,490.0,485.0,0.9811483314456215,180,0.0003152805821902302,0.14555955092770273,0.010166831914030647,0.015902237440698422
775,samples/sample_000775.npz,rectangular_body_000775,41,57,30,35,6,14,16,5,8,6,13,48.5,32.0,9.5,60.0,140.0,100.0,160.0,50.0,80.0,485.0,320.0,0.32970629012970487,640,0.0007601554166623886,0.09990540778025869,0.012146063994137094,0.014120846626584024
776,samples/sample_000776.npz,rectangular_body_000776,11,24,37,51,4,7,13,14,3,4,6,17.0,43.5,5.0,40.0,70.0,55.0,130.0,140.0,30.0,170.0,435.0,0.5883193049142594,546,0.0005489098221942494,0.2591343152955395,0.021940811780784213,0.03337974721821902
777,samples/sample_000777.npz,rectangular_body_000777,45,51,41,51,8,10,6,10,2,8,9,47.5,45.5,8.5,80.0,100.0,90.0,60.0,100.0,20.0,475.0,455.0,0.5416093625676883,120,0.0001479422693959917,0.03730628705787711,0.0037453983681447634,0.004956053292399886
778,samples/sample_000778.npz,rectangular_body_000778,17,32,43,55,3,8,15,12,5,3,7,24.0,48.5,5.0,30.0,80.0,55.0,150.0,120.0,50.0,240.0,485.0,0.6554467734138336,900,0.0010583826659486405,0.4855645107828884,0.04018000929960322,0.06191086987540483
779,samples/sample_000779.npz,rectangular_body_000779,6,22,34,48,7,14,16,14,7,7,13,13.5,40.5,10.0,70.0,140.0,105.0,160.0,140.0,70.0,135.0,405.0,0.42504932626724656,1568,0.0018930069579915071,0.24927834782238684,0.03599913197443011,0.04069199421789497
780,samples/sample_000780.npz,rectangular_body_000780,28,32,42,47,7,14,4,5,7,7,13,29.5,44.0,10.0,70.0,140.0,105.0,40.0,50.0,70.0,295.0,440.0,0.6748241563187967,140,0.000400953498009329,0.049956985275597166,0.0056619426268857565,0.0062686911443528785
781,samples/sample_000781.npz,rectangular_body_000781,24,31,52,57,8,15,7,5,7,8,14,27.0,54.0,11.0,80.0,150.0,115.0,70.0,50.0,70.0,270.0,540.0,0.9170940521775226,245,0.0006478203452675063,0.09726377541198405,0.011045485135048575,0.013588908913306752
782,samples/sample_000782.npz,rectangular_body_000782,29,45,44,53,7,14,16,9,7,7,13,36.5,48.0,10.0,70.0,140.0,105.0,160.0,90.0,70.0,365.0,480.0,0.6420899454401168,1008,0.002162027846127889,0.26475695527786336,0.03665033251589962,0.04029108296115477
783,samples/sample_000783.npz,rectangular_body_000783,15,31,27,37,5,12,16,10,7,5,11,22.5,31.5,8.0,50.0,120.0,85.0,160.0,100.0,70.0,225.0,315.0,0.29183923663434536,1120,0.0014889360453646278,0.1758234471238742,0.02143120365641926,0.024218703145257203
784,samples/sample_000784.npz,rectangular_body_000784,30,44,4,19,4,8,14,15,4,4,7,36.5,11.0,5.5,40.0,80.0,60.0,140.0,150.0,40.0,365.0,110.0,0.39941817118454487,840,0.0006111513443811812,0.2354830068093262,0.02117837723506951,0.03234454555564699
785,samples/sample_000785.npz,rectangular_body_000785,28,35,21,31,4,7,7,10,3,4,6,31.0,25.5,5.0,40.0,70.0,55.0,70.0,100.0,30.0,310.0,255.0,0.6136927817921671,210,0.00045936797364057406,0.1471929989541407,0.00954802119363762,0.014455490741945855
786,samples/sample_000786.npz,rectangular_body_000786,53,61,12,26,3,9,8,14,6,3,8,56.5,18.5,5.5,30.0,90.0,60.0,80.0,140.0,60.0,565.0,185.0,0.23017956042012902,672,0.00019233471001051718,0.14075384402831118,0.008561374865634025,0.016062917868849426
787,samples/sample_000787.npz,rectangular_body_000787,21,29,18,32,6,13,8,14,7,6,12,24.5,24.5,9.0,60.0,130.0,95.0,80.0,140.0,70.0,245.0,245.0,0.821874410077412,784,0.002671439846940559,0.32452914172238945,0.04068377353199537,0.04418304624507329
788,samples/sample_000788.npz,rectangular_body_000788,12,23,11,25,2,7,11,14,5,2,6,17.0,17.5,4.0,20.0,70.0,45.0,110.0,140.0,50.0,170.0,175.0,0.6434816574962512,770,0.0006717566577196733,0.5255815273932086,0.03493974005966045,0.06054211266476899
789,samples/sample_000789.npz,rectangular_body_000789,23,32,37,48,6,10,9,11,4,6,9,27.0,42.0,7.5,60.0,100.0,80.0,90.0,110.0,40.0,270.0,420.0,0.5656464877128407,396,0.0007718298264620153,0.14606313824291167,0.014802872639753458,0.018203219967322562
790,samples/sample_000790.npz,rectangular_body_000790,44,57,27,43,4,9,13,16,5,4,8,50.0,34.5,6.0,40.0,90.0,65.0,130.0,160.0,50.0,500.0,345.0,0.6139119474717903,1040,0.0014152871721693108,0.41937622369751604,0.041196721982536016,0.058362938813126514
791,samples/sample_000791.npz,rectangular_body_000791,6,19,25,32,7,11,13,7,4,7,10,12.0,28.0,8.5,70.0,110.0,90.0,130.0,70.0,40.0,120.0,280.0,0.2975324681415827,364,0.0002971612847693779,0.05890381602541008,0.006212185868032692,0.008017515687177085
792,samples/sample_000792.npz,rectangular_body_000792,26,33,11,26,4,6,7,15,2,4,5,29.0,18.0,4.5,40.0,60.0,50.0,70.0,150.0,20.0,290.0,180.0,0.8739898589377948,210,0.0004106452817716885,0.19027232737007294,0.013297890361505702,0.020939123306885275
793,samples/sample_000793.npz,rectangular_body_000793,39,45,34,44,6,14,6,10,8,6,13,41.5,38.5,9.5,60.0,140.0,100.0,60.0,100.0,80.0,415.0,385.0,0.37880675544033227,480,0.0006956200021729592,0.0971955323566778,0.01115033336578093,0.012465955072535256
794,samples/sample_000794.npz,rectangular_body_000794,49,58,41,54,5,8,9,13,3,5,7,53.0,47.0,6.0,50.0,80.0,65.0,90.0,130.0,30.0,530.0,470.0,0.7164767838166379,351,0.0003507819675055025,0.20033800766186227,0.014540789310106949,0.024614723684472095
795,samples/sample_000795.npz,rectangular_body_000795,40,56,49,62,2,10,16,13,8,2,9,47.5,55.0,5.5,20.0,100.0,60.0,160.0,130.0,80.0,475.0,550.0,0.7681634194362383,1664,0.0015484565464952023,0.9473035508553304,0.07130580395551736,0.12772034365311352
796,samples/sample_000796.npz,rectangular_body_000796,5,20,4,20,4,7,15,16,3,4,6,12.0,11.5,5.0,40.0,70.0,55.0,150.0,160.0,30.0,120.0,115.0,0.3239403502110828,720,0.00026676564493743774,0.16376411856588713,0.013566414350484892,0.023533023871831885
797,samples/sample_000797.npz,rectangular_body_000797,37,42,17,31,2,7,5,14,5,2,6,39.0,23.5,4.0,20.0,70.0,45.0,50.0,140.0,50.0,390.0,235.0,0.25452309713968735,350,0.00019023165131795054,0.12125771584074678,0.006722940229175236,0.011393056321489415
798,samples/sample_000798.npz,rectangular_body_000798,23,28,37,46,8,15,5,9,7,8,14,25.0,41.0,11.0,80.0,150.0,115.0,50.0,90.0,70.0,250.0,410.0,0.8089863870005485,315,0.001131271359691199,0.10741246947379465,0.014839434058502887,0.014854936136411298
799,samples/sample_000799.npz,rectangular_body_000799,26,41,40,52,5,13,15,12,8,5,12,33.0,45.5,8.5,50.0,130.0,90.0,150.0,120.0,80.0,330.0,455.0,0.20791135295818491,1440,0.0010850230996762628,0.14939165101245983,0.018597460399331685,0.021415388403488972
800,samples/sample_000800.npz,rectangular_body_000800,36,49,22,34,3,6,13,12,3,3,5,42.0,27.5,4.0,30.0,60.0,45.0,130.0,120.0,30.0,420.0,275.0,0.2456081229247923,468,0.0002544647254590696,0.11886707088664705,0.008633980034246156,0.013643440963731601
801,samples/sample_000801.npz,rectangular_body_000801,31,35,38,44,4,6,4,6,2,4,5,32.5,40.5,4.5,40.0,60.0,50.0,40.0,60.0,20.0,325.0,405.0,0.8897893272377273,48,0.0001200777403891971,0.06767767801402896,0.003195110486661244,0.005428526924659797
802,samples/sample_000802.npz,rectangular_body_000802,17,31,17,28,7,15,14,11,8,7,14,23.5,22.0,10.5,70.0,150.0,110.0,140.0,110.0,80.0,235.0,220.0,0.9508857626515719,1232,0.00480630110098252,0.4581223010237626,0.06870760355994991,0.06869584571027382
803,samples/sample_000803.npz,rectangular_body_000803,15,30,33,39,4,7,15,6,3,4,6,22.0,35.5,5.0,40.0,70.0,55.0,150.0,60.0,30.0,220.0,355.0,0.2725273051990533,270,0.00019925069596981137,0.0713581368750615,0.005354902056489554,0.007907595638507191
804,samples/sample_000804.npz,rectangular_body_000804,30,46,36,50,7,14,16,14,7,7,13,37.5,42.5,10.0,70.0,140.0,105.0,160.0,140.0,70.0,375.0,425.0,0.8844410681965011,1568,0.005600230486522572,0.5186974606600983,0.08235459577772292,0.08194060287695192
805,samples/sample_000805.npz,rectangular_body_000805,45,59,33,42,8,15,14,9,7,8,14,51.5,37.0,11.0,80.0,150.0,115.0,140.0,90.0,70.0,515.0,370.0,0.7275265101791379,882,0.0020017025987764865,0.2375553855204412,0.03282806353226875,0.03697380275336233
806,samples/sample_000806.npz,rectangular_body_000806,27,31,25,36,4,6,4,11,2,4,5,28.5,30.0,4.5,40.0,60.0,50.0,40.0,110.0,20.0,285.0,300.0,0.6096422455765143,88,0.000194568589533219,0.07049933110127894,0.004064645133145456,0.006472145109330212
807,samples/sample_000807.npz,rectangular_body_000807,15,30,5,17,3,7,15,12,4,3,6,22.0,10.5,4.5,30.0,70.0,50.0,150.0,120.0,40.0,220.0,105.0,0.433048630005721,720,0.0004224212885796386,0.27562053961290434,0.02022948642339445,0.0347340707870018
808,samples/sample_000808.npz,rectangular_body_000808,45,55,33,41,5,9,10,8,4,5,8,49.5,36.5,6.5,50.0,90.0,70.0,100.0,80.0,40.0,495.0,365.0,0.9234045075940904,320,0.0006656710222438451,0.24248903129980526,0.01888850375692945,0.027915805720632292
809,samples/sample_000809.npz,rectangular_body_000809,24,37,53,59,2,9,13,6,7,2,8,30.0,55.5,5.0,20.0,90.0,55.0,130.0,60.0,70.0,300.0,555.0,0.6467563580665783,546,0.0005601580390646952,0.4089784209096786,0.021593072402715914,0.04079119577241905
810,samples/sample_000810.npz,rectangular_body_000810,29,42,27,37,7,14,13,10,7,7,13,35.0,31.5,10.0,70.0,140.0,105.0,130.0,100.0,70.0,350.0,315.0,0.6298409543044314,910,0.00391247063325342,0.24549887197702353,0.03572687881757442,0.03461410189316712
811,samples/sample_000811.npz,rectangular_body_000811,4,17,48,58,5,7,13,10,2,5,6,10.0,52.5,5.5,50.0,70.0,60.0,130.0,100.0,20.0,100.0,525.0,0.984205069931291,260,0.0002864975623445426,0.21438068453982373,0.01393422296761044,0.026227693715373753
812,samples/sample_000812.npz,rectangular_body_000812,20,27,26,33,2,7,7,7,5,2,6,23.0,29.0,4.0,20.0,70.0,45.0,70.0,70.0,50.0,230.0,290.0,0.6399675614159568,245,0.0003923410401455039,0.2758912605984068,0.011949747400626968,0.02142590058965908
813,samples/sample_000813.npz,rectangular_body_000813,37,41,12,26,4,7,4,14,3,4,6,38.5,18.5,5.0,40.0,70.0,55.0,40.0,140.0,30.0,385.0,185.0,0.36301710657315733,168,0.00012902351623250133,0.06413813482171317,0.004324233624025857,0.0067592344202840465
814,samples/sample_000814.npz,rectangular_body_000814,35,39,32,47,3,8,4,15,5,3,7,36.5,39.0,5.0,30.0,80.0,55.0,40.0,150.0,50.0,365.0,390.0,0.3585183930159592,300,0.0003033043961814331,0.11373964317775151,0.007884877950502424,0.011843973621744231
815,samples/sample_000815.npz,rectangular_body_000815,7,17,37,52,3,10,10,15,7,3,9,11.5,44.0,6.0,30.0,100.0,65.0,100.0,150.0,70.0,115.0,440.0,0.6973370841455098,1050,0.0011661731337751179,0.5635622532327837,0.0448002322095535,0.07151001727058165
816,samples/sample_000816.npz,rectangular_body_000816,31,47,6,19,3,7,16,13,4,3,6,38.5,12.0,4.5,30.0,70.0,50.0,160.0,130.0,40.0,385.0,120.0,0.5395951384955013,832,0.0006906112529988975,0.3682347766156071,0.030112627933780903,0.04873494258809613
817,samples/sample_000817.npz,rectangular_body_000817,55,60,2,10,6,10,5,8,4,6,9,57.0,5.5,7.5,60.0,100.0,80.0,50.0,80.0,40.0,570.0,55.0,0.32174927645924156,160,5.725508023784001e-05,0.038704979167855064,0.0020075387127153396,0.0041815417619438505
818,samples/sample_000818.npz,rectangular_body_000818,17,26,24,39,4,9,9,15,5,4,8,21.0,31.0,6.0,40.0,90.0,65.0,90.0,150.0,50.0,210.0,310.0,0.60578727663395,675,0.0013652044985880505,0.3134521411860044,0.028672481597348476,0.0383942096523501
819,samples/sample_000819.npz,rectangular_body_000819,32,39,28,35,4,11,7,7,7,4,10,35.0,31.0,7.0,40.0,110.0,75.0,70.0,70.0,70.0,350.0,310.0,0.6556601256157557,343,0.0011400567263796053,0.201624411614198,0.015653218544149285,0.020479406854157313
820,samples/sample_000820.npz,rectangular_body_000820,39,43,20,25,4,10,4,5,6,4,9,40.5,22.0,6.5,40.0,100.0,70.0,40.0,50.0,60.0,405.0,220.0,0.20554319402380408,120,6.671045155768877e-05,0.026792297610137458,0.0016856577976608902,0.002470200818635358
821,samples/sample_000821.npz,rectangular_body_000821,26,31,46,58,3,5,5,12,2,3,4,28.0,51.5,3.5,30.0,50.0,40.0,50.0,120.0,20.0,280.0,515.0,0.9633843569407692,120,0.00015993579505341443,0.18244224890705812,0.008124756794686232,0.016136088677585776
822,samples/sample_000822.npz,rectangular_body_000822,41,57,19,26,2,7,16,7,5,2,6,48.5,22.0,4.0,20.0,70.0,45.0,160.0,70.0,50.0,485.0,220.0,0.3964306842011639,560,0.0003189115008078834,0.2560404605113824,0.015619767348047035,0.027529595900841464
823,samples/sample_000823.npz,rectangular_body_000823,50,56,12,24,8,13,6,12,5,8,12,52.5,17.5,10.0,80.0,130.0,105.0,60.0,120.0,50.0,525.0,175.0,0.7523554527281304,360,0.000597198420477927,0.12101980530481998,0.013497252484998615,0.017771779981970624
824,samples/sample_000824.npz,rectangular_body_000824,26,31,9,23,6,13,5,14,7,6,12,28.0,15.5,9.0,60.0,130.0,95.0,50.0,140.0,70.0,280.0,155.0,0.61632496482893,490,0.000992794680897609,0.15929801399651533,0.017956626622308704,0.02145209045674273
825,samples/sample_000825.npz,rectangular_body_000825,45,59,29,35,8,14,14,6,6,8,13,51.5,31.5,10.5,80.0,140.0,110.0,140.0,60.0,60.0,515.0,315.0,0.9665410155168954,504,0.001694213032822051,0.1972058338944755,0.02563092487303312,0.02951104772130467
826,samples/sample_000826.npz,rectangular_body_000826,11,21,8,23,3,10,10,15,7,3,9,15.5,15.0,6.0,30.0,100.0,65.0,100.0,150.0,70.0,155.0,150.0,0.30810055895362,1050,0.0005206883751027538,0.2489955621165112,0.020146494482441785,0.031629574145000915
827,samples/sample_000827.npz,rectangular_body_000827,57,61,23,31,7,10,4,8,3,7,9,58.5,26.5,8.0,70.0,100.0,85.0,40.0,80.0,30.0,585.0,265.0,0.24520678312898925,96,4.427670613809716e-05,0.015914108735305504,0.0011268538336592984,0.0018253997450013181
828,samples/sample_000828.npz,rectangular_body_000828,31,40,32,45,8,13,9,13,5,8,12,35.0,38.0,10.0,80.0,130.0,105.0,90.0,130.0,50.0,350.0,380.0,0.6249895857699019,585,0.0019167255680784135,0.15490478162228655,0.022499329367629224,0.022106250313760085
829,samples/sample_000829.npz,rectangular_body_000829,52,59,33,38,5,8,7,5,3,5,7,55.0,35.0,6.0,50.0,80.0,65.0,70.0,50.0,30.0,550.0,350.0,0.24361318371169294,105,4.542360961938077e-05,0.026919661765627188,0.00150506121237711,0.002645207038947893
830,samples/sample_000830.npz,rectangular_body_000830,40,46,27,36,5,9,6,9,4,5,8,42.5,31.0,6.5,50.0,90.0,70.0,60.0,90.0,40.0,425.0,310.0,0.471146006787809,216,0.0003501541973990034,0.09017706715464611,0.007009612537769608,0.009635158895291785
831,samples/sample_000831.npz,rectangular_body_000831,11,25,4,9,6,9,14,5,3,6,8,17.5,6.0,7.0,60.0,90.0,75.0,140.0,50.0,30.0,175.0,60.0,0.9024406168026535,210,0.0002726874774712898,0.13228982875832745,0.00952039743123789,0.016319869391751
832,samples/sample_000832.npz,rectangular_body_000832,14,19,34,38,5,9,5,4,4,5,8,16.0,35.5,6.5,50.0,90.0,70.0,50.0,40.0,40.0,160.0,355.0,0.20206290796128867,80,4.109833013007345e-05,0.016380901526164858,0.0010727422080595364,0.0016000949489000955
833,samples/sample_000833.npz,rectangular_body_000833,33,41,33,45,6,8,8,12,2,6,7,36.5,38.5,6.5,60.0,80.0,70.0,80.0,120.0,20.0,365.0,385.0,0.4683268118301402,192,0.00031478313916342895,0.06801565229191942,0.006255104787377105,0.008090017676828999
834,samples/sample_000834.npz,rectangular_body_000834,29,44,17,23,5,10,15,6,5,5,9,36.0,19.5,7.0,50.0,100.0,75.0,150.0,60.0,50.0,360.0,195.0,0.4163028699796832,450,0.0005752288779923645,0.1283500275312105,0.012496966769187358,0.016007381534684832
835,samples/sample_000835.npz,rectangular_body_000835,40,53,29,42,7,14,13,13,7,7,13,46.0,35.0,10.0,70.0,140.0,105.0,130.0,130.0,70.0,460.0,350.0,0.6597694970481107,1183,0.002960935050854879,0.3171353065876197,0.04534917886573396,0.048008349386010896
836,samples/sample_000836.npz,rectangular_body_000836,46,58,2,9,4,9,12,7,5,4,8,51.5,5.0,6.0,40.0,90.0,65.0,120.0,70.0,50.0,515.0,50.0,0.9467465359947937,420,0.00042194853965678275,0.3557711717117995,0.018743578284032343,0.038704619414614574
837,samples/sample_000837.npz,rectangular_body_000837,4,10,42,53,5,10,6,11,5,5,9,6.5,47.0,7.0,50.0,100.0,75.0,60.0,110.0,50.0,65.0,470.0,0.28062282284395385,330,0.00013000532709570966,0.07148440938210149,0.004685953691992456,0.008283846855165573
838,samples/sample_000838.npz,rectangular_body_000838,15,21,22,29,5,7,6,7,2,5,6,17.5,25.0,5.5,50.0,70.0,60.0,60.0,70.0,20.0,175.0,250.0,0.8393704937790987,84,0.00015535538339186408,0.07995316455769842,0.004896881807957711,0.00769919849957756
839,samples/sample_000839.npz,rectangular_body_000839,19,32,18,33,8,15,13,15,7,8,14,25.0,25.0,11.0,80.0,150.0,115.0,130.0,150.0,70.0,250.0,250.0,0.2603060565117746,1365,0.0017939126566958322,0.12170246785586017,0.020837318830209693,0.019008951901651177
840,samples/sample_000840.npz,rectangular_body_000840,48,60,30,43,5,7,12,13,2,5,6,53.5,36.0,5.5,50.0,70.0,60.0,120.0,130.0,20.0,535.0,360.0,0.9913513756057273,312,0.0005359978947570283,0.24356652193024075,0.01904216114863573,0.030764577623881156
841,samples/sample_000841.npz,rectangular_body_000841,45,61,9,17,2,6,16,8,4,2,5,52.5,12.5,3.5,20.0,60.0,40.0,160.0,80.0,40.0,525.0,125.0,0.37520529345546594,512,0.0001663113082080369,0.2296146858508828,0.012101673685600028,0.025244552719564307
842,samples/sample_000842.npz,rectangular_body_000842,31,41,15,25,3,5,10,10,2,3,4,35.5,19.5,3.5,30.0,50.0,40.0,100.0,100.0,20.0,355.0,195.0,0.6430621334443736,200,0.00024219305506695184,0.18010720159927088,0.009788768265581484,0.017341058633531366
843,samples/sample_000843.npz,rectangular_body_000843,47,56,41,51,7,10,9,10,3,7,9,51.0,45.5,8.0,70.0,100.0,85.0,90.0,100.0,30.0,510.0,455.0,0.6444002540239926,270,0.0003376056399485097,0.10486572045373528,0.009712731144056632,0.013908483254087715
844,samples/sample_000844.npz,rectangular_body_000844,8,19,41,57,2,4,11,16,2,2,3,13.0,48.5,2.5,20.0,40.0,30.0,110.0,160.0,20.0,130.0,485.0,0.6122217548647133,352,0.00017166036893075302,0.26529770649698725,0.015194445430133841,0.0309083217690642
845,samples/sample_000845.npz,rectangular_body_000845,16,28,7,19,6,13,12,12,7,6,12,21.5,12.5,9.0,60.0,130.0,95.0,120.0,120.0,70.0,215.0,125.0,0.2732774716321024,1008,0.0006701454469627433,0.13434999390922442,0.015288718167143524,0.019470801174553274
846,samples/sample_000846.npz,rectangular_body_000846,50,55,55,60,8,14,5,5,6,8,13,52.0,57.0,10.5,80.0,140.0,110.0,50.0,50.0,60.0,520.0,570.0,0.8000054664784522,150,0.00020162019618087565,0.05647745407882767,0.004761026687136742,0.007520640014266332
847,samples/sample_000847.npz,rectangular_body_000847,2,13,37,52,8,13,11,15,5,8,12,7.0,44.0,10.0,80.0,130.0,105.0,110.0,150.0,50.0,70.0,440.0,0.4341219710943576,825,0.0007382362438598737,0.14141906956474448,0.016374067691329763,0.021992342633899414
848,samples/sample_000848.npz,rectangular_body_000848,10,15,2,7,5,13,5,5,8,5,12,12.0,4.0,8.5,50.0,130.0,90.0,50.0,50.0,80.0,120.0,40.0,0.9327707840459223,200,0.00025540906162359203,0.13586511456993589,0.007679556804297705,0.014294172392618541
849,samples/sample_000849.npz,rectangular_body_000849,4,18,19,32,6,11,14,13,5,6,10,10.5,25.0,8.0,60.0,110.0,85.0,140.0,130.0,50.0,105.0,250.0,0.6497918233281481,910,0.0013520892225020948,0.3043262342944024,0.0332077100209747,0.04445880907877281
850,samples/sample_000850.npz,rectangular_body_000850,40,45,42,48,2,5,5,6,3,2,4,42.0,44.5,3.0,20.0,50.0,35.0,50.0,60.0,30.0,420.0,445.0,0.7408868250907474,90,8.683969278535408e-05,0.16963079609440182,0.005078140339094584,0.010913133919506473
851,samples/sample_000851.npz,rectangular_body_000851,48,52,8,16,2,9,4,8,7,2,8,49.5,11.5,5.0,20.0,90.0,55.0,40.0,80.0,70.0,495.0,115.0,0.6441402151811921,224,0.00016942789412675507,0.2232471599615728,0.008906359658444942,0.018113213187761778
852,samples/sample_000852.npz,rectangular_body_000852,43,52,4,8,6,12,9,4,6,6,11,47.0,5.5,8.5,60.0,120.0,90.0,90.0,40.0,60.0,470.0,55.0,0.4484542584088386,216,0.00015356251102462105,0.06192687725588006,0.004441005751842668,0.007400730873966823
853,samples/sample_000853.npz,rectangular_body_000853,21,35,50,60,6,12,14,10,6,6,11,27.5,54.5,8.5,60.0,120.0,90.0,140.0,100.0,60.0,275.0,545.0,0.9158932679154612,840,0.0018126859541068119,0.3968312207866623,0.04095154371288934,0.05607848642677536
854,samples/sample_000854.npz,rectangular_body_000854,40,52,7,22,5,11,12,15,6,5,10,45.5,14.0,7.5,50.0,110.0,80.0,120.0,150.0,60.0,455.0,140.0,0.8614795680222909,1080,0.0018411410498650204,0.5218195056809056,0.054371504469178066,0.07501810107125838
855,samples/sample_000855.npz,rectangular_body_000855,37,51,33,38,2,7,14,5,5,2,6,43.5,35.0,4.0,20.0,70.0,45.0,140.0,50.0,50.0,435.0,350.0,0.49864983192062406,350,0.0003675209552728302,0.23756248620006995,0.013036496712546662,0.022371120339710306
856,samples/sample_000856.npz,rectangular_body_000856,2,16,40,54,7,13,14,14,6,7,12,8.5,46.5,9.5,70.0,130.0,100.0,140.0,140.0,60.0,85.0,465.0,0.9639892290892973,1176,0.002208770526908473,0.46628128979307076,0.053691517880311526,0.07357536046365032
857,samples/sample_000857.npz,rectangular_body_000857,15,31,42,47,8,14,16,5,6,8,13,22.5,44.0,10.5,80.0,140.0,110.0,160.0,50.0,60.0,225.0,440.0,0.6369491029339129,480,0.0010872769066379241,0.12033912964960025,0.017445434763191152,0.018153671491756496
858,samples/sample_000858.npz,rectangular_body_000858,38,48,55,62,3,9,10,7,6,3,8,42.5,58.0,5.5,30.0,90.0,60.0,100.0,70.0,60.0,425.0,580.0,0.37112925616492903,420,0.00019336283150156518,0.17114901288687376,0.008301547426029985,0.016623921784170416
859,samples/sample_000859.npz,rectangular_body_000859,44,57,56,61,6,13,13,5,7,6,12,50.0,58.0,9.0,60.0,130.0,95.0,130.0,50.0,70.0,500.0,580.0,0.6925826987346471,455,0.00047880155339213696,0.1706059402662233,0.013264901301577956,0.022130050275180935
860,samples/sample_000860.npz,rectangular_body_000860,12,28,20,35,2,5,16,15,3,2,4,19.5,27.0,3.0,20.0,50.0,35.0,160.0,150.0,30.0,195.0,270.0,0.3977659218144628,720,0.00048645044160923055,0.27057210543121,0.022059698869738503,0.03577631155820207
861,samples/sample_000861.npz,rectangular_body_000861,16,20,17,32,3,5,4,15,2,3,4,17.5,24.0,3.5,30.0,50.0,40.0,40.0,150.0,20.0,175.0,240.0,0.8105009507743453,120,0.0001505209935525133,0.1365069725122792,0.007266023942798941,0.013059170524792729
862,samples/sample_000862.npz,rectangular_body_000862,18,24,11,27,3,6,6,16,3,3,5,20.5,18.5,4.0,30.0,60.0,45.0,60.0,160.0,30.0,205.0,185.0,0.4634578840201816,288,0.00021059930858288313,0.1527228095605158,0.009676477202518772,0.016366570804385104
863,samples/sample_000863.npz,rectangular_body_000863,8,15,47,55,7,15,7,8,8,7,14,11.0,50.5,10.5,70.0,150.0,110.0,70.0,80.0,80.0,110.0,505.0,0.30839614963243334,448,0.00027866635403503236,0.0638944566733613,0.006418017352683067,0.008995403882677456
864,samples/sample_000864.npz,rectangular_body_000864,38,52,4,18,8,16,14,14,8,8,15,44.5,10.5,11.5,80.0,160.0,120.0,140.0,140.0,80.0,445.0,105.0,0.33037472608047314,1568,0.0013199895995974903,0.1684180230713062,0.024254867794047247,0.02835756050111499
865,samples/sample_000865.npz,rectangular_body_000865,44,60,50,62,6,13,16,12,7,6,12,51.5,55.5,9.0,60.0,130.0,95.0,160.0,120.0,70.0,515.0,555.0,0.9147554662050614,1344,0.0019454092081617723,0.5473076180808312,0.05380517838061108,0.08356645492767606
866,samples/sample_000866.npz,rectangular_body_000866,17,33,6,20,2,10,16,14,8,2,9,24.5,12.5,5.5,20.0,100.0,60.0,160.0,140.0,80.0,245.0,125.0,0.7315906911879995,1792,0.0023795535080207058,0.9350233416865636,0.08512142917655915,0.12925505073993002
867,samples/sample_000867.npz,rectangular_body_000867,28,42,36,42,8,16,14,6,8,8,15,34.5,38.5,11.5,80.0,160.0,120.0,140.0,60.0,80.0,345.0,385.0,0.5498405164575504,672,0.0021241670258470837,0.13389373817889785,0.021560221425073127,0.01964505557775026
868,samples/sample_000868.npz,rectangular_body_000868,38,54,46,55,3,10,16,9,7,3,9,45.5,50.0,6.0,30.0,100.0,65.0,160.0,90.0,70.0,455.0,500.0,0.7772955884891037,1008,0.0012560283439509348,0.6020284950046212,0.048531871542756046,0.0764237520763478
869,samples/sample_000869.npz,rectangular_body_000869,7,13,25,41,6,8,6,16,2,6,7,9.5,32.5,6.5,60.0,80.0,70.0,60.0,160.0,20.0,95.0,325.0,0.5662102160407441,192,0.00023200295965403265,0.07593830658448063,0.00649365756940443,0.00977536660873638
870,samples/sample_000870.npz,rectangular_body_000870,26,40,16,32,8,14,14,16,6,8,13,32.5,23.5,10.5,80.0,140.0,110.0,140.0,160.0,60.0,325.0,235.0,0.2775814730231587,1344,0.0021116863819186068,0.12947759874572345,0.02235566246551367,0.020447047082120036
871,samples/sample_000871.npz,rectangular_body_000871,40,52,24,37,5,10,12,13,5,5,9,45.5,30.0,7.0,50.0,100.0,75.0,120.0,130.0,50.0,455.0,300.0,0.6668171053906173,780,0.001628122386872103,0.3288807449373843,0.034190269128460335,0.043617633138787776
872,samples/sample_000872.npz,rectangular_body_000872,37,46,26,37,8,16,9,11,8,8,15,41.0,31.0,11.5,80.0,160.0,120.0,90.0,110.0,80.0,410.0,310.0,0.2027574015716418,792,0.0009067796733558763,0.059376670773313156,0.009277431838146472,0.00865906807411992
873,samples/sample_000873.npz,rectangular_body_000873,18,33,20,34,7,13,15,14,6,7,12,25.0,26.5,9.5,70.0,130.0,100.0,150.0,140.0,60.0,250.0,265.0,0.4827610411692571,1260,0.0029243594960517995,0.24540269245307822,0.0378501353311962,0.03721666751992238
874,samples/sample_000874.npz,rectangular_body_000874,27,38,26,42,7,13,11,16,6,7,12,32.0,33.5,9.5,70.0,130.0,100.0,110.0,160.0,60.0,320.0,335.0,0.4233451623135978,1056,0.003112534189162224,0.18705970211515516,0.028348242139144664,0.02737201743255553
875,samples/sample_000875.npz,rectangular_body_000875,21,25,3,16,5,8,4,13,3,5,7,22.5,9.0,6.0,50.0,80.0,65.0,40.0,130.0,30.0,225.0,90.0,0.28759883144777043,156,7.233008620174384e-05,0.03968161494450656,0.0026366840167642925,0.004451659203190134
876,samples/sample_000876.npz,rectangular_body_000876,30,41,10,18,7,11,11,8,4,7,10,35.0,13.5,8.5,70.0,110.0,90.0,110.0,80.0,40.0,350.0,135.0,0.4100880371348381,352,0.0004174753669782781,0.08057792225028529,0.008538474199864638,0.010774909082474523
877,samples/sample_000877.npz,rectangular_body_000877,37,42,8,23,5,13,5,15,8,5,12,39.0,15.0,8.5,50.0,130.0,90.0,50.0,150.0,80.0,390.0,150.0,0.20512106415608786,600,0.0003367173406910604,0.07057606718743266,0.0073310882870765565,0.009291843979746658
878,samples/sample_000878.npz,rectangular_body_000878,49,57,57,62,2,8,8,5,6,2,7,52.5,59.0,4.5,20.0,80.0,50.0,80.0,50.0,60.0,525.0,590.0,0.36062493602872386,240,6.973081636149896e-05,0.14292340611681104,0.004224717990524169,0.010890241779754426
879,samples/sample_000879.npz,rectangular_body_000879,26,40,19,34,2,4,14,15,2,2,3,32.5,26.0,2.5,20.0,40.0,30.0,140.0,150.0,20.0,325.0,260.0,0.8811692009680876,420,0.0008459776872895462,0.41132634617355024,0.02979983975540263,0.05032883835044696
880,samples/sample_000880.npz,rectangular_body_000880,17,28,6,21,6,13,11,15,7,6,12,22.0,13.0,9.0,60.0,130.0,95.0,110.0,150.0,70.0,220.0,130.0,0.5630450748041451,1155,0.0016395685602907354,0.30361928493812956,0.03634092181218369,0.045140799694536674
881,samples/sample_000881.npz,rectangular_body_000881,2,10,9,16,5,13,8,7,8,5,12,5.5,12.0,8.5,50.0,130.0,90.0,80.0,70.0,80.0,55.0,120.0,0.7892529313481693,448,0.0005063439612296327,0.23373102040125457,0.01535507005052296,0.02726029245577403
882,samples/sample_000882.npz,rectangular_body_000882,52,56,11,17,6,8,4,6,2,6,7,53.5,13.5,6.5,60.0,80.0,70.0,40.0,60.0,20.0,535.0,135.0,0.6695469272963848,48,4.356159037025158e-05,0.030553719017616672,0.0017639376885334808,0.0031948207359972784
883,samples/sample_000883.npz,rectangular_body_000883,17,25,22,38,2,10,8,16,8,2,9,20.5,29.5,5.5,20.0,100.0,60.0,80.0,160.0,80.0,205.0,295.0,0.831446686643954,1024,0.002463899452764164,0.7558031295844567,0.06070940087285825,0.08753134705996883
884,samples/sample_000884.npz,rectangular_body_000884,35,44,25,36,7,10,9,11,3,7,9,39.0,30.0,8.0,70.0,100.0,85.0,90.0,110.0,30.0,390.0,300.0,0.8309609271591929,297,0.0011273451095241479,0.14589398490798616,0.01632536235575348,0.018675926854512016
885,samples/sample_000885.npz,rectangular_body_000885,23,30,10,19,6,12,7,9,6,6,11,26.0,14.0,8.5,60.0,120.0,90.0,70.0,90.0,60.0,260.0,140.0,0.7365196202102029,378,0.0007739304733589278,0.17122340201646352,0.01655163463497304,0.021414793825129175
886,samples/sample_000886.npz,rectangular_body_000886,7,13,19,33,3,9,6,14,6,3,8,9.5,25.5,5.5,30.0,90.0,60.0,60.0,140.0,60.0,95.0,255.0,0.847318051094075,504,0.0007048550597095722,0.41224795985618257,0.026596599324497244,0.04543034647596496
887,samples/sample_000887.npz,rectangular_body_000887,32,42,23,34,3,11,10,11,8,3,10,36.5,28.0,6.5,30.0,110.0,70.0,100.0,110.0,80.0,365.0,280.0,0.7836249568452158,880,0.002759209368728294,0.5713459681062475,0.04849555609827983,0.06431368581559575
888,samples/sample_000888.npz,rectangular_body_000888,38,54,48,62,2,10,16,14,8,2,9,45.5,54.5,5.5,20.0,100.0,60.0,160.0,140.0,80.0,455.0,545.0,0.36584377232758636,1792,0.0008525527936131792,0.4675735661553951,0.03767122668692647,0.06478487638337295
889,samples/sample_000889.npz,rectangular_body_000889,39,49,20,32,8,16,10,12,8,8,15,43.5,25.5,11.5,80.0,160.0,120.0,100.0,120.0,80.0,435.0,255.0,0.8802924380629988,960,0.003607577856588926,0.30229303282094616,0.04737310585555715,0.04591935789889213
890,samples/sample_000890.npz,rectangular_body_000890,13,23,23,32,5,12,10,9,7,5,11,17.5,27.0,8.0,50.0,120.0,85.0,100.0,90.0,70.0,175.0,270.0,0.7473973598736983,630,0.0014751240460217682,0.30408604803271305,0.029803033513211452,0.037562205613458854
891,samples/sample_000891.npz,rectangular_body_000891,45,55,34,48,7,14,10,14,7,7,13,49.5,40.5,10.0,70.0,140.0,105.0,100.0,140.0,70.0,495.0,405.0,0.6593654865379621,980,0.0018189783038006088,0.2707892509760213,0.03522933999363523,0.041099166115286544
892,samples/sample_000892.npz,rectangular_body_000892,18,27,32,38,7,11,9,6,4,7,10,22.0,34.5,8.5,70.0,110.0,90.0,90.0,60.0,40.0,220.0,345.0,0.9433901782515008,216,0.000844123674734018,0.1222156282131015,0.013114915798984182,0.015148670474237812
893,samples/sample_000893.npz,rectangular_body_000893,46,54,23,29,3,6,8,6,3,3,5,49.5,25.5,4.0,30.0,60.0,45.0,80.0,60.0,30.0,495.0,255.0,0.20231299872838335,144,4.430558592335017e-05,0.047342490558034835,0.0020668018975633622,0.003945076055098771
894,samples/sample_000894.npz,rectangular_body_000894,21,34,2,17,7,9,13,15,2,7,8,27.0,9.0,7.5,70.0,90.0,80.0,130.0,150.0,20.0,270.0,90.0,0.7883134562367515,390,0.0006681158364885739,0.1623578779013663,0.017018992186042844,0.023688005480489254
895,samples/sample_000895.npz,rectangular_body_000895,27,40,7,21,4,8,13,14,4,4,7,33.0,13.5,5.5,40.0,80.0,60.0,130.0,140.0,40.0,330.0,135.0,0.9542290726522507,728,0.001536621554280658,0.5211867469217792,0.04612045195287623,0.06817962432980683
896,samples/sample_000896.npz,rectangular_body_000896,13,24,8,16,8,14,11,8,6,8,13,18.0,11.5,10.5,80.0,140.0,110.0,110.0,80.0,60.0,180.0,115.0,0.42852718082060753,528,0.0005429866986941768,0.09467108735224233,0.011321445855145176,0.014176405762900992
897,samples/sample_000897.npz,rectangular_body_000897,7,22,45,55,7,12,15,10,5,7,11,14.0,49.5,9.0,70.0,120.0,95.0,150.0,100.0,50.0,140.0,495.0,0.4951626292318766,750,0.0007517022317784297,0.17147795645639463,0.019379435913747498,0.02604877778854562
898,samples/sample_000898.npz,rectangular_body_000898,48,58,17,26,4,6,10,9,2,4,5,52.5,21.0,4.5,40.0,60.0,50.0,100.0,90.0,20.0,525.0,210.0,0.21022787558249265,180,4.9604883585834926e-05,0.044515668051904045,0.0024599092966676455,0.004552150898172993
899,samples/sample_000899.npz,rectangular_body_000899,9,20,18,23,4,10,11,5,6,4,9,14.0,20.0,6.5,40.0,100.0,70.0,110.0,50.0,60.0,140.0,200.0,0.9538208441863378,330,0.0005951328349330285,0.2828530529158796,0.019779726706391366,0.030658438561153783
900,samples/sample_000900.npz,rectangular_body_000900,46,57,19,31,7,10,11,12,3,7,9,51.0,24.5,8.0,70.0,100.0,85.0,110.0,120.0,30.0,510.0,245.0,0.858979847478875,396,0.0008077347688129815,0.1882171401465731,0.019745676006829888,0.02617515090107459
901,samples/sample_000901.npz,rectangular_body_000901,12,22,11,21,7,11,10,10,4,7,10,16.5,15.5,8.5,70.0,110.0,90.0,100.0,100.0,40.0,165.0,155.0,0.967586651571946,400,0.0008557006184597744,0.21210121378657204,0.02203121204205513,0.029206575513344022
902,samples/sample_000902.npz,rectangular_body_000902,4,15,48,61,6,8,11,13,2,6,7,9.0,54.0,6.5,60.0,80.0,70.0,110.0,130.0,20.0,90.0,540.0,0.2392892315964706,286,8.138171836182688e-05,0.046932695987488435,0.0033328596550130786,0.006126383309738914
903,samples/sample_000903.npz,rectangular_body_000903,23,32,7,23,7,11,9,16,4,7,10,27.0,14.5,8.5,70.0,110.0,90.0,90.0,160.0,40.0,270.0,145.0,0.4196551002453636,576,0.0007159027476581706,0.11827651502487302,0.0143306911449138,0.017230257944339206
904,samples/sample_000904.npz,rectangular_body_000904,29,43,38,54,5,12,14,16,7,5,11,35.5,45.5,8.0,50.0,120.0,85.0,140.0,160.0,70.0,355.0,455.0,0.21656058388513985,1568,0.0010973791464652034,0.16604756145422966,0.02131928324937669,0.024810863790098635
905,samples/sample_000905.npz,rectangular_body_000905,56,60,15,31,7,13,4,16,6,7,12,57.5,22.5,9.5,70.0,130.0,100.0,40.0,160.0,60.0,575.0,225.0,0.7059335191206824,384,0.0005525345189958499,0.12440687880365785,0.012463624211897461,0.017653079859280527
906,samples/sample_000906.npz,rectangular_body_000906,35,39,21,30,4,6,4,9,2,4,5,36.5,25.0,4.5,40.0,60.0,50.0,40.0,90.0,20.0,365.0,250.0,0.7479121588528366,72,0.00014538701639826932,0.07679349035652791,0.004039267418317159,0.0066581938441512235
907,samples/sample_000907.npz,rectangular_body_000907,8,18,37,50,7,10,10,13,3,7,9,12.5,43.0,8.0,70.0,100.0,85.0,100.0,130.0,30.0,125.0,430.0,0.9963697880244762,390,0.0008263238317532803,0.21444327011000466,0.02224251028393302,0.030099058086137824
908,samples/sample_000908.npz,rectangular_body_000908,38,54,25,33,5,13,16,8,8,5,12,45.5,28.5,8.5,50.0,130.0,90.0,160.0,80.0,80.0,455.0,285.0,0.6262676339088955,1024,0.002228344023129548,0.33899456094326685,0.03970841528876426,0.04673635175499138
909,samples/sample_000909.npz,rectangular_body_000909,20,35,38,42,6,9,15,4,3,6,8,27.0,39.5,7.0,60.0,90.0,75.0,150.0,40.0,30.0,270.0,395.0,0.570001167730128,180,0.0003713031497512366,0.07030402519377305,0.006989934941894611,0.00866449197318102
910,samples/sample_000910.npz,rectangular_body_000910,5,9,33,42,5,13,4,9,8,5,12,6.5,37.0,8.5,50.0,130.0,90.0,40.0,90.0,80.0,65.0,370.0,0.8212730468249296,288,0.0004942923387711132,0.16029609621311025,0.01199795640078053,0.0184829189819949
911,samples/sample_000911.npz,rectangular_body_000911,47,54,27,40,3,9,7,13,6,3,8,50.0,33.0,5.5,30.0,90.0,60.0,70.0,130.0,60.0,500.0,330.0,0.2951559015605616,546,0.0003440527134746616,0.1581632236197416,0.010745175311147175,0.01714584951799883
912,samples/sample_000912.npz,rectangular_body_000912,2,12,25,30,2,7,10,5,5,2,6,6.5,27.0,4.0,20.0,70.0,45.0,100.0,50.0,50.0,65.0,270.0,0.8485955710020092,250,0.000257581798149982,0.3499408385589536,0.012987271241130027,0.028482390238367253
913,samples/sample_000913.npz,rectangular_body_000913,10,25,16,26,7,12,15,10,5,7,11,17.0,20.5,9.0,70.0,120.0,95.0,150.0,100.0,50.0,170.0,205.0,0.9801120088922544,750,0.0020368401526154904,0.339418997725777,0.042937056282800305,0.050402169433478396
914,samples/sample_000914.npz,rectangular_body_000914,13,24,18,32,7,9,11,14,2,7,8,18.0,24.5,7.5,70.0,90.0,80.0,110.0,140.0,20.0,180.0,245.0,0.3902534153593651,308,0.00034068571430463256,0.06810693193049583,0.007687117066358667,0.009440060533311041
915,samples/sample_000915.npz,rectangular_body_000915,6,19,9,21,8,14,13,12,6,8,13,12.0,14.5,10.5,80.0,140.0,110.0,130.0,120.0,60.0,120.0,145.0,0.5256862449745667,936,0.0010915436482428222,0.18716754013090445,0.023653124252867815,0.03003749495123895
916,samples/sample_000916.npz,rectangular_body_000916,18,23,8,12,5,8,5,4,3,5,7,20.0,9.5,6.0,50.0,80.0,65.0,50.0,40.0,30.0,200.0,95.0,0.5847888789024132,60,5.3362023480764176e-05,0.0392347845642158,0.0020950158551100166,0.003728336400791486
917,samples/sample_000917.npz,rectangular_body_000917,27,38,13,28,8,13,11,15,5,8,12,32.0,20.0,10.0,80.0,130.0,105.0,110.0,150.0,50.0,320.0,200.0,0.7989226403710872,825,0.0031316947833189535,0.2602561208561801,0.039420638614524564,0.03941129641903943
918,samples/sample_000918.npz,rectangular_body_000918,41,45,16,23,5,11,4,7,6,5,10,42.5,19.0,7.5,50.0,110.0,80.0,40.0,70.0,60.0,425.0,190.0,0.20835932236038293,168,8.886549606039511e-05,0.02867116336832841,0.002235563532785846,0.0030828904015732647
919,samples/sample_000919.npz,rectangular_body_000919,40,45,43,49,8,14,5,6,6,8,13,42.0,45.5,10.5,80.0,140.0,110.0,50.0,60.0,60.0,420.0,455.0,0.8502090215597908,180,0.00048795817328039533,0.07111342134762667,0.008590634131001732,0.009700595720603276
920,samples/sample_000920.npz,rectangular_body_000920,31,46,37,51,5,12,15,14,7,5,11,38.0,43.5,8.0,50.0,120.0,85.0,150.0,140.0,70.0,380.0,435.0,0.8124476281943622,1470,0.003837138458109883,0.6003253040540324,0.07592651662169549,0.08778084020758149
921,samples/sample_000921.npz,rectangular_body_000921,32,48,25,35,6,11,16,10,5,6,10,39.5,29.5,8.0,60.0,110.0,85.0,160.0,100.0,50.0,395.0,295.0,0.5938519789169319,800,0.002108860792734564,0.24804304817370845,0.031237136637099927,0.034629490162839956
922,samples/sample_000922.npz,rectangular_body_000922,32,48,4,8,5,11,16,4,6,5,10,39.5,5.5,7.5,50.0,110.0,80.0,160.0,40.0,60.0,395.0,55.0,0.21714173293470315,384,0.0001441136770585641,0.05319662330343448,0.004195059954429774,0.006733531567325938
923,samples/sample_000923.npz,rectangular_body_000923,26,31,45,58,8,11,5,13,3,8,10,28.0,51.0,9.0,80.0,110.0,95.0,50.0,130.0,30.0,280.0,510.0,0.409582839053503,195,0.00022922943286873045,0.040620555401203004,0.004488928185145347,0.005626155130239072
924,samples/sample_000924.npz,rectangular_body_000924,20,28,27,31,4,7,8,4,3,4,6,23.5,28.5,5.0,40.0,70.0,55.0,80.0,40.0,30.0,235.0,285.0,0.85843206219658,96,0.0002432420449763681,0.1087539732809171,0.006066878038522885,0.009622286905426486
925,samples/sample_000925.npz,rectangular_body_000925,12,20,42,53,4,7,8,11,3,4,6,15.5,47.0,5.0,40.0,70.0,55.0,80.0,110.0,30.0,155.0,470.0,0.604486334258421,264,0.0002301944881270257,0.17002385494240102,0.010538738634345004,0.0180800093223457
926,samples/sample_000926.npz,rectangular_body_000926,13,27,4,15,5,9,14,11,4,5,8,19.5,9.0,6.5,50.0,90.0,70.0,140.0,110.0,40.0,195.0,90.0,0.5054183348891013,616,0.0004933056038570079,0.21065966670266953,0.01761986210317849,0.02797736156693295
927,samples/sample_000927.npz,rectangular_body_000927,29,34,43,52,6,9,5,9,3,6,8,31.0,47.0,7.0,60.0,90.0,75.0,50.0,90.0,30.0,310.0,470.0,0.7263964545243506,135,0.00029455192646453345,0.07868559272016452,0.006381302148989145,0.008815814397875717
928,samples/sample_000928.npz,rectangular_body_000928,27,32,50,62,4,10,5,12,6,4,9,29.0,55.5,6.5,40.0,100.0,70.0,50.0,120.0,60.0,290.0,555.0,0.4935792532811751,360,0.0003389154322800712,0.15406064936963126,0.010015037569074303,0.016821698946511376
929,samples/sample_000929.npz,rectangular_body_000929,54,61,18,29,7,14,7,11,7,7,13,57.0,23.0,10.0,70.0,140.0,105.0,70.0,110.0,70.0,570.0,230.0,0.7622384936955864,539,0.0008973630671756816,0.19198600186586418,0.018925635038449913,0.026293055937356247
930,samples/sample_000930.npz,rectangular_body_000930,22,37,16,31,4,7,15,15,3,4,6,29.0,23.0,5.0,40.0,70.0,55.0,150.0,150.0,30.0,290.0,230.0,0.44681484937779214,675,0.0009094033237558391,0.2195081108210815,0.022017066681380926,0.029633796435264564
931,samples/sample_000931.npz,rectangular_body_000931,4,10,19,27,6,10,6,8,4,6,9,6.5,22.5,7.5,60.0,100.0,80.0,60.0,80.0,40.0,65.0,225.0,0.7562544920287844,192,0.00025357382719810406,0.1070202261199984,0.007530352985870759,0.012315842395301525
932,samples/sample_000932.npz,rectangular_body_000932,42,49,27,34,7,15,7,7,8,7,14,45.0,30.0,10.5,70.0,150.0,110.0,70.0,70.0,80.0,450.0,300.0,0.5222350894513712,392,0.0008796901308220421,0.09626830328622175,0.011927254142432727,0.01280940911802523
933,samples/sample_000933.npz,rectangular_body_000933,34,39,15,24,6,14,5,9,8,6,13,36.0,19.0,9.5,60.0,140.0,100.0,50.0,90.0,80.0,360.0,190.0,0.4125926996193302,360,0.0005611832265886568,0.08254051832828374,0.009020745793980373,0.010320423086988979
934,samples/sample_000934.npz,rectangular_body_000934,9,21,27,43,6,9,12,16,3,6,8,14.5,34.5,7.0,60.0,90.0,75.0,120.0,160.0,30.0,145.0,345.0,0.47705718295944505,576,0.000728620377211187,0.15626258768090878,0.017391541283655977,0.022400897235510406
935,samples/sample_000935.npz,rectangular_body_000935,21,35,36,47,6,8,14,11,2,6,7,27.5,41.0,6.5,60.0,80.0,70.0,140.0,110.0,20.0,275.0,410.0,0.6464779450368596,308,0.0006564997460324207,0.13240514253544605,0.013706680735424507,0.017246872343929374
936,samples/sample_000936.npz,rectangular_body_000936,48,57,36,47,4,8,9,11,4,4,7,52.0,41.0,5.5,40.0,80.0,60.0,90.0,110.0,40.0,520.0,410.0,0.908694497549394,396,0.0005727230757300412,0.34184052232693196,0.022716080890763275,0.03807210593620099
937,samples/sample_000937.npz,rectangular_body_000937,42,49,44,49,5,10,7,5,5,5,9,45.0,46.0,7.0,50.0,100.0,75.0,70.0,50.0,50.0,450.0,460.0,0.7449614360689776,175,0.00027053522701702256,0.11446622571810423,0.008203526375741826,0.012161386884169451
938,samples/sample_000938.npz,rectangular_body_000938,11,23,8,23,3,9,12,15,6,3,8,16.5,15.0,5.5,30.0,90.0,60.0,120.0,150.0,60.0,165.0,150.0,0.6060286263389267,1080,0.0010198000044289895,0.5034387059407043,0.04195425501704214,0.06588763641529691
939,samples/sample_000939.npz,rectangular_body_000939,14,27,11,25,2,5,13,14,3,2,4,20.0,17.5,3.0,20.0,50.0,35.0,130.0,140.0,30.0,200.0,175.0,0.5567362327179519,546,0.00037523742655469353,0.3436088922609357,0.0227131251514585,0.040555477788241034
940,samples/sample_000940.npz,rectangular_body_000940,32,40,9,15,6,14,8,6,8,6,13,35.5,11.5,9.5,60.0,140.0,100.0,80.0,60.0,80.0,355.0,115.0,0.80215126990303,384,0.0008804708783365741,0.1711007543913562,0.017017193396294684,0.021872731444725305
941,samples/sample_000941.npz,rectangular_body_000941,26,38,19,35,6,11,12,16,5,6,10,31.5,26.5,8.0,60.0,110.0,85.0,120.0,160.0,50.0,315.0,265.0,0.6132266000738589,960,0.003233189097844088,0.2943822367357342,0.039136153226268906,0.04198092812309099
942,samples/sample_000942.npz,rectangular_body_000942,52,60,46,56,7,10,8,10,3,7,9,55.5,50.5,8.0,70.0,100.0,85.0,80.0,100.0,30.0,555.0,505.0,0.7353361859825305,240,0.0002596094158256949,0.10809840207644422,0.008343470489598333,0.014008835916548385
943,samples/sample_000943.npz,rectangular_body_000943,29,45,38,52,5,7,16,14,2,5,6,36.5,44.5,5.5,50.0,70.0,60.0,160.0,140.0,20.0,365.0,445.0,0.9611971023769339,448,0.001056298433137197,0.2881241461803505,0.029949752860656785,0.04020225588263851
944,samples/sample_000944.npz,rectangular_body_000944,38,50,3,16,2,6,12,13,4,2,5,43.5,9.0,3.5,20.0,60.0,40.0,120.0,130.0,40.0,435.0,90.0,0.836431647425957,624,0.0005238969409496188,0.5974744932703371,0.03393237146671548,0.06764186717342224
945,samples/sample_000945.npz,rectangular_body_000945,16,21,17,21,4,12,5,4,8,4,11,18.0,18.5,7.5,40.0,120.0,80.0,50.0,40.0,80.0,180.0,185.0,0.8919004693052588,160,0.00032669478745360643,0.1322819438572403,0.008945975589213322,0.01305172548346787
946,samples/sample_000946.npz,rectangular_body_000946,26,33,39,44,2,4,7,5,2,2,3,29.0,41.0,2.5,20.0,40.0,30.0,70.0,50.0,20.0,290.0,410.0,0.8937473575282957,70,0.00010995324162181817,0.1742772763770736,0.005008853503749886,0.010912085138142357
947,samples/sample_000947.npz,rectangular_body_000947,29,40,11,26,8,16,11,15,8,8,15,34.0,18.0,11.5,80.0,160.0,120.0,110.0,150.0,80.0,340.0,180.0,0.9878608694437623,1320,0.005912128663183408,0.438139461746794,0.07239731375541528,0.06919683874724158
948,samples/sample_000948.npz,rectangular_body_000948,56,60,29,36,5,8,4,7,3,5,7,57.5,32.0,6.0,50.0,80.0,65.0,40.0,70.0,30.0,575.0,320.0,0.25308457216550606,84,3.663340869679745e-05,0.022659373847218698,0.0011601842639554023,0.0021617876957486857
949,samples/sample_000949.npz,rectangular_body_000949,14,29,18,22,4,6,15,4,2,4,5,21.0,19.5,4.5,40.0,60.0,50.0,150.0,40.0,20.0,210.0,195.0,0.6494763144469811,120,0.0001405516141835381,0.08684347062745948,0.005600318931545762,0.009099095346050055
950,samples/sample_000950.npz,rectangular_body_000950,47,58,19,28,6,14,11,9,8,6,13,52.0,23.0,9.5,60.0,140.0,100.0,110.0,90.0,80.0,520.0,230.0,0.31857337168049615,792,0.0006312280069176989,0.12647857808643648,0.013506047955057453,0.017455194809865328
951,samples/sample_000951.npz,rectangular_body_000951,17,29,5,11,6,10,12,6,4,6,9,22.5,7.5,7.5,60.0,100.0,80.0,120.0,60.0,40.0,225.0,75.0,0.9802774650436217,288,0.0005111722236159973,0.1890032563062375,0.015076313046644611,0.023549418343788292
952,samples/sample_000952.npz,rectangular_body_000952,12,28,3,12,2,8,16,9,6,2,7,19.5,7.0,4.5,20.0,80.0,50.0,160.0,90.0,60.0,195.0,70.0,0.6474430164850574,864,0.0006255818201340153,0.551323186513041,0.033143943706248624,0.06411793431788816
953,samples/sample_000953.npz,rectangular_body_000953,13,18,18,30,7,13,5,12,6,7,12,15.0,23.5,9.5,70.0,130.0,100.0,50.0,120.0,60.0,150.0,235.0,0.8934598116187342,360,0.0009404213986614234,0.1602228902110414,0.0184616667536959,0.022008078988932544
954,samples/sample_000954.npz,rectangular_body_000954,26,39,29,42,7,15,13,13,8,7,14,32.0,35.0,10.5,70.0,150.0,110.0,130.0,130.0,80.0,320.0,350.0,0.3597666653564333,1352,0.0033762338489972355,0.18735109282340429,0.029750098019584996,0.027529690244801227
955,samples/sample_000955.npz,rectangular_body_000955,43,55,9,16,8,12,12,7,4,8,11,48.5,12.0,9.5,80.0,120.0,100.0,120.0,70.0,40.0,485.0,120.0,0.7508415264674235,336,0.0005148843587135494,0.11919504016565322,0.01273908998871597,0.017359257484647686
956,samples/sample_000956.npz,rectangular_body_000956,38,47,27,39,2,6,9,12,4,2,5,42.0,32.5,3.5,20.0,60.0,40.0,90.0,120.0,40.0,420.0,325.0,0.8979767628774495,432,0.0008618095344783941,0.5350119536963451,0.02982496681031744,0.0521542216083272
957,samples/sample_000957.npz,rectangular_body_000957,36,44,28,40,2,5,8,12,3,2,4,39.5,33.5,3.0,20.0,50.0,35.0,80.0,120.0,30.0,395.0,335.0,0.2580464566091729,288,0.00016060909377192713,0.11756401071304029,0.005865075052262135,0.010788187580381945
958,samples/sample_000958.npz,rectangular_body_000958,23,31,15,29,4,11,8,14,7,4,10,26.5,21.5,7.0,40.0,110.0,75.0,80.0,140.0,70.0,265.0,215.0,0.256654875664467,784,0.0006596746165582959,0.14182821753160693,0.013569916653825943,0.017381559896380062
959,samples/sample_000959.npz,rectangular_body_000959,39,54,37,53,8,16,15,16,8,8,15,46.0,44.5,11.5,80.0,160.0,120.0,150.0,160.0,80.0,460.0,445.0,0.684178240371618,1920,0.00414942991612782,0.4060855389482786,0.06804966521281879,0.06985804255827008
960,samples/sample_000960.npz,rectangular_body_000960,5,18,17,32,7,9,13,15,2,7,8,11.0,24.0,7.5,70.0,90.0,80.0,130.0,150.0,20.0,110.0,240.0,0.5205721800609728,390,0.0004380180189495931,0.10721496062681071,0.011709948822930598,0.015810194608497426
961,samples/sample_000961.npz,rectangular_body_000961,44,48,38,50,5,11,4,12,6,5,10,45.5,43.5,7.5,50.0,110.0,80.0,40.0,120.0,60.0,455.0,435.0,0.7670377788938159,288,0.000517538742928196,0.15838740624178593,0.013804783951119063,0.018904722761858152
962,samples/sample_000962.npz,rectangular_body_000962,32,48,33,44,4,7,16,11,3,4,6,39.5,38.0,5.0,40.0,70.0,55.0,160.0,110.0,30.0,395.0,380.0,0.5855065272662064,528,0.0008152021145270809,0.24888201666148507,0.022469862878757314,0.03144737956857354
963,samples/sample_000963.npz,rectangular_body_000963,5,15,40,55,2,8,10,15,6,2,7,9.5,47.0,4.5,20.0,80.0,50.0,100.0,150.0,60.0,95.0,470.0,0.26389730262846733,900,0.0002625769108405356,0.23370344767148826,0.014621630603636856,0.027631444851737984
964,samples/sample_000964.npz,rectangular_body_000964,20,25,44,53,7,14,5,9,7,7,13,22.0,48.0,10.0,70.0,140.0,105.0,50.0,90.0,70.0,220.0,480.0,0.6927991957939571,315,0.0006342362973383105,0.10830308441496209,0.012200523550908081,0.014564467007006246
965,samples/sample_000965.npz,rectangular_body_000965,44,53,41,53,4,7,9,12,3,4,6,48.0,46.5,5.0,40.0,70.0,55.0,90.0,120.0,30.0,480.0,465.0,0.9380579850317419,324,0.00043894891919375945,0.3025190636975791,0.020023410215015625,0.03380845241239034
966,samples/sample_000966.npz,rectangular_body_000966,25,35,27,41,2,10,10,14,8,2,9,29.5,33.5,5.5,20.0,100.0,60.0,100.0,140.0,80.0,295.0,335.0,0.9201610442955819,1120,0.004439569125315844,0.9189275724265792,0.075433817819945,0.1055144315481249
967,samples/sample_000967.npz,rectangular_body_000967,29,40,34,47,8,14,11,13,6,8,13,34.0,40.0,10.5,80.0,140.0,110.0,110.0,130.0,60.0,340.0,400.0,0.25938833192273497,858,0.0011565870014218673,0.08621462394506343,0.013339529661633022,0.012767188616397647
968,samples/sample_000968.npz,rectangular_body_000968,10,25,21,30,4,12,15,9,8,4,11,17.0,25.0,7.5,40.0,120.0,80.0,150.0,90.0,80.0,170.0,250.0,0.2219280994774958,1080,0.0006621928720076382,0.15078805454818114,0.01524474172821981,0.019673858400620553
969,samples/sample_000969.npz,rectangular_body_000969,41,45,14,23,7,12,4,9,5,7,11,42.5,18.0,9.0,70.0,120.0,95.0,40.0,90.0,50.0,425.0,180.0,0.8593242347945205,180,0.00043882991855096056,0.08825389050750837,0.009209236863766432,0.011296050271782319
970,samples/sample_000970.npz,rectangular_body_000970,13,28,29,37,3,6,15,8,3,3,5,20.0,32.5,4.0,30.0,60.0,45.0,150.0,80.0,30.0,200.0,325.0,0.7469486838616419,360,0.0006338841968573154,0.2996188733560554,0.020138740138758174,0.03254316845535937
971,samples/sample_000971.npz,rectangular_body_000971,23,38,39,44,7,12,15,5,5,7,11,30.0,41.0,9.0,70.0,120.0,95.0,150.0,50.0,50.0,300.0,410.0,0.9680249985908793,375,0.001657208890191417,0.18068622299420273,0.02293105035255513,0.024637301954502155
972,samples/sample_000972.npz,rectangular_body_000972,49,54,45,57,6,8,5,12,2,6,7,51.0,50.5,6.5,60.0,80.0,70.0,50.0,120.0,20.0,510.0,505.0,0.7231699501718767,120,0.00012363910009680008,0.06989542724966877,0.004884677718015698,0.008274094654723473
973,samples/sample_000973.npz,rectangular_body_000973,56,61,37,51,6,10,5,14,4,6,9,58.0,43.5,7.5,60.0,100.0,80.0,50.0,140.0,40.0,580.0,435.0,0.8402518377497079,280,0.00036354623017160245,0.15205131801651522,0.011322991968982185,0.018891788646831387
974,samples/sample_000974.npz,rectangular_body_000974,35,39,18,32,8,12,4,14,4,8,11,36.5,24.5,9.5,80.0,120.0,100.0,40.0,140.0,40.0,365.0,245.0,0.5005034222154676,224,0.0005232046007452545,0.05232182928015469,0.006990783548656649,0.0072296682297899525
975,samples/sample_000975.npz,rectangular_body_000975,47,62,33,38,4,9,15,5,5,4,8,54.0,35.0,6.0,40.0,90.0,65.0,150.0,50.0,50.0,540.0,350.0,0.2921848938515961,375,0.00020455330908976648,0.09271350774085382,0.006505951370016237,0.010685637527942797
976,samples/sample_000976.npz,rectangular_body_000976,40,52,20,30,3,5,12,10,2,3,4,45.5,24.5,3.5,30.0,50.0,40.0,120.0,100.0,20.0,455.0,245.0,0.23190540291392356,240,8.788121856340486e-05,0.0712092770900637,0.004154014654312568,0.007348018729524908
977,samples/sample_000977.npz,rectangular_body_000977,3,15,37,53,2,5,12,16,3,2,4,8.5,44.5,3.0,20.0,50.0,35.0,120.0,160.0,30.0,85.0,445.0,0.813360580789096,576,0.0004065278268600257,0.506024766053199,0.030645833510831378,0.06191245910076337
978,samples/sample_000978.npz,rectangular_body_000978,21,25,29,37,5,12,4,8,7,5,11,22.5,32.5,8.0,50.0,120.0,85.0,40.0,80.0,70.0,225.0,325.0,0.9785005957691788,224,0.0009419158276056387,0.1623256095190337,0.014475684836063454,0.01788175073255199
979,samples/sample_000979.npz,rectangular_body_000979,5,21,39,53,5,12,16,14,7,5,11,12.5,45.5,8.0,50.0,120.0,85.0,160.0,140.0,70.0,125.0,455.0,0.872079533643006,1568,0.0027183224814749268,0.6686659132591699,0.07609670392145916,0.10297164762931116
980,samples/sample_000980.npz,rectangular_body_000980,10,23,27,43,3,8,13,16,5,3,7,16.0,34.5,5.0,30.0,80.0,55.0,130.0,160.0,50.0,160.0,345.0,0.9036125081850517,1040,0.002054718608114331,0.7201396523937743,0.0655923805893061,0.09580430898962537
981,samples/sample_000981.npz,rectangular_body_000981,6,15,53,61,3,11,9,8,8,3,10,10.0,56.5,6.5,30.0,110.0,70.0,90.0,80.0,80.0,100.0,565.0,0.740783722138481,576,0.000482230478985928,0.40379404913257994,0.02036976371767322,0.04183712701469189
982,samples/sample_000982.npz,rectangular_body_000982,40,46,11,25,4,6,6,14,2,4,5,42.5,17.5,4.5,40.0,60.0,50.0,60.0,140.0,20.0,425.0,175.0,0.37709363389662054,168,0.0001047901851240343,0.0698816197313228,0.004475333069905748,0.007424182688116255
983,samples/sample_000983.npz,rectangular_body_000983,32,47,40,46,3,7,15,6,4,3,6,39.0,42.5,4.5,30.0,70.0,50.0,150.0,60.0,40.0,390.0,425.0,0.8165969443983097,360,0.0006098498020428411,0.32131780346098243,0.021500212585815602,0.03412931430349796
984,samples/sample_000984.npz,rectangular_body_000984,33,40,40,47,8,12,7,7,4,8,11,36.0,43.0,9.5,80.0,120.0,100.0,70.0,70.0,40.0,360.0,430.0,0.7810422627378169,196,0.0006039135604198581,0.07882409622782373,0.00934925806408359,0.010323524473103193
985,samples/sample_000985.npz,rectangular_body_000985,47,58,19,33,3,10,11,14,7,3,9,52.0,25.5,6.0,30.0,100.0,65.0,110.0,140.0,70.0,520.0,255.0,0.6562668182189669,1078,0.001326414647434675,0.546413089474777,0.04415660325502253,0.06867695919507179
986,samples/sample_000986.npz,rectangular_body_000986,49,54,46,57,6,9,5,11,3,6,8,51.0,51.0,7.0,60.0,90.0,75.0,50.0,110.0,30.0,510.0,510.0,0.40078226366392244,165,9.831650846887306e-05,0.05035578329048226,0.003611507342237828,0.006017212386939875
987,samples/sample_000987.npz,rectangular_body_000987,25,29,30,41,8,13,4,11,5,8,12,26.5,35.0,10.0,80.0,130.0,105.0,40.0,110.0,50.0,265.0,350.0,0.41387426790984166,220,0.0005032536852177073,0.04227701751829359,0.005647849294730032,0.005671722520150686
988,samples/sample_000988.npz,rectangular_body_000988,31,43,21,35,6,13,12,14,7,6,12,36.5,27.5,9.0,60.0,130.0,95.0,120.0,140.0,70.0,365.0,275.0,0.9867455222147938,1176,0.005875651523975095,0.5412495213910702,0.07428753523439502,0.07680336800376092
989,samples/sample_000989.npz,rectangular_body_000989,41,46,36,46,3,9,5,10,6,3,8,43.0,40.5,5.5,30.0,90.0,60.0,50.0,100.0,60.0,430.0,405.0,0.7687722808852782,300,0.0005128276699527763,0.2688436744139214,0.016171076955243478,0.02543970097816137
990,samples/sample_000990.npz,rectangular_body_000990,20,31,7,17,8,11,11,10,3,8,10,25.0,11.5,9.0,80.0,110.0,95.0,110.0,100.0,30.0,250.0,115.0,0.9703049627549292,330,0.0008287990616816371,0.15760076367622816,0.017733311518128347,0.02246485395824774
991,samples/sample_000991.npz,rectangular_body_000991,5,13,46,54,8,12,8,8,4,8,11,8.5,49.5,9.5,80.0,120.0,100.0,80.0,80.0,40.0,85.0,495.0,0.4619771002191011,256,0.00021100950252005423,0.058895646092035125,0.00546897951655226,0.0081886696823889
992,samples/sample_000992.npz,rectangular_body_000992,39,46,11,24,2,10,7,13,8,2,9,42.0,17.0,5.5,20.0,100.0,60.0,70.0,130.0,80.0,420.0,170.0,0.6094851097787979,728,0.0008454136032172903,0.46343674356238446,0.030186488713048486,0.04833188302955757
993,samples/sample_000993.npz,rectangular_body_000993,16,32,41,47,7,14,16,6,7,7,13,23.5,43.5,10.0,70.0,140.0,105.0,160.0,60.0,70.0,235.0,435.0,0.9587634215723835,672,0.002320156837001571,0.27356942446014443,0.03786204776842549,0.04017028346671562
994,samples/sample_000994.npz,rectangular_body_000994,2,15,7,22,8,14,13,15,6,8,13,8.0,14.0,10.5,80.0,140.0,110.0,130.0,150.0,60.0,80.0,140.0,0.33611185311229513,1170,0.0007648801511118907,0.1419565029441161,0.017041651214599864,0.02316467091208031
995,samples/sample_000995.npz,rectangular_body_000995,30,46,51,61,3,5,16,10,2,3,4,37.5,55.5,3.5,30.0,50.0,40.0,160.0,100.0,20.0,375.0,555.0,0.9785821094310558,320,0.0003482446618048703,0.33631661738290836,0.02007711254295652,0.0392584995364322
996,samples/sample_000996.npz,rectangular_body_000996,32,47,30,41,2,4,15,11,2,2,3,39.0,35.0,2.5,20.0,40.0,30.0,150.0,110.0,20.0,390.0,350.0,0.5289617898344134,330,0.00032877923857715105,0.22555168739375783,0.013982389890447925,0.0248891920853285
997,samples/sample_000997.npz,rectangular_body_000997,57,62,45,57,6,13,5,12,7,6,12,59.0,50.5,9.0,60.0,130.0,95.0,50.0,120.0,70.0,590.0,505.0,0.2923434147585715,420,0.00017887592931707457,0.06793507173257216,0.004932135823316988,0.008486385349178505
998,samples/sample_000998.npz,rectangular_body_000998,15,26,33,47,8,11,11,14,3,8,10,20.0,39.5,9.0,80.0,110.0,95.0,110.0,140.0,30.0,200.0,395.0,0.35472131183717104,462,0.0005578693781898853,0.07457924497999883,0.010009035347626542,0.010963468723475813
999,samples/sample_000999.npz,rectangular_body_000999,12,22,3,9,8,13,10,6,5,8,12,16.5,5.5,10.0,80.0,130.0,105.0,100.0,60.0,50.0,165.0,55.0,0.5786393448726141,300,0.00031832288453999085,0.08035589370218707,0.007464044286273115,0.011077155439826807
