sample_index,relative_path,body_name,x_start,x_end,y_start,y_end,z_start,z_end,width_x,width_y,thickness_z,top_depth_index,bottom_depth_index,center_x_index,center_y_index,center_z_index,density_contrast,nonzero_density_cells,gravity_minimum_mgal,gravity_maximum_mgal,gravity_mean_mgal,gravity_std_mgal
0,samples/sample_000000.npz,rectangular_body_000000,20,36,49,54,16,19,16,5,3,16,19,28.0,51.5,17.5,0.5823011515635614,240,0.0006225860272885569,0.026178743121173437,0.005880692781439846,0.004884077116407134
1,samples/sample_000001.npz,rectangular_body_000001,46,53,36,45,7,12,7,9,5,7,12,49.5,40.5,9.5,0.5125959519207172,315,0.00041133712850369814,0.097303289016235,0.009496103833327328,0.012389803586336403
2,samples/sample_000002.npz,rectangular_body_000002,50,58,24,40,13,20,8,16,7,13,20,54.0,32.0,16.5,0.5030300855112483,896,0.0019205585087821227,0.09459087341692256,0.018827544152126847,0.017182183641096645
3,samples/sample_000003.npz,rectangular_body_000003,25,32,2,14,10,15,7,12,5,10,15,28.5,8.0,12.5,0.5888399509141371,420,0.0007225531360446721,0.08803670696857352,0.011354845237843324,0.013474753700111988
4,samples/sample_000004.npz,rectangular_body_000004,49,59,18,30,14,16,10,12,2,14,16,54.0,24.0,15.0,0.3684879516949954,240,0.0002894449689121977,0.02185327239094136,0.0038151276648861073,0.003849935194810626
5,samples/sample_000005.npz,rectangular_body_000005,51,59,45,52,16,20,8,7,4,16,20,55.0,48.5,18.0,0.6378219029684873,224,0.00041990127865462886,0.0270079304358051,0.004997422399365452,0.005055336732010479
6,samples/sample_000006.npz,rectangular_body_000006,24,34,23,36,8,13,10,13,5,8,13,29.0,29.5,10.5,0.657265292946634,650,0.0025973354226160004,0.19134725918165812,0.02706291508143018,0.02687840694546308
7,samples/sample_000007.npz,rectangular_body_000007,45,59,37,51,15,20,14,14,5,15,20,52.0,44.0,17.5,0.9073043414323758,980,0.0031800386975589217,0.16145126929399473,0.03518171255162198,0.0313356668199988
8,samples/sample_000008.npz,rectangular_body_000008,13,26,45,58,13,16,13,13,3,13,16,19.5,51.5,14.5,0.9925207538285843,507,0.001550178620067987,0.12698447004551933,0.02246262386956641,0.02284452218880922
9,samples/sample_000009.npz,rectangular_body_000009,42,53,33,37,14,17,11,4,3,14,17,47.5,35.0,15.5,0.5473759913336271,132,0.00035168251252367755,0.017780991030221047,0.0035057908956818962,0.003003014740207418
10,samples/sample_000010.npz,rectangular_body_000010,13,29,42,58,10,17,16,16,7,10,17,21.0,50.0,13.5,0.7524312741276036,1792,0.004308149934214795,0.36082016152774155,0.06486545229779118,0.06503845808976222
11,samples/sample_000011.npz,rectangular_body_000011,55,60,9,21,7,15,5,12,8,7,15,57.5,15.0,11.0,0.8188030068467509,480,0.0006945792068948008,0.18811226850155494,0.01684094675438417,0.02566968615741511
12,samples/sample_000012.npz,rectangular_body_000012,14,29,21,30,10,16,15,9,6,10,16,21.5,25.5,13.0,0.8109834552387294,810,0.0030358990875027797,0.2069145707644258,0.03632859446463955,0.03291752939986796
13,samples/sample_000013.npz,rectangular_body_000013,2,13,48,58,5,12,11,10,7,5,12,7.5,53.0,8.5,0.7933045807495349,770,0.0007973674402714502,0.41017869570825893,0.028106172883228545,0.051080730874302434
14,samples/sample_000014.npz,rectangular_body_000014,22,27,4,13,15,20,5,9,5,15,20,24.5,8.5,17.5,0.20754495623670338,225,0.00016546717624725684,0.009404796781421417,0.001787396563105813,0.0016860852148236917
15,samples/sample_000015.npz,rectangular_body_000015,19,32,23,31,14,17,13,8,3,14,17,25.5,27.0,15.5,0.6645448098260138,312,0.001341031299149629,0.04889908481602126,0.010765347828626648,0.008063707500737125
16,samples/sample_000016.npz,rectangular_body_000016,17,33,19,34,4,10,16,15,6,4,10,25.0,26.5,7.0,0.9019100585343176,1440,0.004254847123548935,0.810319152737086,0.0914911923919005,0.11426645626084239
17,samples/sample_000017.npz,rectangular_body_000017,50,57,15,25,6,13,7,10,7,6,13,53.5,20.0,9.5,0.455060168177182,490,0.00044762731792252324,0.13703482098913944,0.011982184024556499,0.017400941025876637
18,samples/sample_000018.npz,rectangular_body_000018,36,47,15,26,13,17,11,11,4,13,17,41.5,20.5,15.0,0.7556496255102603,484,0.0016487817923139152,0.09153654386742639,0.01832263567185647,0.015572590562001842
19,samples/sample_000019.npz,rectangular_body_000019,25,36,38,44,12,20,11,6,8,12,20,30.5,41.0,16.0,0.26977642699442983,528,0.0009532011990269647,0.034259051773367216,0.007259960472057757,0.00552598119391944
20,samples/sample_000020.npz,rectangular_body_000020,25,38,19,27,6,11,13,8,5,6,11,31.5,23.0,8.5,0.527739747723183,520,0.0011559403415721324,0.1755899761740721,0.01837819731224878,0.022076264150267273
21,samples/sample_000021.npz,rectangular_body_000021,30,36,6,16,3,8,6,10,5,3,8,33.0,11.0,5.5,0.39044082342939723,300,0.00019760692131744266,0.16226917315495182,0.0077990422658354,0.014708433452629923
22,samples/sample_000022.npz,rectangular_body_000022,20,29,46,62,7,15,9,16,8,7,15,24.5,54.0,11.0,0.4605694393624532,1152,0.0013572031594871613,0.22064936665424167,0.026753525823978823,0.0333866918825709
23,samples/sample_000023.npz,rectangular_body_000023,29,43,29,34,5,13,14,5,8,5,13,36.0,31.5,9.0,0.225758546632446,560,0.0006984698191274591,0.08137158072969836,0.008469870355155347,0.009829984006370418
24,samples/sample_000024.npz,rectangular_body_000024,28,39,8,13,15,17,11,5,2,15,17,33.5,10.5,16.0,0.9409740811696254,110,0.00042408028822794804,0.02387072733783054,0.004460612080442301,0.004177948800502301
25,samples/sample_000025.npz,rectangular_body_000025,18,29,14,23,5,9,11,9,4,5,9,23.5,18.5,7.0,0.33140491519502346,396,0.00029632774292489634,0.11296112875883037,0.008889956650596739,0.012896275373890521
26,samples/sample_000026.npz,rectangular_body_000026,42,55,34,42,7,9,13,8,2,7,9,48.5,38.0,8.0,0.4725149145015195,208,0.00024264489433301523,0.06621140482702652,0.0062345987827424265,0.008453834236912478
27,samples/sample_000027.npz,rectangular_body_000027,17,33,6,22,15,17,16,16,2,15,17,25.0,14.0,16.0,0.7789084607655188,512,0.0016429668172225575,0.07963914190927172,0.01780649860964911,0.015110397185244416
28,samples/sample_000028.npz,rectangular_body_000028,24,37,45,53,10,18,13,8,8,10,18,30.5,49.0,14.0,0.37916968038695953,832,0.0013851628780549444,0.09335733157441546,0.015950089085494883,0.015158858958589342
29,samples/sample_000029.npz,rectangular_body_000029,25,32,19,28,5,8,7,9,3,5,8,28.5,23.5,6.5,0.8378726965056633,189,0.0004835417904171433,0.1679512442730219,0.01141202720239101,0.016811033577881235
30,samples/sample_000030.npz,rectangular_body_000030,49,55,24,39,15,22,6,15,7,15,22,52.0,31.5,18.5,0.32340379562796207,630,0.0010070405499257278,0.035567000338545124,0.00825932209926911,0.006651375993221078
31,samples/sample_000031.npz,rectangular_body_000031,7,16,33,40,7,9,9,7,2,7,9,11.5,36.5,8.0,0.2199793810711709,126,6.085448192472939e-05,0.021211586069127427,0.0016657537427171242,0.0024825235129392782
32,samples/sample_000032.npz,rectangular_body_000032,38,49,16,32,9,14,11,16,5,9,14,43.5,24.0,11.5,0.8991662605211204,880,0.003036254554650055,0.28619123484106446,0.045574680244489754,0.045220916510492384
33,samples/sample_000033.npz,rectangular_body_000033,29,38,22,32,4,9,9,10,5,4,9,33.5,27.0,6.5,0.6624796009659032,450,0.0011450350932594748,0.29815730637581883,0.02174633973567341,0.031177790349169128
34,samples/sample_000034.npz,rectangular_body_000034,28,36,16,30,9,17,8,14,8,9,17,32.0,23.0,13.0,0.4793614613190729,896,0.0026188309860107244,0.14243411381141735,0.02437954388334286,0.021674619479049126
35,samples/sample_000035.npz,rectangular_body_000035,38,53,48,61,7,11,15,13,4,7,11,45.5,54.5,9.0,0.7844032018316711,780,0.0011001656863566197,0.30461334595555883,0.03178787351941421,0.04573147966416575
36,samples/sample_000036.npz,rectangular_body_000036,43,59,39,50,10,15,16,11,5,10,15,51.0,44.5,12.5,0.3513652492027719,880,0.0008557314087677239,0.09842453885525115,0.015065401177558979,0.016702265705178406
37,samples/sample_000037.npz,rectangular_body_000037,31,39,25,33,16,19,8,8,3,16,19,35.0,29.0,17.5,0.7490368234415601,192,0.0012352093301742782,0.02834051465790899,0.007080438965453748,0.004668723061736065
38,samples/sample_000038.npz,rectangular_body_000038,23,35,24,34,8,10,12,10,2,8,10,29.0,29.0,9.0,0.6932820169050666,240,0.0008732774753790342,0.09311663170838311,0.011110570703480368,0.012301854992883486
39,samples/sample_000039.npz,rectangular_body_000039,38,42,26,34,6,10,4,8,4,6,10,40.0,30.0,8.0,0.6625174941681033,128,0.0003332773044005361,0.0714527748201418,0.005820285421529385,0.0076191402813941995
40,samples/sample_000040.npz,rectangular_body_000040,29,40,32,48,9,12,11,16,3,9,12,34.5,40.0,10.5,0.6522510296859483,528,0.0017134512814624562,0.14008545274489173,0.02138813454633126,0.02106983033866915
41,samples/sample_000041.npz,rectangular_body_000041,24,39,21,25,3,8,15,4,5,3,8,31.5,23.0,5.5,0.20777721073326233,300,0.00017907183987979892,0.07379845375862147,0.004654865343356594,0.0073534793765051825
42,samples/sample_000042.npz,rectangular_body_000042,22,28,40,49,2,7,6,9,5,2,7,25.0,44.5,4.5,0.3092615172089288,270,0.0001383987514973073,0.15875023197667207,0.006318415020425341,0.012265253869885931
43,samples/sample_000043.npz,rectangular_body_000043,29,36,28,43,5,8,7,15,3,5,8,32.5,35.5,6.5,0.9297482914906869,315,0.0012692596028930875,0.2523217116044879,0.021380439902305187,0.029078678445724114
44,samples/sample_000044.npz,rectangular_body_000044,22,29,18,32,13,20,7,14,7,13,20,25.5,25.0,16.5,0.8129409408729518,686,0.00349421272383934,0.12065229825009599,0.0277370111835528,0.020248586099896375
45,samples/sample_000045.npz,rectangular_body_000045,33,39,10,19,4,11,6,9,7,4,11,36.0,14.5,7.5,0.585696214499613,378,0.0005206459555144626,0.2136787029049678,0.014340148170157167,0.021875645167317867
46,samples/sample_000046.npz,rectangular_body_000046,26,42,47,61,6,8,16,14,2,6,8,34.0,54.0,7.0,0.5160173040865819,448,0.0004586089555828347,0.1436219263551788,0.0138770325586327,0.02062232183516613
47,samples/sample_000047.npz,rectangular_body_000047,9,14,53,62,6,8,5,9,2,6,8,11.5,57.5,7.0,0.8157948341691554,90,7.910496960118545e-05,0.07195864374891378,0.0035663371633168107,0.007365835945660659
48,samples/sample_000048.npz,rectangular_body_000048,38,50,14,18,8,11,12,4,3,8,11,44.0,16.0,9.5,0.33976363172654256,144,0.00011845837109638367,0.02777199870605714,0.0028677467577101325,0.0037013040387518974
49,samples/sample_000049.npz,rectangular_body_000049,13,27,18,23,3,8,14,5,5,3,8,20.0,20.5,5.5,0.7705323508373183,350,0.00046885810733225707,0.3262405180960451,0.019304474948619574,0.03240052675777247
50,samples/sample_000050.npz,rectangular_body_000050,28,44,29,39,6,14,16,10,8,6,14,36.0,34.0,10.0,0.34452026054367046,1280,0.0025240886243395964,0.20780698660115535,0.02839723921387176,0.029229727964581245
51,samples/sample_000051.npz,rectangular_body_000051,17,22,42,55,3,9,5,13,6,3,9,19.5,48.5,6.0,0.9579506174671706,390,0.0005815557073813425,0.43446311108114066,0.025131851822661193,0.04323413898931002
52,samples/sample_000052.npz,rectangular_body_000052,10,16,16,28,14,16,6,12,2,14,16,13.0,22.0,15.0,0.8023777904824065,144,0.0003960693090827482,0.02941751437013141,0.005251409051323262,0.005133431735900258
53,samples/sample_000053.npz,rectangular_body_000053,43,48,20,32,11,15,5,12,4,11,15,45.5,26.0,13.0,0.734401532534041,240,0.0007341150966952396,0.05894873896124475,0.009556966546242837,0.009155606887533016
54,samples/sample_000054.npz,rectangular_body_000054,10,19,5,18,16,19,9,13,3,16,19,14.5,11.5,17.5,0.589703997106479,351,0.0006259401504162857,0.03914635330216327,0.0076188368713292,0.007518945664849527
55,samples/sample_000055.npz,rectangular_body_000055,21,29,35,40,8,13,8,5,5,8,13,25.0,37.5,10.5,0.47082622661936213,200,0.0004274077118036722,0.049586405717381585,0.005885587807917191,0.006330552845637773
56,samples/sample_000056.npz,rectangular_body_000056,13,25,49,53,5,9,12,4,4,5,9,19.0,51.0,7.0,0.486115979181251,192,0.00015090883606030587,0.08667464092817248,0.00581553886916527,0.009515630093928668
57,samples/sample_000057.npz,rectangular_body_000057,24,36,5,12,13,16,12,7,3,13,16,30.0,8.5,14.5,0.5594899990243611,252,0.0004898388614323632,0.03809344841533789,0.006112978013337481,0.006396921085184215
58,samples/sample_000058.npz,rectangular_body_000058,10,18,45,53,7,11,8,8,4,7,11,14.0,49.0,9.0,0.34211798854958697,256,0.00016273862726738636,0.056589856732550174,0.004864080549601806,0.007180227807626682
59,samples/sample_000059.npz,rectangular_body_000059,49,58,32,41,3,11,9,9,8,3,11,53.5,36.5,7.0,0.9400558586085401,648,0.0011369046751980375,0.6233011761738769,0.03766445081354874,0.06383386016548256
60,samples/sample_000060.npz,rectangular_body_000060,33,41,25,32,6,14,8,7,8,6,14,37.0,28.5,10.0,0.36709982204022884,448,0.000835243995110968,0.09886624839546257,0.010601214983841633,0.011821274370467025
61,samples/sample_000061.npz,rectangular_body_000061,13,27,51,58,8,13,14,7,5,8,13,20.0,54.5,10.5,0.6081998361800318,490,0.0006350906249344641,0.13686395088340236,0.014880517070527555,0.020063357064143906
62,samples/sample_000062.npz,rectangular_body_000062,3,16,28,43,2,7,13,15,5,2,7,9.5,35.5,4.5,0.9681046825162396,975,0.0011869660594487116,0.9580611422626952,0.06288854510491143,0.11799843080974802
63,samples/sample_000063.npz,rectangular_body_000063,36,47,5,16,8,13,11,11,5,8,13,41.5,10.5,10.5,0.532191217820781,605,0.0007601784899949735,0.14758107481671207,0.01669150210228959,0.02158155577592769
64,samples/sample_000064.npz,rectangular_body_000064,30,37,17,24,14,19,7,7,5,14,19,33.5,20.5,16.5,0.33894776967550994,245,0.0005148826845635692,0.018759844304512975,0.004074267941423227,0.0031157673970764314
65,samples/sample_000065.npz,rectangular_body_000065,41,47,22,26,4,6,6,4,2,4,6,44.0,24.0,5.0,0.3186383439866961,48,2.736743772096038e-05,0.028091293114611983,0.0011364119613601848,0.002112972236843579
66,samples/sample_000066.npz,rectangular_body_000066,38,53,3,10,4,7,15,7,3,4,7,45.5,6.5,5.5,0.4180529396309754,315,0.00013709520315663328,0.1380426358517013,0.007475802968173618,0.015084252491190641
67,samples/sample_000067.npz,rectangular_body_000067,31,47,36,49,8,16,16,13,8,8,16,39.0,42.5,12.0,0.602553111985221,1664,0.004274235241744067,0.341121872921502,0.057402532340254726,0.0544943985732881
68,samples/sample_000068.npz,rectangular_body_000068,21,34,6,15,12,16,13,9,4,12,16,27.5,10.5,14.0,0.8692397290182241,468,0.0013970020122279917,0.11434752059191913,0.018739545724195915,0.019312715792439126
69,samples/sample_000069.npz,rectangular_body_000069,38,52,40,52,8,13,14,12,5,8,13,45.0,46.0,10.5,0.5565470437089544,840,0.0012890832474310157,0.19768625904591777,0.026476202828076098,0.030481151014356174
70,samples/sample_000070.npz,rectangular_body_000070,46,55,43,50,2,4,9,7,2,2,4,50.5,46.5,3.0,0.22753479532929888,126,2.136543796596563e-05,0.0730323907898785,0.0021361167826393105,0.005235650677023028
71,samples/sample_000071.npz,rectangular_body_000071,50,60,41,57,6,11,10,16,5,6,11,55.0,49.0,8.5,0.950196374718226,800,0.0011596610971649109,0.4284128397435475,0.03858554924206331,0.06116026254882945
72,samples/sample_000072.npz,rectangular_body_000072,24,39,47,59,10,17,15,12,7,10,17,31.5,53.0,13.5,0.9044379796086117,1260,0.00428266102330648,0.32841414166141797,0.05431357478698336,0.05576177885603169
73,samples/sample_000073.npz,rectangular_body_000073,44,50,2,9,7,13,6,7,6,7,13,47.0,5.5,10.0,0.960857141891585,252,0.0004009660672737656,0.1427459666563239,0.010700261247584908,0.017342306202894453
74,samples/sample_000074.npz,rectangular_body_000074,13,23,39,52,15,21,10,13,6,15,21,18.0,45.5,18.0,0.2936956257509941,780,0.0009632330335727122,0.04155596751320653,0.009649570025386163,0.007843929615476702
75,samples/sample_000075.npz,rectangular_body_000075,14,25,34,42,13,17,11,8,4,13,17,19.5,38.0,15.0,0.7011835364614531,352,0.0011994380550611624,0.06337360560324341,0.012504697171196061,0.010545594221091184
76,samples/sample_000076.npz,rectangular_body_000076,42,51,42,49,13,17,9,7,4,13,17,46.5,45.5,15.0,0.34369209335569,252,0.0003099644419054646,0.022866593774858873,0.0040861900203407586,0.0038936933198435676
77,samples/sample_000077.npz,rectangular_body_000077,10,24,40,45,15,21,14,5,6,15,21,17.0,42.5,18.0,0.5529939983760436,420,0.0010346596680771113,0.042882290923872614,0.009954388462418036,0.007933579264455648
78,samples/sample_000078.npz,rectangular_body_000078,24,35,38,48,8,11,11,10,3,8,11,29.5,43.0,9.5,0.3314512381757112,330,0.00043547527114205315,0.05826163392262308,0.006960411361112785,0.007855785918303023
79,samples/sample_000079.npz,rectangular_body_000079,6,14,2,6,3,6,8,4,3,3,6,10.0,4.0,4.5,0.9637463281967422,96,5.99708159791304e-05,0.18621258236192895,0.004557729330897835,0.013103678489270392
80,samples/sample_000080.npz,rectangular_body_000080,34,47,35,43,3,8,13,8,5,3,8,40.5,39.0,5.5,0.4787336263885227,520,0.000578614614068356,0.28213546654549815,0.01843814785892775,0.029283491068526093
81,samples/sample_000081.npz,rectangular_body_000081,34,42,8,23,2,5,8,15,3,2,5,38.0,15.5,3.5,0.5745234338916141,360,0.00024672562997536966,0.31438784019641935,0.015726424388993857,0.03124583751194873
82,samples/sample_000082.npz,rectangular_body_000082,19,23,24,30,16,19,4,6,3,16,19,21.0,27.0,17.5,0.49145527256784505,72,0.00020878448008781455,0.007173368425678553,0.001668220989158531,0.0012238536859905853
83,samples/sample_000083.npz,rectangular_body_000083,4,16,29,39,5,11,12,10,6,5,11,10.0,34.0,8.0,0.22406604491713944,720,0.00035725840538334826,0.11234292945526025,0.009387402933571543,0.01411181694075562
84,samples/sample_000084.npz,rectangular_body_000084,44,53,43,51,13,15,9,8,2,13,15,48.5,47.0,14.0,0.6772901445738391,144,0.0002964714536991032,0.028585245862651553,0.004580817886442065,0.004810699708092312
85,samples/sample_000085.npz,rectangular_body_000085,6,10,37,45,8,14,4,8,6,8,14,8.0,41.0,11.0,0.9953341064435577,192,0.0004333500477715032,0.09469796531352373,0.009229710849199015,0.012665479816260226
86,samples/sample_000086.npz,rectangular_body_000086,44,48,5,12,7,14,4,7,7,7,14,46.0,8.5,10.5,0.9456680134255657,196,0.0003606899787975428,0.10458659692036014,0.008948878436723907,0.013230409110166276
87,samples/sample_000087.npz,rectangular_body_000087,10,26,24,33,2,4,16,9,2,2,4,18.0,28.5,3.0,0.8278355245381428,288,0.00029939775574461887,0.3592835718646837,0.018898297108101238,0.03731728000157731
88,samples/sample_000088.npz,rectangular_body_000088,6,22,18,34,2,7,16,16,5,2,7,14.0,26.0,4.5,0.872033054049786,1280,0.0015744780779210568,0.9512952017544065,0.0797175911334072,0.13217265185849383
89,samples/sample_000089.npz,rectangular_body_000089,25,40,5,12,5,7,15,7,2,5,7,32.5,8.5,6.0,0.32708311713986654,210,0.00011441423358745672,0.06449032745447457,0.00422146737358743,0.007400104913680576
90,samples/sample_000090.npz,rectangular_body_000090,31,35,42,47,13,15,4,5,2,13,15,33.0,44.5,14.0,0.3374063972261927,40,7.216498769868947e-05,0.004191804859154485,0.0007209537618673817,0.0006439472768395898
91,samples/sample_000091.npz,rectangular_body_000091,32,38,44,58,15,20,6,14,5,15,20,35.0,51.0,17.5,0.314051292974615,420,0.0006181207815841686,0.025332726641807548,0.005610923361874269,0.004633090144831055
92,samples/sample_000092.npz,rectangular_body_000092,10,26,23,28,16,24,16,5,8,16,24,18.0,25.5,20.0,0.3527865265552321,640,0.0012619448627100662,0.03421611126531828,0.009322338008103318,0.006386976488693231
93,samples/sample_000093.npz,rectangular_body_000093,50,55,43,51,3,5,5,8,2,3,5,52.5,47.0,4.0,0.7512071158293232,80,5.295584780180979e-05,0.13368058966911325,0.004158983357963762,0.009614689451981965
94,samples/sample_000094.npz,rectangular_body_000094,16,26,37,45,6,11,10,8,5,6,11,21.0,41.0,8.5,0.22300732516634592,400,0.0002571323288180656,0.06157781116544893,0.005796493838046293,0.007452309118034047
95,samples/sample_000095.npz,rectangular_body_000095,25,31,47,58,5,10,6,11,5,5,10,28.0,52.5,7.5,0.4337700634644878,330,0.00030091511850130676,0.12213929887303895,0.008786626759363267,0.013683409243577223
96,samples/sample_000096.npz,rectangular_body_000096,50,59,32,46,6,13,9,14,7,6,13,54.5,39.0,9.5,0.30725299857992516,882,0.0006019257193249894,0.1454751855711578,0.014533042022171518,0.020135330619246626
97,samples/sample_000097.npz,rectangular_body_000097,14,19,28,39,13,16,5,11,3,13,16,16.5,33.5,14.5,0.38162406129919557,165,0.00030229565683669935,0.01744299733274407,0.0031850429498082797,0.002856543005653642
98,samples/sample_000098.npz,rectangular_body_000098,13,27,32,42,13,20,14,10,7,13,20,20.0,37.0,16.5,0.5784619057172555,980,0.0031191629345072216,0.11991267704343975,0.02733340767795675,0.020874778370010942
99,samples/sample_000099.npz,rectangular_body_000099,8,12,13,17,8,11,4,4,3,8,11,10.0,15.0,9.5,0.8294001997182849,48,6.857178506166091e-05,0.025888884304098254,0.002015753713080003,0.003162373165156446
100,samples/sample_000100.npz,rectangular_body_000100,8,12,30,43,3,8,4,13,5,3,8,10.0,36.5,5.5,0.8666723554680504,260,0.0003325361866379187,0.29114919270013334,0.01475034811791446,0.027747724833985153
101,samples/sample_000101.npz,rectangular_body_000101,9,17,49,62,8,11,8,13,3,8,11,13.0,55.5,9.5,0.4764147715662276,312,0.00023361711025106396,0.0785440738312416,0.006909747703324327,0.010958397812992635
102,samples/sample_000102.npz,rectangular_body_000102,40,50,13,24,6,11,10,11,5,6,11,45.0,18.5,8.5,0.5703672773877432,550,0.0007264877581320268,0.20244511138446203,0.019470753792617722,0.0260659035132254
103,samples/sample_000103.npz,rectangular_body_000103,44,58,22,29,10,14,14,7,4,10,14,51.0,25.5,12.0,0.9970838266696098,392,0.0012334028352805012,0.14289895088770563,0.020267543507366044,0.022377554855713116
104,samples/sample_000104.npz,rectangular_body_000104,21,31,39,53,3,6,10,14,3,3,6,26.0,46.0,4.5,0.29018999468979223,420,0.0001994429976072146,0.14393790852805838,0.00910219218731204,0.015739430187326986
105,samples/sample_000105.npz,rectangular_body_000105,16,29,30,43,5,8,13,13,3,5,8,22.5,36.5,6.5,0.3438520567611396,507,0.0004987113379317958,0.1341951446925544,0.01243421143653986,0.016916368110679772
106,samples/sample_000106.npz,rectangular_body_000106,30,41,23,30,14,16,11,7,2,14,16,35.5,26.5,15.0,0.6076186970277863,154,0.0006468353510993591,0.0239857721503265,0.004997850098082291,0.0038239462461559133
107,samples/sample_000107.npz,rectangular_body_000107,51,58,47,61,13,16,7,14,3,13,16,54.5,54.0,14.5,0.2618071885553499,294,0.00016665799331709515,0.020298495119975044,0.0027949047077415515,0.003517352032736063
108,samples/sample_000108.npz,rectangular_body_000108,34,50,48,60,10,12,16,12,2,10,12,42.0,54.0,11.0,0.6914738976110106,384,0.0006371076574172714,0.09872992127057283,0.013174094163038066,0.01613545480468275
109,samples/sample_000109.npz,rectangular_body_000109,28,38,27,34,6,11,10,7,5,6,11,33.0,30.5,8.5,0.5369377491873798,350,0.0010823579262759207,0.1328596065644853,0.012855594089292797,0.015433791012408547
110,samples/sample_000110.npz,rectangular_body_000110,11,18,24,30,2,7,7,6,5,2,7,14.5,27.0,4.5,0.4635946621396003,210,0.0001412076529775158,0.2067010762766498,0.007119997964814981,0.014721925272673601
111,samples/sample_000111.npz,rectangular_body_000111,33,37,21,29,8,16,4,8,8,8,16,35.0,25.0,12.0,0.753745409757403,256,0.0010667780473677638,0.08458818180331848,0.011508782008678196,0.01126050744837079
112,samples/sample_000112.npz,rectangular_body_000112,4,17,23,28,15,20,13,5,5,15,20,10.5,25.5,17.5,0.5648137652792543,325,0.0007175237878689076,0.03580604617271018,0.007363529329746456,0.006550850385133616
113,samples/sample_000113.npz,rectangular_body_000113,51,61,18,28,9,13,10,10,4,9,13,56.0,23.0,11.0,0.5933520521682216,400,0.0005419024031303996,0.1028057559836516,0.011343021766256376,0.015013748666714708
114,samples/sample_000114.npz,rectangular_body_000114,47,62,28,44,15,17,15,16,2,15,17,54.5,36.0,16.0,0.6724820537541432,480,0.0012182773175845193,0.06523578474376848,0.01334249804930741,0.012246865136624117
115,samples/sample_000115.npz,rectangular_body_000115,45,57,46,60,7,9,12,14,2,7,9,51.0,53.0,8.0,0.735970250652668,336,0.0003595361624319677,0.1475997750654936,0.013017387144655779,0.02091636737477582
116,samples/sample_000116.npz,rectangular_body_000116,47,52,21,34,13,19,5,13,6,13,19,49.5,27.5,16.0,0.4886402766409633,390,0.0008402876081890234,0.04417987929088413,0.008805086674496022,0.007684463480654643
117,samples/sample_000117.npz,rectangular_body_000117,4,8,10,19,3,11,4,9,8,3,11,6.0,14.5,7.0,0.29781135205650977,288,9.790714194165312e-05,0.10259044217542221,0.004359734373398115,0.009168927535735746
118,samples/sample_000118.npz,rectangular_body_000118,28,44,56,62,9,17,16,6,8,9,17,36.0,59.0,13.0,0.36265099928464545,768,0.0007388161335328931,0.0909585730011006,0.01144826427659841,0.014002349471177861
119,samples/sample_000119.npz,rectangular_body_000119,6,12,27,37,7,15,6,10,8,7,15,9.0,32.0,11.0,0.5049575505079639,480,0.0007081032876095586,0.11897461172822574,0.012310363270020504,0.016046556105201983
120,samples/sample_000120.npz,rectangular_body_000120,48,53,15,29,3,5,5,14,2,3,5,50.5,22.0,4.0,0.9033224956910024,140,0.00013833017834324722,0.20542583270537418,0.009195005056483017,0.018551743258755783
121,samples/sample_000121.npz,rectangular_body_000121,42,48,52,61,3,6,6,9,3,3,6,45.0,56.5,4.5,0.783173102098575,162,0.00011526344285266758,0.22651596790340184,0.007877596770341576,0.018258394061518118
122,samples/sample_000122.npz,rectangular_body_000122,45,51,31,44,14,22,6,13,8,14,22,48.0,37.5,18.0,0.9981855270204449,624,0.003077753564012111,0.11764487948543413,0.027231393410403433,0.021243202504526364
123,samples/sample_000123.npz,rectangular_body_000123,18,31,11,26,5,9,13,15,4,5,9,24.5,18.5,7.0,0.45816516524155326,780,0.0008430581967192463,0.24011443044738157,0.024136267011353563,0.03257080412892742
124,samples/sample_000124.npz,rectangular_body_000124,51,61,37,48,2,10,10,11,8,2,10,56.0,42.5,6.0,0.7713258461083334,880,0.0008642408898117285,0.756200038990828,0.04038667769628007,0.07849208764256572
125,samples/sample_000125.npz,rectangular_body_000125,9,15,14,30,15,21,6,16,6,15,21,12.0,22.0,18.0,0.43709402633248157,576,0.0009635911982661342,0.04535961241392854,0.010007983658388394,0.00866426129218907
126,samples/sample_000126.npz,rectangular_body_000126,23,31,49,55,13,15,8,6,2,13,15,27.0,52.0,14.0,0.2728927351852563,96,9.355217107750839e-05,0.007857438323873745,0.0012490826980497043,0.0012779186928497303
127,samples/sample_000127.npz,rectangular_body_000127,23,30,53,57,5,13,7,4,8,5,13,26.5,55.0,9.0,0.7934138854022472,224,0.0003806954856242439,0.14025753050312229,0.00976979852213046,0.015105030157668939
128,samples/sample_000128.npz,rectangular_body_000128,29,35,44,60,4,11,6,16,7,4,11,32.0,52.0,7.5,0.41909458729910204,672,0.0006773114437268041,0.2134495089459037,0.01736191793663461,0.02605043709903291
129,samples/sample_000129.npz,rectangular_body_000129,6,15,19,32,13,15,9,13,2,13,15,10.5,25.5,14.0,0.8976451064883175,234,0.0006864526833199149,0.05842152768160713,0.00959747648887297,0.009957754479568762
130,samples/sample_000130.npz,rectangular_body_000130,22,30,7,19,9,16,8,12,7,9,16,26.0,13.0,12.5,0.5191532330755264,672,0.0011488637290516489,0.12597141936482467,0.017868462054487368,0.019487627566520088
131,samples/sample_000131.npz,rectangular_body_000131,14,18,25,34,6,14,4,9,8,6,14,16.0,29.5,10.0,0.21373374187547914,288,0.00020550924083634673,0.03783528332267722,0.003698882126833721,0.004579797049860963
132,samples/sample_000132.npz,rectangular_body_000132,48,58,44,59,15,17,10,15,2,15,17,53.0,51.5,16.0,0.9166968828826836,300,0.0007234571641508374,0.05893694184602464,0.010211421608629114,0.01109418694015751
133,samples/sample_000133.npz,rectangular_body_000133,36,44,21,32,10,18,8,11,8,10,18,40.0,26.5,14.0,0.7944155083873499,704,0.0030830607656713695,0.17004172786730082,0.030563513974551492,0.026132397961283443
134,samples/sample_000134.npz,rectangular_body_000134,15,30,45,57,15,21,15,12,6,15,21,22.5,51.0,18.0,0.2745972080013429,1080,0.001194700658124306,0.05204706191554677,0.012002459015359915,0.010020440045057226
135,samples/sample_000135.npz,rectangular_body_000135,22,27,43,57,7,11,5,14,4,7,11,24.5,50.0,9.0,0.21080970244989958,280,0.00014615340758749988,0.034959270228719246,0.0035026636409996497,0.004624522701556107
136,samples/sample_000136.npz,rectangular_body_000136,6,11,54,62,2,6,5,8,4,2,6,8.5,58.0,4.0,0.7756804210935522,160,7.372090869761518e-05,0.2938447822379922,0.006678905231697596,0.019775376612735682
137,samples/sample_000137.npz,rectangular_body_000137,13,22,17,28,15,19,9,11,4,15,19,17.5,22.5,17.0,0.6729958918703116,396,0.0011912758568181714,0.05427038793179295,0.012020745798314612,0.009784670299165243
138,samples/sample_000138.npz,rectangular_body_000138,24,36,23,34,5,9,12,11,4,5,9,30.0,28.5,7.0,0.3395653771192027,528,0.0007747300645851085,0.1405258454440963,0.012858444754755737,0.016798251387930636
139,samples/sample_000139.npz,rectangular_body_000139,43,54,24,36,14,16,11,12,2,14,16,48.5,30.0,15.0,0.9637510996881506,264,0.0011981437377935264,0.062355393326475855,0.012382118158343619,0.010803989327839556
140,samples/sample_000140.npz,rectangular_body_000140,16,22,27,43,15,17,6,16,2,15,17,19.0,35.0,16.0,0.5818549545580736,192,0.00061401047878515,0.024272176303692224,0.005457177044798129,0.004243506302693118
141,samples/sample_000141.npz,rectangular_body_000141,8,13,31,39,6,13,5,8,7,6,13,10.5,35.0,9.5,0.6920079636727972,280,0.0004916462458173262,0.12848307769287381,0.010831754259890351,0.015270776620850789
142,samples/sample_000142.npz,rectangular_body_000142,37,50,19,34,5,8,13,15,3,5,8,43.5,26.5,6.5,0.5166820864013048,585,0.0007715510458439624,0.21775803333399363,0.021255510898012184,0.028843082160868557
143,samples/sample_000143.npz,rectangular_body_000143,28,40,14,28,15,22,12,14,7,15,22,34.0,21.0,18.5,0.4306877558372265,1176,0.0034446827929607493,0.08600785647687761,0.02302142585679836,0.015356863215956876
144,samples/sample_000144.npz,rectangular_body_000144,13,17,40,50,13,21,4,10,8,13,21,15.0,45.0,17.0,0.5166440440056412,320,0.0006102509129692617,0.03601023822788349,0.007054442711395046,0.006436112181486509
145,samples/sample_000145.npz,rectangular_body_000145,24,34,5,20,12,20,10,15,8,12,20,29.0,12.5,16.0,0.9181605701253936,1200,0.004734932366904234,0.2460268347551412,0.049083057935110155,0.04382301228803957
146,samples/sample_000146.npz,rectangular_body_000146,3,14,39,52,7,10,11,13,3,7,10,8.5,45.5,8.5,0.6663966720060721,429,0.00047124780693120306,0.16760312816171477,0.01487361180190988,0.023012895829829984
147,samples/sample_000147.npz,rectangular_body_000147,13,26,28,41,9,11,13,13,2,9,11,19.5,34.5,10.0,0.7723513030642546,338,0.0010278127703199668,0.1162169877250909,0.016052587547086966,0.01721703457273772
148,samples/sample_000148.npz,rectangular_body_000148,55,59,26,35,11,17,4,9,6,11,17,57.0,30.5,14.0,0.8621016645370339,216,0.0005976040106837272,0.05798760658234142,0.007938526787401652,0.009004671713448532
149,samples/sample_000149.npz,rectangular_body_000149,26,41,15,22,2,4,15,7,2,2,4,33.5,18.5,3.0,0.7748147902798181,210,0.00021962253911619263,0.2906753938970345,0.013016423161981445,0.026637097246740463
150,samples/sample_000150.npz,rectangular_body_000150,32,41,20,28,9,12,9,8,3,9,12,36.5,24.0,10.5,0.5033500607486536,216,0.0004946680909697777,0.052870869236916244,0.0067699292154741585,0.007121227377738552
151,samples/sample_000151.npz,rectangular_body_000151,5,9,25,33,9,12,4,8,3,9,12,7.0,29.0,10.5,0.2978229179032972,96,6.947841203420701e-05,0.014733261732140623,0.0013902517123241017,0.0019358036266820756
152,samples/sample_000152.npz,rectangular_body_000152,5,18,19,29,8,14,13,10,6,8,14,11.5,24.0,11.0,0.7142023141066649,780,0.0014795159154853412,0.234988098047471,0.029084880846921443,0.03539428786661478
153,samples/sample_000153.npz,rectangular_body_000153,53,60,50,61,4,12,7,11,8,4,12,56.5,55.5,8.0,0.8345949645585902,616,0.0005929726889525157,0.42354007600189797,0.023082993003246614,0.0466201199203883
154,samples/sample_000154.npz,rectangular_body_000154,3,15,43,53,13,15,12,10,2,13,15,9.0,48.0,14.0,0.35005112444043684,240,0.00020431629799453266,0.023362738848228568,0.003417704099210916,0.004031780840402673
155,samples/sample_000155.npz,rectangular_body_000155,32,38,43,53,14,18,6,10,4,14,18,35.0,48.0,16.0,0.3429446631422488,240,0.0004019021309835364,0.019194299768985644,0.003896435277643566,0.0032914695782540744
156,samples/sample_000156.npz,rectangular_body_000156,15,20,37,52,3,8,5,15,5,3,8,17.5,44.5,5.5,0.6496310473277617,375,0.0003761032546456943,0.2827961625616995,0.017041389496687088,0.029045094607704505
157,samples/sample_000157.npz,rectangular_body_000157,16,21,51,60,10,15,5,9,5,10,15,18.5,55.5,12.5,0.6124445318328228,225,0.0003177175733217926,0.052124739331374945,0.006107244508468092,0.007831251401439445
158,samples/sample_000158.npz,rectangular_body_000158,42,52,18,28,3,5,10,10,2,3,5,47.0,23.0,4.0,0.2984070235870901,200,7.65080175592032e-05,0.09343618613687038,0.004492534239833571,0.008713341487149995
159,samples/sample_000159.npz,rectangular_body_000159,41,57,38,43,8,14,16,5,6,8,14,49.0,40.5,11.0,0.32050570099526765,480,0.00045761108298089334,0.0651097591308428,0.008495428268954237,0.009731525171912453
160,samples/sample_000160.npz,rectangular_body_000160,52,61,3,14,11,19,9,11,8,11,19,56.5,8.5,15.0,0.7573353552880362,792,0.0012132266176017865,0.1593422365217368,0.019735644637737512,0.026196443379313282
161,samples/sample_000161.npz,rectangular_body_000161,42,56,14,18,16,24,14,4,8,16,24,49.0,16.0,20.0,0.8433315989837613,448,0.001452777918821543,0.05833027399031232,0.013843787367733415,0.011502001142420743
162,samples/sample_000162.npz,rectangular_body_000162,43,52,3,8,13,20,9,5,7,13,20,47.5,5.5,16.5,0.605184773503524,315,0.00048144673287278,0.04376089707297257,0.006505846659323127,0.0074269444203041305
163,samples/sample_000163.npz,rectangular_body_000163,49,59,37,51,4,6,10,14,2,4,6,54.0,44.0,5.0,0.6152726946197704,280,0.00019286966365121214,0.1833089893077999,0.011113080135348216,0.020969448881180068
164,samples/sample_000164.npz,rectangular_body_000164,19,28,32,44,3,5,9,12,2,3,5,23.5,38.0,4.0,0.7952688461787167,216,0.000313729326047136,0.2568797952409763,0.013459451932625672,0.024518641561282296
165,samples/sample_000165.npz,rectangular_body_000165,21,33,12,23,12,20,12,11,8,12,20,27.0,17.5,16.0,0.8130188858516527,1056,0.004187406137266145,0.19654265356111295,0.04119208304951941,0.033953532899584
166,samples/sample_000166.npz,rectangular_body_000166,3,8,21,31,7,12,5,10,5,7,12,5.5,26.0,9.5,0.9228819418882435,250,0.0004531618378449886,0.1398176478470214,0.011010155271164375,0.01702237840717791
167,samples/sample_000167.npz,rectangular_body_000167,46,51,43,54,16,23,5,11,7,16,23,48.5,48.5,19.5,0.42255720470714375,385,0.0006133009070600424,0.026697257929362096,0.006082948546516809,0.005177994610099011
168,samples/sample_000168.npz,rectangular_body_000168,24,34,35,46,16,21,10,11,5,16,21,29.0,40.5,18.5,0.35402484683168595,550,0.0014069421097754487,0.03391259035860274,0.009020902391414534,0.005879333870098088
169,samples/sample_000169.npz,rectangular_body_000169,24,33,9,22,3,8,9,13,5,3,8,28.5,15.5,5.5,0.6766733079869205,585,0.000753802831976854,0.4335491551509351,0.027955934723274012,0.04657619899679692
170,samples/sample_000170.npz,rectangular_body_000170,56,61,7,17,15,19,5,10,4,15,19,58.5,12.0,17.0,0.8953011708452796,200,0.0004166283139603698,0.03752873829443948,0.005575853978041768,0.006556250544303333
171,samples/sample_000171.npz,rectangular_body_000171,45,54,10,14,6,8,9,4,2,6,8,49.5,12.0,7.0,0.6488364763077721,72,6.417922740421124e-05,0.0463305170606621,0.0027441715696086494,0.004862940730669636
172,samples/sample_000172.npz,rectangular_body_000172,44,53,37,45,12,14,9,8,2,12,14,48.5,41.0,13.0,0.45921214564720564,144,0.00022598077319924758,0.022103180987628906,0.0034060626901610803,0.0035054837246793415
173,samples/sample_000173.npz,rectangular_body_000173,24,34,22,28,4,11,10,6,7,4,11,29.0,25.0,7.5,0.8669425777666184,420,0.0013595479197642136,0.3388193954525369,0.025513414172858705,0.034950503175030116
174,samples/sample_000174.npz,rectangular_body_000174,34,42,41,55,7,12,8,14,5,7,12,38.0,48.0,9.5,0.6783989948872378,560,0.0011117717892803148,0.2003324476515419,0.022840344550098667,0.02780126308296356
175,samples/sample_000175.npz,rectangular_body_000175,29,40,39,52,6,12,11,13,6,6,12,34.5,45.5,9.0,0.8307043149728166,858,0.0024460972913441844,0.40049962785376825,0.045271938054669246,0.05420696982431817
176,samples/sample_000176.npz,rectangular_body_000176,13,29,32,39,9,13,16,7,4,9,13,21.0,35.5,11.0,0.6528667617770079,448,0.001284789641093014,0.11839453042710965,0.017503939614088117,0.017635572919526447
177,samples/sample_000177.npz,rectangular_body_000177,19,31,36,42,9,15,12,6,6,9,15,25.0,39.0,12.0,0.4055537556457042,432,0.0008428429520044374,0.06834624791044269,0.01028517755613148,0.009880047864007787
178,samples/sample_000178.npz,rectangular_body_000178,19,30,44,60,11,14,11,16,3,11,14,24.5,52.0,12.5,0.7942484307284456,528,0.0012928539848800968,0.13162402607605267,0.020696405851699913,0.022206361244795355
179,samples/sample_000179.npz,rectangular_body_000179,10,26,25,30,11,14,16,5,3,11,14,18.0,27.5,12.5,0.21757411608665045,240,0.00021914812297559424,0.01740298713667698,0.0028640019822148725,0.0027635644309558643
180,samples/sample_000180.npz,rectangular_body_000180,27,34,25,31,7,13,7,6,6,7,13,30.5,28.0,10.0,0.427615128477047,252,0.0006192187535880607,0.06352696209356941,0.0069761164042766175,0.007655732092126112
181,samples/sample_000181.npz,rectangular_body_000181,28,39,36,44,7,14,11,8,7,7,14,33.5,40.0,10.5,0.7584924922894787,616,0.0023614057638526743,0.23258842508964428,0.029268544180714073,0.03085824117570406
182,samples/sample_000182.npz,rectangular_body_000182,23,38,29,37,9,15,15,8,6,9,15,30.5,33.0,12.0,0.8461974565208115,720,0.004674715518799123,0.22103771611588202,0.03668756987215937,0.03267836019568357
183,samples/sample_000183.npz,rectangular_body_000183,19,32,43,54,16,22,13,11,6,16,22,25.5,48.5,19.0,0.5291225751810547,858,0.0022433407733383143,0.07422672677389804,0.018806186062982514,0.014022757434027262
184,samples/sample_000184.npz,rectangular_body_000184,11,18,48,52,11,16,7,4,5,11,16,14.5,50.0,13.5,0.778815536374533,140,0.0002840865078248501,0.03663697810223929,0.004971535126932121,0.005820519386463522
185,samples/sample_000185.npz,rectangular_body_000185,24,32,36,41,9,17,8,5,8,9,17,28.0,38.5,13.0,0.839332843593561,320,0.0015555126973815707,0.10016939490354093,0.015443431316140266,0.014077496848424275
186,samples/sample_000186.npz,rectangular_body_000186,17,21,27,31,5,13,4,4,8,5,13,19.0,29.0,9.0,0.7043973114302104,128,0.0003052199072301849,0.07506438864096109,0.0058045124514925816,0.007663082198362507
187,samples/sample_000187.npz,rectangular_body_000187,43,48,2,18,15,17,5,16,2,15,17,45.5,10.0,16.0,0.6988979174229939,160,0.00033583871396020636,0.024438329054217584,0.004429917652772806,0.004493300079411376
188,samples/sample_000188.npz,rectangular_body_000188,50,59,49,55,8,13,9,6,5,8,13,54.5,52.0,10.5,0.4659665723827107,270,0.0002155904805229825,0.06442353296902131,0.005706867270812998,0.008792813161856875
189,samples/sample_000189.npz,rectangular_body_000189,30,35,6,18,5,8,5,12,3,5,8,32.5,12.0,6.5,0.30328619452394945,180,0.00011343327603188266,0.054713096600771796,0.0035286900488132418,0.005807322525093793
190,samples/sample_000190.npz,rectangular_body_000190,30,35,16,29,2,7,5,13,5,2,7,32.5,22.5,4.5,0.3040902232422423,325,0.00023423648710901428,0.1603012117920981,0.007629673461904422,0.013804631226109632
191,samples/sample_000191.npz,rectangular_body_000191,49,61,29,35,15,17,12,6,2,15,17,55.0,32.0,16.0,0.516165543280098,144,0.0002999815575059322,0.016860908496283657,0.0030829031242877755,0.002955295175831166
192,samples/sample_000192.npz,rectangular_body_000192,37,51,3,12,8,13,14,9,5,8,13,44.0,7.5,10.5,0.9513313457530024,630,0.0011975808159485845,0.2674311098924146,0.0282272148129604,0.03937159455620528
193,samples/sample_000193.npz,rectangular_body_000193,7,17,34,38,15,22,10,4,7,15,22,12.0,36.0,18.5,0.8488172315489486,280,0.0010810038557313795,0.043500980047983556,0.00961167880305817,0.00794402207793517
194,samples/sample_000194.npz,rectangular_body_000194,36,49,43,50,7,15,13,7,8,7,15,42.5,46.5,11.0,0.8483121437621688,728,0.001869736019909316,0.28294224356609243,0.03507225671880079,0.04015018660572558
195,samples/sample_000195.npz,rectangular_body_000195,29,45,3,11,9,12,16,8,3,9,12,37.0,7.0,10.5,0.48673387518577677,384,0.0004359275423615344,0.07939623653319462,0.00896966768514877,0.011900254850157187
196,samples/sample_000196.npz,rectangular_body_000196,18,24,4,15,3,11,6,11,8,3,11,21.0,9.5,7.0,0.6511661819687117,528,0.0005219224549952897,0.359012831354792,0.020262011728057125,0.03622948560648246
197,samples/sample_000197.npz,rectangular_body_000197,34,44,4,9,3,5,10,5,2,3,5,39.0,6.5,4.0,0.8976157552747548,100,8.248555358494792e-05,0.17938276373144874,0.005700955124147683,0.013774774744078358
198,samples/sample_000198.npz,rectangular_body_000198,26,37,34,49,5,9,11,15,4,5,9,31.5,41.5,7.0,0.9723033483190442,660,0.0022656326553823726,0.45791630207031353,0.04511327027549926,0.058745455350551264
199,samples/sample_000199.npz,rectangular_body_000199,17,29,40,55,5,10,12,15,5,5,10,23.0,47.5,7.5,0.7603318125376113,900,0.0015156947240379083,0.44189207964122257,0.04420546607261233,0.060269411147824914
200,samples/sample_000200.npz,rectangular_body_000200,2,14,51,62,12,18,12,11,6,12,18,8.0,56.5,15.0,0.2744560853477075,792,0.0004354640430723337,0.054628246585183574,0.007012103698556321,0.009216588135304614
201,samples/sample_000201.npz,rectangular_body_000201,38,49,47,51,15,21,11,4,6,15,21,43.5,49.0,18.0,0.7861302466790849,264,0.000837472925024226,0.039436656180871346,0.008620264737699999,0.007298513521942225
202,samples/sample_000202.npz,rectangular_body_000202,15,31,36,48,12,16,16,12,4,12,16,23.0,42.0,14.0,0.5662618216826578,768,0.002004229386914169,0.11336159601262506,0.022852913379612823,0.01942029572760408
203,samples/sample_000203.npz,rectangular_body_000203,25,37,22,35,7,15,12,13,8,7,15,31.0,28.5,11.0,0.9314094672290456,1248,0.007621886448310461,0.4885091236935446,0.07241663857490015,0.06986461297120306
204,samples/sample_000204.npz,rectangular_body_000204,42,48,20,36,15,21,6,16,6,15,21,45.0,28.0,18.0,0.6054736964358632,576,0.0020182360770657193,0.06283328110764827,0.0158076235154377,0.011320037129994243
205,samples/sample_000205.npz,rectangular_body_000205,37,44,44,53,13,21,7,9,8,13,21,40.5,48.5,17.0,0.29306944141669233,504,0.0006314001310447438,0.032046075217765015,0.006572225545796348,0.005618729473629639
206,samples/sample_000206.npz,rectangular_body_000206,23,35,7,15,7,10,12,8,3,7,10,29.0,11.0,8.5,0.8190743063310679,288,0.0005574563289274744,0.15050885913406553,0.013776040837243441,0.019482475694444293
207,samples/sample_000207.npz,rectangular_body_000207,40,48,37,53,5,9,8,16,4,5,9,44.0,45.0,7.0,0.49942213422980236,512,0.0005266607909348469,0.19087200749258365,0.01699179171749343,0.024209157504179825
208,samples/sample_000208.npz,rectangular_body_000208,41,56,47,58,10,12,15,11,2,10,12,48.5,52.5,11.0,0.7553410869157671,330,0.0005247661801690534,0.0962956845647917,0.012029989493085608,0.015591255556375713
209,samples/sample_000209.npz,rectangular_body_000209,7,14,15,30,5,11,7,15,6,5,11,10.5,22.5,8.0,0.6586920021247377,630,0.0007673643050016743,0.28529516325744453,0.024067506269221474,0.0364078866356351
210,samples/sample_000210.npz,rectangular_body_000210,16,26,19,29,5,11,10,10,6,5,11,21.0,24.0,8.0,0.9421818730685152,600,0.0016002099384809423,0.4164571449627802,0.0376002026194296,0.0496999180967438
211,samples/sample_000211.npz,rectangular_body_000211,35,43,16,26,10,12,8,10,2,10,12,39.0,21.0,11.0,0.39337745647565997,160,0.00024333625585665797,0.027611983021865887,0.003744424364774279,0.003935034109427941
212,samples/sample_000212.npz,rectangular_body_000212,29,36,46,62,10,18,7,16,8,10,18,32.5,54.0,14.0,0.984051525213357,896,0.0032995092065356006,0.251727044573982,0.040257207178273365,0.04179595208908589
213,samples/sample_000213.npz,rectangular_body_000213,28,42,9,24,15,19,14,15,4,15,19,35.0,16.5,17.0,0.7244764347655686,840,0.00320607553682701,0.11446674157093001,0.027662735411743175,0.021144652772365685
214,samples/sample_000214.npz,rectangular_body_000214,46,57,12,25,6,8,11,13,2,6,8,51.5,18.5,7.0,0.5439830313774974,286,0.0002455519029888742,0.11617702914346856,0.00948252214149688,0.014910504282262597
215,samples/sample_000215.npz,rectangular_body_000215,56,60,41,47,4,6,4,6,2,4,6,58.0,44.0,5.0,0.7116632957207709,48,3.318534636694949e-05,0.06274054029016879,0.00199293910687637,0.004676587832795691
216,samples/sample_000216.npz,rectangular_body_000216,19,29,39,50,16,23,10,11,7,16,23,24.0,44.5,19.5,0.36213539605576045,770,0.001537312935483309,0.04465846164616437,0.011842903970457199,0.008222919274219958
217,samples/sample_000217.npz,rectangular_body_000217,39,43,29,36,15,20,4,7,5,15,20,41.0,32.5,17.5,0.8405318124847987,140,0.0008649257577122333,0.024046315964234573,0.005681486453064393,0.0039934144020926906
218,samples/sample_000218.npz,rectangular_body_000218,23,33,28,44,3,8,10,16,5,3,8,28.0,36.0,5.5,0.6132115979220445,800,0.0015528954270296151,0.45518003437525495,0.03691477032894495,0.0540941216636871
219,samples/sample_000219.npz,rectangular_body_000219,27,40,34,42,8,10,13,8,2,8,10,33.5,38.0,9.0,0.857707734406314,208,0.0008719429212165989,0.10145626469159341,0.011854937963929502,0.01328880292044726
220,samples/sample_000220.npz,rectangular_body_000220,2,17,51,62,12,16,15,11,4,12,16,9.5,56.5,14.0,0.7223231364416982,660,0.0009385935527538181,0.12777498533196513,0.016466747958520753,0.02182647612239989
221,samples/sample_000221.npz,rectangular_body_000221,9,15,35,45,3,5,6,10,2,3,5,12.0,40.0,4.0,0.27558642595623506,120,3.620454462932201e-05,0.06273372552981295,0.002375669888453044,0.005085099063202471
222,samples/sample_000222.npz,rectangular_body_000222,44,60,17,28,12,17,16,11,5,12,17,52.0,22.5,14.5,0.8427649388781568,880,0.0024460885139185244,0.18616112416306776,0.033526196666681614,0.03325868842092636
223,samples/sample_000223.npz,rectangular_body_000223,48,56,43,54,10,13,8,11,3,10,13,52.0,48.5,11.5,0.2458987870638194,264,0.0001434595838385334,0.026249079518654454,0.0031282888830690384,0.004036348242202972
224,samples/sample_000224.npz,rectangular_body_000224,31,40,15,23,14,16,9,8,2,14,16,35.5,19.0,15.0,0.5412624350821327,144,0.0004009420760165592,0.020181810985978255,0.003963708631389146,0.003330621099801228
225,samples/sample_000225.npz,rectangular_body_000225,46,53,21,37,6,9,7,16,3,6,9,49.5,29.0,7.5,0.4948974929092671,336,0.00040489787345718373,0.11540801554844235,0.010729585273082359,0.014866929380833064
226,samples/sample_000226.npz,rectangular_body_000226,5,10,51,59,2,8,5,8,6,2,8,7.5,55.0,5.0,0.5346681212475293,240,9.79719359698291e-05,0.24550419909138202,0.0069560248245696035,0.018102862489443528
227,samples/sample_000227.npz,rectangular_body_000227,38,49,11,25,7,10,11,14,3,7,10,43.5,18.0,8.5,0.9714772436879422,462,0.0010799638324829387,0.256027593660226,0.0278962975098879,0.03573042338270501
228,samples/sample_000228.npz,rectangular_body_000228,26,42,24,37,5,8,16,13,3,5,8,34.0,30.5,6.5,0.43124807661798414,624,0.0012093764439762805,0.18728610175506857,0.019621976894366164,0.024999182529274768
229,samples/sample_000229.npz,rectangular_body_000229,17,25,58,62,7,12,8,4,5,7,12,21.0,60.0,9.5,0.711878377851388,160,0.00018902869740977386,0.07241455565169737,0.004998276529517816,0.008276589018649276
230,samples/sample_000230.npz,rectangular_body_000230,29,40,46,51,12,20,11,5,8,12,20,34.5,48.5,16.0,0.9892650556466507,440,0.002097373451125816,0.10540115529129054,0.020576661351850795,0.017746533032172027
231,samples/sample_000231.npz,rectangular_body_000231,5,12,5,18,11,19,7,13,8,11,19,8.5,11.5,15.0,0.5114082867809959,728,0.0008365027162754734,0.09822143668550146,0.013461651134338705,0.016737200041538888
232,samples/sample_000232.npz,rectangular_body_000232,50,56,28,44,2,10,6,16,8,2,10,53.0,36.0,6.0,0.8081827678497719,768,0.001041822350800253,0.6545572737535409,0.04059429931997731,0.07051864727184026
233,samples/sample_000233.npz,rectangular_body_000233,37,50,23,34,14,17,13,11,3,14,17,43.5,28.5,15.5,0.3702397478733513,429,0.0008948647237472984,0.036587888195499615,0.008001666955840495,0.006253091760828448
234,samples/sample_000234.npz,rectangular_body_000234,37,48,17,21,15,21,11,4,6,15,21,42.5,19.0,18.0,0.3231823155526301,264,0.00040386693501608345,0.016212618499382058,0.0037554479192390294,0.0029237421652106724
235,samples/sample_000235.npz,rectangular_body_000235,7,19,35,50,6,13,12,15,7,6,13,13.0,42.5,9.5,0.7500763029041742,1260,0.0021713495593206453,0.4636846167382971,0.05327033418212283,0.06884892708932469
236,samples/sample_000236.npz,rectangular_body_000236,3,15,42,51,6,14,12,9,8,6,14,9.0,46.5,10.0,0.9700300027104123,864,0.001573196983109657,0.4449191285825855,0.041331303514335886,0.060759274233768965
237,samples/sample_000237.npz,rectangular_body_000237,18,32,48,58,11,14,14,10,3,11,14,25.0,53.0,12.5,0.24987819290877306,420,0.0003138679365911837,0.03440278607636235,0.005123874562844349,0.005667660748236991
238,samples/sample_000238.npz,rectangular_body_000238,28,44,3,15,10,17,16,12,7,10,17,36.0,9.0,13.5,0.7356040132269086,1344,0.003162704932176274,0.28016621289929367,0.044692893848847545,0.04794381021989761
239,samples/sample_000239.npz,rectangular_body_000239,18,24,41,55,2,5,6,14,3,2,5,21.0,48.0,3.5,0.2558702969888061,252,6.678618323886806e-05,0.11443346585178603,0.0048686017548048065,0.010165836765812153
240,samples/sample_000240.npz,rectangular_body_000240,23,38,24,39,5,11,15,15,6,5,11,30.5,31.5,8.0,0.870335982659969,1350,0.0067309136023681534,0.6554682145835509,0.08137982373942951,0.09234183968346145
241,samples/sample_000241.npz,rectangular_body_000241,28,36,5,17,11,14,8,12,3,11,14,32.0,11.0,12.5,0.26463886110946205,288,0.00027260440344026787,0.0263401939429852,0.0037781272730785876,0.004159602131453523
242,samples/sample_000242.npz,rectangular_body_000242,41,52,14,28,7,12,11,14,5,7,12,46.5,21.0,9.5,0.21822690116421928,770,0.0004444926550377109,0.08393435987264511,0.010031566497822225,0.01215027157061438
243,samples/sample_000243.npz,rectangular_body_000243,38,49,31,44,3,8,11,13,5,3,8,43.5,37.5,5.5,0.560567956533323,715,0.0008755142342948087,0.4052751946654659,0.02936880710718929,0.0458140802041329
244,samples/sample_000244.npz,rectangular_body_000244,10,16,45,57,11,15,6,12,4,11,15,13.0,51.0,13.0,0.9197806194195024,288,0.0006243036683893108,0.08780149249568707,0.011744495449793873,0.014391870935544226
245,samples/sample_000245.npz,rectangular_body_000245,3,15,26,34,3,6,12,8,3,3,6,9.0,30.0,4.5,0.4366408519048685,288,0.00016054100787301186,0.17763291281144278,0.008309322571011158,0.01709617218839366
246,samples/sample_000246.npz,rectangular_body_000246,17,29,44,56,15,19,12,12,4,15,19,23.0,50.0,17.0,0.4741696066458017,576,0.0011042165230263946,0.05376875917126063,0.011724835465179172,0.010019160052025983
247,samples/sample_000247.npz,rectangular_body_000247,18,22,29,41,4,8,4,12,4,4,8,20.0,35.0,6.0,0.9369144971952845,192,0.00044854435235136363,0.20876954862612557,0.012993942925620327,0.020435568814224266
248,samples/sample_000248.npz,rectangular_body_000248,9,13,26,41,9,12,4,15,3,9,12,11.0,33.5,10.5,0.997122192087579,180,0.000528782859936672,0.08133325161393509,0.009682707013644414,0.011900373863210505
249,samples/sample_000249.npz,rectangular_body_000249,24,33,7,23,9,12,9,16,3,9,12,28.5,15.0,10.5,0.24927266510384138,432,0.0003583672797662913,0.04520659435780483,0.00614537111183573,0.006898129668909115
250,samples/sample_000250.npz,rectangular_body_000250,17,22,47,57,4,6,5,10,2,4,6,19.5,52.0,5.0,0.27292052000803413,100,3.207436601744893e-05,0.04154922196507747,0.0018332981732730553,0.0036441656904830076
251,samples/sample_000251.npz,rectangular_body_000251,22,36,43,58,8,13,14,15,5,8,13,29.0,50.5,10.5,0.4771147405213568,1050,0.001591138207806209,0.199993022429453,0.027951620342614163,0.031720823885362515
252,samples/sample_000252.npz,rectangular_body_000252,20,35,31,35,6,8,15,4,2,6,8,27.5,33.0,7.0,0.4152014324367905,120,0.00021511502339574304,0.04074624061279043,0.0035683505393118388,0.004704943113168012
253,samples/sample_000253.npz,rectangular_body_000253,6,19,32,45,11,17,13,13,6,11,17,12.5,38.5,14.0,0.279221561359454,1014,0.0009972701355593448,0.07733633764769612,0.013448727418668963,0.013334957136303853
254,samples/sample_000254.npz,rectangular_body_000254,38,51,54,61,10,17,13,7,7,10,17,44.5,57.5,13.5,0.6441032372161397,637,0.0009727820834869456,0.12911198413726677,0.016617270667019856,0.020546232239872012
255,samples/sample_000255.npz,rectangular_body_000255,35,48,3,11,4,6,13,8,2,4,6,41.5,7.0,5.0,0.5203038190406011,208,0.00011637692802388903,0.12985943829662666,0.006540115233524412,0.013407778601896587
256,samples/sample_000256.npz,rectangular_body_000256,49,53,37,46,11,17,4,9,6,11,17,51.0,41.5,14.0,0.5399672178619397,216,0.00038110856181489876,0.036319855022066916,0.005565802407230215,0.005825113551632337
257,samples/sample_000257.npz,rectangular_body_000257,30,37,19,28,16,24,7,9,8,16,24,33.5,23.5,20.0,0.8275098231699369,504,0.003291288857233422,0.06604703695822099,0.018435484079271473,0.011381016123013779
258,samples/sample_000258.npz,rectangular_body_000258,30,42,32,46,14,19,12,14,5,14,19,36.0,39.0,16.5,0.7515436513309226,840,0.004356563312076156,0.12918843588368345,0.031546095679024375,0.02205694893193673
259,samples/sample_000259.npz,rectangular_body_000259,38,42,42,52,7,10,4,10,3,7,10,40.0,47.0,8.5,0.7174683510709243,120,0.00022160088550747422,0.061408783248518214,0.0054369404042699365,0.007303953854284801
260,samples/sample_000260.npz,rectangular_body_000260,30,41,12,17,8,12,11,5,4,8,12,35.5,14.5,10.0,0.5253266359763402,220,0.00035544541870995974,0.06198949080238715,0.006765332377043997,0.008268310988435227
261,samples/sample_000261.npz,rectangular_body_000261,7,15,17,30,14,19,8,13,5,14,19,11.0,23.5,16.5,0.5767499382975229,520,0.001079367982738027,0.06404751055217206,0.0124962364852385,0.01166105492275862
262,samples/sample_000262.npz,rectangular_body_000262,17,28,55,62,6,9,11,7,3,6,9,22.5,58.5,7.5,0.20567784608756565,231,6.970428428223692e-05,0.03845058371143725,0.0024218133629103768,0.004308730296548151
263,samples/sample_000263.npz,rectangular_body_000263,16,23,11,20,4,7,7,9,3,4,7,19.5,15.5,5.5,0.40722257038956694,189,0.00011071692400372404,0.1030170165434603,0.005298724503913034,0.009551842942247615
264,samples/sample_000264.npz,rectangular_body_000264,22,34,23,37,2,7,12,14,5,2,7,28.0,30.0,4.5,0.5834445476172143,840,0.0014148679958436673,0.5422217835082785,0.03827527657762326,0.06190946757553393
265,samples/sample_000265.npz,rectangular_body_000265,23,36,14,27,3,6,13,13,3,3,6,29.5,20.5,4.5,0.4105888841758047,507,0.0004246155329437742,0.22610514519865912,0.015869189300748147,0.026091150830887536
266,samples/sample_000266.npz,rectangular_body_000266,24,36,51,58,8,13,12,7,5,8,13,30.0,54.5,10.5,0.5332940713888342,420,0.0006145249572117405,0.10718717413586965,0.011675864397545675,0.015084928253160951
267,samples/sample_000267.npz,rectangular_body_000267,15,25,13,27,7,15,10,14,8,7,15,20.0,20.0,11.0,0.653172022949642,1120,0.002306682676533734,0.3118422715206539,0.041909432786155845,0.04636239051225644
268,samples/sample_000268.npz,rectangular_body_000268,5,14,15,30,3,6,9,15,3,3,6,9.5,22.5,4.5,0.7162747009473132,405,0.0003106774148553943,0.3442591005992491,0.019224473938351395,0.03774557610601433
269,samples/sample_000269.npz,rectangular_body_000269,11,20,5,17,8,13,9,12,5,8,13,15.5,11.0,10.5,0.42957357572417765,540,0.0004593026255958427,0.10778798605509439,0.011420439211899808,0.01582769020884532
270,samples/sample_000270.npz,rectangular_body_000270,10,19,40,47,14,19,9,7,5,14,19,14.5,43.5,16.5,0.7094088346244332,315,0.0008312735408501526,0.049803972736546416,0.009739622672414327,0.008883247420905042
271,samples/sample_000271.npz,rectangular_body_000271,33,42,40,55,16,19,9,15,3,16,19,37.5,47.5,17.5,0.7080067931449348,405,0.0014329933367350318,0.05322796966947499,0.01273730110313269,0.009787094960489151
272,samples/sample_000272.npz,rectangular_body_000272,19,28,19,28,7,15,9,9,8,7,15,23.5,23.5,11.0,0.3785920907283837,648,0.0009800253845522948,0.11780187124385798,0.014774353157473821,0.015791483748367426
273,samples/sample_000273.npz,rectangular_body_000273,35,48,15,23,3,5,13,8,2,3,5,41.5,19.0,4.0,0.6010788186192544,208,0.00016980299034039637,0.18617141349212757,0.009517573370716265,0.017920700014114548
274,samples/sample_000274.npz,rectangular_body_000274,24,33,46,52,12,14,9,6,2,12,14,28.5,49.0,13.0,0.8153378546488377,108,0.0003453144522433371,0.029952091701736953,0.004609390741224931,0.004653634879570095
275,samples/sample_000275.npz,rectangular_body_000275,34,41,56,62,9,13,7,6,4,9,13,37.5,59.0,11.0,0.29863442722226186,168,0.00011157083478862006,0.023991759221663335,0.0022147034142452906,0.003131632144137815
276,samples/sample_000276.npz,rectangular_body_000276,31,44,8,21,3,6,13,13,3,3,6,37.5,14.5,4.5,0.48743549353489446,507,0.00035817743776545843,0.2684234152875271,0.017877362471892796,0.03129603800875251
277,samples/sample_000277.npz,rectangular_body_000277,44,50,41,55,9,11,6,14,2,9,11,47.0,48.0,10.0,0.5832442591058662,168,0.0002272323599579045,0.047677924951604556,0.005442360441449804,0.006922329365095305
278,samples/sample_000278.npz,rectangular_body_000278,53,60,12,26,10,13,7,14,3,10,13,56.5,19.0,11.5,0.8294292067444629,294,0.0005145730919302424,0.09482806621831892,0.010927157920398181,0.014567063208257586
279,samples/sample_000279.npz,rectangular_body_000279,16,30,17,31,13,15,14,14,2,13,15,23.0,24.0,14.0,0.3474498467529563,392,0.0006741927862612976,0.035279978798666484,0.007243907938934884,0.006003950771283751
280,samples/sample_000280.npz,rectangular_body_000280,28,42,25,34,12,18,14,9,6,12,18,35.0,29.5,15.0,0.6826717955148642,756,0.004108526460547293,0.12912510405765765,0.027778474615476955,0.020688603026934954
281,samples/sample_000281.npz,rectangular_body_000281,52,62,21,31,7,10,10,10,3,7,10,57.0,26.0,8.5,0.7466618430629406,300,0.00042306677322720215,0.14375922423434453,0.01164167762416981,0.01813933134150484
282,samples/sample_000282.npz,rectangular_body_000282,40,49,2,16,6,10,9,14,4,6,10,44.5,9.0,8.0,0.394310436914898,504,0.000324152931334288,0.13008494369070742,0.010770880511158421,0.01702208904189946
283,samples/sample_000283.npz,rectangular_body_000283,51,55,5,17,11,15,4,12,4,11,15,53.0,11.0,13.0,0.8207551791079548,192,0.00033150331452232683,0.05291457280233571,0.006472162239567951,0.008528320051613424
284,samples/sample_000284.npz,rectangular_body_000284,5,9,49,59,13,17,4,10,4,13,17,7.0,54.0,15.0,0.5221968754297813,160,0.00017332618126226094,0.02216184706593682,0.002809099001520242,0.003668835602332059
285,samples/sample_000285.npz,rectangular_body_000285,18,31,25,30,12,17,13,5,5,12,17,24.5,27.5,14.5,0.8400120091096648,325,0.0016423696845811004,0.0749657411858632,0.014688717927770004,0.011874604089257798
286,samples/sample_000286.npz,rectangular_body_000286,30,43,8,24,6,11,13,16,5,6,11,36.5,16.0,8.5,0.8926958595448438,1040,0.0025986683019049786,0.4882440561133199,0.05799711182133153,0.07167172763492932
287,samples/sample_000287.npz,rectangular_body_000287,10,23,27,41,5,7,13,14,2,5,7,16.5,34.0,6.0,0.5153106510874732,364,0.0004229849599521453,0.150303751257874,0.013099489064458129,0.01926971371060424
288,samples/sample_000288.npz,rectangular_body_000288,2,10,42,46,10,16,8,4,6,10,16,6.0,44.0,13.0,0.9860890784300471,192,0.00043235603252683507,0.06846324550796334,0.007751224011693509,0.010056794034446372
289,samples/sample_000289.npz,rectangular_body_000289,19,34,39,45,11,16,15,6,5,11,16,26.5,42.0,13.5,0.7672946439234274,450,0.0017258852169132234,0.10365627401974638,0.018911242124873023,0.016509769854922814
290,samples/sample_000290.npz,rectangular_body_000290,14,21,8,17,3,11,7,9,8,3,11,17.5,12.5,7.0,0.9668653457100038,504,0.000739405206267529,0.535950442626016,0.02990324664776603,0.052381343517842564
291,samples/sample_000291.npz,rectangular_body_000291,5,13,37,43,6,14,8,6,8,6,14,9.0,40.0,10.0,0.418174515724672,384,0.0003555426031874396,0.09782511178233085,0.008351018757485573,0.01201465355778775
292,samples/sample_000292.npz,rectangular_body_000292,48,57,23,31,15,22,9,8,7,15,22,52.5,27.0,18.5,0.65010567883577,504,0.0014270406705968242,0.0594073077234101,0.013076358171195178,0.010938377564418823
293,samples/sample_000293.npz,rectangular_body_000293,26,39,35,44,14,22,13,9,8,14,22,32.5,39.5,18.0,0.7280742591172003,936,0.005445995030726552,0.126721837093808,0.03249515027823062,0.021454425845527682
294,samples/sample_000294.npz,rectangular_body_000294,14,22,3,19,16,22,8,16,6,16,22,18.0,11.0,19.0,0.5780618309466061,768,0.0015513326898338874,0.07189254409743288,0.01602094239617246,0.014174280821585549
295,samples/sample_000295.npz,rectangular_body_000295,24,35,7,20,13,20,11,13,7,13,20,29.5,13.5,16.5,0.4015858600666298,1001,0.0018568545186213017,0.08537913317754463,0.01793054467351424,0.015301845775237747
296,samples/sample_000296.npz,rectangular_body_000296,38,45,9,19,10,18,7,10,8,10,18,41.5,14.0,14.0,0.7744369785084133,560,0.0014684028064851787,0.13477095901135358,0.021024723530659584,0.021604042359793692
297,samples/sample_000297.npz,rectangular_body_000297,25,41,48,59,12,20,16,11,8,12,20,33.0,53.5,16.0,0.9541568060163397,1408,0.005587551058593649,0.2936654173089426,0.057687224859834366,0.053101861233031226
298,samples/sample_000298.npz,rectangular_body_000298,27,40,15,19,8,14,13,4,6,8,14,33.5,17.0,11.0,0.6681809483288637,312,0.0008135500858285256,0.09464546343348385,0.012152780329859978,0.013304598172834588
299,samples/sample_000299.npz,rectangular_body_000299,38,53,8,17,10,15,15,9,5,10,15,45.5,12.5,12.5,0.37603494605370236,675,0.0006683986276192916,0.08437897449600901,0.012215208645398015,0.014006558881530639
300,samples/sample_000300.npz,rectangular_body_000300,44,59,32,41,8,15,15,9,7,8,15,51.5,36.5,11.5,0.25154805775661143,945,0.0007501188694778137,0.09267787582125653,0.01253794070290257,0.014253851314524578
301,samples/sample_000301.npz,rectangular_body_000301,41,56,23,29,4,12,15,6,8,4,12,48.5,26.0,8.0,0.5745756904286867,720,0.0010183053330180822,0.30405182447384405,0.026300398303067178,0.03679972843900998
302,samples/sample_000302.npz,rectangular_body_000302,20,30,3,8,8,12,10,5,4,8,12,25.0,5.5,10.0,0.7871825875801053,200,0.0003164813719223384,0.0859346796973296,0.00732805201100363,0.01094056288724389
303,samples/sample_000303.npz,rectangular_body_000303,29,33,13,28,3,9,4,15,6,3,9,31.0,20.5,6.0,0.3129223223334009,360,0.0003102074711454632,0.12275364627551981,0.008146072833396197,0.012587113208197703
304,samples/sample_000304.npz,rectangular_body_000304,7,18,35,42,14,16,11,7,2,14,16,12.5,38.5,15.0,0.49187479679751434,154,0.00028137512462463466,0.019416776844124503,0.0034741603086557984,0.0033341362029007922
305,samples/sample_000305.npz,rectangular_body_000305,3,14,14,26,12,19,11,12,7,12,19,8.5,20.0,15.5,0.3224782812991032,924,0.0008591446884781409,0.07139721664809401,0.011848101258675858,0.012609023351565704
306,samples/sample_000306.npz,rectangular_body_000306,52,57,46,53,13,20,5,7,7,13,20,54.5,49.5,16.5,0.3901124657729734,245,0.00025797481497007716,0.022254753523048905,0.003544069143997989,0.003909822779860657
307,samples/sample_000307.npz,rectangular_body_000307,16,26,10,19,9,17,10,9,8,9,17,21.0,14.5,13.0,0.43687966710116016,720,0.0009758133324789416,0.10976909089526599,0.015818029469885947,0.01713713321464296
308,samples/sample_000308.npz,rectangular_body_000308,49,61,13,24,3,7,12,11,4,3,7,55.0,18.5,5.0,0.799933393504016,528,0.00043882853430866377,0.48087209083854315,0.026323252849112785,0.05248428070883861
309,samples/sample_000309.npz,rectangular_body_000309,47,51,3,13,12,16,4,10,4,12,16,49.0,8.0,14.0,0.5309146974500472,160,0.00019444505917614783,0.025584918534454257,0.0033465030488403226,0.004172246759361652
310,samples/sample_000310.npz,rectangular_body_000310,17,22,19,31,10,17,5,12,7,10,17,19.5,25.0,13.5,0.7159255896360319,420,0.0012948355066330628,0.09737347798778995,0.016117823846363656,0.015080496075848665
311,samples/sample_000311.npz,rectangular_body_000311,14,24,6,20,16,24,10,14,8,16,24,19.0,13.0,20.0,0.8180567472456166,1120,0.003618729144563789,0.13794492241672904,0.03357645039293582,0.027347405479007263
312,samples/sample_000312.npz,rectangular_body_000312,5,20,28,38,9,16,15,10,7,9,16,12.5,33.0,12.5,0.5422781904292155,1050,0.002116390978833282,0.19097314730833742,0.029020186187941624,0.03078014253646653
313,samples/sample_000313.npz,rectangular_body_000313,16,31,20,27,14,21,15,7,7,14,21,23.5,23.5,17.5,0.41705467484153724,735,0.0017731161573437116,0.05901586955688756,0.014403703207619373,0.010331286469449825
314,samples/sample_000314.npz,rectangular_body_000314,23,37,30,46,5,7,14,16,2,5,7,30.0,38.0,6.0,0.8053544895882767,448,0.0012407561911611641,0.26026307262006865,0.026561260928702632,0.03518714446508059
315,samples/sample_000315.npz,rectangular_body_000315,26,39,5,11,2,5,13,6,3,2,5,32.5,8.0,3.5,0.5076134627199622,234,0.00012023541819437209,0.22279010138109323,0.008147352321092613,0.01899750199906619
316,samples/sample_000316.npz,rectangular_body_000316,49,54,34,38,3,7,5,4,4,3,7,51.5,36.0,5.0,0.2884622005312868,80,3.4896766732855116e-05,0.047566487248793296,0.001615843314317671,0.003291916010714979
317,samples/sample_000317.npz,rectangular_body_000317,2,10,23,34,6,12,8,11,6,6,12,6.0,28.5,9.0,0.6953848158497049,528,0.0007425199078481414,0.2309866993690168,0.01827267191791072,0.028419691701248417
318,samples/sample_000318.npz,rectangular_body_000318,22,28,5,17,8,11,6,12,3,8,11,25.0,11.0,9.5,0.9985715127112051,216,0.0005080069445793701,0.11976222295181119,0.011910767401047018,0.016130334860131636
319,samples/sample_000319.npz,rectangular_body_000319,53,57,40,46,14,21,4,6,7,14,21,55.0,43.0,17.5,0.514789448191705,168,0.00028453700945990233,0.018065322288000965,0.003290226093805397,0.0032206353538055134
320,samples/sample_000320.npz,rectangular_body_000320,14,19,13,23,7,15,5,10,8,7,15,16.5,18.0,11.0,0.6526229382287294,400,0.0006831707283624778,0.1300299405817171,0.014296225272590234,0.017628763961066492
321,samples/sample_000321.npz,rectangular_body_000321,31,43,43,54,10,18,12,11,8,10,18,37.0,48.5,14.0,0.9891184220909932,1056,0.0042584586410887425,0.3032358577346022,0.05270097789098245,0.04992381542778844
322,samples/sample_000322.npz,rectangular_body_000322,32,44,6,21,3,11,12,15,8,3,11,38.0,13.5,7.0,0.6192611690448377,1440,0.0018117899483669816,0.6554915762160285,0.057304784394984584,0.08550865107271458
323,samples/sample_000323.npz,rectangular_body_000323,34,40,23,36,15,19,6,13,4,15,19,37.0,29.5,17.0,0.8707647868773136,312,0.00216501319479466,0.055243127561184414,0.013535350536382561,0.00916784423137713
324,samples/sample_000324.npz,rectangular_body_000324,11,27,10,25,13,20,16,15,7,13,20,19.0,17.5,16.5,0.506345175809118,1680,0.003370878103900561,0.16784883013217833,0.03762661951518126,0.03188508145578991
325,samples/sample_000325.npz,rectangular_body_000325,24,33,51,55,14,19,9,4,5,14,19,28.5,53.0,16.5,0.31407478056583804,180,0.0002297478147382095,0.01276377943534612,0.0024168904707936455,0.0022271070001241722
326,samples/sample_000326.npz,rectangular_body_000326,45,58,27,31,16,18,13,4,2,16,18,51.5,29.0,17.0,0.9485290495058767,104,0.0004438988530877732,0.020048224311299538,0.004236755854561782,0.003620599071440315
327,samples/sample_000327.npz,rectangular_body_000327,35,49,48,58,10,14,14,10,4,10,14,42.0,53.0,12.0,0.49715056276693464,560,0.0007420854708371201,0.09809250603977251,0.013651142449746929,0.015902317637432117
328,samples/sample_000328.npz,rectangular_body_000328,6,20,48,54,4,12,14,6,8,4,12,13.0,51.0,8.0,0.36427672139458817,672,0.00037440234300742707,0.1857193579886851,0.01361587020515055,0.022463683392366842
329,samples/sample_000329.npz,rectangular_body_000329,18,22,54,59,12,16,4,5,4,12,16,20.0,56.5,14.0,0.7547140503259662,80,0.0001540783148424545,0.019009054415455598,0.0024926673266429814,0.0029831508640333817
330,samples/sample_000330.npz,rectangular_body_000330,27,39,3,13,14,21,12,10,7,14,21,33.0,8.0,17.5,0.305371344946018,840,0.0010379352106567896,0.04975918013422627,0.009853178405016118,0.009023505006136499
331,samples/sample_000331.npz,rectangular_body_000331,15,25,53,59,8,12,10,6,4,8,12,20.0,56.0,10.0,0.46847570818187007,240,0.00021790809188674534,0.06047940679012431,0.005527862012293151,0.008086106361689872
332,samples/sample_000332.npz,rectangular_body_000332,10,14,13,21,7,11,4,8,4,7,11,12.0,17.0,9.0,0.42347174857659864,128,0.00010013756664783782,0.037218150983007674,0.0029911718326228517,0.004508725289747023
333,samples/sample_000333.npz,rectangular_body_000333,5,10,29,34,14,18,5,5,4,14,18,7.5,31.5,16.0,0.338816687776381,100,0.00012645464445517495,0.008229933853886425,0.0013614448046875127,0.001376756107116017
334,samples/sample_000334.npz,rectangular_body_000334,3,15,9,20,10,16,12,11,6,10,16,9.0,14.5,13.0,0.3734141190778164,792,0.0006475541999066965,0.09504028050285185,0.012293074435068605,0.01567086988695617
335,samples/sample_000335.npz,rectangular_body_000335,34,42,31,40,16,20,8,9,4,16,20,38.0,35.5,18.0,0.8195652619424556,288,0.001806513263600723,0.0441193111110897,0.011291298017147778,0.007420877829245359
336,samples/sample_000336.npz,rectangular_body_000336,3,12,6,16,9,15,9,10,6,9,15,7.5,11.0,12.0,0.5634030299431099,540,0.0005409531537171235,0.11855232790528011,0.011947029565471015,0.017701823634825326
337,samples/sample_000337.npz,rectangular_body_000337,37,44,37,46,6,14,7,9,8,6,14,40.5,41.5,10.0,0.8257844806528294,504,0.0014761811822810555,0.24588324879488374,0.025914724439227144,0.03027218898845926
338,samples/sample_000338.npz,rectangular_body_000338,15,21,30,39,11,15,6,9,4,11,15,18.0,34.5,13.0,0.7774267610516181,216,0.0007622551783579527,0.057918458630626515,0.00915174539332857,0.008794526589083468
339,samples/sample_000339.npz,rectangular_body_000339,17,21,40,48,8,11,4,8,3,8,11,19.0,44.0,9.5,0.40092542490795086,96,0.00010281240592929532,0.023678101276106485,0.0023312080640027237,0.002958638515941243
340,samples/sample_000340.npz,rectangular_body_000340,39,55,52,62,12,15,16,10,3,12,15,47.0,57.0,13.5,0.5620909171750054,480,0.0006148778957232326,0.07579980377441013,0.010684688221880359,0.013039780643682415
341,samples/sample_000341.npz,rectangular_body_000341,32,48,37,44,6,10,16,7,4,6,10,40.0,40.5,8.0,0.664745408092194,448,0.0009325445023823425,0.1918796841523965,0.019993897917571883,0.024835108162728842
342,samples/sample_000342.npz,rectangular_body_000342,19,34,22,30,9,12,15,8,3,9,12,26.5,26.0,10.5,0.40850054079312326,360,0.0007035313590098228,0.06389287072049094,0.009171971059439905,0.009218609748028182
343,samples/sample_000343.npz,rectangular_body_000343,51,60,39,53,7,15,9,14,8,7,15,55.5,46.0,11.0,0.7460535669979571,1008,0.0015321084133763103,0.326701103701084,0.03522826395504464,0.04852054675430566
344,samples/sample_000344.npz,rectangular_body_000344,26,30,13,26,5,8,4,13,3,5,8,28.0,19.5,6.5,0.9068952040577587,156,0.0003617677833970665,0.13893650877540778,0.009950842058822084,0.01480249364083107
345,samples/sample_000345.npz,rectangular_body_000345,8,22,9,13,15,21,14,4,6,15,21,15.0,11.0,18.0,0.5097485768641463,336,0.0005270216348294645,0.03169253580798788,0.006201811499477437,0.006071156264508553
346,samples/sample_000346.npz,rectangular_body_000346,37,43,13,22,11,14,6,9,3,11,14,40.0,17.5,12.5,0.3052611858997152,162,0.00018073696757542703,0.018152426551604813,0.002681716477127886,0.002744855366722786
347,samples/sample_000347.npz,rectangular_body_000347,23,31,20,32,12,19,8,12,7,12,19,27.0,26.0,15.5,0.9165663628258727,672,0.004035976375848336,0.15138734794868566,0.032148838316302095,0.024429515563277413
348,samples/sample_000348.npz,rectangular_body_000348,41,51,29,37,5,8,10,8,3,5,8,46.0,33.0,6.5,0.22432557542268167,240,0.00014182772177730746,0.053291981126635316,0.0037609801190139278,0.005672642284878635
349,samples/sample_000349.npz,rectangular_body_000349,49,60,18,29,2,4,11,11,2,2,4,54.5,23.5,3.0,0.5722132920249465,242,0.00010712714494661601,0.24362121068461698,0.009871489803533152,0.022948051649726166
350,samples/sample_000350.npz,rectangular_body_000350,7,11,40,49,9,11,4,9,2,9,11,9.0,44.5,10.0,0.5426040553001996,72,7.718947901203592e-05,0.021449742083738118,0.001969158964710377,0.00284497521481568
351,samples/sample_000351.npz,rectangular_body_000351,36,52,34,39,2,8,16,5,6,2,8,44.0,36.5,5.0,0.5538418402703627,480,0.0005427019398117669,0.3416077865708859,0.019804838907218174,0.03357053759821374
352,samples/sample_000352.npz,rectangular_body_000352,31,40,22,33,7,15,9,11,8,7,15,35.5,27.5,11.0,0.6082255932719172,792,0.0027169775532349134,0.22294537380207732,0.029928160252566262,0.030044502756153918
353,samples/sample_000353.npz,rectangular_body_000353,5,9,51,58,7,9,4,7,2,7,9,7.0,54.5,8.0,0.4920386840399596,56,3.220335183697666e-05,0.023073308597892948,0.0012473983705617651,0.0024901343793294166
354,samples/sample_000354.npz,rectangular_body_000354,25,38,10,21,6,14,13,11,8,6,14,31.5,15.5,10.0,0.3816796227602353,1144,0.0015271263350393584,0.21762493939490263,0.02592543433847079,0.030583409024472454
355,samples/sample_000355.npz,rectangular_body_000355,19,32,28,42,3,5,13,14,2,3,5,25.5,35.0,4.0,0.591368352740427,364,0.00048449060378616843,0.24180124165245054,0.016993962106381957,0.028197319983706087
356,samples/sample_000356.npz,rectangular_body_000356,27,39,38,49,5,7,12,11,2,5,7,33.0,43.5,6.0,0.47158621273453494,264,0.00034258891892962945,0.11465693341599469,0.008999775428652497,0.013231858288774651
357,samples/sample_000357.npz,rectangular_body_000357,43,57,8,14,2,8,14,6,6,2,8,50.0,11.0,5.0,0.6556696365438632,504,0.0003215288422463127,0.4433491249639877,0.020883873985273388,0.04343513772450776
358,samples/sample_000358.npz,rectangular_body_000358,5,14,42,51,4,8,9,9,4,4,8,9.5,46.5,6.0,0.29503093423958965,324,0.00011520242511869609,0.10826057247520968,0.005752689699986782,0.011004063249072263
359,samples/sample_000359.npz,rectangular_body_000359,31,37,19,24,14,21,6,5,7,14,21,34.0,21.5,17.5,0.8424756691068065,210,0.0011654417673747004,0.03686471870972505,0.008453188547936568,0.006134468632923426
360,samples/sample_000360.npz,rectangular_body_000360,8,21,17,22,11,18,13,5,7,11,18,14.5,19.5,14.5,0.23510802135108363,455,0.00034893928531267517,0.03002635684638424,0.0049884368253253495,0.005056772899494031
361,samples/sample_000361.npz,rectangular_body_000361,21,36,16,24,7,15,15,8,8,7,15,28.5,20.0,11.0,0.46174022389864144,960,0.0018455173216808092,0.19119950338424796,0.02647319104003754,0.027597455913746186
362,samples/sample_000362.npz,rectangular_body_000362,13,21,37,52,5,12,8,15,7,5,12,17.0,44.5,8.5,0.49735349311795063,840,0.0009353470579642577,0.2622744484245898,0.025663926143157406,0.03461667302187596
363,samples/sample_000363.npz,rectangular_body_000363,22,26,30,35,15,17,4,5,2,15,17,24.0,32.5,16.0,0.8163838604631841,40,0.0002357898547719794,0.007870267773390761,0.0016748335165787105,0.001258322367323106
364,samples/sample_000364.npz,rectangular_body_000364,26,36,52,60,2,6,10,8,4,2,6,31.0,56.0,4.0,0.4516506584311656,320,0.00016261510813299525,0.25891793922650547,0.0096446231276766,0.021955106978603037
365,samples/sample_000365.npz,rectangular_body_000365,46,61,58,62,5,8,15,4,3,5,8,53.5,60.0,6.5,0.802561997019702,180,0.00013248421823123277,0.1319670727616265,0.006296315769217992,0.014038697817775631
366,samples/sample_000366.npz,rectangular_body_000366,23,38,54,60,5,12,15,6,7,5,12,30.5,57.0,8.5,0.8759416352854703,630,0.0011500271381744715,0.36056935351384684,0.02920447094690707,0.04533276495285107
367,samples/sample_000367.npz,rectangular_body_000367,28,32,50,58,7,9,4,8,2,7,9,30.0,54.0,8.0,0.28488295367735594,64,4.019908817063122e-05,0.014886087382014732,0.0010668414791450184,0.0016598274302606457
368,samples/sample_000368.npz,rectangular_body_000368,24,29,8,20,8,10,5,12,2,8,10,26.5,14.0,9.0,0.35119494460946304,120,0.00011034818267535199,0.02567767724548808,0.0025226568649866265,0.003321277236755401
369,samples/sample_000369.npz,rectangular_body_000369,35,47,8,23,12,18,12,15,6,12,18,41.0,15.5,15.0,0.7001497346255863,1080,0.00292622593431281,0.18134147742782986,0.035772613503842435,0.03237821874046016
370,samples/sample_000370.npz,rectangular_body_000370,2,12,22,36,4,11,10,14,7,4,11,7.0,29.0,7.5,0.38988554942310377,980,0.0006911608366095591,0.27860360138291274,0.020930750498761214,0.03456151015915805
371,samples/sample_000371.npz,rectangular_body_000371,5,11,5,21,3,5,6,16,2,3,5,8.0,13.0,4.0,0.3385376605575223,192,4.63075449809596e-05,0.09140876470613762,0.003970753481112642,0.009205779897728101
372,samples/sample_000372.npz,rectangular_body_000372,36,45,23,34,7,9,9,11,2,7,9,40.5,28.5,8.0,0.8503371364057841,198,0.0006192476321348964,0.11746511858143027,0.011471771060947891,0.014307606023553592
373,samples/sample_000373.npz,rectangular_body_000373,48,53,10,14,14,21,5,4,7,14,21,50.5,12.0,17.5,0.7757885161461189,140,0.00032119870081574005,0.022816118208200342,0.004027614804398707,0.00414857977671112
374,samples/sample_000374.npz,rectangular_body_000374,39,54,34,40,10,13,15,6,3,10,13,46.5,37.0,11.5,0.901959485063887,270,0.0009193836495251144,0.09382415671466833,0.01379881330063214,0.014309109240399158
375,samples/sample_000375.npz,rectangular_body_000375,36,42,2,18,10,17,6,16,7,10,17,39.0,10.0,13.5,0.6594562509508131,672,0.0013688101434017241,0.1337358716456001,0.02030005681028349,0.022064513417025367
376,samples/sample_000376.npz,rectangular_body_000376,31,44,26,41,3,10,13,15,7,3,10,37.5,33.5,6.5,0.8006917780458849,1365,0.00415197957612703,0.8267370119497552,0.0794088079102376,0.10600438906882637
377,samples/sample_000377.npz,rectangular_body_000377,17,26,41,50,7,13,9,9,6,7,13,21.5,45.5,10.0,0.5447437845687415,486,0.0007646651879965214,0.14383266420969046,0.015793056028133454,0.01904421509658704
378,samples/sample_000378.npz,rectangular_body_000378,11,23,8,17,8,13,12,9,5,8,13,17.0,12.5,10.5,0.8820852455976098,540,0.0010301034527586243,0.2213315755277973,0.024638868976427523,0.03253401159930506
379,samples/sample_000379.npz,rectangular_body_000379,27,43,43,54,3,5,16,11,2,3,5,35.0,48.5,4.0,0.9597595667381016,352,0.0004945014772402439,0.38082721696799443,0.02533026369389727,0.044713037560927024
380,samples/sample_000380.npz,rectangular_body_000380,25,36,44,48,13,19,11,4,6,13,19,30.5,46.0,16.0,0.6441069422589201,264,0.0009312813085118688,0.04035271994336395,0.008292814853141393,0.006763028337663138
381,samples/sample_000381.npz,rectangular_body_000381,42,52,39,54,4,8,10,15,4,4,8,47.0,46.5,6.0,0.2865033742690541,600,0.00026574026282455226,0.1497512110273111,0.011499771986808679,0.018390366768788996
382,samples/sample_000382.npz,rectangular_body_000382,19,24,44,59,11,17,5,15,6,11,17,21.5,51.5,14.0,0.6187145232367622,450,0.0008781197903134949,0.0799454974380639,0.012946228484250102,0.01347854642187491
383,samples/sample_000383.npz,rectangular_body_000383,5,14,12,24,12,15,9,12,3,12,15,9.5,18.0,13.5,0.4126553250275675,324,0.00033682514381343416,0.04019915267073907,0.005770112299393081,0.006761492274897859
384,samples/sample_000384.npz,rectangular_body_000384,26,38,41,54,11,13,12,13,2,11,13,32.0,47.5,12.0,0.6742780120460952,312,0.0009168271706936367,0.0724901504150268,0.011630119699194749,0.011580677116303634
385,samples/sample_000385.npz,rectangular_body_000385,7,21,11,25,8,12,14,14,4,8,12,14.0,18.0,10.0,0.9106792757326654,784,0.001609496347931677,0.3080813387541679,0.03870642583896507,0.048626358640688386
386,samples/sample_000386.npz,rectangular_body_000386,14,27,3,19,12,20,13,16,8,12,20,20.5,11.0,16.0,0.8451600176022716,1664,0.004596160067229094,0.3012723558542492,0.05802783875938758,0.056147989121184204
387,samples/sample_000387.npz,rectangular_body_000387,44,53,20,24,6,14,9,4,8,6,14,48.5,22.0,10.0,0.6281035382871898,288,0.00047587426707143413,0.11118728884729709,0.01051858676620256,0.013609542495164946
388,samples/sample_000388.npz,rectangular_body_000388,19,27,41,56,15,21,8,15,6,15,21,23.0,48.5,18.0,0.6120977051006158,720,0.0019572900574518215,0.0794732540416346,0.018660718910606885,0.014890490639988077
389,samples/sample_000389.npz,rectangular_body_000389,5,18,12,22,9,17,13,10,8,9,17,11.5,17.0,13.0,0.5463011145762704,1040,0.0014339160044515072,0.18722885622955376,0.025939369246529356,0.030688106154327956
390,samples/sample_000390.npz,rectangular_body_000390,31,45,14,22,5,12,14,8,7,5,12,38.0,18.0,8.5,0.8660556632691239,784,0.0019325588717332472,0.43827520345216275,0.04360683624365009,0.05595956997254079
391,samples/sample_000391.npz,rectangular_body_000391,4,16,32,38,12,16,12,6,4,12,16,10.0,35.0,14.0,0.24639238878913794,288,0.00024884109145171943,0.020644120414320743,0.003241679038905011,0.0033968216853880987
392,samples/sample_000392.npz,rectangular_body_000392,11,16,33,42,10,14,5,9,4,10,14,13.5,37.5,12.0,0.9902477274390338,180,0.0005830851969551405,0.0717818163049809,0.009445185948987926,0.01054544316334771
393,samples/sample_000393.npz,rectangular_body_000393,35,43,30,45,3,11,8,15,8,3,11,39.0,37.5,7.0,0.863742494584296,960,0.002670487299436761,0.6970764810786965,0.058732108803255564,0.0806347336590515
394,samples/sample_000394.npz,rectangular_body_000394,12,21,41,53,8,10,9,12,2,8,10,16.5,47.0,9.0,0.5022714726663857,216,0.0002327325257124369,0.062069195481354256,0.006331630068093331,0.008500819735161026
395,samples/sample_000395.npz,rectangular_body_000395,15,24,12,27,2,10,9,15,8,2,10,19.5,19.5,6.0,0.8590554994415078,1080,0.0016563021611560136,0.9111157829393479,0.06450955989868756,0.10339268082676789
396,samples/sample_000396.npz,rectangular_body_000396,8,23,37,48,5,12,15,11,7,5,12,15.5,42.5,8.5,0.6643696271346302,1155,0.0017443524926174998,0.4496469685589076,0.04675502217044206,0.06224134332864399
397,samples/sample_000397.npz,rectangular_body_000397,51,56,33,43,13,17,5,10,4,13,17,53.5,38.0,15.0,0.9545901800588512,200,0.0006649451410306156,0.05048460891921952,0.008464706628708879,0.008526685447382274
398,samples/sample_000398.npz,rectangular_body_000398,55,61,49,62,2,7,6,13,5,2,7,58.0,55.5,4.5,0.7087067228446473,390,0.0001826707277285572,0.42534369563952507,0.014217615738326911,0.03789480604100036
399,samples/sample_000399.npz,rectangular_body_000399,31,44,53,62,11,16,13,9,5,11,16,37.5,57.5,13.5,0.5329963653451448,585,0.0008761325615546316,0.09403577306501625,0.013123140287658434,0.015153663169090949
400,samples/sample_000400.npz,rectangular_body_000400,19,23,44,52,15,21,4,8,6,15,21,21.0,48.0,18.0,0.786518605869515,192,0.0006378253796516734,0.029259036023575807,0.006399771569508084,0.00532189515076907
401,samples/sample_000401.npz,rectangular_body_000401,52,62,32,36,4,12,10,4,8,4,12,57.0,34.0,8.0,0.5031663394713132,320,0.0003149059825969144,0.14536394062572527,0.008685846182110055,0.014862824538796074
402,samples/sample_000402.npz,rectangular_body_000402,42,47,44,53,7,11,5,9,4,7,11,44.5,48.5,9.0,0.43354287545025444,180,0.00017413120268276738,0.05221643454352963,0.004632110065820863,0.006377180700253374
403,samples/sample_000403.npz,rectangular_body_000403,14,26,4,12,15,18,12,8,3,15,18,20.0,8.0,16.5,0.21565806432900284,288,0.00018547419403357814,0.013227173076922881,0.0023472557259094804,0.0024031380848406523
404,samples/sample_000404.npz,rectangular_body_000404,15,28,39,48,13,16,13,9,3,13,16,21.5,43.5,14.5,0.655977825494131,351,0.0009787265104661729,0.06057204077905642,0.011665320487790667,0.010256542526178683
405,samples/sample_000405.npz,rectangular_body_000405,25,38,52,60,9,13,13,8,4,9,13,31.5,56.0,11.0,0.5919073841731999,416,0.0006881719692639592,0.10439160610413203,0.012057816053530679,0.015376285472021857
406,samples/sample_000406.npz,rectangular_body_000406,38,43,13,29,5,10,5,16,5,5,10,40.5,21.0,7.5,0.21008842483278445,400,0.0002222617737610538,0.06237003095032774,0.005664889536689348,0.007599978271949325
407,samples/sample_000407.npz,rectangular_body_000407,12,26,31,36,10,12,14,5,2,10,12,19.0,33.5,11.0,0.32256682372431683,140,0.00019435374342839743,0.019119999567996027,0.0026694557706340204,0.002783881490399432
408,samples/sample_000408.npz,rectangular_body_000408,44,60,20,26,10,18,16,6,8,10,18,52.0,23.0,14.0,0.8352757934058033,768,0.002073213877256062,0.1842639010955507,0.029839382775015848,0.030992498376640136
409,samples/sample_000409.npz,rectangular_body_000409,7,15,44,59,2,10,8,15,8,2,10,11.0,51.5,6.0,0.21014345627864844,960,0.0002215965710710578,0.20552692133720565,0.011837441522175937,0.02306840427106173
410,samples/sample_000410.npz,rectangular_body_000410,38,50,13,23,8,12,12,10,4,8,12,44.0,18.0,10.0,0.30070250929708897,480,0.0003925389679834099,0.07018765430184032,0.00844075169473964,0.010080550701124898
411,samples/sample_000411.npz,rectangular_body_000411,25,37,4,8,2,6,12,4,4,2,6,31.0,6.0,4.0,0.37354739383965285,192,7.424740415025305e-05,0.13966223062115288,0.004523666429400526,0.010944917010771377
412,samples/sample_000412.npz,rectangular_body_000412,26,36,23,32,14,16,10,9,2,14,16,31.0,27.5,15.0,0.2021828894095138,180,0.0002880356757123604,0.00926555480314491,0.001956664609117958,0.0014726037827810501
413,samples/sample_000413.npz,rectangular_body_000413,51,60,28,42,9,14,9,14,5,9,14,55.5,35.0,11.5,0.8990083770992705,630,0.0015841832725255185,0.2189462250281522,0.02747749611423901,0.0335876153360595
414,samples/sample_000414.npz,rectangular_body_000414,31,43,35,50,12,20,12,15,8,12,20,37.0,42.5,16.0,0.3241290269433445,1440,0.002661021316311956,0.10226643746773949,0.023195196229111932,0.017628457027055476
415,samples/sample_000415.npz,rectangular_body_000415,6,16,13,21,12,20,10,8,8,12,20,11.0,17.0,16.0,0.439146502862248,640,0.0008282753289292824,0.06726237814499128,0.011327524739846188,0.011890563000462422
416,samples/sample_000416.npz,rectangular_body_000416,51,59,36,45,11,19,8,9,8,11,19,55.0,40.5,15.0,0.8252370179511368,576,0.0014733220269533788,0.12991729778482525,0.020150181356933007,0.021521441843104706
417,samples/sample_000417.npz,rectangular_body_000417,30,45,30,37,11,16,15,7,5,11,16,37.5,33.5,13.5,0.21134271803286275,525,0.0007700147821093731,0.03310946870475823,0.006267989971453405,0.005151395708540529
418,samples/sample_000418.npz,rectangular_body_000418,23,36,31,47,13,21,13,16,8,13,21,29.5,39.0,17.0,0.5609443448135512,1664,0.006935187089316708,0.18034196739527278,0.04593639493632552,0.031008393754710137
419,samples/sample_000419.npz,rectangular_body_000419,48,56,2,11,10,13,8,9,3,10,13,52.0,6.5,11.5,0.41957986452536505,216,0.00015493196370782396,0.03773919152470412,0.0035894932565556006,0.005454742465060912
420,samples/sample_000420.npz,rectangular_body_000420,22,35,29,45,8,14,13,16,6,8,14,28.5,37.0,11.0,0.3800568563877542,1248,0.0026704385257710107,0.17893604562726706,0.029227356472333134,0.027370541727237616
421,samples/sample_000421.npz,rectangular_body_000421,35,49,15,22,5,8,14,7,3,5,8,42.0,18.5,6.5,0.9147633290094612,294,0.0005422528779460927,0.23958171390432942,0.0184372450027881,0.027597861047483567
422,samples/sample_000422.npz,rectangular_body_000422,10,16,31,41,2,6,6,10,4,2,6,13.0,36.0,4.0,0.42342203819465435,240,0.00012907060538267979,0.2019353227206297,0.007463610859709878,0.01586104112251853
423,samples/sample_000423.npz,rectangular_body_000423,4,19,34,48,12,18,15,14,6,12,18,11.5,41.0,15.0,0.5194297851936738,1260,0.002209769569251313,0.15340408242373188,0.02883049716923148,0.027981959543453915
424,samples/sample_000424.npz,rectangular_body_000424,33,45,31,45,16,19,12,14,3,16,19,39.0,38.0,17.5,0.7866528553092669,504,0.0026557469297490625,0.07257906319944477,0.018946416630819904,0.012717170055735433
425,samples/sample_000425.npz,rectangular_body_000425,17,22,30,46,7,15,5,16,8,7,15,19.5,38.0,11.0,0.7817372920045089,640,0.0018819870782419738,0.21929703062284106,0.029574175194611897,0.03145749468712265
426,samples/sample_000426.npz,rectangular_body_000426,46,61,21,33,11,17,15,12,6,11,17,53.5,27.0,14.0,0.9283226504553199,1080,0.0034250882772691423,0.2694832210235665,0.04582483494549623,0.04668938165930557
427,samples/sample_000427.npz,rectangular_body_000427,27,38,7,16,15,21,11,9,6,15,21,32.5,11.5,18.0,0.263656390702372,594,0.0007471064135802047,0.0290980355536459,0.0064024488222375695,0.005344981498717544
428,samples/sample_000428.npz,rectangular_body_000428,35,50,6,19,10,14,15,13,4,10,14,42.5,12.5,12.0,0.25232017717556093,780,0.0005471557705249952,0.06545456300113092,0.009858987331153663,0.011004074933049293
429,samples/sample_000429.npz,rectangular_body_000429,29,45,17,31,4,9,16,14,5,4,9,37.0,24.0,6.5,0.9384024551434884,1120,0.0031539954044501346,0.719501577352496,0.0752438861285096,0.09847517884186999
430,samples/sample_000430.npz,rectangular_body_000430,16,24,19,25,7,13,8,6,6,7,13,20.0,22.0,10.0,0.572326344208516,288,0.0005085483869543644,0.09526286007179918,0.010008304234035013,0.012021559544904158
431,samples/sample_000431.npz,rectangular_body_000431,50,60,49,58,13,15,10,9,2,13,15,55.0,53.5,14.0,0.9215554754229345,180,0.0003478881314147175,0.04770145146559176,0.006156488946592995,0.007997890713337612
432,samples/sample_000432.npz,rectangular_body_000432,35,43,52,59,4,6,8,7,2,4,6,39.0,55.5,5.0,0.7811988803087455,112,0.00010542919730713733,0.13520815852427767,0.0056001262809066196,0.01165938186091544
433,samples/sample_000433.npz,rectangular_body_000433,12,28,34,44,14,16,16,10,2,14,16,20.0,39.0,15.0,0.6913400198225484,320,0.001071228370609762,0.05215308614424148,0.011133485104331153,0.009097923389674823
434,samples/sample_000434.npz,rectangular_body_000434,24,34,15,27,5,10,10,12,5,5,10,29.0,21.0,7.5,0.5922204950511614,600,0.0011339418702184748,0.2654918582818323,0.024349794811748798,0.03217882350763106
435,samples/sample_000435.npz,rectangular_body_000435,18,34,48,54,7,11,16,6,4,7,11,26.0,51.0,9.0,0.5277638828293317,384,0.0005022094332424443,0.11208104776215376,0.0119550572452763,0.015578329343359263
436,samples/sample_000436.npz,rectangular_body_000436,35,50,24,33,15,19,15,9,4,15,19,42.5,28.5,17.0,0.3126353765488687,540,0.0010579977250518117,0.033117156898879826,0.008108628002647148,0.0057847722115643655
437,samples/sample_000437.npz,rectangular_body_000437,31,39,23,39,8,12,8,16,4,8,12,35.0,31.0,10.0,0.7737800451645176,512,0.0024733865691426923,0.18246010221455133,0.025548478371112224,0.025805156729978396
438,samples/sample_000438.npz,rectangular_body_000438,52,60,22,37,12,16,8,15,4,12,16,56.0,29.5,14.0,0.7253384418588682,480,0.0011414580147252771,0.09596534538627463,0.015128557768112661,0.016217113094987027
439,samples/sample_000439.npz,rectangular_body_000439,45,60,38,44,4,8,15,6,4,4,8,52.5,41.0,6.0,0.5372151522358461,360,0.0002923517468868494,0.1905554799153627,0.012372804822400251,0.021303828609537667
440,samples/sample_000440.npz,rectangular_body_000440,15,24,42,54,6,13,9,12,7,6,13,19.5,48.0,9.5,0.4932605548462191,756,0.0008895450635864929,0.21034535681938277,0.021757941673524482,0.028300059342970536
441,samples/sample_000441.npz,rectangular_body_000441,29,44,29,36,13,16,15,7,3,13,16,36.5,32.5,14.5,0.6994560891584871,315,0.0017487769865499306,0.05741378322471981,0.012037219369868502,0.0091835667094924
442,samples/sample_000442.npz,rectangular_body_000442,34,47,16,20,5,7,13,4,2,5,7,40.5,18.0,6.0,0.9104269377863292,104,0.00018276792486325664,0.10226904338068754,0.006651580774838085,0.010593980323466357
443,samples/sample_000443.npz,rectangular_body_000443,39,51,43,52,7,13,12,9,6,7,13,45.0,47.5,10.0,0.5669255990716129,648,0.0009182717156001702,0.18738997130650192,0.02102143456689942,0.02626306623823867
444,samples/sample_000444.npz,rectangular_body_000444,11,21,34,40,9,13,10,6,4,9,13,16.0,37.0,11.0,0.39800444080404723,240,0.0003248635569317865,0.043636791687776885,0.005454725778911949,0.006148368103851411
445,samples/sample_000445.npz,rectangular_body_000445,12,16,43,50,8,14,4,7,6,8,14,14.0,46.5,11.0,0.7246848909783559,168,0.0002898393887044669,0.061358113311014754,0.006415940146243295,0.008287027147725333
446,samples/sample_000446.npz,rectangular_body_000446,29,45,2,11,12,17,16,9,5,12,17,37.0,6.5,14.5,0.4870567154309393,720,0.001059101563720866,0.08975947797222505,0.0142146357685129,0.015360529048437686
447,samples/sample_000447.npz,rectangular_body_000447,2,13,39,47,7,11,11,8,4,7,11,7.5,43.0,9.0,0.5434582464349951,352,0.00034174367337370384,0.11628245870829394,0.009669285698430384,0.014931051935422119
448,samples/sample_000448.npz,rectangular_body_000448,40,54,2,14,11,14,14,12,3,11,14,47.0,8.0,12.5,0.7511212929935864,504,0.0008330124874797046,0.12089683336977178,0.016058333924541826,0.020229456270493232
449,samples/sample_000449.npz,rectangular_body_000449,6,14,21,31,13,18,8,10,5,13,18,10.0,26.0,15.5,0.991799094182706,400,0.001396014866426468,0.09754708556410932,0.017039651272938966,0.016855887764681148
450,samples/sample_000450.npz,rectangular_body_000450,21,30,41,51,5,10,9,10,5,5,10,25.5,46.0,7.5,0.8452482301553059,450,0.0009548710027569587,0.3110019735579177,0.025353576879608472,0.0356645233865875
451,samples/sample_000451.npz,rectangular_body_000451,36,43,48,57,11,18,7,9,7,11,18,39.5,52.5,14.5,0.7482315196018712,441,0.0011141512280074023,0.09573493455750719,0.015151340704646316,0.015636422754081485
452,samples/sample_000452.npz,rectangular_body_000452,15,28,37,47,10,14,13,10,4,10,14,21.5,42.0,12.0,0.5806054362460584,520,0.0011582975730788296,0.10831162911814898,0.01702991503594652,0.01684326536220837
453,samples/sample_000453.npz,rectangular_body_000453,25,39,35,47,11,17,14,12,6,11,17,32.0,41.0,14.0,0.5956389732063034,1008,0.0038867854541228177,0.16347112679228082,0.03273524721453983,0.0266354591239454
454,samples/sample_000454.npz,rectangular_body_000454,40,46,50,61,3,9,6,11,6,3,9,43.0,55.5,6.0,0.7560702542927682,396,0.0003832845051708547,0.36509470880351713,0.01793659536605927,0.034977300880379994
455,samples/sample_000455.npz,rectangular_body_000455,40,51,2,9,2,9,11,7,7,2,9,45.5,5.5,5.5,0.2894138458678411,539,0.00015646125525602665,0.2149745347349481,0.008623045114708355,0.01927143408069679
456,samples/sample_000456.npz,rectangular_body_000456,21,34,30,43,15,20,13,13,5,15,20,27.5,36.5,17.5,0.2827657670020758,845,0.0018499576238956413,0.04425785614574002,0.011611960196502404,0.007564143069403278
457,samples/sample_000457.npz,rectangular_body_000457,47,56,17,32,10,13,9,15,3,10,13,51.5,24.5,11.5,0.2057312981236633,405,0.00024159352927420743,0.031119085971433577,0.004356833893792924,0.004942335529323512
458,samples/sample_000458.npz,rectangular_body_000458,51,59,43,53,15,18,8,10,3,15,18,55.0,48.0,16.5,0.4513462102813877,240,0.0003011474287844157,0.02346707071295868,0.004021679696644023,0.0042817529842286445
459,samples/sample_000459.npz,rectangular_body_000459,17,28,8,16,16,22,11,8,6,16,22,22.5,12.0,19.0,0.717596288713876,528,0.0015276182506404577,0.06395516687799055,0.014616482974744133,0.012196852988398094
460,samples/sample_000460.npz,rectangular_body_000460,38,51,23,38,11,13,13,15,2,11,13,44.5,30.5,12.0,0.24594474373964925,390,0.00045461385299337936,0.03156251291958251,0.005464466785716187,0.005107413664485205
461,samples/sample_000461.npz,rectangular_body_000461,15,25,49,57,8,16,10,8,8,8,16,20.0,53.0,12.0,0.590281469719621,640,0.0009465862629526192,0.1541429158841181,0.01845152316479956,0.022863868168836683
462,samples/sample_000462.npz,rectangular_body_000462,20,24,47,62,9,17,4,15,8,9,17,22.0,54.5,13.0,0.8378234009253662,480,0.0010899659529153211,0.1357723134194522,0.018331486467827347,0.02143151228960723
463,samples/sample_000463.npz,rectangular_body_000463,37,50,27,40,16,19,13,13,3,16,19,43.5,33.5,17.5,0.8911703468401846,507,0.0029573398742379284,0.08290451921761763,0.021175946356749676,0.014759288225221536
464,samples/sample_000464.npz,rectangular_body_000464,10,21,5,14,14,19,11,9,5,14,19,15.5,9.5,16.5,0.21133258429818824,495,0.00029139862126069166,0.022633397216846516,0.0039022967319789796,0.004144810686884517
465,samples/sample_000465.npz,rectangular_body_000465,11,21,12,27,6,8,10,15,2,6,8,16.0,19.5,7.0,0.8933957877778471,300,0.0004905661188473304,0.1927521529277688,0.017262379151916023,0.025237806142386233
466,samples/sample_000466.npz,rectangular_body_000466,40,55,26,41,12,16,15,15,4,12,16,47.5,33.5,14.0,0.9248373283387281,900,0.003954169942126487,0.21229734713250112,0.04242409911792333,0.037166049036638484
467,samples/sample_000467.npz,rectangular_body_000467,47,59,32,40,3,8,12,8,5,3,8,53.0,36.0,5.5,0.766185004648491,480,0.0005759630218165906,0.433931400029827,0.024311625593641754,0.04438734933338509
468,samples/sample_000468.npz,rectangular_body_000468,19,24,24,36,12,20,5,12,8,12,20,21.5,30.0,16.0,0.8096885987257403,480,0.0024087060436168463,0.0930251514508594,0.0195868433266014,0.015188017547435387
469,samples/sample_000469.npz,rectangular_body_000469,23,35,25,39,14,22,12,14,8,14,22,29.0,32.0,18.0,0.3256019665527752,1344,0.0043073573410219515,0.07870183236514636,0.021161838284004586,0.013243274968582767
470,samples/sample_000470.npz,rectangular_body_000470,32,37,7,18,3,10,5,11,7,3,10,34.5,12.5,6.5,0.7072032847103074,385,0.0005442616204323472,0.31793896653221876,0.017835554040899572,0.030358393609649963
471,samples/sample_000471.npz,rectangular_body_000471,39,47,32,48,5,8,8,16,3,5,8,43.0,40.0,6.5,0.6847876333625573,384,0.0006243527556475243,0.2119435291504665,0.01844671584068687,0.026011062422907405
472,samples/sample_000472.npz,rectangular_body_000472,38,43,36,42,16,19,5,6,3,16,19,40.5,39.0,17.5,0.20591182702988214,90,0.0001121396158164295,0.003748265706862119,0.0008818739572318301,0.0006349274158052331
473,samples/sample_000473.npz,rectangular_body_000473,41,56,14,29,8,12,15,15,4,8,12,48.5,21.5,10.0,0.5145206303520617,900,0.0012229365091986433,0.1921209205346272,0.026351295069499965,0.030697121193147894
474,samples/sample_000474.npz,rectangular_body_000474,47,62,34,40,10,17,15,6,7,10,17,54.5,37.0,13.5,0.9103422504531367,630,0.001827656595655006,0.1761163446896848,0.02619732797311429,0.02860162811561615
475,samples/sample_000475.npz,rectangular_body_000475,31,35,36,41,4,11,4,5,7,4,11,33.0,38.5,7.5,0.5716542306861375,140,0.0003276186030884618,0.09113107041678381,0.005636014427392581,0.008033062683931705
476,samples/sample_000476.npz,rectangular_body_000476,13,23,23,34,7,9,10,11,2,7,9,18.0,28.5,8.0,0.8823248728458906,220,0.0005694323836470497,0.13192894108078718,0.01274928253817442,0.01660166953653656
477,samples/sample_000477.npz,rectangular_body_000477,5,19,43,52,6,10,14,9,4,6,10,12.0,47.5,8.0,0.8602604637656712,504,0.0007163494568882978,0.2838041408577193,0.024541513759242028,0.03770367949908026
478,samples/sample_000478.npz,rectangular_body_000478,40,53,26,32,11,16,13,6,5,11,16,46.5,29.0,13.5,0.5716903981579067,390,0.0010152591362512476,0.06894241546548607,0.011797638672625562,0.010986963631658096
479,samples/sample_000479.npz,rectangular_body_000479,28,34,5,19,12,19,6,14,7,12,19,31.0,12.0,15.5,0.20853482627828335,588,0.0005298478059923406,0.02984938352866165,0.005537782170628732,0.005149489631906562
480,samples/sample_000480.npz,rectangular_body_000480,50,60,3,17,3,10,10,14,7,3,10,55.0,10.0,6.5,0.4176842022431137,980,0.00042632339862860445,0.35629634665420656,0.02120150319141658,0.04262061048527222
481,samples/sample_000481.npz,rectangular_body_000481,28,36,38,48,13,15,8,10,2,13,15,32.0,43.0,14.0,0.3627184633664139,160,0.00034340045664930826,0.01681568966973722,0.0031288606997034426,0.002670304903185341
482,samples/sample_000482.npz,rectangular_body_000482,35,44,55,61,5,12,9,6,7,5,12,39.5,58.0,8.5,0.5938732441491112,378,0.00039175494588022946,0.17468066852594588,0.011357715835929105,0.019133509469283678
483,samples/sample_000483.npz,rectangular_body_000483,19,29,30,44,16,21,10,14,5,16,21,24.0,37.0,18.5,0.23537409625117267,700,0.001137598822150066,0.028001798563397122,0.007596904116176749,0.004926402428269628
484,samples/sample_000484.npz,rectangular_body_000484,12,19,15,25,9,16,7,10,7,9,16,15.5,20.0,12.5,0.6058340754582439,490,0.0008940119070072505,0.1119251825646054,0.015336600772120202,0.016982370710048846
485,samples/sample_000485.npz,rectangular_body_000485,38,54,42,58,10,14,16,16,4,10,14,46.0,50.0,12.0,0.957242072042549,1024,0.002603069078564971,0.30420532080557516,0.048557044757003946,0.05381429227253732
486,samples/sample_000486.npz,rectangular_body_000486,15,31,28,42,12,15,16,14,3,12,15,23.0,35.0,13.5,0.5915232119731689,672,0.0022868869381363257,0.10639941932995739,0.0219001462671632,0.017867086330819917
487,samples/sample_000487.npz,rectangular_body_000487,36,47,25,34,4,8,11,9,4,4,8,41.5,29.5,6.0,0.7659968940768513,396,0.0008612412347810105,0.31899975772988465,0.022165001712565306,0.03347123864541895
488,samples/sample_000488.npz,rectangular_body_000488,29,42,3,7,3,8,13,4,5,3,8,35.5,5.0,5.5,0.31216451569906956,260,0.00010139956463335908,0.1048682907262104,0.004552664892795811,0.009654940112802718
489,samples/sample_000489.npz,rectangular_body_000489,54,61,22,30,3,10,7,8,7,3,10,57.5,26.0,6.5,0.8575387846652047,392,0.00048653109381775034,0.4132741785480265,0.019010783336797454,0.037396211497553095
490,samples/sample_000490.npz,rectangular_body_000490,33,45,52,60,7,12,12,8,5,7,12,39.0,56.0,9.5,0.993257167571491,480,0.0010031592271801879,0.26347136894533413,0.024546451289336985,0.035341474744737617
491,samples/sample_000491.npz,rectangular_body_000491,9,15,48,57,10,16,6,9,6,10,16,12.0,52.5,13.0,0.8346908351103428,324,0.0005916657998890016,0.09549668657193405,0.011513219606628216,0.014977751609807482
492,samples/sample_000492.npz,rectangular_body_000492,39,43,37,51,5,11,4,14,6,5,11,41.0,44.0,8.0,0.20605537655574802,336,0.00018282475002397126,0.05149085384187214,0.00454996765219824,0.006109579248831374
493,samples/sample_000493.npz,rectangular_body_000493,30,46,2,11,15,19,16,9,4,15,19,38.0,6.5,17.0,0.539508916805949,576,0.0010444472076221656,0.060265585564056645,0.011468003138944407,0.011046027465597711
494,samples/sample_000494.npz,rectangular_body_000494,23,32,26,35,11,15,9,9,4,11,15,27.5,30.5,13.0,0.3507058918603136,324,0.0007932589482525911,0.038148316857654074,0.0065754123794967935,0.005653169368810999
495,samples/sample_000495.npz,rectangular_body_000495,6,10,40,53,11,18,4,13,7,11,18,8.0,46.5,14.5,0.7799148127091096,364,0.0007124168961922088,0.07996162310737788,0.011345330322089333,0.013362520355033214
496,samples/sample_000496.npz,rectangular_body_000496,10,23,24,29,6,9,13,5,3,6,9,16.5,26.5,7.5,0.27945419759864243,195,0.0001338449056814009,0.04315067230876665,0.003577812876168861,0.005050424406685368
497,samples/sample_000497.npz,rectangular_body_000497,27,40,21,35,8,16,13,14,8,8,16,33.5,28.0,12.0,0.5828963611978588,1456,0.005735558824898665,0.2997070539593385,0.050858149434015384,0.045346194676057494
498,samples/sample_000498.npz,rectangular_body_000498,34,50,14,28,14,20,16,14,6,14,20,42.0,21.0,17.0,0.3257523080293681,1344,0.002187315130843366,0.0823574009778626,0.02022955292363166,0.01519828118285751
499,samples/sample_000499.npz,rectangular_body_000499,12,18,6,18,3,7,6,12,4,3,7,15.0,12.0,5.0,0.9400228725959769,288,0.00027963788771959754,0.3763372406650177,0.017537835049080474,0.03566721160714434
500,samples/sample_000500.npz,rectangular_body_000500,51,55,25,36,15,22,4,11,7,15,22,53.0,30.5,18.5,0.3681131252764252,308,0.0005258514801932959,0.020622753903317116,0.004520926497994748,0.0037801079741982416
501,samples/sample_000501.npz,rectangular_body_000501,47,52,45,54,12,18,5,9,6,12,18,49.5,49.5,15.0,0.6253856070991004,270,0.00048812939171146997,0.04598168281423731,0.00729184631689335,0.007840702539659938
502,samples/sample_000502.npz,rectangular_body_000502,30,34,16,20,7,12,4,4,5,7,12,32.0,18.0,9.5,0.5367094321244399,80,0.00016086769103073212,0.028981509239774703,0.0026878394116232225,0.003346251093636293
503,samples/sample_000503.npz,rectangular_body_000503,40,49,54,59,13,15,9,5,2,13,15,44.5,56.5,14.0,0.9223726822011269,90,0.0002096521234898993,0.024899884248276022,0.0033996630906470942,0.004034184049077473
504,samples/sample_000504.npz,rectangular_body_000504,47,52,19,34,9,13,5,15,4,9,13,49.5,26.5,11.0,0.23397286450087043,300,0.00022210547416050635,0.029629185815042786,0.003918021515314459,0.004418791439037313
505,samples/sample_000505.npz,rectangular_body_000505,31,36,23,35,16,24,5,12,8,16,24,33.5,29.0,20.0,0.4994810018238613,480,0.002343243246861664,0.03750529777699035,0.010830311214839388,0.0062943823500014595
506,samples/sample_000506.npz,rectangular_body_000506,10,18,22,31,8,16,8,9,8,8,16,14.0,26.5,12.0,0.23898751306789068,576,0.00045804566798112416,0.05714985290298611,0.007366784432098312,0.008243812069544578
507,samples/sample_000507.npz,rectangular_body_000507,27,40,27,35,8,16,13,8,8,8,16,33.5,31.0,12.0,0.33239658872140276,832,0.0021045341780670094,0.10736271898961877,0.016698370296464777,0.015274176903676532
508,samples/sample_000508.npz,rectangular_body_000508,51,58,54,61,5,11,7,7,6,5,11,54.5,57.5,8.0,0.22968057353148197,294,7.777845140896283e-05,0.05853616528124508,0.0030141260178574943,0.006133160503822631
509,samples/sample_000509.npz,rectangular_body_000509,22,38,33,42,14,17,16,9,3,14,17,30.0,37.5,15.5,0.5896529355006255,432,0.0019196782990997877,0.05759642060209494,0.013336717967753528,0.009580300927991878
510,samples/sample_000510.npz,rectangular_body_000510,25,39,43,57,9,11,14,14,2,9,11,32.0,50.0,10.0,0.31102336386489987,392,0.00041117430041509,0.05196073759327478,0.007014832979517579,0.008073218677149076
511,samples/sample_000511.npz,rectangular_body_000511,21,25,37,41,16,22,4,4,6,16,22,23.0,39.0,19.0,0.9959708295933525,96,0.0005988280325122114,0.016955208244074906,0.004303520419019947,0.002930517309503053
512,samples/sample_000512.npz,rectangular_body_000512,20,31,15,22,10,12,11,7,2,10,12,25.5,18.5,11.0,0.9259319727849817,154,0.0005096360499722756,0.06257338442649632,0.008326842028109113,0.008976994601344353
513,samples/sample_000513.npz,rectangular_body_000513,13,18,34,42,14,17,5,8,3,14,17,15.5,38.0,15.5,0.8253846157307698,120,0.00042414422344360357,0.02490750954877896,0.004713732568309271,0.004205638867897058
514,samples/sample_000514.npz,rectangular_body_000514,3,11,9,21,4,11,8,12,7,4,11,7.0,15.0,7.5,0.4765289166125758,672,0.0004080195222400122,0.26433763199944416,0.016314861960856165,0.030355850405334183
515,samples/sample_000515.npz,rectangular_body_000515,31,46,33,48,16,20,15,15,4,16,20,38.5,40.5,18.0,0.3763551204477902,900,0.0021631351745258227,0.05736060870895682,0.015672662576832138,0.010356256121802316
516,samples/sample_000516.npz,rectangular_body_000516,34,49,13,20,12,14,15,7,2,12,14,41.5,16.5,13.0,0.9073154556809881,210,0.0006665747460098573,0.05938046076641729,0.009878014819582167,0.009810216133739948
517,samples/sample_000517.npz,rectangular_body_000517,16,25,11,20,8,10,9,9,2,8,10,20.5,15.5,9.0,0.5936596550282052,162,0.0002219342246701182,0.05879807963781836,0.005732318025330798,0.007640130458337425
518,samples/sample_000518.npz,rectangular_body_000518,28,43,2,14,14,16,15,12,2,14,16,35.5,8.0,15.0,0.35363900544852706,360,0.00043442122402015604,0.02984483348053599,0.00528927212602015,0.005318566129993925
519,samples/sample_000519.npz,rectangular_body_000519,6,22,18,30,14,20,16,12,6,14,20,14.0,24.0,17.0,0.42143967619140493,1152,0.002026992391711611,0.09303047388257027,0.02089299875008456,0.017505535575192993
520,samples/sample_000520.npz,rectangular_body_000520,10,26,25,38,16,19,16,13,3,16,19,18.0,31.5,17.5,0.3056079098195601,624,0.0011705327105709634,0.03399143538738453,0.008687282464119645,0.006249968694725844
521,samples/sample_000521.npz,rectangular_body_000521,3,17,28,40,4,9,14,12,5,4,9,10.0,34.0,6.5,0.6070123556796079,840,0.0009434685971295832,0.39951914000489863,0.03141471859369741,0.05083828425468167
522,samples/sample_000522.npz,rectangular_body_000522,40,54,46,55,16,24,14,9,8,16,24,47.0,50.5,20.0,0.700062267631653,1008,0.002674328412700677,0.10692654113654153,0.025526443384490158,0.021291176103089098
523,samples/sample_000523.npz,rectangular_body_000523,13,17,26,35,2,5,4,9,3,2,5,15.0,30.5,3.5,0.3735156890767337,108,5.3055910365207615e-05,0.10592997038560531,0.003098535221589944,0.007009224875341534
524,samples/sample_000524.npz,rectangular_body_000524,32,44,42,48,13,18,12,6,5,13,18,38.0,45.0,15.5,0.7028447766571804,360,0.0012337690658311517,0.06180837577297229,0.012538165455728703,0.010418735904337895
525,samples/sample_000525.npz,rectangular_body_000525,50,58,51,60,13,19,8,9,6,13,19,54.0,55.5,16.0,0.438744733108525,432,0.00043240736573731597,0.0447855270303323,0.006394884371150857,0.007779500106600864
526,samples/sample_000526.npz,rectangular_body_000526,47,52,57,61,3,11,5,4,8,3,11,49.5,59.0,7.0,0.4206099086966944,160,7.446520266667417e-05,0.09375679424786035,0.003295048056108106,0.00728724664595957
527,samples/sample_000527.npz,rectangular_body_000527,47,62,20,36,11,14,15,16,3,11,14,54.5,28.0,12.5,0.7190546973564536,720,0.0015959219449974396,0.1533976654000814,0.0244136499614155,0.026554711747291942
528,samples/sample_000528.npz,rectangular_body_000528,18,28,47,61,6,14,10,14,8,6,14,23.0,54.0,10.0,0.6892271632061312,1120,0.0017400211635813744,0.3820557454897062,0.04044090958108932,0.05454365458334811
529,samples/sample_000529.npz,rectangular_body_000529,44,48,3,14,5,8,4,11,3,5,8,46.0,8.5,6.5,0.36309521270407824,132,6.098173524581861e-05,0.05057689886295977,0.0027426762783050373,0.005170612898929023
530,samples/sample_000530.npz,rectangular_body_000530,35,42,45,50,14,21,7,5,7,14,21,38.5,47.5,17.5,0.7778351902664096,245,0.0009110325827270349,0.039547844947878746,0.008535101581767587,0.006897068797576372
531,samples/sample_000531.npz,rectangular_body_000531,7,13,12,23,5,9,6,11,4,5,9,10.0,17.5,7.0,0.5727035537809515,264,0.00021253572157712387,0.14005870892100747,0.008796912513374996,0.015420477994148191
532,samples/sample_000532.npz,rectangular_body_000532,12,19,22,38,10,16,7,16,6,10,16,15.5,30.0,13.0,0.3273979011607977,672,0.0009186492926016154,0.06946592362433077,0.011597315007120645,0.011279030849391485
533,samples/sample_000533.npz,rectangular_body_000533,32,43,33,48,13,17,11,15,4,13,17,37.5,40.5,15.0,0.7074398447219277,660,0.0027006347064035302,0.11164856837014185,0.02432061627702477,0.018833783095696832
534,samples/sample_000534.npz,rectangular_body_000534,26,41,45,59,9,15,15,14,6,9,15,33.5,52.0,12.0,0.995476651600552,1260,0.004362548798552369,0.4170672960495394,0.06438960886609033,0.0692270919342247
535,samples/sample_000535.npz,rectangular_body_000535,20,24,14,26,5,11,4,12,6,5,11,22.0,20.0,8.0,0.4032354232113307,288,0.0002955290348683085,0.09193209068282016,0.00760924489820553,0.010453723455953913
536,samples/sample_000536.npz,rectangular_body_000536,25,30,40,53,16,22,5,13,6,16,22,27.5,46.5,19.0,0.2640367971945088,390,0.0005778518952332725,0.017358927537557432,0.004424254049612615,0.003162867407833888
537,samples/sample_000537.npz,rectangular_body_000537,38,51,10,19,7,12,13,9,5,7,12,44.5,14.5,9.5,0.5188715671325614,585,0.000690203983789767,0.16174097813671215,0.01732677737303457,0.0226430659779126
538,samples/sample_000538.npz,rectangular_body_000538,25,30,34,39,8,13,5,5,5,8,13,27.5,36.5,10.5,0.6630566753095939,125,0.00043033156049164257,0.04555081877950583,0.005240936957230185,0.005606067891994873
539,samples/sample_000539.npz,rectangular_body_000539,28,43,3,18,6,13,15,15,7,6,13,35.5,10.5,9.5,0.7898640875162031,1575,0.0031705935652150533,0.5698078348450639,0.06810736963107894,0.08745030567546322
540,samples/sample_000540.npz,rectangular_body_000540,52,61,27,33,5,12,9,6,7,5,12,56.5,30.0,8.5,0.2631246076980083,378,0.0002093578994111859,0.07739493685846449,0.005337955628678379,0.008573697666423581
541,samples/sample_000541.npz,rectangular_body_000541,40,48,5,17,16,21,8,12,5,16,21,44.0,11.0,18.5,0.5434351276615765,480,0.0009380296364640062,0.045592873845502715,0.009823381881760417,0.008734112030788884
542,samples/sample_000542.npz,rectangular_body_000542,22,33,20,31,9,11,11,11,2,9,11,27.5,25.5,10.0,0.7388505428755143,242,0.0008350481587627065,0.08601161603589853,0.011380039791451219,0.011925988693418614
543,samples/sample_000543.npz,rectangular_body_000543,4,20,5,14,16,21,16,9,5,16,21,12.0,9.5,18.5,0.36409367480358057,720,0.0007333236703452434,0.04406064069377774,0.008527158536263742,0.0086391450718027
544,samples/sample_000544.npz,rectangular_body_000544,9,19,41,54,9,13,10,13,4,9,13,14.0,47.5,11.0,0.8338196318994746,520,0.0010115014280709595,0.17867320667743625,0.02230642192560891,0.027749495088623326
545,samples/sample_000545.npz,rectangular_body_000545,33,38,23,32,6,9,5,9,3,6,9,35.5,27.5,7.5,0.5017896004809055,135,0.00027677248511550576,0.06035998677385607,0.004769154596073933,0.006354606131890524
546,samples/sample_000546.npz,rectangular_body_000546,54,60,35,47,2,6,6,12,4,2,6,57.0,41.0,4.0,0.8080713821354963,288,0.00020734708098182168,0.4143803158058938,0.014948456982626968,0.03511767069822925
547,samples/sample_000547.npz,rectangular_body_000547,12,26,36,50,7,10,14,14,3,7,10,19.0,43.0,8.5,0.8249632485210536,588,0.0012324703257684303,0.25694357582699867,0.03045105549185935,0.03756858680014379
548,samples/sample_000548.npz,rectangular_body_000548,45,50,3,11,9,14,5,8,5,9,14,47.5,7.0,11.5,0.20031821571278732,200,7.778430280242568e-05,0.017861818167556193,0.0017360950460478238,0.0024912943864411133
549,samples/sample_000549.npz,rectangular_body_000549,9,22,47,59,16,23,13,12,7,16,23,15.5,53.0,19.5,0.6770994582526503,1092,0.00246034931812497,0.11521603707177598,0.025437518808678672,0.022999496146259762
550,samples/sample_000550.npz,rectangular_body_000550,2,16,33,38,16,18,14,5,2,16,18,9.0,35.5,17.0,0.601535771593086,140,0.0003295549709254358,0.01689681864955927,0.0033482071729996517,0.003061538754113458
551,samples/sample_000551.npz,rectangular_body_000551,56,62,32,39,15,21,6,7,6,15,21,59.0,35.5,18.0,0.7551066160132327,252,0.0006662726234382889,0.036836168430895336,0.0066028023306758405,0.006381051807448722
552,samples/sample_000552.npz,rectangular_body_000552,9,17,28,35,11,17,8,7,6,11,17,13.0,31.5,14.0,0.7725030168486076,336,0.0010807772270968984,0.08003031454871894,0.012722685366609754,0.012719868737714673
553,samples/sample_000553.npz,rectangular_body_000553,26,40,49,53,6,9,14,4,3,6,9,33.0,51.0,7.5,0.21099612919691194,168,8.534036327853577e-05,0.027433519759583663,0.002249608526059569,0.0032851978640909742
554,samples/sample_000554.npz,rectangular_body_000554,4,20,47,56,12,20,16,9,8,12,20,12.0,51.5,16.0,0.35985246336345655,1152,0.0011181230177005658,0.09221815898489714,0.01578765972306774,0.01708099819962944
555,samples/sample_000555.npz,rectangular_body_000555,7,16,31,35,3,8,9,4,5,3,8,11.5,33.0,5.5,0.7777255756859138,180,0.00024062294593428464,0.21703914869118374,0.00942710123291211,0.018012544196365193
556,samples/sample_000556.npz,rectangular_body_000556,12,23,39,54,14,16,11,15,2,14,16,17.5,46.5,15.0,0.25366871035336036,330,0.0002931649600391371,0.019843388596034184,0.003865980585538732,0.003611014025128876
557,samples/sample_000557.npz,rectangular_body_000557,46,51,38,46,3,7,5,8,4,3,7,48.5,42.0,5.0,0.35698655625703624,160,8.127864356067145e-05,0.0999381203798984,0.004078543461476112,0.007869192905367778
558,samples/sample_000558.npz,rectangular_body_000558,44,52,35,45,6,10,8,10,4,6,10,48.0,40.0,8.0,0.5268464554764605,320,0.00039639861600094,0.125589120932623,0.01074770523805222,0.014995056276416951
559,samples/sample_000559.npz,rectangular_body_000559,35,46,11,23,13,15,11,12,2,13,15,40.5,17.0,14.0,0.8055140269916039,264,0.0008308887308739933,0.05859201556523028,0.010722857945838393,0.009946006208381097
560,samples/sample_000560.npz,rectangular_body_000560,28,41,5,16,10,12,13,11,2,10,12,34.5,10.5,11.0,0.26962295720489227,286,0.00022799090447015043,0.030915994558424517,0.003998686891007557,0.004765382762345398
561,samples/sample_000561.npz,rectangular_body_000561,42,50,47,56,10,12,8,9,2,10,12,46.0,51.5,11.0,0.45620509253796976,144,0.00015215636766143453,0.029313760623452586,0.003365300722921386,0.0043013167577715125
562,samples/sample_000562.npz,rectangular_body_000562,52,56,49,62,10,13,4,13,3,10,13,54.0,55.5,11.5,0.6237369551850175,156,0.00016713695069938892,0.039492707825712264,0.003910413685702894,0.00588863907661714
563,samples/sample_000563.npz,rectangular_body_000563,38,44,6,21,2,5,6,15,3,2,5,41.0,13.5,3.5,0.9994605795635301,270,0.00027243745800237143,0.4553218079743303,0.01993126168032273,0.0419242193738988
564,samples/sample_000564.npz,rectangular_body_000564,17,28,33,44,13,18,11,11,5,13,18,22.5,38.5,15.5,0.9794557452842021,605,0.0032471422741664905,0.14100332623310663,0.03010086069702261,0.023634459326431084
565,samples/sample_000565.npz,rectangular_body_000565,42,54,7,21,15,19,12,14,4,15,19,48.0,14.0,17.0,0.3253709882536769,672,0.0007267633912432317,0.042260659493057365,0.008738867491173734,0.008154654626992221
566,samples/sample_000566.npz,rectangular_body_000566,26,40,24,37,14,19,14,13,5,14,19,33.0,30.5,16.5,0.8435192348082015,910,0.007392131129232232,0.15576369865452686,0.03915894431676172,0.025996358108286228
567,samples/sample_000567.npz,rectangular_body_000567,41,55,45,50,16,20,14,5,4,16,20,48.0,47.5,18.0,0.6456333736629063,280,0.0006736224472437248,0.032963661240213195,0.007253570145901073,0.00630761407233423
568,samples/sample_000568.npz,rectangular_body_000568,12,26,14,24,2,7,14,10,5,2,7,19.0,19.0,4.5,0.9255400591414178,700,0.0008687275336244998,0.7868081001416276,0.04749686018050134,0.08539462376093403
569,samples/sample_000569.npz,rectangular_body_000569,27,34,3,8,4,7,7,5,3,4,7,30.5,5.5,5.5,0.49903094237844475,105,6.982400421286385e-05,0.0809617022342504,0.0029983212559171676,0.006509768283663013
570,samples/sample_000570.npz,rectangular_body_000570,29,42,35,42,14,16,13,7,2,14,16,35.5,38.5,15.0,0.5031015199028817,182,0.0006097806173484105,0.02297041687203063,0.004864664216581181,0.003718414384612138
571,samples/sample_000571.npz,rectangular_body_000571,6,17,43,52,13,20,11,9,7,13,20,11.5,47.5,16.5,0.6433157999871895,693,0.0013522513415610408,0.09816333062162919,0.01763787418163942,0.017902945378226325
572,samples/sample_000572.npz,rectangular_body_000572,2,12,33,42,10,13,10,9,3,10,13,7.0,37.5,11.5,0.7515427497732228,270,0.0005065866513104269,0.08225866503475683,0.009357996449589165,0.012044947909678689
573,samples/sample_000573.npz,rectangular_body_000573,37,42,36,52,16,22,5,16,6,16,22,39.5,44.0,19.0,0.5417249888124629,480,0.0014625376393603991,0.042674270021737404,0.011295910438159472,0.007826540638707467
574,samples/sample_000574.npz,rectangular_body_000574,40,48,14,24,13,16,8,10,3,13,16,44.0,19.0,14.5,0.9916066981495095,240,0.0009134104889012946,0.06509530801010771,0.011782530329298904,0.010937455299440346
575,samples/sample_000575.npz,rectangular_body_000575,44,49,43,49,3,9,5,6,6,3,9,46.5,46.0,6.0,0.781008167084076,180,0.0002215510128312737,0.21860521794758866,0.009600076730892717,0.017414802798441945
576,samples/sample_000576.npz,rectangular_body_000576,34,46,40,51,5,11,12,11,6,5,11,40.0,45.5,8.0,0.6899710355253418,792,0.0014138835550942266,0.3713413582463253,0.03562625782988502,0.047176713751603
577,samples/sample_000577.npz,rectangular_body_000577,14,29,17,28,16,21,15,11,5,16,21,21.5,22.5,18.5,0.34220106547226914,825,0.0015430358495125568,0.047321567108233764,0.012467916412338263,0.008731619268548242
578,samples/sample_000578.npz,rectangular_body_000578,46,61,35,42,14,17,15,7,3,14,17,53.5,38.5,15.5,0.9498295960006204,315,0.0010687468497668816,0.06951492898703132,0.012858200987002218,0.012360690967378397
579,samples/sample_000579.npz,rectangular_body_000579,38,52,20,30,9,16,14,10,7,9,16,45.0,25.0,12.5,0.987291407477463,980,0.003874559810327357,0.3297394460384152,0.05334293531107337,0.0519320300032289
580,samples/sample_000580.npz,rectangular_body_000580,3,8,33,45,3,11,5,12,8,3,11,5.5,39.0,7.0,0.48169906707608734,480,0.00033648661505566215,0.23970486190710674,0.012325282753166376,0.02355152962438646
581,samples/sample_000581.npz,rectangular_body_000581,31,45,46,54,12,17,14,8,5,12,17,38.0,50.0,14.5,0.5126756274343216,560,0.0011084227744727988,0.07604506300432393,0.01381643938723711,0.013047780841770964
582,samples/sample_000582.npz,rectangular_body_000582,24,29,52,57,5,9,5,5,4,5,9,26.5,54.5,7.0,0.7174329205398098,100,0.00012556724931315878,0.08120859155645987,0.004332125822270629,0.007594670737202153
583,samples/sample_000583.npz,rectangular_body_000583,16,31,37,49,8,15,15,12,7,8,15,23.5,43.0,11.5,0.810900741530657,1260,0.003916925962361106,0.3792749163925557,0.059019189098167585,0.059110909723359514
584,samples/sample_000584.npz,rectangular_body_000584,8,12,12,16,10,14,4,4,4,10,14,10.0,14.0,12.0,0.44624603982937283,64,5.887866044600752e-05,0.012124459797424034,0.001275549701082384,0.0017549001965071278
585,samples/sample_000585.npz,rectangular_body_000585,42,58,9,14,3,11,16,5,8,3,11,50.0,11.5,7.0,0.37629007366688205,640,0.00032179547376342394,0.2136711838329983,0.013888013226177392,0.024530323299934976
586,samples/sample_000586.npz,rectangular_body_000586,4,15,12,21,15,18,11,9,3,15,18,9.5,16.5,16.5,0.5132554007789782,297,0.0004365695837131274,0.03260237172748777,0.005752876127711772,0.005993576124221643
587,samples/sample_000587.npz,rectangular_body_000587,45,54,51,61,10,12,9,10,2,10,12,49.5,56.0,11.0,0.8015129751857422,180,0.00026462840675629297,0.06257239612000859,0.006357812315728819,0.009214606068492283
588,samples/sample_000588.npz,rectangular_body_000588,47,57,33,48,12,15,10,15,3,12,15,52.0,40.5,13.5,0.6263653728569858,450,0.0008960913094950694,0.08046316625922265,0.01338751413174372,0.013870061307682246
589,samples/sample_000589.npz,rectangular_body_000589,25,32,36,52,9,15,7,16,6,9,15,28.5,44.0,12.0,0.33794747713197887,672,0.0010275008578452813,0.08181709403712509,0.012996533280233652,0.012561681977047273
590,samples/sample_000590.npz,rectangular_body_000590,19,31,15,26,15,19,12,11,4,15,19,25.0,20.5,17.0,0.5760261258422612,528,0.0016348610972480308,0.0604387660057802,0.014328894496951223,0.01070755621352789
591,samples/sample_000591.npz,rectangular_body_000591,47,62,24,38,2,9,15,14,7,2,9,54.5,31.0,5.5,0.4387264829201265,1470,0.0010335719982656156,0.5483897455114407,0.040995075067021866,0.0713024468831054
592,samples/sample_000592.npz,rectangular_body_000592,53,59,51,62,3,8,6,11,5,3,8,56.0,56.5,5.5,0.8359351119551097,330,0.0002240293738045716,0.366770804574293,0.013916559231242142,0.03376153092492945
593,samples/sample_000593.npz,rectangular_body_000593,13,26,11,24,13,20,13,13,7,13,20,19.5,17.5,16.5,0.7271331040210047,1183,0.0034421898066605673,0.17924584837814492,0.03846039952999491,0.0329749194591412
594,samples/sample_000594.npz,rectangular_body_000594,10,21,37,41,16,24,11,4,8,16,24,15.5,39.0,20.0,0.5715414040098381,352,0.0010101285305523702,0.031772436645676,0.00806943256115578,0.005935099118641528
595,samples/sample_000595.npz,rectangular_body_000595,9,21,18,27,8,14,12,9,6,8,14,15.0,22.5,11.0,0.626198776171768,648,0.0011662377149980817,0.17730521947053832,0.02239012371961942,0.026064598571448126
596,samples/sample_000596.npz,rectangular_body_000596,25,36,16,32,15,17,11,16,2,15,17,30.5,24.0,16.0,0.7808468299355138,352,0.0019594142229835657,0.057765426644782125,0.013942997966760181,0.009894792665477376
597,samples/sample_000597.npz,rectangular_body_000597,5,9,5,11,12,18,4,6,6,12,18,7.0,8.0,15.0,0.41162237939580515,144,0.00011652783901545025,0.01655661609014529,0.0019088133978741918,0.002611248112086344
598,samples/sample_000598.npz,rectangular_body_000598,41,54,26,40,14,18,13,14,4,14,18,47.5,33.0,16.0,0.6831077411176192,728,0.0026400780280215665,0.10571037854489658,0.023587385361158203,0.018953812321435854
599,samples/sample_000599.npz,rectangular_body_000599,12,23,49,60,11,18,11,11,7,11,18,17.5,54.5,14.5,0.8641197358352617,847,0.0019304110770957733,0.19984587184763136,0.03026422219749677,0.03429051652554046
600,samples/sample_000600.npz,rectangular_body_000600,18,33,41,50,8,16,15,9,8,8,16,25.5,45.5,12.0,0.7228532840355799,1080,0.0030015286823552364,0.2885479305561159,0.04385609457287555,0.04425420733882133
601,samples/sample_000601.npz,rectangular_body_000601,8,18,10,18,10,18,10,8,8,10,18,13.0,14.0,14.0,0.6294322040203926,640,0.0010370815274372567,0.12380932475344744,0.017534086210613847,0.020452790212640563
602,samples/sample_000602.npz,rectangular_body_000602,40,56,50,54,13,15,16,4,2,13,15,48.0,52.0,14.0,0.4931487326538526,128,0.00016800698628192097,0.017396917315937052,0.002747017028041705,0.0030608729761110935
603,samples/sample_000603.npz,rectangular_body_000603,22,30,15,26,6,10,8,11,4,6,10,26.0,20.5,8.0,0.7050412549954324,352,0.0007397195517741668,0.18052055077519957,0.016550136829437512,0.021607761854914875
604,samples/sample_000604.npz,rectangular_body_000604,33,45,26,35,8,16,12,9,8,8,16,39.0,30.5,12.0,0.7954423058739879,864,0.004051185622176875,0.26810784398916077,0.040914454516168985,0.03844511031196578
605,samples/sample_000605.npz,rectangular_body_000605,21,37,47,60,14,19,16,13,5,14,19,29.0,53.5,16.5,0.5062161284209181,1040,0.002152131128209221,0.10455347747052714,0.022008050618349057,0.019536353525948534
606,samples/sample_000606.npz,rectangular_body_000606,35,43,40,48,4,6,8,8,2,4,6,39.0,44.0,5.0,0.5822437058773803,128,0.00013852315663882392,0.11011103238055242,0.005543557430170296,0.009778748492223427
607,samples/sample_000607.npz,rectangular_body_000607,7,19,47,62,8,12,12,15,4,8,12,13.0,54.5,10.0,0.5163489815578075,720,0.0006323924697320001,0.16371755674102662,0.01719654642725993,0.02534416994374127
608,samples/sample_000608.npz,rectangular_body_000608,18,32,46,59,2,7,14,13,5,2,7,25.0,52.5,4.5,0.6054941159424501,910,0.0006815342379995003,0.5836276998140077,0.03806370036533149,0.07008160247972378
609,samples/sample_000609.npz,rectangular_body_000609,2,11,13,20,10,12,9,7,2,10,12,6.5,16.5,11.0,0.2647386177022919,126,6.14783669211763e-05,0.015104347993658002,0.0014446447357935278,0.0021177667308332616
610,samples/sample_000610.npz,rectangular_body_000610,43,58,38,43,12,20,15,5,8,12,20,50.5,40.5,16.0,0.35138754619669377,600,0.0008086411256082201,0.04878492180145622,0.009384782471803929,0.008595931642652573
611,samples/sample_000611.npz,rectangular_body_000611,19,33,40,51,12,17,14,11,5,12,17,26.0,45.5,14.5,0.3918753844894856,770,0.0013810960706502257,0.07779307357023443,0.015374322669560424,0.013252477583381177
612,samples/sample_000612.npz,rectangular_body_000612,33,48,43,56,2,8,15,13,6,2,8,40.5,49.5,5.0,0.9286193600795973,1170,0.001579402439226083,1.0295989162006707,0.07644061507896988,0.1288205778711286
613,samples/sample_000613.npz,rectangular_body_000613,27,37,31,38,7,11,10,7,4,7,11,32.0,34.5,9.0,0.9292675186676127,280,0.0015702970563365572,0.16478658183190775,0.017468856255665823,0.020008382878072085
614,samples/sample_000614.npz,rectangular_body_000614,3,9,36,51,7,13,6,15,6,7,13,6.0,43.5,10.0,0.25979223244406324,540,0.0002580070808423428,0.06989826680555847,0.006474712001180067,0.009650113321551683
615,samples/sample_000615.npz,rectangular_body_000615,23,32,13,22,3,6,9,9,3,3,6,27.5,17.5,4.5,0.3374234791244367,243,0.00013677437676700655,0.12865872368952289,0.006145198947116042,0.01142593605869824
616,samples/sample_000616.npz,rectangular_body_000616,22,38,35,43,7,14,16,8,7,7,14,30.0,39.0,10.5,0.8355732509900407,896,0.003903722892197154,0.3333908157395883,0.046935529252161504,0.04745240385835838
617,samples/sample_000617.npz,rectangular_body_000617,35,49,16,30,6,10,14,14,4,6,10,42.0,23.0,8.0,0.46718307355550615,784,0.0010517434758068036,0.21060977177672635,0.024237055358274306,0.029679296537120318
618,samples/sample_000618.npz,rectangular_body_000618,33,39,35,50,7,14,6,15,7,7,14,36.0,42.5,10.5,0.9109080603625692,630,0.002415694450796615,0.2691527306365097,0.03520405266332077,0.03750306373346906
619,samples/sample_000619.npz,rectangular_body_000619,6,10,2,14,6,12,4,12,6,6,12,8.0,8.0,9.0,0.31911354587067636,288,0.00011814032366592746,0.059928086662208196,0.0039051910127320955,0.007278904682680036
620,samples/sample_000620.npz,rectangular_body_000620,18,34,6,12,13,17,16,6,4,13,17,26.0,9.0,15.0,0.5263346199807393,384,0.0006691487035708319,0.04951163648291235,0.00860509016060211,0.008726738395078934
621,samples/sample_000621.npz,rectangular_body_000621,13,28,32,48,5,12,15,16,7,5,12,20.5,40.0,8.5,0.6572442424867952,1680,0.0032794031525782484,0.5647093649155257,0.07128141172991234,0.08413575090457286
622,samples/sample_000622.npz,rectangular_body_000622,17,27,36,48,15,20,10,12,5,15,20,22.0,42.0,17.5,0.7808863344386516,600,0.002451919166916388,0.08950574710496645,0.021556834632078775,0.016020472104933806
623,samples/sample_000623.npz,rectangular_body_000623,43,58,22,28,2,6,15,6,4,2,6,50.5,25.0,4.0,0.4461172108199186,360,0.00019312272409610664,0.24555794607087106,0.01167112627675119,0.02329705445760119
624,samples/sample_000624.npz,rectangular_body_000624,52,60,35,39,13,19,8,4,6,13,19,56.0,37.0,16.0,0.3576136168351773,192,0.0002360126328617406,0.016695350334161384,0.002773900765512435,0.002813584117838245
625,samples/sample_000625.npz,rectangular_body_000625,38,45,3,8,13,21,7,5,8,13,21,41.5,5.5,17.0,0.473199334512512,280,0.0003942269436417985,0.029449638542516615,0.004714874293207704,0.004958384360348516
626,samples/sample_000626.npz,rectangular_body_000626,49,55,15,20,7,15,6,5,8,7,15,52.0,17.5,11.0,0.7925831669946424,240,0.0004243131113491957,0.10115131805686695,0.009715941562759902,0.013175627558979894
627,samples/sample_000627.npz,rectangular_body_000627,20,33,7,21,11,18,13,14,7,11,18,26.5,14.0,14.5,0.6250443963162207,1274,0.0031348187458065304,0.20431848191216803,0.038233588981021055,0.03565421959786908
628,samples/sample_000628.npz,rectangular_body_000628,10,15,25,36,2,9,5,11,7,2,9,12.5,30.5,5.5,0.7641038552117401,385,0.0005171602858030009,0.44188425758367844,0.02023775939832379,0.03780456448214656
629,samples/sample_000629.npz,rectangular_body_000629,18,25,2,15,9,11,7,13,2,9,11,21.5,8.5,10.0,0.6220451831853288,182,0.00023347500457949593,0.055825552184712454,0.005638012749853597,0.007864802983237771
630,samples/sample_000630.npz,rectangular_body_000630,29,33,11,15,3,10,4,4,7,3,10,31.0,13.0,6.5,0.3121400030792367,112,7.360921115379582e-05,0.054249852885791636,0.002328166114103607,0.0041484707696678854
631,samples/sample_000631.npz,rectangular_body_000631,4,14,3,17,12,15,10,14,3,12,15,9.0,10.0,13.5,0.926431996661732,420,0.0007825985372890603,0.11254622433112664,0.014471298344142238,0.019125452045995108
632,samples/sample_000632.npz,rectangular_body_000632,31,42,43,50,7,11,11,7,4,7,11,36.5,46.5,9.0,0.7501212138578439,308,0.0007102939271109769,0.14338062513742522,0.01454102582456391,0.01814481652622967
633,samples/sample_000633.npz,rectangular_body_000633,50,58,10,25,8,11,8,15,3,8,11,54.0,17.5,9.5,0.4600789339648607,360,0.00030780174761431607,0.08354827859590636,0.008508958787518388,0.012168310010058126
634,samples/sample_000634.npz,rectangular_body_000634,41,54,18,23,5,7,13,5,2,5,7,47.5,20.5,6.0,0.31309163991319516,130,6.783957719359233e-05,0.043339959345283355,0.0027755116996722403,0.004559651136323398
635,samples/sample_000635.npz,rectangular_body_000635,29,40,37,45,8,12,11,8,4,8,12,34.5,41.0,10.0,0.7244495665995669,352,0.0011492390188632402,0.13109222658410616,0.016145666915818334,0.01750611158643891
636,samples/sample_000636.npz,rectangular_body_000636,7,18,41,46,11,13,11,5,2,11,13,12.5,43.5,12.0,0.3469654351730709,110,0.000102437220663498,0.014712391734465797,0.0019146728139385896,0.0022515547923537362
637,samples/sample_000637.npz,rectangular_body_000637,16,21,16,24,6,14,5,8,8,6,14,18.5,20.0,10.0,0.917835598934656,320,0.0008032915865047402,0.18223657088111633,0.017426122817422122,0.022076264555125392
638,samples/sample_000638.npz,rectangular_body_000638,9,25,50,57,6,8,16,7,2,6,8,17.0,53.5,7.0,0.5295323386960036,224,0.00016799683177405996,0.08912510791663782,0.006881200731377527,0.011390230194430043
639,samples/sample_000639.npz,rectangular_body_000639,46,53,40,44,15,20,7,4,5,15,20,49.5,42.0,17.5,0.9348656969372713,140,0.0005303121809661906,0.026745062620966476,0.0055718210858920455,0.0048112234850419084
640,samples/sample_000640.npz,rectangular_body_000640,15,27,10,24,6,10,12,14,4,6,10,21.0,17.0,8.0,0.8922297771099654,672,0.0013426382151408606,0.3635717910890237,0.037772528686823494,0.05028710486514822
641,samples/sample_000641.npz,rectangular_body_000641,56,61,17,24,9,15,5,7,6,9,15,58.5,20.5,12.0,0.2900819621940969,210,0.00012905115275146798,0.025868298881259272,0.002562932047235944,0.003546246784363385
642,samples/sample_000642.npz,rectangular_body_000642,55,62,28,37,7,12,7,9,5,7,12,58.5,32.5,9.5,0.9611058655144433,315,0.0006730107800782309,0.1824414789786843,0.014546196501774649,0.022187994211293992
643,samples/sample_000643.npz,rectangular_body_000643,13,21,31,42,6,14,8,11,8,6,14,17.0,36.5,10.0,0.6011652483150601,704,0.001392689527409233,0.2342262773066385,0.02554912670172301,0.03054508428448643
644,samples/sample_000644.npz,rectangular_body_000644,15,29,8,13,3,10,14,5,7,3,10,22.0,10.5,6.5,0.7542157301291621,490,0.0005578273561390611,0.380622273253945,0.022993011899802265,0.040152155317988845
645,samples/sample_000645.npz,rectangular_body_000645,28,41,31,45,10,15,13,14,5,10,15,34.5,38.0,12.5,0.31386083374228946,910,0.001770211821655288,0.09132378371704733,0.016648746106055937,0.0143307650549116
646,samples/sample_000646.npz,rectangular_body_000646,24,38,25,31,5,12,14,6,7,5,12,31.0,28.0,8.5,0.20228533281732855,588,0.0006130799747835347,0.07995338418285974,0.008105038632592999,0.009670232767769049
647,samples/sample_000647.npz,rectangular_body_000647,18,27,30,41,2,5,9,11,3,2,5,22.5,35.5,3.5,0.46638670472259736,297,0.00023660009507025286,0.2477001544963055,0.011060290424558712,0.021803997962147544
648,samples/sample_000648.npz,rectangular_body_000648,36,43,25,37,9,17,7,12,8,9,17,39.5,31.0,13.0,0.8083479007884711,672,0.0033812664629705525,0.1883480098963347,0.031154245797322414,0.027707518208242778
649,samples/sample_000649.npz,rectangular_body_000649,20,30,53,61,7,9,10,8,2,7,9,25.0,57.0,8.0,0.6568491671652941,160,0.0001831408181075524,0.07641847262310944,0.005582517099911631,0.009126332156195283
650,samples/sample_000650.npz,rectangular_body_000650,40,56,9,21,7,12,16,12,5,7,12,48.0,15.0,9.5,0.5055519479448038,960,0.0010155012259412258,0.2259649266681345,0.02670562046302126,0.034939251761635294
651,samples/sample_000651.npz,rectangular_body_000651,18,23,42,54,11,13,5,12,2,11,13,20.5,48.0,12.0,0.7002715627220188,120,0.0002537397558595463,0.03185476210433763,0.004450872682107337,0.004900604104347388
652,samples/sample_000652.npz,rectangular_body_000652,17,21,38,54,6,8,4,16,2,6,8,19.0,46.0,7.0,0.8141227414707517,128,0.00020048793996791655,0.0823156122076727,0.006823935220922832,0.010031634130492588
653,samples/sample_000653.npz,rectangular_body_000653,24,36,14,27,2,4,12,13,2,2,4,30.0,20.5,3.0,0.20871106214101243,312,9.517150444959845e-05,0.09654301308595581,0.005247114089987365,0.010184449728576845
654,samples/sample_000654.npz,rectangular_body_000654,50,54,37,44,11,18,4,7,7,11,18,52.0,40.5,14.5,0.9584753659975587,196,0.0006262523277954229,0.056500013257951856,0.008699684433640994,0.009055914869473285
655,samples/sample_000655.npz,rectangular_body_000655,28,37,28,39,6,14,9,11,8,6,14,32.5,33.5,10.0,0.321017593127058,792,0.0017086289924334221,0.1384131767322831,0.016505045062602707,0.01762993634642491
656,samples/sample_000656.npz,rectangular_body_000656,18,34,24,28,16,23,16,4,7,16,23,26.0,26.0,19.5,0.2069483026886615,448,0.0006845811373435132,0.014637627418507802,0.004156466802669625,0.0025614714615004473
657,samples/sample_000657.npz,rectangular_body_000657,26,42,34,48,4,7,16,14,3,4,7,34.0,41.0,5.5,0.20415349760142984,672,0.00038139704010312916,0.10736961745662932,0.010184322343141101,0.014320557354221844
658,samples/sample_000658.npz,rectangular_body_000658,2,7,51,58,16,24,5,7,8,16,24,4.5,54.5,20.0,0.9701657858238921,280,0.0006589463383674418,0.04377282555061271,0.007117621878736258,0.007803225058073444
659,samples/sample_000659.npz,rectangular_body_000659,3,13,50,61,15,17,10,11,2,15,17,8.0,55.5,16.0,0.9585736500126483,220,0.0004583736319590477,0.04706021972832379,0.006729065956291854,0.008286744496669673
660,samples/sample_000660.npz,rectangular_body_000660,38,46,5,21,4,8,8,16,4,4,8,42.0,13.0,6.0,0.6302189171032114,512,0.0005010572421772807,0.28853759546318414,0.021062704185445723,0.03466808511922329
661,samples/sample_000661.npz,rectangular_body_000661,9,25,30,41,11,15,16,11,4,11,15,17.0,35.5,13.0,0.7233990512589537,704,0.00219346720549418,0.1512801507007442,0.027091657519623155,0.025285132152469338
662,samples/sample_000662.npz,rectangular_body_000662,49,60,4,10,2,7,11,6,5,2,7,54.5,7.0,4.5,0.24603727046787444,330,5.6545770910879534e-05,0.13854113544938723,0.004466932932141036,0.01162454003380344
663,samples/sample_000663.npz,rectangular_body_000663,23,33,24,31,16,19,10,7,3,16,19,28.0,27.5,17.5,0.5427535896836335,210,0.0008913919063316133,0.022316265149107926,0.005573064829010767,0.0037146135474904894
664,samples/sample_000664.npz,rectangular_body_000664,14,22,35,44,4,12,8,9,8,4,12,18.0,39.5,8.0,0.8710281464132474,576,0.0012835723884719445,0.4269112293062032,0.03281507087802549,0.04632693627785039
665,samples/sample_000665.npz,rectangular_body_000665,35,41,2,14,9,17,6,12,8,9,17,38.0,8.0,13.0,0.6992931562554752,576,0.0011420754534922188,0.1406917934655793,0.018087308894791373,0.021428659105359026
666,samples/sample_000666.npz,rectangular_body_000666,19,26,47,54,4,11,7,7,7,4,11,22.5,50.5,7.5,0.8188329405618346,343,0.000541858065541578,0.28220917798552947,0.017675973700111845,0.028161406500517634
667,samples/sample_000667.npz,rectangular_body_000667,54,60,12,16,11,17,6,4,6,11,17,57.0,14.0,14.0,0.776299037995793,144,0.00024134673247460802,0.03570464990137143,0.004242564443160697,0.005557575594389157
668,samples/sample_000668.npz,rectangular_body_000668,12,22,20,35,12,17,10,15,5,12,17,17.0,27.5,14.5,0.7135220265984652,750,0.0024196526778855485,0.13753362238435338,0.026945482272626647,0.02358473947607727
669,samples/sample_000669.npz,rectangular_body_000669,25,33,7,19,3,9,8,12,6,3,9,29.0,13.0,6.0,0.3501105332433234,576,0.0003791957997166999,0.2194392540936752,0.01354548454801888,0.022979573907834224
670,samples/sample_000670.npz,rectangular_body_000670,24,30,26,37,13,20,6,11,7,13,20,27.0,31.5,16.5,0.3442004096739167,462,0.0013282807461946979,0.03566003780951853,0.008110816935155571,0.005734793146397192
671,samples/sample_000671.npz,rectangular_body_000671,46,51,50,55,8,13,5,5,5,8,13,48.5,52.5,10.5,0.9843161406267344,125,0.00024576138069967105,0.06762077724325162,0.006194576275190489,0.008837553216042278
672,samples/sample_000672.npz,rectangular_body_000672,34,43,46,55,12,15,9,9,3,12,15,38.5,50.5,13.5,0.8588758319039331,243,0.0007360614488584174,0.06506503230085532,0.010345808283428837,0.010540942778083264
673,samples/sample_000673.npz,rectangular_body_000673,22,35,18,25,7,10,13,7,3,7,10,28.5,21.5,8.5,0.8073328876283863,273,0.0007852910158033044,0.14033605405321303,0.01459404086252597,0.017731021102395137
674,samples/sample_000674.npz,rectangular_body_000674,6,14,7,13,11,18,8,6,7,11,18,10.0,10.0,14.5,0.9180695118826783,336,0.0006725663887536251,0.09074723435448737,0.011486330510680372,0.01481322849732033
675,samples/sample_000675.npz,rectangular_body_000675,40,48,47,55,3,10,8,8,7,3,10,44.0,51.0,6.5,0.7579770966827317,448,0.0005273553636091256,0.40022002371773835,0.021842728608115765,0.03837318054009314
676,samples/sample_000676.npz,rectangular_body_000676,22,29,46,50,14,21,7,4,7,14,21,25.5,48.0,17.5,0.47891897750158297,196,0.0004406393644748854,0.019527947661933796,0.004177938387962954,0.0034126292061144848
677,samples/sample_000677.npz,rectangular_body_000677,36,50,8,20,16,18,14,12,2,16,18,43.0,14.0,17.0,0.23668703147470993,336,0.00030474811049048664,0.015258767164012596,0.003354281846703599,0.0029045598325677133
678,samples/sample_000678.npz,rectangular_body_000678,47,57,18,24,14,21,10,6,7,14,21,52.0,21.0,17.5,0.7736526054432986,420,0.0011819554036053858,0.06566003667060062,0.013130887259000815,0.011995118146899818
679,samples/sample_000679.npz,rectangular_body_000679,14,27,46,57,14,16,13,11,2,14,16,20.5,51.5,15.0,0.54842092365412,286,0.0005098490939591269,0.03806743000687233,0.006943112877084475,0.006854720356353074
680,samples/sample_000680.npz,rectangular_body_000680,45,55,28,36,9,15,10,8,6,9,15,50.0,32.0,12.0,0.3065040468621786,480,0.0005714367625298876,0.05795321403795481,0.007909436597418232,0.00860689684914882
681,samples/sample_000681.npz,rectangular_body_000681,46,61,2,10,2,8,15,8,6,2,8,53.5,6.0,5.0,0.476006886510213,720,0.00026251973001343134,0.40368727577581665,0.01777383598714735,0.042357880519660586
682,samples/sample_000682.npz,rectangular_body_000682,52,62,43,54,8,14,10,11,6,8,14,57.0,48.5,11.0,0.4276439818335924,660,0.0005150656542257908,0.12358416901624542,0.012259792762464803,0.017937372860954242
683,samples/sample_000683.npz,rectangular_body_000683,12,19,21,34,7,13,7,13,6,7,13,15.5,27.5,10.0,0.6719691228375764,546,0.001141823519286017,0.18953120732048678,0.021707634547870863,0.02594189333970316
684,samples/sample_000684.npz,rectangular_body_000684,48,53,42,52,9,13,5,10,4,9,13,50.5,47.0,11.0,0.23200087146750842,200,0.00010754352464298434,0.021460539230977096,0.0024008983778566226,0.0030807274408459332
685,samples/sample_000685.npz,rectangular_body_000685,45,58,10,15,15,23,13,5,8,15,23,51.5,12.5,19.0,0.71913712413714,520,0.0011684187584629527,0.06408426634798328,0.012932582187789228,0.012409425721116843
686,samples/sample_000686.npz,rectangular_body_000686,28,41,31,39,13,15,13,8,2,13,15,34.5,35.0,14.0,0.5950981252348511,208,0.0009393570427667331,0.03468386266813579,0.006905664167658872,0.005440350670374466
687,samples/sample_000687.npz,rectangular_body_000687,4,17,8,20,2,8,13,12,6,2,8,10.5,14.0,5.0,0.5462186085486792,936,0.0004917689578317267,0.5508161422790715,0.03167827644971199,0.06364201007610738
688,samples/sample_000688.npz,rectangular_body_000688,55,62,30,35,6,11,7,5,5,6,11,58.5,32.5,8.5,0.7147904412452688,175,0.00025181005923172943,0.09856475985913672,0.006266438608331643,0.010489341068830328
689,samples/sample_000689.npz,rectangular_body_000689,6,11,53,61,15,18,5,8,3,15,18,8.5,57.0,16.5,0.5230594024161972,120,0.00013587994794081427,0.014037662483677734,0.0019292815398703552,0.0023999901925889247
690,samples/sample_000690.npz,rectangular_body_000690,51,61,5,16,6,14,10,11,8,6,14,56.0,10.5,10.0,0.7741724899248938,880,0.0010295980965984153,0.3624282374030584,0.02939592259612963,0.04894214900196644
691,samples/sample_000691.npz,rectangular_body_000691,43,59,15,20,7,11,16,5,4,7,11,51.0,17.5,9.0,0.48619529018348673,320,0.00030379562575320364,0.08745733401700023,0.00864793072857957,0.012142993093654911
692,samples/sample_000692.npz,rectangular_body_000692,20,35,48,56,6,9,15,8,3,6,9,27.5,52.0,7.5,0.443020092264929,360,0.0003375868613986558,0.11150784038952366,0.009868436372737172,0.01438755007513844
693,samples/sample_000693.npz,rectangular_body_000693,5,18,24,37,13,19,13,13,6,13,19,11.5,30.5,16.0,0.9747211266214688,1014,0.004242971010899388,0.2153843148573843,0.04322410350937292,0.038875503794003674
694,samples/sample_000694.npz,rectangular_body_000694,43,51,11,25,15,17,8,14,2,15,17,47.0,18.0,16.0,0.8867452844329518,224,0.0007297621840572175,0.04363040608367685,0.008854455007587282,0.008000902504489465
695,samples/sample_000695.npz,rectangular_body_000695,22,33,31,40,15,22,11,9,7,15,22,27.5,35.5,18.5,0.7077526270231702,693,0.004039616805198544,0.08729555684990929,0.02317431490350865,0.014669982132645866
696,samples/sample_000696.npz,rectangular_body_000696,47,52,49,60,11,17,5,11,6,11,17,49.5,54.5,14.0,0.537379033513,330,0.0004185614556442778,0.05377673227444989,0.007213362184394315,0.008834129854809988
697,samples/sample_000697.npz,rectangular_body_000697,7,19,25,40,2,4,12,15,2,2,4,13.0,32.5,3.0,0.6349520843526795,360,0.0002524551955212464,0.30533607297189924,0.01739288823482371,0.03487086094410034
698,samples/sample_000698.npz,rectangular_body_000698,17,32,50,62,4,7,15,12,3,4,7,24.5,56.0,5.5,0.5128659833886331,540,0.00035533465010062644,0.24249902651575037,0.016773549785994955,0.03031625359213245
699,samples/sample_000699.npz,rectangular_body_000699,16,32,46,55,4,12,16,9,8,4,12,24.0,50.5,8.0,0.948907291181345,1152,0.002347365326151954,0.7238035322730076,0.06738990082748568,0.09514273362787196
700,samples/sample_000700.npz,rectangular_body_000700,9,23,44,52,16,18,14,8,2,16,18,16.0,48.0,17.0,0.22939794559676746,224,0.00018089251298882337,0.010147937583616803,0.0021216813427571606,0.0019266152836698617
701,samples/sample_000701.npz,rectangular_body_000701,19,27,49,57,11,14,8,8,3,11,14,23.0,53.0,12.5,0.44351486133000595,192,0.00024037799924543215,0.030962354565209863,0.004141617156942787,0.0047922978633942485
702,samples/sample_000702.npz,rectangular_body_000702,42,57,42,53,3,11,15,11,8,3,11,49.5,47.5,7.0,0.8101595266123609,1320,0.0016933714609523296,0.815715135268246,0.06613156169992879,0.10476168816165547
703,samples/sample_000703.npz,rectangular_body_000703,45,58,42,47,5,13,13,5,8,5,13,51.5,44.5,9.0,0.46856007884381445,520,0.0004924186166553805,0.1617778791251336,0.013807817453940451,0.020027544583406776
704,samples/sample_000704.npz,rectangular_body_000704,52,57,37,42,6,14,5,5,8,6,14,54.5,39.5,10.0,0.4904938753776973,200,0.00022336378337826546,0.06433422749585824,0.005197315039211128,0.007483383955720826
705,samples/sample_000705.npz,rectangular_body_000705,4,19,10,16,3,5,15,6,2,3,5,11.5,13.0,4.0,0.38898646084360583,180,5.537241704711312e-05,0.10332611146450724,0.004588721275082863,0.010097035276261037
706,samples/sample_000706.npz,rectangular_body_000706,52,58,45,55,7,9,6,10,2,7,9,55.0,50.0,8.0,0.9388518453644126,120,0.0001575247129312261,0.08512641576785472,0.005851157044730396,0.010167572699849173
707,samples/sample_000707.npz,rectangular_body_000707,23,33,45,57,12,16,10,12,4,12,16,28.0,51.0,14.0,0.7195062785151767,480,0.0013235329956795393,0.09706002529106557,0.016723438035679404,0.016358074916307395
708,samples/sample_000708.npz,rectangular_body_000708,50,54,11,20,10,17,4,9,7,10,17,52.0,15.5,13.5,0.7854081604015835,252,0.0004995949742185856,0.06701721794097801,0.0088497607016503,0.010591235586502672
709,samples/sample_000709.npz,rectangular_body_000709,48,60,28,33,16,19,12,5,3,16,19,54.0,30.5,17.5,0.9478367850790304,180,0.0007396719757744563,0.03318286350554975,0.006860917656608482,0.0060297445769297514
710,samples/sample_000710.npz,rectangular_body_000710,20,36,9,21,15,18,16,12,3,15,18,28.0,15.0,16.5,0.9740196351316368,576,0.002646632497486457,0.11125862327149391,0.025409818339210646,0.02059891280259693
711,samples/sample_000711.npz,rectangular_body_000711,26,41,31,40,6,8,15,9,2,6,8,33.5,35.5,7.0,0.4169360212155231,270,0.0004987800408979563,0.08338264003226734,0.008067195687392814,0.010307414049527749
712,samples/sample_000712.npz,rectangular_body_000712,33,40,47,55,5,13,7,8,8,5,13,36.5,51.0,9.0,0.5373812791912248,448,0.0006174511098773709,0.1757280610707528,0.014358429991621813,0.020124398249527917
713,samples/sample_000713.npz,rectangular_body_000713,30,38,33,45,2,6,8,12,4,2,6,34.0,39.0,4.0,0.6627547295620151,384,0.0005759615508418275,0.40991375468558366,0.02013489440192677,0.03724704325978531
714,samples/sample_000714.npz,rectangular_body_000714,38,51,15,31,2,10,13,16,8,2,10,44.5,23.0,6.0,0.3489564831877836,1664,0.0011736790168993265,0.46491122844424515,0.040989790362715404,0.060822644913904
715,samples/sample_000715.npz,rectangular_body_000715,14,27,30,41,3,9,13,11,6,3,9,20.5,35.5,6.0,0.7705257989090761,858,0.0016707812119970949,0.6209407160821199,0.04770802511432271,0.07141376580786436
716,samples/sample_000716.npz,rectangular_body_000716,45,55,24,37,16,24,10,13,8,16,24,50.0,30.5,20.0,0.7618692041070769,1040,0.004364282398946738,0.12029848089744671,0.03146812721957075,0.02280695293736613
717,samples/sample_000717.npz,rectangular_body_000717,42,46,26,42,2,7,4,16,5,2,7,44.0,34.0,4.5,0.847234221891185,320,0.0005433721661604549,0.39056557471725795,0.02069737569047676,0.036622391864903396
718,samples/sample_000718.npz,rectangular_body_000718,25,34,32,39,5,10,9,7,5,5,10,29.5,35.5,7.5,0.9392299566771183,315,0.0013133792202141823,0.2632873018656824,0.02089790268891266,0.027784708878516796
719,samples/sample_000719.npz,rectangular_body_000719,25,36,37,41,3,6,11,4,3,3,6,30.5,39.0,4.5,0.991752460632525,132,0.00033218264235473373,0.2272115235532339,0.010194712153796684,0.018518442452136376
720,samples/sample_000720.npz,rectangular_body_000720,34,48,36,48,14,18,14,12,4,14,18,41.0,42.0,16.0,0.5598010444066082,672,0.0019159294523403295,0.08066868851976422,0.018365149435643824,0.014240499289422642
721,samples/sample_000721.npz,rectangular_body_000721,45,55,47,55,9,14,10,8,5,9,14,50.0,51.0,11.5,0.6377382717180937,400,0.0005555242395012973,0.10672858336904781,0.012286661672425502,0.01609515600530703
722,samples/sample_000722.npz,rectangular_body_000722,6,13,22,27,14,18,7,5,4,14,18,9.5,24.5,16.0,0.4754965438980574,140,0.0002271531840977934,0.01599423056514294,0.002761114286342105,0.0027478588027400204
723,samples/sample_000723.npz,rectangular_body_000723,9,19,15,27,11,19,10,12,8,11,19,14.0,21.0,15.0,0.27923364948848955,960,0.0009227389210776833,0.06952743545388795,0.01232229476850297,0.012035882113676951
724,samples/sample_000724.npz,rectangular_body_000724,14,28,3,16,11,14,14,13,3,11,14,21.0,9.5,12.5,0.514557717565234,546,0.000720951833897407,0.08857449490406141,0.012872228745569012,0.014974698197738385
725,samples/sample_000725.npz,rectangular_body_000725,41,45,48,52,4,9,4,4,5,4,9,43.0,50.0,6.5,0.2932506738427237,80,3.87420667361033e-05,0.03251831240174151,0.0015419670421333164,0.0027211563730340405
726,samples/sample_000726.npz,rectangular_body_000726,30,42,41,46,11,18,12,5,7,11,18,36.0,43.5,14.5,0.7374766686711276,420,0.001612040686186803,0.08795178659836372,0.016297714390155437,0.013950610654862385
727,samples/sample_000727.npz,rectangular_body_000727,30,37,44,51,15,21,7,7,6,15,21,33.5,47.5,18.0,0.37092334437344743,294,0.0006133697933172875,0.021031762766133295,0.004850264138829517,0.0037069850148387525
728,samples/sample_000728.npz,rectangular_body_000728,31,38,46,56,11,15,7,10,4,11,15,34.5,51.0,13.0,0.3723096655628615,280,0.0003897194781118528,0.03524081547032122,0.0052826654420287025,0.005521262513209477
729,samples/sample_000729.npz,rectangular_body_000729,13,24,37,42,12,14,11,5,2,12,14,18.5,39.5,13.0,0.8498630603219948,110,0.00037255034844421833,0.0313193004166156,0.0050294599192286585,0.0048730133595891595
730,samples/sample_000730.npz,rectangular_body_000730,40,54,38,51,14,16,14,13,2,14,16,47.0,44.5,15.0,0.7111567760805151,364,0.0009500101444150783,0.06076793237747383,0.012129686259150809,0.011054715877321245
731,samples/sample_000731.npz,rectangular_body_000731,7,12,40,49,6,12,5,9,6,6,12,9.5,44.5,9.0,0.9690675144746734,270,0.0004774360277997003,0.18270778983801406,0.014009805311568185,0.021687764020978266
732,samples/sample_000732.npz,rectangular_body_000732,8,12,42,56,6,10,4,14,4,6,10,10.0,49.0,8.0,0.6181349560285376,224,0.00020527651981243545,0.09889683300838241,0.0074572275552257025,0.01236054415566267
733,samples/sample_000733.npz,rectangular_body_000733,48,60,13,22,8,12,12,9,4,8,12,54.0,17.5,10.0,0.9284607790371397,432,0.0007796843598039525,0.19891897152448762,0.02016486261281928,0.02846628236245041
734,samples/sample_000734.npz,rectangular_body_000734,16,29,5,9,6,9,13,4,3,6,9,22.5,7.0,7.5,0.5679926404981004,156,0.00013672613237065168,0.07088616601094522,0.004789059152379253,0.008209625425808583
735,samples/sample_000735.npz,rectangular_body_000735,31,36,13,24,4,8,5,11,4,4,8,33.5,18.5,6.0,0.6874952191887824,220,0.0003733093535898889,0.18020112667658258,0.010812148445233899,0.017316530739135992
736,samples/sample_000736.npz,rectangular_body_000736,6,19,38,53,11,16,13,15,5,11,16,12.5,45.5,13.5,0.48824554328422476,975,0.0013438507305692403,0.1329718161508848,0.021876957200664345,0.023535667352432763
737,samples/sample_000737.npz,rectangular_body_000737,37,42,2,18,6,9,5,16,3,6,9,39.5,10.0,7.5,0.38759692470780654,240,0.0001700125286075865,0.06695688731514411,0.00539812792330819,0.008389544598173693
738,samples/sample_000738.npz,rectangular_body_000738,55,61,20,27,14,16,6,7,2,14,16,58.0,23.5,15.0,0.9922618527609379,84,0.00023394156512064363,0.022218996707136708,0.0032375177881481965,0.0036244601704542557
739,samples/sample_000739.npz,rectangular_body_000739,37,42,44,48,12,17,5,4,5,12,17,39.5,46.0,14.5,0.6672243888479821,100,0.00028301782879178297,0.019830516446385203,0.0033906501479581234,0.00312769487794565
740,samples/sample_000740.npz,rectangular_body_000740,20,30,17,24,6,12,10,7,6,6,12,25.0,20.5,9.0,0.916980882447175,420,0.0012236879753723296,0.2532814100641063,0.024710783415162037,0.030694621086209645
741,samples/sample_000741.npz,rectangular_body_000741,23,29,46,60,6,14,6,14,8,6,14,26.0,53.0,10.0,0.8190743671204124,672,0.0013912714795946846,0.29217737077911266,0.02991655390632698,0.039613116838495825
742,samples/sample_000742.npz,rectangular_body_000742,7,20,18,25,9,11,13,7,2,9,11,13.5,21.5,10.0,0.47952902908173095,182,0.00021341783463229528,0.043035416488884495,0.004855836627846092,0.006145686778072511
743,samples/sample_000743.npz,rectangular_body_000743,17,32,7,14,7,11,15,7,4,7,11,24.5,10.5,9.0,0.5860019691360712,420,0.0005340167452752718,0.13827054290298335,0.013757096915857168,0.019045728093997013
744,samples/sample_000744.npz,rectangular_body_000744,23,36,41,53,15,22,13,12,7,15,22,29.5,47.0,18.5,0.35602086098161323,1092,0.0022269063293722784,0.06664154309992495,0.01695185305978298,0.012241665386885604
745,samples/sample_000745.npz,rectangular_body_000745,28,36,11,20,12,15,8,9,3,12,15,32.0,15.5,13.5,0.7490721204183324,216,0.0007370878038077072,0.05085813914539909,0.00838539123563417,0.008083985121031175
746,samples/sample_000746.npz,rectangular_body_000746,46,51,16,23,3,11,5,7,8,3,11,48.5,19.5,7.0,0.7774293857266039,280,0.00038574541042795036,0.2763098426033478,0.014156981206809534,0.023950267091530506
747,samples/sample_000747.npz,rectangular_body_000747,46,57,12,22,7,9,11,10,2,7,9,51.5,17.0,8.0,0.31583891735888453,220,0.00011812759424061188,0.04722556652172695,0.004003766931898014,0.006106004359761207
748,samples/sample_000748.npz,rectangular_body_000748,20,32,36,49,15,19,12,13,4,15,19,26.0,42.5,17.0,0.948660560729907,624,0.0034161468618154455,0.1156109822282265,0.028204748987753703,0.020426583119218873
749,samples/sample_000749.npz,rectangular_body_000749,7,15,14,21,13,21,8,7,8,13,21,11.0,17.5,17.0,0.7338402756415843,448,0.0010293679833518888,0.07175622005276461,0.01285858114666582,0.012894904044212003
750,samples/sample_000750.npz,rectangular_body_000750,25,32,36,46,4,9,7,10,5,4,9,28.5,41.0,6.5,0.8242162536378241,350,0.0008621422142069651,0.30766911740347813,0.020750996910675185,0.030823475625996983
751,samples/sample_000751.npz,rectangular_body_000751,12,27,32,38,4,6,15,6,2,4,6,19.5,35.0,5.0,0.6287837055814998,180,0.00023867107049577516,0.13355753017093447,0.008415011344966696,0.013900792385858281
752,samples/sample_000752.npz,rectangular_body_000752,33,40,47,57,9,12,7,10,3,9,12,36.5,52.0,10.5,0.7938310901719376,210,0.00047452894210631613,0.08085379129637998,0.009114688386204186,0.011301823665576026
753,samples/sample_000753.npz,rectangular_body_000753,13,19,15,24,3,10,6,9,7,3,10,16.0,19.5,6.5,0.4427226196891796,378,0.0002830417113068907,0.20443036685942179,0.011144178486298336,0.018972634701337636
754,samples/sample_000754.npz,rectangular_body_000754,19,34,13,21,11,18,15,8,7,11,18,26.5,17.0,14.5,0.5996963368042991,840,0.0022018227707891747,0.13442856753753507,0.02536639650021897,0.022640582449666546
755,samples/sample_000755.npz,rectangular_body_000755,24,31,43,49,9,12,7,6,3,9,12,27.5,46.0,10.5,0.7637272287967505,126,0.00034392926825538365,0.049446285951240995,0.005751896043955804,0.00654567879424417
756,samples/sample_000756.npz,rectangular_body_000756,40,49,12,23,10,17,9,11,7,10,17,44.5,17.5,13.5,0.3216634995503858,693,0.0007551150790141865,0.0707016096318933,0.01126384101358068,0.011406278374089848
757,samples/sample_000757.npz,rectangular_body_000757,12,20,58,62,12,18,8,4,6,12,18,16.0,60.0,15.0,0.9104342261106211,192,0.0003851872378943951,0.04810944753598161,0.005942414095735727,0.007506236077319699
758,samples/sample_000758.npz,rectangular_body_000758,3,10,11,27,2,6,7,16,4,2,6,6.5,19.0,4.0,0.7515434845464,448,0.000267485930067088,0.47053518151538243,0.02078939132345481,0.04729379846926673
759,samples/sample_000759.npz,rectangular_body_000759,29,45,20,34,15,21,16,14,6,15,21,37.0,27.0,18.0,0.9940995475069252,1344,0.01019731347177023,0.22816224398371837,0.06336685687595411,0.03996204952103311
760,samples/sample_000760.npz,rectangular_body_000760,4,18,15,21,15,20,14,6,5,15,20,11.0,18.0,17.5,0.33724461685653195,420,0.0004633898045343988,0.027203600213865968,0.0054159404244491114,0.005143738856154558
761,samples/sample_000761.npz,rectangular_body_000761,8,15,15,19,10,17,7,4,7,10,17,11.5,17.0,13.5,0.9991389798346451,196,0.0005072421115097938,0.06773052082617056,0.008844922960154359,0.010510997052584105
762,samples/sample_000762.npz,rectangular_body_000762,48,56,48,54,14,19,8,6,5,14,19,52.0,51.0,16.5,0.5363143664405516,240,0.0003592185357308267,0.02898309671030491,0.004891779043287085,0.005240570306256392
763,samples/sample_000763.npz,rectangular_body_000763,11,24,2,9,14,20,13,7,6,14,20,17.5,5.5,17.0,0.2291078440305226,546,0.000332708984453014,0.02568633410064862,0.004220993334046864,0.004570773344351566
764,samples/sample_000764.npz,rectangular_body_000764,20,26,46,62,7,15,6,16,8,7,15,23.0,54.0,11.0,0.4760820397306571,768,0.0008978874424394703,0.1581061595552751,0.0183287556499706,0.023347592244735853
765,samples/sample_000765.npz,rectangular_body_000765,11,17,49,61,15,21,6,12,6,15,21,14.0,55.0,18.0,0.753509776199252,432,0.000921563631796529,0.060856878812701756,0.01111875258149318,0.011458772571309606
766,samples/sample_000766.npz,rectangular_body_000766,15,28,36,49,16,18,13,13,2,16,18,21.5,42.5,17.0,0.8409306219228256,338,0.0014173667799798676,0.054667780932396534,0.013159048282631283,0.009956743613229874
767,samples/sample_000767.npz,rectangular_body_000767,29,38,10,23,12,15,9,13,3,12,15,33.5,16.5,13.5,0.5330092011632006,351,0.0008577207686654511,0.05558936034956774,0.009775622863061554,0.009093905374921841
768,samples/sample_000768.npz,rectangular_body_000768,6,18,45,52,11,17,12,7,6,11,17,12.0,48.5,14.0,0.39643754851002133,504,0.0005226958658519663,0.05890923196138866,0.00868643201223007,0.009941389130248867
769,samples/sample_000769.npz,rectangular_body_000769,32,44,29,36,12,16,12,7,4,12,16,38.0,32.5,14.0,0.31400517967214764,336,0.0007607915630643176,0.03052098679865564,0.0058554300452042735,0.004737643400425755
770,samples/sample_000770.npz,rectangular_body_000770,11,20,30,41,7,15,9,11,8,7,15,15.5,35.5,11.0,0.22518270400792872,792,0.0006190818877204446,0.08254082352672402,0.010179772181291805,0.011561680781305234
771,samples/sample_000771.npz,rectangular_body_000771,52,61,8,16,2,6,9,8,4,2,6,56.5,12.0,4.0,0.2685217637472205,288,5.2629401536940586e-05,0.1469474405349769,0.004639326063413949,0.011944565130225555
772,samples/sample_000772.npz,rectangular_body_000772,32,44,18,29,5,7,12,11,2,5,7,38.0,23.5,6.0,0.2464567914489879,264,0.00017021730393380332,0.05992112952625475,0.0047378652293573395,0.006900484730435964
773,samples/sample_000773.npz,rectangular_body_000773,40,47,31,44,14,18,7,13,4,14,18,43.5,37.5,16.0,0.3024024095513668,364,0.0005917632988746042,0.0248640178996746,0.005428907517931063,0.0042415054987829885
774,samples/sample_000774.npz,rectangular_body_000774,47,52,46,52,10,16,5,6,6,10,16,49.5,49.0,13.0,0.9811483314456215,180,0.00045845380383094554,0.06483730149057254,0.008358235207283333,0.009922814396572669
775,samples/sample_000775.npz,rectangular_body_000775,41,57,30,35,11,19,16,5,8,11,19,49.0,32.5,15.0,0.32970629012970487,640,0.001017410283489248,0.05408254652984541,0.010215883528447002,0.009150859386635506
776,samples/sample_000776.npz,rectangular_body_000776,11,24,37,51,6,9,13,14,3,6,9,17.5,44.0,7.5,0.5883193049142594,546,0.0006700206960401907,0.20360888526857707,0.020606789544932752,0.02812433825365816
777,samples/sample_000777.npz,rectangular_body_000777,45,51,41,51,15,17,6,10,2,15,17,48.0,46.0,16.0,0.5416093625676883,120,0.00023040317358354832,0.015011519035889338,0.0028749960943197594,0.002686368843215551
778,samples/sample_000778.npz,rectangular_body_000778,17,32,43,55,6,11,15,12,5,6,11,24.5,49.0,8.5,0.6554467734138336,900,0.001443422625109886,0.3264908967315684,0.036220382207923285,0.04665337636726682
779,samples/sample_000779.npz,rectangular_body_000779,6,22,34,48,13,20,16,14,7,13,20,14.0,41.0,16.5,0.42504932626724656,1568,0.002645480155297187,0.13279763067656683,0.029027923369261223,0.02502117014484014
780,samples/sample_000780.npz,rectangular_body_000780,28,32,42,47,12,19,4,5,7,12,19,30.0,44.5,15.5,0.6748241563187967,140,0.0005270528579165284,0.025248666903190456,0.004780583707523288,0.003994159568955149
781,samples/sample_000781.npz,rectangular_body_000781,24,31,52,57,16,23,7,5,7,16,23,27.5,54.5,19.5,0.9170940521775226,245,0.000955629513584798,0.0377183798440375,0.00833178479507609,0.006992614646714532
782,samples/sample_000782.npz,rectangular_body_000782,29,45,44,53,13,20,16,9,7,13,20,37.0,48.5,16.5,0.6420899454401168,1008,0.0030038503676939818,0.13503793301883663,0.029611995590579455,0.02437819714131225
783,samples/sample_000783.npz,rectangular_body_000783,15,31,27,37,10,17,16,10,7,10,17,23.0,32.0,13.5,0.29183923663434536,1120,0.0020681941537708647,0.09493296384527074,0.01814582469784036,0.015249468795558089
784,samples/sample_000784.npz,rectangular_body_000784,30,44,4,19,8,12,14,15,4,8,12,37.0,11.5,10.0,0.39941817118454487,840,0.0008958331741750027,0.14194667250107112,0.018291211013904383,0.022293630524851723
785,samples/sample_000785.npz,rectangular_body_000785,28,35,21,31,6,9,7,10,3,6,9,31.5,26.0,7.5,0.6136927817921671,210,0.0005578595888485723,0.10700327469683177,0.00905605866588752,0.011871745369495118
786,samples/sample_000786.npz,rectangular_body_000786,53,61,12,26,6,12,8,14,6,6,12,57.0,19.0,9.0,0.23017956042012902,672,0.00025793429449559883,0.08990041548222477,0.00761417313553075,0.011984749490870757
787,samples/sample_000787.npz,rectangular_body_000787,21,29,18,32,12,19,8,14,7,12,19,25.0,25.0,15.5,0.821874410077412,784,0.003793386702776373,0.15475742307640342,0.033163374758108384,0.025590196896692754
788,samples/sample_000788.npz,rectangular_body_000788,12,23,11,25,4,9,11,14,5,4,9,17.5,18.0,6.5,0.6434816574962512,770,0.0008491718606433992,0.4024984724933597,0.032758857385682405,0.0502512865447614
789,samples/sample_000789.npz,rectangular_body_000789,23,32,37,48,12,16,9,11,4,12,16,27.5,42.5,14.0,0.5656464877128407,396,0.001169259570606814,0.06452289981759343,0.012041816978908765,0.010300054275966234
790,samples/sample_000790.npz,rectangular_body_000790,44,57,27,43,7,12,13,16,5,7,12,50.5,35.0,9.5,0.6139119474717903,1040,0.0018535043176501104,0.29151280856286704,0.03717012916313085,0.044681517758515255
791,samples/sample_000791.npz,rectangular_body_000791,6,19,25,32,13,17,13,7,4,13,17,12.5,28.5,15.0,0.2975324681415827,364,0.00043653591979669166,0.027440116989438816,0.005007217676754366,0.004715038257464434
792,samples/sample_000792.npz,rectangular_body_000792,26,33,11,26,7,9,7,15,2,7,9,29.5,18.5,8.0,0.8739898589377948,210,0.0005717290002112922,0.1195557764202576,0.01207973643426024,0.015427646712851385
793,samples/sample_000793.npz,rectangular_body_000793,39,45,34,44,11,19,6,10,8,11,19,42.0,39.0,15.0,0.37880675544033227,480,0.0009297358052724695,0.04988527174723187,0.009413070894588683,0.007924834454920088
794,samples/sample_000794.npz,rectangular_body_000794,49,58,41,54,10,13,9,13,3,10,13,53.5,47.5,11.5,0.7164767838166379,351,0.0005468023517984138,0.09734776687123818,0.01185317138059112,0.015327802370278757
795,samples/sample_000795.npz,rectangular_body_000795,40,56,49,62,2,10,16,13,8,2,10,48.0,55.5,6.0,0.7681634194362383,1664,0.0014406365193633131,1.0234164267808028,0.07312909417259075,0.13554760030145183
796,samples/sample_000796.npz,rectangular_body_000796,5,20,4,20,7,10,15,16,3,7,10,12.5,12.0,8.5,0.3239403502110828,720,0.00036523160581820283,0.11475282351223214,0.012011134198804407,0.018025579279630024
797,samples/sample_000797.npz,rectangular_body_000797,37,42,17,31,3,8,5,14,5,3,8,39.5,24.0,5.5,0.25452309713968735,350,0.00020694107297482126,0.10776412618914455,0.006601548118070222,0.010605975890534934
798,samples/sample_000798.npz,rectangular_body_000798,23,28,37,46,15,22,5,9,7,15,22,25.5,41.5,18.5,0.8089863870005485,315,0.0015701287133013265,0.046894764387127245,0.01165129979917584,0.008087646667205246
799,samples/sample_000799.npz,rectangular_body_000799,26,41,40,52,9,17,15,12,8,9,17,33.5,46.0,13.0,0.20791135295818491,1440,0.0014099633741735801,0.09289020876015217,0.016256060413032243,0.015089991129235267
800,samples/sample_000800.npz,rectangular_body_000800,36,49,22,34,4,7,13,12,3,4,7,42.5,28.0,5.5,0.2456081229247923,468,0.00027678964753882735,0.10866005145390742,0.00847633492601387,0.01278488186657462
801,samples/sample_000801.npz,rectangular_body_000801,31,35,38,44,6,8,4,6,2,6,8,33.0,41.0,7.0,0.8897893272377273,48,0.00014843427619334518,0.04565520596225359,0.003027905138560696,0.004383414805262918
802,samples/sample_000802.npz,rectangular_body_000802,17,31,17,28,12,20,14,11,8,12,20,24.0,22.5,16.0,0.9508857626515719,1232,0.006244313077670265,0.26234288988450993,0.0579799041739361,0.04498657358459876
803,samples/sample_000803.npz,rectangular_body_000803,15,30,33,39,7,10,15,6,3,7,10,22.5,36.0,8.5,0.2725273051990533,270,0.00027043822741713624,0.04497569914285004,0.00488333102374062,0.005833881496447356
804,samples/sample_000804.npz,rectangular_body_000804,30,46,36,50,14,21,16,14,7,14,21,38.0,43.0,17.5,0.8844410681965011,1568,0.008041066599164268,0.2502040444165434,0.06445423825298202,0.04540743204053097
805,samples/sample_000805.npz,rectangular_body_000805,45,59,33,42,15,22,14,9,7,15,22,52.0,37.5,18.5,0.7275265101791379,882,0.0028285527479347287,0.11134719098000283,0.025662530785134988,0.02094502728139435
806,samples/sample_000806.npz,rectangular_body_000806,27,31,25,36,7,9,4,11,2,7,9,29.0,30.5,8.0,0.6096422455765143,88,0.0002691822147247181,0.04077559725506027,0.0037260190490802174,0.004641614459558164
807,samples/sample_000807.npz,rectangular_body_000807,15,30,5,17,4,8,15,12,4,4,8,22.5,11.0,6.0,0.433048630005721,720,0.00045664302082659084,0.2535676027834842,0.019771254082534044,0.032698405646872715
808,samples/sample_000808.npz,rectangular_body_000808,45,55,33,41,9,13,10,8,4,9,13,50.0,37.0,11.0,0.9234045075940904,320,0.0009316870540890604,0.13178641788797751,0.016386487267115325,0.018984402309924795
809,samples/sample_000809.npz,rectangular_body_000809,24,37,53,59,2,9,13,6,7,2,9,30.5,56.0,5.5,0.6467563580665783,546,0.0005182244639836565,0.4586940496277735,0.022107297678907085,0.043759714127341726
810,samples/sample_000810.npz,rectangular_body_000810,29,42,27,37,14,21,13,10,7,14,21,35.5,32.0,17.5,0.6298409543044314,910,0.005429891594273532,0.11029286926904003,0.028223581912924955,0.018325220065365428
811,samples/sample_000811.npz,rectangular_body_000811,4,17,48,58,10,12,13,10,2,10,12,10.5,53.0,11.0,0.984205069931291,260,0.0004602398871961411,0.10399285870678446,0.011224346682290732,0.016170170023216066
812,samples/sample_000812.npz,rectangular_body_000812,20,27,26,33,2,7,7,7,5,2,7,23.5,29.5,4.5,0.6399675614159568,245,0.00035768989241427937,0.3183250190342307,0.012161931647956554,0.02323241894052865
813,samples/sample_000813.npz,rectangular_body_000813,37,41,12,26,6,9,4,14,3,6,9,39.0,19.0,7.5,0.36301710657315733,168,0.0001573005530765852,0.04719914450142221,0.004079406637188447,0.005597441239696619
814,samples/sample_000814.npz,rectangular_body_000814,35,39,32,47,4,9,4,15,5,4,9,37.0,39.5,6.5,0.3585183930159592,300,0.00032547030054846644,0.10213663318464902,0.007744024221549564,0.011081385608186183
815,samples/sample_000815.npz,rectangular_body_000815,7,17,37,52,6,13,10,15,7,6,13,12.0,44.5,9.5,0.6973370841455098,1050,0.0015328753111274484,0.37513269217092193,0.04007108692322822,0.054329076336175536
816,samples/sample_000816.npz,rectangular_body_000816,31,47,6,19,4,8,16,13,4,4,8,39.0,12.5,6.0,0.5395951384955013,832,0.000746411639830825,0.3404393866820966,0.029460433397505162,0.04593636046733262
817,samples/sample_000817.npz,rectangular_body_000817,55,60,2,10,12,16,5,8,4,12,16,57.5,6.0,14.0,0.32174927645924156,160,8.960635997060624e-05,0.015761761704106154,0.0015919491800521245,0.002351792168707771
818,samples/sample_000818.npz,rectangular_body_000818,17,26,24,39,7,12,9,15,5,7,12,21.5,31.5,9.5,0.60578727663395,675,0.0017780981469349736,0.2076757930114943,0.026128581675099335,0.02883920325017043
819,samples/sample_000819.npz,rectangular_body_000819,32,39,28,35,7,14,7,7,7,7,14,35.5,31.5,10.5,0.6556601256157557,343,0.0014300873789944504,0.12259922086418802,0.014327014565472505,0.015132811952678038
820,samples/sample_000820.npz,rectangular_body_000820,39,43,20,25,6,12,4,5,6,6,12,41.0,22.5,9.0,0.20554319402380408,120,7.830878580748474e-05,0.018823874897062366,0.0015927507689230055,0.002043047603971964
821,samples/sample_000821.npz,rectangular_body_000821,26,31,46,58,5,7,5,12,2,5,7,28.5,52.0,6.0,0.9633843569407692,120,0.00020652038636079044,0.12755264611769013,0.007612972599110829,0.013074181137413215
822,samples/sample_000822.npz,rectangular_body_000822,41,57,19,26,3,8,16,7,5,3,8,49.0,22.5,5.5,0.3964306842011639,560,0.00034714840358424754,0.23112785690459187,0.015291461735528575,0.0257573405511125
823,samples/sample_000823.npz,rectangular_body_000823,50,56,12,24,16,21,6,12,5,16,21,53.0,18.0,18.5,0.7523554527281304,360,0.0009217116929714497,0.04778689463922395,0.01001303138797846,0.009187056850850714
824,samples/sample_000824.npz,rectangular_body_000824,26,31,9,23,12,19,5,14,7,12,19,28.5,16.0,15.5,0.61632496482893,490,0.001423865133084604,0.07402195690865034,0.014528775092909941,0.012580252376978292
825,samples/sample_000825.npz,rectangular_body_000825,45,59,29,35,15,21,14,6,6,15,21,52.0,32.0,18.0,0.9665410155168954,504,0.002415840916586979,0.08949028314227468,0.020050571388328626,0.01648245113022595
826,samples/sample_000826.npz,rectangular_body_000826,11,21,8,23,5,12,10,15,7,5,12,16.0,15.5,8.5,0.30810055895362,1050,0.0006197537414051177,0.19388373467312908,0.018841694183257093,0.026735967771471518
827,samples/sample_000827.npz,rectangular_body_000827,57,61,23,31,13,16,4,8,3,13,16,59.0,27.0,14.5,0.24520678312898925,96,6.708573658716425e-05,0.006725152150006113,0.0009156412044404314,0.0010514102091386244
828,samples/sample_000828.npz,rectangular_body_000828,31,40,32,45,15,20,9,13,5,15,20,35.5,38.5,17.5,0.6249895857699019,585,0.0027104913730122736,0.06985125367139083,0.017724844546798874,0.011847449240784111
829,samples/sample_000829.npz,rectangular_body_000829,52,59,33,38,9,12,7,5,3,9,12,55.5,35.5,10.5,0.24361318371169294,105,6.51389151587052e-05,0.013321726788766914,0.0012971129001120621,0.0017545985609567609
830,samples/sample_000830.npz,rectangular_body_000830,40,46,27,36,9,13,6,9,4,9,13,43.0,31.5,11.0,0.471146006787809,216,0.0004859239190418439,0.04732791674995361,0.006153062605399809,0.006436742750857318
831,samples/sample_000831.npz,rectangular_body_000831,11,25,4,9,12,15,14,5,3,12,15,18.0,6.5,13.5,0.9024406168026535,210,0.00043396523624702435,0.05727198609070748,0.0075328633818553675,0.009361010313805854
832,samples/sample_000832.npz,rectangular_body_000832,14,19,34,38,9,13,5,4,4,9,13,16.5,36.0,11.0,0.20206290796128867,80,5.740569283154044e-05,0.008051533395356334,0.000934991691331663,0.001065465999561551
833,samples/sample_000833.npz,rectangular_body_000833,33,41,33,45,11,13,8,12,2,11,13,37.0,39.0,12.0,0.4683268118301402,192,0.00046861149194528655,0.03309169243508925,0.005303133844217608,0.004925529390708614
834,samples/sample_000834.npz,rectangular_body_000834,29,44,17,23,10,15,15,6,5,10,15,36.5,20.0,12.5,0.4163028699796832,450,0.0008414199121670836,0.06405284521737727,0.010528349918712722,0.009935355990682735
835,samples/sample_000835.npz,rectangular_body_000835,40,53,29,42,12,19,13,13,7,12,19,46.5,35.5,15.5,0.6597694970481107,1183,0.0039043983315733104,0.1812658888319031,0.03817621728860405,0.031506111203141896
836,samples/sample_000836.npz,rectangular_body_000836,46,58,2,9,7,12,12,7,5,7,12,52.0,5.5,9.5,0.9467465359947937,420,0.0005565306955335214,0.2240526791502252,0.016593120411781192,0.02887544953744783
837,samples/sample_000837.npz,rectangular_body_000837,4,10,42,53,9,14,6,11,5,9,14,7.0,47.5,11.5,0.28062282284395385,330,0.00017996814127782963,0.03908312916042589,0.00400409377874186,0.005676280594067123
838,samples/sample_000838.npz,rectangular_body_000838,15,21,22,29,10,12,6,7,2,10,12,18.0,25.5,11.0,0.8393704937790987,84,0.00024647935555258875,0.033076472300442215,0.00410707569954737,0.00455102406534504
839,samples/sample_000839.npz,rectangular_body_000839,19,32,18,33,16,23,13,15,7,16,23,25.5,25.5,19.5,0.2603060565117746,1365,0.002548629385641968,0.05413673955096694,0.015797484288706178,0.00965871657109113
840,samples/sample_000840.npz,rectangular_body_000840,48,60,30,43,8,10,12,13,2,8,10,54.0,36.5,9.0,0.9913513756057273,312,0.0007166133605609731,0.16253794494593718,0.017106801660696426,0.02326617058713766
841,samples/sample_000841.npz,rectangular_body_000841,45,61,9,17,3,7,16,8,4,3,7,53.0,13.0,5.0,0.37520529345546594,512,0.0001826675229670476,0.20792399033443903,0.011784765906699052,0.023614384689909174
842,samples/sample_000842.npz,rectangular_body_000842,31,41,15,25,4,6,10,10,2,4,6,36.0,20.0,5.0,0.6430621334443736,200,0.0002657400266966923,0.16150651767951052,0.00960809624724229,0.016150754636725547
843,samples/sample_000843.npz,rectangular_body_000843,47,56,41,51,13,16,9,10,3,13,16,51.5,46.0,14.5,0.6444002540239926,270,0.000510977876597618,0.04724930817883733,0.007707532685519417,0.008180983971282394
844,samples/sample_000844.npz,rectangular_body_000844,8,19,41,57,2,4,11,16,2,2,4,13.5,49.0,3.0,0.6122217548647133,352,0.00015038097754388856,0.289772898315407,0.015581271305883038,0.03312635626341413
845,samples/sample_000845.npz,rectangular_body_000845,16,28,7,19,11,18,12,12,7,11,18,22.0,13.0,14.5,0.2732774716321024,1008,0.0009204553031391681,0.07328312046912308,0.0127425980032824,0.012714904892177373
846,samples/sample_000846.npz,rectangular_body_000846,50,55,55,60,14,20,5,5,6,14,20,52.5,57.5,17.0,0.8000054664784522,150,0.00028268400007058493,0.026353164253668234,0.0038340482760774357,0.004541220355310866
847,samples/sample_000847.npz,rectangular_body_000847,2,13,37,52,16,21,11,15,5,16,21,7.5,44.5,18.5,0.4341219710943576,825,0.0011423063775460528,0.06003292952622313,0.012321539214759331,0.011590879616446715
848,samples/sample_000848.npz,rectangular_body_000848,10,15,2,7,9,17,5,5,8,9,17,12.5,4.5,13.0,0.9327707840459223,200,0.0003380609517996668,0.07183534528136101,0.006625357163875353,0.009855849718959735
849,samples/sample_000849.npz,rectangular_body_000849,4,18,19,32,11,16,14,13,5,11,16,11.0,25.5,13.5,0.6497918233281481,910,0.0019193680883226765,0.16737764263137997,0.0277085322107422,0.028815631579905007
850,samples/sample_000850.npz,rectangular_body_000850,40,45,42,48,3,6,5,6,3,3,6,42.5,45.0,4.5,0.7408868250907474,90,9.630550989078775e-05,0.14370964293484909,0.004979188093093287,0.01001785710362004
851,samples/sample_000851.npz,rectangular_body_000851,48,52,8,16,2,9,4,8,7,2,9,50.0,12.0,5.5,0.6441402151811921,224,0.00015668010244565601,0.2592524219004484,0.00913247783007672,0.019530529599615525
852,samples/sample_000852.npz,rectangular_body_000852,43,52,4,8,10,16,9,4,6,10,16,47.5,6.0,13.0,0.4484542584088386,216,0.00020283443052564057,0.034689405072411535,0.0038303038284439577,0.005165506637106869
853,samples/sample_000853.npz,rectangular_body_000853,21,35,50,60,11,17,14,10,6,11,17,28.0,55.0,14.0,0.9158932679154612,840,0.0025298954685838214,0.21433323127620887,0.034232435266586175,0.03627200677727162
854,samples/sample_000854.npz,rectangular_body_000854,40,52,7,22,8,14,12,15,6,8,14,46.0,14.5,11.0,0.8614795680222909,1080,0.0023125376497917273,0.36459599471538273,0.048855899382282526,0.058351864079874326
855,samples/sample_000855.npz,rectangular_body_000855,37,51,33,38,3,8,14,5,5,3,8,44.0,35.5,5.5,0.49864983192062406,350,0.0003998110852111759,0.21112647193761935,0.012795348534119965,0.02083178835913789
856,samples/sample_000856.npz,rectangular_body_000856,2,16,40,54,14,20,14,14,6,14,20,9.0,47.0,17.0,0.9639892290892973,1176,0.0033325968516240015,0.2177146201793177,0.041503577275677585,0.04167233761886108
857,samples/sample_000857.npz,rectangular_body_000857,15,31,42,47,16,22,16,5,6,16,22,23.0,44.5,19.0,0.6369491029339129,480,0.001608815430342058,0.050175531551892874,0.013110394151203374,0.009322795113447144
858,samples/sample_000858.npz,rectangular_body_000858,38,48,55,62,4,10,10,7,6,4,10,43.0,58.5,7.0,0.37112925616492903,420,0.00020674197351684004,0.15321076624245794,0.00810774638576509,0.015553821271687205
859,samples/sample_000859.npz,rectangular_body_000859,44,57,56,61,11,18,13,5,7,11,18,50.5,58.5,14.5,0.6925826987346471,455,0.0006646895548401699,0.08845183705234402,0.011030456463843999,0.014312455192549785
860,samples/sample_000860.npz,rectangular_body_000860,12,28,20,35,4,7,16,15,3,4,7,20.0,27.5,5.5,0.3977659218144628,720,0.0006436120813423495,0.2164670967857477,0.020840653338490875,0.029730350922104534
861,samples/sample_000861.npz,rectangular_body_000861,16,20,17,32,4,6,4,15,2,4,6,18.0,24.5,5.0,0.8105009507743453,120,0.000165206875729539,0.12129019192225844,0.007124449725701714,0.012158696376668039
862,samples/sample_000862.npz,rectangular_body_000862,18,24,11,27,5,8,6,16,3,5,8,21.0,19.0,6.5,0.4634578840201816,288,0.00026602390172718337,0.1130088181442833,0.009107879009518875,0.013495718889418456
863,samples/sample_000863.npz,rectangular_body_000863,8,15,47,55,14,22,7,8,8,14,22,11.5,51.0,18.0,0.30839614963243334,448,0.0004070068417248512,0.02698431360289797,0.004927393218614233,0.005022400483568044
864,samples/sample_000864.npz,rectangular_body_000864,38,52,4,18,16,24,14,14,8,16,24,45.0,11.0,20.0,0.33037472608047314,1568,0.0019288819503783853,0.07590274036260292,0.018227625517520284,0.015263362643014354
865,samples/sample_000865.npz,rectangular_body_000865,44,60,50,62,11,18,16,12,7,11,18,52.0,56.0,14.5,0.9147554662050614,1344,0.0026979786013151797,0.31025367626063116,0.044618145173913236,0.05512324490403369
866,samples/sample_000866.npz,rectangular_body_000866,17,33,6,20,2,10,16,14,8,2,10,25.0,13.0,6.0,0.7315906911879995,1792,0.0022152160477033334,1.0075597945333405,0.08697751677771601,0.13707059347347614
867,samples/sample_000867.npz,rectangular_body_000867,28,42,36,42,15,23,14,6,8,15,23,35.0,39.0,19.0,0.5498405164575504,672,0.0028589201887759836,0.06243579119667048,0.016991546529025993,0.010709522786228493
868,samples/sample_000868.npz,rectangular_body_000868,38,54,46,55,5,12,16,9,7,5,12,46.0,50.5,8.5,0.7772955884891037,1008,0.001495034880720246,0.467739244698853,0.045371154031409455,0.06458943298376535
869,samples/sample_000869.npz,rectangular_body_000869,7,13,25,41,12,14,6,16,2,12,14,10.0,33.0,13.0,0.5662102160407441,192,0.00037448951564563826,0.03351280158630085,0.005175518490270794,0.005570603827588979
870,samples/sample_000870.npz,rectangular_body_000870,26,40,16,32,15,21,14,16,6,15,21,33.0,24.0,18.0,0.2775814730231587,1344,0.002920755241919576,0.06370952849425468,0.017590713076483397,0.011233421195857168
871,samples/sample_000871.npz,rectangular_body_000871,40,52,24,37,8,13,12,13,5,8,13,46.0,30.5,10.5,0.6668171053906173,780,0.0020589995018826385,0.22476920586026353,0.031042269609323735,0.033352544244052325
872,samples/sample_000872.npz,rectangular_body_000872,37,46,26,37,16,24,9,11,8,16,24,41.5,31.5,20.0,0.2027574015716418,792,0.001260061717915698,0.024883332303077692,0.007040891916021476,0.004358723269373739
873,samples/sample_000873.npz,rectangular_body_000873,18,33,20,34,13,19,15,14,6,13,19,25.5,27.0,16.0,0.4827610411692571,1260,0.0040525079123863396,0.1281689051631266,0.030885585208510608,0.021976919905753817
874,samples/sample_000874.npz,rectangular_body_000874,27,38,26,42,13,19,11,16,6,13,19,32.5,34.0,16.0,0.4233451623135978,1056,0.004220856238759436,0.095933908982534,0.023222653934489988,0.015896688508477377
875,samples/sample_000875.npz,rectangular_body_000875,21,25,3,16,10,13,4,13,3,10,13,23.0,9.5,11.5,0.28759883144777043,156,0.00011245344034227926,0.018209688570591326,0.002180519875619581,0.002722812642464471
876,samples/sample_000876.npz,rectangular_body_000876,30,41,10,18,14,18,11,8,4,14,18,35.5,14.0,16.0,0.4100880371348381,352,0.0006437874194073436,0.03299913186815644,0.0066204074555481374,0.005782907218282379
877,samples/sample_000877.npz,rectangular_body_000877,37,42,8,23,9,17,5,15,8,9,17,39.5,15.5,13.0,0.20512106415608786,600,0.00044045975478932244,0.041367749289680046,0.0063808299701638635,0.006517079569685302
878,samples/sample_000878.npz,rectangular_body_000878,49,57,57,62,2,8,8,5,6,2,8,53.0,59.5,5.0,0.36062493602872386,240,6.40079494772171e-05,0.1655885754086154,0.004353334774543741,0.011816599967902108
879,samples/sample_000879.npz,rectangular_body_000879,26,40,19,34,2,4,14,15,2,2,4,33.0,26.5,3.0,0.8811692009680876,420,0.0007420435115574104,0.4453012714304973,0.03031323898565991,0.05395191894313317
880,samples/sample_000880.npz,rectangular_body_000880,17,28,6,21,11,18,11,15,7,11,18,22.5,13.5,14.5,0.5630450748041451,1155,0.002249534768200427,0.16873522042916445,0.03034298023997547,0.029577165381299717
881,samples/sample_000881.npz,rectangular_body_000881,2,10,9,16,10,18,8,7,8,10,18,6.0,12.5,14.0,0.7892529313481693,448,0.0007144547835747104,0.1123258539176107,0.012677522275617801,0.01725230472274608
882,samples/sample_000882.npz,rectangular_body_000882,52,56,11,17,12,14,4,6,2,12,14,54.0,14.0,13.0,0.6695469272963848,48,7.11441957377047e-05,0.011373954512604638,0.0013716483932455302,0.0017748259543786478
883,samples/sample_000883.npz,rectangular_body_000883,17,25,22,38,2,10,8,16,8,2,10,21.0,30.0,6.0,0.831446686643954,1024,0.002295822426602714,0.8311666807858219,0.06184034418885095,0.09343308051916024
884,samples/sample_000884.npz,rectangular_body_000884,35,44,25,36,12,15,9,11,3,12,15,39.5,30.5,13.5,0.8309609271591929,297,0.0015664836911375955,0.07523368995613214,0.013844062473451976,0.011643928101969734
885,samples/sample_000885.npz,rectangular_body_000885,23,30,10,19,11,17,7,9,6,11,17,26.5,14.5,14.0,0.7365196202102029,378,0.001075645791514421,0.08513020689246349,0.013851397359045062,0.013606229653044219
886,samples/sample_000886.npz,rectangular_body_000886,7,13,19,33,6,12,6,14,6,6,12,10.0,26.0,9.0,0.847318051094075,504,0.000942950406575526,0.2569840012040786,0.023823945120233742,0.03380016011087419
887,samples/sample_000887.npz,rectangular_body_000887,32,42,23,34,4,12,10,11,8,4,12,37.0,28.5,8.0,0.7836249568452158,880,0.0029177199042649225,0.5201296065636353,0.04764133445788554,0.06042373021930198
888,samples/sample_000888.npz,rectangular_body_000888,38,54,48,62,3,11,16,14,8,3,11,46.0,55.0,7.0,0.36584377232758636,1792,0.0009114612307912441,0.43412958545768165,0.03677929736244345,0.06118583126209216
889,samples/sample_000889.npz,rectangular_body_000889,39,49,20,32,15,23,10,12,8,15,23,44.0,26.0,19.0,0.8802924380629988,960,0.004948016653520073,0.14211993905827294,0.03712339111059225,0.02563932484280939
890,samples/sample_000890.npz,rectangular_body_000890,13,23,23,32,9,16,10,9,7,9,16,18.0,27.5,12.5,0.7473973598736983,630,0.0019509907003830568,0.1733834267411039,0.0260365726861671,0.025960815824624506
891,samples/sample_000891.npz,rectangular_body_000891,45,55,34,48,14,21,10,14,7,14,21,50.0,41.0,17.5,0.6593654865379621,980,0.002661380331100682,0.1230530707510255,0.027303282365489824,0.022994519301119815
892,samples/sample_000892.npz,rectangular_body_000892,18,27,32,38,14,18,9,6,4,14,18,22.5,35.0,16.0,0.9433901782515008,216,0.0012788684431800429,0.047968217149064456,0.010307131792930056,0.007856869375681716
893,samples/sample_000893.npz,rectangular_body_000893,46,54,23,29,5,8,8,6,3,5,8,50.0,26.0,6.5,0.20231299872838335,144,5.5980193860185415e-05,0.03244896036170138,0.0019410056725743352,0.0031946535346904716
894,samples/sample_000894.npz,rectangular_body_000894,21,34,2,17,13,15,13,15,2,13,15,27.5,9.5,14.0,0.7883134562367515,390,0.0010281342177442972,0.07976327788866089,0.013700043178636177,0.014018600549338426
895,samples/sample_000895.npz,rectangular_body_000895,27,40,7,21,8,12,13,14,4,8,12,33.5,14.0,10.0,0.9542290726522507,728,0.00224532509372546,0.30651095040969334,0.04000843495312949,0.04662701310466572
896,samples/sample_000896.npz,rectangular_body_000896,13,24,8,16,15,21,11,8,6,15,21,18.5,12.0,18.0,0.42852718082060753,528,0.0007876901316769362,0.0422509423799462,0.0087432090400179,0.0079983264684432
897,samples/sample_000897.npz,rectangular_body_000897,7,22,45,55,14,19,15,10,5,14,19,14.5,50.0,16.5,0.4951626292318766,750,0.0011530465414952354,0.07654887871443859,0.014825563976957164,0.014548963435050244
898,samples/sample_000898.npz,rectangular_body_000898,48,58,17,26,8,10,10,9,2,8,10,53.0,21.5,9.0,0.21022787558249265,180,7.71411948262025e-05,0.02261443684509446,0.0021031395657195623,0.0029932768457520873
899,samples/sample_000899.npz,rectangular_body_000899,9,20,18,23,7,13,11,5,6,7,13,14.5,20.5,10.0,0.9538208441863378,330,0.0007686350883677514,0.17462910134138881,0.01779411705038511,0.02305704389867816
900,samples/sample_000900.npz,rectangular_body_000900,46,57,19,31,14,17,11,12,3,14,17,51.5,25.0,15.5,0.858979847478875,396,0.001281837220236926,0.07908905543621449,0.0152347255089729,0.014137619870200362
901,samples/sample_000901.npz,rectangular_body_000901,12,22,11,21,13,17,10,10,4,13,17,17.0,16.0,15.0,0.967586651571946,400,0.0012662099260690326,0.0985286528165624,0.017564055019300605,0.01735312010597144
902,samples/sample_000902.npz,rectangular_body_000902,4,15,48,61,12,14,11,13,2,12,14,9.5,54.5,13.0,0.2392892315964706,286,0.0001332391548290698,0.021070957614918596,0.0025975637017333327,0.003515464246357904
903,samples/sample_000903.npz,rectangular_body_000903,23,32,7,23,13,17,9,16,4,13,17,27.5,15.0,15.0,0.4196551002453636,576,0.0010483677760768791,0.05805214995061401,0.011570827646916214,0.010221747648896716
904,samples/sample_000904.npz,rectangular_body_000904,29,43,38,54,8,15,14,16,7,8,15,36.0,46.0,11.5,0.21656058388513985,1568,0.0013529945603793874,0.11917260437230384,0.019349440359900688,0.019286131765466764
905,samples/sample_000905.npz,rectangular_body_000905,56,60,15,31,13,19,4,16,6,13,19,58.0,23.0,16.0,0.7059335191206824,384,0.0007928284303225184,0.060785681736358746,0.01009627725896349,0.010661734453848678
906,samples/sample_000906.npz,rectangular_body_000906,35,39,21,30,6,8,4,9,2,6,8,37.0,25.5,7.0,0.7479121588528366,72,0.00017976764261698854,0.053405068657896945,0.003829240500773123,0.005406491572702306
907,samples/sample_000907.npz,rectangular_body_000907,8,18,37,50,12,15,10,13,3,12,15,13.0,43.5,13.5,0.9963697880244762,390,0.0011752472604065617,0.11409092695457286,0.01844980686421532,0.019474460231082964
908,samples/sample_000908.npz,rectangular_body_000908,38,54,25,33,9,17,16,8,8,9,17,46.0,29.0,13.0,0.6262676339088955,1024,0.002898618023498949,0.2054805931222407,0.03472061574349633,0.03276669341534285
909,samples/sample_000909.npz,rectangular_body_000909,20,35,38,42,11,14,15,4,3,11,14,27.5,40.0,12.5,0.570001167730128,180,0.0005403000790180489,0.03496598153657192,0.0059194151757631045,0.005334253841910816
910,samples/sample_000910.npz,rectangular_body_000910,5,9,33,42,10,18,4,9,8,10,18,7.0,37.5,14.0,0.8212730468249296,288,0.0006921331510729104,0.07594455721404555,0.010022973087078876,0.011619038582039836
911,samples/sample_000911.npz,rectangular_body_000911,47,54,27,40,5,11,7,13,6,5,11,50.5,33.5,8.0,0.2951559015605616,546,0.00041377458658299355,0.11786127460758594,0.010098353849511096,0.014276146412180698
912,samples/sample_000912.npz,rectangular_body_000912,2,12,25,30,2,7,10,5,5,2,7,7.0,27.5,4.5,0.8485955710020092,250,0.00023457740195203066,0.4023000038854645,0.01330531029458587,0.03084175198275272
913,samples/sample_000913.npz,rectangular_body_000913,10,25,16,26,12,17,15,10,5,12,17,17.5,21.0,14.5,0.9801120088922544,750,0.0027871869498268045,0.18891968673499313,0.03591218133462126,0.033002948005391254
914,samples/sample_000914.npz,rectangular_body_000914,13,24,18,32,14,16,11,14,2,14,16,18.5,25.0,15.0,0.3902534153593651,308,0.0005488029736053803,0.028808197426415022,0.005973350890311503,0.0050254955138149884
915,samples/sample_000915.npz,rectangular_body_000915,6,19,9,21,15,21,13,12,6,15,21,12.5,15.0,18.0,0.5256862449745667,936,0.0015878321922728647,0.08793654661312134,0.018248448565430835,0.017172098963150858
916,samples/sample_000916.npz,rectangular_body_000916,18,23,8,12,8,11,5,4,3,8,11,20.5,10.0,9.5,0.5847888789024132,60,7.017975410944074e-05,0.022646919025616653,0.0018718004260114946,0.0027583797230815513
917,samples/sample_000917.npz,rectangular_body_000917,27,38,13,28,15,20,11,15,5,15,20,32.5,20.5,17.5,0.7989226403710872,825,0.00445359033495199,0.12180997748507821,0.030922626708768178,0.021603376918810237
918,samples/sample_000918.npz,rectangular_body_000918,41,45,16,23,8,14,4,7,6,8,14,43.0,19.5,11.0,0.20835932236038293,168,0.0001113059684454569,0.017641508225653243,0.002024864445899114,0.002326658043676436
919,samples/sample_000919.npz,rectangular_body_000919,40,45,43,49,16,22,5,6,6,16,22,42.5,46.0,19.0,0.8502090215597908,180,0.0007272499819784581,0.026900369866358895,0.006436404864155186,0.004920121772511075
920,samples/sample_000920.npz,rectangular_body_000920,31,46,37,51,10,17,15,14,7,10,17,38.5,44.0,13.5,0.8124476281943622,1470,0.005395349145220206,0.33476859772975365,0.0638758167765312,0.05633749827691553
921,samples/sample_000921.npz,rectangular_body_000921,32,48,25,35,12,17,16,10,5,12,17,40.0,30.0,14.5,0.5938519789169319,800,0.0030926344168171714,0.12030933064921223,0.025502318910148335,0.01988300178009423
922,samples/sample_000922.npz,rectangular_body_000922,32,48,4,8,8,14,16,4,6,8,14,40.0,6.0,11.0,0.21714173293470315,384,0.00018130435759181946,0.035486655929884266,0.0037759175292442185,0.0051549606954519565
923,samples/sample_000923.npz,rectangular_body_000923,26,31,45,58,16,19,5,13,3,16,19,28.5,51.5,17.5,0.409582839053503,195,0.0003624607748600835,0.015414472433577296,0.0033644807062277876,0.0028148362153421094
924,samples/sample_000924.npz,rectangular_body_000924,20,28,27,31,8,11,8,4,3,8,11,24.0,29.0,9.5,0.85843206219658,96,0.00036281449759041634,0.05069780992298841,0.0053467262875615245,0.006153250519471925
925,samples/sample_000925.npz,rectangular_body_000925,12,20,42,53,8,11,8,11,3,8,11,16.0,47.5,9.5,0.604486334258421,264,0.00034736631282939,0.0880891417985153,0.009034745188318236,0.012064705478964642
926,samples/sample_000926.npz,rectangular_body_000926,13,27,4,15,9,13,14,11,4,9,13,20.0,9.5,11.0,0.5054183348891013,616,0.000694223755015009,0.1239806759080462,0.015113097117734633,0.019438545468679732
927,samples/sample_000927.npz,rectangular_body_000927,29,34,43,52,12,15,5,9,3,12,15,31.5,47.5,13.5,0.7263964545243506,135,0.00045884741062205477,0.03160399807092927,0.005155434988758426,0.0049207676928344265
928,samples/sample_000928.npz,rectangular_body_000928,27,32,50,62,6,12,5,12,6,6,12,29.5,56.0,9.0,0.4935792532811751,360,0.0003987598379105356,0.11486272226463051,0.009402430776123828,0.014078192342945573
929,samples/sample_000929.npz,rectangular_body_000929,54,61,18,29,12,19,7,11,7,12,19,57.5,23.5,15.5,0.7622384936955864,539,0.0012032712220148094,0.10307772975950792,0.015927816747917423,0.01726337433531657
930,samples/sample_000930.npz,rectangular_body_000930,22,37,16,31,7,10,15,15,3,7,10,29.5,23.5,8.5,0.44681484937779214,675,0.0012321182072173,0.15242633911957398,0.020089561239234395,0.022315952941199778
931,samples/sample_000931.npz,rectangular_body_000931,4,10,19,27,11,15,6,8,4,11,15,7.0,23.0,13.0,0.7562544920287844,192,0.0003688579527994989,0.05053924630580148,0.00625731258311921,0.007688812173264878
932,samples/sample_000932.npz,rectangular_body_000932,42,49,27,34,13,21,7,7,8,13,21,45.5,30.5,17.0,0.5222350894513712,392,0.0011929343158137676,0.045025667351566295,0.009694946515476525,0.0075599776886599995
933,samples/sample_000933.npz,rectangular_body_000933,34,39,15,24,12,20,5,9,8,12,20,36.5,19.5,16.0,0.4125926996193302,360,0.000787914349182171,0.03664748482270071,0.007328341118727055,0.005980476175005303
934,samples/sample_000934.npz,rectangular_body_000934,9,21,27,43,12,15,12,16,3,12,15,15.0,35.0,13.5,0.47705718295944505,576,0.0011392582591336433,0.07546066439639992,0.013985541541948624,0.013056900005592578
935,samples/sample_000935.npz,rectangular_body_000935,21,35,36,47,12,14,14,11,2,12,14,28.0,41.5,13.0,0.6464779450368596,308,0.0010436141588521094,0.060356902714581134,0.011162650750385323,0.009696891692959416
936,samples/sample_000936.npz,rectangular_body_000936,48,57,36,47,7,11,9,11,4,7,11,52.5,41.5,9.0,0.908694497549394,396,0.0007664199722152709,0.21517154999954954,0.020355589789547428,0.028476630758333454
937,samples/sample_000937.npz,rectangular_body_000937,42,49,44,49,8,13,7,5,5,8,13,45.5,46.5,10.5,0.7449614360689776,175,0.0003441042223604272,0.06987011272579838,0.007394271036748565,0.00917126548489697
938,samples/sample_000938.npz,rectangular_body_000938,11,23,8,23,5,11,12,15,6,5,11,17.0,15.5,8.0,0.6060286263389267,1080,0.0012286146189429685,0.3963468386113243,0.039252226075303376,0.05569676711705838
939,samples/sample_000939.npz,rectangular_body_000939,14,27,11,25,3,6,13,14,3,3,6,20.5,18.0,4.5,0.5567362327179519,546,0.00041615467910233476,0.31550699991480796,0.022248488636860478,0.037975168058786084
940,samples/sample_000940.npz,rectangular_body_000940,32,40,9,15,11,19,8,6,8,11,19,36.0,12.0,15.0,0.80215126990303,384,0.001187774557709464,0.08615783764413242,0.014241666938680448,0.014042280438100263
941,samples/sample_000941.npz,rectangular_body_000941,26,38,19,35,11,16,12,16,5,11,16,32.0,27.0,13.5,0.6132266000738589,960,0.004454059670941711,0.16370258117188066,0.03322780710065419,0.026444266037356067
942,samples/sample_000942.npz,rectangular_body_000942,52,60,46,56,14,17,8,10,3,14,17,56.0,51.0,15.5,0.7353361859825305,240,0.00041875819535492416,0.042824842095095336,0.006333956398480292,0.007512056269067542
943,samples/sample_000943.npz,rectangular_body_000943,29,45,38,52,8,10,16,14,2,8,10,37.0,45.0,9.0,0.9611971023769339,448,0.001406441596341186,0.20129168009212395,0.02717883666375662,0.0306400645685447
944,samples/sample_000944.npz,rectangular_body_000944,38,50,3,16,3,7,12,13,4,3,7,44.0,9.5,5.0,0.836431647425957,624,0.0005753300711562652,0.5456291153501838,0.03311071561612494,0.06332536181095443
945,samples/sample_000945.npz,rectangular_body_000945,16,21,17,21,7,15,5,4,8,7,15,18.5,19.0,11.0,0.8919004693052588,160,0.00040976360846811097,0.07762252011935696,0.00808092191421509,0.009790991036726086
946,samples/sample_000946.npz,rectangular_body_000946,26,33,39,44,2,4,7,5,2,2,4,29.5,41.5,3.0,0.8937473575282957,70,9.640043149163368e-05,0.20742623439080243,0.005097124476431982,0.01200461749819574
947,samples/sample_000947.npz,rectangular_body_000947,29,40,11,26,16,24,11,15,8,16,24,34.5,18.5,20.0,0.9878608694437623,1320,0.008344590579656537,0.19387077142924175,0.054744177850388556,0.03586857871493149
948,samples/sample_000948.npz,rectangular_body_000948,56,60,29,36,9,12,4,7,3,9,12,58.0,32.5,10.5,0.25308457216550606,84,5.255878555490519e-05,0.01113910673132918,0.001001895012586,0.0014249143136585594
949,samples/sample_000949.npz,rectangular_body_000949,14,29,18,22,7,9,15,4,2,7,9,21.5,20.0,8.0,0.6494763144469811,120,0.00019616134143580555,0.05290335766070839,0.005072549415442976,0.006680470544673932
950,samples/sample_000950.npz,rectangular_body_000950,47,58,19,28,12,20,11,9,8,12,20,52.5,23.5,16.0,0.31857337168049615,792,0.0009000175898848721,0.05948546642252244,0.010857725637638933,0.010413182770467884
951,samples/sample_000951.npz,rectangular_body_000951,17,29,5,11,12,16,12,6,4,12,16,23.0,8.0,14.0,0.9802774650436217,288,0.0007911646131508912,0.0821330836895507,0.012020686111648568,0.013561529986458933
952,samples/sample_000952.npz,rectangular_body_000952,12,28,3,12,2,8,16,9,6,2,8,20.0,7.5,5.0,0.6474430164850574,864,0.0005744416159326885,0.6053240888025597,0.033998333540524214,0.06849746339210887
953,samples/sample_000953.npz,rectangular_body_000953,13,18,18,30,12,18,5,12,6,12,18,15.5,24.0,15.0,0.8934598116187342,360,0.0012675193040312337,0.08478939124373577,0.015453091953482802,0.014294420119309193
954,samples/sample_000954.npz,rectangular_body_000954,26,39,29,42,14,22,13,13,8,14,22,32.5,35.5,18.0,0.3597666653564333,1352,0.00460535475899705,0.08768425084917374,0.02349389392543952,0.014750414008105093
955,samples/sample_000955.npz,rectangular_body_000955,43,55,9,16,15,19,12,7,4,15,19,49.0,12.5,17.0,0.7508415264674235,336,0.0007758417810800286,0.05151775380691865,0.009754095774050783,0.009674575378341833
956,samples/sample_000956.npz,rectangular_body_000956,38,47,27,39,3,7,9,12,4,3,7,42.5,33.0,5.0,0.8979767628774495,432,0.0009453191548183652,0.48110288159851256,0.029290350263292894,0.048556173459135134
957,samples/sample_000957.npz,rectangular_body_000957,36,44,28,40,3,6,8,12,3,3,6,40.0,34.0,4.5,0.2580464566091729,288,0.0001779749861139529,0.10497767520330598,0.005763301485430944,0.01000740554215339
958,samples/sample_000958.npz,rectangular_body_000958,23,31,15,29,7,14,8,14,7,7,14,27.0,22.0,10.5,0.256654875664467,784,0.00083375379175562,0.09376838402865184,0.012358881506424758,0.013133709109036289
959,samples/sample_000959.npz,rectangular_body_000959,39,54,37,53,15,23,15,16,8,15,23,46.5,45.0,19.0,0.684178240371618,1920,0.005778143256758569,0.20564235664475117,0.052953796862558654,0.04051819209356088
960,samples/sample_000960.npz,rectangular_body_000960,5,18,17,32,12,14,13,15,2,12,14,11.5,24.5,13.0,0.5205721800609728,390,0.0006338996760521893,0.05915636455407261,0.009742603650079715,0.010237849208674267
961,samples/sample_000961.npz,rectangular_body_000961,44,48,38,50,9,15,4,12,6,9,15,46.0,44.0,12.0,0.7670377788938159,288,0.0006990747938782279,0.08756227169464627,0.011979592203877705,0.013048995199065749
962,samples/sample_000962.npz,rectangular_body_000962,32,48,33,44,7,10,16,11,3,7,10,40.0,38.5,8.5,0.5855065272662064,528,0.0011066966113428992,0.16738692974652666,0.020482807221395356,0.02353832862786319
963,samples/sample_000963.npz,rectangular_body_000963,5,15,40,55,2,8,10,15,6,2,8,10.0,47.5,5.0,0.26389730262846733,900,0.00024110877764419616,0.2560679682377121,0.014999264744276541,0.02947567666986217
964,samples/sample_000964.npz,rectangular_body_000964,20,25,44,53,14,21,5,9,7,14,21,22.5,48.5,17.5,0.6927991957939571,315,0.0009271124106840268,0.04471855604502395,0.00946445370793482,0.007981607116717682
965,samples/sample_000965.npz,rectangular_body_000965,44,53,41,53,8,11,9,12,3,8,11,48.5,47.0,9.5,0.9380579850317419,324,0.0006623461636972503,0.16152979409524698,0.017162750488962267,0.02270966344178825
966,samples/sample_000966.npz,rectangular_body_000966,25,35,27,41,4,12,10,14,8,4,12,30.0,34.0,8.0,0.9201610442955819,1120,0.005308068244724814,0.7053049594038526,0.0715780409939983,0.08744386410946603
967,samples/sample_000967.npz,rectangular_body_000967,29,40,34,47,16,22,11,13,6,16,22,34.5,40.5,19.0,0.25938833192273497,858,0.0016666340793056978,0.03638768566643554,0.010118860216736894,0.006376245000975767
968,samples/sample_000968.npz,rectangular_body_000968,10,25,21,30,7,15,15,9,8,7,15,17.5,25.5,11.0,0.2219280994774958,1080,0.0008282583380874592,0.10204279384800925,0.013819173445293192,0.01506744762210123
969,samples/sample_000969.npz,rectangular_body_000969,41,45,14,23,14,19,4,9,5,14,19,43.0,18.5,16.5,0.8593242347945205,180,0.000664581053518361,0.03492233476841691,0.007141213404340489,0.006066465841168335
970,samples/sample_000970.npz,rectangular_body_000970,13,28,29,37,5,8,15,8,3,5,8,20.5,33.0,6.5,0.7469486838616419,360,0.0007988101274242754,0.2247234201155446,0.019046778833840552,0.026795954660104173
971,samples/sample_000971.npz,rectangular_body_000971,23,38,39,44,13,18,15,5,5,13,18,30.5,41.5,15.5,0.9680249985908793,375,0.002342446520350606,0.08632055287076797,0.018694463403686107,0.014286218168138968
972,samples/sample_000972.npz,rectangular_body_000972,49,54,45,57,12,14,5,12,2,12,14,51.5,51.0,13.0,0.7231699501718767,120,0.00020167419222547566,0.028646628844385222,0.0038103037733699446,0.0047007852655152026
973,samples/sample_000973.npz,rectangular_body_000973,56,61,37,51,10,14,5,14,4,10,14,58.5,44.0,12.0,0.8402518377497079,280,0.0004943517204974734,0.08753674036395302,0.00978476421398406,0.013147687593496963
974,samples/sample_000974.npz,rectangular_body_000974,35,39,18,32,16,20,4,14,4,16,20,37.0,25.0,18.0,0.5005034222154676,224,0.000787438482834195,0.020486658510799338,0.005303031300776323,0.0035212594707421706
975,samples/sample_000975.npz,rectangular_body_000975,47,62,33,38,7,12,15,5,5,7,12,54.5,35.5,9.5,0.2921848938515961,375,0.0002684306894445077,0.05911834634849227,0.005863435483246318,0.008026530058699773
976,samples/sample_000976.npz,rectangular_body_000976,40,52,20,30,4,6,12,10,2,4,6,46.0,25.0,5.0,0.23190540291392356,240,9.645201335166911e-05,0.06433358414017698,0.004073211635124752,0.006860884416100876
977,samples/sample_000977.npz,rectangular_body_000977,3,15,37,53,3,6,12,16,3,3,6,9.0,45.0,4.5,0.813360580789096,576,0.0004510352132976716,0.4654253714173916,0.029870364035638614,0.05802009033753037
978,samples/sample_000978.npz,rectangular_body_000978,21,25,29,37,10,17,4,8,7,10,17,23.0,33.0,13.5,0.9785005957691788,224,0.0013129230569088987,0.07491243022925036,0.012269875650375111,0.010924326404098308
979,samples/sample_000979.npz,rectangular_body_000979,5,21,39,53,8,15,16,14,7,8,15,13.0,46.0,11.5,0.872079533643006,1568,0.003374275267989504,0.47990261127710443,0.06837771567110945,0.08077226098205256
980,samples/sample_000980.npz,rectangular_body_000980,10,23,27,43,5,10,13,16,5,5,10,16.5,35.0,7.5,0.9036125081850517,1040,0.0025043018892246544,0.5724410151284502,0.06178782233253388,0.08065528749746442
981,samples/sample_000981.npz,rectangular_body_000981,6,15,53,61,4,12,9,8,8,4,12,10.5,57.0,8.0,0.740783722138481,576,0.0005113254262366932,0.3630754192813747,0.01984134889229748,0.03927056297249683
982,samples/sample_000982.npz,rectangular_body_000982,40,46,11,25,7,9,6,14,2,7,9,43.0,18.0,8.0,0.37709363389662054,168,0.0001463727459366464,0.04297351493705461,0.00404107739701492,0.005468804512050794
983,samples/sample_000983.npz,rectangular_body_000983,32,47,40,46,4,8,15,6,4,4,8,39.5,43.0,6.0,0.8165969443983097,360,0.0006587958329344134,0.28965492178914176,0.02109685142750431,0.03194256518498976
984,samples/sample_000984.npz,rectangular_body_000984,33,40,40,47,16,20,7,7,4,16,20,36.5,43.5,18.0,0.7810422627378169,196,0.0009200197265939529,0.029122599875184105,0.00705851605835716,0.005050374130525398
985,samples/sample_000985.npz,rectangular_body_000985,47,58,19,33,4,11,11,14,7,4,11,52.5,26.0,7.5,0.6562668182189669,1078,0.0014108447471799545,0.5019399729792722,0.043210773598186834,0.06477705260366197
986,samples/sample_000986.npz,rectangular_body_000986,49,54,46,57,12,15,5,11,3,12,15,51.5,51.5,13.5,0.40078226366392244,165,0.00015635434774431282,0.020830246026334237,0.0028232478725603977,0.0034443559302940836
987,samples/sample_000987.npz,rectangular_body_000987,25,29,30,41,14,19,4,11,5,14,19,27.0,35.5,16.5,0.41387426790984166,220,0.0006828307586668673,0.020220268445677342,0.00462176751127697,0.0032807957254842295
988,samples/sample_000988.npz,rectangular_body_000988,31,43,21,35,11,18,12,14,7,11,18,37.0,28.0,14.5,0.9867455222147938,1176,0.007872721688216594,0.30101419492266396,0.0630163039482812,0.04877396762374535
989,samples/sample_000989.npz,rectangular_body_000989,41,46,36,46,5,11,5,10,6,5,11,43.5,41.0,8.0,0.7687722808852782,300,0.0006166056235043387,0.1917339458675978,0.015262248353456824,0.02096285958973375
990,samples/sample_000990.npz,rectangular_body_000990,20,31,7,17,15,18,11,10,3,15,18,25.5,12.0,16.5,0.9703049627549292,330,0.0012595199767194984,0.06789703919951509,0.013733938287270629,0.012319274721139006
991,samples/sample_000991.npz,rectangular_body_000991,5,13,46,54,16,20,8,8,4,16,20,9.0,50.0,18.0,0.4619771002191011,256,0.00033453339205016374,0.02221568824368783,0.0040424799564050245,0.004175664841376897
992,samples/sample_000992.npz,rectangular_body_000992,39,46,11,24,2,10,7,13,8,2,10,42.5,17.5,6.0,0.6094851097787979,728,0.0007870714475438083,0.5162425692994692,0.03080769607105785,0.05167936854803338
993,samples/sample_000993.npz,rectangular_body_000993,16,32,41,47,14,21,16,6,7,14,21,24.0,44.0,17.5,0.9587634215723835,672,0.003354917915585542,0.12309887470461284,0.029553159723865602,0.022090462914593257
994,samples/sample_000994.npz,rectangular_body_000994,2,15,7,22,15,21,13,15,6,15,21,8.5,14.5,18.0,0.33611185311229513,1170,0.0011178775571003613,0.06851249456506356,0.013250279728484075,0.01334518976055558
995,samples/sample_000995.npz,rectangular_body_000995,30,46,51,61,5,7,16,10,2,5,7,38.0,56.0,6.0,0.9785821094310558,320,0.0004500809738018274,0.25778658210706196,0.018697188365106927,0.03244503572631381
996,samples/sample_000996.npz,rectangular_body_000996,32,47,30,41,2,4,15,11,2,2,4,39.5,35.5,3.0,0.5289617898344134,330,0.00028829470609495163,0.24694422185620377,0.014228188192548171,0.026772866694854618
997,samples/sample_000997.npz,rectangular_body_000997,57,62,45,57,11,18,5,12,7,11,18,59.5,51.0,14.5,0.2923434147585715,420,0.00024852218368869863,0.03486500234337975,0.004121863934472105,0.00548518703854119
998,samples/sample_000998.npz,rectangular_body_000998,15,26,33,47,15,18,11,14,3,15,18,20.5,40.0,16.5,0.35472131183717104,462,0.0008369254259983789,0.03351716243057981,0.0078078595105096505,0.00597836403275387
999,samples/sample_000999.npz,rectangular_body_000999,12,22,3,9,15,20,10,6,5,15,20,17.0,6.0,17.5,0.5786393448726141,300,0.0004736183377044032,0.03449428573396155,0.005822566328738089,0.006197721862710373
