experiment,sample_id,sample_path,prediction_path,mse,mae,correlation,iou,dice,true_occupied_cells,predicted_occupied_cells,volume_ratio,true_mass_proxy,predicted_mass_proxy,mass_ratio,true_body_mean_density,predicted_mean_density_in_true_body,peak_predicted_density,body_mse,background_mse,depth_profile_mse,z_center_error_m,absolute_z_center_error_m,true_top_depth_m,true_bottom_depth_m,true_thickness_m,true_width_x_m,true_width_y_m,true_center_x_m,true_center_y_m,gravity_mse,gravity_rmse,gravity_mae,gravity_relative_l2,gravity_correlation,gravity_max_abs_residual,gravity_mean_residual,gravity_residual_std,manifest_top_depth_m,manifest_thickness_m,predicted_top_depth_m,top_depth_error_m,absolute_top_depth_error_m,predicted_bottom_depth_m,bottom_depth_error_m,absolute_bottom_depth_error_m,predicted_thickness_m,thickness_error_m,absolute_thickness_error_m,predicted_width_x_m,width_x_error_m,absolute_width_x_error_m,predicted_width_y_m,width_y_error_m,absolute_width_y_error_m,predicted_center_x_m,predicted_center_y_m,lateral_center_error_m,true_body_volume_cells,true_body_volume_m3,true_mean_body_density,predicted_mean_body_density,density_error,absolute_density_error,relative_density_error,body_size_group,center_depth_error_m
E09B,sample_000796,samples/sample_000796.npz,sample_000796_prediction.npz,0.0007684487500227988,0.0038928838912397623,0.7445521365398382,0.38855909336211547,0.5596579867858531,720,1853,2.573611111111111,233.237042427063,596.4621989236718,2.5573219104345113,0.32394033670425415,0.36086705952054926,0.5227085947990417,0.005655150408086794,0.0007323933535457903,0.005739309886978947,3.8998869537714,3.8998869537714,40.0,70.0,30.0,150.0,160.0,175.0,170.0,0.0020614661364477607,0.04540337142159997,0.019372663017058714,1.3839008977109009,0.996371879542352,0.25199924612498215,0.019372663017058714,0.041062952452000416,40.0,30.0,20.0,-20.0,20.0,100.0,30.0,30.0,80.0,50.0,50.0,170.0,20.0,20.0,240.0,80.0,80.0,175.0,190.0,20.0,720,720000.0,0.32394033670425415,0.36086705952054926,0.03692672281629511,0.03692672281629511,0.11399235795080338,large,3.8998869537714
E09B,sample_001763,samples/sample_001763.npz,sample_001763_prediction.npz,0.0005397901986725628,0.0019204607233405113,0.8358867619987995,0.37889039242219213,0.549558390578999,280,739,2.6392857142857142,142.34578132629395,327.39235240488824,2.299979313432682,0.5083777904510498,0.6351440769221102,0.7843972444534302,0.026353273589173568,0.00046605548821021287,0.0007156103697206346,-1.4727274633256684,1.4727274633256684,40.0,110.0,70.0,80.0,50.0,510.0,495.0,0.0006819365809201658,0.02611391546513402,0.00937008936662944,1.3323047056407713,0.9995817342341682,0.2156528325885756,0.00937008936662944,0.024374946280587853,40.0,70.0,20.0,-20.0,20.0,130.0,20.0,20.0,110.0,40.0,40.0,120.0,40.0,40.0,90.0,40.0,40.0,510.0,495.0,0.0,280,280000.0,0.5083777904510498,0.6351440769221102,0.12676628647106036,0.12676628647106036,0.24935449355210634,medium,-1.4727274633256684
E09B,sample_000998,samples/sample_000998.npz,sample_000998_prediction.npz,0.0005359304486773908,0.0030771533492952585,0.6582290746898913,0.30394736842105263,0.4661957618567104,462,1520,3.29004329004329,163.88124418258667,404.7306594666999,2.469658205766202,0.3547213077545166,0.2913132995947615,0.4133806526660919,0.007180943711326426,0.0005045533781551557,0.005792496919764317,5.2168356486738645,5.2168356486738645,80.0,110.0,30.0,110.0,140.0,235.0,380.0,0.0004702101690687429,0.02168433003504473,0.011773156686084174,1.3323194349163416,0.9949051256795478,0.09829687058513176,0.011773156686084174,0.01820996844351067,80.0,30.0,60.0,-20.0,20.0,160.0,50.0,50.0,100.0,70.0,70.0,150.0,40.0,40.0,190.0,50.0,50.0,235.0,365.0,15.0,462,462000.0,0.3547213077545166,0.2913132995947615,-0.06340800815975511,0.06340800815975511,0.1787544384101007,medium,5.2168356486738645
E09B,sample_001629,samples/sample_001629.npz,sample_001629_prediction.npz,0.0011209598742425442,0.0036187022924423218,0.8351326315935123,0.39344262295081966,0.5647058823529412,504,1281,2.5416666666666665,287.289128780365,642.1849108147438,2.2353261800786752,0.5700181126594543,0.6885520082617563,0.7526267766952515,0.016644132247974334,0.0010409632493829418,0.0011426461126100868,-0.15955866633801463,0.15955866633801463,70.0,130.0,60.0,60.0,140.0,440.0,210.0,0.0012542101326662894,0.035414829276255014,0.017259855149232662,1.252429843189035,0.9994864513744437,0.20156418656416625,0.017259855149232662,0.03092422242989783,70.0,60.0,50.0,-20.0,20.0,150.0,20.0,20.0,100.0,40.0,40.0,100.0,40.0,40.0,190.0,50.0,50.0,440.0,205.0,5.0,504,504000.0,0.5700181126594543,0.6885520082617563,0.11853389560230199,0.11853389560230199,0.20794759494443932,medium,-0.15955866633801463
E09B,sample_001922,samples/sample_001922.npz,sample_001922_prediction.npz,0.002739684423431754,0.005948251113295555,0.7993580129517722,0.3653190452995616,0.5351409204423832,750,2053,2.7373333333333334,600.9497344493866,1159.01488235214,1.9286386463155263,0.8012663125991821,0.8012394284407298,0.8765405416488647,0.0021750298829466552,0.0027440255456219905,0.002596216219855298,0.20503999826000552,0.20503999826000552,60.0,110.0,50.0,150.0,100.0,455.0,270.0,0.004310178031345518,0.0656519461352481,0.028435010114686993,0.9947809161423072,0.9986135464159331,0.41704023878611185,0.028435010114686993,0.05917455729554018,60.0,50.0,20.0,-40.0,40.0,140.0,30.0,30.0,120.0,70.0,70.0,180.0,30.0,30.0,130.0,30.0,30.0,450.0,265.0,7.0710678118654755,750,750000.0,0.8012663125991821,0.8012394284407298,-2.6884158452311624e-05,2.6884158452311624e-05,3.355208877445956e-05,large,0.20503999826000552
E09B,sample_001409,samples/sample_001409.npz,sample_001409_prediction.npz,0.0006781312986277044,0.0017887172289192677,0.8297186749148961,0.4080145719489982,0.5795601552393272,224,549,2.450892857142857,206.4456329345703,321.8607689024857,1.5590582582315722,0.9216322898864746,0.7867597096732685,0.9119333028793335,0.030409595577931898,0.0006102291074134882,0.0003852172289863153,-0.47644364348380464,0.47644364348380464,20.0,90.0,70.0,40.0,80.0,480.0,290.0,0.00033118696411947005,0.01819854291198804,0.006374973189703086,0.46356645394577894,0.9934725091347278,0.14862023193716856,0.006374973189703086,0.017045429913910556,20.0,70.0,20.0,0.0,0.0,110.0,20.0,20.0,90.0,20.0,20.0,70.0,30.0,30.0,160.0,80.0,80.0,485.0,270.0,20.615528128088304,224,224000.0,0.9216322898864746,0.7867597096732685,-0.13487258021320614,0.13487258021320614,0.1463409883673016,medium,-0.47644364348380464
E09B,sample_000992,samples/sample_000992.npz,sample_000992_prediction.npz,0.0007421427872031927,0.0027678075712174177,0.9317189177594625,0.6216908625106746,0.7667193259610321,728,1171,1.6085164835164836,443.7051453590393,701.1758900271407,1.5802744172816838,0.6094850897789001,0.7412257438914461,0.9087080955505371,0.030183965371344997,0.0005224817007139746,0.0002701017842223847,2.240021455666792,2.240021455666792,20.0,100.0,80.0,70.0,130.0,395.0,215.0,0.0011753540794290584,0.03428343739226069,0.01385193154028784,0.4822231649224348,0.9972923323063911,0.21868262545288153,0.01385193154028784,0.031360453951310034,20.0,80.0,20.0,0.0,0.0,120.0,20.0,20.0,100.0,20.0,20.0,90.0,20.0,20.0,160.0,30.0,30.0,395.0,210.0,5.0,728,728000.0,0.6094850897789001,0.7412257438914461,0.13174065411254599,0.13174065411254599,0.21615074153879119,large,2.240021455666792
E09B,sample_002128,samples/sample_002128.npz,sample_002128_prediction.npz,0.000416365684941411,0.0019122004741802812,0.7682879705736935,0.26634382566585957,0.42065009560229444,220,826,3.7545454545454544,101.6027420759201,287.3283532774067,2.8279586496071905,0.46183064579963684,0.5142462143843824,0.6384647488594055,0.0057868367086720525,0.0004043198925696347,0.0022417083964920083,-1.494857809371041,1.494857809371041,60.0,100.0,40.0,50.0,110.0,295.0,285.0,0.0005395390005800755,0.023227978831144035,0.009822843378367722,1.8632836290389077,0.9994780231313241,0.16266925504950464,0.009822843378367722,0.02104877071337262,60.0,40.0,30.0,-30.0,30.0,130.0,30.0,30.0,100.0,60.0,60.0,90.0,40.0,40.0,170.0,60.0,60.0,295.0,285.0,0.0,220,220000.0,0.46183064579963684,0.5142462143843824,0.05241556858474561,0.05241556858474561,0.11349521531640815,medium,-1.494857809371041
E09B,sample_001888,samples/sample_001888.npz,sample_001888_prediction.npz,0.002009720541536808,0.004084931220859289,0.7461854750193115,0.31552587646076796,0.4796954314720812,378,1198,3.1693121693121693,311.36883294582367,695.2847287188,2.2329939774022773,0.8237270712852478,0.8125712461572475,0.8710971474647522,0.0024866407647012524,0.002007879588279812,0.0010190506879126729,2.7496125131230116,2.7496125131230116,70.0,140.0,70.0,90.0,60.0,355.0,480.0,0.001363363188507607,0.03692374829980844,0.018167525658611378,1.2177095172612094,0.999611933228614,0.22486638645808465,0.018167525658611378,0.03214504938480115,70.0,70.0,40.0,-30.0,30.0,240.0,100.0,100.0,200.0,130.0,130.0,120.0,30.0,30.0,110.0,50.0,50.0,360.0,475.0,7.0710678118654755,378,378000.0,0.8237270712852478,0.8125712461572475,-0.011155825128000285,0.011155825128000285,0.01354310853301693,medium,2.7496125131230116
E09B,sample_001536,samples/sample_001536.npz,sample_001536_prediction.npz,0.0012168569955974817,0.0032389608677476645,0.7385404098286652,0.28197381671701915,0.4399057344854674,280,993,3.5464285714285713,223.28286409378052,493.30554919161756,2.2093300853773776,0.7974388003349304,0.7110457680055073,0.7782912254333496,0.008858463053733827,0.0011950291574449276,0.0032709176090890885,0.7077318605736025,0.7077318605736025,40.0,80.0,40.0,70.0,100.0,455.0,380.0,0.001719640334701531,0.041468546329736844,0.01470763786596475,1.1785290574592318,0.9993926022401074,0.318788373324979,0.01470763786596475,0.0387727445908227,40.0,40.0,20.0,-20.0,20.0,110.0,30.0,30.0,90.0,50.0,50.0,110.0,40.0,40.0,130.0,30.0,30.0,455.0,375.0,5.0,280,280000.0,0.7974388003349304,0.7110457680055073,-0.08639303232942308,0.08639303232942308,0.10833813490532107,medium,0.7077318605736025
E09B,sample_000503,samples/sample_000503.npz,sample_000503_prediction.npz,0.0007611220353282988,0.00254061003215611,0.5553167699066677,0.12178619756427606,0.21712907117008443,90,739,8.21111111111111,83.0135428905487,267.28915545143053,3.219825900020249,0.9223726987838745,0.5586142834689882,0.6269858479499817,0.1345300387574888,0.0006385407475461807,0.011087071774636574,0.8022248626033104,0.8022248626033104,70.0,90.0,20.0,90.0,50.0,415.0,505.0,0.0005008247830613103,0.022379114885564853,0.009285448650306716,2.187056751343268,0.9997010919815406,0.15759009945879382,0.009285448650306716,0.020361857145747477,70.0,20.0,30.0,-40.0,40.0,130.0,40.0,40.0,100.0,80.0,80.0,140.0,50.0,50.0,100.0,50.0,50.0,420.0,500.0,7.0710678118654755,90,90000.0,0.9223726987838745,0.5586142834689882,-0.3637584153148863,0.3637584153148863,0.394372487167598,small,0.8022248626033104
E09B,sample_001208,samples/sample_001208.npz,sample_001208_prediction.npz,0.00025665672728791833,0.0012304382398724556,0.8338294583792524,0.4195804195804196,0.5911330049261084,180,429,2.3833333333333333,107.92141556739807,212.15410697488593,1.9658202763509292,0.5995634198188782,0.5630561497476366,0.6645839810371399,0.00550826570699856,0.00024702310885519403,0.0007127070679440515,1.9078856962611965,1.9078856962611965,20.0,70.0,50.0,40.0,90.0,250.0,475.0,0.0002110826049708769,0.014528682148456443,0.005839469364635185,0.6247511338696116,0.9804055581519677,0.10869839549880031,0.005839469364635185,0.013303503392353613,20.0,50.0,20.0,0.0,0.0,90.0,20.0,20.0,70.0,20.0,20.0,120.0,80.0,80.0,140.0,50.0,50.0,280.0,470.0,30.4138126514911,180,180000.0,0.5995634198188782,0.5630561497476366,-0.03650727007124155,0.03650727007124155,0.06088975555291551,small,1.9078856962611965
E09B,sample_000155,samples/sample_000155.npz,sample_000155_prediction.npz,0.0003247909771744162,0.001722389250062406,0.769069100853081,0.31290743155149936,0.4766633565044687,240,767,3.1958333333333333,82.30671644210815,248.89102643780598,3.023945519839414,0.3429446518421173,0.4274062517409523,0.5367806553840637,0.011621377926106383,0.00029714391944027515,0.0024317130793771757,0.8853724756286994,0.8853724756286994,70.0,110.0,40.0,60.0,100.0,340.0,440.0,0.0003249273485027772,0.01802574127470982,0.008399072291443677,1.9852857873889644,0.9984483818682088,0.11122301830118997,0.008399072291443677,0.015949386607198416,70.0,40.0,50.0,-20.0,20.0,140.0,30.0,30.0,90.0,50.0,50.0,100.0,40.0,40.0,140.0,40.0,40.0,350.0,440.0,10.0,240,240000.0,0.3429446518421173,0.4274062517409523,0.084461599898835,0.084461599898835,0.24628347298945166,medium,0.8853724756286994
E09B,sample_000172,samples/sample_000172.npz,sample_000172_prediction.npz,0.000395505951019004,0.0018741729436442256,0.6495534313876444,0.19591836734693877,0.32764505119453924,144,735,5.104166666666667,66.12655019760132,239.53790663981076,3.622416501753327,0.45921215415000916,0.44404293534656364,0.56004798412323,0.006201858726674812,0.0003869881181886131,0.010390748901190123,4.636765486474431,4.636765486474431,60.0,80.0,20.0,90.0,80.0,445.0,390.0,0.00047846472296256325,0.021873836493915815,0.009045365907586173,2.4229708757549497,0.998388945313522,0.15654148151667038,0.009045365907586173,0.01991597546093189,60.0,20.0,30.0,-30.0,30.0,120.0,40.0,40.0,90.0,70.0,70.0,130.0,40.0,40.0,110.0,30.0,30.0,455.0,385.0,11.180339887498949,144,144000.0,0.45921215415000916,0.44404293534656364,-0.015169218803445517,0.015169218803445517,0.03303313874939434,small,4.636765486474431
E09B,sample_000676,samples/sample_000676.npz,sample_000676_prediction.npz,0.0004154729831498116,0.0017752358689904213,0.6872023413507695,0.2575558475689882,0.4096133751306165,196,761,3.88265306122449,93.86811804771423,249.02066403481393,2.6528779868393,0.47891896963119507,0.4299574353713162,0.49310386180877686,0.004089206071904893,0.0004081336079122175,0.0008288707935855313,-5.513724698732801,5.513724698732801,80.0,150.0,70.0,70.0,40.0,265.0,450.0,0.00022034815711142303,0.01484412870839589,0.007495315714792399,1.7547299422184628,0.9985529937362849,0.08440830869200594,0.007495315714792399,0.012812821681698736,80.0,70.0,60.0,-20.0,20.0,160.0,10.0,10.0,100.0,30.0,30.0,120.0,50.0,50.0,110.0,70.0,70.0,270.0,445.0,7.0710678118654755,196,196000.0,0.47891896963119507,0.4299574353713162,-0.04896153425987887,0.04896153425987887,0.10223344107163487,medium,-5.513724698732801
E09B,sample_000167,samples/sample_000167.npz,sample_000167_prediction.npz,0.0006565864314325154,0.002532697981223464,0.7411541242904524,0.3395061728395062,0.5069124423963134,385,1134,2.9454545454545453,162.68452391028404,400.58610143770625,2.4623491639476307,0.42255720496177673,0.45219907133610215,0.5402810573577881,0.004983224179827892,0.0006395748508662472,0.0007605534715408682,-2.9769119775658623,2.9769119775658623,80.0,150.0,70.0,50.0,110.0,445.0,445.0,0.00047157674221538445,0.021715817788316986,0.01123022901201453,1.5108845245592581,0.9964262752310108,0.11584062421539071,0.01123022901201453,0.01858651926943535,80.0,70.0,60.0,-20.0,20.0,160.0,10.0,10.0,100.0,30.0,30.0,90.0,40.0,40.0,160.0,50.0,50.0,445.0,430.0,15.0,385,385000.0,0.42255720496177673,0.45219907133610215,0.02964186637432542,0.02964186637432542,0.07014876572038746,medium,-2.9769119775658623
E09B,sample_000352,samples/sample_000352.npz,sample_000352_prediction.npz,0.001230055233463645,0.0038487063720822334,0.9080214383679838,0.5689655172413793,0.7252747252747253,792,1392,1.7575757575757576,481.7146625518799,851.9439409779012,1.7685655164921377,0.6082255840301514,0.7721127130542741,0.9004987478256226,0.036933218726429795,0.0009400713931536911,0.0006431429709307781,-3.9185641051372784,3.9185641051372784,40.0,120.0,80.0,90.0,110.0,345.0,285.0,0.002777960291319341,0.05270635911651782,0.01993637971950822,0.8816794323854672,0.998446775253666,0.40808146452702143,0.01993637971950822,0.04879037871341974,40.0,80.0,20.0,-20.0,20.0,140.0,20.0,20.0,120.0,40.0,40.0,120.0,30.0,30.0,130.0,20.0,20.0,350.0,285.0,5.0,792,792000.0,0.6082255840301514,0.7721127130542741,0.16388712902412272,0.16388712902412272,0.2694512255439725,large,-3.9185641051372784
E09B,sample_001467,samples/sample_001467.npz,sample_001467_prediction.npz,0.0015506315976381302,0.004097798373550177,0.8212784096613409,0.4132841328413284,0.5848563968668408,560,1355,2.419642857142857,347.71613597869873,742.3979673436124,2.135069070792539,0.6209216713905334,0.7353796618857554,0.8369851112365723,0.020374717263932432,0.0014427837175139593,0.000475151418462022,-1.813864823228684,1.813864823228684,70.0,150.0,80.0,50.0,140.0,355.0,200.0,0.0014009808265134803,0.03742967841851544,0.019037286488006247,1.1767221854541874,0.9997489709234941,0.20699236673835641,0.019037286488006247,0.03222673656588664,70.0,80.0,50.0,-20.0,20.0,240.0,90.0,90.0,190.0,110.0,110.0,90.0,40.0,40.0,180.0,40.0,40.0,355.0,200.0,0.0,560,560000.0,0.6209216713905334,0.7353796618857554,0.11445799049522198,0.11445799049522198,0.18433563486179685,medium,-1.813864823228684
E09B,sample_002010,samples/sample_002010.npz,sample_002010_prediction.npz,0.0014079371467232704,0.004217173438519239,0.5504838640806891,0.1407035175879397,0.24669603524229075,168,1194,7.107142857142857,156.31246948242188,440.34460495383684,2.8170791902392396,0.9304313659667969,0.5419406523661954,0.5804397463798523,0.15172976947848124,0.0011505998960382002,0.012220962831485266,0.33131290933501134,0.33131290933501134,80.0,100.0,20.0,60.0,140.0,170.0,470.0,0.0009136924668208255,0.030227346341034064,0.013938785520014452,1.8189831561133039,0.9992473093732436,0.1755129234052047,0.013938785520014452,0.026821683859293045,80.0,20.0,50.0,-30.0,30.0,140.0,40.0,40.0,90.0,70.0,70.0,100.0,40.0,40.0,180.0,40.0,40.0,170.0,460.0,10.0,168,168000.0,0.9304313659667969,0.5419406523661954,-0.3884907136006015,0.3884907136006015,0.41753828150121186,small,0.33131290933501134
E09B,sample_002098,samples/sample_002098.npz,sample_002098_prediction.npz,0.0014802990481257439,0.0044198292307555676,0.8558450636817003,0.4818560380725758,0.6503412284223203,810,1681,2.0753086419753086,470.3172558546066,888.0382050699889,1.8881684522851443,0.580638587474823,0.6836811556124393,0.875066339969635,0.02084379482129543,0.0013194231000578504,0.001216591160356782,-1.5136801854324062,1.5136801854324062,40.0,100.0,60.0,150.0,90.0,325.0,305.0,0.0032989826381846256,0.05743677078479104,0.02273125309892746,0.9330197480195783,0.9986119227176495,0.3738135697789343,0.02273125309892746,0.052747253679572045,40.0,60.0,20.0,-20.0,20.0,130.0,30.0,30.0,110.0,50.0,50.0,180.0,30.0,30.0,120.0,30.0,30.0,330.0,300.0,7.0710678118654755,810,810000.0,0.580638587474823,0.6836811556124393,0.10304256813761625,0.10304256813761625,0.17746420985512656,large,-1.5136801854324062
E09B,sample_001451,samples/sample_001451.npz,sample_001451_prediction.npz,0.0002026363945333287,0.0012100761523470283,0.898546280511734,0.7201492537313433,0.8373101952277657,392,530,1.3520408163265305,94.30146908760071,202.0946758766293,2.143070281215819,0.2405649721622467,0.3735380513137396,0.5548275113105774,0.03186935604478591,7.585567199000266e-05,0.000677640560188134,-1.838730156533181,1.838730156533181,20.0,90.0,70.0,80.0,70.0,390.0,335.0,0.00031342690446814464,0.0177038669354507,0.006058759168062172,1.0256817788923387,0.99650069011339,0.14537532378741425,0.006058759168062172,0.0166348532248279,20.0,70.0,20.0,0.0,0.0,100.0,10.0,10.0,80.0,10.0,10.0,100.0,20.0,20.0,100.0,30.0,30.0,390.0,330.0,5.0,392,392000.0,0.2405649721622467,0.3735380513137396,0.13297307915149292,0.13297307915149292,0.5527532872151084,medium,-1.838730156533181
E09B,sample_000316,samples/sample_000316.npz,sample_000316_prediction.npz,0.00010934736201306805,0.0008720057085156441,0.7587937254161558,0.3187250996015936,0.48338368580060426,80,251,3.1375,23.076975345611572,108.63536333286947,4.7075217486648695,0.28846219182014465,0.40469842329621314,0.5363818407058716,0.01845862252586188,9.440251883319526e-05,0.0011791787404871424,5.318656435266554,5.318656435266554,20.0,60.0,40.0,50.0,40.0,475.0,350.0,0.00018646393339898486,0.013655179727817018,0.004767563134190019,2.3425271641632297,0.9384195705681978,0.11264015499606048,0.004767563134190019,0.012795869456996546,20.0,40.0,20.0,0.0,0.0,80.0,20.0,20.0,60.0,20.0,20.0,200.0,150.0,150.0,70.0,30.0,30.0,540.0,345.0,65.19202405202648,80,80000.0,0.28846219182014465,0.40469842329621314,0.11623623147606849,0.11623623147606849,0.40295135644168384,small,5.318656435266554
E09B,sample_001723,samples/sample_001723.npz,sample_001723_prediction.npz,0.000557592895347625,0.0020329784601926804,0.856065385889017,0.44499381953028433,0.6159110350727117,360,809,2.2472222222222222,184.5861268043518,377.5579866010239,2.045429920100163,0.5127392411231995,0.621764009942611,0.7908138036727905,0.020667262477942126,0.0004836784208068084,0.0008354232688543537,-0.013540218162248152,0.013540218162248152,30.0,90.0,60.0,50.0,120.0,255.0,300.0,0.0008863953380454481,0.029772392212340747,0.010661612282084907,1.0057636454806205,0.996852176050832,0.23637284810432602,0.010661612282084907,0.027797938081662543,30.0,60.0,20.0,-10.0,10.0,110.0,20.0,20.0,90.0,30.0,30.0,80.0,30.0,30.0,160.0,40.0,40.0,260.0,300.0,5.0,360,360000.0,0.5127392411231995,0.621764009942611,0.10902476881941159,0.10902476881941159,0.21263199707629837,medium,-0.013540218162248152
E09B,sample_001111,samples/sample_001111.npz,sample_001111_prediction.npz,0.0015601824270561337,0.0035993836354464293,0.7771735979013336,0.3333333333333333,0.5,385,1155,3.0,306.5526646375656,637.3216947124637,2.078995775378313,0.7962406873703003,0.7812912806287988,0.875291109085083,0.003248688323813784,0.0015535436429947376,0.00232336566532741,2.3921116467127064,2.3921116467127064,40.0,90.0,50.0,70.0,110.0,375.0,255.0,0.002262824769765129,0.047569157757575746,0.01780014095052324,1.056388832712703,0.9994877938824335,0.36820025159592673,0.01780014095052324,0.04411326049961207,40.0,50.0,20.0,-20.0,20.0,130.0,40.0,40.0,110.0,60.0,60.0,110.0,40.0,40.0,140.0,30.0,30.0,375.0,250.0,5.0,385,385000.0,0.7962406873703003,0.7812912806287988,-0.01494940674150147,0.01494940674150147,0.018774984723368058,medium,2.3921116467127064
E09B,sample_000562,samples/sample_000562.npz,sample_000562_prediction.npz,0.0007133068866096437,0.0026801482308655977,0.6463456035685308,0.16578108395324123,0.284412032816773,156,941,6.032051282051282,97.30296850204468,342.7077408613964,3.522068711132846,0.6237369775772095,0.5661606712219043,0.6349111795425415,0.005507396125585555,0.0007056869597694007,0.004987701926339559,2.228694321592613,2.228694321592613,50.0,80.0,30.0,40.0,130.0,490.0,495.0,0.0011191750680187012,0.03345407401227392,0.012663014374508345,2.3851305204039837,0.9967880815837261,0.24471101347552537,0.012663014374508345,0.030964869367877148,50.0,30.0,20.0,-30.0,30.0,110.0,30.0,30.0,90.0,60.0,60.0,100.0,60.0,60.0,180.0,50.0,50.0,500.0,490.0,11.180339887498949,156,156000.0,0.6237369775772095,0.5661606712219043,-0.057576306355305196,0.057576306355305196,0.09230863076123796,small,2.228694321592613
E09B,sample_002168,samples/sample_002168.npz,sample_002168_prediction.npz,0.0004820510803256184,0.0018786577275022864,0.587477147484595,0.1689059500959693,0.2889983579638752,88,521,5.920454545454546,75.48128128051758,185.9804302766632,2.463927839082224,0.8577418327331543,0.4362621839073571,0.49130842089653015,0.17806225546454088,0.00032294208509022783,0.008375340508444793,3.5214855192314403,3.5214855192314403,30.0,50.0,20.0,110.0,40.0,415.0,420.0,0.0002777248481735239,0.016665078702890183,0.0062398100613400564,1.0107974200683612,0.979308220414973,0.10741915053124576,0.0062398100613400564,0.01545281911406211,30.0,20.0,20.0,-10.0,10.0,80.0,30.0,30.0,60.0,40.0,40.0,190.0,80.0,80.0,80.0,40.0,40.0,435.0,420.0,20.0,88,88000.0,0.8577418327331543,0.4362621839073571,-0.4214796488257972,0.4214796488257972,0.4913828762236907,small,3.5214855192314403
E09B,sample_001196,samples/sample_001196.npz,sample_001196_prediction.npz,0.0006825263262726367,0.002089179353788495,0.6211120718795478,0.1541095890410959,0.26706231454005935,90,584,6.488888888888889,88.26255083084106,229.2889541420076,2.597805660312828,0.9806950092315674,0.6232045266363356,0.6905838251113892,0.1298659130361113,0.0005641471180761476,0.005420942458084859,4.17957504312605,4.17957504312605,50.0,80.0,30.0,60.0,50.0,110.0,525.0,0.00039759825373369913,0.019939865940715326,0.007043170442594751,1.4697939376305675,0.9993872930387516,0.16854375373072789,0.007043170442594751,0.018654543785637287,50.0,30.0,20.0,-30.0,30.0,120.0,40.0,40.0,100.0,70.0,70.0,110.0,50.0,50.0,90.0,40.0,40.0,115.0,525.0,5.0,90,90000.0,0.9806950092315674,0.6232045266363356,-0.35749048259523175,0.35749048259523175,0.3645276862124002,small,4.17957504312605
E09B,sample_001899,samples/sample_001899.npz,sample_001899_prediction.npz,0.0004994810442440212,0.0029822776559740305,0.6664849850462843,0.30275229357798167,0.4647887323943662,462,1526,3.303030303030303,150.69104826450348,400.8620775031542,2.660158530449221,0.3261711001396179,0.2909676472604017,0.45612967014312744,0.004582153255397896,0.00048020313835625387,0.005851968784318879,5.391839449797104,5.391839449797104,80.0,110.0,30.0,110.0,140.0,165.0,350.0,0.0005014603888686023,0.022393311252885365,0.012006079358653778,1.4977931304562027,0.9970257931937452,0.10019066673797009,0.012006079358653778,0.018902762954190324,80.0,30.0,60.0,-20.0,20.0,160.0,50.0,50.0,100.0,70.0,70.0,150.0,40.0,40.0,190.0,50.0,50.0,165.0,335.0,15.0,462,462000.0,0.3261711001396179,0.2909676472604017,-0.035203452879216224,0.035203452879216224,0.1079294053462963,medium,5.391839449797104
E09B,sample_000775,samples/sample_000775.npz,sample_000775_prediction.npz,0.0002494117070455104,0.0016740979626774788,0.9104242079218242,0.6801275239107333,0.8096141682479443,640,941,1.4703125,211.01202011108398,344.14744295577844,1.6309376251391148,0.3297062814235687,0.4018758976832032,0.593268632888794,0.01892151335205255,0.00012705194703992317,0.000492973552824095,-2.6593140301593223,2.6593140301593223,60.0,140.0,80.0,160.0,50.0,440.0,325.0,0.00018552400054876815,0.013620719531242399,0.006666867362005663,0.6532982007392074,0.9996684305507153,0.07632243527990706,0.006666867362005663,0.011877578883181193,60.0,80.0,50.0,-10.0,10.0,160.0,20.0,20.0,110.0,30.0,30.0,180.0,20.0,20.0,80.0,30.0,30.0,440.0,320.0,5.0,640,640000.0,0.3297062814235687,0.4018758976832032,0.07216961625963447,0.07216961625963447,0.218890631831546,large,-2.6593140301593223
E09B,sample_001971,samples/sample_001971.npz,sample_001971_prediction.npz,0.0010179431410506368,0.0033331287559121847,0.6100645752205961,0.175054704595186,0.297951582867784,160,914,5.7125,147.76297569274902,348.7938266694074,2.360495415270141,0.9235185980796814,0.5278028402477503,0.5987361073493958,0.15788676063501333,0.000762206412572674,0.011849867840325037,3.5896533048424075,3.5896533048424075,50.0,70.0,20.0,160.0,50.0,240.0,195.0,0.0006983028288502547,0.026425420126277174,0.010778252278284694,1.2177696937312832,0.9978402476264259,0.17893450913458897,0.010778252278284694,0.024127414007222275,50.0,20.0,20.0,-30.0,30.0,110.0,40.0,40.0,90.0,70.0,70.0,200.0,40.0,40.0,80.0,30.0,30.0,250.0,190.0,11.180339887498949,160,160000.0,0.9235185980796814,0.5278028402477503,-0.39571575783193114,0.39571575783193114,0.4284870479649926,small,3.5896533048424075
E09B,sample_002064,samples/sample_002064.npz,sample_002064_prediction.npz,0.0018280032090842724,0.005738738924264908,0.7605533671428396,0.35004557885141296,0.5185685347738015,768,2194,2.8567708333333335,498.9137878417969,923.4485672365302,1.8509181139915725,0.6496273279190063,0.5600305041686321,0.708166778087616,0.011678381692255579,0.0017504412045166156,0.003958368820473505,4.214415653388144,4.214415653388144,80.0,120.0,40.0,160.0,120.0,170.0,440.0,0.0014361592893726855,0.0378966923275988,0.01974734550413255,0.8136318914853357,0.999904283613185,0.18647346737908282,0.01974734550413255,0.032345040344898345,80.0,40.0,50.0,-30.0,30.0,160.0,40.0,40.0,110.0,70.0,70.0,180.0,20.0,20.0,160.0,40.0,40.0,170.0,430.0,10.0,768,768000.0,0.6496273279190063,0.5600305041686321,-0.08959682375037425,0.08959682375037425,0.13792034278697235,large,4.214415653388144
E09B,sample_001548,samples/sample_001548.npz,sample_001548_prediction.npz,0.0015834049554541707,0.004163101315498352,0.7485500033413115,0.27348066298342544,0.42950108459869846,396,1448,3.6565656565656566,281.8826107978821,675.8405791079039,2.3975958545115823,0.7118247747421265,0.709587793308075,0.7858949303627014,0.0017489921690811265,0.0015827352622684592,0.003497984962068353,1.6387808061502795,1.6387808061502795,50.0,90.0,40.0,90.0,110.0,455.0,335.0,0.002769675773386618,0.05262770917859353,0.020833136511133155,1.390119135609768,0.9987876956871071,0.36373405896993005,0.020833136511133155,0.04832862709093967,50.0,40.0,20.0,-30.0,30.0,130.0,40.0,40.0,110.0,70.0,70.0,130.0,40.0,40.0,150.0,40.0,40.0,455.0,325.0,10.0,396,396000.0,0.7118247747421265,0.709587793308075,-0.002236981434051488,0.002236981434051488,0.0031426012600669624,medium,1.6387808061502795
E09B,sample_000381,samples/sample_000381.npz,sample_000381_prediction.npz,0.0002586089540272951,0.0018183995271101594,0.8766843294637464,0.5813953488372093,0.7352941176470589,600,1032,1.72,171.90202474594116,345.276729495575,2.008566972994467,0.2865033745765686,0.3548610235005617,0.4561541974544525,0.007729903930645663,0.0002127277465726776,0.0019208465572059892,-0.35602804534349275,0.35602804534349275,30.0,70.0,40.0,100.0,150.0,440.0,425.0,0.0007096001630696694,0.026638321326045857,0.009704142450233802,0.949712873594426,0.9988846932920509,0.1744745468823577,0.009704142450233802,0.024807857270938167,30.0,40.0,20.0,-10.0,10.0,80.0,10.0,10.0,60.0,20.0,20.0,110.0,10.0,10.0,170.0,20.0,20.0,445.0,425.0,5.0,600,600000.0,0.2865033745765686,0.3548610235005617,0.0683576489239931,0.0683576489239931,0.23859282294674813,medium,-0.35602804534349275
E09B,sample_000114,samples/sample_000114.npz,sample_000114_prediction.npz,0.0020015540067106485,0.006993966642767191,0.5783714490852884,0.20618556701030927,0.3418803418803419,480,2328,4.85,322.79139518737793,767.6752120108654,2.378239393789403,0.6724820733070374,0.41972053200006487,0.6043116450309753,0.06948485791550357,0.0016704290244924523,0.012575829640522123,10.187281879204122,10.187281879204122,80.0,100.0,20.0,150.0,160.0,485.0,350.0,0.0014395123687304542,0.037940906271865124,0.020912011652586073,1.1841595196284145,0.9966644083752486,0.1609054853520761,0.020912011652586073,0.03165754471484734,80.0,20.0,50.0,-30.0,30.0,160.0,60.0,60.0,110.0,90.0,90.0,180.0,30.0,30.0,200.0,40.0,40.0,480.0,340.0,11.180339887498949,480,480000.0,0.6724820733070374,0.41972053200006487,-0.2527615413069725,0.2527615413069725,0.37586361233984644,medium,10.187281879204122
E09B,sample_000761,samples/sample_000761.npz,sample_000761_prediction.npz,0.001672517042607069,0.003525941865518689,0.6681944648300748,0.22528735632183908,0.3677298311444653,196,870,4.438775510204081,195.83123445510864,466.51320539996595,2.3822206232729797,0.9991389513015747,0.8054343531934582,0.8634071350097656,0.039434396471929416,0.0015970765354483098,0.0008181091440479793,-2.465839097887539,2.465839097887539,50.0,120.0,70.0,70.0,40.0,155.0,200.0,0.0012608960987505098,0.03550909881636691,0.013736124468871286,1.4762389323941165,0.999062908247042,0.2979194952939827,0.013736124468871286,0.032744693972095465,50.0,70.0,20.0,-30.0,30.0,140.0,20.0,20.0,120.0,50.0,50.0,120.0,50.0,50.0,90.0,50.0,50.0,160.0,195.0,7.0710678118654755,196,196000.0,0.9991389513015747,0.8054343531934582,-0.19370459810811647,0.19370459810811647,0.1938715309374919,medium,-2.465839097887539
E09B,sample_001580,samples/sample_001580.npz,sample_001580_prediction.npz,0.0016845151549205184,0.0035291521344333887,0.8083939977033152,0.410958904109589,0.5825242718446602,480,1168,2.433333333333333,401.34976387023926,706.4120055263539,1.7600907465707258,0.8361453413963318,0.8084234533210596,0.9067113995552063,0.0062508023280396655,0.0016621092646154612,0.0006460075776717639,-3.188290874830898,3.188290874830898,40.0,120.0,80.0,120.0,50.0,500.0,525.0,0.0018327388291627252,0.042810499052951076,0.015361048392888781,0.8459280639106603,0.9984708743896605,0.3334268145406427,0.015361048392888781,0.03995969245920262,40.0,80.0,20.0,-20.0,20.0,140.0,20.0,20.0,120.0,40.0,40.0,160.0,40.0,40.0,80.0,30.0,30.0,500.0,520.0,5.0,480,480000.0,0.8361453413963318,0.8084234533210596,-0.027721888075272205,0.027721888075272205,0.033154389198626254,medium,-3.188290874830898
E09B,sample_001591,samples/sample_001591.npz,sample_001591_prediction.npz,0.0008418859797529876,0.003994929138571024,0.9258779315059319,0.7087587318645889,0.829559748427673,1320,1860,1.4090909090909092,381.7951512336731,762.6872272627468,1.9976346603625494,0.28923875093460083,0.45760008040251154,0.6452089548110962,0.03804189332181747,0.00033557557684282206,0.0003429687092542405,-0.1430990839305366,0.1430990839305366,70.0,150.0,80.0,110.0,150.0,395.0,325.0,0.0011484088040639637,0.03388818089045152,0.01842514931708521,0.999357004715792,0.9989094333300925,0.16658148564809727,0.01842514931708521,0.0284415660030716,70.0,80.0,60.0,-10.0,10.0,160.0,10.0,10.0,100.0,20.0,20.0,130.0,20.0,20.0,190.0,40.0,40.0,395.0,315.0,10.0,1320,1320000.0,0.28923875093460083,0.45760008040251154,0.16836132946791071,0.16836132946791071,0.5820842778635099,large,-0.1430990839305366
E09B,sample_000709,samples/sample_000709.npz,sample_000709_prediction.npz,0.0014299546601250768,0.004005033988505602,0.5947676422033474,0.1651376146788991,0.28346456692913385,180,1090,6.055555555555555,170.6106162071228,440.22090441961706,2.5802667747544206,0.9478367567062378,0.6031129439671834,0.6757804155349731,0.12111637954496,0.0012104002256842583,0.006517543442711541,2.5468474273918673,2.5468474273918673,80.0,110.0,30.0,120.0,50.0,480.0,315.0,0.0007309201583253266,0.02703553510336584,0.01309635014268503,1.5322424375372754,0.9989409262170337,0.1571667711041118,0.01309635014268503,0.023651760426351358,80.0,30.0,50.0,-30.0,30.0,150.0,40.0,40.0,100.0,70.0,70.0,170.0,50.0,50.0,100.0,50.0,50.0,485.0,310.0,7.0710678118654755,180,180000.0,0.9478367567062378,0.6031129439671834,-0.3447238127390544,0.3447238127390544,0.36369534131275977,small,2.5468474273918673
E09B,sample_000703,samples/sample_000703.npz,sample_000703_prediction.npz,0.0005077469977550209,0.002079587895423174,0.88258778440859,0.5714285714285714,0.7272727272727273,520,910,1.75,243.65123629570007,417.7819674690361,1.7146720608550798,0.4685600697994232,0.5583914109434073,0.7808277606964111,0.030027814208175213,0.00035076394463415175,0.000610729362304,-4.440645966885754,4.440645966885754,30.0,110.0,80.0,130.0,50.0,465.0,415.0,0.0006959700991762482,0.02638124521655959,0.009475221685348683,0.7628052285690602,0.999438081205559,0.19725810540179012,0.009475221685348683,0.024620931606861393,30.0,80.0,20.0,-10.0,10.0,120.0,10.0,10.0,100.0,20.0,20.0,160.0,30.0,30.0,70.0,20.0,20.0,460.0,415.0,5.0,520,520000.0,0.4685600697994232,0.5583914109434073,0.08983134114398406,0.08983134114398406,0.19171787553821693,medium,-4.440645966885754
E09B,sample_001400,samples/sample_001400.npz,sample_001400_prediction.npz,0.0003726781578734517,0.0021174121648073196,0.7291293507139059,0.31926121372031663,0.484,242,758,3.1322314049586777,134.1245481967926,247.67516452009997,1.8466057694129312,0.5542336702346802,0.35878022753995314,0.48915424942970276,0.04018430969443004,0.0002744299558234414,0.008009040879462047,2.4479290979591326,2.4479290979591326,30.0,50.0,20.0,110.0,110.0,425.0,365.0,0.0002526452808744819,0.01589481930927439,0.006449630322532427,0.6071193285297387,0.9892411283754613,0.09019992347962136,0.006449630322532427,0.014527475678078145,30.0,20.0,20.0,-10.0,10.0,80.0,30.0,30.0,60.0,40.0,40.0,170.0,60.0,60.0,200.0,90.0,90.0,445.0,400.0,40.311288741492746,242,242000.0,0.5542336702346802,0.35878022753995314,-0.19545344269472703,0.19545344269472703,0.35265530261264316,medium,2.4479290979591326
E09B,sample_001887,samples/sample_001887.npz,sample_001887_prediction.npz,0.00033326828270219266,0.0016185197746381164,0.8734521913504324,0.5245901639344263,0.6881720430107527,320,610,1.90625,185.7793426513672,308.1344572312114,1.6586045188536132,0.5805604457855225,0.5747060491703451,0.7903851866722107,0.018432067256901254,0.0002741605365752075,0.0008841371615133457,-1.9973876455899742,1.9973876455899742,20.0,70.0,50.0,40.0,160.0,380.0,240.0,0.0002979552222996433,0.017261379501640167,0.007012696130425384,0.48887688841011157,0.9917727486953067,0.12322184476434433,0.007012696130425384,0.015772676224469966,20.0,50.0,20.0,0.0,0.0,80.0,10.0,10.0,60.0,10.0,10.0,310.0,270.0,270.0,310.0,150.0,150.0,485.0,185.0,118.53269591129698,320,320000.0,0.5805604457855225,0.5747060491703451,-0.005854396615177393,0.005854396615177393,0.010084043199422845,medium,-1.9973876455899742
E09B,sample_001331,samples/sample_001331.npz,sample_001331_prediction.npz,6.493714317912236e-05,0.0009386720485053957,0.6717626436372497,0.44715447154471544,0.6179775280898876,110,246,2.2363636363636363,28.615364134311676,109.57261091001783,3.8291531219284107,0.26013967394828796,0.2141123419458216,0.3311889171600342,0.004553683196503642,5.990870424839331e-05,0.0035500825953214223,6.3933616147141095,6.3933616147141095,20.0,40.0,20.0,50.0,110.0,375.0,195.0,9.539539318653753e-05,0.009767056526228234,0.004603099320870111,1.2939211072032986,0.8581689196095745,0.05039788894293148,0.004603099320870111,0.008614340939894511,20.0,20.0,20.0,0.0,0.0,60.0,20.0,20.0,40.0,20.0,20.0,250.0,200.0,200.0,220.0,110.0,110.0,475.0,150.0,109.65856099730654,110,110000.0,0.26013967394828796,0.2141123419458216,-0.046027332002466365,0.046027332002466365,0.1769331501953675,small,6.3933616147141095
E09B,sample_001596,samples/sample_001596.npz,sample_001596_prediction.npz,0.0017858430510386825,0.005137911532074213,0.5944790170858156,0.1761006289308176,0.2994652406417112,252,1431,5.678571428571429,230.43040251731873,557.0343440039031,2.4173648004717494,0.9144063591957092,0.5602927034099897,0.6520445346832275,0.1286320903681808,0.0014598399711338418,0.012435964282577677,1.0022284237630714,1.0022284237630714,80.0,100.0,20.0,140.0,90.0,390.0,355.0,0.0011876290772908458,0.03446199467951392,0.016575171665132667,1.424789762289611,0.9993859338403925,0.20032576837236105,0.016575171665132667,0.030214115270221453,80.0,20.0,40.0,-40.0,40.0,140.0,40.0,40.0,100.0,80.0,80.0,180.0,40.0,40.0,130.0,40.0,40.0,390.0,355.0,0.0,252,252000.0,0.9144063591957092,0.5602927034099897,-0.3541136557857195,0.3541136557857195,0.38726070988525246,medium,1.0022284237630714
E09B,sample_002009,samples/sample_002009.npz,sample_002009_prediction.npz,0.00026821487699635327,0.001962735317647457,0.7767595744031317,0.47781299524564186,0.6466487935656836,616,1249,2.0275974025974026,175.44790244102478,317.91957877787115,1.8120454810494924,0.28481802344322205,0.25332171761418704,0.3961033225059509,0.0044734502864418844,0.00024169755781026619,0.0033006847421601392,4.506573480871268,4.506573480871268,80.0,120.0,40.0,140.0,110.0,360.0,135.0,0.0001582166862665841,0.012578421453687426,0.00657271165437405,0.7539480335001678,0.9991250732084516,0.06018774280529854,0.00657271165437405,0.010724558162229322,80.0,40.0,60.0,-20.0,20.0,160.0,40.0,40.0,100.0,60.0,60.0,160.0,20.0,20.0,130.0,20.0,20.0,360.0,135.0,0.0,616,616000.0,0.28481802344322205,0.25332171761418704,-0.03149630582903501,0.03149630582903501,0.11058396322069042,large,4.506573480871268
E09B,sample_002116,samples/sample_002116.npz,sample_002116_prediction.npz,0.002113417023792863,0.004951795097440481,0.8351924868558601,0.43382827630729504,0.605132823052679,672,1549,2.3050595238095237,638.236249923706,960.0980345946829,1.504298815226261,0.9497563242912292,0.8270483511012225,0.9182895421981812,0.019232034625696854,0.0019955897375292684,0.001090500722248728,1.1198320814477967,1.1198320814477967,40.0,110.0,70.0,60.0,160.0,190.0,340.0,0.001696871156771597,0.04119309598429811,0.016775884402628297,0.5108976071199381,0.9993475960795153,0.27643197839691447,0.016775884402628297,0.03762234521240335,40.0,70.0,20.0,-20.0,20.0,140.0,30.0,30.0,120.0,50.0,50.0,90.0,30.0,30.0,190.0,30.0,30.0,185.0,335.0,7.0710678118654755,672,672000.0,0.9497563242912292,0.8270483511012225,-0.1227079731900067,0.1227079731900067,0.12919942731792755,large,1.1198320814477967
E09B,sample_000238,samples/sample_000238.npz,sample_000238_prediction.npz,0.0017909446032717824,0.005414414685219526,0.8991797468688792,0.5175202156334232,0.6820603907637656,1344,2597,1.9322916666666667,988.6517601013184,1451.4481614964984,1.4681086102023952,0.7356039881706238,0.7486127401436014,0.8680396676063538,0.006251892094022147,0.001729109729027333,0.0008045245185027677,-2.0186646665982266,2.0186646665982266,50.0,120.0,70.0,160.0,120.0,350.0,150.0,0.003107938406803636,0.05574888704542572,0.023764837438639958,0.5190572358360448,0.9993344778978337,0.3290039258900648,0.023764837438639958,0.05042986127602031,50.0,70.0,20.0,-30.0,30.0,140.0,20.0,20.0,120.0,50.0,50.0,180.0,20.0,20.0,150.0,30.0,30.0,350.0,145.0,5.0,1344,1344000.0,0.7356039881706238,0.7486127401436014,0.013008751972977572,0.013008751972977572,0.01768445003313411,large,-2.0186646665982266
E09B,sample_000737,samples/sample_000737.npz,sample_000737_prediction.npz,0.00023390566639136523,0.0014296540757641196,0.7518172709630282,0.3686635944700461,0.5387205387205387,240,651,2.7125,93.02326440811157,214.47875741366965,2.3056464291847325,0.3875969350337982,0.35084338802844284,0.43800824880599976,0.002750117563362883,0.00022774755130203003,0.005232956807041656,0.1959886068324579,0.1959886068324579,40.0,70.0,30.0,50.0,160.0,375.0,160.0,0.00032261681408742374,0.01796153707474457,0.006627059835118279,1.2233245723784325,0.9980149214331424,0.1316774933484963,0.006627059835118279,0.016694277223922745,40.0,30.0,20.0,-20.0,20.0,90.0,20.0,20.0,70.0,40.0,40.0,70.0,20.0,20.0,180.0,20.0,20.0,375.0,160.0,0.0,240,240000.0,0.3875969350337982,0.35084338802844284,-0.03675354700535538,0.03675354700535538,0.09482414251327992,medium,0.1959886068324579
E09B,sample_000271,samples/sample_000271.npz,sample_000271_prediction.npz,0.0016002025222405791,0.005070721264928579,0.6630768185196146,0.244270205066345,0.3926320891904993,405,1658,4.093827160493827,286.7427536845207,642.2319925350787,2.2397496860258004,0.7080067992210388,0.5314846489900424,0.653697669506073,0.03368204140831951,0.0014674825886405883,0.006632848924755844,2.5339445825421905,2.5339445825421905,80.0,110.0,30.0,90.0,150.0,365.0,435.0,0.0011779954613970163,0.0343219384854209,0.017531063641115816,1.2006907148459771,0.9974895095543702,0.17608239318113422,0.017531063641115816,0.029506902057114762,80.0,30.0,50.0,-30.0,30.0,150.0,40.0,40.0,100.0,70.0,70.0,110.0,20.0,20.0,190.0,40.0,40.0,365.0,425.0,10.0,405,405000.0,0.7080067992210388,0.5314846489900424,-0.17652215023099638,0.17652215023099638,0.2493226765974692,medium,2.5339445825421905
E09B,sample_001280,samples/sample_001280.npz,sample_001280_prediction.npz,0.0001235760428244248,0.0013321965234354138,0.7051691548485114,0.44967880085653106,0.620384047267356,210,467,2.223809523809524,63.227905333042145,163.32188937979006,2.5830665830145727,0.3010852634906769,0.22785617826240404,0.3339785039424896,0.007292093283474291,0.00010822965804875876,0.0052738041924853705,8.62724289837211,8.62724289837211,20.0,40.0,20.0,70.0,150.0,415.0,485.0,0.00012276499670682412,0.01107993667431471,0.0056017719656847875,0.7573251417223794,0.9391546562702391,0.05037803017028104,0.0056017719656847875,0.009559557916101148,20.0,20.0,20.0,0.0,0.0,60.0,20.0,20.0,40.0,20.0,20.0,400.0,330.0,330.0,260.0,110.0,110.0,440.0,440.0,51.478150704935004,210,210000.0,0.3010852634906769,0.22785617826240404,-0.07322908522827284,0.07322908522827284,0.2432171019573676,medium,8.62724289837211
E09B,sample_000473,samples/sample_000473.npz,sample_000473_prediction.npz,0.0015758724184706807,0.005723524838685989,0.8150646021097165,0.35335689045936397,0.5221932114882507,900,2547,2.83,463.0685806274414,1014.6719187664701,2.1911914589230514,0.5145206451416016,0.5793967121177249,0.709220826625824,0.008219252402328407,0.0015144885644683393,0.0030460952125086504,2.351412462702598,2.351412462702598,50.0,90.0,40.0,150.0,150.0,445.0,245.0,0.004254769198041772,0.0652285918753561,0.02889925343857609,1.1573587775070155,0.9996348563916561,0.3569060400495794,0.02889925343857609,0.0584773661234389,50.0,40.0,20.0,-30.0,30.0,130.0,40.0,40.0,110.0,70.0,70.0,170.0,20.0,20.0,180.0,30.0,30.0,445.0,240.0,5.0,900,900000.0,0.5145206451416016,0.5793967121177249,0.06487606697612336,0.06487606697612336,0.1260903086955214,large,2.351412462702598
E09B,sample_001502,samples/sample_001502.npz,sample_001502_prediction.npz,0.0003135517181362957,0.0016348414355888963,0.8002689942940019,0.37333333333333335,0.5436893203883495,252,675,2.6785714285714284,71.70944917201996,230.8119694079538,3.2187106730421444,0.28456130623817444,0.42687610099239953,0.5559257864952087,0.027214519984966143,0.00024441450050382614,0.0006008303304244891,-5.437198558897279,5.437198558897279,70.0,140.0,70.0,60.0,60.0,160.0,450.0,0.0002690426738667409,0.01640252035105401,0.007689624125021451,2.3205520520363025,0.998803943096334,0.09914350325769819,0.007689624125021451,0.014488352379847368,70.0,70.0,60.0,-10.0,10.0,150.0,10.0,10.0,90.0,20.0,20.0,120.0,60.0,60.0,120.0,60.0,60.0,170.0,450.0,10.0,252,252000.0,0.28456130623817444,0.42687610099239953,0.1423147947542251,0.1423147947542251,0.5001199798932231,medium,-5.437198558897279
E09B,sample_000960,samples/sample_000960.npz,sample_000960_prediction.npz,0.0010267936158925295,0.004552058409899473,0.6461616113039205,0.21463951568519538,0.3534209333937472,390,1817,4.658974358974359,203.0231523513794,575.220326399061,2.8332745292197354,0.5205721855163574,0.4241992509517914,0.5400506258010864,0.010763317977467062,0.0009880122011956302,0.010768769614302445,5.321642690580319,5.321642690580319,70.0,90.0,20.0,130.0,150.0,165.0,265.0,0.0014012498683424867,0.03743327220992691,0.01860712602317328,1.6549357503410465,0.9974095567370627,0.1783228731373051,0.01860712602317328,0.03248114421476304,70.0,20.0,50.0,-20.0,20.0,130.0,40.0,40.0,80.0,60.0,60.0,170.0,40.0,40.0,190.0,40.0,40.0,165.0,255.0,10.0,390,390000.0,0.5205721855163574,0.4241992509517914,-0.09637293456456603,0.09637293456456603,0.18512885867878892,medium,5.321642690580319
E09B,sample_001604,samples/sample_001604.npz,sample_001604_prediction.npz,0.001108225667849183,0.002811125246807933,0.8001326967400184,0.3657142857142857,0.5355648535564853,320,875,2.734375,209.39214706420898,481.5047092096538,2.299535660532689,0.6543504595756531,0.7656221986748278,0.8690016269683838,0.01883173161895824,0.0010503435738025428,0.000540535562972129,-1.8051344100446869,1.8051344100446869,70.0,150.0,80.0,50.0,80.0,265.0,500.0,0.0007266373714463665,0.026956212112356707,0.012838421992777807,1.3655472629231042,0.9996551534467278,0.17110195674859136,0.012838421992777807,0.023702579863418366,70.0,80.0,50.0,-20.0,20.0,240.0,90.0,90.0,190.0,110.0,110.0,100.0,50.0,50.0,120.0,40.0,40.0,270.0,500.0,5.0,320,320000.0,0.6543504595756531,0.7656221986748278,0.11127173909917476,0.11127173909917476,0.17004914945935026,medium,-1.8051344100446869
E09B,sample_001049,samples/sample_001049.npz,sample_001049_prediction.npz,0.0004080127691850066,0.0022805591579526663,0.8969277952032033,0.5675675675675675,0.7241379310344828,630,1110,1.7619047619047619,164.42838996648788,384.29210222717273,2.337139604088413,0.2609974443912506,0.41174834791630033,0.6389464735984802,0.03396442065837797,0.00019157302516423257,0.0008013461198847155,-1.1431854515962527,1.1431854515962527,50.0,110.0,60.0,70.0,150.0,215.0,405.0,0.0006790534183244715,0.026058653425003978,0.011465495769811122,1.3342574053740277,0.9989104574848977,0.15814496227722064,0.011465495769811122,0.023400765480575948,50.0,60.0,30.0,-20.0,20.0,130.0,20.0,20.0,100.0,40.0,40.0,90.0,20.0,20.0,190.0,40.0,40.0,215.0,395.0,10.0,630,630000.0,0.2609974443912506,0.41174834791630033,0.15075090352504972,0.15075090352504972,0.5775953242632721,large,-1.1431854515962527
E09B,sample_001954,samples/sample_001954.npz,sample_001954_prediction.npz,0.0004330276569817215,0.0020739377941936255,0.5851530500248899,0.1745635910224439,0.29723991507430997,140,802,5.728571428571429,69.94698226451874,243.26726493765312,3.4778807757236545,0.49962130188941956,0.3904923044145107,0.4761626124382019,0.015754892626322098,0.00041117587821998155,0.011291377831102664,6.487831216749029,6.487831216749029,80.0,100.0,20.0,100.0,70.0,400.0,495.0,0.00029817237254836773,0.017267668416678834,0.008358451044628764,2.2678422521527817,0.9972757567855755,0.09906509148214676,0.008358451044628764,0.015109886454997338,80.0,20.0,60.0,-20.0,20.0,140.0,40.0,40.0,80.0,60.0,60.0,140.0,40.0,40.0,120.0,50.0,50.0,410.0,490.0,11.180339887498949,140,140000.0,0.49962130188941956,0.3904923044145107,-0.10912899747490884,0.10912899747490884,0.21842342802881973,small,6.487831216749029
E09B,sample_001051,samples/sample_001051.npz,sample_001051_prediction.npz,0.0007243931177072227,0.002287287963554263,0.7627757285249465,0.3062645011600928,0.4689165186500888,264,862,3.265151515151515,169.32887077331543,375.6894595775458,2.218697011689697,0.64139723777771,0.6126676119412436,0.7041339874267578,0.0027725025885634203,0.0007188780540811668,0.002858473225299564,-1.5285827225856181,1.5285827225856181,40.0,80.0,40.0,110.0,60.0,165.0,520.0,0.0011007665741310584,0.03317780243070747,0.011049940226500594,1.2476846790739387,0.9987139282160814,0.25581251080085465,0.011049940226500594,0.03128362822822542,40.0,40.0,20.0,-20.0,20.0,110.0,30.0,30.0,90.0,50.0,50.0,150.0,40.0,40.0,90.0,30.0,30.0,165.0,515.0,5.0,264,264000.0,0.64139723777771,0.6126676119412436,-0.02872962583646632,0.02872962583646632,0.04479225064331068,medium,-1.5285827225856181
E09B,sample_000519,samples/sample_000519.npz,sample_000519_prediction.npz,0.000550068449229002,0.0031760490965098143,0.9079201624265836,0.5815244825845532,0.7353973827002873,1152,1981,1.7196180555555556,485.49850845336914,758.4091486037277,1.5621245696917951,0.42143967747688293,0.4632130281534046,0.6499245762825012,0.008180035834605385,0.0004595945331533636,0.0008431152986232755,-2.7659212939036735,2.7659212939036735,70.0,130.0,60.0,160.0,120.0,190.0,260.0,0.0007572033256528703,0.027517327734590622,0.013560345281752702,0.6013081159459601,0.9993394030475203,0.14136843416622918,0.013560345281752702,0.0239441091187899,70.0,60.0,50.0,-20.0,20.0,160.0,30.0,30.0,110.0,50.0,50.0,180.0,20.0,20.0,160.0,40.0,40.0,190.0,250.0,10.0,1152,1152000.0,0.42143967747688293,0.4632130281534046,0.04177335067652166,0.04177335067652166,0.09912059283695004,large,-2.7659212939036735
E09B,sample_002133,samples/sample_002133.npz,sample_002133_prediction.npz,9.203507943311706e-05,0.0007981359376572073,0.9131547185682903,0.7407407407407407,0.851063829787234,360,486,1.35,119.72476601600647,179.7881653515302,1.5016789870150478,0.33256879448890686,0.3528495493448443,0.505252480506897,0.006678462304063225,6.782620698444025e-05,0.00047350890403312595,-0.9197504100907778,0.9197504100907778,20.0,80.0,60.0,120.0,50.0,250.0,245.0,8.742502284137934e-05,0.009350134910330403,0.0034099150888565895,0.41551445120184105,0.9952635560267061,0.06669967986242889,0.0034099150888565895,0.008706176079552232,20.0,60.0,20.0,0.0,0.0,80.0,0.0,0.0,60.0,0.0,0.0,180.0,60.0,60.0,70.0,20.0,20.0,270.0,245.0,20.0,360,360000.0,0.33256879448890686,0.3528495493448443,0.020280754855937444,0.020280754855937444,0.060982134199045926,medium,-0.9197504100907778
E09B,sample_000492,samples/sample_000492.npz,sample_000492_prediction.npz,0.00010113175812875852,0.0010211322223767638,0.858138854543888,0.5568181818181818,0.7153284671532847,336,486,1.4464285714285714,69.23460531234741,156.7423825985798,2.2639311929554125,0.20605537295341492,0.268395085397753,0.39881691336631775,0.011526770561904038,6.194535196048954e-05,0.0009347013223478546,-4.695433389478531,4.695433389478531,30.0,90.0,60.0,40.0,140.0,390.0,410.0,0.00017544880404441715,0.013245708891728564,0.004885442678709464,1.216337372220352,0.9961955970048351,0.10292997224843892,0.004885442678709464,0.01231183389578747,30.0,60.0,20.0,-10.0,10.0,90.0,0.0,0.0,70.0,10.0,10.0,60.0,20.0,20.0,170.0,30.0,30.0,390.0,405.0,5.0,336,336000.0,0.20605537295341492,0.268395085397753,0.06233971244433806,0.06233971244433806,0.3025386407100961,medium,-4.695433389478531
E09B,sample_000901,samples/sample_000901.npz,sample_000901_prediction.npz,0.0027255758177489042,0.005774775054305792,0.7039590201301119,0.27529249827942187,0.4317323259579061,400,1453,3.6325,387.03465461730957,817.3770465151489,2.1118962779272348,0.9675866365432739,0.7959103205800057,0.8446736931800842,0.030565454369902784,0.0026118322694044203,0.0044399894902974945,1.7422427870624517,1.7422427870624517,70.0,110.0,40.0,100.0,100.0,200.0,200.0,0.0023083418615791962,0.048045206437054636,0.02133667573707199,1.150398396773736,0.9992389762223709,0.31779800578364537,0.02133667573707199,0.04304751014948763,70.0,40.0,30.0,-40.0,40.0,150.0,40.0,40.0,120.0,80.0,80.0,120.0,20.0,20.0,140.0,40.0,40.0,200.0,200.0,0.0,400,400000.0,0.9675866365432739,0.7959103205800057,-0.17167631596326827,0.17167631596326827,0.17742733258138615,medium,1.7422427870624517
E09B,sample_000728,samples/sample_000728.npz,sample_000728_prediction.npz,0.0005455879145301878,0.0025152787566184998,0.7805837561171844,0.2828282828282828,0.4409448818897638,280,990,3.5357142857142856,104.24670338630676,351.5008316344324,3.3718172394562598,0.3723096549510956,0.5165236879672322,0.6396348476409912,0.023929753318351153,0.00047879237557155006,0.0022340553938372818,-0.5077829302063037,0.5077829302063037,60.0,100.0,40.0,70.0,100.0,335.0,470.0,0.0009053142143245552,0.030088439878540648,0.012798007980040963,2.3599782312403006,0.9990489477741831,0.20137199622919633,0.012798007980040963,0.027230960432334424,60.0,40.0,30.0,-30.0,30.0,130.0,30.0,30.0,100.0,60.0,60.0,110.0,40.0,40.0,150.0,50.0,50.0,335.0,465.0,5.0,280,280000.0,0.3723096549510956,0.5165236879672322,0.14421403301613667,0.14421403301613667,0.3873496996339775,medium,-0.5077829302063037
E09B,sample_000044,samples/sample_000044.npz,sample_000044_prediction.npz,0.0021816755179315805,0.004956988152116537,0.8203807563633781,0.39425287356321836,0.5655399835119538,686,1740,2.5364431486880465,557.6774952411652,1016.287105952116,1.822356316373547,0.8129409551620483,0.8055372146927581,0.8762592673301697,0.0022179951069088706,0.002181420272058744,0.0008937314590175974,-1.0979503648795657,1.0979503648795657,70.0,140.0,70.0,70.0,140.0,275.0,260.0,0.002107485566398965,0.04590735852125414,0.022667448744749925,0.8719992789318497,0.9990456196917297,0.27143433689433805,0.022667448744749925,0.03992082581564539,70.0,70.0,30.0,-40.0,40.0,240.0,100.0,100.0,210.0,140.0,140.0,110.0,40.0,40.0,180.0,40.0,40.0,275.0,260.0,0.0,686,686000.0,0.8129409551620483,0.8055372146927581,-0.007403740469290265,0.007403740469290265,0.009107353273663564,large,-1.0979503648795657
E09B,sample_000653,samples/sample_000653.npz,sample_000653_prediction.npz,0.00012947879440616816,0.0018162704072892666,0.6341569286898465,0.4619124797406807,0.6319290465631929,312,590,1.891025641025641,65.11785006523132,211.8276569953248,3.2529891079500937,0.20871105790138245,0.16109654064982748,0.29160425066947937,0.0045886108264732274,0.00011528121644958481,0.0059078433141842536,9.455430516506055,9.455430516506055,20.0,40.0,20.0,120.0,130.0,300.0,235.0,0.0002314365039049302,0.01521303730045155,0.008338061790138658,1.0812304055202235,0.9045358946099135,0.06636937643741937,0.008338061790138658,0.012724512937191738,20.0,20.0,20.0,0.0,0.0,60.0,20.0,20.0,40.0,20.0,20.0,300.0,180.0,180.0,150.0,20.0,20.0,390.0,235.0,90.0,312,312000.0,0.20871105790138245,0.16109654064982748,-0.047614517251554966,0.047614517251554966,0.22813605436302847,medium,9.455430516506055
E09B,sample_001330,samples/sample_001330.npz,sample_001330_prediction.npz,0.0015144823119044304,0.005494730081409216,0.92667648922519,0.5851063829787234,0.738255033557047,1320,2256,1.709090909090909,743.6322569847107,1270.3514016735799,1.7083059398534115,0.5633577704429626,0.7274068536857764,0.8677982091903687,0.03664716244669317,0.0010363092335776308,0.00036416028033470503,-3.5057088037493003,3.5057088037493003,50.0,130.0,80.0,150.0,110.0,365.0,405.0,0.003727600508034203,0.061054078553641304,0.027447187456683658,0.7733604804950679,0.9989791811494912,0.35216987373256914,0.027447187456683658,0.05453670698485444,50.0,80.0,20.0,-30.0,30.0,140.0,10.0,10.0,120.0,40.0,40.0,170.0,20.0,20.0,140.0,30.0,30.0,365.0,400.0,5.0,1320,1320000.0,0.5633577704429626,0.7274068536857764,0.16404908324281375,0.16404908324281375,0.2911987583198215,large,-3.5057088037493003
E09B,sample_000517,samples/sample_000517.npz,sample_000517_prediction.npz,0.00063042325200513,0.0026176737155765295,0.618396433769745,0.18040089086859687,0.30566037735849055,162,898,5.54320987654321,96.17286157608032,316.2611303495782,3.2884654274261216,0.5936596393585205,0.47872286611869014,0.5569779872894287,0.01472687049499301,0.00060715462186092,0.011437358760953158,0.4200914813842118,0.4200914813842118,50.0,70.0,20.0,90.0,90.0,235.0,195.0,0.0010348229723278622,0.03216866444737584,0.011997421660175955,2.171653910305636,0.9970611092368955,0.2420690697711932,0.011997421660175955,0.029847694146044233,50.0,20.0,20.0,-30.0,30.0,100.0,30.0,30.0,80.0,60.0,60.0,130.0,40.0,40.0,120.0,30.0,30.0,245.0,190.0,11.180339887498949,162,162000.0,0.5936596393585205,0.47872286611869014,-0.11493677323983037,0.11493677323983037,0.19360718772127647,small,0.4200914813842118
E09B,sample_001265,samples/sample_001265.npz,sample_001265_prediction.npz,0.0026285259518772364,0.006811311934143305,0.8466203227339334,0.428936170212766,0.600357355568791,1008,2350,2.3313492063492065,680.8959245681763,1348.7004168215108,1.9807732256245412,0.675491988658905,0.78943655125442,0.8691051602363586,0.015289755061965924,0.0024973542566454946,0.0014293697628099367,-2.5383564530248464,2.5383564530248464,60.0,120.0,60.0,120.0,140.0,180.0,480.0,0.00585806694978648,0.07653800983685478,0.033305112127637634,1.0754875615662418,0.9982758684097529,0.47332030587322826,0.033305112127637634,0.06891180200772552,60.0,60.0,20.0,-40.0,40.0,150.0,30.0,30.0,130.0,70.0,70.0,140.0,20.0,20.0,170.0,30.0,30.0,180.0,475.0,5.0,1008,1008000.0,0.675491988658905,0.78943655125442,0.113944562595515,0.113944562595515,0.1686838104797305,large,-2.5383564530248464
E09B,sample_001292,samples/sample_001292.npz,sample_001292_prediction.npz,0.00025783097953535616,0.0015752118779346347,0.9068333402031306,0.4932182490752158,0.6606110652353427,400,811,2.0275,147.53621816635132,302.3074244709745,2.0490387257325127,0.3688405454158783,0.483153497427702,0.6183335781097412,0.016033638806687605,0.0001933768072055138,0.0008900622436745008,0.12134650243876877,0.12134650243876877,30.0,80.0,50.0,100.0,80.0,360.0,420.0,0.0006075254440360481,0.02464803124056865,0.00860629169861977,0.9855687364338684,0.9986458940416151,0.191146126412709,0.00860629169861977,0.02309669212753888,30.0,50.0,20.0,-10.0,10.0,100.0,20.0,20.0,80.0,30.0,30.0,120.0,20.0,20.0,100.0,20.0,20.0,360.0,420.0,0.0,400,400000.0,0.3688405454158783,0.483153497427702,0.11431295201182368,0.11431295201182368,0.30992512464412647,medium,0.12134650243876877
E09B,sample_001298,samples/sample_001298.npz,sample_001298_prediction.npz,0.0008638550061732531,0.0033093122765421867,0.6057840836781131,0.17562724014336917,0.29878048780487804,196,1116,5.6938775510204085,110.08473920822144,411.0842021671983,3.734252405228003,0.5616568326950073,0.4996575754211873,0.5655354857444763,0.00493013649784714,0.0008557313287170768,0.011870599832738716,2.2262939419224566,2.2262939419224566,50.0,70.0,20.0,70.0,140.0,235.0,210.0,0.0016647274228557198,0.04080107134446006,0.016308911522170656,2.5014223291491917,0.9973505684824139,0.27966976438020735,0.016308911522170656,0.03739982390089196,50.0,20.0,20.0,-30.0,30.0,110.0,40.0,40.0,90.0,70.0,70.0,100.0,30.0,30.0,190.0,50.0,50.0,240.0,205.0,7.0710678118654755,196,196000.0,0.5616568326950073,0.4996575754211873,-0.061999257273819997,0.061999257273819997,0.11038636702117186,medium,2.2262939419224566
E09B,sample_001513,samples/sample_001513.npz,sample_001513_prediction.npz,0.001214569783769548,0.0033702002838253975,0.7069381991416612,0.26019080659150046,0.41293874741913283,300,1153,3.8433333333333333,185.75980067253113,508.2652180179705,2.73614213719992,0.6191993355751038,0.6319047668576241,0.7196499705314636,0.002926443604765684,0.0012093294871498785,0.002351253774031634,0.9989701827452677,0.9989701827452677,80.0,130.0,50.0,50.0,120.0,355.0,490.0,0.0009397323327611582,0.030655053951365967,0.015312043766400364,1.7390675876249413,0.9995433932154469,0.17148112692159406,0.015312043766400364,0.026556988693317584,80.0,50.0,50.0,-30.0,30.0,160.0,30.0,30.0,110.0,60.0,60.0,90.0,40.0,40.0,170.0,50.0,50.0,355.0,485.0,5.0,300,300000.0,0.6191993355751038,0.6319047668576241,0.01270543128252033,0.01270543128252033,0.02051912938620921,medium,0.9989701827452677
E09B,sample_000392,samples/sample_000392.npz,sample_000392_prediction.npz,0.0014323354698717594,0.003624195931479335,0.6576203933526947,0.18907563025210083,0.31802120141342755,180,952,5.288888888888889,178.24459075927734,445.16943052859034,2.4975200012089007,0.9902477264404297,0.7420585201846228,0.8145589232444763,0.06307756369232385,0.0013192526532209683,0.0034608253053602816,0.1377636412754697,0.1377636412754697,50.0,90.0,40.0,50.0,90.0,175.0,355.0,0.0014305841265219606,0.03782306342064271,0.01418649953460138,1.5040661975376513,0.9991043709970945,0.3010005151596925,0.01418649953460138,0.03506176489392277,50.0,40.0,20.0,-30.0,30.0,130.0,40.0,40.0,110.0,70.0,70.0,90.0,40.0,40.0,150.0,60.0,60.0,175.0,355.0,0.0,180,180000.0,0.9902477264404297,0.7420585201846228,-0.24818920625580687,0.24818920625580687,0.2506334522452824,small,0.1377636412754697
E09B,sample_001800,samples/sample_001800.npz,sample_001800_prediction.npz,0.0002453800989314914,0.0014796106843277812,0.9040370210529636,0.5829596412556054,0.7365439093484419,390,669,1.7153846153846153,191.56806975603104,314.77348224327153,1.6431416918495192,0.49120017886161804,0.5225653188732954,0.7119662165641785,0.01085233054698126,0.00020313170152897283,0.0006622633901613052,0.6316324608020167,0.6316324608020167,20.0,70.0,50.0,60.0,130.0,210.0,405.0,0.00029957980531576667,0.017308373849549433,0.006970589047270923,0.46370968474105057,0.9926318733500866,0.11262495335981909,0.006970589047270923,0.015842685809225446,20.0,50.0,20.0,0.0,0.0,80.0,10.0,10.0,60.0,10.0,10.0,320.0,260.0,260.0,250.0,120.0,120.0,280.0,355.0,86.02325267042627,390,390000.0,0.49120017886161804,0.5225653188732954,0.03136514001167734,0.03136514001167734,0.0638540891503087,medium,0.6316324608020167
E09B,sample_002073,samples/sample_002073.npz,sample_002073_prediction.npz,0.0003081130562350154,0.0018650097772479057,0.7360781341932516,0.37893700787401574,0.5496074232690935,385,1016,2.638961038961039,95.07418975234032,273.66356201728115,2.878421185919649,0.24694594740867615,0.30032299865375867,0.4223421514034271,0.005901164217488571,0.0002861221693159698,0.0021194750094068837,2.987261548847016,2.987261548847016,80.0,130.0,50.0,70.0,110.0,395.0,165.0,0.00026457909055452544,0.01626588732761067,0.008368246718720156,1.8039235321510245,0.9980587981560268,0.08618178664610993,0.008368246718720156,0.013948173264236245,80.0,50.0,60.0,-20.0,20.0,160.0,30.0,30.0,100.0,50.0,50.0,110.0,40.0,40.0,160.0,50.0,50.0,395.0,160.0,5.0,385,385000.0,0.24694594740867615,0.30032299865375867,0.05337705124508252,0.05337705124508252,0.21614872325378837,medium,2.987261548847016
E09B,sample_000911,samples/sample_000911.npz,sample_000911_prediction.npz,0.0003724483831319958,0.001964229391887784,0.9016341514389549,0.5960698689956332,0.746922024623803,546,916,1.6776556776556777,161.15512830018997,348.8852203674642,2.1649029977971415,0.29515591263771057,0.443604612334089,0.5751436948776245,0.031349570324134726,0.0001994343387896698,0.0007398575733878321,-0.800177435672282,0.800177435672282,30.0,90.0,60.0,70.0,130.0,465.0,325.0,0.0008100727563642294,0.028461777111842987,0.010277518410877401,1.1383010051780216,0.9971824372304993,0.20669018318801752,0.010277518410877401,0.02654138978422768,30.0,60.0,20.0,-10.0,10.0,100.0,10.0,10.0,80.0,20.0,20.0,90.0,20.0,20.0,160.0,30.0,30.0,465.0,320.0,5.0,546,546000.0,0.29515591263771057,0.443604612334089,0.14844869969637842,0.14844869969637842,0.5029501132799326,medium,-0.800177435672282
E09B,sample_000923,samples/sample_000923.npz,sample_000923_prediction.npz,0.0003668197605293244,0.002157967770472169,0.5976433270287762,0.2054794520547945,0.3409090909090909,195,949,4.866666666666666,79.86865639686584,254.28829738503674,3.183830915114973,0.40958285331726074,0.3128719749358984,0.392566442489624,0.011121482211107661,0.0003454439405975644,0.005461494531684992,0.9571096740177438,0.9571096740177438,80.0,110.0,30.0,50.0,130.0,295.0,465.0,0.0002842246196160924,0.01685896259015045,0.008586103585823287,2.0540160951082043,0.9956419548472889,0.08405198414273635,0.008586103585823287,0.014508736844729277,80.0,30.0,60.0,-20.0,20.0,140.0,30.0,30.0,80.0,50.0,50.0,90.0,40.0,40.0,210.0,80.0,80.0,295.0,455.0,10.0,195,195000.0,0.40958285331726074,0.3128719749358984,-0.09671087838136233,0.09671087838136233,0.23612042740092587,medium,0.9571096740177438
E09B,sample_000595,samples/sample_000595.npz,sample_000595_prediction.npz,0.0016212877817451954,0.004404184874147177,0.8411126258595502,0.42744063324538256,0.5988909426987061,648,1516,2.3395061728395063,405.7768020629883,836.2645451606702,2.060897865301964,0.6261987686157227,0.7498151102551708,0.8839761018753052,0.021001996744787737,0.0014926863597291718,0.0013606035273103542,-1.150032984584783,1.150032984584783,40.0,100.0,60.0,120.0,90.0,190.0,245.0,0.003713967353687573,0.06094232809540158,0.023004623884763608,1.1108248463341583,0.9992615662743751,0.42962123206451885,0.023004623884763608,0.05643363034227142,40.0,60.0,20.0,-20.0,20.0,130.0,30.0,30.0,110.0,50.0,50.0,150.0,30.0,30.0,120.0,30.0,30.0,185.0,240.0,7.0710678118654755,648,648000.0,0.6261987686157227,0.7498151102551708,0.12361634163944812,0.12361634163944812,0.19740751313311405,large,-1.150032984584783
E09B,sample_001302,samples/sample_001302.npz,sample_001302_prediction.npz,0.0018635410815477371,0.004769380670040846,0.823852711864999,0.3914780292942743,0.5626794258373206,588,1502,2.554421768707483,388.9803864955902,856.6676211350637,2.2023414312813316,0.6615312695503235,0.7917164122166277,0.8585890531539917,0.01904335205274514,0.0017601625844231696,0.0014195768271409042,0.4906523391288289,0.4906523391288289,60.0,120.0,60.0,70.0,140.0,525.0,280.0,0.002724816556449509,0.052199775444435666,0.022770316792915756,1.2456024690247036,0.9983213462474096,0.34579474659893905,0.022770316792915756,0.04697157895578738,60.0,60.0,20.0,-40.0,40.0,150.0,30.0,30.0,130.0,70.0,70.0,90.0,20.0,20.0,180.0,40.0,40.0,525.0,270.0,10.0,588,588000.0,0.6615312695503235,0.7917164122166277,0.1301851426663042,0.1301851426663042,0.19679363419177098,medium,0.4906523391288289
E09B,sample_001319,samples/sample_001319.npz,sample_001319_prediction.npz,0.00026809063274413347,0.00196581962518394,0.7751107555661404,0.22692889561270801,0.36991368680641185,150,661,4.406666666666666,78.23321521282196,262.73122830417526,3.358307946176743,0.5215547680854797,0.5129497047265371,0.6824151873588562,0.0037483897134144564,0.0002627720069306719,0.0015118284368858684,1.698839711889967,1.698839711889967,20.0,50.0,30.0,50.0,100.0,295.0,360.0,0.00044566233024284467,0.021110716004978245,0.010712745875714467,1.0987871654449275,0.9146364544724214,0.0999536221971774,0.010712745875714467,0.018190640616679975,20.0,30.0,20.0,0.0,0.0,70.0,20.0,20.0,50.0,20.0,20.0,460.0,410.0,410.0,280.0,180.0,180.0,310.0,290.0,71.58910531638176,150,150000.0,0.5215547680854797,0.5129497047265371,-0.008605063358942622,0.008605063358942622,0.016498868163989832,small,1.698839711889967
E09B,sample_002162,samples/sample_002162.npz,sample_002162_prediction.npz,0.0004461506905499846,0.002067846478894353,0.886956384000695,0.6313416009019166,0.774015203870076,560,887,1.5839285714285714,161.06433391571045,355.0623214750355,2.2044751487989247,0.2876148819923401,0.445389069058001,0.6412348747253418,0.04036920515202996,0.00021742149174630438,0.0006750165682346919,-4.2537155641140245,4.2537155641140245,30.0,100.0,70.0,100.0,80.0,170.0,140.0,0.0009143672133515841,0.030238505474834303,0.010404216892772431,1.2445888269820644,0.9986871968856159,0.22952257536793735,0.010404216892772431,0.02839224338089072,30.0,70.0,20.0,-10.0,10.0,110.0,10.0,10.0,90.0,20.0,20.0,120.0,20.0,20.0,110.0,30.0,30.0,170.0,135.0,5.0,560,560000.0,0.2876148819923401,0.445389069058001,0.15777418706566093,0.15777418706566093,0.5485605820280984,medium,-4.2537155641140245
E09B,sample_001201,samples/sample_001201.npz,sample_001201_prediction.npz,0.00032023512176238,0.001515595125965774,0.5949188439601042,0.15328467153284672,0.26582278481012656,84,548,6.523809523809524,47.15975260734558,176.58785578126864,3.744461029122604,0.5614256262779236,0.44499129376241137,0.5076714754104614,0.015656707256128444,0.0003071190367631773,0.01017282061104549,4.478662349829847,4.478662349829847,70.0,90.0,20.0,60.0,70.0,270.0,175.0,0.00022226743353057895,0.014908636206259073,0.006572143556350201,2.5414729313062825,0.9980264759582802,0.09930288784680263,0.006572143556350201,0.013381866932730406,70.0,20.0,50.0,-20.0,20.0,130.0,40.0,40.0,80.0,60.0,60.0,110.0,50.0,50.0,110.0,40.0,40.0,275.0,175.0,5.0,84,84000.0,0.5614256262779236,0.44499129376241137,-0.11643433251551222,0.11643433251551222,0.20739048427025936,small,4.478662349829847
E09B,sample_000860,samples/sample_000860.npz,sample_000860_prediction.npz,0.0006424870807677507,0.003485240740701556,0.8606036137650849,0.4730617608409987,0.6422836752899197,720,1522,2.113888888888889,286.3914728164673,616.5496249546062,2.1528211677926574,0.3977659344673157,0.4815055129842626,0.6655558943748474,0.013028408262923927,0.0005511005294304284,0.0022553646202868576,7.276167235377649,7.276167235377649,20.0,50.0,30.0,160.0,150.0,230.0,285.0,0.0016031968539049787,0.04003994073303529,0.01866185069809157,0.7771132511305056,0.9885960855412073,0.21146363720483885,0.01866185069809157,0.03542502198202731,20.0,30.0,20.0,0.0,0.0,100.0,50.0,50.0,80.0,50.0,50.0,380.0,220.0,220.0,340.0,190.0,190.0,340.0,260.0,112.80514172678478,720,720000.0,0.3977659344673157,0.4815055129842626,0.08373957851694691,0.08373957851694691,0.21052476157640335,large,7.276167235377649
E09B,sample_001867,samples/sample_001867.npz,sample_001867_prediction.npz,0.0002897487720474601,0.0018634946318343282,0.7413794014653194,0.2988505747126437,0.46017699115044247,234,783,3.3461538461538463,69.58212214708328,251.42741657038576,3.6133910379869754,0.29735949635505676,0.375785753576674,0.47540712356567383,0.009463944467119264,0.00026785867896761265,0.0040464421588382316,0.8871972790072391,0.8871972790072391,60.0,90.0,30.0,60.0,130.0,330.0,315.0,0.00047862270424536813,0.021877447388700726,0.00965291067128354,2.4896930535119393,0.9954913447984752,0.13698734998247436,0.00965291067128354,0.019632728282579285,60.0,30.0,40.0,-20.0,20.0,110.0,20.0,20.0,70.0,40.0,40.0,100.0,40.0,40.0,180.0,50.0,50.0,340.0,310.0,11.180339887498949,234,234000.0,0.29735949635505676,0.375785753576674,0.07842625722161722,0.07842625722161722,0.2637422318202132,medium,0.8871972790072391
E09B,sample_000363,samples/sample_000363.npz,sample_000363_prediction.npz,0.00035266915801912546,0.0017404305981472135,0.3915584743965956,0.06578947368421052,0.12345679012345678,40,608,15.2,32.65535354614258,165.6807850558908,5.073617862436583,0.8163838386535645,0.3405605599284172,0.3690861165523529,0.22692401689863062,0.0002604395195466158,0.01016434639447069,1.0143311476978312,1.0143311476978312,80.0,100.0,20.0,40.0,50.0,260.0,325.0,0.0001980023430050185,0.014071330534282054,0.006789910793707866,3.8082722932780677,0.9830299376981686,0.08160541636898169,0.006789910793707866,0.012324749669608219,80.0,20.0,60.0,-20.0,20.0,130.0,30.0,30.0,70.0,50.0,50.0,130.0,90.0,90.0,140.0,90.0,90.0,285.0,320.0,25.495097567963924,40,40000.0,0.8163838386535645,0.3405605599284172,-0.47582327872514724,0.47582327872514724,0.5828425995177798,small,1.0143311476978312
E09B,sample_000263,samples/sample_000263.npz,sample_000263_prediction.npz,0.00020267961372155696,0.0013738502748310566,0.7795700758075947,0.3713163064833006,0.5415472779369628,189,509,2.693121693121693,76.96506553888321,205.2774841920442,2.6671514245425647,0.40722256898880005,0.40409200539979984,0.4931837022304535,0.0019171537658738897,0.0001993769977246066,0.0036423553346947835,1.9323383985998603,1.9323383985998603,30.0,60.0,30.0,70.0,90.0,225.0,195.0,0.0003510287182623231,0.018735760413239787,0.007215290516497425,1.2162325097993638,0.9838466210650919,0.14013301216392776,0.007215290516497425,0.017290699841963176,30.0,30.0,20.0,-10.0,10.0,80.0,20.0,20.0,60.0,30.0,30.0,90.0,20.0,20.0,130.0,40.0,40.0,225.0,195.0,0.0,189,189000.0,0.40722256898880005,0.40409200539979984,-0.0031305635890002126,0.0031305635890002126,0.007687598447143811,small,1.9323383985998603
E09B,sample_000442,samples/sample_000442.npz,sample_000442_prediction.npz,0.0006143859936855733,0.0021847449243068695,0.6072825914064836,0.18181818181818182,0.3076923076923077,104,572,5.5,94.6843991279602,220.33739403118244,2.3270717885996177,0.910426914691925,0.4819838490623694,0.5520834922790527,0.1841478535610786,0.0004200124877155032,0.009161280713665544,5.664472646103704,5.664472646103704,30.0,50.0,20.0,130.0,40.0,385.0,210.0,0.0003257051480720168,0.018047303069212775,0.0070291648426752595,0.9056241863377018,0.9859814205071827,0.12380907570065697,0.0070291648426752595,0.016622153581486214,30.0,20.0,20.0,-10.0,10.0,80.0,30.0,30.0,60.0,40.0,40.0,170.0,40.0,40.0,70.0,30.0,30.0,385.0,205.0,5.0,104,104000.0,0.910426914691925,0.4819838490623694,-0.42844306562955564,0.42844306562955564,0.4705957817322815,small,5.664472646103704
E09B,sample_001230,samples/sample_001230.npz,sample_001230_prediction.npz,0.0004658467078115791,0.0025526683311909437,0.9069091868524484,0.5709651257096513,0.7268972638100155,704,1233,1.7514204545454546,288.421838760376,536.9266405643252,1.861601891424074,0.40969011187553406,0.508041119583967,0.6429468393325806,0.01340273540943131,0.00037253141147321195,0.0013729995856308222,6.4636084059629155,6.4636084059629155,20.0,60.0,40.0,110.0,160.0,475.0,420.0,0.001100579082907238,0.03317497675820193,0.013667928284545381,0.6331541758574136,0.9953496401949712,0.18231675038906403,0.013667928284545381,0.030228576203912783,20.0,40.0,20.0,0.0,0.0,90.0,30.0,30.0,70.0,30.0,30.0,180.0,70.0,70.0,180.0,20.0,20.0,450.0,420.0,25.0,704,704000.0,0.40969011187553406,0.508041119583967,0.09835100770843297,0.09835100770843297,0.24006195135681602,large,6.4636084059629155
E09B,sample_001272,samples/sample_001272.npz,sample_001272_prediction.npz,0.0029560525435954332,0.006578449159860611,0.698393015953968,0.2624384909786769,0.4157644001732352,480,1829,3.810416666666667,406.4982604980469,967.1842083010506,2.3793071269629644,0.8468713760375977,0.757286087051034,0.8075408339500427,0.008731931474196878,0.002927711687626077,0.002661228259803442,1.823283418066481,1.823283418066481,80.0,130.0,50.0,60.0,160.0,320.0,200.0,0.0026149784402314446,0.051136859898036804,0.026891189785862777,1.3610578932072905,0.9994589449424688,0.2632127711801574,0.026891189785862777,0.043495314139941024,80.0,50.0,50.0,-30.0,30.0,160.0,30.0,30.0,110.0,60.0,60.0,100.0,40.0,40.0,220.0,60.0,60.0,320.0,200.0,0.0,480,480000.0,0.8468713760375977,0.757286087051034,-0.0895852889865637,0.0895852889865637,0.10578381974098801,medium,1.823283418066481
E09B,sample_001600,samples/sample_001600.npz,sample_001600_prediction.npz,0.0017894540214911103,0.004886452108621597,0.8473701818343363,0.4524236983842011,0.622991347342398,756,1671,2.2103174603174605,485.2165160179138,963.7840226704785,1.986296819778691,0.6418207883834839,0.7525466968300482,0.8664035797119141,0.015630232051987457,0.0016821874651101304,0.0009349055334180841,-3.1781129877367107,3.1781129877367107,80.0,150.0,70.0,120.0,90.0,380.0,275.0,0.0020135445096357433,0.04487253625142826,0.0232630943620729,1.0637237521747374,0.9995097182053728,0.24816294241857229,0.0232630943620729,0.038371512223745304,80.0,70.0,50.0,-30.0,30.0,240.0,90.0,90.0,190.0,120.0,120.0,150.0,30.0,30.0,130.0,40.0,40.0,375.0,275.0,5.0,756,756000.0,0.6418207883834839,0.7525466968300482,0.11072590844656427,0.11072590844656427,0.1725184201737109,large,-3.1781129877367107
E09B,sample_000593,samples/sample_000593.npz,sample_000593_prediction.npz,0.0022017022129148245,0.0059568267315626144,0.880178020317042,0.5081615120274914,0.6738820848761037,1183,2328,1.9678782755705833,860.1984516978264,1428.0953366051413,1.6601928703619753,0.7271330952644348,0.7897869536459496,0.8679336309432983,0.007404873080792066,0.002138324163730104,0.0008991762892388201,-1.5540112869801277,1.5540112869801277,70.0,140.0,70.0,130.0,130.0,225.0,205.0,0.0032350952767484435,0.05687789796351869,0.027624235367072942,0.7182331861535248,0.9992436596143839,0.31881003453585066,0.027624235367072942,0.04971918037471053,70.0,70.0,30.0,-40.0,40.0,240.0,100.0,100.0,210.0,140.0,140.0,160.0,30.0,30.0,160.0,30.0,30.0,220.0,200.0,7.0710678118654755,1183,1183000.0,0.7271330952644348,0.7897869536459496,0.06265385838151483,0.06265385838151483,0.08616559855349404,large,-1.5540112869801277
E09B,sample_000367,samples/sample_000367.npz,sample_000367_prediction.npz,0.00010215636575594544,0.0009058446157723665,0.5409706129832283,0.21476510067114093,0.35359116022099446,64,298,4.65625,18.23250961303711,103.11053857238275,5.655312447972265,0.28488296270370483,0.25400346890091896,0.3100844621658325,0.0018273017540082204,0.00010103249311860674,0.013019233111288187,8.29802591716718,8.29802591716718,40.0,60.0,20.0,40.0,80.0,310.0,490.0,0.00014884323620474216,0.012200132630620954,0.004605991626681475,3.4989030759557678,0.9744858312404401,0.09768311833356794,0.004605991626681475,0.011297259727017091,40.0,20.0,20.0,-20.0,20.0,90.0,30.0,30.0,70.0,50.0,50.0,70.0,30.0,30.0,110.0,30.0,30.0,315.0,485.0,7.0710678118654755,64,64000.0,0.28488296270370483,0.25400346890091896,-0.030879493802785873,0.030879493802785873,0.1083936136781278,small,8.29802591716718
E09B,sample_000985,samples/sample_000985.npz,sample_000985_prediction.npz,0.002048387425020337,0.0055518001317977905,0.8928922936386596,0.5519713261648745,0.7113163972286374,1078,1953,1.8116883116883118,707.4556195735931,1248.48885298259,1.7647592561849965,0.6562668085098267,0.807691865097835,0.9442452788352966,0.02948887677511705,0.0017441391900609466,0.0008364957463801627,2.875567259276039,2.875567259276039,30.0,100.0,70.0,110.0,140.0,475.0,280.0,0.004951089363685095,0.07036397774205985,0.02851050102108071,0.7156423127972928,0.9989325990006938,0.42805884243944137,0.02851050102108071,0.06432915898107211,30.0,70.0,20.0,-10.0,10.0,130.0,30.0,30.0,110.0,40.0,40.0,130.0,20.0,20.0,170.0,30.0,30.0,475.0,275.0,5.0,1078,1078000.0,0.6562668085098267,0.807691865097835,0.1514250565880083,0.1514250565880083,0.23073703351209623,large,2.875567259276039
E09B,sample_000252,samples/sample_000252.npz,sample_000252_prediction.npz,0.00018399507098365575,0.0013907329412177205,0.5749728492833968,0.26548672566371684,0.4195804195804196,120,452,3.7666666666666666,49.82417106628418,145.83451204847532,2.9269832076977784,0.41520142555236816,0.24560030239323774,0.3315248489379883,0.030397559380225474,0.00014706820517581363,0.012718012394012585,6.947929862282045,6.947929862282045,40.0,60.0,20.0,150.0,40.0,285.0,330.0,0.00015180972913453775,0.012321109087031806,0.005293815570115051,1.433700353086356,0.9759177279204174,0.07322899131343891,0.005293815570115051,0.01112588180074484,40.0,20.0,20.0,-20.0,20.0,90.0,30.0,30.0,70.0,50.0,50.0,200.0,50.0,50.0,60.0,20.0,20.0,300.0,330.0,15.0,120,120000.0,0.41520142555236816,0.24560030239323774,-0.16960112315913042,0.16960112315913042,0.4084791446308248,small,6.947929862282045
E09B,sample_000452,samples/sample_000452.npz,sample_000452_prediction.npz,0.001774685806594789,0.005200210493057966,0.7622441945113814,0.29461756373937675,0.4551422319474836,520,1765,3.394230769230769,301.9148325920105,810.715892463734,2.685246980095498,0.5806054472923279,0.6751258414525252,0.78110271692276,0.012268529277299291,0.0017188811602249332,0.0031689462975812654,-1.5975716729783613,1.5975716729783613,50.0,90.0,40.0,130.0,100.0,245.0,400.0,0.004669441128508273,0.06833330907038143,0.02744727360681745,1.7346367045218536,0.9995390090267624,0.4450369609747119,0.02744727360681745,0.0625786569052163,50.0,40.0,20.0,-30.0,30.0,120.0,30.0,30.0,100.0,60.0,60.0,170.0,40.0,40.0,130.0,30.0,30.0,245.0,395.0,5.0,520,520000.0,0.5806054472923279,0.6751258414525252,0.09452039416019731,0.09452039416019731,0.16279625794245678,medium,-1.5975716729783613
E09B,sample_001622,samples/sample_001622.npz,sample_001622_prediction.npz,0.0010825536446645856,0.0037623888347297907,0.920475432647137,0.6929761042722665,0.8186484174508126,960,1378,1.4354166666666666,321.500244140625,669.4679277019899,2.082324787937526,0.3348960876464844,0.5665334662034487,0.8245270848274231,0.0803297090195266,0.00030102356598906836,0.0005736405597433824,-4.5287370969631695,4.5287370969631695,30.0,110.0,80.0,80.0,150.0,170.0,295.0,0.0026184679071961023,0.051170967424860186,0.018900188967029472,1.178343918019721,0.9988982476649794,0.37273813448372906,0.018900188967029472,0.04755261048782369,30.0,80.0,20.0,-10.0,10.0,120.0,10.0,10.0,100.0,20.0,20.0,100.0,20.0,20.0,180.0,30.0,30.0,170.0,290.0,5.0,960,960000.0,0.3348960876464844,0.5665334662034487,0.2316373785569643,0.2316373785569643,0.6916694076207909,large,-4.5287370969631695
E09B,sample_001585,samples/sample_001585.npz,sample_001585_prediction.npz,0.0004634094366338104,0.0015459422720596194,0.6932262589050464,0.25,0.4,108,432,4.0,87.97479701042175,190.2778883805984,2.162868171870377,0.8145814538002014,0.5846313961126186,0.6677092909812927,0.054499418944785445,0.000403978405547848,0.0044805506607517205,4.339330572022533,4.339330572022533,30.0,60.0,30.0,60.0,60.0,420.0,460.0,0.00030118199897794906,0.017354595903620144,0.005669819048036225,0.92696253408837,0.991045559963633,0.1502382438341774,0.005669819048036225,0.016402291027185035,30.0,30.0,20.0,-10.0,10.0,90.0,30.0,30.0,70.0,40.0,40.0,90.0,30.0,30.0,100.0,40.0,40.0,425.0,450.0,11.180339887498949,108,108000.0,0.8145814538002014,0.5846313961126186,-0.2299500576875828,0.2299500576875828,0.28229228226939773,small,4.339330572022533
E09B,sample_000222,samples/sample_000222.npz,sample_000222_prediction.npz,0.0037008554209023714,0.007573965471237898,0.7825659847542039,0.3634861627426683,0.5331717661314753,880,2421,2.7511363636363635,741.6331243515015,1428.467154893993,1.9261102396728471,0.8427649140357971,0.8124231484803286,0.87258380651474,0.002244600636789111,0.0037140093108132834,0.002754189455154632,1.1200509890023227,1.1200509890023227,60.0,110.0,50.0,160.0,110.0,470.0,245.0,0.006119390052480557,0.07822653036202333,0.03446141933900039,0.9758639373510211,0.997986132949599,0.48322800116909626,0.03446141933900039,0.07022678000323045,60.0,50.0,20.0,-40.0,40.0,150.0,40.0,40.0,130.0,80.0,80.0,180.0,20.0,20.0,140.0,30.0,30.0,470.0,240.0,5.0,880,880000.0,0.8427649140357971,0.8124231484803286,-0.030341765555468525,0.030341765555468525,0.036002644450596734,large,1.1200509890023227
E09B,sample_001459,samples/sample_001459.npz,sample_001459_prediction.npz,0.0005650162347592413,0.0021329575683921576,0.5739445168589244,0.14469453376205788,0.25280898876404495,90,622,6.911111111111111,68.3198869228363,236.05638141181535,3.455163526228147,0.7591098546981812,0.5261001090208689,0.5788097381591797,0.05489575417742554,0.0005152293615235686,0.011817294464657936,0.8921854535305087,0.8921854535305087,50.0,70.0,20.0,50.0,90.0,295.0,495.0,0.0006457367869830932,0.025411351537907093,0.009056044783632748,2.3273720355245837,0.9978640799138815,0.21504144517730817,0.009056044783632748,0.023742890301307704,50.0,20.0,20.0,-30.0,30.0,100.0,30.0,30.0,80.0,60.0,60.0,90.0,40.0,40.0,120.0,30.0,30.0,305.0,490.0,11.180339887498949,90,90000.0,0.7591098546981812,0.5261001090208689,-0.23300974567731225,0.23300974567731225,0.306951285423578,small,0.8921854535305087
E09B,sample_001967,samples/sample_001967.npz,sample_001967_prediction.npz,0.00015903102757874876,0.0012721957173198462,0.624613463958209,0.19726027397260273,0.3295194508009153,72,365,5.069444444444445,34.3732488155365,142.58021921789177,4.147999509241802,0.47740623354911804,0.3603579339881738,0.41742628812789917,0.014306765081090696,0.00014866132015403964,0.0032332202411480496,6.071119352009788,6.071119352009788,20.0,40.0,20.0,90.0,40.0,195.0,120.0,0.00017024141324906828,0.013047659301540192,0.006137561548169112,1.3434897159030907,0.8996258056268686,0.07588988275078598,0.006137561548169112,0.011513980697026733,20.0,20.0,20.0,0.0,0.0,60.0,20.0,20.0,40.0,20.0,20.0,370.0,280.0,280.0,220.0,180.0,180.0,185.0,110.0,14.142135623730951,72,72000.0,0.47740623354911804,0.3603579339881738,-0.11704829956094426,0.11704829956094426,0.24517547391618152,small,6.071119352009788
E09B,sample_001694,samples/sample_001694.npz,sample_001694_prediction.npz,0.0009666469995863736,0.0029431164730340242,0.7772189028626173,0.29439252336448596,0.4548736462093863,315,1070,3.3968253968253967,200.4263225197792,483.76690869111434,2.4136894925234857,0.6362740397453308,0.6776567387202429,0.7708003520965576,0.005067751058666038,0.0009534634656980271,0.0017125882284980485,-2.2643697125856477,2.2643697125856477,50.0,100.0,50.0,90.0,70.0,305.0,215.0,0.0015172784066669464,0.03895225804323732,0.015114278429468934,1.4743709772410114,0.9982244183709602,0.29773523121653805,0.015114278429468934,0.03590037596214608,50.0,50.0,20.0,-30.0,30.0,130.0,30.0,30.0,110.0,60.0,60.0,130.0,40.0,40.0,110.0,40.0,40.0,305.0,205.0,10.0,315,315000.0,0.6362740397453308,0.6776567387202429,0.04138269897491209,0.04138269897491209,0.06503911269344817,medium,-2.2643697125856477
E09B,sample_001125,samples/sample_001125.npz,sample_001125_prediction.npz,0.0009063169709406793,0.002710936591029167,0.5635172965429678,0.12151898734177215,0.21670428893905191,96,790,8.229166666666666,81.36629676818848,308.50461909831955,3.791552907676814,0.8475655913352966,0.6425781147554517,0.717488706111908,0.04492381464998841,0.0008632891609432627,0.011631308300624747,2.457490903332058,2.457490903332058,60.0,80.0,20.0,80.0,60.0,450.0,180.0,0.000968731496064213,0.031124451739174667,0.011831285474663226,2.738664473968959,0.9995353747194714,0.25078120959384487,0.011831285474663226,0.028788056205329947,60.0,20.0,20.0,-40.0,40.0,120.0,40.0,40.0,100.0,80.0,80.0,130.0,50.0,50.0,100.0,40.0,40.0,455.0,180.0,5.0,96,96000.0,0.8475655913352966,0.6425781147554517,-0.20498747657984495,0.20498747657984495,0.24185441065026905,small,2.457490903332058
E09B,sample_001461,samples/sample_001461.npz,sample_001461_prediction.npz,0.0007033311412669718,0.00231515453197062,0.8410398765427334,0.40302267002518893,0.5745062836624776,320,794,2.48125,154.81274604797363,379.7158180810313,2.452742605336671,0.4837898313999176,0.6659942925907671,0.8268378376960754,0.04625049160883667,0.0005545814373696244,0.0005862580305177433,-3.897768019883614,3.897768019883614,40.0,120.0,80.0,50.0,80.0,365.0,240.0,0.0009701032963269483,0.031146481283235643,0.011963599777204794,1.5346467550809488,0.9987423299139201,0.257042851173739,0.011963599777204794,0.028757183045246517,40.0,80.0,20.0,-20.0,20.0,130.0,10.0,10.0,110.0,30.0,30.0,90.0,40.0,40.0,130.0,50.0,50.0,365.0,235.0,5.0,320,320000.0,0.4837898313999176,0.6659942925907671,0.18220446119084954,0.18220446119084954,0.3766190386094183,medium,-3.897768019883614
E09B-2,sample_000796,samples/sample_000796.npz,sample_000796_prediction.npz,0.0003984346112702042,0.002788841724395752,0.877550127628762,0.4525455688246386,0.6231068801384682,720,1591,2.209722222222222,233.237042427063,500.22268781348754,2.1446965825332627,0.32394033670425415,0.4027533146656222,0.5770969390869141,0.011573623099834224,0.00031598115657771765,0.0018023333309129114,1.4411075709468193,1.4411075709468193,40.0,70.0,30.0,150.0,160.0,175.0,170.0,0.0010472855092736693,0.03236179088483314,0.01432148491694027,0.9863917602327433,0.9928088904186348,0.15006800798205994,0.01432148491694027,0.02902034767275405,40.0,30.0,30.0,-10.0,10.0,90.0,20.0,20.0,60.0,30.0,30.0,260.0,110.0,110.0,300.0,140.0,140.0,160.0,170.0,15.0,720,720000.0,0.32394033670425415,0.4027533146656222,0.07881297796136805,0.07881297796136805,0.24329473372536947,large,1.4411075709468193
E09B-2,sample_001763,samples/sample_001763.npz,sample_001763_prediction.npz,0.00032284457120113075,0.0012334698112681508,0.8911390370263615,0.5426356589147286,0.7035175879396985,280,516,1.8428571428571427,142.34578132629395,258.8459510287431,1.8184307860546998,0.5083777904510498,0.6228051702891078,0.7870981097221375,0.02264203612475565,0.00025909109796484953,0.0005035699433985739,-0.8362951242545336,0.8362951242545336,40.0,110.0,70.0,80.0,50.0,510.0,495.0,0.00026176892368203315,0.016179274510373855,0.005884821076325556,0.8254496953091922,0.9988389501682056,0.13538881549368698,0.005884821076325556,0.015071091685132423,40.0,70.0,30.0,-10.0,10.0,130.0,20.0,20.0,100.0,30.0,30.0,130.0,50.0,50.0,100.0,50.0,50.0,495.0,490.0,15.811388300841896,280,280000.0,0.5083777904510498,0.6228051702891078,0.11442737983805795,0.11442737983805795,0.22508335727360188,medium,-0.8362951242545336
E09B-2,sample_000998,samples/sample_000998.npz,sample_000998_prediction.npz,0.0006089240196160972,0.0029394885059446096,0.7817901505985293,0.34710743801652894,0.5153374233128835,462,1331,2.880952380952381,163.88124418258667,443.40194373216855,2.7056295913775017,0.3547213077545166,0.43972941926676473,0.6442947387695312,0.016284501336742814,0.0005349055362067621,0.002242113241396356,-0.48503796269180555,0.48503796269180555,80.0,110.0,30.0,110.0,140.0,235.0,380.0,0.0006675149278079669,0.02583631025916756,0.014009497441338921,1.5874236478224861,0.995712131706399,0.11269737864661614,0.014009497441338921,0.021708268223169833,80.0,30.0,70.0,-10.0,10.0,140.0,30.0,30.0,70.0,40.0,40.0,210.0,100.0,100.0,230.0,90.0,90.0,255.0,365.0,25.0,462,462000.0,0.3547213077545166,0.43972941926676473,0.08500811151224813,0.08500811151224813,0.23964760405957242,medium,-0.48503796269180555
E09B-2,sample_001629,samples/sample_001629.npz,sample_001629_prediction.npz,0.0007785644265823066,0.0026842958759516478,0.8595074684977254,0.47592067988668557,0.6449136276391555,504,1059,2.1011904761904763,287.289128780365,527.0956823802808,1.834721991110391,0.5700181126594543,0.6449622139925995,0.8331437110900879,0.019954313795932974,0.0006797446715076857,0.0006594666833497196,-1.8803218748297468,1.8803218748297468,70.0,130.0,60.0,60.0,140.0,440.0,210.0,0.0005484587973443781,0.023419197196837854,0.011791224875637048,0.8282095967215222,0.9990915087488461,0.12243456221870008,0.011791224875637048,0.02023427323321834,70.0,60.0,60.0,-10.0,10.0,140.0,10.0,10.0,80.0,20.0,20.0,130.0,70.0,70.0,200.0,60.0,60.0,445.0,200.0,11.180339887498949,504,504000.0,0.5700181126594543,0.6449622139925995,0.07494410133314511,0.07494410133314511,0.13147670164986305,medium,-1.8803218748297468
E09B-2,sample_001922,samples/sample_001922.npz,sample_001922_prediction.npz,0.0018711459124460816,0.004432575311511755,0.8502654363400017,0.4664179104477612,0.6361323155216285,750,1608,2.144,600.9497344493866,993.6728211320026,1.6535040522855777,0.8012663125991821,0.8036315302054088,0.9123306274414062,0.004510821897597021,0.00185085191656501,0.001219712860054975,1.4605799785787212,1.4605799785787212,60.0,110.0,50.0,150.0,100.0,455.0,270.0,0.0015959004572121335,0.03994872284832312,0.01974306772194377,0.6053168177513282,0.9988453377716746,0.19343468296920763,0.01974306772194377,0.034729119397688094,60.0,50.0,40.0,-20.0,20.0,140.0,30.0,30.0,100.0,50.0,50.0,240.0,90.0,90.0,130.0,30.0,30.0,480.0,275.0,25.495097567963924,750,750000.0,0.8012663125991821,0.8036315302054088,0.002365217606226655,0.002365217606226655,0.0029518495524343963,large,1.4605799785787212
E09B-2,sample_001409,samples/sample_001409.npz,sample_001409_prediction.npz,0.0013431706465780735,0.0026651325169950724,0.7604107106203246,0.27020506634499397,0.4254510921177588,224,829,3.700892857142857,206.4456329345703,456.86606693503035,2.2130091125726397,0.9216322898864746,0.8999498997415815,0.9590827822685242,0.001952650368006102,0.0013417786559833968,0.00038912631013407283,-0.1093198463014815,0.1093198463014815,20.0,90.0,70.0,40.0,80.0,480.0,290.0,0.0014623770456542093,0.0382410387627508,0.013783849222053479,0.9741034114755354,0.9902953491902117,0.3109796308484509,0.013783849222053479,0.03567047162959729,20.0,70.0,0.0,-20.0,20.0,110.0,20.0,20.0,110.0,40.0,40.0,230.0,190.0,190.0,310.0,230.0,230.0,435.0,365.0,87.46427842267951,224,224000.0,0.9216322898864746,0.8999498997415815,-0.02168239014489315,0.02168239014489315,0.023526074751096183,medium,-0.1093198463014815
E09B-2,sample_000992,samples/sample_000992.npz,sample_000992_prediction.npz,0.0005800889921374619,0.0029234725516289473,0.9514757651144135,0.527536231884058,0.6907020872865275,728,1380,1.8956043956043955,443.7051453590393,725.9979962777899,1.6362172128752837,0.6094850897789001,0.7500379715974514,0.8493372797966003,0.024118223571399772,0.00040447453893482314,0.0002844371941314046,-0.9467437026186829,0.9467437026186829,20.0,100.0,80.0,70.0,130.0,395.0,215.0,0.0018734972260071418,0.043283914171515746,0.015468282164466947,0.6088218588819572,0.9984224295357813,0.32443726723571054,0.015468282164466947,0.04042560417467593,20.0,80.0,0.0,-20.0,20.0,130.0,30.0,30.0,130.0,50.0,50.0,230.0,160.0,160.0,150.0,20.0,20.0,385.0,215.0,10.0,728,728000.0,0.6094850897789001,0.7500379715974514,0.1405528818185513,0.1405528818185513,0.2306092210878185,large,-0.9467437026186829
E09B-2,sample_002128,samples/sample_002128.npz,sample_002128_prediction.npz,0.0002933318610303104,0.0014759832993149757,0.7884071432131263,0.3421461897356143,0.5098493626882966,220,643,2.922727272727273,101.6027420759201,229.64824962976076,2.2602564156995077,0.46183064579963684,0.46447398649020627,0.5810958743095398,0.007104631941385518,0.00027805425807325576,0.0012339294096538574,0.37561780131522937,0.37561780131522937,60.0,100.0,40.0,50.0,110.0,295.0,285.0,0.0002015284948871463,0.014196073220688398,0.006708515740077341,1.1387693703801927,0.9964088314413779,0.07799428260203947,0.006708515740077341,0.012510967646520429,60.0,40.0,50.0,-10.0,10.0,120.0,20.0,20.0,70.0,30.0,30.0,140.0,90.0,90.0,190.0,80.0,80.0,310.0,275.0,18.027756377319946,220,220000.0,0.46183064579963684,0.46447398649020627,0.002643340690569429,0.002643340690569429,0.005723614737589828,medium,0.37561780131522937
E09B-2,sample_001888,samples/sample_001888.npz,sample_001888_prediction.npz,0.001518282457254827,0.0031213730107992887,0.7844222167892462,0.37649402390438247,0.5470332850940666,378,1004,2.6560846560846563,311.36883294582367,589.4065709889727,1.8929530146375504,0.8237270712852478,0.7961611571923766,0.8920034170150757,0.005482728087481708,0.0015029794136799117,0.0005152246364686573,-0.12014172123609512,0.12014172123609512,70.0,140.0,70.0,90.0,60.0,355.0,480.0,0.0007051423284346214,0.026554516158925234,0.01327610225470358,0.8757422672919039,0.9981057749934804,0.14953467711226393,0.01327610225470358,0.02299755285584264,70.0,70.0,50.0,-20.0,20.0,160.0,20.0,20.0,110.0,40.0,40.0,160.0,70.0,70.0,130.0,70.0,70.0,340.0,475.0,15.811388300841896,378,378000.0,0.8237270712852478,0.7961611571923766,-0.027565914092871235,0.027565914092871235,0.03346486361054104,medium,-0.12014172123609512
E09B-2,sample_001536,samples/sample_001536.npz,sample_001536_prediction.npz,0.0014368826523423195,0.0032544611021876335,0.7649037422304278,0.2839756592292089,0.4423380726698262,280,986,3.5214285714285714,223.28286409378052,543.2015568636928,2.4327955442005793,0.7974388003349304,0.8431143637214388,0.8905636072158813,0.002475884752787546,0.0014339148153891912,0.0019685246852578294,2.25517840565346,2.25517840565346,40.0,80.0,40.0,70.0,100.0,455.0,380.0,0.0019719193612792773,0.044406298666735074,0.017309971869182924,1.2620194809055059,0.9927250699441529,0.29936378885411685,0.017309971869182924,0.04089357205194201,40.0,40.0,20.0,-20.0,20.0,110.0,30.0,30.0,90.0,50.0,50.0,200.0,130.0,130.0,190.0,90.0,90.0,430.0,375.0,25.495097567963924,280,280000.0,0.7974388003349304,0.8431143637214388,0.045675563386508355,0.045675563386508355,0.05727782917927278,medium,2.25517840565346
E09B-2,sample_000503,samples/sample_000503.npz,sample_000503_prediction.npz,0.0008254987187683582,0.0023052049800753593,0.6162051471296003,0.144,0.2517482517482518,90,625,6.944444444444445,83.0135428905487,274.5466276614902,3.3072510593057465,0.9223726987838745,0.7274959637059106,0.7759768962860107,0.03871236042459276,0.0007907804829207215,0.004574625227605218,1.8589592602405816,1.8589592602405816,70.0,90.0,20.0,90.0,50.0,415.0,505.0,0.0004500960737148886,0.02121546779392075,0.009602384650354146,2.0733363365290627,0.995118737385026,0.12127028394622252,0.009602384650354146,0.018917988337598998,70.0,20.0,60.0,-10.0,10.0,110.0,20.0,20.0,50.0,30.0,30.0,190.0,100.0,100.0,140.0,90.0,90.0,425.0,490.0,18.027756377319946,90,90000.0,0.9223726987838745,0.7274959637059106,-0.19487673507796388,0.19487673507796388,0.2112776487583642,small,1.8589592602405816
E09B-2,sample_001208,samples/sample_001208.npz,sample_001208_prediction.npz,0.0005749650881625712,0.0020504083950072527,0.7902646825947142,0.2393617021276596,0.38626609442060084,180,752,4.177777777777778,107.92141556739807,307.94406995317496,2.853410218297782,0.5995634198188782,0.7090717511044609,0.8072336912155151,0.01678520324876514,0.0005452288158635765,0.0008593061740686434,0.3678546953730546,0.3678546953730546,20.0,70.0,50.0,40.0,90.0,250.0,475.0,0.001105007631497804,0.033241655065562,0.011257959180702949,1.4294318976562363,0.979711043681507,0.25828043559374775,0.011257959180702949,0.03127724390964508,20.0,50.0,0.0,-20.0,20.0,100.0,30.0,30.0,100.0,50.0,50.0,210.0,170.0,170.0,180.0,90.0,90.0,195.0,480.0,55.226805085936306,180,180000.0,0.5995634198188782,0.7090717511044609,0.10950833128558268,0.10950833128558268,0.18264678542040474,small,0.3678546953730546
E09B-2,sample_000155,samples/sample_000155.npz,sample_000155_prediction.npz,0.0006120187463238835,0.0022998678032308817,0.7235919357217957,0.2959309494451295,0.45670789724072314,240,811,3.379166666666667,82.30671644210815,308.0863985518328,3.7431501567497314,0.3429446518421173,0.4994482065240542,0.6505781412124634,0.03529055661839693,0.0005271471575258955,0.0017012012068147785,-0.4266113234784825,0.4266113234784825,70.0,110.0,40.0,60.0,100.0,340.0,440.0,0.0005210282584347308,0.022826043424884892,0.01144038286511673,2.5139725963628536,0.9890436825715034,0.11596616939078777,0.01144038286511673,0.019752111237391165,70.0,40.0,70.0,0.0,0.0,120.0,10.0,10.0,50.0,10.0,10.0,170.0,110.0,110.0,180.0,80.0,80.0,355.0,420.0,25.0,240,240000.0,0.3429446518421173,0.4994482065240542,0.15650355468193689,0.15650355468193689,0.4563522243058247,medium,-0.4266113234784825
E09B-2,sample_000172,samples/sample_000172.npz,sample_000172_prediction.npz,0.00026935749338008463,0.0013652319321408868,0.7131038593383096,0.23414634146341465,0.3794466403162055,144,615,4.270833333333333,66.12655019760132,192.72970874558516,2.914558648071985,0.45921215415000916,0.43574866238567567,0.5039987564086914,0.0014305869780605453,0.00026765397526947013,0.003381620205680568,0.9097551495801497,0.9097551495801497,60.0,80.0,20.0,90.0,80.0,445.0,390.0,0.00022260815093854506,0.0149200586774498,0.006697152344451003,1.6526989972733455,0.9901817782526068,0.08002675468642897,0.006697152344451003,0.013332527945358282,60.0,20.0,50.0,-10.0,10.0,90.0,10.0,10.0,40.0,20.0,20.0,170.0,80.0,80.0,170.0,90.0,90.0,435.0,375.0,18.027756377319946,144,144000.0,0.45921215415000916,0.43574866238567567,-0.02346349176433349,0.02346349176433349,0.05109510180052585,small,0.9097551495801497
E09B-2,sample_000676,samples/sample_000676.npz,sample_000676_prediction.npz,0.0005651796236634254,0.0025304974988102913,0.5270039504399544,0.19514661274014156,0.32656514382402707,196,986,5.030612244897959,93.86811804771423,278.43828183656854,2.9662710580288314,0.47891896963119507,0.3151744723852192,0.43588751554489136,0.034251569190137165,0.0004978810476507053,0.0013319484399423557,-9.892123577963986,9.892123577963986,80.0,150.0,70.0,70.0,40.0,265.0,450.0,0.00029228871303338454,0.01709645322964341,0.00901359374059757,2.0209780565177202,0.9965864958445912,0.08150825792632421,0.00901359374059757,0.014527348034408923,80.0,70.0,70.0,-10.0,10.0,160.0,10.0,10.0,90.0,20.0,20.0,190.0,120.0,120.0,140.0,100.0,100.0,275.0,440.0,14.142135623730951,196,196000.0,0.47891896963119507,0.3151744723852192,-0.1637444972459759,0.1637444972459759,0.3419043880681359,medium,-9.892123577963986
E09B-2,sample_000167,samples/sample_000167.npz,sample_000167_prediction.npz,0.000382776721380651,0.002209513681009412,0.7348531626673658,0.3618421052631579,0.5314009661835749,385,1064,2.7636363636363637,162.68452391028404,302.0066031672081,1.8563941787957425,0.42255720496177673,0.32141179752040216,0.3874121904373169,0.012366611613301439,0.0003356584278143156,0.0006666537199922848,-4.728782149412837,4.728782149412837,80.0,150.0,70.0,50.0,110.0,445.0,445.0,0.0001510062121577696,0.012288458493959672,0.006611517840174391,0.8549731790069218,0.9983863980250897,0.054544983893671406,0.006611517840174391,0.010358283835019457,80.0,70.0,70.0,-10.0,10.0,160.0,10.0,10.0,90.0,20.0,20.0,170.0,120.0,120.0,180.0,70.0,70.0,445.0,440.0,5.0,385,385000.0,0.42255720496177673,0.32141179752040216,-0.10114540744137457,0.10114540744137457,0.23936500491223167,medium,-4.728782149412837
E09B-2,sample_000352,samples/sample_000352.npz,sample_000352_prediction.npz,0.0005715396837331355,0.002348736161366105,0.9127185065424144,0.5814977973568282,0.7353760445682451,792,1362,1.7196969696969697,481.7146625518799,665.174519912008,1.3808475672885914,0.6082255840301514,0.5967795799175898,0.7547277212142944,0.003884048863512218,0.0005446351940951505,0.0006089479992483219,-2.446135640653253,2.446135640653253,40.0,120.0,80.0,90.0,110.0,345.0,285.0,0.0007115555278306734,0.026674998178644237,0.009851478903210904,0.44622314360658977,0.998043323130607,0.20248830635689008,0.009851478903210904,0.02478918899944619,40.0,80.0,20.0,-20.0,20.0,140.0,20.0,20.0,120.0,40.0,40.0,130.0,40.0,40.0,120.0,10.0,10.0,335.0,290.0,11.180339887498949,792,792000.0,0.6082255840301514,0.5967795799175898,-0.01144600411256158,0.01144600411256158,0.01881868243147459,large,-2.446135640653253
E09B-2,sample_001467,samples/sample_001467.npz,sample_001467_prediction.npz,0.0008310398552566767,0.0028379829600453377,0.8606972575514193,0.47257383966244726,0.6418338108882522,560,1185,2.1160714285714284,347.71613597869873,584.6400218206331,1.6813715595195975,0.6209216713905334,0.646374316087791,0.8044533729553223,0.013113742775750361,0.0007606692056692159,0.0003669703368394316,-3.4787352651607932,3.4787352651607932,70.0,150.0,80.0,50.0,140.0,355.0,200.0,0.0004922517099962277,0.022186746268802637,0.011556508278773383,0.6975116447868877,0.9996859297822108,0.11352964380350705,0.011556508278773383,0.01893934598656643,70.0,80.0,60.0,-10.0,10.0,160.0,10.0,10.0,100.0,20.0,20.0,150.0,100.0,100.0,200.0,60.0,60.0,345.0,190.0,14.142135623730951,560,560000.0,0.6209216713905334,0.646374316087791,0.025452644697257498,0.025452644697257498,0.040991715815389636,medium,-3.4787352651607932
E09B-2,sample_002010,samples/sample_002010.npz,sample_002010_prediction.npz,0.0014274712884798646,0.0038115179631859064,0.6347081771062886,0.15627906976744185,0.27031375703942073,168,1075,6.398809523809524,156.31246948242188,464.98531142197737,2.974716687425038,0.9304313659667969,0.733959249442532,0.8081901669502258,0.04015061649974311,0.0013611808970884435,0.006028598648237026,0.9565176050278694,0.9565176050278694,80.0,100.0,20.0,60.0,140.0,170.0,470.0,0.0009179761230524037,0.03029812078417412,0.015077290030676949,1.8232421313638139,0.9953096807137686,0.1498495801321118,0.015077290030676949,0.026280248255738627,80.0,20.0,60.0,-20.0,20.0,130.0,30.0,30.0,70.0,50.0,50.0,170.0,110.0,110.0,220.0,80.0,80.0,195.0,460.0,26.92582403567252,168,168000.0,0.9304313659667969,0.733959249442532,-0.19647211652426488,0.19647211652426488,0.2111623959711566,small,0.9565176050278694
E09B-2,sample_002098,samples/sample_002098.npz,sample_002098_prediction.npz,0.0008682864718139172,0.0035179888363927603,0.855570721121427,0.46075085324232085,0.6308411214953271,810,1758,2.1703703703703705,470.3172558546066,730.9030751887702,1.554063913433618,0.580638587474823,0.5330219245251314,0.7425180673599243,0.0052065454268827565,0.0008322433153132339,0.0014196617358255446,4.620204972527915,4.620204972527915,40.0,100.0,60.0,150.0,90.0,325.0,305.0,0.0008708172384883922,0.029509612645515906,0.013586728962937866,0.47936280153767324,0.9977126550570913,0.17583813581782926,0.013586728962937866,0.026195763676137743,40.0,60.0,20.0,-20.0,20.0,140.0,40.0,40.0,120.0,60.0,60.0,220.0,70.0,70.0,160.0,70.0,70.0,300.0,310.0,25.495097567963924,810,810000.0,0.580638587474823,0.5330219245251314,-0.04761666294969158,0.04761666294969158,0.08200740353267734,large,4.620204972527915
E09B-2,sample_001451,samples/sample_001451.npz,sample_001451_prediction.npz,0.0002857981889974326,0.0017078639939427376,0.8089238644567187,0.5006657789613849,0.6672582076308784,392,735,1.875,94.30146908760071,242.4995496211142,2.571535225987263,0.2405649721622467,0.34188901789828524,0.5856114029884338,0.032586676570350165,0.0001564785401785831,0.0022632712377303457,-6.347783219133227,6.347783219133227,20.0,90.0,70.0,80.0,70.0,390.0,335.0,0.0005663586059801415,0.023798289980167513,0.008487517009919815,1.378765017295501,0.984795228594289,0.19034790259720347,0.008487517009919815,0.02223332321058782,20.0,70.0,20.0,0.0,0.0,90.0,0.0,0.0,70.0,0.0,0.0,250.0,170.0,170.0,210.0,140.0,140.0,325.0,335.0,65.0,392,392000.0,0.2405649721622467,0.34188901789828524,0.10132404573603854,0.10132404573603854,0.4211920165488661,medium,-6.347783219133227
E09B-2,sample_000316,samples/sample_000316.npz,sample_000316_prediction.npz,0.00027166548534296453,0.001373707433231175,0.7084041742744015,0.16563146997929606,0.2841918294849023,80,483,6.0375,23.076975345611572,157.61152900683493,6.829817454253471,0.28846219182014465,0.5276457408443094,0.7377320528030396,0.07723587877551215,0.00020898084408789582,0.0027521319812640367,-1.9538602707215773,1.9538602707215773,20.0,60.0,40.0,50.0,40.0,475.0,350.0,0.0005186771249951091,0.022774484077473834,0.007790029142876969,3.9069311912904543,0.9331793284710457,0.18719173998960004,0.007790029142876969,0.021400760989932967,20.0,40.0,20.0,0.0,0.0,70.0,10.0,10.0,50.0,10.0,10.0,240.0,190.0,190.0,230.0,190.0,190.0,430.0,375.0,51.478150704935004,80,80000.0,0.28846219182014465,0.5276457408443094,0.23918354902416472,0.23918354902416472,0.8291677585716154,small,-1.9538602707215773
E09B-2,sample_001723,samples/sample_001723.npz,sample_001723_prediction.npz,0.0005681035690940917,0.0022501915227621794,0.8378444233913575,0.38626609442060084,0.5572755417956656,360,932,2.588888888888889,184.5861268043518,405.0492368650632,2.194364462148267,0.5127392411231995,0.5928273967570729,0.6953212022781372,0.00903935365573637,0.0005369668934000734,0.0010359611920361356,-0.5721079706292613,0.5721079706292613,30.0,90.0,60.0,50.0,120.0,255.0,300.0,0.0011997166323197785,0.034636925849731215,0.012152866247336247,1.1700961267206382,0.9982602418817034,0.2818603987628776,0.012152866247336247,0.03243492676566626,30.0,60.0,0.0,-30.0,30.0,120.0,30.0,30.0,120.0,60.0,60.0,170.0,120.0,120.0,180.0,60.0,60.0,245.0,300.0,10.0,360,360000.0,0.5127392411231995,0.5928273967570729,0.08008815563387339,0.08008815563387339,0.15619665750261943,medium,-0.5721079706292613
E09B-2,sample_001111,samples/sample_001111.npz,sample_001111_prediction.npz,0.0015501381130889058,0.0035188726615160704,0.7956819237298421,0.33980582524271846,0.5072463768115942,385,1133,2.942857142857143,306.5526646375656,648.4084397484663,2.1151616493533782,0.7962406873703003,0.8273887914496583,0.8909173011779785,0.002164965777137298,0.001547720651353584,0.0013252372263531246,1.1579385728423688,1.1579385728423688,40.0,90.0,50.0,70.0,110.0,375.0,255.0,0.0021079054268926746,0.045911931204129,0.018476666095313513,1.0195860868398836,0.9949864072258093,0.3055216863140675,0.018476666095313513,0.042029968318986,40.0,50.0,20.0,-20.0,20.0,120.0,30.0,30.0,100.0,50.0,50.0,200.0,130.0,130.0,170.0,60.0,60.0,360.0,235.0,25.0,385,385000.0,0.7962406873703003,0.8273887914496583,0.031148104079357974,0.031148104079357974,0.03911895557890803,medium,1.1579385728423688
E09B-2,sample_000562,samples/sample_000562.npz,sample_000562_prediction.npz,0.0004242803843226284,0.0017741498304530978,0.6997820582165488,0.2524271844660194,0.40310077519379844,156,618,3.9615384615384617,97.30296850204468,229.8668921339711,2.362383138692637,0.6237369775772095,0.48962768262777573,0.5694890022277832,0.019557479073461195,0.0003938693312336062,0.0022946055908559843,-1.6319464171235651,1.6319464171235651,50.0,80.0,30.0,40.0,130.0,490.0,495.0,0.0003124862210229381,0.017677279797042814,0.00699802119669169,1.2603134537867817,0.9933333325496759,0.10735646961275974,0.00699802119669169,0.016233111850584653,50.0,30.0,30.0,-20.0,20.0,90.0,10.0,10.0,60.0,30.0,30.0,100.0,60.0,60.0,210.0,80.0,80.0,480.0,475.0,22.360679774997898,156,156000.0,0.6237369775772095,0.48962768262777573,-0.13410929494943374,0.13410929494943374,0.21500937056891578,small,-1.6319464171235651
E09B-2,sample_002168,samples/sample_002168.npz,sample_002168_prediction.npz,0.0007789544761180878,0.002444503828883171,0.6232959245082527,0.12222222222222222,0.21782178217821782,88,720,8.181818181818182,75.48128128051758,294.5947654065104,3.902885065128698,0.8577418327331543,0.7373382604934953,0.8043951392173767,0.015948452051217685,0.000765362878143504,0.006102549764514632,3.549641097619457,3.549641097619457,30.0,50.0,20.0,110.0,40.0,415.0,420.0,0.00128125537387942,0.03579462772371603,0.01246699772068722,2.171073896528601,0.9832900428440825,0.2835162521229809,0.01246699772068722,0.03355338048113483,30.0,20.0,20.0,-10.0,10.0,80.0,30.0,30.0,60.0,40.0,40.0,240.0,130.0,130.0,210.0,170.0,170.0,390.0,435.0,29.154759474226502,88,88000.0,0.8577418327331543,0.7373382604934953,-0.12040357223965903,0.12040357223965903,0.14037274112654466,small,3.549641097619457
E09B-2,sample_001196,samples/sample_001196.npz,sample_001196_prediction.npz,0.0006343445274978876,0.0017797177424654365,0.6576610673127743,0.18672199170124482,0.3146853146853147,90,482,5.355555555555555,88.26255083084106,208.55787385381961,2.362925973593599,0.9806950092315674,0.6770392331812117,0.7464450001716614,0.09308989775449351,0.0005496213262984877,0.003970088672508949,-0.23214480111241187,0.23214480111241187,50.0,80.0,30.0,60.0,50.0,110.0,525.0,0.00032163286927677445,0.01793412582973518,0.006135316935654568,1.3219481765634633,0.9995739458490116,0.1482699266052267,0.006135316935654568,0.016852025260360982,50.0,30.0,30.0,-20.0,20.0,110.0,30.0,30.0,80.0,50.0,50.0,130.0,70.0,70.0,120.0,70.0,70.0,95.0,520.0,15.811388300841896,90,90000.0,0.9806950092315674,0.6770392331812117,-0.30365577605035565,0.30365577605035565,0.30963324294704825,small,-0.23214480111241187
E09B-2,sample_001899,samples/sample_001899.npz,sample_001899_prediction.npz,0.000519246852491051,0.0025703338906168938,0.786144476759384,0.38403990024937656,0.554954954954955,462,1203,2.603896103896104,150.69104826450348,391.83834191741016,2.6002761705501447,0.3261711001396179,0.4102755999474814,0.6358264088630676,0.016506638288101127,0.000443755981561942,0.0022351568641473993,-1.2186890518950406,1.2186890518950406,80.0,110.0,30.0,110.0,140.0,165.0,350.0,0.0005098882546405139,0.022580705361890576,0.011943565097313619,1.5103271235752334,0.9959137500490107,0.10066528409689751,0.011943565097313619,0.019163494133553668,80.0,30.0,70.0,-10.0,10.0,130.0,20.0,20.0,60.0,30.0,30.0,210.0,100.0,100.0,210.0,70.0,70.0,185.0,335.0,25.0,462,462000.0,0.3261711001396179,0.4102755999474814,0.0841044998078635,0.0841044998078635,0.2578539293391182,medium,-1.2186890518950406
E09B-2,sample_000775,samples/sample_000775.npz,sample_000775_prediction.npz,0.0006749408785253763,0.002600056817755103,0.8233878270891699,0.6056475170399221,0.7543966040024257,640,1009,1.5765625,211.01202011108398,418.09446021379443,1.9813774589414155,0.3297062814235687,0.44067179591511374,0.763725757598877,0.04588549434704952,0.0003786724999974899,0.001342340284649155,-4.345042450584188,4.345042450584188,60.0,140.0,80.0,160.0,50.0,440.0,325.0,0.0004240496424831589,0.020592465672744458,0.010387997785480142,0.9876879662583251,0.99938092070116,0.10622941749879139,0.010387997785480142,0.017780302148501827,60.0,80.0,60.0,0.0,0.0,140.0,0.0,0.0,80.0,0.0,0.0,250.0,90.0,90.0,110.0,60.0,60.0,435.0,315.0,11.180339887498949,640,640000.0,0.3297062814235687,0.44067179591511374,0.11096551449154501,0.11096551449154501,0.33655869100349134,large,-4.345042450584188
E09B-2,sample_001971,samples/sample_001971.npz,sample_001971_prediction.npz,0.001047140103764832,0.003000858938321471,0.6327961855994074,0.18845700824499412,0.31714568880079286,160,849,5.30625,147.76297569274902,339.572922240284,2.298092067030208,0.9235185980796814,0.601060856692493,0.7153130769729614,0.10802403181380307,0.0008727403285790841,0.00876408914843195,2.432564719093463,2.432564719093463,50.0,70.0,20.0,160.0,50.0,240.0,195.0,0.0006237549125460582,0.024975085836610414,0.010323256591478544,1.1509335512860321,0.994848393936932,0.15292457735951764,0.010323256591478544,0.022741708068932574,50.0,20.0,30.0,-20.0,20.0,110.0,40.0,40.0,80.0,60.0,60.0,240.0,80.0,80.0,120.0,70.0,70.0,220.0,170.0,32.01562118716424,160,160000.0,0.9235185980796814,0.601060856692493,-0.3224577413871884,0.3224577413871884,0.34916215229199604,small,2.432564719093463
E09B-2,sample_002064,samples/sample_002064.npz,sample_002064_prediction.npz,0.001311599276959896,0.005454869940876961,0.7895349452620106,0.37281553398058254,0.5431400282885431,768,2060,2.6822916666666665,498.9137878417969,781.7914656772857,1.566987092217199,0.6496273279190063,0.4848523625017454,0.6925840377807617,0.03130797542179085,0.0010754073099014713,0.0021889936561028224,2.5949098674866065,2.5949098674866065,80.0,120.0,40.0,160.0,120.0,170.0,440.0,0.0005321251704919784,0.02306783844429249,0.012900562609417743,0.49526034788633116,0.9945513716240633,0.09759763875602445,0.012900562609417743,0.019123301358616698,80.0,40.0,60.0,-20.0,20.0,160.0,40.0,40.0,100.0,60.0,60.0,310.0,150.0,150.0,280.0,160.0,160.0,155.0,490.0,52.20153254455275,768,768000.0,0.6496273279190063,0.4848523625017454,-0.16477496541726094,0.16477496541726094,0.2536453722553442,large,2.5949098674866065
E09B-2,sample_001548,samples/sample_001548.npz,sample_001548_prediction.npz,0.0007691136561334133,0.0025370523799210787,0.8465618092449749,0.37464522232734154,0.5450791465932553,396,1057,2.669191919191919,281.8826107978821,507.172561565585,1.799233234465968,0.7118247747421265,0.6956985808081098,0.8274636268615723,0.0029132365641432434,0.0007604415393968419,0.0018757666962719102,1.7915114350061998,1.7915114350061998,50.0,90.0,40.0,90.0,110.0,455.0,335.0,0.0007587739339416243,0.027545851483329106,0.011863396352898138,0.7276017871820247,0.998654099119684,0.16833455272768316,0.011863396352898138,0.024860284811636157,50.0,40.0,30.0,-20.0,20.0,120.0,30.0,30.0,90.0,50.0,50.0,160.0,70.0,70.0,170.0,60.0,60.0,430.0,315.0,32.01562118716424,396,396000.0,0.7118247747421265,0.6956985808081098,-0.016126193934016708,0.016126193934016708,0.02265472417682956,medium,1.7915114350061998
E09B-2,sample_000381,samples/sample_000381.npz,sample_000381_prediction.npz,0.00031909215613268316,0.002343747764825821,0.81827843267013,0.5008347245409015,0.6674082313681868,600,1198,1.9966666666666666,171.90202474594116,372.97388923324576,2.169688750231269,0.2865033745765686,0.3225081145763397,0.5085470080375671,0.009767598622371997,0.00026106890228197503,0.0012127950972544903,-0.625294151063919,0.625294151063919,30.0,70.0,40.0,100.0,150.0,440.0,425.0,0.0006353445339808301,0.02520604161666068,0.01125975809013125,0.898649052344504,0.9762967523247273,0.1087491729560216,0.01125975809013125,0.022551327715514973,30.0,40.0,20.0,-10.0,10.0,80.0,10.0,10.0,60.0,20.0,20.0,230.0,130.0,130.0,320.0,170.0,170.0,415.0,420.0,25.495097567963924,600,600000.0,0.2865033745765686,0.3225081145763397,0.03600473999977111,0.03600473999977111,0.12566951454929118,medium,-0.625294151063919
E09B-2,sample_000114,samples/sample_000114.npz,sample_000114_prediction.npz,0.0016428534872829914,0.00536605529487133,0.7227807732172863,0.2546419098143236,0.4059196617336152,480,1885,3.9270833333333335,322.79139518737793,774.2567997343152,2.3986289946944375,0.6724820733070374,0.6043202789500356,0.8025256395339966,0.011570748351410625,0.0015941393097507635,0.0077352795313662785,3.0424482550460397,3.0424482550460397,80.0,100.0,20.0,150.0,160.0,485.0,350.0,0.0016835471604016862,0.041031051173491595,0.021924225659457043,1.280604883270286,0.9982170342188958,0.1791454752894256,0.021924225659457043,0.03468249543552038,80.0,20.0,60.0,-20.0,20.0,140.0,40.0,40.0,80.0,60.0,60.0,240.0,90.0,90.0,220.0,60.0,60.0,500.0,340.0,18.027756377319946,480,480000.0,0.6724820733070374,0.6043202789500356,-0.06816179435700176,0.06816179435700176,0.10135852993345282,medium,3.0424482550460397
E09B-2,sample_000761,samples/sample_000761.npz,sample_000761_prediction.npz,0.0007042585057206452,0.0019959297496825457,0.8074081568466839,0.3596330275229358,0.5290148448043185,196,545,2.7806122448979593,195.83123445510864,280.9010199525066,1.434403560464196,0.9991389513015747,0.71562339517535,0.8129196166992188,0.08271012450767988,0.0005404273588831098,0.000859110368216839,-4.294162695806207,4.294162695806207,50.0,120.0,70.0,70.0,40.0,155.0,200.0,0.00015645760955408026,0.012508301625483784,0.004436675345205983,0.5200143752777174,0.9987736329803903,0.11612995786260882,0.004436675345205983,0.01169502122423562,50.0,70.0,30.0,-20.0,20.0,140.0,20.0,20.0,110.0,40.0,40.0,170.0,100.0,100.0,100.0,60.0,60.0,155.0,180.0,20.0,196,196000.0,0.9991389513015747,0.71562339517535,-0.2835155561262247,0.2835155561262247,0.28375988720777023,medium,-4.294162695806207
E09B-2,sample_001580,samples/sample_001580.npz,sample_001580_prediction.npz,0.000570897595025599,0.0017075290670618415,0.9182068819318908,0.584652862362972,0.7378939277478862,480,821,1.7104166666666667,401.34976387023926,515.6150625204054,1.2847025436075985,0.8361453413963318,0.7860137360170484,0.9173954725265503,0.008159304934648995,0.0005336630471393596,0.0006315262012374765,-2.5210917015589445,2.5210917015589445,40.0,120.0,80.0,120.0,50.0,500.0,525.0,0.00030537027132920196,0.017474846818476032,0.005853883401412016,0.3452999535932713,0.9983900214721293,0.14815146741159768,0.005853883401412016,0.016465185102265772,40.0,80.0,20.0,-20.0,20.0,140.0,20.0,20.0,120.0,40.0,40.0,170.0,50.0,50.0,90.0,40.0,40.0,475.0,515.0,26.92582403567252,480,480000.0,0.8361453413963318,0.7860137360170484,-0.050131605379283406,0.050131605379283406,0.05995561165905138,medium,-2.5210917015589445
E09B-2,sample_001591,samples/sample_001591.npz,sample_001591_prediction.npz,0.0006223652162589133,0.003272653790190816,0.8771627740445137,0.7477797513321492,0.8556910569105691,1320,1632,1.2363636363636363,381.7951512336731,613.5694394258634,1.6070645146835185,0.28923875093460083,0.36870388299452533,0.6562462449073792,0.02873320562606331,0.00023976283380756263,0.0010138677487687125,-5.500986285268539,5.500986285268539,70.0,150.0,80.0,110.0,150.0,395.0,325.0,0.0004577997009567098,0.021396254367452024,0.011608393488282007,0.6309721004475298,0.9993676380142975,0.09598374825843131,0.011608393488282007,0.017973449907514188,70.0,80.0,60.0,-10.0,10.0,160.0,10.0,10.0,100.0,20.0,20.0,200.0,90.0,90.0,210.0,60.0,60.0,400.0,315.0,11.180339887498949,1320,1320000.0,0.28923875093460083,0.36870388299452533,0.0794651320599245,0.0794651320599245,0.27473888544724145,large,-5.500986285268539
E09B-2,sample_000709,samples/sample_000709.npz,sample_000709_prediction.npz,0.0015502992318943143,0.003956282045692205,0.6270630511572994,0.16498625114573787,0.2832415420928403,180,1091,6.061111111111111,170.6106162071228,476.93841936871445,2.795479144097967,0.9478367567062378,0.7184185402260886,0.8215196132659912,0.05543433414289935,0.00145145372154247,0.003802881086442455,1.268421016687057,1.268421016687057,80.0,110.0,30.0,120.0,50.0,480.0,315.0,0.0008712638744978753,0.029517179311341308,0.0148806408547082,1.6728899429700492,0.9977705450137062,0.15126101395547442,0.0148806408547082,0.025491771265470444,80.0,30.0,60.0,-20.0,20.0,140.0,30.0,30.0,80.0,50.0,50.0,220.0,100.0,100.0,140.0,90.0,90.0,500.0,300.0,25.0,180,180000.0,0.9478367567062378,0.7184185402260886,-0.22941821648014915,0.22941821648014915,0.24204401745020376,small,1.268421016687057
E09B-2,sample_000703,samples/sample_000703.npz,sample_000703_prediction.npz,0.00034167515696026385,0.0016805938212201,0.921362921049436,0.6265060240963856,0.7703703703703704,520,830,1.5961538461538463,243.65123629570007,401.7173213246845,1.6487391052559743,0.4685600697994232,0.5618206754040259,0.7588896751403809,0.015899903276392725,0.00025893894901141736,0.0005089831653432379,1.0586394728825468,1.0586394728825468,30.0,110.0,80.0,130.0,50.0,465.0,415.0,0.0004821000949191263,0.021956777881080965,0.008274388992830447,0.6348731772412626,0.9978753802080601,0.17181391854343914,0.008274388992830447,0.020338008302546555,30.0,80.0,0.0,-30.0,30.0,140.0,30.0,30.0,140.0,60.0,60.0,190.0,60.0,60.0,70.0,20.0,20.0,445.0,415.0,20.0,520,520000.0,0.4685600697994232,0.5618206754040259,0.0932606056046027,0.0932606056046027,0.19903660515614321,medium,1.0586394728825468
E09B-2,sample_001400,samples/sample_001400.npz,sample_001400_prediction.npz,0.000586682406719774,0.0034018743317574263,0.676917804016648,0.17285714285714285,0.29476248477466505,242,1400,5.785123966942149,134.1245481967926,410.93881086087333,3.0638597958811267,0.5542336702346802,0.4352180007075475,0.5190041661262512,0.017437777126882156,0.0005450968178919368,0.004395530617712969,0.14562160288843984,0.14562160288843984,30.0,50.0,20.0,110.0,110.0,425.0,365.0,0.0011607662877980986,0.0340700203668577,0.015941006268954484,1.3013402345537857,0.9452756675771359,0.15158614499585998,0.015941006268954484,0.03011063943079344,30.0,20.0,20.0,-10.0,10.0,70.0,20.0,20.0,50.0,30.0,30.0,340.0,230.0,230.0,450.0,340.0,340.0,370.0,385.0,58.52349955359813,242,242000.0,0.5542336702346802,0.4352180007075475,-0.11901566952713266,0.11901566952713266,0.21473915411298927,medium,0.14562160288843984
E09B-2,sample_001887,samples/sample_001887.npz,sample_001887_prediction.npz,0.0005762108485214412,0.002210889244452119,0.8196775078544645,0.3755868544600939,0.5460750853242321,320,852,2.6625,185.7793426513672,373.24898965452513,2.009098451569843,0.5805604457855225,0.6022808259353042,0.7871702313423157,0.01839364071487625,0.0005180219583476014,0.0009833966168688044,-0.8637023046664041,0.8637023046664041,20.0,70.0,50.0,40.0,160.0,380.0,240.0,0.00083396061128155,0.02887837618844851,0.010711682139420186,0.817893534639215,0.9891899875870929,0.21725260286576425,0.010711682139420186,0.026818286243262757,20.0,50.0,0.0,-20.0,20.0,100.0,30.0,30.0,100.0,50.0,50.0,180.0,140.0,140.0,330.0,170.0,170.0,350.0,285.0,54.08326913195984,320,320000.0,0.5805604457855225,0.6022808259353042,0.021720380149781726,0.021720380149781726,0.03741277985342792,medium,-0.8637023046664041
E09B-2,sample_001331,samples/sample_001331.npz,sample_001331_prediction.npz,0.000332576222717762,0.0030844463035464287,0.45529001534571834,0.09113504556752279,0.16704631738800305,110,1207,10.972727272727273,28.615364134311676,329.8932583321737,11.528536096334706,0.26013967394828796,0.2779165551066399,0.3898094892501831,0.0021008635198526745,0.00033059527981308713,0.00048768405370659484,1.1523245908460638,1.1523245908460638,20.0,40.0,20.0,50.0,110.0,375.0,195.0,0.0009143632681008698,0.030238440239219844,0.0175233435929371,4.0059311594402685,0.685542059150195,0.10810592837786048,0.0175233435929371,0.024643370252965403,20.0,20.0,20.0,0.0,0.0,50.0,10.0,10.0,30.0,10.0,10.0,430.0,380.0,380.0,510.0,400.0,400.0,425.0,255.0,78.10249675906654,110,110000.0,0.26013967394828796,0.2779165551066399,0.01777688115835191,0.01777688115835191,0.06833590927728193,small,1.1523245908460638
E09B-2,sample_001596,samples/sample_001596.npz,sample_001596_prediction.npz,0.0015276431804522872,0.004363593179732561,0.685491208148804,0.1945945945945946,0.3257918552036199,252,1295,5.138888888888889,230.43040251731873,550.8471946146568,2.390514396524808,0.9144063591957092,0.6990455102825922,0.7692465782165527,0.047666152312092994,0.0014090641640714043,0.0072322126566683985,0.26870996715324225,0.26870996715324225,80.0,100.0,20.0,140.0,90.0,390.0,355.0,0.0009840571835939439,0.03136968574267112,0.01625151021596068,1.2969419648529352,0.9973903671944574,0.1502195923220575,0.01625151021596068,0.026831802013552303,80.0,20.0,60.0,-20.0,20.0,130.0,30.0,30.0,70.0,50.0,50.0,250.0,110.0,110.0,170.0,80.0,80.0,405.0,345.0,18.027756377319946,252,252000.0,0.9144063591957092,0.6990455102825922,-0.21536084891311702,0.21536084891311702,0.23551985038964893,medium,0.26870996715324225
E09B-2,sample_002009,samples/sample_002009.npz,sample_002009_prediction.npz,0.00022553122835233808,0.0017012994503602386,0.814524594172531,0.5879541108986616,0.74051776038531,616,1045,1.6964285714285714,175.44790244102478,284.9501515295046,1.624129713521585,0.28481802344322205,0.2662512677322541,0.4902726411819458,0.008348935031598032,0.00017430674078823243,0.0018993289093743725,-2.801287928067538,2.801287928067538,80.0,120.0,40.0,140.0,110.0,360.0,135.0,0.00010079075884445785,0.010039460087298413,0.005338395544746624,0.6017632036016017,0.9970755812864567,0.043353306617330375,0.005338395544746624,0.008502487392068702,80.0,40.0,70.0,-10.0,10.0,140.0,20.0,20.0,70.0,30.0,30.0,230.0,90.0,90.0,170.0,60.0,60.0,375.0,125.0,18.027756377319946,616,616000.0,0.28481802344322205,0.2662512677322541,-0.01856675571096794,0.01856675571096794,0.06518813481854385,large,-2.801287928067538
E09B-2,sample_002116,samples/sample_002116.npz,sample_002116_prediction.npz,0.002311993157491088,0.0046394821256399155,0.8368311535432278,0.4444444444444444,0.6153846153846154,672,1512,2.25,638.236249923706,1010.2880298926116,1.5829373997690983,0.9497563242912292,0.8876816354514587,0.9680573344230652,0.005678839542885606,0.0022888193794824976,0.0008652247324764944,0.4735876196617568,0.4735876196617568,40.0,110.0,70.0,60.0,160.0,190.0,340.0,0.0021005843208753085,0.045832131969561575,0.019479961531932138,0.5684332772991791,0.9989678419465908,0.2881125351956487,0.019479961531932138,0.04148632810444607,40.0,70.0,20.0,-20.0,20.0,140.0,30.0,30.0,120.0,50.0,50.0,190.0,130.0,130.0,200.0,40.0,40.0,175.0,330.0,18.027756377319946,672,672000.0,0.9497563242912292,0.8876816354514587,-0.06207468883977052,0.06207468883977052,0.06535854224092137,large,0.4735876196617568
E09B-2,sample_000238,samples/sample_000238.npz,sample_000238_prediction.npz,0.0018351826583966613,0.004924043081700802,0.9090653659035022,0.5973333333333334,0.7479131886477463,1344,2250,1.6741071428571428,988.6517601013184,1430.9749975428454,1.4474004450224183,0.7356039881706238,0.7949323442631534,0.9425609707832336,0.010739681411668747,0.0017117539526718337,0.0005149050000264415,-0.28436729968565544,0.28436729968565544,50.0,120.0,70.0,160.0,120.0,350.0,150.0,0.002375600154980759,0.04874012879528283,0.02249433294564569,0.45380128407152004,0.9965207116732641,0.2797704357095929,0.02249433294564569,0.04323893084144424,50.0,70.0,20.0,-30.0,30.0,140.0,20.0,20.0,120.0,50.0,50.0,200.0,40.0,40.0,150.0,30.0,30.0,340.0,155.0,11.180339887498949,1344,1344000.0,0.7356039881706238,0.7949323442631534,0.05932835609252962,0.05932835609252962,0.08065257536201445,large,-0.28436729968565544
E09B-2,sample_000737,samples/sample_000737.npz,sample_000737_prediction.npz,0.0002551459183450788,0.001565307378768921,0.7833361509420468,0.3088803088803089,0.471976401179941,240,777,3.2375,93.02326440811157,231.97737123821065,2.4937565104195847,0.3875969350337982,0.407021920569241,0.5313777923583984,0.007691706453683218,0.00023694582084243744,0.0014569688523669393,-0.9277168043308421,0.9277168043308421,40.0,70.0,30.0,50.0,160.0,375.0,160.0,0.0003646360380196592,0.019095445478429122,0.007618463844719676,1.3005528188966076,0.9862632894146275,0.10922180738675863,0.007618463844719676,0.017509855700900516,40.0,30.0,30.0,-10.0,10.0,80.0,10.0,10.0,50.0,20.0,20.0,180.0,130.0,130.0,270.0,110.0,110.0,360.0,155.0,15.811388300841896,240,240000.0,0.3875969350337982,0.407021920569241,0.019424985535442807,0.019424985535442807,0.05011645805132324,medium,-0.9277168043308421
E09B-2,sample_000271,samples/sample_000271.npz,sample_000271_prediction.npz,0.0011958725517615676,0.0036741301883012056,0.7831856873604884,0.29454545454545455,0.4550561797752809,405,1375,3.3950617283950617,286.7427536845207,609.8070630270751,2.126669480540719,0.7080067992210388,0.6791353237481765,0.8001789450645447,0.006881465925624428,0.00117235179603784,0.003338080199985658,-0.9928129027741477,0.9928129027741477,80.0,110.0,30.0,90.0,150.0,365.0,435.0,0.0009708003504540025,0.031157669207660617,0.016125063482748354,1.0899944981187952,0.9990652837411822,0.1503862524574362,0.016125063482748354,0.026660507837086265,80.0,30.0,60.0,-20.0,20.0,140.0,30.0,30.0,80.0,50.0,50.0,200.0,110.0,110.0,230.0,80.0,80.0,370.0,425.0,11.180339887498949,405,405000.0,0.7080067992210388,0.6791353237481765,-0.028871475472862285,0.028871475472862285,0.040778528546091895,medium,-0.9928129027741477
E09B-2,sample_001280,samples/sample_001280.npz,sample_001280_prediction.npz,0.00033026831806637347,0.0025541794020682573,0.5964464166607365,0.19038984587488667,0.31987814166031986,210,1103,5.252380952380952,63.227905333042145,304.8834052286365,4.821975417700704,0.3010852634906769,0.29216476756901966,0.4466800391674042,0.002103993783399833,0.00032647114595116874,0.0012077507736673418,1.6898375571426456,1.6898375571426456,20.0,40.0,20.0,70.0,150.0,415.0,485.0,0.0007501142740724952,0.02738821414536726,0.01404377027775763,1.8720127893191236,0.8494190017211366,0.11523310599889494,0.01404377027775763,0.023513544829694786,20.0,20.0,20.0,0.0,0.0,50.0,10.0,10.0,30.0,10.0,10.0,460.0,390.0,390.0,390.0,240.0,240.0,410.0,445.0,40.311288741492746,210,210000.0,0.3010852634906769,0.29216476756901966,-0.008920495921657223,0.008920495921657223,0.02962780648324041,medium,1.6898375571426456
E09B-2,sample_000473,samples/sample_000473.npz,sample_000473_prediction.npz,0.0006037056446075439,0.0029986451845616102,0.9225067679596964,0.5667506297229219,0.7234726688102894,900,1588,1.7644444444444445,463.0685806274414,746.599397090084,1.612286880009152,0.5145206451416016,0.5893866046269735,0.7530762553215027,0.010991369383569085,0.0005077250409454715,0.0010538105694189023,2.2046088198915044,2.2046088198915044,50.0,90.0,40.0,150.0,150.0,445.0,245.0,0.0009805585433075035,0.0313138714199874,0.014790125116629717,0.5556057995993745,0.9983016746002632,0.16075010190636418,0.014790125116629717,0.02760091923001736,50.0,40.0,30.0,-20.0,20.0,130.0,40.0,40.0,100.0,60.0,60.0,210.0,60.0,60.0,170.0,20.0,20.0,455.0,245.0,10.0,900,900000.0,0.5145206451416016,0.5893866046269735,0.07486595948537189,0.07486595948537189,0.14550623029862675,large,2.2046088198915044
E09B-2,sample_001502,samples/sample_001502.npz,sample_001502_prediction.npz,0.0004671449714805931,0.001852329820394516,0.6754195220895316,0.3464788732394366,0.5146443514644351,252,704,2.7936507936507935,71.70944917201996,238.88667542498732,3.3313137694299515,0.28456130623817444,0.3817522776209646,0.6610462665557861,0.03481455630292866,0.00037886994326721184,0.002331535578470045,-6.712237717021438,6.712237717021438,70.0,140.0,70.0,60.0,60.0,160.0,450.0,0.0002740497431126772,0.01655444783472639,0.008084653347683721,2.342046043596813,0.9971412287712664,0.0884699481207632,0.008084653347683721,0.014446041788686047,70.0,70.0,70.0,0.0,0.0,140.0,0.0,0.0,70.0,0.0,0.0,160.0,100.0,100.0,140.0,80.0,80.0,170.0,440.0,14.142135623730951,252,252000.0,0.28456130623817444,0.3817522776209646,0.09719097138279015,0.09719097138279015,0.34154668696046275,medium,-6.712237717021438
E09B-2,sample_000960,samples/sample_000960.npz,sample_000960_prediction.npz,0.0006679492071270943,0.002843709895387292,0.8266220014915682,0.32608695652173914,0.4918032786885246,390,1196,3.066666666666667,203.0231523513794,480.3760835771116,2.3661147904240383,0.5205721855163574,0.5937970570264719,0.7223308086395264,0.008620792156906141,0.0006362723361657854,0.003753296652034671,-0.5530050122484766,0.5530050122484766,70.0,90.0,20.0,130.0,150.0,165.0,265.0,0.0008382479529693048,0.028952512032107074,0.014220030356580551,1.27999889925217,0.9980390746665065,0.13795406842085306,0.014220030356580551,0.025219807485927254,70.0,20.0,60.0,-10.0,10.0,110.0,20.0,20.0,50.0,30.0,30.0,190.0,60.0,60.0,230.0,80.0,80.0,175.0,245.0,22.360679774997898,390,390000.0,0.5205721855163574,0.5937970570264719,0.07322487151011448,0.07322487151011448,0.14066228190329158,medium,-0.5530050122484766
E09B-2,sample_001604,samples/sample_001604.npz,sample_001604_prediction.npz,0.000829008175060153,0.0023286466021090746,0.8268643340891138,0.4,0.5714285714285714,320,800,2.5,209.39214706420898,423.7713947576999,2.0238170375498976,0.6543504595756531,0.734077615570277,0.8358580470085144,0.01891588403563637,0.0007699394140259572,0.0004862530372357154,-6.289614676190951,6.289614676190951,70.0,150.0,80.0,50.0,80.0,265.0,500.0,0.00047293352256805256,0.021747034799439957,0.010341921291872088,1.1016608610768361,0.999715159656684,0.13096187626114675,0.010341921291872088,0.019130556357847394,70.0,80.0,50.0,-20.0,20.0,160.0,10.0,10.0,110.0,30.0,30.0,150.0,100.0,100.0,140.0,60.0,60.0,265.0,490.0,10.0,320,320000.0,0.6543504595756531,0.734077615570277,0.07972715599462388,0.07972715599462388,0.12184167494331251,medium,-6.289614676190951
E09B-2,sample_001049,samples/sample_001049.npz,sample_001049_prediction.npz,0.0002959412813652307,0.0017794169252738357,0.8516202795847055,0.6670341786108048,0.8002645502645502,630,882,1.4,164.42838996648788,294.1492235785705,1.7889199282345403,0.2609974443912506,0.33135666228121236,0.6365857124328613,0.026857924014414863,0.00012461575409000437,0.001971077619666917,0.34555211517012197,0.34555211517012197,50.0,110.0,60.0,70.0,150.0,215.0,405.0,0.0001818995408699134,0.013487013786228344,0.0067024129897163874,0.6905632354506064,0.9952982529277768,0.06487647206746058,0.0067024129897163874,0.011703725944552634,50.0,60.0,50.0,0.0,0.0,120.0,10.0,10.0,70.0,10.0,10.0,140.0,70.0,70.0,220.0,70.0,70.0,230.0,390.0,21.213203435596427,630,630000.0,0.2609974443912506,0.33135666228121236,0.07035921788996174,0.07035921788996174,0.26957818707408154,large,0.34555211517012197
E09B-2,sample_001954,samples/sample_001954.npz,sample_001954_prediction.npz,0.0006113245035521686,0.0022396377753466368,0.6169724201194781,0.170316301703163,0.2910602910602911,140,822,5.871428571428571,69.94698226451874,287.0868256227344,4.104348984450211,0.49962130188941956,0.5140501190509115,0.6045638918876648,0.001855508229054508,0.0006095500994796687,0.004107439835355467,0.9351334707474308,0.9351334707474308,80.0,100.0,20.0,100.0,70.0,400.0,495.0,0.0004644225485773455,0.021550465159187293,0.010667603089864277,2.830321631283174,0.9925781504297178,0.10761456582917825,0.010667603089864277,0.018724977780880375,80.0,20.0,70.0,-10.0,10.0,120.0,20.0,20.0,50.0,30.0,30.0,200.0,100.0,100.0,170.0,100.0,100.0,410.0,485.0,14.142135623730951,140,140000.0,0.49962130188941956,0.5140501190509115,0.014428817161491914,0.014428817161491914,0.02887950755287336,small,0.9351334707474308
E09B-2,sample_001051,samples/sample_001051.npz,sample_001051_prediction.npz,0.0005232769763097167,0.0018588713137432933,0.8178019440893983,0.34600262123197906,0.5141187925998053,264,763,2.890151515151515,169.32887077331543,338.67036281386373,2.00007453700704,0.64139723777771,0.6277063954057116,0.7446460723876953,0.0023166348544255396,0.0005184478096639017,0.0016029860680972308,1.8815822725377203,1.8815822725377203,40.0,80.0,40.0,110.0,60.0,165.0,520.0,0.0005391835479228704,0.023220326180372022,0.008804571872182034,0.8732237549143749,0.9931433268694336,0.15464643194970895,0.008804571872182034,0.021486345945051975,40.0,40.0,30.0,-10.0,10.0,110.0,30.0,30.0,80.0,40.0,40.0,210.0,100.0,100.0,130.0,70.0,70.0,135.0,505.0,33.54101966249684,264,264000.0,0.64139723777771,0.6277063954057116,-0.013690842371998357,0.013690842371998357,0.02134534040002089,medium,1.8815822725377203
E09B-2,sample_000519,samples/sample_000519.npz,sample_000519_prediction.npz,0.001093326136469841,0.004511349368840456,0.8736043618937415,0.5666502705361535,0.7233908948194663,1152,2033,1.7647569444444444,485.49850845336914,885.921715595508,1.8247671211550147,0.42143967747688293,0.5216821474411214,0.7852159738540649,0.025900508958657406,0.0007991698032804235,0.0007391719786820147,0.10166923082307733,0.10166923082307733,70.0,130.0,60.0,160.0,120.0,190.0,260.0,0.0012896738029731308,0.0359120286669123,0.01935015522987915,0.7847489591205247,0.9954919225407132,0.16630318682612744,0.01935015522987915,0.03025302126321785,70.0,60.0,50.0,-20.0,20.0,160.0,30.0,30.0,110.0,50.0,50.0,270.0,110.0,110.0,180.0,60.0,60.0,195.0,260.0,5.0,1152,1152000.0,0.42143967747688293,0.5216821474411214,0.10024246996423847,0.10024246996423847,0.2378572197197475,large,0.10166923082307733
E09B-2,sample_002133,samples/sample_002133.npz,sample_002133_prediction.npz,0.00047863696818239987,0.001999880885705352,0.8551922609196393,0.4876712328767123,0.6556169429097606,360,726,2.0166666666666666,119.72476601600647,305.1708042684511,2.5489363180517857,0.33256879448890686,0.5155463742920094,0.7372928857803345,0.057173026069233183,0.00027025282999616393,0.000858648817151837,0.571826184214018,0.571826184214018,20.0,80.0,60.0,120.0,50.0,250.0,245.0,0.0008931269880629297,0.029885230266185496,0.010407776810593218,1.328081912419798,0.9927315587126077,0.23560997922670274,0.010407776810593218,0.028014374344678985,20.0,60.0,0.0,-20.0,20.0,100.0,20.0,20.0,100.0,40.0,40.0,320.0,200.0,200.0,190.0,140.0,140.0,180.0,235.0,70.71067811865476,360,360000.0,0.33256879448890686,0.5155463742920094,0.18297757980310259,0.18297757980310259,0.5501946750124386,medium,0.571826184214018
E09B-2,sample_000492,samples/sample_000492.npz,sample_000492_prediction.npz,0.00015955032722558826,0.0011522333370521665,0.7260323173336722,0.44654088050314467,0.6173913043478261,336,584,1.7380952380952381,69.23460531234741,162.55473446041012,2.3478827347546076,0.20605537295341492,0.22767906365472645,0.4707985818386078,0.009215495533213163,0.00012849124187405223,0.00234425827357651,-5.235523015880837,5.235523015880837,30.0,90.0,60.0,40.0,140.0,390.0,410.0,0.0001769247031650251,0.013301304566283156,0.005258704288789789,1.2214426555424684,0.9600077440053614,0.08018062911549526,0.005258704288789789,0.012217640212745217,30.0,60.0,30.0,0.0,0.0,90.0,0.0,0.0,60.0,0.0,0.0,170.0,130.0,130.0,220.0,80.0,80.0,365.0,380.0,39.05124837953327,336,336000.0,0.20605537295341492,0.22767906365472645,0.021623690701311538,0.021623690701311538,0.10494116407340774,medium,-5.235523015880837
E09B-2,sample_000901,samples/sample_000901.npz,sample_000901_prediction.npz,0.001598271424882114,0.0038683998864144087,0.805585899361117,0.3597122302158273,0.5291005291005291,400,1112,2.78,387.03465461730957,661.0923602057408,1.7080960382201764,0.9675866365432739,0.8348097737133503,0.9031286835670471,0.019428626834697493,0.0015254230845594325,0.0019183632160939708,1.5965664774455064,1.5965664774455064,70.0,110.0,40.0,100.0,100.0,200.0,200.0,0.0007523411320401061,0.027428837599142004,0.013534761158424311,0.6567583561277862,0.9987227226231714,0.14344504373843558,0.013534761158424311,0.023856893603831045,70.0,40.0,50.0,-20.0,20.0,140.0,30.0,30.0,90.0,50.0,50.0,190.0,90.0,90.0,160.0,60.0,60.0,215.0,190.0,18.027756377319946,400,400000.0,0.9675866365432739,0.8348097737133503,-0.13277686282992363,0.13277686282992363,0.13722477948256095,medium,1.5965664774455064
E09B-2,sample_000728,samples/sample_000728.npz,sample_000728_prediction.npz,0.0005539866397157311,0.0020095552317798138,0.7990372109692134,0.3748326639892905,0.5452775073028238,280,747,2.6678571428571427,104.24670338630676,299.63727723580814,2.874309378642344,0.3723096549510956,0.5419494767274176,0.7174355387687683,0.04892677598283841,0.00041581247083403213,0.0017367282272968884,0.4337108812249255,0.4337108812249255,60.0,100.0,40.0,70.0,100.0,335.0,470.0,0.00045512570905847054,0.021333675469981037,0.010051267524859537,1.6733007728130291,0.9931071012338628,0.11299426082527611,0.010051267524859537,0.018817484693820653,60.0,40.0,50.0,-10.0,10.0,110.0,10.0,10.0,60.0,20.0,20.0,160.0,90.0,90.0,190.0,90.0,90.0,350.0,455.0,21.213203435596427,280,280000.0,0.3723096549510956,0.5419494767274176,0.16963982177632198,0.16963982177632198,0.45564174745509856,medium,0.4337108812249255
E09B-2,sample_000044,samples/sample_000044.npz,sample_000044_prediction.npz,0.0014792763395234942,0.0034462467301636934,0.8788245604703512,0.5157894736842106,0.6805555555555556,686,1330,1.9387755102040816,557.6774952411652,881.9418539436302,1.581454983336271,0.8129409551620483,0.8487676366425116,0.9278848767280579,0.004213070504590394,0.0014600647956241166,0.0004551434511312872,-1.158188188748781,1.158188188748781,70.0,140.0,70.0,70.0,140.0,275.0,260.0,0.000958347435587973,0.030957187139466873,0.016025209742076822,0.5880243545460254,0.9996716372322545,0.16531209283706771,0.016025209742076822,0.026486602052932712,70.0,70.0,50.0,-20.0,20.0,160.0,20.0,20.0,110.0,40.0,40.0,140.0,70.0,70.0,200.0,60.0,60.0,260.0,250.0,18.027756377319946,686,686000.0,0.8129409551620483,0.8487676366425116,0.03582668148046331,0.03582668148046331,0.04407045954933069,large,-1.158188188748781
E09B-2,sample_000653,samples/sample_000653.npz,sample_000653_prediction.npz,0.00035097848740406334,0.0031032869592309,0.5894480902513862,0.21621621621621623,0.35555555555555557,312,1443,4.625,65.11785006523132,369.52987266250705,5.674786134559621,0.20871105790138245,0.2416974077335535,0.31424665451049805,0.0016496029729120372,0.00034684377498221626,0.0010099096458570597,1.6957926691428504,1.6957926691428504,20.0,40.0,20.0,120.0,130.0,300.0,235.0,0.0009841470680219354,0.03137111837378348,0.017840988556625116,2.2296275471501046,0.8286798209043967,0.11463759914214322,0.017840988556625116,0.025803995724389416,20.0,20.0,20.0,0.0,0.0,50.0,10.0,10.0,30.0,10.0,10.0,440.0,320.0,320.0,510.0,380.0,380.0,290.0,255.0,22.360679774997898,312,312000.0,0.20871105790138245,0.2416974077335535,0.03298634983217105,0.03298634983217105,0.15804792598846082,medium,1.6957926691428504
E09B-2,sample_001330,samples/sample_001330.npz,sample_001330_prediction.npz,0.000927348155528307,0.003969175275415182,0.9493453762816587,0.7252747252747253,0.8407643312101911,1320,1820,1.378787878787879,743.6322569847107,1086.3631801331096,1.460887649680648,0.5633577704429626,0.6939290820536288,0.8627333045005798,0.034512633822298196,0.00047023583637763224,0.0002954246723386596,-2.15033861699051,2.15033861699051,50.0,130.0,80.0,150.0,110.0,365.0,405.0,0.00140828440545983,0.03752711560271892,0.0177013020623438,0.4753488848187978,0.9991846846937212,0.20807413046942624,0.0177013020623438,0.033090003184609904,50.0,80.0,20.0,-30.0,30.0,140.0,10.0,10.0,120.0,40.0,40.0,170.0,20.0,20.0,140.0,30.0,30.0,365.0,410.0,5.0,1320,1320000.0,0.5633577704429626,0.6939290820536288,0.13057131161066615,0.13057131161066615,0.23177333918372905,large,-2.15033861699051
E09B-2,sample_000517,samples/sample_000517.npz,sample_000517_prediction.npz,0.0004624473804142326,0.0019702028948813677,0.6652534989100346,0.2375366568914956,0.38388625592417064,162,682,4.209876543209877,96.17286157608032,245.37774693628774,2.551423997529434,0.5936596393585205,0.4563944521877501,0.6578127145767212,0.021389869250693874,0.0004279030935149423,0.004986309082613667,-0.5155508249459544,0.5155508249459544,50.0,70.0,20.0,90.0,90.0,235.0,195.0,0.00039826264418951854,0.019956518839454904,0.008095021807546716,1.3472319388542626,0.9744384506046918,0.113673045222911,0.008095021807546716,0.018240977663624872,50.0,20.0,30.0,-20.0,20.0,90.0,20.0,20.0,60.0,40.0,40.0,190.0,100.0,100.0,190.0,100.0,100.0,205.0,175.0,36.05551275463989,162,162000.0,0.5936596393585205,0.4563944521877501,-0.1372651871707704,0.1372651871707704,0.23121866145236425,small,-0.5155508249459544
E09B-2,sample_001265,samples/sample_001265.npz,sample_001265_prediction.npz,0.001279940945096314,0.004218045622110367,0.9177333715945601,0.5789775990809879,0.7333575845762095,1008,1741,1.7271825396825398,680.8959245681763,1059.4441777059865,1.5559561152872008,0.675491988658905,0.7823260589872324,0.9306067228317261,0.025769839591887916,0.0010262223461618514,0.0006320318732635841,2.303631789814716,2.303631789814716,60.0,120.0,60.0,120.0,140.0,180.0,480.0,0.0013237017382435835,0.03638271207927721,0.018069353246016866,0.5112381989120774,0.9992319964637246,0.1783128674697687,0.018069353246016866,0.031578477029683416,60.0,60.0,50.0,-10.0,10.0,140.0,20.0,20.0,90.0,30.0,30.0,180.0,60.0,60.0,170.0,30.0,30.0,160.0,485.0,20.615528128088304,1008,1008000.0,0.675491988658905,0.7823260589872324,0.10683407032832737,0.10683407032832737,0.1581574202536902,large,2.303631789814716
E09B-2,sample_001292,samples/sample_001292.npz,sample_001292_prediction.npz,0.00029001582879573107,0.0017933407798409462,0.8652316301704276,0.46674445740956827,0.6364359586316627,400,857,2.1425,147.53621816635132,312.3349780589787,2.117005450870457,0.3688405454158783,0.44319926388561726,0.6173272132873535,0.014858538246319537,0.00023049416712256522,0.0008854722516859881,0.8769325784691091,0.8769325784691091,30.0,80.0,50.0,100.0,80.0,360.0,420.0,0.0005101009495438793,0.02258541453114995,0.009143048139946059,0.903093567354106,0.9799543571749022,0.13805661438940164,0.009143048139946059,0.020652012498894826,30.0,50.0,20.0,-10.0,10.0,100.0,20.0,20.0,80.0,30.0,30.0,230.0,130.0,130.0,200.0,120.0,120.0,335.0,400.0,32.01562118716424,400,400000.0,0.3688405454158783,0.44319926388561726,0.07435871846973896,0.07435871846973896,0.201601259389467,medium,0.8769325784691091
E09B-2,sample_001298,samples/sample_001298.npz,sample_001298_prediction.npz,0.0004554934275802225,0.001885975245386362,0.7331982192448355,0.27722772277227725,0.43410852713178294,196,707,3.607142857142857,110.08473920822144,274.8586172435342,2.4967912829738252,0.5616568326950073,0.5131847675965757,0.7218396663665771,0.0045771887382290944,0.0004472590818540113,0.004993600328875383,0.605057188410214,0.605057188410214,50.0,70.0,20.0,70.0,140.0,235.0,210.0,0.00044713482446573794,0.02114556276067719,0.008914172398744835,1.2963871072264244,0.9825538253027349,0.11542217256442425,0.008914172398744835,0.01917478435110011,50.0,20.0,30.0,-20.0,20.0,90.0,20.0,20.0,60.0,40.0,40.0,190.0,120.0,120.0,220.0,80.0,80.0,235.0,180.0,30.0,196,196000.0,0.5616568326950073,0.5131847675965757,-0.048472065098431605,0.048472065098431605,0.08630192366012408,medium,0.605057188410214
E09B-2,sample_001513,samples/sample_001513.npz,sample_001513_prediction.npz,0.0006752487388439476,0.0026428999844938517,0.7453761449874056,0.2912621359223301,0.45112781954887216,300,1030,3.433333333333333,185.75980067253113,381.27096397736955,2.05249447187714,0.6191993355751038,0.5134255158901214,0.6666909456253052,0.018203540851538254,0.0006215928353847754,0.0012778070025652648,-3.129571266209595,3.129571266209595,80.0,130.0,50.0,50.0,120.0,355.0,490.0,0.00034070197394486844,0.01845811404084579,0.009446565129645583,1.047132649254052,0.9989805085923671,0.09290054059498498,0.009446565129645583,0.01585762848588125,80.0,50.0,60.0,-20.0,20.0,150.0,20.0,20.0,90.0,40.0,40.0,160.0,110.0,110.0,190.0,70.0,70.0,360.0,475.0,15.811388300841896,300,300000.0,0.6191993355751038,0.5134255158901214,-0.10577381968498234,0.10577381968498234,0.17082353550450935,medium,-3.129571266209595
E09B-2,sample_000392,samples/sample_000392.npz,sample_000392_prediction.npz,0.0013880819315090775,0.0032229546923190355,0.6506021054328452,0.22784810126582278,0.3711340206185567,180,790,4.388888888888889,178.24459075927734,392.906725557976,2.2043121975499607,0.9902477264404297,0.7064498845073912,0.7957069277763367,0.08167381576341182,0.0012408047990627366,0.002834119873755509,2.1790008685344873,2.1790008685344873,50.0,90.0,40.0,50.0,90.0,175.0,355.0,0.0007979656692773466,0.028248286129911433,0.011264812209943638,1.1233170574751266,0.9988461652798458,0.20209467157153044,0.011264812209943638,0.02590501254877232,50.0,40.0,30.0,-20.0,20.0,130.0,40.0,40.0,100.0,60.0,60.0,150.0,100.0,100.0,150.0,60.0,60.0,175.0,345.0,10.0,180,180000.0,0.9902477264404297,0.7064498845073912,-0.2837978419330385,0.2837978419330385,0.28659277305607717,small,2.1790008685344873
E09B-2,sample_001800,samples/sample_001800.npz,sample_001800_prediction.npz,0.000740777759347111,0.0030269362032413483,0.8236180778869442,0.34759358288770054,0.5158730158730159,390,1122,2.876923076923077,191.56806975603104,482.0668018105897,2.5164256361956325,0.49120017886161804,0.6059405212983107,0.7490977644920349,0.021878010999139108,0.0006565863209518862,0.0009082871601647298,1.6920462491333979,1.6920462491333979,20.0,70.0,50.0,60.0,130.0,210.0,405.0,0.0018467583763669526,0.042973926704072,0.01631627403304013,1.1513170548109573,0.9852571435616029,0.2753090569045157,0.01631627403304013,0.03975597537535324,20.0,50.0,0.0,-20.0,20.0,100.0,30.0,30.0,100.0,50.0,50.0,280.0,220.0,220.0,340.0,210.0,210.0,140.0,410.0,70.178344238091,390,390000.0,0.49120017886161804,0.6059405212983107,0.11474034243669262,0.11474034243669262,0.23359181729658432,medium,1.6920462491333979
E09B-2,sample_002073,samples/sample_002073.npz,sample_002073_prediction.npz,0.000273981160717085,0.0016930162673816085,0.692925340852977,0.41931942919868276,0.5908739365815932,385,908,2.3584415584415583,95.07418975234032,240.59584853547315,2.5306116114394834,0.24694594740867615,0.25504414116020324,0.4163910448551178,0.005543338022784226,0.00025326298737719826,0.0015286050556899292,-3.7175313208062875,3.7175313208062875,80.0,130.0,50.0,70.0,110.0,395.0,165.0,0.00017954526193597178,0.01339945006095294,0.007023643602401889,1.486029184636317,0.9964305535111706,0.061753656800500045,0.007023643602401889,0.01141112143842185,80.0,50.0,70.0,-10.0,10.0,150.0,20.0,20.0,80.0,30.0,30.0,160.0,90.0,90.0,190.0,80.0,80.0,400.0,155.0,11.180339887498949,385,385000.0,0.24694594740867615,0.25504414116020324,0.008098193751527094,0.008098193751527094,0.032793385906937846,medium,-3.7175313208062875
E09B-2,sample_000911,samples/sample_000911.npz,sample_000911_prediction.npz,0.00022820754384156317,0.0016132221790030599,0.8990324999929421,0.5980284775465499,0.748457847840987,546,913,1.6721611721611722,161.15512830018997,307.7219603270519,1.9094766860527461,0.29515591263771057,0.379477977343313,0.5733359456062317,0.0159240033700062,0.0001405430717599333,0.0007925248385177619,-1.3079434067077003,1.3079434067077003,30.0,90.0,60.0,70.0,130.0,465.0,325.0,0.0004172538171650149,0.020426791651285203,0.008065610265236155,0.8169496014900925,0.9882953087051474,0.1308232949898363,0.008065610265236155,0.01876698559210648,30.0,60.0,20.0,-10.0,10.0,100.0,10.0,10.0,80.0,20.0,20.0,170.0,100.0,100.0,200.0,70.0,70.0,425.0,310.0,42.720018726587654,546,546000.0,0.29515591263771057,0.379477977343313,0.08432206470560244,0.08432206470560244,0.2856865171767833,medium,-1.3079434067077003
E09B-2,sample_000923,samples/sample_000923.npz,sample_000923_prediction.npz,0.0005930523620918393,0.0023569418117403984,0.6233461985532338,0.20945220193340494,0.3463587921847247,195,931,4.774358974358974,79.86865639686584,303.035115160764,3.7941681860151526,0.40958285331726074,0.4361997339970026,0.5600551962852478,0.006363293761390742,0.0005815835247283626,0.002025984956630746,0.3321471954445627,0.3321471954445627,80.0,110.0,30.0,50.0,130.0,295.0,465.0,0.0004505492164963995,0.021226144645139857,0.010997194568778722,2.5860928574385675,0.9937288675039945,0.10132995206615075,0.010997194568778722,0.018155190115028357,80.0,30.0,70.0,-10.0,10.0,130.0,20.0,20.0,60.0,30.0,30.0,160.0,110.0,110.0,220.0,90.0,90.0,310.0,460.0,15.811388300841896,195,195000.0,0.40958285331726074,0.4361997339970026,0.026616880679741883,0.026616880679741883,0.06498533926449451,medium,0.3321471954445627
E09B-2,sample_000595,samples/sample_000595.npz,sample_000595_prediction.npz,0.0011894638882949948,0.0035079466179013252,0.8554988851436245,0.4682080924855491,0.6377952755905512,648,1384,2.1358024691358026,405.7768020629883,742.802047632054,1.8305680459198594,0.6261987686157227,0.6951317273908191,0.8442990779876709,0.008875749894252742,0.0011384612267682814,0.000717931978210107,2.117120286107564,2.117120286107564,40.0,100.0,60.0,120.0,90.0,190.0,245.0,0.0016542473272782802,0.040672439406535234,0.0176485396842064,0.7413559288885935,0.9969235608342983,0.22374991941590816,0.0176485396842064,0.03664391319569011,40.0,60.0,20.0,-20.0,20.0,130.0,30.0,30.0,110.0,50.0,50.0,200.0,80.0,80.0,140.0,50.0,50.0,160.0,240.0,30.4138126514911,648,648000.0,0.6261987686157227,0.6951317273908191,0.06893295877509642,0.06893295877509642,0.11008159426355928,large,2.117120286107564
E09B-2,sample_001302,samples/sample_001302.npz,sample_001302_prediction.npz,0.0006681533996015787,0.002418545773252845,0.925660575437819,0.5697674418604651,0.725925925925926,588,1032,1.7551020408163265,388.9803864955902,617.6422798454599,1.5878494168046235,0.6615312695503235,0.7730267074237875,0.9051393866539001,0.021781284480889895,0.0005411064204519374,0.0006286634782821202,0.35624452741454604,0.35624452741454604,60.0,120.0,60.0,70.0,140.0,525.0,280.0,0.0005803639966791692,0.024090745042010826,0.011158040521178027,0.574858632043637,0.9995030896840749,0.1397780805605509,0.011158040521178027,0.02135092804556557,60.0,60.0,50.0,-10.0,10.0,140.0,20.0,20.0,90.0,30.0,30.0,130.0,60.0,60.0,180.0,40.0,40.0,535.0,270.0,14.142135623730951,588,588000.0,0.6615312695503235,0.7730267074237875,0.11149543787346405,0.11149543787346405,0.16854144770700435,medium,0.35624452741454604
E09B-2,sample_001319,samples/sample_001319.npz,sample_001319_prediction.npz,0.0005451343022286892,0.0029722945764660835,0.738345165763854,0.13489208633093525,0.23771790808240886,150,1112,7.413333333333333,78.23321521282196,370.13527280521464,4.7311780782410136,0.5215547680854797,0.6399003048737844,0.7418885231018066,0.016411780816045805,0.0005208867279667123,0.0015657746742508782,-1.490065731905716,1.490065731905716,20.0,50.0,30.0,50.0,100.0,295.0,360.0,0.0012846455403532136,0.03584195223970388,0.01714401477937967,1.865530145741605,0.8998145955643081,0.18573780090979092,0.01714401477937967,0.031475836725933515,20.0,30.0,20.0,0.0,0.0,70.0,20.0,20.0,50.0,20.0,20.0,380.0,330.0,330.0,510.0,410.0,410.0,250.0,375.0,47.43416490252569,150,150000.0,0.5215547680854797,0.6399003048737844,0.11834553678830462,0.11834553678830462,0.22690912638518623,small,-1.490065731905716
E09B-2,sample_002162,samples/sample_002162.npz,sample_002162_prediction.npz,0.00013380621385294944,0.0012309980811551213,0.9049448701552569,0.6759708737864077,0.8066618392469225,560,821,1.4660714285714285,161.06433391571045,261.07512155014973,1.6209368964750308,0.2876148819923401,0.3196182384820921,0.4694436490535736,0.006527470777703542,9.717530516340831e-05,0.0005343632177503222,-0.9058738050097332,0.9058738050097332,30.0,100.0,70.0,100.0,80.0,170.0,140.0,0.00018705380419860884,0.013676761466027287,0.005243290529571257,0.562922811250799,0.990357975386237,0.089238882756944,0.005243290529571257,0.012631773771767656,30.0,70.0,20.0,-10.0,10.0,120.0,20.0,20.0,100.0,30.0,30.0,190.0,90.0,90.0,120.0,40.0,40.0,135.0,130.0,36.40054944640259,560,560000.0,0.2876148819923401,0.3196182384820921,0.032003356489752,0.032003356489752,0.11127155962188469,medium,-0.9058738050097332
E09B-2,sample_001201,samples/sample_001201.npz,sample_001201_prediction.npz,0.0004524094983935356,0.0016051046550273895,0.6531046612724191,0.15498154981549817,0.268370607028754,84,542,6.4523809523809526,47.15975260734558,204.94262892557492,4.345710433045256,0.5614256262779236,0.6252662802026385,0.6805930137634277,0.005223784176473491,0.00044832891652675326,0.00301488763076055,1.1330481580215945,1.1330481580215945,70.0,90.0,20.0,60.0,70.0,270.0,175.0,0.0003157230999079872,0.017768598704118094,0.00805867855227163,3.029010300405696,0.991732226265243,0.10404685120339946,0.00805867855227163,0.01583606011289249,70.0,20.0,60.0,-10.0,10.0,110.0,20.0,20.0,50.0,30.0,30.0,150.0,90.0,90.0,160.0,90.0,90.0,275.0,160.0,15.811388300841896,84,84000.0,0.5614256262779236,0.6252662802026385,0.06384065392471494,0.06384065392471494,0.11371168492603112,small,1.1330481580215945
E09B-2,sample_000860,samples/sample_000860.npz,sample_000860_prediction.npz,0.0009192668949253857,0.005881305783987045,0.8764030964065921,0.30795551753635586,0.4708960104643558,720,2338,3.2472222222222222,286.3914728164673,864.0267064140863,3.0169428506965152,0.3977659344673157,0.5657018113881349,0.6940125226974487,0.031965296042487545,0.000690201281657901,0.0008069334403669089,1.1338439614207303,1.1338439614207303,20.0,50.0,30.0,160.0,150.0,230.0,285.0,0.003532691660852836,0.059436450607794844,0.033388539209954285,1.1535694739271347,0.9606656187284579,0.23719480172698004,0.033388539209954285,0.049172117203534996,20.0,30.0,20.0,0.0,0.0,70.0,20.0,20.0,50.0,20.0,20.0,530.0,370.0,370.0,590.0,440.0,440.0,265.0,295.0,36.40054944640259,720,720000.0,0.3977659344673157,0.5657018113881349,0.16793587692081924,0.16793587692081924,0.4221977358260137,large,1.1338439614207303
E09B-2,sample_001867,samples/sample_001867.npz,sample_001867_prediction.npz,0.0002368340501561761,0.0012971514370292425,0.7734849839412795,0.40625,0.5777777777777777,234,576,2.4615384615384617,69.58212214708328,191.58585239842753,2.753377541338158,0.29735949635505676,0.37397259913193875,0.5247719883918762,0.014107467416573113,0.0002037380286361581,0.0014013478973216784,1.972750583193104,1.972750583193104,60.0,90.0,30.0,60.0,130.0,330.0,315.0,0.00017653807274326165,0.013286763064917717,0.0064343647545213895,1.5120576509062842,0.9871373209700373,0.06574005218873032,0.0064343647545213895,0.01162484507204438,60.0,30.0,60.0,0.0,0.0,100.0,10.0,10.0,40.0,10.0,10.0,140.0,80.0,80.0,200.0,70.0,70.0,340.0,290.0,26.92582403567252,234,234000.0,0.29735949635505676,0.37397259913193875,0.07661310277688199,0.07661310277688199,0.25764471528900995,medium,1.972750583193104
E09B-2,sample_000363,samples/sample_000363.npz,sample_000363_prediction.npz,0.0003747528826352209,0.001442806445993483,0.44816560849033027,0.08830022075055188,0.16227180527383367,40,453,11.325,32.65535354614258,144.66191115027215,4.429960035369465,0.8163838386535645,0.44354514628648756,0.4926837980747223,0.14066388221162618,0.00031764586769401204,0.00541910089879732,-2.251998628349483,2.251998628349483,80.0,100.0,20.0,40.0,50.0,260.0,325.0,0.0001453780407868091,0.012057281649974388,0.005767793865222764,3.263189044417562,0.9958847263885336,0.0688089442186563,0.005767793865222764,0.0105882290641593,80.0,20.0,60.0,-20.0,20.0,120.0,20.0,20.0,60.0,40.0,40.0,150.0,110.0,110.0,130.0,80.0,80.0,265.0,315.0,11.180339887498949,40,40000.0,0.8163838386535645,0.44354514628648756,-0.3728386923670769,0.3728386923670769,0.45669533706349175,small,-2.251998628349483
E09B-2,sample_000263,samples/sample_000263.npz,sample_000263_prediction.npz,0.00036589938099496067,0.0021768820006400347,0.7476034074653194,0.2076923076923077,0.34394904458598724,189,910,4.814814814814815,76.96506553888321,287.8702355177153,3.740271427070786,0.40722256898880005,0.4832788275347816,0.5887168645858765,0.010783514663913238,0.0003458318018300304,0.0012557872145084236,-0.25039265434762825,0.25039265434762825,30.0,60.0,30.0,70.0,90.0,225.0,195.0,0.000837890666169988,0.02894634115341675,0.011883025280266418,1.8790526978371478,0.9488140839573228,0.17027857880040137,0.011883025280266418,0.026394779339076455,30.0,30.0,20.0,-10.0,10.0,70.0,10.0,10.0,50.0,20.0,20.0,280.0,210.0,210.0,340.0,250.0,250.0,170.0,190.0,55.226805085936306,189,189000.0,0.40722256898880005,0.4832788275347816,0.07605625854598153,0.07605625854598153,0.1867682794076016,small,-0.25039265434762825
E09B-2,sample_000442,samples/sample_000442.npz,sample_000442_prediction.npz,0.0007227305904962122,0.0027759785298258066,0.6439549966703078,0.11711711711711711,0.20967741935483872,104,888,8.538461538461538,94.6843991279602,316.2372031541266,3.3399082221216956,0.910426914691925,0.6636144587626824,0.7686870694160461,0.06278671811659062,0.0006570009513094769,0.005737366781039296,1.6980945911040948,1.6980945911040948,30.0,50.0,20.0,130.0,40.0,385.0,210.0,0.0010236159349497997,0.03199399842079448,0.012701599205990703,1.605477487489525,0.964321062096765,0.19517168163916948,0.012701599205990703,0.029364695001994765,30.0,20.0,20.0,-10.0,10.0,80.0,30.0,30.0,60.0,40.0,40.0,310.0,180.0,180.0,310.0,270.0,270.0,345.0,275.0,76.32168761236873,104,104000.0,0.910426914691925,0.6636144587626824,-0.2468124559292426,0.2468124559292426,0.2710952982016797,small,1.6980945911040948
E09B-2,sample_001230,samples/sample_001230.npz,sample_001230_prediction.npz,0.0005918959504924715,0.0038262780290097,0.8645219948476356,0.3979649519502544,0.5693489688637282,704,1769,2.512784090909091,288.421838760376,627.2431413602005,2.1747421903142397,0.40969011187553406,0.48028130376372824,0.7114897966384888,0.01912841486416076,0.000458189908953773,0.000989258571080008,0.6576986433183833,0.6576986433183833,20.0,60.0,40.0,110.0,160.0,475.0,420.0,0.0016821029760276437,0.04101344872145774,0.019241231514828056,0.7827537156566292,0.9725373863916936,0.1822465890025452,0.019241231514828056,0.03621985623688243,20.0,40.0,20.0,0.0,0.0,90.0,30.0,30.0,70.0,30.0,30.0,340.0,230.0,230.0,420.0,260.0,260.0,470.0,430.0,11.180339887498949,704,704000.0,0.40969011187553406,0.48028130376372824,0.07059119188819418,0.07059119188819418,0.17230387027168512,large,0.6576986433183833
E09B-2,sample_001272,samples/sample_001272.npz,sample_001272_prediction.npz,0.0015894415555521846,0.004302807617932558,0.7845686763987967,0.35294117647058826,0.5217391304347826,480,1360,2.8333333333333335,406.4982604980469,688.2899931085866,1.693217560796656,0.8468713760375977,0.6997968800986807,0.8068501353263855,0.02526785727669143,0.0014732569449374153,0.001689875358707691,0.3419510489568154,0.3419510489568154,80.0,130.0,50.0,60.0,160.0,320.0,200.0,0.0006514266485006409,0.02552306111148584,0.013639753314629357,0.679321410306883,0.9987767130412407,0.1266488698158187,0.013639753314629357,0.021572755457212652,80.0,50.0,60.0,-20.0,20.0,160.0,30.0,30.0,100.0,50.0,50.0,150.0,90.0,90.0,200.0,40.0,40.0,305.0,200.0,15.0,480,480000.0,0.8468713760375977,0.6997968800986807,-0.14707449593891697,0.14707449593891697,0.17366804464104058,medium,0.3419510489568154
E09B-2,sample_001600,samples/sample_001600.npz,sample_001600_prediction.npz,0.0010058431653305888,0.00343328807502985,0.8620881470331275,0.47161572052401746,0.6409495548961425,756,1603,2.1203703703703702,485.2165160179138,754.2115389095964,1.5543814235741131,0.6418207883834839,0.6163643833506044,0.7659831643104553,0.009827173177279033,0.000937477671398023,0.0005089938378286446,-3.6294375199875617,3.6294375199875617,80.0,150.0,70.0,120.0,90.0,380.0,275.0,0.0006046777106109451,0.024590195416282178,0.013212225455817569,0.5829216959869332,0.9979622645164146,0.1243117845786732,0.013212225455817569,0.02073920946216589,80.0,70.0,60.0,-20.0,20.0,160.0,10.0,10.0,100.0,30.0,30.0,210.0,90.0,90.0,160.0,70.0,70.0,375.0,270.0,7.0710678118654755,756,756000.0,0.6418207883834839,0.6163643833506044,-0.025456405032879492,0.025456405032879492,0.039662792937877625,large,-3.6294375199875617
E09B-2,sample_000593,samples/sample_000593.npz,sample_000593_prediction.npz,0.0011137659894302487,0.004030948970466852,0.9350294368796704,0.609479649665121,0.7573623559539052,1183,1941,1.6407438715131022,860.1984516978264,1219.9923827138402,1.418268517347208,0.7271330952644348,0.7896630880899179,0.9301468133926392,0.011381339809606249,0.0009886999264023253,0.0003693811003317546,-1.6369725893163292,1.6369725893163292,70.0,140.0,70.0,130.0,130.0,225.0,205.0,0.001135158662306318,0.033692115729148236,0.017554733485293544,0.42545165160499526,0.9994010395855423,0.16761661815083462,0.017554733485293544,0.028757433727066666,70.0,70.0,50.0,-20.0,20.0,160.0,20.0,20.0,110.0,40.0,40.0,210.0,80.0,80.0,180.0,50.0,50.0,215.0,200.0,11.180339887498949,1183,1183000.0,0.7271330952644348,0.7896630880899179,0.0625299928254831,0.0625299928254831,0.08599525070818427,large,-1.6369725893163292
E09B-2,sample_000367,samples/sample_000367.npz,sample_000367_prediction.npz,0.0002000534295802936,0.001188061898574233,0.4997398166192076,0.13278008298755187,0.23443223443223443,64,482,7.53125,18.23250961303711,133.5504119848291,7.324850764885062,0.28488296270370483,0.31939258822239935,0.4850071370601654,0.004334883865985944,0.00019735971560185138,0.0024457954967631863,-0.6381840995359767,0.6381840995359767,40.0,60.0,20.0,40.0,80.0,310.0,490.0,0.00027396979476581684,0.016552032949635427,0.00643860158153124,4.746994213443476,0.9114375901936623,0.09258891575068803,0.00643860158153124,0.015248416456803648,40.0,20.0,30.0,-10.0,10.0,70.0,10.0,10.0,40.0,20.0,20.0,180.0,140.0,140.0,240.0,160.0,160.0,280.0,500.0,31.622776601683793,64,64000.0,0.28488296270370483,0.31939258822239935,0.03450962551869452,0.03450962551869452,0.12113615075881731,small,-0.6381840995359767
E09B-2,sample_000985,samples/sample_000985.npz,sample_000985_prediction.npz,0.0015875973040238023,0.005074413027614355,0.9050340884382123,0.5438950554994955,0.7045751633986929,1078,1982,1.8385899814471243,707.4556195735931,1205.0662089822201,1.703380644157655,0.6562668085098267,0.7740362493912232,0.9052578210830688,0.016599971114768405,0.0014211466386571494,0.000764549188164555,-0.8219419995327399,0.8219419995327399,30.0,100.0,70.0,110.0,140.0,475.0,280.0,0.004629950563310006,0.06804374007438162,0.026797484956224703,0.6920441549895638,0.9988443118232614,0.41809903614981403,0.026797484956224703,0.06254474688837518,30.0,70.0,0.0,-30.0,30.0,130.0,30.0,30.0,130.0,60.0,60.0,300.0,190.0,190.0,200.0,60.0,60.0,410.0,250.0,71.58910531638176,1078,1078000.0,0.6562668085098267,0.7740362493912232,0.11776944088139651,0.11776944088139651,0.17945359928961435,large,-0.8219419995327399
E09B-2,sample_000252,samples/sample_000252.npz,sample_000252_prediction.npz,0.00021987232321407646,0.0014809774002060294,0.6207340767251824,0.18489984591679506,0.31209362808842656,120,649,5.408333333333333,49.82417106628418,174.73052350578865,3.5069429107678243,0.41520142555236816,0.3291268547375997,0.42301690578460693,0.009403435397308375,0.00020864818329378016,0.004477869287452334,-0.5888583248165133,0.5888583248165133,40.0,60.0,20.0,150.0,40.0,285.0,330.0,0.00030355366911958604,0.01742279165689546,0.007078399084306211,2.0273388031708897,0.9625402039175324,0.10159145959209306,0.007078399084306211,0.01592011103990418,40.0,20.0,20.0,-20.0,20.0,80.0,20.0,20.0,60.0,40.0,40.0,270.0,120.0,120.0,200.0,160.0,160.0,255.0,330.0,30.0,120,120000.0,0.41520142555236816,0.3291268547375997,-0.08607457081476849,0.08607457081476849,0.2073079847937857,small,-0.5888583248165133
E09B-2,sample_000452,samples/sample_000452.npz,sample_000452_prediction.npz,0.0008280447218567133,0.0029174957890063524,0.8423998532288612,0.40310077519379844,0.574585635359116,520,1290,2.480769230769231,301.9148325920105,576.6008902466865,1.9098130598501273,0.5806054472923279,0.617518139229371,0.7820917963981628,0.005407938956840957,0.0008036895100358378,0.00153356643453973,1.1517598901635893,1.1517598901635893,50.0,90.0,40.0,130.0,100.0,245.0,400.0,0.001085667983917442,0.03294947623130665,0.014571038206864438,0.8364203584334903,0.9968740321214917,0.18530188251591873,0.014571038206864438,0.029552543536750586,50.0,40.0,30.0,-20.0,20.0,120.0,30.0,30.0,90.0,50.0,50.0,210.0,80.0,80.0,160.0,60.0,60.0,215.0,390.0,31.622776601683793,520,520000.0,0.5806054472923279,0.617518139229371,0.03691269193704316,0.03691269193704316,0.06357620671522578,medium,1.1517598901635893
E09B-2,sample_001622,samples/sample_001622.npz,sample_001622_prediction.npz,0.00025853465194813907,0.001988844247534871,0.9066977559941424,0.7067059690493737,0.8281519861830743,960,1356,1.4125,321.500244140625,462.04284591420884,1.4371461743341947,0.3348960876464844,0.35011227798337735,0.5864529609680176,0.008381002730937965,0.00017843140240883298,0.00042576897582885775,2.4194225107445675,2.4194225107445675,30.0,110.0,80.0,80.0,150.0,170.0,295.0,0.000241858306067472,0.015551794303792473,0.00725697919338698,0.35812030052151533,0.9941581368972171,0.08554479728724335,0.00725697919338698,0.01375480130915094,30.0,80.0,20.0,-10.0,10.0,140.0,30.0,30.0,120.0,40.0,40.0,190.0,110.0,110.0,190.0,40.0,40.0,155.0,285.0,18.027756377319946,960,960000.0,0.3348960876464844,0.35011227798337735,0.015216190336892976,0.015216190336892976,0.04543555717185671,large,2.4194225107445675
E09B-2,sample_001585,samples/sample_001585.npz,sample_001585_prediction.npz,0.001115888822823763,0.0026019879151135683,0.643098908100648,0.14937759336099585,0.259927797833935,108,723,6.694444444444445,87.97479701042175,343.4603978768266,3.9040771851526896,0.8145814538002014,0.8464680739023067,0.8910865783691406,0.0016417787630804538,0.0011153103664402998,0.0027490839769078643,2.9484114439736473,2.9484114439736473,30.0,60.0,30.0,60.0,60.0,420.0,460.0,0.0017842579055861638,0.04224047709941454,0.014275724400880457,2.256194261775194,0.9829287004366626,0.34769243135164596,0.014275724400880457,0.039755019788905534,30.0,30.0,20.0,-10.0,10.0,90.0,30.0,30.0,70.0,40.0,40.0,200.0,140.0,140.0,220.0,160.0,160.0,400.0,500.0,44.721359549995796,108,108000.0,0.8145814538002014,0.8464680739023067,0.0318866201021053,0.0318866201021053,0.0391447901905294,small,2.9484114439736473
E09B-2,sample_000222,samples/sample_000222.npz,sample_000222_prediction.npz,0.0018868617480620742,0.004937351681292057,0.8578011599060802,0.4814004376367615,0.6499261447562777,880,1828,2.077272727272727,741.6331243515015,1074.019242584818,1.4481813275586382,0.8427649140357971,0.7565464660525322,0.8788866996765137,0.012850315632701373,0.001787832278084266,0.0014052999048678513,0.8457157087411105,0.8457157087411105,60.0,110.0,50.0,160.0,110.0,470.0,245.0,0.0011515232292822167,0.03393410127411976,0.016667692015527213,0.4233226953385012,0.99885811342372,0.156567249955597,0.016667692015527213,0.029558607412355324,60.0,50.0,20.0,-40.0,40.0,140.0,30.0,30.0,120.0,70.0,70.0,190.0,30.0,30.0,130.0,20.0,20.0,465.0,245.0,5.0,880,880000.0,0.8427649140357971,0.7565464660525322,-0.08621844798326495,0.08621844798326495,0.1023042684233088,large,0.8457157087411105
E09B-2,sample_001459,samples/sample_001459.npz,sample_001459_prediction.npz,0.0006170589476823807,0.0020199620630592108,0.6059363342295577,0.13782542113323124,0.24226110363391656,90,653,7.2555555555555555,68.3198869228363,241.1480205393598,3.529689983411766,0.7591098546981812,0.6160975880093045,0.6876646876335144,0.02128745738451801,0.0005981173192754528,0.0059137971270273116,-0.06903005449677124,0.06903005449677124,50.0,70.0,20.0,50.0,90.0,295.0,495.0,0.0005712093914057592,0.02389998726789952,0.009387882146647866,2.18894937302828,0.9773896438547135,0.15427652106608014,0.009387882146647866,0.021979014086314457,50.0,20.0,30.0,-20.0,20.0,90.0,20.0,20.0,60.0,40.0,40.0,160.0,110.0,110.0,180.0,90.0,90.0,260.0,470.0,43.01162633521314,90,90000.0,0.7591098546981812,0.6160975880093045,-0.14301226668887668,0.14301226668887668,0.18839469123442976,small,-0.06903005449677124
E09B-2,sample_001967,samples/sample_001967.npz,sample_001967_prediction.npz,0.0003058974980376661,0.002656054450199008,0.4759073920830494,0.08275862068965517,0.15286624203821655,72,870,12.083333333333334,34.3732488155365,275.77586984001067,8.022979478022505,0.47740623354911804,0.34061342229445773,0.4282894730567932,0.020855500574686412,0.00029083549923194385,0.0004493400733992508,1.0396332643159276,1.0396332643159276,20.0,40.0,20.0,90.0,40.0,195.0,120.0,0.0006651438309255023,0.025790382527707927,0.014040387105992777,2.655580812957941,0.7472852867736731,0.10719827340553115,0.014040387105992777,0.021633570228683337,20.0,20.0,20.0,0.0,0.0,50.0,10.0,10.0,30.0,10.0,10.0,450.0,360.0,360.0,380.0,340.0,340.0,225.0,190.0,76.15773105863909,72,72000.0,0.47740623354911804,0.34061342229445773,-0.1367928112546603,0.1367928112546603,0.286533358053831,small,1.0396332643159276
E09B-2,sample_001694,samples/sample_001694.npz,sample_001694_prediction.npz,0.0007146410061977804,0.002068509580567479,0.8183390964190049,0.37997587454764775,0.5506993006993007,315,829,2.6317460317460317,200.4263225197792,398.1928911703815,1.9867295181803555,0.6362740397453308,0.6717853816728744,0.7812358736991882,0.0038919347273688363,0.0007044271456944533,0.0014605510893355089,1.819760583234185,1.819760583234185,50.0,100.0,50.0,90.0,70.0,305.0,215.0,0.000625529683382457,0.025010591424083857,0.010370912441734903,0.9466688703481775,0.9989249052366411,0.17971640963275604,0.010370912441734903,0.022759039050634918,50.0,50.0,30.0,-20.0,20.0,130.0,30.0,30.0,100.0,50.0,50.0,170.0,80.0,80.0,120.0,50.0,50.0,325.0,210.0,20.615528128088304,315,315000.0,0.6362740397453308,0.6717853816728744,0.03551134192754357,0.03551134192754357,0.055811395262577446,medium,1.819760583234185
E09B-2,sample_001125,samples/sample_001125.npz,sample_001125_prediction.npz,0.0008035469800233841,0.0020408667623996735,0.6429500685880751,0.1643835616438356,0.2823529411764706,96,584,6.083333333333333,81.36629676818848,264.84921942575994,3.2550236393369594,0.8475655913352966,0.7582820951938629,0.8256776928901672,0.009251374907170096,0.0007952890561666637,0.005750047482146632,2.9173423183014364,2.9173423183014364,60.0,80.0,20.0,80.0,60.0,450.0,180.0,0.0005042632756214149,0.022455807169224955,0.00949478306232022,1.9759037635110686,0.9918217605559818,0.1393923049811267,0.00949478306232022,0.020349751109556398,60.0,20.0,50.0,-10.0,10.0,100.0,20.0,20.0,50.0,30.0,30.0,180.0,100.0,100.0,140.0,80.0,80.0,440.0,160.0,22.360679774997898,96,96000.0,0.8475655913352966,0.7582820951938629,-0.08928349614143372,0.08928349614143372,0.10534110522440168,small,2.9173423183014364
E09B-2,sample_001461,samples/sample_001461.npz,sample_001461_prediction.npz,0.00018404384900350124,0.0010237012756988406,0.9027884202473964,0.5263157894736842,0.6896551724137931,320,608,1.9,154.81274604797363,245.27823612171457,1.5843542756208675,0.4837898313999176,0.4987746338360012,0.6532158255577087,0.003342682290232571,0.0001737282430228325,0.0005463661156107829,-1.5748468964988689,1.5748468964988689,40.0,120.0,80.0,50.0,80.0,365.0,240.0,0.00016816115606026606,0.012967696636653175,0.0047842345745012105,0.6389432367445436,0.9988308637554995,0.12577669676384934,0.0047842345745012105,0.012052894075549379,40.0,80.0,20.0,-20.0,20.0,140.0,20.0,20.0,120.0,40.0,40.0,70.0,20.0,20.0,100.0,20.0,20.0,365.0,240.0,0.0,320,320000.0,0.4837898313999176,0.4987746338360012,0.014984802436083577,0.014984802436083577,0.03097378544051418,medium,-1.5748468964988689
E09B-3,sample_000796,samples/sample_000796.npz,sample_000796_prediction.npz,0.0003958034794777632,0.0025186236016452312,0.8364295841992406,0.5251641137855579,0.6886657101865137,720,1371,1.9041666666666666,233.237042427063,454.613664741496,1.9491486429890788,0.32394033670425415,0.3533659051275916,0.6673234105110168,0.00594658576230165,0.00035484838121294424,0.0014393719072790425,3.5886666540848537,3.5886666540848537,40.0,70.0,30.0,150.0,160.0,175.0,170.0,0.0005523212927131041,0.023501516817284455,0.011617967573948946,0.7163294090873416,0.982691891493563,0.09481401703862588,0.011617967573948946,0.02042900198648419,40.0,30.0,30.0,-10.0,10.0,100.0,30.0,30.0,70.0,40.0,40.0,340.0,190.0,190.0,280.0,120.0,120.0,170.0,140.0,30.4138126514911,720,720000.0,0.32394033670425415,0.3533659051275916,0.029425568423337434,0.029425568423337434,0.09083638278181429,large,3.5886666540848537
E09B-3,sample_001763,samples/sample_001763.npz,sample_001763_prediction.npz,0.0007512759766541421,0.0032319219317287207,0.8163604235671362,0.3171007927519819,0.4815133276010318,280,883,3.1535714285714285,142.34578132629395,459.6193449661683,3.2288933376437754,0.5083777904510498,0.6827021679707936,0.7662512063980103,0.035661987809054385,0.000651555487873713,0.00044995797615750033,0.7762618241709447,0.7762618241709447,40.0,110.0,70.0,80.0,50.0,510.0,495.0,0.0011000698093930538,0.03316730030305533,0.015809550817547872,1.692161036752993,0.9788300036971915,0.1858322708293919,0.015809550817547872,0.02915695307024425,40.0,70.0,30.0,-10.0,10.0,130.0,20.0,20.0,100.0,30.0,30.0,280.0,200.0,200.0,350.0,300.0,300.0,500.0,465.0,31.622776601683793,280,280000.0,0.5083777904510498,0.6827021679707936,0.17432437751974383,0.17432437751974383,0.3429032125205104,medium,0.7762618241709447
E09B-3,sample_000998,samples/sample_000998.npz,sample_000998_prediction.npz,0.00045127273187972605,0.002687714993953705,0.7481802267768706,0.35402298850574715,0.5229202037351444,462,1305,2.824675324675325,163.88124418258667,401.915558194894,2.452480515385298,0.3547213077545166,0.35033297522630524,0.510810911655426,0.00414247205781632,0.0004338432860628297,0.002307321101073795,1.8536865583873379,1.8536865583873379,80.0,110.0,30.0,110.0,140.0,235.0,380.0,0.0004464303171116357,0.021128897678573667,0.011747492627817584,1.2981927949827208,0.9927702926094352,0.09215155709797315,0.011747492627817584,0.017562082281751424,80.0,30.0,70.0,-10.0,10.0,140.0,30.0,30.0,70.0,40.0,40.0,250.0,140.0,140.0,200.0,60.0,60.0,245.0,370.0,14.142135623730951,462,462000.0,0.3547213077545166,0.35033297522630524,-0.004388332528211358,0.004388332528211358,0.012371212081931897,medium,1.8536865583873379
E09B-3,sample_001629,samples/sample_001629.npz,sample_001629_prediction.npz,0.0008299762848764658,0.0032761329784989357,0.8756982925001775,0.46494464944649444,0.6347607052896725,504,1084,2.1507936507936507,287.289128780365,597.8070471380187,2.0808550942247708,0.5700181126594543,0.6949662358041794,0.8221631050109863,0.026537296359006653,0.0006974968608484725,0.000666619078892264,-1.0868530352793329,1.0868530352793329,70.0,130.0,60.0,60.0,140.0,440.0,210.0,0.0008609588647747345,0.02934210055150678,0.015099158555150906,1.0376704658350562,0.9993194316708797,0.14950262606187376,0.015099158555150906,0.0251589800210809,70.0,60.0,50.0,-20.0,20.0,160.0,30.0,30.0,110.0,50.0,50.0,210.0,150.0,150.0,190.0,50.0,50.0,445.0,205.0,7.0710678118654755,504,504000.0,0.5700181126594543,0.6949662358041794,0.12494812314472503,0.12494812314472503,0.219200268148975,medium,-1.0868530352793329
E09B-3,sample_001922,samples/sample_001922.npz,sample_001922_prediction.npz,0.0016189777525141835,0.004024260211735964,0.8876639467971245,0.5172413793103449,0.6818181818181818,750,1450,1.9333333333333333,600.9497344493866,991.8506247578839,1.6504718579610587,0.8012663125991821,0.8788365428447723,0.9509093165397644,0.008554231812239412,0.0015656590927767338,0.0012022914736094044,0.9039404917318166,0.9039404917318166,60.0,110.0,50.0,150.0,100.0,455.0,270.0,0.0017020313948230563,0.04125568318211512,0.019731421046583483,0.6251203311998537,0.9994631334840188,0.22208618794764567,0.019731421046583483,0.03623123539579486,60.0,50.0,40.0,-20.0,20.0,140.0,30.0,30.0,100.0,50.0,50.0,230.0,80.0,80.0,250.0,150.0,150.0,425.0,285.0,33.54101966249684,750,750000.0,0.8012663125991821,0.8788365428447723,0.07757023024559018,0.07757023024559018,0.09680954886767239,large,0.9039404917318166
E09B-3,sample_001409,samples/sample_001409.npz,sample_001409_prediction.npz,0.000964844657573849,0.0018412899225950241,0.8071404135509519,0.4155844155844156,0.5871559633027523,224,539,2.40625,206.4456329345703,370.73752195438374,1.7958118885076302,0.9216322898864746,0.8899553066917828,0.971952497959137,0.0035212198847425847,0.0009590063471388065,0.0004256820339792046,2.0455749180093434,2.0455749180093434,20.0,90.0,70.0,40.0,80.0,480.0,290.0,0.0005915087453337053,0.024320952804808147,0.008928763015812845,0.619520909054797,0.9915671446693914,0.17978268515363915,0.008928763015812845,0.02262268632017776,20.0,70.0,0.0,-20.0,20.0,110.0,20.0,20.0,110.0,40.0,40.0,160.0,120.0,120.0,200.0,120.0,120.0,460.0,310.0,28.284271247461902,224,224000.0,0.9216322898864746,0.8899553066917828,-0.03167698319469181,0.03167698319469181,0.034370522324683024,medium,2.0455749180093434
E09B-3,sample_000992,samples/sample_000992.npz,sample_000992_prediction.npz,0.0002549480996094644,0.0016134224133566022,0.9656806451792033,0.7074829931972789,0.8286852589641435,728,1029,1.4134615384615385,443.7051453590393,587.0523205793307,1.3230685438734255,0.6094850897789001,0.6627381096829424,0.8628955483436584,0.008856979672140027,0.00019076963583234086,9.871722201448392e-05,1.108734403110141,1.108734403110141,20.0,100.0,80.0,70.0,130.0,395.0,215.0,0.0002994441362454664,0.017304454231366746,0.007709732803599764,0.24340058411379845,0.9970209685757403,0.09922589051803998,0.007709732803599764,0.015492067529628319,20.0,80.0,20.0,0.0,0.0,110.0,10.0,10.0,90.0,10.0,10.0,270.0,200.0,200.0,210.0,80.0,80.0,395.0,225.0,10.0,728,728000.0,0.6094850897789001,0.6627381096829424,0.0532530199040423,0.0532530199040423,0.08737378616326878,large,1.108734403110141
E09B-3,sample_002128,samples/sample_002128.npz,sample_002128_prediction.npz,0.0004767598584294319,0.00214883079752326,0.7654815318285434,0.2679658952496955,0.42267050912584053,220,821,3.731818181818182,101.6027420759201,306.9510094185337,3.021089816544245,0.46183064579963684,0.5412660396911881,0.7160253524780273,0.015464365324150046,0.00044314300611153625,0.001240341117020828,-2.2872569618907335,2.2872569618907335,60.0,100.0,40.0,50.0,110.0,295.0,285.0,0.0005508559850530624,0.0234703213666337,0.010861335976211849,1.8827236708212873,0.9941203569443371,0.1372803077597399,0.010861335976211849,0.020805945445110365,60.0,40.0,50.0,-10.0,10.0,110.0,10.0,10.0,60.0,20.0,20.0,240.0,190.0,190.0,200.0,90.0,90.0,310.0,260.0,29.154759474226502,220,220000.0,0.46183064579963684,0.5412660396911881,0.0794353938915513,0.0794353938915513,0.1720011320470361,medium,-2.2872569618907335
E09B-3,sample_001888,samples/sample_001888.npz,sample_001888_prediction.npz,0.0015281239757314324,0.003460661508142948,0.7896321650546403,0.3624161073825503,0.5320197044334976,378,1043,2.759259259259259,311.36883294582367,635.0805853128168,2.039640831435807,0.8237270712852478,0.8131051162878672,0.8780059218406677,0.002192484398573114,0.0015255595168218192,0.0006712193032891121,0.11888758144904443,0.11888758144904443,70.0,140.0,70.0,90.0,60.0,355.0,480.0,0.0009153201761442228,0.030254258810029088,0.015503978705590692,0.9977562026346964,0.9991708383953084,0.16590740801148784,0.015503978705590692,0.0259797386522808,70.0,70.0,50.0,-20.0,20.0,160.0,20.0,20.0,110.0,40.0,40.0,220.0,130.0,130.0,90.0,30.0,30.0,360.0,475.0,7.0710678118654755,378,378000.0,0.8237270712852478,0.8131051162878672,-0.010621954997380612,0.010621954997380612,0.012894993217604648,medium,0.11888758144904443
E09B-3,sample_001536,samples/sample_001536.npz,sample_001536_prediction.npz,0.0011348637053743005,0.003431537188589573,0.7806954155051942,0.27079303675048355,0.426179604261796,280,1034,3.692857142857143,223.28286409378052,550.485521296861,2.465417682324483,0.7974388003349304,0.7890584779637201,0.8571001291275024,0.0013675479445541022,0.001134199108162258,0.0022257528295981962,5.386873239304748,5.386873239304748,40.0,80.0,40.0,70.0,100.0,455.0,380.0,0.00144346594409903,0.03799297229882166,0.017413199889008794,1.0797538326366776,0.9871630023511831,0.2525349641425756,0.017413199889008794,0.033767534907429266,40.0,40.0,20.0,-20.0,20.0,120.0,40.0,40.0,100.0,60.0,60.0,240.0,170.0,170.0,240.0,140.0,140.0,420.0,390.0,36.40054944640259,280,280000.0,0.7974388003349304,0.7890584779637201,-0.008380322371210336,0.008380322371210336,0.010509047675747075,medium,5.386873239304748
E09B-3,sample_000503,samples/sample_000503.npz,sample_000503_prediction.npz,0.0011563675943762064,0.003190805437043309,0.5439276449877759,0.09868421052631579,0.17964071856287425,90,912,10.133333333333333,83.0135428905487,359.6453204463622,4.332369248720605,0.9223726987838745,0.7166106084982554,0.7690793871879578,0.0451097491576629,0.0011160901427602335,0.005261260385206835,1.0001920559275277,1.0001920559275277,70.0,90.0,20.0,90.0,50.0,415.0,505.0,0.0009095891617418024,0.030159395911420413,0.014008503087719622,2.9474047915564703,0.9804090140914371,0.16686251073454594,0.014008503087719622,0.026708631619443784,70.0,20.0,50.0,-20.0,20.0,120.0,30.0,30.0,70.0,50.0,50.0,250.0,160.0,160.0,190.0,140.0,140.0,425.0,465.0,41.23105625617661,90,90000.0,0.9223726987838745,0.7166106084982554,-0.2057620902856191,0.2057620902856191,0.2230791203565666,small,1.0001920559275277
E09B-3,sample_001208,samples/sample_001208.npz,sample_001208_prediction.npz,0.0005171383381821215,0.001403353177011013,0.7648443011487284,0.3468208092485549,0.5150214592274678,180,519,2.8833333333333333,107.92141556739807,239.8978912876491,2.222894223786662,0.5995634198188782,0.6307166399227249,0.8258842825889587,0.006362666789899254,0.0005064152154866832,0.0008247689345241125,2.477966424299879,2.477966424299879,20.0,70.0,50.0,40.0,90.0,250.0,475.0,0.0004988379012829986,0.022334679341396386,0.007382328078344121,0.9604185775813152,0.9858926313916014,0.16532708061645773,0.007382328078344121,0.02107935324972497,20.0,50.0,20.0,0.0,0.0,90.0,20.0,20.0,70.0,20.0,20.0,130.0,90.0,90.0,190.0,100.0,100.0,235.0,495.0,25.0,180,180000.0,0.5995634198188782,0.6307166399227249,0.03115322010384669,0.03115322010384669,0.051959841234573236,small,2.477966424299879
E09B-3,sample_000155,samples/sample_000155.npz,sample_000155_prediction.npz,0.00034028198570013046,0.0019147592829540372,0.7335883160555904,0.28169014084507044,0.43956043956043955,240,852,3.55,82.30671644210815,265.2430770249467,3.222617648846555,0.3429446518421173,0.3988739643866817,0.5422031879425049,0.008869333632707721,0.00031940813045622447,0.0012647800322255667,0.4333290641756804,0.4333290641756804,70.0,110.0,40.0,60.0,100.0,340.0,440.0,0.0003260168181278276,0.01805593581423648,0.00922600693896893,1.9886112977946382,0.9908394063551074,0.09199175952217031,0.00922600693896893,0.015520876717825082,70.0,40.0,60.0,-10.0,10.0,130.0,20.0,20.0,70.0,30.0,30.0,240.0,180.0,180.0,170.0,70.0,70.0,360.0,435.0,20.615528128088304,240,240000.0,0.3429446518421173,0.3988739643866817,0.0559293125445644,0.0559293125445644,0.16308553652649696,medium,0.4333290641756804
E09B-3,sample_000172,samples/sample_000172.npz,sample_000172_prediction.npz,0.0004491521685849875,0.001821572775952518,0.6691703571312417,0.21460506706408347,0.35337423312883437,144,671,4.659722222222222,66.12655019760132,244.11997199722114,3.691708871364597,0.45921215415000916,0.49782657457722557,0.7896237969398499,0.003029379370812799,0.00044536703388120086,0.003097135883274709,0.8504475347147178,0.8504475347147178,60.0,80.0,20.0,90.0,80.0,445.0,390.0,0.00043214211088589215,0.020788028066314808,0.00943770447727511,2.3026955780284486,0.9789923412639902,0.11190342593165922,0.00943770447727511,0.018522198710885097,60.0,20.0,50.0,-10.0,10.0,100.0,20.0,20.0,50.0,30.0,30.0,220.0,130.0,130.0,210.0,130.0,130.0,450.0,355.0,35.35533905932738,144,144000.0,0.45921215415000916,0.49782657457722557,0.03861442042721641,0.03861442042721641,0.08408841115865234,small,0.8504475347147178
E09B-3,sample_000676,samples/sample_000676.npz,sample_000676_prediction.npz,0.0005846588755957782,0.002411923371255398,0.6883130280558213,0.21705426356589147,0.35668789808917195,196,903,4.607142857142857,93.86811804771423,325.80821832307447,3.4709145671532737,0.47891896963119507,0.5132673481593326,0.6665465235710144,0.005392955650154289,0.0005750528388690448,0.0004608996259657957,-0.3334150581975308,0.3334150581975308,80.0,150.0,70.0,70.0,40.0,265.0,450.0,0.00039049548008358636,0.019760958480893237,0.010883114235940286,2.3359502072861202,0.9963464658443097,0.09592317002437539,0.010883114235940286,0.01649403845669884,80.0,70.0,70.0,-10.0,10.0,160.0,10.0,10.0,90.0,20.0,20.0,190.0,120.0,120.0,150.0,110.0,110.0,275.0,445.0,11.180339887498949,196,196000.0,0.47891896963119507,0.5132673481593326,0.034348378528137546,0.034348378528137546,0.07172064734580982,medium,-0.3334150581975308
E09B-3,sample_000167,samples/sample_000167.npz,sample_000167_prediction.npz,0.00046875409316271544,0.0028055377770215273,0.7520818333582339,0.2845528455284553,0.4430379746835443,385,1353,3.5142857142857142,162.68452391028404,413.22199998347713,2.5400203415252793,0.42255720496177673,0.3938467319909628,0.4564608931541443,0.0025802436138289008,0.0004604520822949219,0.00043623430292445833,-1.0248879533484967,1.0248879533484967,80.0,150.0,70.0,50.0,110.0,445.0,445.0,0.00041786623254384445,0.020441776648418904,0.01170230100525805,1.4222427307899508,0.991989346814542,0.0880260584140965,0.01170230100525805,0.016760739354998062,80.0,70.0,70.0,-10.0,10.0,160.0,10.0,10.0,90.0,20.0,20.0,220.0,170.0,170.0,210.0,100.0,100.0,450.0,425.0,20.615528128088304,385,385000.0,0.42255720496177673,0.3938467319909628,-0.028710472970813916,0.028710472970813916,0.0679445827303098,medium,-1.0248879533484967
E09B-3,sample_000352,samples/sample_000352.npz,sample_000352_prediction.npz,0.00045585163752548397,0.002920598490163684,0.9508253181828166,0.6336,0.7757100881488737,792,1250,1.5782828282828283,481.7146625518799,747.8065975910338,1.5523849609009903,0.6082255840301514,0.6885391327768865,0.8131304383277893,0.013313616235795649,0.00035141987481767257,0.00016993319353274402,0.07317403676215406,0.07317403676215406,40.0,120.0,80.0,90.0,110.0,345.0,285.0,0.0007042339349638706,0.02653740633452845,0.013896369083142174,0.4439214877712342,0.9946458198332047,0.13923569175237271,0.013896369083142174,0.02260807071089793,40.0,80.0,30.0,-10.0,10.0,130.0,10.0,10.0,100.0,20.0,20.0,330.0,240.0,240.0,200.0,90.0,90.0,345.0,320.0,35.0,792,792000.0,0.6082255840301514,0.6885391327768865,0.08031354874673513,0.08031354874673513,0.1320456601226327,large,0.07317403676215406
E09B-3,sample_001467,samples/sample_001467.npz,sample_001467_prediction.npz,0.0011232435936108232,0.0038250964134931564,0.8693508089399281,0.436477007014809,0.6077048290830168,560,1283,2.2910714285714286,347.71613597869873,711.3958136208889,2.0459096947530484,0.6209216713905334,0.7495385830955846,0.8668416738510132,0.026910856960607354,0.0009754998247333883,0.0003297774622629912,-0.19557599839102124,0.19557599839102124,70.0,150.0,80.0,50.0,140.0,355.0,200.0,0.0009886351938624151,0.03144256977192569,0.017351857273721228,0.9884981913179807,0.9988856033033705,0.1482940031236012,0.017351857273721228,0.026221141146312126,70.0,80.0,60.0,-10.0,10.0,160.0,10.0,10.0,100.0,20.0,20.0,210.0,160.0,160.0,220.0,80.0,80.0,365.0,220.0,22.360679774997898,560,560000.0,0.6209216713905334,0.7495385830955846,0.12861691170505118,0.12861691170505118,0.20713870626711722,medium,-0.19557599839102124
E09B-3,sample_002010,samples/sample_002010.npz,sample_002010_prediction.npz,0.0010217722738161683,0.003505212953314185,0.6491391112048726,0.16326530612244897,0.2807017543859649,168,1029,6.125,156.31246948242188,388.1177654539356,2.4829609994587245,0.9304313659667969,0.5948028906825042,0.6845188736915588,0.11476244771693278,0.0008270585417310236,0.006728740131061939,0.9903311167108484,0.9903311167108484,80.0,100.0,20.0,60.0,140.0,170.0,470.0,0.0005038585269524196,0.022446793244301502,0.0112674034253384,1.3507748367813075,0.9955307390794608,0.11038739387154395,0.0112674034253384,0.01941401934178217,80.0,20.0,60.0,-20.0,20.0,130.0,30.0,30.0,70.0,50.0,50.0,230.0,170.0,170.0,210.0,70.0,70.0,175.0,455.0,15.811388300841896,168,168000.0,0.9304313659667969,0.5948028906825042,-0.3356284752842926,0.3356284752842926,0.3607235176724145,small,0.9903311167108484
E09B-3,sample_002098,samples/sample_002098.npz,sample_002098_prediction.npz,0.0006282090325839818,0.00397174246609211,0.8978776815173053,0.45531197301854975,0.6257242178447276,810,1779,2.196296296296296,470.3172558546066,806.8446934561201,1.7155328311099587,0.580638587474823,0.5619328748664738,0.6985126733779907,0.0038960247162196705,0.0006010593116525222,0.0006578085075625109,1.7808793443117992,1.7808793443117992,40.0,100.0,60.0,150.0,90.0,325.0,305.0,0.0010285242776266774,0.032070613926563324,0.017788520379536207,0.5209644573632372,0.9916418088037343,0.15497951130936322,0.017788520379536207,0.026685067366103883,40.0,60.0,0.0,-40.0,40.0,130.0,30.0,30.0,130.0,70.0,70.0,350.0,200.0,200.0,330.0,240.0,240.0,315.0,285.0,22.360679774997898,810,810000.0,0.580638587474823,0.5619328748664738,-0.01870571260834919,0.01870571260834919,0.03221575866960493,large,1.7808793443117992
E09B-3,sample_001451,samples/sample_001451.npz,sample_001451_prediction.npz,0.00022386196360457689,0.0018673917511478066,0.7552445912063851,0.43609865470852016,0.6073380171740828,392,889,2.267857142857143,94.30146908760071,264.959036622416,2.8097021094791654,0.2405649721622467,0.2712594621282603,0.3917608857154846,0.005659935599610862,0.00020209813872534152,0.0008373625592761135,-1.4052567225468664,1.4052567225468664,20.0,90.0,70.0,80.0,70.0,390.0,335.0,0.0005074118258291224,0.022525803555680814,0.009565012561369452,1.3050429234590204,0.9649260700759742,0.13358650710106618,0.009565012561369452,0.020394174671458685,20.0,70.0,20.0,0.0,0.0,90.0,0.0,0.0,70.0,0.0,0.0,200.0,120.0,120.0,270.0,200.0,200.0,360.0,335.0,30.0,392,392000.0,0.2405649721622467,0.2712594621282603,0.030694489966013594,0.030694489966013594,0.1275933469869919,medium,-1.4052567225468664
E09B-3,sample_000316,samples/sample_000316.npz,sample_000316_prediction.npz,0.0004671424685511738,0.0012196808820590377,0.39856088263608974,0.20565552699228792,0.3411513859275053,80,389,4.8625,23.076975345611572,139.9634357544609,6.065068478789055,0.28846219182014465,0.3295811340212822,0.9977255463600159,0.009767993913640954,0.0004595672515355332,0.003060119252482972,-4.6226030226676045,4.6226030226676045,20.0,60.0,40.0,50.0,40.0,475.0,350.0,0.0005164751824998041,0.02272609034787559,0.00684078070764505,3.8986293140234634,0.8161863665342433,0.19615739023515746,0.00684078070764505,0.021672076545862316,20.0,40.0,20.0,0.0,0.0,70.0,10.0,10.0,50.0,10.0,10.0,160.0,110.0,110.0,180.0,140.0,140.0,460.0,340.0,18.027756377319946,80,80000.0,0.28846219182014465,0.3295811340212822,0.04111894220113754,0.04111894220113754,0.14254534343542355,small,-4.6226030226676045
E09B-3,sample_001723,samples/sample_001723.npz,sample_001723_prediction.npz,0.00058367830934003,0.0031418895814567804,0.8322984714257458,0.3311867525298988,0.497581202487906,360,1087,3.0194444444444444,184.5861268043518,491.8944243649655,2.664850456970359,0.5127392411231995,0.5882570891744561,0.6956167221069336,0.009333981062334061,0.0005515159336656625,0.0008148605144600095,2.0059466317151333,2.0059466317151333,30.0,90.0,60.0,50.0,120.0,255.0,300.0,0.001210610961754213,0.03479383511132702,0.016622429555091942,1.1753967968793113,0.9819402063104492,0.2044982904753459,0.016622429555091942,0.030566416169387916,30.0,60.0,20.0,-10.0,10.0,120.0,30.0,30.0,100.0,40.0,40.0,240.0,190.0,190.0,350.0,230.0,230.0,240.0,285.0,21.213203435596427,360,360000.0,0.5127392411231995,0.5882570891744561,0.07551784805125661,0.07551784805125661,0.1472831451047676,medium,2.0059466317151333
E09B-3,sample_001111,samples/sample_001111.npz,sample_001111_prediction.npz,0.0011325831292197108,0.003192477859556675,0.8265978578042344,0.36562203228869894,0.5354659248956884,385,1053,2.735064935064935,306.5526646375656,600.5739520006323,1.959121616870254,0.7962406873703003,0.7911870278321304,0.8681472539901733,0.003985299948488085,0.001121366841222291,0.0012556831337192768,6.060266413225747,6.060266413225747,40.0,90.0,50.0,70.0,110.0,375.0,255.0,0.0009749454881047056,0.031224117090875532,0.015400343463407887,0.6934074547675101,0.9882233118720168,0.17093714679072225,0.015400343463407887,0.027162012247139856,40.0,50.0,20.0,-20.0,20.0,120.0,30.0,30.0,100.0,50.0,50.0,280.0,210.0,210.0,280.0,170.0,170.0,360.0,180.0,76.48529270389177,385,385000.0,0.7962406873703003,0.7911870278321304,-0.005053659538169941,0.005053659538169941,0.006346899396538477,medium,6.060266413225747
E09B-3,sample_000562,samples/sample_000562.npz,sample_000562_prediction.npz,0.00044890513527207077,0.001989268697798252,0.7314741135085664,0.21517241379310345,0.35414301929625425,156,725,4.647435897435898,97.30296850204468,273.5000767791548,2.8108091766327523,0.6237369775772095,0.5674100963351054,0.6892544031143188,0.00797967782182797,0.00043693548381091766,0.001857324026139959,2.3906215421180548,2.3906215421180548,50.0,80.0,30.0,40.0,130.0,490.0,495.0,0.00044724077256685165,0.021148067821123794,0.009100175354968817,1.5077656009617704,0.9760324041865993,0.11622391855191888,0.009100175354968817,0.01908998640847263,50.0,30.0,40.0,-10.0,10.0,110.0,30.0,30.0,70.0,40.0,40.0,230.0,190.0,190.0,210.0,80.0,80.0,495.0,475.0,20.615528128088304,156,156000.0,0.6237369775772095,0.5674100963351054,-0.056326881242104054,0.056326881242104054,0.09030550258683616,small,2.3906215421180548
E09B-3,sample_002168,samples/sample_002168.npz,sample_002168_prediction.npz,0.0007222251151688397,0.0025783071760088205,0.5003478433397331,0.1095890410958904,0.19753086419753085,88,803,9.125,75.48128128051758,260.3710177622397,3.449477981098393,0.8577418327331543,0.4681501225991683,0.6895329356193542,0.15257248326331496,0.0005861697182261089,0.006711700243415927,3.920690538758599,3.920690538758599,30.0,50.0,20.0,110.0,40.0,415.0,420.0,0.0008099180881381702,0.02845905986040597,0.010522934738935718,1.7261451204236153,0.9481096184854126,0.18242918467155206,0.010522934738935718,0.02644212420775362,30.0,20.0,20.0,-10.0,10.0,80.0,30.0,30.0,60.0,40.0,40.0,210.0,100.0,100.0,200.0,160.0,160.0,395.0,420.0,20.0,88,88000.0,0.8577418327331543,0.4681501225991683,-0.389591710133986,0.389591710133986,0.4542062602829691,small,3.920690538758599
E09B-3,sample_001196,samples/sample_001196.npz,sample_001196_prediction.npz,0.0009015027317218482,0.0027756488416343927,0.622132750089972,0.11734028683181226,0.2100350058343057,90,767,8.522222222222222,88.26255083084106,323.3019733578931,3.662957509323689,0.9806950092315674,0.7705953028466966,0.8157247304916382,0.04550911316658567,0.0008606258590066855,0.003403686179851626,6.135470118097942,6.135470118097942,50.0,80.0,30.0,60.0,50.0,110.0,525.0,0.0007383119462305949,0.027171896257541447,0.011578478563771444,2.0028764742953133,0.9662156926384756,0.1607622953948467,0.011578478563771444,0.024581512979857036,50.0,30.0,40.0,-10.0,10.0,120.0,40.0,40.0,80.0,50.0,50.0,170.0,110.0,110.0,220.0,170.0,170.0,85.0,470.0,60.41522986797286,90,90000.0,0.9806950092315674,0.7705953028466966,-0.21009970638487074,0.21009970638487074,0.2142355211428029,small,6.135470118097942
E09B-3,sample_001899,samples/sample_001899.npz,sample_001899_prediction.npz,0.00030166885699145496,0.0021907316986471415,0.7611264532130867,0.38403990024937656,0.554954954954955,462,1203,2.603896103896104,150.69104826450348,329.49482596319433,2.186558722352518,0.3261711001396179,0.29591933137926707,0.4364132583141327,0.0037976828044009566,0.0002851610323294453,0.002310933206541996,1.0293420948719074,1.0293420948719074,80.0,110.0,30.0,110.0,140.0,165.0,350.0,0.00025574326055405073,0.015991974879734232,0.008716563452993892,1.0696350283707063,0.9960010045662108,0.06795339550455376,0.008716563452993892,0.013407638946659547,80.0,30.0,70.0,-10.0,10.0,140.0,30.0,30.0,70.0,40.0,40.0,240.0,130.0,130.0,190.0,50.0,50.0,180.0,345.0,15.811388300841896,462,462000.0,0.3261711001396179,0.29591933137926707,-0.03025176876035085,0.03025176876035085,0.09274815809065103,medium,1.0293420948719074
E09B-3,sample_000775,samples/sample_000775.npz,sample_000775_prediction.npz,0.0005468335002660751,0.0031733661890029907,0.8279836248275025,0.5071542130365659,0.6729957805907173,640,1256,1.9625,211.01202011108398,493.36953842009046,2.3381110619213246,0.3297062814235687,0.41182924892054873,0.5721207857131958,0.020561617744649773,0.0004156750096715236,0.0007952788537715138,-2.4829572882824493,2.4829572882824493,60.0,140.0,80.0,160.0,50.0,440.0,325.0,0.0006640265943582539,0.02576871347891186,0.013964125544111625,1.2359592393428962,0.9961048860219891,0.12191126472785208,0.013964125544111625,0.02165709565353912,60.0,80.0,50.0,-10.0,10.0,150.0,10.0,10.0,100.0,20.0,20.0,300.0,140.0,140.0,200.0,150.0,150.0,450.0,330.0,11.180339887498949,640,640000.0,0.3297062814235687,0.41182924892054873,0.08212296749698,0.08212296749698,0.2490791717476497,large,-2.4829572882824493
E09B-3,sample_001971,samples/sample_001971.npz,sample_001971_prediction.npz,0.0010923367226496339,0.004348221700638533,0.6342045375680069,0.12738853503184713,0.22598870056497175,160,1256,7.85,147.76297569274902,479.7810614277566,3.2469639920177937,0.9235185980796814,0.6253015324473381,0.6989467740058899,0.09024326161950066,0.0009469977339073358,0.006095032062556742,2.1589037016577777,2.1589037016577777,50.0,70.0,20.0,160.0,50.0,240.0,195.0,0.0012741729626898214,0.0356955594253658,0.017707357868673234,1.6449679990430661,0.9551049739508386,0.14775181376570357,0.017707357868673234,0.030993909724340324,50.0,20.0,30.0,-20.0,20.0,110.0,40.0,40.0,80.0,60.0,60.0,340.0,180.0,180.0,250.0,200.0,200.0,230.0,155.0,41.23105625617661,160,160000.0,0.9235185980796814,0.6253015324473381,-0.2982170656323433,0.2982170656323433,0.32291397948286155,small,2.1589037016577777
E09B-3,sample_002064,samples/sample_002064.npz,sample_002064_prediction.npz,0.001478475984185934,0.005060893949121237,0.807964500425254,0.3766552231486023,0.5472034200213751,768,2039,2.6549479166666665,498.9137878417969,909.7826336034864,1.823526741040827,0.6496273279190063,0.5942349950006852,0.7170196175575256,0.005140101815797819,0.0014496441994183993,0.002455197853742611,4.070965802537103,4.070965802537103,80.0,120.0,40.0,160.0,120.0,170.0,440.0,0.0011905740943258434,0.034504696699519666,0.01908257599976188,0.7408066487193825,0.9986977688823924,0.15152410382866988,0.01908257599976188,0.028747684907469595,80.0,40.0,60.0,-20.0,20.0,160.0,40.0,40.0,100.0,60.0,60.0,260.0,100.0,100.0,210.0,90.0,90.0,200.0,425.0,33.54101966249684,768,768000.0,0.6496273279190063,0.5942349950006852,-0.05539233291832113,0.05539233291832113,0.0852678613379197,large,4.070965802537103
E09B-3,sample_001548,samples/sample_001548.npz,sample_001548_prediction.npz,0.0010309360222890973,0.003484278917312622,0.8321333547118752,0.31058823529411766,0.473967684021544,396,1275,3.2196969696969697,281.8826107978821,610.7242002612016,2.166590548216216,0.7118247747421265,0.7570160705633838,0.8722510933876038,0.008388504529157657,0.0010011775660030459,0.0012686181085704428,1.0859506493295328,1.0859506493295328,50.0,90.0,40.0,90.0,110.0,455.0,335.0,0.0013410387613572066,0.03662019608572852,0.01737274287772236,0.967293392076041,0.9866684122004307,0.18502142986058334,0.01737274287772236,0.032237037181815476,50.0,40.0,40.0,-10.0,10.0,110.0,20.0,20.0,70.0,30.0,30.0,310.0,220.0,220.0,250.0,140.0,140.0,455.0,275.0,60.0,396,396000.0,0.7118247747421265,0.7570160705633838,0.04519129582125736,0.04519129582125736,0.06348654531956809,medium,1.0859506493295328
E09B-3,sample_000381,samples/sample_000381.npz,sample_000381_prediction.npz,0.0007817086880095303,0.003079269314184785,0.7703204445952059,0.4929343308395677,0.6603563474387528,600,1196,1.9933333333333334,171.90202474594116,448.02729416359284,2.606294456541422,0.2865033745765686,0.40849443822478254,0.9638996720314026,0.03359617018128686,0.0005801951526062461,0.0020933105374186995,-1.7151075998924838,1.7151075998924838,30.0,70.0,40.0,100.0,150.0,440.0,425.0,0.0012678181745402453,0.03560643445418602,0.015548081627734373,1.2694452015214936,0.9747149026892671,0.16659709190350452,0.015548081627734373,0.03203241065292392,30.0,40.0,20.0,-10.0,10.0,80.0,10.0,10.0,60.0,20.0,20.0,240.0,140.0,140.0,330.0,180.0,180.0,410.0,405.0,36.05551275463989,600,600000.0,0.2865033745765686,0.40849443822478254,0.12199106364821394,0.12199106364821394,0.4257927636227949,medium,-1.7151075998924838
E09B-3,sample_000114,samples/sample_000114.npz,sample_000114_prediction.npz,0.0014792565489187837,0.004811734426766634,0.7368144914093065,0.2776171197223829,0.4345857854232684,480,1729,3.6020833333333333,322.79139518737793,714.4569516681581,2.213370499710568,0.6724820733070374,0.5959149460929135,0.7569523453712463,0.01591148741004302,0.0014084409182791367,0.0060320734926472145,-0.20473982876119123,0.20473982876119123,80.0,100.0,20.0,150.0,160.0,485.0,350.0,0.001350167694062994,0.03674462809803623,0.019431675357882174,1.1468229263084588,0.9956544349312813,0.1646567129666674,0.019431675357882174,0.031186177817245708,80.0,20.0,60.0,-20.0,20.0,130.0,30.0,30.0,70.0,50.0,50.0,290.0,140.0,140.0,230.0,70.0,70.0,495.0,335.0,18.027756377319946,480,480000.0,0.6724820733070374,0.5959149460929135,-0.07656712721412384,0.07656712721412384,0.11385749933465562,medium,-0.20473982876119123
E09B-3,sample_000761,samples/sample_000761.npz,sample_000761_prediction.npz,0.0012912171659991145,0.002887522103264928,0.7406074798736172,0.29652042360060515,0.4574095682613769,196,661,3.372448979591837,195.83123445510864,432.1815741738395,2.206908287007253,0.9991389513015747,0.8779536731997315,0.93529212474823,0.016582359511435982,0.0012606685278470948,0.0005183507785462748,1.2129146517751366,1.2129146517751366,50.0,120.0,70.0,70.0,40.0,155.0,200.0,0.0006326017453340074,0.025151575404614466,0.011618611608140534,1.045640020755027,0.996198474380512,0.1610226177644491,0.011618611608140534,0.022307164984219523,50.0,70.0,40.0,-10.0,10.0,150.0,30.0,30.0,110.0,40.0,40.0,250.0,180.0,180.0,170.0,130.0,130.0,155.0,155.0,45.0,196,196000.0,0.9991389513015747,0.8779536731997315,-0.12118527810184321,0.12118527810184321,0.121289714452605,medium,1.2129146517751366
E09B-3,sample_001580,samples/sample_001580.npz,sample_001580_prediction.npz,0.0008269534446299076,0.002368062036111951,0.9034801699481729,0.5466970387243736,0.7069219440353461,480,878,1.8291666666666666,401.34976387023926,619.7179552427068,1.5440845143814967,0.8361453413963318,0.8669380954156319,0.9253909587860107,0.004751110316759654,0.0008076985046126197,0.00019368935550895228,-1.1484821081182588,1.1484821081182588,40.0,120.0,80.0,120.0,50.0,500.0,525.0,0.0006147499887287558,0.024794152309138454,0.01081570455101872,0.4899281653604013,0.9983300318513345,0.16475770906170256,0.01081570455101872,0.022310771474644903,40.0,80.0,0.0,-40.0,40.0,130.0,10.0,10.0,130.0,50.0,50.0,320.0,200.0,200.0,220.0,170.0,170.0,480.0,530.0,20.615528128088304,480,480000.0,0.8361453413963318,0.8669380954156319,0.03079275401930015,0.03079275401930015,0.03682703531885664,medium,-1.1484821081182588
E09B-3,sample_001591,samples/sample_001591.npz,sample_001591_prediction.npz,0.0006371294730342925,0.0037489207461476326,0.8920488922408276,0.7036632039365773,0.8260590500641849,1320,1796,1.3606060606060606,381.7951512336731,689.1137119148,1.8049304965977326,0.28923875093460083,0.38719761222177607,0.5865530371665955,0.026806005042670014,0.0002809582344229423,0.0007409811444436559,-3.0118829047893882,3.0118829047893882,70.0,150.0,80.0,110.0,150.0,395.0,325.0,0.0007062651504305522,0.026575649576831648,0.015063994841222483,0.7837116322452775,0.9987528648494213,0.11782832810498667,0.015063994841222483,0.021893862378625083,70.0,80.0,60.0,-10.0,10.0,160.0,10.0,10.0,100.0,20.0,20.0,260.0,150.0,150.0,210.0,60.0,60.0,420.0,315.0,26.92582403567252,1320,1320000.0,0.28923875093460083,0.38719761222177607,0.09795886128717524,0.09795886128717524,0.33867820605173515,large,-3.0118829047893882
E09B-3,sample_000709,samples/sample_000709.npz,sample_000709_prediction.npz,0.0012052388628944755,0.0038668708875775337,0.629205584307504,0.17804154302670624,0.3022670025188917,180,1011,5.616666666666666,170.6106162071228,421.9540524877492,2.4731992760373904,0.9478367567062378,0.5900993429952197,0.6346832513809204,0.12857828803492696,0.0009715839869355639,0.0041575680442660625,3.254203631329844,3.254203631329844,80.0,110.0,30.0,120.0,50.0,480.0,315.0,0.0005360331277287253,0.02315238924449754,0.012118119018537408,1.3121646453516718,0.9973005791326962,0.11458134181674423,0.012118119018537408,0.0197277550466668,80.0,30.0,60.0,-20.0,20.0,150.0,40.0,40.0,90.0,60.0,60.0,240.0,120.0,120.0,140.0,90.0,90.0,480.0,330.0,15.0,180,180000.0,0.9478367567062378,0.5900993429952197,-0.3577374137110181,0.3577374137110181,0.3774251327350574,small,3.254203631329844
E09B-3,sample_000703,samples/sample_000703.npz,sample_000703_prediction.npz,0.000669312896206975,0.0036201521288603544,0.9061253371290958,0.42518397383483236,0.5966724039013196,520,1223,2.351923076923077,243.65123629570007,597.843496751185,2.4536854638637253,0.4685600697994232,0.652241942171867,0.7775977849960327,0.040416497995249025,0.0004579436187758972,0.00040062270507461973,-0.9998781853006165,0.9998781853006165,30.0,110.0,80.0,130.0,50.0,465.0,415.0,0.0016463950268893004,0.04057579360763385,0.01878076117281437,1.1732360342799075,0.991978253186783,0.26248691655454937,0.01878076117281437,0.03596773605134202,30.0,80.0,20.0,-10.0,10.0,120.0,10.0,10.0,100.0,20.0,20.0,260.0,130.0,130.0,310.0,260.0,260.0,410.0,395.0,58.52349955359813,520,520000.0,0.4685600697994232,0.652241942171867,0.18368187237244382,0.18368187237244382,0.39201349882646347,medium,-0.9998781853006165
E09B-3,sample_001400,samples/sample_001400.npz,sample_001400_prediction.npz,0.00042955612298101187,0.002331153256818652,0.7316322797221203,0.24469160768452983,0.3931762794476036,242,989,4.086776859504132,134.1245481967926,301.94155197362835,2.2512027517185618,0.5542336702346802,0.4274884698804745,0.5222537517547607,0.016850912288655897,0.00038903103884266684,0.003467910173118429,2.539765312653259,2.539765312653259,30.0,50.0,20.0,110.0,110.0,425.0,365.0,0.0005160651588717233,0.022717067567618036,0.009572766414240933,0.8677022707499141,0.9681530971511172,0.10847962277211898,0.009572766414240933,0.020601633480141913,30.0,20.0,20.0,-10.0,10.0,70.0,20.0,20.0,50.0,30.0,30.0,230.0,120.0,120.0,280.0,170.0,170.0,415.0,380.0,18.027756377319946,242,242000.0,0.5542336702346802,0.4274884698804745,-0.12674520035420567,0.12674520035420567,0.22868549343192685,medium,2.539765312653259
E09B-3,sample_001887,samples/sample_001887.npz,sample_001887_prediction.npz,0.0004903208464384079,0.0019985756371170282,0.8265258086930882,0.3551609322974473,0.5241605241605242,320,901,2.815625,185.7793426513672,360.29984099107475,1.939396683447266,0.5805604457855225,0.5705109325237572,0.7475588917732239,0.00508000527505644,0.00047533170302977405,0.0006785919704576018,-0.08006679952860907,0.08006679952860907,20.0,70.0,50.0,40.0,160.0,380.0,240.0,0.0006226718652149857,0.02495339386165709,0.009984898698804147,0.7067301628586372,0.9660448669183657,0.13385668104149626,0.009984898698804147,0.022868617430653847,20.0,50.0,20.0,0.0,0.0,80.0,10.0,10.0,60.0,10.0,10.0,190.0,150.0,150.0,270.0,110.0,110.0,355.0,255.0,29.154759474226502,320,320000.0,0.5805604457855225,0.5705109325237572,-0.010049513261765286,0.010049513261765286,0.01731002057532162,medium,-0.08006679952860907
E09B-3,sample_001331,samples/sample_001331.npz,sample_001331_prediction.npz,0.0015416560927405953,0.0025426018983125687,0.2545284486767029,0.17432646592709986,0.2968960863697706,110,631,5.736363636363636,28.615364134311676,277.9696243123598,9.71399920013795,0.26013967394828796,0.3106830678202889,1.0,0.0045068643353614575,0.001538334524889995,0.00035167646404592363,1.5832906414759158,1.5832906414759158,20.0,40.0,20.0,50.0,110.0,375.0,195.0,0.0021555780316297136,0.046428202976528325,0.014679728810890764,6.150720192877607,0.6180173172801292,0.36573514761877984,0.014679728810890764,0.04404638002910588,20.0,20.0,20.0,0.0,0.0,70.0,30.0,30.0,50.0,30.0,30.0,290.0,240.0,240.0,220.0,110.0,110.0,275.0,190.0,100.12492197250393,110,110000.0,0.26013967394828796,0.3106830678202889,0.05054339387200096,0.05054339387200096,0.1942932929255853,small,1.5832906414759158
E09B-3,sample_001596,samples/sample_001596.npz,sample_001596_prediction.npz,0.001465491484850645,0.0045392573811113834,0.6635581769896645,0.19626168224299065,0.328125,252,1284,5.095238095238095,230.43040251731873,527.2308279048739,2.2880263287534213,0.9144063591957092,0.6179248094558716,0.6910126209259033,0.08900850657906265,0.0012405002081375123,0.006948258790867732,0.594656123685823,0.594656123685823,80.0,100.0,20.0,140.0,90.0,390.0,355.0,0.000815633799511523,0.02855930320423667,0.015057188005111532,1.1807500756104008,0.9970359013333839,0.13506239667346198,0.015057188005111532,0.024267568664582954,80.0,20.0,60.0,-20.0,20.0,130.0,30.0,30.0,70.0,50.0,50.0,250.0,110.0,110.0,160.0,70.0,70.0,385.0,350.0,7.0710678118654755,252,252000.0,0.9144063591957092,0.6179248094558716,-0.29648154973983765,0.29648154973983765,0.3242339106222052,medium,0.594656123685823
E09B-3,sample_002009,samples/sample_002009.npz,sample_002009_prediction.npz,0.00029876394546590745,0.0022948177065700293,0.7711291736391872,0.44022906227630637,0.6113320079522863,616,1396,2.2662337662337664,175.44790244102478,367.8523058389413,2.096646928922912,0.28481802344322205,0.2642563428705582,0.39990589022636414,0.002018516346480777,0.0002879195238977344,0.0015806738125090584,6.062233500331871,6.062233500331871,80.0,120.0,40.0,140.0,110.0,360.0,135.0,0.0002429329608507442,0.015586306838078871,0.008847943119558041,0.9342400740320911,0.9955218037790514,0.061929964035177254,0.008847943119558041,0.012831479392642524,80.0,40.0,70.0,-10.0,10.0,150.0,30.0,30.0,80.0,40.0,40.0,240.0,100.0,100.0,170.0,60.0,60.0,370.0,135.0,10.0,616,616000.0,0.28481802344322205,0.2642563428705582,-0.020561680572663832,0.020561680572663832,0.07219234346229063,large,6.062233500331871
E09B-3,sample_002116,samples/sample_002116.npz,sample_002116_prediction.npz,0.0013130391016602516,0.004161187447607517,0.896869715769143,0.45870307167235497,0.6289190453907346,672,1465,2.1800595238095237,638.236249923706,952.328096073965,1.492124736236472,0.9497563242912292,0.8790944655913682,0.9404835104942322,0.0063334112635799545,0.0012784838618365643,0.0006605683334992741,3.9504401218988505,3.9504401218988505,40.0,110.0,70.0,60.0,160.0,190.0,340.0,0.0008012980348592676,0.028307208178470506,0.015800917589461567,0.35108031035441345,0.9935330942389848,0.11609459467371347,0.015800917589461567,0.02348678433056155,40.0,70.0,0.0,-40.0,40.0,130.0,20.0,20.0,130.0,60.0,60.0,330.0,270.0,270.0,360.0,200.0,200.0,165.0,330.0,26.92582403567252,672,672000.0,0.9497563242912292,0.8790944655913682,-0.07066185869986108,0.07066185869986108,0.07439998754690433,large,3.9504401218988505
E09B-3,sample_000238,samples/sample_000238.npz,sample_000238_prediction.npz,0.0008719891193322837,0.003476369194686413,0.9448232025683496,0.6881720430107527,0.8152866242038217,1344,1953,1.453125,988.6517601013184,1262.5511649467257,1.2770433593496437,0.7356039881706238,0.7328484428691722,0.8365065455436707,0.0042099257446409025,0.0008257207254744105,0.00046011207812628635,0.7554345610982693,0.7554345610982693,50.0,120.0,70.0,160.0,120.0,350.0,150.0,0.0007012857017941263,0.026481799444035642,0.013659086844862901,0.2465622247881896,0.9988953668564038,0.1339583749283766,0.013659086844862901,0.022687332332352775,50.0,70.0,30.0,-20.0,20.0,200.0,80.0,80.0,170.0,100.0,100.0,380.0,220.0,220.0,200.0,80.0,80.0,350.0,160.0,10.0,1344,1344000.0,0.7356039881706238,0.7328484428691722,-0.002755545301451612,0.002755545301451612,0.0037459629716043103,large,0.7554345610982693
E09B-3,sample_000737,samples/sample_000737.npz,sample_000737_prediction.npz,0.000249742268351838,0.0018116849241778255,0.7496944618939478,0.3116883116883117,0.4752475247524752,240,770,3.2083333333333335,93.02326440811157,256.53583013914715,2.7577599192141165,0.3875969350337982,0.36105733265479406,0.47372978925704956,0.0021424307174789585,0.0002451101343008126,0.002609014135615628,4.582716997817101,4.582716997817101,40.0,70.0,30.0,50.0,160.0,375.0,160.0,0.0004081815933583724,0.020203504482103406,0.00877529083826773,1.3760205141834376,0.9769931460316597,0.11762049564581306,0.00877529083826773,0.018198237938388068,40.0,30.0,20.0,-20.0,20.0,100.0,30.0,30.0,80.0,50.0,50.0,160.0,110.0,110.0,220.0,60.0,60.0,340.0,180.0,40.311288741492746,240,240000.0,0.3875969350337982,0.36105733265479406,-0.026539602379004157,0.026539602379004157,0.0684721678118789,medium,4.582716997817101
E09B-3,sample_000271,samples/sample_000271.npz,sample_000271_prediction.npz,0.0012134468415752053,0.004209925886243582,0.7501889198783108,0.2745762711864407,0.4308510638297872,405,1475,3.6419753086419755,286.7427536845207,618.0390328485408,2.155378034517022,0.7080067992210388,0.606085471312205,0.7053345441818237,0.013812821720482673,0.0011613243472784664,0.002982927840438254,0.729804953021258,0.729804953021258,80.0,110.0,30.0,90.0,150.0,365.0,435.0,0.0009263983104804152,0.03043679205304684,0.016411217831341595,1.064775919440408,0.9962829439698564,0.13900131412910244,0.016411217831341595,0.025633381356595753,80.0,30.0,60.0,-20.0,20.0,150.0,40.0,40.0,90.0,60.0,60.0,240.0,150.0,150.0,210.0,60.0,60.0,370.0,435.0,5.0,405,405000.0,0.7080067992210388,0.606085471312205,-0.10192132790883379,0.10192132790883379,0.14395529537423846,medium,0.729804953021258
E09B-3,sample_001280,samples/sample_001280.npz,sample_001280_prediction.npz,0.0020908007863909006,0.0034394972026348114,0.30740697931783584,0.22950819672131148,0.37333333333333335,210,915,4.357142857142857,63.227905333042145,396.46752911983987,6.2704517417035275,0.3010852634906769,0.32235672225554785,1.0,0.0034118865370330194,0.0020879725307720357,0.0003749172844163967,1.4652036762280716,1.4652036762280716,20.0,40.0,20.0,70.0,150.0,415.0,485.0,0.002828863578990523,0.05318706213911916,0.019515533113965415,3.6353907568516592,0.639878492154721,0.3722558731124332,0.019515533113965415,0.04947734376730669,20.0,20.0,20.0,0.0,0.0,70.0,30.0,30.0,50.0,30.0,30.0,300.0,230.0,230.0,510.0,360.0,360.0,320.0,355.0,161.01242188104618,210,210000.0,0.3010852634906769,0.32235672225554785,0.021271458764870965,0.021271458764870965,0.07064928558195488,medium,1.4652036762280716
E09B-3,sample_000473,samples/sample_000473.npz,sample_000473_prediction.npz,0.0007893231231719255,0.003590333042666316,0.9185346052135441,0.5491153142159854,0.7089405277668374,900,1639,1.8211111111111111,463.0685806274414,792.3164196384732,1.7110131258849666,0.5145206451416016,0.6299630487296316,0.8587348461151123,0.029962554265901848,0.0005197663284094241,0.0008601366646359424,0.7515723982979523,0.7515723982979523,50.0,90.0,40.0,150.0,150.0,445.0,245.0,0.0012569078854592108,0.03545289671464394,0.017233937300411787,0.6290450249048674,0.994807650199129,0.1706295636425521,0.017233937300411787,0.030982241535832847,50.0,40.0,40.0,-10.0,10.0,110.0,20.0,20.0,70.0,30.0,30.0,290.0,140.0,140.0,280.0,130.0,130.0,465.0,200.0,49.24428900898052,900,900000.0,0.5145206451416016,0.6299630487296316,0.11544240358803004,0.11544240358803004,0.2243688463778923,large,0.7515723982979523
E09B-3,sample_001502,samples/sample_001502.npz,sample_001502_prediction.npz,0.000573661585804075,0.0023583064321428537,0.7611057777642699,0.3189326556543837,0.4836223506743738,252,786,3.119047619047619,71.70944917201996,300.1165014109003,4.185173709687365,0.28456130623817444,0.49678968434177695,0.675758957862854,0.0639192401467867,0.00041085933597462406,0.001027774302767007,-0.13439568061063767,0.13439568061063767,70.0,140.0,70.0,60.0,60.0,160.0,450.0,0.0004440426851426008,0.021072320354972796,0.01070274776898241,2.981213569276642,0.9954403363464174,0.11003560889450431,0.01070274776898241,0.01815196615620861,70.0,70.0,70.0,0.0,0.0,160.0,20.0,20.0,90.0,20.0,20.0,210.0,150.0,150.0,140.0,80.0,80.0,165.0,440.0,11.180339887498949,252,252000.0,0.28456130623817444,0.49678968434177695,0.2122283781036025,0.2122283781036025,0.7458089819350557,medium,-0.13439568061063767
E09B-3,sample_000960,samples/sample_000960.npz,sample_000960_prediction.npz,0.0009736402425915003,0.0033384617418050766,0.7489555491438692,0.30139103554868624,0.46318289786223277,390,1294,3.317948717948718,203.0231523513794,527.3294017619592,2.5973855476802536,0.5205721855163574,0.5595945170292488,0.9509173631668091,0.0035846365284976757,0.0009632404252569417,0.0036452206949555473,0.025714806917150668,0.025714806917150668,70.0,90.0,20.0,130.0,150.0,165.0,265.0,0.001075588993810871,0.032796173462934224,0.016567063169291737,1.4499282786131331,0.9894544205084188,0.14856904460707565,0.016567063169291737,0.02830408825162133,70.0,20.0,60.0,-10.0,10.0,110.0,20.0,20.0,50.0,30.0,30.0,260.0,130.0,130.0,240.0,90.0,90.0,190.0,230.0,43.01162633521314,390,390000.0,0.5205721855163574,0.5595945170292488,0.03902233151289136,0.03902233151289136,0.07496046196587505,medium,0.025714806917150668
E09B-3,sample_001604,samples/sample_001604.npz,sample_001604_prediction.npz,0.0007788495277054608,0.0027977025602012873,0.8110050715854489,0.3448275862068966,0.5128205128205128,320,928,2.9,209.39214706420898,463.9718944290105,2.2158037010181473,0.6543504595756531,0.678126509487629,0.8017906546592712,0.009976591206838964,0.0007488112304623434,0.000442039090667486,-3.023680637836577,3.023680637836577,70.0,150.0,80.0,50.0,80.0,265.0,500.0,0.0005157953098312201,0.022711127445180262,0.01207470244201729,1.1504998473597596,0.9954121477711277,0.11945512131611269,0.01207470244201729,0.01923530272098575,70.0,80.0,50.0,-20.0,20.0,160.0,10.0,10.0,110.0,30.0,30.0,280.0,230.0,230.0,210.0,130.0,130.0,250.0,455.0,47.43416490252569,320,320000.0,0.6543504595756531,0.678126509487629,0.023776049911975905,0.023776049911975905,0.0363353453245753,medium,-3.023680637836577
E09B-3,sample_001049,samples/sample_001049.npz,sample_001049_prediction.npz,0.00037461883039213717,0.0021239144261926413,0.8123111567299199,0.5803571428571429,0.7344632768361582,630,963,1.5285714285714285,164.42838996648788,328.9066189233344,2.0003031045330357,0.2609974443912506,0.3259332238740864,0.5888277888298035,0.02551996595606975,0.0002124306500799685,0.0021257676170005455,-4.114723643811857,4.114723643811857,50.0,110.0,60.0,70.0,150.0,215.0,405.0,0.0003314161571541948,0.01820483883900637,0.008674542121380047,0.9321257180264777,0.9954921666499004,0.09185524688828944,0.008674542121380047,0.016005264013398784,50.0,60.0,50.0,0.0,0.0,110.0,0.0,0.0,60.0,0.0,0.0,240.0,170.0,170.0,220.0,70.0,70.0,230.0,390.0,21.213203435596427,630,630000.0,0.2609974443912506,0.3259332238740864,0.0649357794828358,0.0649357794828358,0.24879852610929487,large,-4.114723643811857
E09B-3,sample_001954,samples/sample_001954.npz,sample_001954_prediction.npz,0.0004131445020902902,0.0018788595916703343,0.6516009393172283,0.1891891891891892,0.3181818181818182,140,740,5.285714285714286,69.94698226451874,243.63894332670853,3.4831944915841877,0.49962130188941956,0.4618032406483378,0.5204522013664246,0.003109535346077224,0.00040929899120715634,0.004883593667175994,2.1429196315058476,2.1429196315058476,80.0,100.0,20.0,100.0,70.0,400.0,495.0,0.00029166478137562595,0.01707819608084021,0.008489269795318423,2.2429579795075028,0.994082182636812,0.08719087686635577,0.008489269795318423,0.014818808309642184,80.0,20.0,70.0,-10.0,10.0,130.0,30.0,30.0,60.0,40.0,40.0,230.0,130.0,130.0,140.0,70.0,70.0,395.0,490.0,7.0710678118654755,140,140000.0,0.49962130188941956,0.4618032406483378,-0.03781806124108178,0.03781806124108178,0.07569345241699081,small,2.1429196315058476
E09B-3,sample_001051,samples/sample_001051.npz,sample_001051_prediction.npz,0.0007827041554264724,0.0031162176746875048,0.8118253430667659,0.2462686567164179,0.39520958083832336,264,1072,4.0606060606060606,169.32887077331543,470.2994559522137,2.777432187460901,0.64139723777771,0.7383459402304707,0.8507930040359497,0.016467830054028375,0.0007404676154073701,0.0011333380051847142,5.005572286475044,5.005572286475044,40.0,80.0,40.0,110.0,60.0,165.0,520.0,0.0011544140356980859,0.03397666899061893,0.015406970636002739,1.2777268607255938,0.9681749729301685,0.1770496663126389,0.015406970636002739,0.03028265661264605,40.0,40.0,30.0,-10.0,10.0,110.0,30.0,30.0,80.0,40.0,40.0,270.0,160.0,160.0,290.0,230.0,230.0,135.0,495.0,39.05124837953327,264,264000.0,0.64139723777771,0.7383459402304707,0.09694870245276077,0.09694870245276077,0.15115235417705436,medium,5.005572286475044
E09B-3,sample_000519,samples/sample_000519.npz,sample_000519_prediction.npz,0.0006466495688073337,0.003512114519253373,0.909532892664186,0.6332599118942731,0.7754551584625758,1152,1814,1.5746527777777777,485.49850845336914,783.8961223660979,1.6146210723969485,0.42143967747688293,0.4928099187090993,0.6750004291534424,0.016645174398317867,0.00045694374077019884,0.0006090519819060928,-0.04578585035083904,0.04578585035083904,70.0,130.0,60.0,160.0,120.0,190.0,260.0,0.0007156863279070287,0.026752314440194304,0.01452476690728647,0.5845910601633663,0.9993911326676731,0.121445516768804,0.01452476690728647,0.022465918058161446,70.0,60.0,60.0,-10.0,10.0,150.0,20.0,20.0,90.0,30.0,30.0,250.0,90.0,90.0,180.0,60.0,60.0,225.0,270.0,36.40054944640259,1152,1152000.0,0.42143967747688293,0.4928099187090993,0.07137024123221636,0.07137024123221636,0.16934865188655904,large,-0.04578585035083904
E09B-3,sample_002133,samples/sample_002133.npz,sample_002133_prediction.npz,0.00023218948626890779,0.0019197907531633973,0.7785735242285866,0.41189931350114417,0.5834683954619124,360,874,2.4277777777777776,119.72476601600647,286.9183094828166,2.396482524296246,0.33256879448890686,0.31150307891269524,0.4630483388900757,0.0024575297240273897,0.00022401010284160374,0.0003506044307410249,2.765393112222064,2.765393112222064,20.0,80.0,60.0,120.0,50.0,250.0,245.0,0.00043243396187399395,0.02079504657061373,0.009168664226377469,0.9241195390623471,0.9575838346287302,0.11795442964921651,0.009168664226377469,0.01866466067674256,20.0,60.0,20.0,0.0,0.0,100.0,20.0,20.0,80.0,20.0,20.0,220.0,100.0,100.0,200.0,150.0,150.0,230.0,270.0,32.01562118716424,360,360000.0,0.33256879448890686,0.31150307891269524,-0.02106571557621162,0.02106571557621162,0.06334242997327967,medium,2.765393112222064
E09B-3,sample_000492,samples/sample_000492.npz,sample_000492_prediction.npz,0.00017155137902591377,0.0014828135026618838,0.7321500321788894,0.4294117647058823,0.6008230452674898,336,636,1.8928571428571428,69.23460531234741,194.5270346394794,2.8096792602757446,0.20605537295341492,0.23882841517306155,0.4727747142314911,0.012080008336682643,0.00013070905750910846,0.0019277600774893731,-2.036787713047694,2.036787713047694,30.0,90.0,60.0,40.0,140.0,390.0,410.0,0.0002673394480325652,0.016350518280243143,0.006922318771360956,1.5014482502971895,0.9817195460848511,0.09678195941241596,0.006922318771360956,0.014812864370547277,30.0,60.0,20.0,-10.0,10.0,90.0,0.0,0.0,70.0,10.0,10.0,190.0,150.0,150.0,270.0,130.0,130.0,395.0,415.0,7.0710678118654755,336,336000.0,0.20605537295341492,0.23882841517306155,0.032773042219646636,0.032773042219646636,0.15904968528559543,medium,-2.036787713047694
E09B-3,sample_000901,samples/sample_000901.npz,sample_000901_prediction.npz,0.0019278541440144181,0.0046334341168403625,0.7720394442574361,0.3115264797507788,0.4750593824228028,400,1284,3.21,387.03465461730957,723.0794416297553,1.868255033505252,0.9675866365432739,0.8182862095534802,0.8810524344444275,0.023317262937786874,0.001840464884730882,0.002308532975150161,1.428828371353049,1.428828371353049,70.0,110.0,40.0,100.0,100.0,200.0,200.0,0.0011140991957344498,0.03337812450894223,0.016568653302905714,0.7992085739647671,0.9989074586322032,0.1755809949539041,0.016568653302905714,0.02897548832138229,70.0,40.0,50.0,-20.0,20.0,140.0,30.0,30.0,90.0,50.0,50.0,240.0,140.0,140.0,150.0,50.0,50.0,190.0,185.0,18.027756377319946,400,400000.0,0.9675866365432739,0.8182862095534802,-0.14930042698979373,0.14930042698979373,0.1543018695702258,medium,1.428828371353049
E09B-3,sample_000728,samples/sample_000728.npz,sample_000728_prediction.npz,0.0006160966586321592,0.0022200108505785465,0.8059084776140912,0.3530895334174023,0.5219012115563839,280,793,2.8321428571428573,104.24670338630676,322.08753642660815,3.089666396768914,0.3723096549510956,0.5724121003278664,0.7694276571273804,0.054544480951495174,0.0004620533039362157,0.001300631493333271,-0.4066511751372701,0.4066511751372701,60.0,100.0,40.0,70.0,100.0,335.0,470.0,0.0005906785691406134,0.0243038797137538,0.01125225328722636,1.9062678985908135,0.9912272055393619,0.13825846306146938,0.01125225328722636,0.021542176424417216,60.0,40.0,50.0,-10.0,10.0,110.0,10.0,10.0,60.0,20.0,20.0,250.0,180.0,180.0,180.0,80.0,80.0,355.0,450.0,28.284271247461902,280,280000.0,0.3723096549510956,0.5724121003278664,0.2001024453767708,0.2001024453767708,0.5374624125798056,medium,-0.4066511751372701
E09B-3,sample_000044,samples/sample_000044.npz,sample_000044_prediction.npz,0.0014464397681877017,0.0038298508152365685,0.8941522651426175,0.4834390415785765,0.6517814726840855,686,1419,2.068513119533528,557.6774952411652,930.2256792603978,1.6680351765999197,0.8129409551620483,0.8966789656582101,0.9456520676612854,0.009242653690521994,0.0013916526439890818,0.0006097372644884553,-1.2281818120801944,1.2281818120801944,70.0,140.0,70.0,70.0,140.0,275.0,260.0,0.0012324291811147985,0.035105970733121716,0.018397988157668223,0.6668295051502879,0.9998975137941529,0.18459673388641606,0.018397988157668223,0.029898883137420007,70.0,70.0,50.0,-20.0,20.0,160.0,20.0,20.0,110.0,40.0,40.0,240.0,170.0,170.0,170.0,30.0,30.0,270.0,255.0,7.0710678118654755,686,686000.0,0.8129409551620483,0.8966789656582101,0.08373801049616181,0.08373801049616181,0.10300626381834806,large,-1.2281818120801944
E09B-3,sample_000653,samples/sample_000653.npz,sample_000653_prediction.npz,0.0012116630095988512,0.003039502538740635,0.368680546493425,0.2589676290463692,0.41139680333564976,312,1127,3.6121794871794872,65.11785006523132,354.1997286144803,5.439364602173803,0.20871105790138245,0.24699663342191622,0.999997615814209,0.006674664299465072,0.0011942691196460975,0.001866839878914248,3.515195536576023,3.515195536576023,20.0,40.0,20.0,120.0,130.0,300.0,235.0,0.001840672958923354,0.04290306467984955,0.016908300451164746,3.049233174527037,0.7198061960939265,0.2639432184790414,0.016908300451164746,0.039430728306442626,20.0,20.0,20.0,0.0,0.0,80.0,40.0,40.0,60.0,40.0,40.0,280.0,160.0,160.0,380.0,250.0,250.0,240.0,200.0,69.46221994724903,312,312000.0,0.20871105790138245,0.24699663342191622,0.03828557552053377,0.03828557552053377,0.18343817479294267,medium,3.515195536576023
E09B-3,sample_001330,samples/sample_001330.npz,sample_001330_prediction.npz,0.0009417043183930218,0.004151119384914637,0.9180274451172816,0.7032258064516129,0.8257575757575758,1320,1848,1.4,743.6322569847107,1047.0259457997627,1.4079888761755124,0.5633577704429626,0.6086337852009543,0.8280414342880249,0.022940451633788002,0.0006422905344699414,0.0002165737272199127,-0.9968568977000984,0.9968568977000984,50.0,130.0,80.0,150.0,110.0,365.0,405.0,0.0009105318764432342,0.030175020736417632,0.015380510539366003,0.38222128788925597,0.9970408488197985,0.15609045274119282,0.015380510539366003,0.025960966314674913,50.0,80.0,40.0,-10.0,10.0,150.0,20.0,20.0,110.0,30.0,30.0,320.0,170.0,170.0,180.0,70.0,70.0,390.0,430.0,35.35533905932738,1320,1320000.0,0.5633577704429626,0.6086337852009543,0.0452760147579917,0.0452760147579917,0.08036813750237548,large,-0.9968568977000984
E09B-3,sample_000517,samples/sample_000517.npz,sample_000517_prediction.npz,0.0004979418590664864,0.0024362504482269287,0.6807642395578857,0.17685589519650655,0.300556586270872,162,916,5.654320987654321,96.17286157608032,306.613606676525,3.188151019442938,0.5936596393585205,0.5039917298673112,0.5926083326339722,0.0093717293635884,0.0004832941562623085,0.005278840477142283,-0.4226534167461864,0.4226534167461864,50.0,70.0,20.0,90.0,90.0,235.0,195.0,0.0006545761278571335,0.025584685416419204,0.011341154813742394,1.7271802570292518,0.9514866015444234,0.12743176176532017,0.011341154813742394,0.02293369432402597,50.0,20.0,40.0,-10.0,10.0,90.0,20.0,20.0,50.0,30.0,30.0,280.0,190.0,190.0,280.0,190.0,190.0,240.0,160.0,35.35533905932738,162,162000.0,0.5936596393585205,0.5039917298673112,-0.08966790949120929,0.08966790949120929,0.1510426236624407,small,-0.4226534167461864
E09B-3,sample_001265,samples/sample_001265.npz,sample_001265_prediction.npz,0.001122748595662415,0.003924341406673193,0.9266339370550596,0.5867287543655413,0.7395451210564931,1008,1718,1.7043650793650793,680.8959245681763,1052.820025051555,1.5462275320846612,0.675491988658905,0.7787260148260329,0.8889651894569397,0.017205641692552696,0.0009561276572436743,0.0007084841184693474,1.8400477875319297,1.8400477875319297,60.0,120.0,60.0,120.0,140.0,180.0,480.0,0.0013571929195911462,0.036840099342851214,0.01794149877841034,0.5176652580143614,0.9993100131250807,0.19306324172303913,0.01794149877841034,0.03217600878256106,60.0,60.0,50.0,-10.0,10.0,150.0,30.0,30.0,100.0,40.0,40.0,180.0,60.0,60.0,160.0,20.0,20.0,200.0,480.0,20.0,1008,1008000.0,0.675491988658905,0.7787260148260329,0.10323402616712785,0.10323402616712785,0.15282790603051352,large,1.8400477875319297
E09B-3,sample_001292,samples/sample_001292.npz,sample_001292_prediction.npz,0.00036774660111404955,0.0023810015991330147,0.8083831086386788,0.34572169403630076,0.5138086062941555,400,1157,2.8925,147.53621816635132,371.16269337254414,2.5157395111893646,0.3688405454158783,0.4094648880511522,0.4957216680049896,0.005377839369692759,0.0003472771925181463,0.0008754483057346478,-1.3927263508680525,1.3927263508680525,30.0,80.0,50.0,100.0,80.0,360.0,420.0,0.0008697511676499762,0.02949154400247597,0.012511802804310773,1.1792399755711078,0.9818304519845833,0.16915900460415528,0.012511802804310773,0.026705916165449508,30.0,50.0,20.0,-10.0,10.0,90.0,10.0,10.0,70.0,20.0,20.0,260.0,160.0,160.0,280.0,200.0,200.0,350.0,400.0,22.360679774997898,400,400000.0,0.3688405454158783,0.4094648880511522,0.040624342635273925,0.040624342635273925,0.11014066414382077,medium,-1.3927263508680525
E09B-3,sample_001298,samples/sample_001298.npz,sample_001298_prediction.npz,0.00028237493825145066,0.0015734722837805748,0.7916032100049241,0.29253731343283584,0.45265588914549654,196,670,3.4183673469387754,110.08473920822144,230.29610985913345,2.091989421199758,0.5616568326950073,0.4743836058341727,0.6193012595176697,0.010342559039888174,0.0002622767159882915,0.003706957698947697,-0.6402726734566784,0.6402726734566784,50.0,70.0,20.0,70.0,140.0,235.0,210.0,0.00021375570865461748,0.01462038674777851,0.0065431514689720145,0.8963431759655442,0.9793034944004846,0.07056084247577138,0.0065431514689720145,0.013074512515145905,50.0,20.0,40.0,-10.0,10.0,80.0,10.0,10.0,40.0,20.0,20.0,260.0,190.0,190.0,280.0,140.0,140.0,230.0,180.0,30.4138126514911,196,196000.0,0.5616568326950073,0.4743836058341727,-0.08727322686083461,0.08727322686083461,0.15538532032463673,medium,-0.6402726734566784
E09B-3,sample_001513,samples/sample_001513.npz,sample_001513_prediction.npz,0.0008433556067757308,0.0034400757867842913,0.717023991599072,0.23677979479084452,0.3828972559029994,300,1267,4.223333333333334,185.75980067253113,473.03029904039005,2.546462137275207,0.6191993355751038,0.5343614714344342,0.6136153340339661,0.009486498237074039,0.0008168980772775714,0.001491088973461202,5.4025914813683045,5.4025914813683045,80.0,130.0,50.0,50.0,120.0,355.0,490.0,0.0005696833581344102,0.023868040517277707,0.013302446866331776,1.3540389036525222,0.9961336285857403,0.10811753569033733,0.013302446866331776,0.019817372820402558,80.0,50.0,70.0,-10.0,10.0,160.0,30.0,30.0,90.0,40.0,40.0,210.0,160.0,160.0,180.0,60.0,60.0,365.0,480.0,14.142135623730951,300,300000.0,0.6191993355751038,0.5343614714344342,-0.08483786414066952,0.08483786414066952,0.13701220150999238,medium,5.4025914813683045
E09B-3,sample_000392,samples/sample_000392.npz,sample_000392_prediction.npz,0.0015559871681034565,0.003549586283043027,0.6879181094036402,0.21251475796930341,0.3505355404089581,180,847,4.705555555555556,178.24459075927734,482.75988381787016,2.7084125344922607,0.9902477264404297,0.8668498261107339,0.9137324690818787,0.016476316221865378,0.0015286172318684347,0.002481068388248638,4.912965329045221,4.912965329045221,50.0,90.0,40.0,50.0,90.0,175.0,355.0,0.0011950169429924718,0.03456901709612918,0.01568083456684597,1.3746662854392762,0.9900530819016652,0.21692655335104,0.01568083456684597,0.03080792706885162,50.0,40.0,20.0,-30.0,30.0,130.0,40.0,40.0,110.0,70.0,70.0,250.0,200.0,200.0,220.0,130.0,130.0,165.0,350.0,11.180339887498949,180,180000.0,0.9902477264404297,0.8668498261107339,-0.12339790032969578,0.12339790032969578,0.12461316197439311,small,4.912965329045221
E09B-3,sample_001800,samples/sample_001800.npz,sample_001800_prediction.npz,0.0003810767375398427,0.0018476216355338693,0.8415870314490702,0.425764192139738,0.5972434915773354,390,916,2.348717948717949,191.56806975603104,346.40627586316094,1.808267297907851,0.49120017886161804,0.48369619189164575,0.6573203802108765,0.005711052887683539,0.00035984700908227405,0.0008665196274248131,0.09008006979092897,0.09008006979092897,20.0,70.0,50.0,60.0,130.0,210.0,405.0,0.00047094808073799003,0.021701338224588595,0.008752855907261879,0.5814018575086907,0.9772110531963589,0.10906948823617357,0.008752855907261879,0.019857884937845238,20.0,50.0,20.0,0.0,0.0,80.0,10.0,10.0,60.0,10.0,10.0,220.0,160.0,160.0,220.0,90.0,90.0,180.0,420.0,33.54101966249684,390,390000.0,0.49120017886161804,0.48369619189164575,-0.007503986969972287,0.007503986969972287,0.01527684087445401,medium,0.09008006979092897
E09B-3,sample_002073,samples/sample_002073.npz,sample_002073_prediction.npz,0.00033653341233730316,0.0024324108380824327,0.678202578104353,0.2986811481768813,0.45997610513739545,385,1289,3.348051948051948,95.07418975234032,326.9414206083338,3.438803122698039,0.24694594740867615,0.2703772526282769,0.386831134557724,0.0025676687736656224,0.00032776099983061274,0.0010176274954078154,0.5956429349081134,0.5956429349081134,80.0,130.0,50.0,70.0,110.0,395.0,165.0,0.00039615967771521607,0.019903760391323445,0.010893415193447178,2.2073718466779755,0.9910886805627268,0.08548462506993629,0.010893415193447178,0.01665812663952313,80.0,50.0,70.0,-10.0,10.0,160.0,30.0,30.0,90.0,40.0,40.0,220.0,150.0,150.0,210.0,100.0,100.0,390.0,155.0,11.180339887498949,385,385000.0,0.24694594740867615,0.2703772526282769,0.02343130521960074,0.02343130521960074,0.09488434803436466,medium,0.5956429349081134
E09B-3,sample_000911,samples/sample_000911.npz,sample_000911_prediction.npz,0.00043187974370084703,0.0030940494034439325,0.8114689057821244,0.39593908629441626,0.5672727272727273,546,1379,2.5256410256410255,161.15512830018997,452.1362721342585,2.805596550995551,0.29515591263771057,0.37254657025957283,0.501350462436676,0.013189446222169714,0.00036062593065491207,0.0011599383901602725,0.43604526138530275,0.43604526138530275,30.0,90.0,60.0,70.0,130.0,465.0,325.0,0.001175311933261993,0.034282822714327255,0.01582434639528829,1.371108044403194,0.9690270864861344,0.18915762061245311,0.01582434639528829,0.03041220140706554,30.0,60.0,20.0,-10.0,10.0,100.0,10.0,10.0,80.0,20.0,20.0,210.0,140.0,140.0,330.0,200.0,200.0,425.0,305.0,44.721359549995796,546,546000.0,0.29515591263771057,0.37254657025957283,0.07739065762186226,0.07739065762186226,0.2622026336191188,medium,0.43604526138530275
E09B-3,sample_000923,samples/sample_000923.npz,sample_000923_prediction.npz,0.0005201513995416462,0.0022837044671177864,0.5952667238989974,0.21666666666666667,0.3561643835616438,195,900,4.615384615384615,79.86865639686584,287.5887812436736,3.6007714943225086,0.40958285331726074,0.37951847452383775,0.5925559401512146,0.0046805701253594826,0.00051188224963857,0.002125951408260473,1.4077184039422832,1.4077184039422832,80.0,110.0,30.0,50.0,130.0,295.0,465.0,0.0003805336805953196,0.019507272505281704,0.01020302616647453,2.3766736229024876,0.9904459455296023,0.09496772714456037,0.01020302616647453,0.016626242439034614,80.0,30.0,70.0,-10.0,10.0,140.0,30.0,30.0,70.0,40.0,40.0,210.0,160.0,160.0,200.0,70.0,70.0,305.0,460.0,11.180339887498949,195,195000.0,0.40958285331726074,0.37951847452383775,-0.030064378793422997,0.030064378793422997,0.07340243506271803,medium,1.4077184039422832
E09B-3,sample_000595,samples/sample_000595.npz,sample_000595_prediction.npz,0.0006893009995110333,0.003132334677502513,0.92681341434482,0.5289795918367347,0.6919380672717566,648,1225,1.8904320987654322,405.7768020629883,707.9790234874374,1.7447498720676955,0.6261987686157227,0.744364554223455,0.8815273642539978,0.02077007808920743,0.0005560542927156999,0.0005204397107508282,0.6957222053042216,0.6957222053042216,40.0,100.0,60.0,120.0,90.0,190.0,245.0,0.0012591216507920212,0.03548410419881022,0.01584773615745552,0.6467856714013985,0.9972020276681482,0.227001448909806,0.01584773615745552,0.03174855759677435,40.0,60.0,0.0,-40.0,40.0,120.0,20.0,20.0,120.0,60.0,60.0,270.0,150.0,150.0,240.0,150.0,150.0,185.0,230.0,15.811388300841896,648,648000.0,0.6261987686157227,0.744364554223455,0.11816578560773239,0.11816578560773239,0.18870331838714746,large,0.6957222053042216
E09B-3,sample_001302,samples/sample_001302.npz,sample_001302_prediction.npz,0.0007330863736569881,0.0028651223983615637,0.9242159242575984,0.5025641025641026,0.6689419795221843,588,1170,1.989795918367347,388.9803864955902,666.3835061698171,1.7131545170526785,0.6615312695503235,0.7899820951073349,0.8902861475944519,0.022718808157176907,0.0006007886337832272,0.0006157909748645615,0.9487306845492753,0.9487306845492753,60.0,120.0,60.0,70.0,140.0,525.0,280.0,0.0007884472511331765,0.028079302896140006,0.013417448871546524,0.670034472718269,0.9993591143098057,0.15665090326762793,0.013417448871546524,0.024666157319546377,60.0,60.0,50.0,-10.0,10.0,150.0,30.0,30.0,100.0,40.0,40.0,170.0,100.0,100.0,170.0,30.0,30.0,485.0,275.0,40.311288741492746,588,588000.0,0.6615312695503235,0.7899820951073349,0.12845082555701137,0.12845082555701137,0.19417196354803598,medium,0.9487306845492753
E09B-3,sample_001319,samples/sample_001319.npz,sample_001319_prediction.npz,0.0021680134814232588,0.003224892308935523,0.4063086492003038,0.2280431432973806,0.3713927227101631,150,647,4.3133333333333335,78.23321521282196,376.6951596915651,4.815028484599813,0.5215547680854797,0.5323262363175552,1.0,0.02291527987344764,0.002136307231482992,0.004190776401095092,-2.783738620941726,2.783738620941726,20.0,50.0,30.0,50.0,100.0,295.0,360.0,0.0026910277470716176,0.05187511683911293,0.017567964655313337,2.700036918469837,0.7412506656632173,0.39460846712417913,0.017567964655313337,0.04880977734984333,20.0,30.0,20.0,0.0,0.0,80.0,30.0,30.0,60.0,30.0,30.0,290.0,240.0,240.0,480.0,380.0,380.0,195.0,240.0,156.20499351813308,150,150000.0,0.5215547680854797,0.5323262363175552,0.01077146823207542,0.01077146823207542,0.020652611942587093,small,-2.783738620941726
E09B-3,sample_002162,samples/sample_002162.npz,sample_002162_prediction.npz,0.00022254959912970662,0.002247254131361842,0.8467819650169695,0.504050405040504,0.6702573309395572,560,1111,1.9839285714285715,161.06433391571045,368.4335802532905,2.2874932723845753,0.2876148819923401,0.31225930054539014,0.44859546422958374,0.0033704235338292273,0.00020451463627228848,0.000722746254852552,-3.074237207566455,3.074237207566455,30.0,100.0,70.0,100.0,80.0,170.0,140.0,0.000630100982010314,0.025101812325214967,0.01086185538413622,1.0331673032902897,0.988438913363479,0.14545464921771784,0.01086185538413622,0.02263009234679401,30.0,70.0,20.0,-10.0,10.0,110.0,10.0,10.0,90.0,20.0,20.0,260.0,160.0,160.0,270.0,190.0,190.0,160.0,135.0,11.180339887498949,560,560000.0,0.2876148819923401,0.31225930054539014,0.02464441855305005,0.02464441855305005,0.08568547768577008,medium,-3.074237207566455
E09B-3,sample_001201,samples/sample_001201.npz,sample_001201_prediction.npz,0.0004484402888920158,0.001855208887718618,0.6049720741656647,0.12631578947368421,0.22429906542056074,84,665,7.916666666666667,47.15975260734558,224.51932311155392,4.760824870751822,0.5614256262779236,0.5503707563593274,0.6507651805877686,0.0036212108220206466,0.00044572686101546256,0.004269339938205811,-1.0889712386052537,1.0889712386052537,70.0,90.0,20.0,60.0,70.0,270.0,175.0,0.0003940074561844551,0.019849621058963696,0.00912095763295521,3.383761862595062,0.9889949915949818,0.11426414502461585,0.00912095763295521,0.017629962791857818,70.0,20.0,50.0,-20.0,20.0,110.0,20.0,20.0,60.0,40.0,40.0,220.0,160.0,160.0,180.0,110.0,110.0,290.0,150.0,32.01562118716424,84,84000.0,0.5614256262779236,0.5503707563593274,-0.011054869918596166,0.011054869918596166,0.019690711291336125,small,-1.0889712386052537
E09B-3,sample_000860,samples/sample_000860.npz,sample_000860_prediction.npz,0.0004911423893645406,0.0022966430988162756,0.8411337143524878,0.566350710900474,0.7231467473524962,720,1263,1.7541666666666667,286.3914728164673,452.59669350189665,1.580342770163207,0.3977659344673157,0.40462082708254454,0.8833433389663696,0.012296095768989596,0.00040404237008394593,0.0008839630643736729,1.174476275887237,1.174476275887237,20.0,50.0,30.0,160.0,150.0,230.0,285.0,0.0004553927334379739,0.021339932835835587,0.009606018189316647,0.4141750532432839,0.9719449239898538,0.14784064867215624,0.009606018189316647,0.01905563297254887,20.0,30.0,20.0,0.0,0.0,70.0,20.0,20.0,50.0,20.0,20.0,290.0,130.0,130.0,290.0,140.0,140.0,195.0,285.0,35.0,720,720000.0,0.3977659344673157,0.40462082708254454,0.006854892615228869,0.006854892615228869,0.017233483366062695,large,1.174476275887237
E09B-3,sample_001867,samples/sample_001867.npz,sample_001867_prediction.npz,0.0003780365514103323,0.0017013876931741834,0.7496182362839696,0.33815028901734107,0.5053995680345572,234,692,2.9572649572649574,69.58212214708328,235.58623215234996,3.3857293351065922,0.29735949635505676,0.42734689768562967,0.6193081140518188,0.02609201228292395,0.00031668169199509797,0.0013172005517716786,-0.19038311653943651,0.19038311653943651,60.0,90.0,30.0,60.0,130.0,330.0,315.0,0.0003644688938351287,0.01909106843094772,0.008839376438390108,2.172598092097363,0.9901780697764827,0.10587318279905195,0.008839376438390108,0.01692141595776082,60.0,30.0,50.0,-10.0,10.0,100.0,10.0,10.0,50.0,20.0,20.0,210.0,150.0,150.0,200.0,70.0,70.0,335.0,290.0,25.495097567963924,234,234000.0,0.29735949635505676,0.42734689768562967,0.1299874013305729,0.1299874013305729,0.43713889391097094,medium,-0.19038311653943651
E09B-3,sample_000363,samples/sample_000363.npz,sample_000363_prediction.npz,0.00029995880322530866,0.0014346869429573417,0.40807428463837253,0.08264462809917356,0.15267175572519084,40,484,12.1,32.65535354614258,133.18210271263888,4.0784155812139735,0.8163838386535645,0.31002492681145666,0.35063931345939636,0.2571739270558612,0.00019539398246231683,0.006927741929036734,1.6716362521557357,1.6716362521557357,80.0,100.0,20.0,40.0,50.0,260.0,325.0,0.00010368398653166638,0.010182533404397277,0.005104804417224068,2.755806193655237,0.9925218178682367,0.0546414854006987,0.005104804417224068,0.008810502732168922,80.0,20.0,60.0,-20.0,20.0,130.0,30.0,30.0,70.0,50.0,50.0,180.0,140.0,140.0,120.0,70.0,70.0,270.0,320.0,11.180339887498949,40,40000.0,0.8163838386535645,0.31002492681145666,-0.5063589118421078,0.5063589118421078,0.6202461242706975,small,1.6716362521557357
E09B-3,sample_000263,samples/sample_000263.npz,sample_000263_prediction.npz,0.0004741688317153603,0.0021815842483192682,0.700308662993355,0.21212121212121213,0.35,189,891,4.714285714285714,76.96506553888321,291.1742054740374,3.7831996040714664,0.40722256898880005,0.4819888165072789,0.6172887086868286,0.008233885093135183,0.0004592211943557768,0.0013307740495159019,1.4705626182311633,1.4705626182311633,30.0,60.0,30.0,70.0,90.0,225.0,195.0,0.0009314528570556008,0.03051971259785388,0.012024994045578743,1.981188157434623,0.9501271153282026,0.16235857225307243,0.012024994045578743,0.028050889027968377,30.0,30.0,20.0,-10.0,10.0,80.0,20.0,20.0,60.0,30.0,30.0,220.0,150.0,150.0,250.0,160.0,160.0,210.0,185.0,18.027756377319946,189,189000.0,0.40722256898880005,0.4819888165072789,0.07476624751847888,0.07476624751847888,0.18360045147825585,small,1.4705626182311633
E09B-3,sample_000442,samples/sample_000442.npz,sample_000442_prediction.npz,0.0007073403685353696,0.0022934318985790014,0.6213365186619233,0.15204678362573099,0.2639593908629442,104,684,6.576923076923077,94.6843991279602,255.63905877381248,2.6999068603512164,0.910426914691925,0.6003361590779744,0.6991013884544373,0.09782615418660677,0.000604485392066522,0.005892978608542557,3.9501016055980784,3.9501016055980784,30.0,50.0,20.0,130.0,40.0,385.0,210.0,0.0006281657110814182,0.025063234250220345,0.009136226217724664,1.2576877020238966,0.9774492896765631,0.16302285859478732,0.009136226217724664,0.023338703511120298,30.0,20.0,20.0,-10.0,10.0,80.0,30.0,30.0,60.0,40.0,40.0,250.0,120.0,120.0,200.0,160.0,160.0,375.0,210.0,10.0,104,104000.0,0.910426914691925,0.6003361590779744,-0.3100907556139506,0.3100907556139506,0.3405992843685654,small,3.9501016055980784
E09B-3,sample_001230,samples/sample_001230.npz,sample_001230_prediction.npz,0.0004665005544666201,0.0024271870497614145,0.8306281091759504,0.54871395167576,0.7086059386009059,704,1283,1.8224431818181819,288.421838760376,445.36485719119725,1.544144018723947,0.40969011187553406,0.3799534675940363,0.7643489837646484,0.013551932733883238,0.00037211383520648875,0.0010577375458649995,-0.06353331120810424,0.06353331120810424,20.0,60.0,40.0,110.0,160.0,475.0,420.0,0.0004060858830193828,0.02015157271826154,0.008952535579779153,0.38459868441376305,0.9777509630889449,0.10682067500087739,0.008952535579779153,0.018053752787500196,20.0,40.0,20.0,0.0,0.0,80.0,20.0,20.0,60.0,20.0,20.0,280.0,170.0,170.0,280.0,120.0,120.0,430.0,430.0,46.09772228646444,704,704000.0,0.40969011187553406,0.3799534675940363,-0.02973664428149775,0.02973664428149775,0.07258326090753173,large,-0.06353331120810424
E09B-3,sample_001272,samples/sample_001272.npz,sample_001272_prediction.npz,0.002174551133066416,0.005743876565247774,0.7457694691537586,0.2702702702702703,0.425531914893617,480,1776,3.7,406.4982604980469,868.1530386940149,2.1356869710348643,0.8468713760375977,0.7395887610812982,0.8081212639808655,0.013261856680449036,0.002120148254290949,0.0018211739224663695,3.2260209103286996,3.2260209103286996,80.0,130.0,50.0,60.0,160.0,320.0,200.0,0.0015276870901254945,0.03908563790096683,0.0219849936418091,1.040302749958162,0.9984409554835751,0.17720824068261776,0.0219849936418091,0.032316360325616925,80.0,50.0,60.0,-20.0,20.0,160.0,30.0,30.0,100.0,50.0,50.0,250.0,190.0,190.0,200.0,40.0,40.0,325.0,200.0,5.0,480,480000.0,0.8468713760375977,0.7395887610812982,-0.10728261495629943,0.10728261495629943,0.12668112064226447,medium,3.2260209103286996
E09B-3,sample_001600,samples/sample_001600.npz,sample_001600_prediction.npz,0.0013334552058950067,0.004065210465341806,0.8565531293526889,0.47161572052401746,0.6409495548961425,756,1603,2.1203703703703702,485.2165160179138,869.266940398478,1.7915031984739476,0.6418207883834839,0.6895055880661679,0.8293125033378601,0.006555985896518788,0.0012929803946761934,0.0005104168272007956,0.04284536864564359,0.04284536864564359,80.0,150.0,70.0,120.0,90.0,380.0,275.0,0.00102609530395852,0.03203272239380412,0.018278882735449416,0.7593501616709821,0.999119524310688,0.14796372159521398,0.018278882735449416,0.026305469961629826,80.0,70.0,60.0,-20.0,20.0,200.0,50.0,50.0,140.0,70.0,70.0,200.0,80.0,80.0,170.0,80.0,80.0,410.0,275.0,30.0,756,756000.0,0.6418207883834839,0.6895055880661679,0.04768479968268402,0.04768479968268402,0.07429612836752282,large,0.04284536864564359
E09B-3,sample_000593,samples/sample_000593.npz,sample_000593_prediction.npz,0.0020347805693745613,0.005473535507917404,0.9015595281526082,0.5841975308641976,0.7375311720698254,1183,2025,1.7117497886728656,860.1984516978264,1370.8683688586552,1.593665236379917,0.7271330952644348,0.8333492675829216,0.925963819026947,0.01986548802740621,0.0018175905536983413,0.0006023934066874476,3.4903037013870346,3.4903037013870346,70.0,140.0,70.0,130.0,130.0,225.0,205.0,0.0018432358133262878,0.04293292225467873,0.023927667282164958,0.5421411593240927,0.999511254810151,0.19649010946060785,0.023927667282164958,0.03564691503847564,70.0,70.0,50.0,-20.0,20.0,160.0,20.0,20.0,110.0,40.0,40.0,240.0,110.0,110.0,170.0,40.0,40.0,210.0,205.0,15.0,1183,1183000.0,0.7271330952644348,0.8333492675829216,0.10621617231848679,0.10621617231848679,0.14607528251737656,large,3.4903037013870346
E09B-3,sample_000367,samples/sample_000367.npz,sample_000367_prediction.npz,0.0001458576152799651,0.0010265045566484332,0.5483901156019909,0.1636828644501279,0.2813186813186813,64,391,6.109375,18.23250961303711,118.51724620381636,6.5003254471930125,0.28488296270370483,0.3099960060790181,0.5118840336799622,0.0018111126737675454,0.00014477276318104965,0.002861162081136907,3.375338449721511,3.375338449721511,40.0,60.0,20.0,40.0,80.0,310.0,490.0,0.00019126279182106915,0.013829779167472963,0.005527773946094821,3.9662730180005648,0.9252991570970935,0.07851526984169666,0.005527773946094821,0.012677007021452044,40.0,20.0,30.0,-10.0,10.0,80.0,20.0,20.0,50.0,30.0,30.0,150.0,110.0,110.0,240.0,160.0,160.0,295.0,480.0,18.027756377319946,64,64000.0,0.28488296270370483,0.3099960060790181,0.025113043375313282,0.025113043375313282,0.08815214197779997,small,3.375338449721511
E09B-3,sample_000985,samples/sample_000985.npz,sample_000985_prediction.npz,0.0009322292171418667,0.003621363081037998,0.9314458032088239,0.6443514644351465,0.7837150127226463,1078,1673,1.551948051948052,707.4556195735931,1050.735273210066,1.48523136171196,0.6562668085098267,0.7274235612773275,0.8882721066474915,0.008899549589374273,0.0008438909738588791,0.0005284178414227322,0.6823745113956221,0.6823745113956221,30.0,100.0,70.0,110.0,140.0,475.0,280.0,0.001749685159597988,0.041829238094877944,0.018245687962096302,0.4254275220554175,0.9990369963806843,0.23872117510712298,0.018245687962096302,0.03764013855431196,30.0,70.0,20.0,-10.0,10.0,120.0,20.0,20.0,100.0,30.0,30.0,270.0,160.0,160.0,280.0,140.0,140.0,435.0,290.0,41.23105625617661,1078,1078000.0,0.6562668085098267,0.7274235612773275,0.07115675276750089,0.07115675276750089,0.10842656042452498,large,0.6823745113956221
E09B-3,sample_000252,samples/sample_000252.npz,sample_000252_prediction.npz,0.0004043922817800194,0.002047942252829671,0.562795344150373,0.1568627450980392,0.2711864406779661,120,765,6.375,49.82417106628418,243.72098608368833,4.891621493500638,0.41520142555236816,0.3918503187596798,0.7414093613624573,0.002051629830908171,0.00040237901722115773,0.0020053744141658373,0.6002323576463411,0.6002323576463411,40.0,60.0,20.0,150.0,40.0,285.0,330.0,0.0006076989995649484,0.02465155166647626,0.010935806017558595,2.868486763545714,0.930873513606641,0.11732013208779832,0.010935806017558595,0.02209314704407857,40.0,20.0,30.0,-10.0,10.0,70.0,10.0,10.0,40.0,20.0,20.0,250.0,100.0,100.0,250.0,210.0,210.0,275.0,305.0,26.92582403567252,120,120000.0,0.41520142555236816,0.3918503187596798,-0.02335110679268837,0.02335110679268837,0.056240430199927534,small,0.6002323576463411
E09B-3,sample_000452,samples/sample_000452.npz,sample_000452_prediction.npz,0.0007937939953990281,0.003371416823938489,0.8803552171383042,0.37681159420289856,0.5473684210526316,520,1380,2.6538461538461537,301.9148325920105,627.9258818357523,2.0798113045485693,0.5806054472923279,0.6904815427385844,0.8462448120117188,0.022195445798726482,0.0006799833689660213,0.0009870063232013022,0.15849130923706412,0.15849130923706412,50.0,90.0,40.0,130.0,100.0,245.0,400.0,0.0013173586250627648,0.0362954353199237,0.01732811934532658,0.9213573170837092,0.9900049064223434,0.1754841004573946,0.01732811934532658,0.03189192538898966,50.0,40.0,40.0,-10.0,10.0,110.0,20.0,20.0,70.0,30.0,30.0,320.0,190.0,190.0,210.0,110.0,110.0,240.0,365.0,35.35533905932738,520,520000.0,0.5806054472923279,0.6904815427385844,0.10987609544625654,0.10987609544625654,0.18924399686339016,medium,0.15849130923706412
E09B-3,sample_001622,samples/sample_001622.npz,sample_001622_prediction.npz,0.00046418842975981534,0.003249523462727666,0.8925637655891989,0.6577503429355281,0.7935457178320232,960,1457,1.5177083333333334,321.500244140625,603.701948200323,1.8777651314512294,0.3348960876464844,0.4082428378596281,0.5823754072189331,0.015432793486024754,0.00031656908273399885,0.0005723100899972013,-5.378091882324938,5.378091882324938,30.0,110.0,80.0,80.0,150.0,170.0,295.0,0.0012810821628193448,0.03579220812997355,0.015232814751201492,0.8242081962663924,0.9959514875595222,0.21320069247736073,0.015232814751201492,0.032388941285181314,30.0,80.0,20.0,-10.0,10.0,120.0,10.0,10.0,100.0,20.0,20.0,190.0,110.0,110.0,320.0,170.0,170.0,145.0,290.0,25.495097567963924,960,960000.0,0.3348960876464844,0.4082428378596281,0.07334675021314374,0.07334675021314374,0.21901345796123012,large,-5.378091882324938
E09B-3,sample_001585,samples/sample_001585.npz,sample_001585_prediction.npz,0.0007933216984383762,0.0020986851304769516,0.6992611662056084,0.15835777126099707,0.27341772151898736,108,682,6.314814814814815,87.97479701042175,291.197579682273,3.3100113848262347,0.8145814538002014,0.8313541169519778,0.8906887173652649,0.0023420526392561643,0.0007916182798170514,0.0017291129751001377,1.2223388273161149,1.2223388273161149,30.0,60.0,30.0,60.0,60.0,420.0,460.0,0.0010381210637429204,0.03221988615347547,0.011437094034598859,1.720963569692468,0.9709192036482124,0.23670703346929245,0.011437094034598859,0.030121652407971638,30.0,30.0,20.0,-10.0,10.0,80.0,20.0,20.0,60.0,30.0,30.0,200.0,140.0,140.0,260.0,200.0,200.0,410.0,480.0,22.360679774997898,108,108000.0,0.8145814538002014,0.8313541169519778,0.01677266315177639,0.01677266315177639,0.020590529128214536,small,1.2223388273161149
E09B-3,sample_000222,samples/sample_000222.npz,sample_000222_prediction.npz,0.0022685921285301447,0.004782101605087519,0.8623107544163316,0.5057471264367817,0.6717557251908397,880,1740,1.9772727272727273,741.6331243515015,1190.2302029427958,1.604877349543356,0.8427649140357971,0.8612600846046751,0.9429505467414856,0.0030710661883702082,0.0022613437552771276,0.0015215386840903053,2.279722050952259,2.279722050952259,60.0,110.0,50.0,160.0,110.0,470.0,245.0,0.0020848558470350754,0.04566022171469468,0.022227171119486563,0.5696042447058883,0.9992203601578667,0.23624297742062217,0.022227171119486563,0.03988494341302414,60.0,50.0,40.0,-20.0,20.0,140.0,30.0,30.0,100.0,50.0,50.0,270.0,110.0,110.0,260.0,150.0,150.0,465.0,250.0,7.0710678118654755,880,880000.0,0.8427649140357971,0.8612600846046751,0.01849517056887795,0.01849517056887795,0.021945824109251364,large,2.279722050952259
E09B-3,sample_001459,samples/sample_001459.npz,sample_001459_prediction.npz,0.0004797201545443386,0.0020923931151628494,0.6469349395284826,0.13274336283185842,0.234375,90,678,7.533333333333333,68.3198869228363,245.1099628700511,3.5876810385662647,0.7591098546981812,0.5985512912273407,0.660400927066803,0.026768104328398854,0.00045563029220163523,0.004646809234576219,0.9677762625237989,0.9677762625237989,50.0,70.0,20.0,50.0,90.0,295.0,495.0,0.000502185991063631,0.022409506711742473,0.00952550318992813,2.0524394057910653,0.9564968966257499,0.1250004322519443,0.00952550318992813,0.020284249555808074,50.0,20.0,40.0,-10.0,10.0,90.0,20.0,20.0,50.0,30.0,30.0,240.0,190.0,190.0,220.0,130.0,130.0,290.0,470.0,25.495097567963924,90,90000.0,0.7591098546981812,0.5985512912273407,-0.1605585634708404,0.1605585634708404,0.21150899632923065,small,0.9677762625237989
E09B-3,sample_001967,samples/sample_001967.npz,sample_001967_prediction.npz,0.0010348949581384659,0.0018776118522509933,0.3051587328474351,0.15,0.2608695652173913,72,480,6.666666666666667,34.3732488155365,205.06683564122568,5.965884596527772,0.47740623354911804,0.3809953389896287,0.9999905824661255,0.011799372560946382,0.0010270050554562497,0.0018416763467097046,0.008733379955163656,0.008733379955163656,20.0,40.0,20.0,90.0,40.0,195.0,120.0,0.0010744620705612296,0.032778988247980284,0.009898669335545809,3.3751826738510364,0.7222747257220301,0.24641920572671827,0.009898669335545809,0.03124865462618758,20.0,20.0,20.0,0.0,0.0,50.0,10.0,10.0,30.0,10.0,10.0,260.0,170.0,170.0,180.0,140.0,140.0,130.0,120.0,65.0,72,72000.0,0.47740623354911804,0.3809953389896287,-0.09641089455948937,0.09641089455948937,0.20194728887964994,small,0.008733379955163656
E09B-3,sample_001694,samples/sample_001694.npz,sample_001694_prediction.npz,0.000679495045915246,0.0027081158477813005,0.8725044463611112,0.37679425837320574,0.5473501303214596,315,836,2.653968253968254,200.4263225197792,463.9235913813975,2.314683947442157,0.6362740397453308,0.7809752566473824,0.8822441697120667,0.02775235067180457,0.0005924654434799184,0.0009850858348674938,0.530445081452271,0.530445081452271,50.0,100.0,50.0,90.0,70.0,305.0,215.0,0.0008800047887185413,0.029664874662107394,0.013794462804197377,1.1228368377708668,0.9939338365274213,0.18478923711500722,0.013794462804197377,0.026262474838867646,50.0,50.0,40.0,-10.0,10.0,120.0,20.0,20.0,80.0,30.0,30.0,270.0,180.0,180.0,290.0,220.0,220.0,295.0,195.0,22.360679774997898,315,315000.0,0.6362740397453308,0.7809752566473824,0.14470121690205162,0.14470121690205162,0.22741964603800022,medium,0.530445081452271
E09B-3,sample_001125,samples/sample_001125.npz,sample_001125_prediction.npz,0.0007270350470207632,0.0019438985036686063,0.6776902000300536,0.1761467889908257,0.2995319812792512,96,545,5.677083333333333,81.36629676818848,261.98360920043314,3.219805000426909,0.8475655913352966,0.7939629387110472,0.8759095072746277,0.006530516730993141,0.0007213620511732594,0.004700885103766057,0.5863637437946778,0.5863637437946778,60.0,80.0,20.0,80.0,60.0,450.0,180.0,0.000504708137966724,0.02246571027069307,0.009433023833226679,1.976775145034512,0.9920063306068496,0.14254964317369806,0.009433023833226679,0.02038936485838883,60.0,20.0,40.0,-20.0,20.0,100.0,20.0,20.0,60.0,40.0,40.0,170.0,90.0,90.0,150.0,90.0,90.0,425.0,155.0,35.35533905932738,96,96000.0,0.8475655913352966,0.7939629387110472,-0.05360265262424946,0.05360265262424946,0.06324307306978,small,0.5863637437946778
E09B-3,sample_001461,samples/sample_001461.npz,sample_001461_prediction.npz,0.0006275091436691582,0.0027611032128334045,0.9110229699577708,0.41939711664482304,0.5909510618651893,320,763,2.384375,154.81274604797363,425.15286033743286,2.7462393839696233,0.4837898313999176,0.7577223856002092,0.8658649921417236,0.08496200906488623,0.000352086192321116,0.0005026639558501749,-1.3070623688590075,1.3070623688590075,40.0,120.0,80.0,50.0,80.0,365.0,240.0,0.0008506315409823879,0.02916558830166791,0.014173844152131902,1.4370443659480938,0.9824973299808436,0.1757771187066382,0.014173844152131902,0.025489874125492737,40.0,80.0,40.0,0.0,0.0,130.0,10.0,10.0,90.0,10.0,10.0,250.0,200.0,200.0,230.0,150.0,150.0,335.0,245.0,30.4138126514911,320,320000.0,0.4837898313999176,0.7577223856002092,0.2739325542002916,0.2739325542002916,0.5662222238272911,medium,-1.3070623688590075
E09B-5,sample_000796,samples/sample_000796.npz,sample_000796_prediction.npz,0.0008246520883403718,0.003928592428565025,0.6890663487089359,0.4097894137734775,0.5813484053290271,720,1757,2.4402777777777778,233.237042427063,580.0221875807696,2.4868356310175384,0.32394033670425415,0.32131778045247,0.9042984843254089,0.004053301899776964,0.0008008302863875083,0.0014791087522461263,2.7538223095819774,2.7538223095819774,40.0,70.0,30.0,150.0,160.0,175.0,170.0,0.0011438920745139704,0.03382147357100176,0.018499248802245533,1.0308830857998312,0.9415486555163726,0.13099722900495303,0.018499248802245533,0.028313775238681744,40.0,30.0,20.0,-20.0,20.0,100.0,30.0,30.0,80.0,50.0,50.0,350.0,200.0,200.0,400.0,240.0,240.0,205.0,200.0,42.42640687119285,720,720000.0,0.32394033670425415,0.32131778045247,-0.002622556251784147,0.002622556251784147,0.008095800228109433,large,2.7538223095819774
E09B-5,sample_001763,samples/sample_001763.npz,sample_001763_prediction.npz,0.0004012746794614941,0.002219896297901869,0.8501686727526677,0.3825136612021858,0.5533596837944664,280,732,2.6142857142857143,142.34578132629395,356.8456394825498,2.5068929767898482,0.5083777904510498,0.5910369118409498,0.6963164210319519,0.012022337271981163,0.0003680797963874107,0.0005983025066370542,-1.6112094193323827,1.6112094193323827,40.0,110.0,70.0,80.0,50.0,510.0,495.0,0.0005876542102801096,0.02424158019354575,0.010745294101055193,1.2367801146921333,0.9926930521193548,0.1714895850173857,0.010745294101055193,0.021729999193785952,40.0,70.0,30.0,-10.0,10.0,130.0,20.0,20.0,100.0,30.0,30.0,280.0,200.0,200.0,250.0,200.0,200.0,500.0,495.0,10.0,280,280000.0,0.5083777904510498,0.5910369118409498,0.08265912138989995,0.08265912138989995,0.16259388773959227,medium,-1.6112094193323827
E09B-5,sample_000998,samples/sample_000998.npz,sample_000998_prediction.npz,0.0008365191170014441,0.003869966370984912,0.6532918825585999,0.2788171394085697,0.43605474280320905,462,1657,3.5865800865800868,163.88124418258667,516.0312041972774,3.148811853187704,0.3547213077545166,0.36558494197599817,0.5735861659049988,0.0074455030000237,0.0008053122642018766,0.0031381236593716073,2.6902286026238755,2.6902286026238755,80.0,110.0,30.0,110.0,140.0,235.0,380.0,0.0008872390145757642,0.0297865576154037,0.017119727991109154,1.8301330751801506,0.9617258189863224,0.11315360457652163,0.017119727991109154,0.02437527288229196,80.0,30.0,70.0,-10.0,10.0,150.0,40.0,40.0,80.0,50.0,50.0,300.0,190.0,190.0,210.0,70.0,70.0,180.0,365.0,57.0087712549569,462,462000.0,0.3547213077545166,0.36558494197599817,0.010863634221481566,0.010863634221481566,0.030625829303154516,medium,2.6902286026238755
E09B-5,sample_001629,samples/sample_001629.npz,sample_001629_prediction.npz,0.0009738781373016536,0.003595441346988082,0.8652606939616805,0.39191290824261277,0.5631284916201117,504,1286,2.5515873015873014,287.289128780365,638.3883155306726,2.2221109383457596,0.5700181126594543,0.7123456427029201,0.8473538160324097,0.026981316107197485,0.0008398520874499587,0.0008211680883753788,0.5299035213929528,0.5299035213929528,70.0,130.0,60.0,60.0,140.0,440.0,210.0,0.0010423639883756952,0.03228566227252734,0.01697478164112315,1.1417682299642433,0.998008049316549,0.15950896661518654,0.01697478164112315,0.027463080246248484,70.0,60.0,60.0,-10.0,10.0,150.0,20.0,20.0,90.0,30.0,30.0,210.0,150.0,150.0,170.0,30.0,30.0,415.0,215.0,25.495097567963924,504,504000.0,0.5700181126594543,0.7123456427029201,0.14232753004346577,0.14232753004346577,0.2496894868470547,medium,0.5299035213929528
E09B-5,sample_001922,samples/sample_001922.npz,sample_001922_prediction.npz,0.0025134950410574675,0.005691640079021454,0.8177925961545515,0.4185267857142857,0.5900865460267506,750,1792,2.3893333333333335,600.9497344493866,1132.220656349457,1.8840521784851796,0.8012663125991821,0.8190822313626607,0.9225853085517883,0.004393706800227704,0.002499039852005429,0.0018051784131033165,5.886981753746127,5.886981753746127,60.0,110.0,50.0,150.0,100.0,455.0,270.0,0.002447853120576356,0.049475783172945896,0.026029188811279635,0.7496741194883889,0.9983262008845236,0.2395186117568251,0.026029188811279635,0.04207534254647383,60.0,50.0,40.0,-20.0,20.0,150.0,40.0,40.0,110.0,60.0,60.0,380.0,230.0,230.0,200.0,100.0,100.0,420.0,250.0,40.311288741492746,750,750000.0,0.8012663125991821,0.8190822313626607,0.017815918763478544,0.017815918763478544,0.02223470334811219,large,5.886981753746127
E09B-5,sample_001409,samples/sample_001409.npz,sample_001409_prediction.npz,0.0012559547321870923,0.0031590487342327833,0.7795077470506345,0.21896383186705767,0.35926222935044105,224,1023,4.566964285714286,206.4456329345703,508.82420515905034,2.4646886346116808,0.9216322898864746,0.9245347511023283,0.9764444828033447,0.0033112233002780306,0.0012512608272000462,0.0007518143283137758,-2.9884115088559113,2.9884115088559113,20.0,90.0,70.0,40.0,80.0,480.0,290.0,0.0017922724424638522,0.04233523877886898,0.01687815281167438,1.0783938369450612,0.966829057798859,0.2528273831322725,0.01687815281167438,0.038825254669217824,20.0,70.0,0.0,-20.0,20.0,120.0,30.0,30.0,120.0,50.0,50.0,320.0,280.0,280.0,270.0,190.0,190.0,480.0,305.0,15.0,224,224000.0,0.9216322898864746,0.9245347511023283,0.002902461215853691,0.002902461215853691,0.003149261639054782,medium,-2.9884115088559113
E09B-5,sample_000992,samples/sample_000992.npz,sample_000992_prediction.npz,0.0003242554666940123,0.0026269720401614904,0.9600696418302624,0.5847389558232932,0.7379624936644703,728,1245,1.710164835164835,443.7051453590393,688.0594977137484,1.5507133620390663,0.6094850897789001,0.67817041015887,0.8061531782150269,0.010320536120403963,0.000249674681337859,0.0002407257216591208,-0.91969185841441,0.91969185841441,20.0,100.0,80.0,70.0,130.0,395.0,215.0,0.0008079181895887757,0.02842390173056429,0.013359730618851205,0.39980424643916224,0.9921615906845743,0.15180872290754854,0.013359730618851205,0.025088558894055774,20.0,80.0,20.0,0.0,0.0,120.0,20.0,20.0,100.0,20.0,20.0,380.0,310.0,310.0,460.0,330.0,330.0,340.0,230.0,57.0087712549569,728,728000.0,0.6094850897789001,0.67817041015887,0.06868532037996988,0.06868532037996988,0.11269401258837441,large,-0.91969185841441
E09B-5,sample_002128,samples/sample_002128.npz,sample_002128_prediction.npz,0.00033262939541600645,0.0018322477117180824,0.7892176547658625,0.2753441802252816,0.43179587831207067,220,799,3.631818181818182,101.6027420759201,275.51162152729006,2.711655373645535,0.46183064579963684,0.4938326571475376,0.6152713894844055,0.005052778956107322,0.00032204220848812924,0.0008964691356645808,-2.128214467301291,2.128214467301291,60.0,100.0,40.0,50.0,110.0,295.0,285.0,0.0003191816548039694,0.01786565573394857,0.00916165128148464,1.4331330372351603,0.9762737268451391,0.08620765398113947,0.00916165128148464,0.015337724753053833,60.0,40.0,50.0,-10.0,10.0,110.0,10.0,10.0,60.0,20.0,20.0,310.0,260.0,260.0,190.0,80.0,80.0,255.0,255.0,50.0,220,220000.0,0.46183064579963684,0.4938326571475376,0.03200201134790076,0.03200201134790076,0.06929382369697634,medium,-2.128214467301291
E09B-5,sample_001888,samples/sample_001888.npz,sample_001888_prediction.npz,0.001519040553830564,0.003361908020451665,0.8019569209021168,0.35261194029850745,0.5213793103448275,378,1072,2.835978835978836,311.36883294582367,630.9915205739054,2.0265082879495977,0.8237270712852478,0.845268839408481,0.9133840799331665,0.003189881189326595,0.0015125909090885706,0.0007874944030731154,-0.4488513898865847,0.4488513898865847,70.0,140.0,70.0,90.0,60.0,355.0,480.0,0.0009421963848655769,0.03069521762205925,0.015282609883735728,1.0122985978912507,0.9992434956358904,0.1789933873361706,0.015282609883735728,0.02662025957813184,70.0,70.0,50.0,-20.0,20.0,160.0,20.0,20.0,110.0,40.0,40.0,230.0,140.0,140.0,140.0,80.0,80.0,385.0,460.0,36.05551275463989,378,378000.0,0.8237270712852478,0.845268839408481,0.021541768123233163,0.021541768123233163,0.026151584516485412,medium,-0.4488513898865847
E09B-5,sample_001536,samples/sample_001536.npz,sample_001536_prediction.npz,0.0009003279847092927,0.0035723804030567408,0.8257061936202149,0.2646502835538752,0.41853512705530643,280,1058,3.7785714285714285,223.28286409378052,568.9055398891026,2.547914020173791,0.7974388003349304,0.821361579639571,0.8879638910293579,0.0024982552138794237,0.0008957635834557179,0.0011773846361346745,1.846022905334351,1.846022905334351,40.0,80.0,40.0,70.0,100.0,455.0,380.0,0.0012128021303666455,0.03482530876197145,0.01853270947110594,0.9897293718622951,0.9653754593021547,0.18545052829747843,0.01853270947110594,0.029484585973457822,40.0,40.0,30.0,-10.0,10.0,110.0,30.0,30.0,80.0,40.0,40.0,370.0,300.0,300.0,330.0,230.0,230.0,445.0,275.0,105.47511554864494,280,280000.0,0.7974388003349304,0.821361579639571,0.023922779304640596,0.023922779304640596,0.029999517573753427,medium,1.846022905334351
E09B-5,sample_000503,samples/sample_000503.npz,sample_000503_prediction.npz,0.000849796982947737,0.002710557309910655,0.5850605307454074,0.11166253101736973,0.20089285714285715,90,806,8.955555555555556,83.0135428905487,304.25562803202797,3.665132428249466,0.9223726987838745,0.6711699207623799,0.7679728865623474,0.06615458631588535,0.0007899539367659097,0.007479570889483728,0.313592783097846,0.313592783097846,70.0,90.0,20.0,90.0,50.0,415.0,505.0,0.0005290196295346532,0.023000426725055628,0.011210223106240839,2.247776054148416,0.9684209234853124,0.12453248888647692,0.011210223106240839,0.020083588510098418,70.0,20.0,50.0,-20.0,20.0,120.0,30.0,30.0,70.0,50.0,50.0,320.0,230.0,230.0,160.0,110.0,110.0,380.0,470.0,49.49747468305833,90,90000.0,0.9223726987838745,0.6711699207623799,-0.2512027780214946,0.2512027780214946,0.2723441168116741,small,0.313592783097846
E09B-5,sample_001208,samples/sample_001208.npz,sample_001208_prediction.npz,0.00037080710171721876,0.002176429843530059,0.7597896197536288,0.21660649819494585,0.3560830860534125,180,831,4.616666666666666,107.92141556739807,291.61286031286454,2.7020852050513477,0.5995634198188782,0.5163505157662762,0.633477509021759,0.011646073539155541,0.0003501236099368613,0.000715688488746597,1.2429732674877982,1.2429732674877982,20.0,70.0,50.0,40.0,90.0,250.0,475.0,0.0006281263891155605,0.025062449782803767,0.010324510358131951,1.0777160488035298,0.9350634195676669,0.14079714359755857,0.010324510358131951,0.022837050487757537,20.0,50.0,20.0,0.0,0.0,100.0,30.0,30.0,80.0,30.0,30.0,290.0,250.0,250.0,270.0,180.0,180.0,255.0,505.0,30.4138126514911,180,180000.0,0.5995634198188782,0.5163505157662762,-0.08321290405260195,0.08321290405260195,0.13878916108280873,small,1.2429732674877982
E09B-5,sample_000155,samples/sample_000155.npz,sample_000155_prediction.npz,0.000401573721319437,0.0020979263354092836,0.7879163118894605,0.29850746268656714,0.45977011494252873,240,804,3.35,82.30671644210815,286.67091204233355,3.482958917987798,0.3429446518421173,0.48588753218452135,0.6293755173683167,0.030141970593096333,0.00032878763387725454,0.0015347794471108412,0.02929607709609172,0.02929607709609172,70.0,110.0,40.0,60.0,100.0,340.0,440.0,0.0003818442223778959,0.019540834741072242,0.010326953266179276,2.152152352236163,0.9738414245194991,0.09434727517643249,0.010326953266179276,0.01658910059695959,70.0,40.0,60.0,-10.0,10.0,140.0,30.0,30.0,80.0,40.0,40.0,290.0,230.0,230.0,180.0,80.0,80.0,305.0,410.0,46.09772228646444,240,240000.0,0.3429446518421173,0.48588753218452135,0.14294288034240404,0.14294288034240404,0.4168103499342838,medium,0.02929607709609172
E09B-5,sample_000172,samples/sample_000172.npz,sample_000172_prediction.npz,0.0006242351955734193,0.002528010169044137,0.48119825868313015,0.1686182669789227,0.28857715430861725,144,854,5.930555555555555,66.12655019760132,284.47362466646996,4.3019577433934995,0.45921215415000916,0.3547090542399221,0.6840052604675293,0.015289669268874059,0.0006027210770887323,0.0028746797107423606,1.1436676061194504,1.1436676061194504,60.0,80.0,20.0,90.0,80.0,445.0,390.0,0.00048639904867013773,0.02205445643560815,0.011516789284705472,2.4429781963007904,0.9137788344077437,0.09690620015917785,0.011516789284705472,0.018808578182356872,60.0,20.0,50.0,-10.0,10.0,100.0,20.0,20.0,50.0,30.0,30.0,360.0,270.0,270.0,150.0,70.0,70.0,410.0,365.0,43.01162633521314,144,144000.0,0.45921215415000916,0.3547090542399221,-0.10450309991008705,0.10450309991008705,0.22757041373070758,small,1.1436676061194504
E09B-5,sample_000676,samples/sample_000676.npz,sample_000676_prediction.npz,0.0005052390042692423,0.002041831612586975,0.686432734485596,0.23786407766990292,0.3843137254901961,196,824,4.204081632653061,93.86811804771423,288.36999448538904,3.072076019877242,0.47891896963119507,0.47576762446943593,0.5487619042396545,0.0013636633548776479,0.0005035240141734314,0.0003489694027932978,-1.0044073589318288,1.0044073589318288,80.0,150.0,70.0,70.0,40.0,265.0,450.0,0.0002816791170550924,0.01678329875367451,0.009140438824529562,1.9839599501460372,0.9975743995420956,0.08365484877009208,0.009140438824529562,0.014075918980660733,80.0,70.0,70.0,-10.0,10.0,160.0,10.0,10.0,90.0,20.0,20.0,220.0,150.0,150.0,90.0,50.0,50.0,270.0,455.0,7.0710678118654755,196,196000.0,0.47891896963119507,0.47576762446943593,-0.0031513451617591337,0.0031513451617591337,0.006580121819325543,medium,-1.0044073589318288
E09B-5,sample_000167,samples/sample_000167.npz,sample_000167_prediction.npz,0.0006279455265030265,0.002591481199488044,0.7798260915969629,0.35191956124314444,0.5206220419202163,385,1094,2.8415584415584414,162.68452391028404,416.67929799247275,2.5612718897727462,0.42255720496177673,0.49230585106007463,0.6883947253227234,0.008092935860898452,0.0005985945324368456,0.000463477916833066,2.2798229418181535,2.2798229418181535,80.0,150.0,70.0,50.0,110.0,445.0,445.0,0.0004427535447374417,0.021041709643882116,0.011589614251288986,1.4639832485753554,0.9984091112944004,0.10072593666354623,0.011589614251288986,0.017562300141033944,80.0,70.0,70.0,-10.0,10.0,160.0,10.0,10.0,90.0,20.0,20.0,180.0,130.0,130.0,140.0,30.0,30.0,450.0,450.0,7.0710678118654755,385,385000.0,0.42255720496177673,0.49230585106007463,0.0697486460982979,0.0697486460982979,0.16506320393852272,medium,2.2798229418181535
E09B-5,sample_000352,samples/sample_000352.npz,sample_000352_prediction.npz,0.00036003845161758363,0.0027358895167708397,0.9656465013581761,0.7319778188539742,0.8452508004268944,792,1082,1.3661616161616161,481.7146625518799,730.6240694882717,1.5167154464798644,0.6082255840301514,0.7029789816023726,0.8547297120094299,0.01896358686957284,0.00020893898430233193,0.0002689224383809796,1.0108804669715568,1.0108804669715568,40.0,120.0,80.0,90.0,110.0,345.0,285.0,0.0005367840430612999,0.023168600369062,0.012784661878586298,0.38756762495018443,0.996631314806047,0.1239476806564157,0.012784661878586298,0.019321916667647702,40.0,80.0,30.0,-10.0,10.0,140.0,20.0,20.0,110.0,30.0,30.0,380.0,290.0,290.0,230.0,120.0,120.0,310.0,235.0,61.032778078668514,792,792000.0,0.6082255840301514,0.7029789816023726,0.09475339757222123,0.09475339757222123,0.15578660296460672,large,1.0108804669715568
E09B-5,sample_001467,samples/sample_001467.npz,sample_001467_prediction.npz,0.0008947363239713013,0.003064087824895978,0.8690780171293141,0.48027444253859347,0.6488991888760139,560,1166,2.0821428571428573,347.71613597869873,614.3115291453817,1.7667041174730376,0.6209216713905334,0.68828169927001,0.8341240882873535,0.019852336502203326,0.000786123495008105,0.0003672502990267975,-3.0283419243283873,3.0283419243283873,70.0,150.0,80.0,50.0,140.0,355.0,200.0,0.0006029487400750742,0.0245550145606773,0.012980162454903518,0.7719657667004239,0.9982101426257225,0.12544555004797553,0.012980162454903518,0.02084380298120732,70.0,80.0,60.0,-10.0,10.0,160.0,10.0,10.0,100.0,20.0,20.0,210.0,160.0,160.0,170.0,30.0,30.0,355.0,205.0,5.0,560,560000.0,0.6209216713905334,0.68828169927001,0.06736002787947659,0.06736002787947659,0.10848393764164496,medium,-3.0283419243283873
E09B-5,sample_002010,samples/sample_002010.npz,sample_002010_prediction.npz,0.0015115715796127915,0.004526605363935232,0.6084615925493777,0.13063763608087092,0.2310866574965612,168,1286,7.654761904761905,156.31246948242188,523.7114142141498,3.3504135399322306,0.9304313659667969,0.699525148386047,0.7669453620910645,0.05456677372975523,0.0014207458369081653,0.0077006244152717515,-0.08417929116565404,0.08417929116565404,80.0,100.0,20.0,60.0,140.0,170.0,470.0,0.0012492270764022616,0.035344406578725604,0.01771080477893564,2.126911158663184,0.9797908261748136,0.1704162369656601,0.01771080477893564,0.03058683492100306,80.0,20.0,60.0,-20.0,20.0,140.0,40.0,40.0,80.0,60.0,60.0,290.0,230.0,230.0,210.0,70.0,70.0,145.0,445.0,35.35533905932738,168,168000.0,0.9304313659667969,0.699525148386047,-0.23090621758074992,0.23090621758074992,0.24817114515568683,small,-0.08417929116565404
E09B-5,sample_002098,samples/sample_002098.npz,sample_002098_prediction.npz,0.0005942072602920234,0.003792885458096862,0.9220394618994884,0.5947136563876652,0.7458563535911602,810,1362,1.6814814814814816,470.3172558546066,820.7924767206982,1.745188947467488,0.580638587474823,0.6292909011796669,0.797310471534729,0.008086962435315682,0.0005319559689968282,0.0007005536109661621,3.1154764646805972,3.1154764646805972,40.0,100.0,60.0,150.0,90.0,325.0,305.0,0.0010032709668553405,0.03167445290538323,0.018262994564326267,0.5145291015605654,0.989657210889073,0.1526005272778403,0.018262994564326267,0.025879219393148814,40.0,60.0,20.0,-20.0,20.0,130.0,30.0,30.0,110.0,50.0,50.0,400.0,250.0,250.0,280.0,190.0,190.0,290.0,220.0,91.92388155425118,810,810000.0,0.580638587474823,0.6292909011796669,0.04865231370484391,0.04865231370484391,0.08379104447127968,large,3.1154764646805972
E09B-5,sample_001451,samples/sample_001451.npz,sample_001451_prediction.npz,0.00018274706962984055,0.0016728589544072747,0.7974426522372002,0.5260930888575458,0.6894639556377079,392,690,1.760204081632653,94.30146908760071,239.6391682491791,2.541202916219343,0.2405649721622467,0.2788526381042843,0.42569026350975037,0.00998152973437883,0.00014351671050353334,0.0010672363519714885,-4.625425512580399,4.625425512580399,20.0,90.0,70.0,80.0,70.0,390.0,335.0,0.0004413317554188181,0.021007897453548703,0.008240585147341231,1.2171023262605154,0.9595314492695258,0.1371451443506636,0.008240585147341231,0.019324194985774628,20.0,70.0,20.0,0.0,0.0,90.0,0.0,0.0,70.0,0.0,0.0,160.0,80.0,80.0,170.0,100.0,100.0,390.0,295.0,40.0,392,392000.0,0.2405649721622467,0.2788526381042843,0.038287665942037585,0.038287665942037585,0.15915727712933553,medium,-4.625425512580399
E09B-5,sample_000316,samples/sample_000316.npz,sample_000316_prediction.npz,0.00042415197822265327,0.002104497281834483,0.513816060665562,0.10723860589812333,0.1937046004842615,80,746,9.325,23.076975345611572,229.9425938221642,9.964156497046794,0.28846219182014465,0.4247139532119036,0.5699991583824158,0.023420707089366267,0.00040542210000299504,0.0012873743743673574,2.126760053122325,2.126760053122325,20.0,60.0,40.0,50.0,40.0,475.0,350.0,0.0009194571532418571,0.030322551891980614,0.011611624549693228,5.20179176763345,0.7763599176987088,0.1883427365287127,0.011611624549693228,0.02801120005567092,20.0,40.0,20.0,0.0,0.0,80.0,20.0,20.0,60.0,20.0,20.0,290.0,240.0,240.0,280.0,240.0,240.0,495.0,370.0,28.284271247461902,80,80000.0,0.28846219182014465,0.4247139532119036,0.13625176139175893,0.13625176139175893,0.47233836965612297,small,2.126760053122325
E09B-5,sample_001723,samples/sample_001723.npz,sample_001723_prediction.npz,0.00041403991053812206,0.0027659216430038214,0.8328420222751898,0.39473684210526316,0.5660377358490566,360,912,2.533333333333333,184.5861268043518,433.7999251790559,2.350122041613956,0.5127392411231995,0.5052558556199074,0.6386953592300415,0.004409485504449077,0.0003993543721438897,0.0009656669343444395,0.7925457210159763,0.7925457210159763,30.0,90.0,60.0,50.0,120.0,255.0,300.0,0.0007782997245230338,0.027898023666973863,0.013515021322850873,0.9424441873827588,0.9855329907258128,0.18951724794779246,0.013515021322850873,0.02440581740417477,30.0,60.0,20.0,-10.0,10.0,120.0,30.0,30.0,100.0,40.0,40.0,420.0,370.0,370.0,450.0,330.0,330.0,210.0,255.0,63.63961030678928,360,360000.0,0.5127392411231995,0.5052558556199074,-0.007483385503292084,0.007483385503292084,0.014594914730729568,medium,0.7925457210159763
E09B-5,sample_001111,samples/sample_001111.npz,sample_001111_prediction.npz,0.0010662762215361,0.0036535162944346666,0.8224769222792804,0.37306201550387597,0.5434015525758645,385,1032,2.6805194805194805,306.5526646375656,629.9410310033863,2.054919443444277,0.7962406873703003,0.7524983093336031,0.8359717726707458,0.004313331360623388,0.001053509356758952,0.0013209398629839657,5.509172026036595,5.509172026036595,40.0,90.0,50.0,70.0,110.0,375.0,255.0,0.0009523271624831163,0.030859798484162468,0.016851582403180375,0.6853168741092928,0.9839503219305408,0.15980525730448963,0.016851582403180375,0.025852491813980676,40.0,50.0,30.0,-10.0,10.0,130.0,40.0,40.0,100.0,50.0,50.0,340.0,270.0,270.0,320.0,210.0,210.0,350.0,160.0,98.2344135219425,385,385000.0,0.7962406873703003,0.7524983093336031,-0.04374237803669723,0.04374237803669723,0.05493612513216668,medium,5.509172026036595
E09B-5,sample_000562,samples/sample_000562.npz,sample_000562_prediction.npz,0.0004371957329567522,0.0024973060935735703,0.664583683764361,0.24036979969183359,0.3875776397515528,156,649,4.160256410256411,97.30296850204468,284.09296308765465,2.919674162681736,0.6237369775772095,0.435579345203363,0.5070840716362,0.03647788518762518,0.0003799113483537434,0.003104019801232719,2.0144961866482873,2.0144961866482873,50.0,80.0,30.0,40.0,130.0,490.0,495.0,0.0003738682405473813,0.019335672746180345,0.009636852422092279,1.378549685235288,0.9809597344507668,0.10396407565336829,0.009636852422092279,0.016763034210494094,50.0,30.0,30.0,-20.0,20.0,110.0,30.0,30.0,80.0,50.0,50.0,140.0,100.0,100.0,220.0,90.0,90.0,530.0,520.0,47.16990566028302,156,156000.0,0.6237369775772095,0.435579345203363,-0.18815763237384647,0.18815763237384647,0.3016618208282438,small,2.0144961866482873
E09B-5,sample_002168,samples/sample_002168.npz,sample_002168_prediction.npz,0.0009440075955353677,0.0036687010433524847,0.4190637545495728,0.07692307692307693,0.14285714285714285,88,1144,13.0,75.48128128051758,361.1544134113408,4.7846884324757495,0.8577418327331543,0.43174815448847687,0.5637101531028748,0.1824467104644764,0.0007813839326371098,0.0040666061153437835,1.8370951816079213,1.8370951816079213,30.0,50.0,20.0,110.0,40.0,415.0,420.0,0.0012178193069176076,0.03489726790047622,0.015971428920573398,2.1166457710828754,0.7530992223395071,0.16909132503493796,0.015971428920573398,0.031027935238308706,30.0,20.0,20.0,-10.0,10.0,80.0,30.0,30.0,60.0,40.0,40.0,370.0,260.0,260.0,320.0,280.0,280.0,455.0,430.0,41.23105625617661,88,88000.0,0.8577418327331543,0.43174815448847687,-0.42599367824467743,0.42599367824467743,0.4966455662856835,small,1.8370951816079213
E09B-5,sample_001196,samples/sample_001196.npz,sample_001196_prediction.npz,0.0008429968729615211,0.002535028150305152,0.6302817148481422,0.15254237288135594,0.2647058823529412,90,590,6.555555555555555,88.26255083084106,297.3442167638404,3.368860450608472,0.9806950092315674,0.7577964140309228,0.8292609453201294,0.05144287077252526,0.0007966288337787741,0.0034326301620215146,2.7153347190443355,2.7153347190443355,50.0,80.0,30.0,60.0,50.0,110.0,525.0,0.0006490701917884849,0.025476856002821166,0.010562463513512164,1.8779328112920175,0.9737466567748092,0.17097585561340845,0.010562463513512164,0.02318414450253037,50.0,30.0,40.0,-10.0,10.0,110.0,30.0,30.0,70.0,40.0,40.0,180.0,120.0,120.0,200.0,150.0,150.0,160.0,540.0,52.20153254455275,90,90000.0,0.9806950092315674,0.7577964140309228,-0.2228985952006446,0.2228985952006446,0.227286356209051,small,2.7153347190443355
E09B-5,sample_001899,samples/sample_001899.npz,sample_001899_prediction.npz,0.00031950706033967435,0.0022816129494458437,0.7920044689576459,0.3862876254180602,0.5572979493365501,462,1196,2.588744588744589,150.69104826450348,347.53264806815406,2.3062594100356937,0.3261711001396179,0.3385915585604065,0.528348445892334,0.007313581533473979,0.00028648178410737684,0.003212750466223376,3.0577888232744925,3.0577888232744925,80.0,110.0,30.0,110.0,140.0,165.0,350.0,0.00029390675358772263,0.01714370886324551,0.009444712129297332,1.1466696048625538,0.995206927227616,0.07544243843326848,0.009444712129297332,0.014307486375405935,80.0,30.0,70.0,-10.0,10.0,150.0,40.0,40.0,80.0,50.0,50.0,240.0,130.0,130.0,210.0,70.0,70.0,140.0,335.0,29.154759474226502,462,462000.0,0.3261711001396179,0.3385915585604065,0.012420458420788594,0.012420458420788594,0.03807957975268809,medium,3.0577888232744925
E09B-5,sample_000775,samples/sample_000775.npz,sample_000775_prediction.npz,0.00045835584751330316,0.002336065983399749,0.8881890982798137,0.6490872210953347,0.7872078720787208,640,986,1.540625,211.01202011108398,413.7006814916551,1.9605550492994135,0.3297062814235687,0.4544381353072822,0.7076700329780579,0.03775888849687033,0.00021392242940494342,0.0008249327490951719,-1.3485171076049198,1.3485171076049198,60.0,140.0,80.0,160.0,50.0,440.0,325.0,0.00035018939241179993,0.018713347974421892,0.009938236544719826,0.8975587914760762,0.9981088354714027,0.09264802197451441,0.009938236544719826,0.015856255762095765,60.0,80.0,50.0,-10.0,10.0,150.0,10.0,10.0,100.0,20.0,20.0,350.0,190.0,190.0,140.0,90.0,90.0,435.0,310.0,15.811388300841896,640,640000.0,0.3297062814235687,0.4544381353072822,0.1247318538837135,0.1247318538837135,0.3783120338052412,large,-1.3485171076049198
E09B-5,sample_001971,samples/sample_001971.npz,sample_001971_prediction.npz,0.001286940067075193,0.004246766213327646,0.5923526801190424,0.15503875968992248,0.2684563758389262,160,1032,6.45,147.76297569274902,465.8891463474085,3.1529491346746776,0.9235185980796814,0.6130563730373979,0.8906645178794861,0.10003742786508014,0.0011259512620325055,0.004733210731975365,3.6071139592199515,3.6071139592199515,50.0,70.0,20.0,160.0,50.0,240.0,195.0,0.0010168722244053299,0.031888434022468555,0.01691991038007954,1.469523222243753,0.9274030691368342,0.15507674765518067,0.01691991038007954,0.027029407265706115,50.0,20.0,30.0,-20.0,20.0,110.0,40.0,40.0,80.0,60.0,60.0,450.0,290.0,290.0,310.0,260.0,260.0,225.0,175.0,25.0,160,160000.0,0.9235185980796814,0.6130563730373979,-0.3104622250422835,0.3104622250422835,0.33617322454343984,small,3.6071139592199515
E09B-5,sample_002064,samples/sample_002064.npz,sample_002064_prediction.npz,0.0017162528820335865,0.005130424629896879,0.8045905688568874,0.3766552231486023,0.5472034200213751,768,2039,2.6549479166666665,498.9137878417969,953.9893306665604,1.9121326247433068,0.6496273279190063,0.6379181174561381,0.7973095178604126,0.004903752615181017,0.0016911544132206051,0.003192858569398037,5.5677752363590685,5.5677752363590685,80.0,120.0,40.0,160.0,120.0,170.0,440.0,0.0014971517380251624,0.0386930450859733,0.021080379789573667,0.8307293731200044,0.999094431108803,0.17736018464975967,0.021080379789573667,0.03244640698062724,80.0,40.0,60.0,-20.0,20.0,160.0,40.0,40.0,100.0,60.0,60.0,280.0,120.0,120.0,200.0,80.0,80.0,160.0,430.0,14.142135623730951,768,768000.0,0.6496273279190063,0.6379181174561381,-0.011709210462868214,0.011709210462868214,0.01802450414205494,large,5.5677752363590685
E09B-5,sample_001548,samples/sample_001548.npz,sample_001548_prediction.npz,0.000803143426310271,0.0035683598835021257,0.8281885644441864,0.32727272727272727,0.4931506849315068,396,1210,3.0555555555555554,281.8826107978821,581.9522748347332,2.0645199545565784,0.7118247747421265,0.6544663639682712,0.763221025466919,0.007956102881003858,0.0007742124281550753,0.001470731900892687,2.3579867749078858,2.3579867749078858,50.0,90.0,40.0,90.0,110.0,455.0,335.0,0.0007891210719481513,0.028091298865452113,0.015578077618846338,0.7420093465303588,0.981726012005279,0.1221788653081029,0.015578077618846338,0.02337615386776341,50.0,40.0,40.0,-10.0,10.0,120.0,30.0,30.0,80.0,40.0,40.0,400.0,310.0,310.0,180.0,70.0,70.0,430.0,310.0,35.35533905932738,396,396000.0,0.7118247747421265,0.6544663639682712,-0.057358410773855284,0.057358410773855284,0.08057939651599592,medium,2.3579867749078858
E09B-5,sample_000381,samples/sample_000381.npz,sample_000381_prediction.npz,0.00046350076445378363,0.0038189964834600687,0.7620613478151507,0.3580394500896593,0.5272887323943662,600,1672,2.7866666666666666,171.90202474594116,525.1078496035575,3.0546926389007294,0.2865033745765686,0.3219325523202618,0.576104998588562,0.007242368079500413,0.0004218718310809,0.0011883282839720306,-0.4263047438266696,0.4263047438266696,30.0,70.0,40.0,100.0,150.0,440.0,425.0,0.001179527480514339,0.03434424959894071,0.019554235212598477,1.2244456239876669,0.9153761968255362,0.14192879678497128,0.019554235212598477,0.02823401079840965,30.0,40.0,20.0,-10.0,10.0,90.0,20.0,20.0,70.0,30.0,30.0,460.0,360.0,360.0,440.0,290.0,290.0,410.0,350.0,80.77747210701756,600,600000.0,0.2865033745765686,0.3219325523202618,0.035429177743693197,0.035429177743693197,0.12366059490941415,medium,-0.4263047438266696
E09B-5,sample_000114,samples/sample_000114.npz,sample_000114_prediction.npz,0.0019569075666368008,0.006782726850360632,0.6654032365684855,0.20408163265306123,0.3389830508474576,480,2352,4.9,322.79139518737793,876.9205176755454,2.716678730442922,0.6724820733070374,0.5566606196264426,0.7301456332206726,0.019122803995569874,0.001872678330251033,0.007258755935456342,2.463778314671387,2.463778314671387,80.0,100.0,20.0,150.0,160.0,485.0,350.0,0.0021590476307318664,0.046465553162873964,0.02732212812506794,1.4502191043712394,0.9705063710980101,0.17511625263369546,0.02732212812506794,0.03758389210086201,80.0,20.0,50.0,-30.0,30.0,150.0,50.0,50.0,100.0,80.0,80.0,380.0,230.0,230.0,260.0,100.0,100.0,440.0,320.0,54.08326913195984,480,480000.0,0.6724820733070374,0.5566606196264426,-0.11582145368059471,0.11582145368059471,0.17222980102803978,medium,2.463778314671387
E09B-5,sample_000761,samples/sample_000761.npz,sample_000761_prediction.npz,0.0012688642600551248,0.0028109168633818626,0.7400707976889475,0.30387596899224806,0.4661117717003567,196,645,3.2908163265306123,195.83123445510864,420.29395591136563,2.14620490485501,0.9991389513015747,0.866838848712493,0.9315058588981628,0.02027039679951643,0.0012309031147330876,0.0008951223601836909,5.458546192654907,5.458546192654907,50.0,120.0,70.0,70.0,40.0,155.0,200.0,0.0005502960808949459,0.023458390415690204,0.010875557041612619,0.9752483272535512,0.9981085013586329,0.16990998054622575,0.010875557041612619,0.020785050876280676,50.0,70.0,30.0,-20.0,20.0,150.0,30.0,30.0,120.0,50.0,50.0,180.0,110.0,110.0,110.0,70.0,70.0,200.0,225.0,51.478150704935004,196,196000.0,0.9991389513015747,0.866838848712493,-0.13230010258908176,0.13230010258908176,0.13241411759268806,medium,5.458546192654907
E09B-5,sample_001580,samples/sample_001580.npz,sample_001580_prediction.npz,0.0008156573749147356,0.002558785257861018,0.895533944697357,0.5667060212514758,0.7234363225320272,480,847,1.7645833333333334,401.34976387023926,615.578421216499,1.5337704830829855,0.8361453413963318,0.8238634529833992,0.922497034072876,0.008837723960652938,0.0007762948948009872,0.0006878354990825743,7.852187843331393,7.852187843331393,40.0,120.0,80.0,120.0,50.0,500.0,525.0,0.00028539351859326436,0.016893594010549216,0.009728848882389302,0.3338144985453402,0.994671884954304,0.0814631598110695,0.009728848882389302,0.013810974549860586,40.0,80.0,30.0,-10.0,10.0,150.0,30.0,30.0,120.0,40.0,40.0,360.0,240.0,240.0,290.0,240.0,240.0,440.0,415.0,125.29964086141668,480,480000.0,0.8361453413963318,0.8238634529833992,-0.01228188841293254,0.01228188841293254,0.014688700402758019,medium,7.852187843331393
E09B-5,sample_001591,samples/sample_001591.npz,sample_001591_prediction.npz,0.0006871267105452716,0.0033470422495156527,0.9004105714933557,0.8031980319803198,0.8908594815825375,1320,1612,1.2212121212121212,381.7951512336731,657.5011600565155,1.72213072358821,0.28923875093460083,0.40527129489081826,0.6614296436309814,0.033828529084512636,0.0002360558121133053,0.0005984651479629058,-3.166618932733826,3.166618932733826,70.0,150.0,80.0,110.0,150.0,395.0,325.0,0.0006035251307174877,0.024566748476700935,0.013537905475834769,0.7244694618647906,0.9979694656517717,0.11340063351839308,0.013537905475834769,0.02050000600109304,70.0,80.0,60.0,-10.0,10.0,160.0,10.0,10.0,100.0,20.0,20.0,210.0,100.0,100.0,170.0,20.0,20.0,385.0,335.0,14.142135623730951,1320,1320000.0,0.28923875093460083,0.40527129489081826,0.11603254395621743,0.11603254395621743,0.40116527810083547,large,-3.166618932733826
E09B-5,sample_000709,samples/sample_000709.npz,sample_000709_prediction.npz,0.0015662573277950287,0.004271556157618761,0.621199707677566,0.156794425087108,0.2710843373493976,180,1148,6.377777777777778,170.6106162071228,504.6254065055217,2.9577608810280713,0.9478367567062378,0.7092359340853162,0.7925546169281006,0.05939330522972283,0.0014601786876682584,0.004916605662589824,4.047753271302369,4.047753271302369,80.0,110.0,30.0,120.0,50.0,480.0,315.0,0.0009074241693340769,0.03012348202539137,0.01602722101693689,1.7072522274563615,0.995217343646215,0.15289430012098254,0.01602722101693689,0.025505927856252032,80.0,30.0,60.0,-20.0,20.0,150.0,40.0,40.0,90.0,60.0,60.0,350.0,230.0,230.0,160.0,110.0,110.0,455.0,290.0,35.35533905932738,180,180000.0,0.9478367567062378,0.7092359340853162,-0.23860082262092164,0.23860082262092164,0.25173197909106937,small,4.047753271302369
E09B-5,sample_000703,samples/sample_000703.npz,sample_000703_prediction.npz,0.0002606892376206815,0.002186389407142997,0.9026463457784506,0.6096131301289566,0.7574654042243263,520,853,1.6403846153846153,243.65123629570007,418.79111420255487,1.718813828197865,0.4685600697994232,0.4656825793763766,0.6199858784675598,0.009146452326092404,0.00021343616639908077,0.0005294925992619119,1.4552176778661021,1.4552176778661021,30.0,110.0,80.0,130.0,50.0,465.0,415.0,0.0003239577334613933,0.017998825891190603,0.009019333711609184,0.5204302672296247,0.9922254856898558,0.11311932059600649,0.009019333711609184,0.015575922215394613,30.0,80.0,20.0,-10.0,10.0,130.0,20.0,20.0,110.0,30.0,30.0,340.0,210.0,210.0,190.0,140.0,140.0,450.0,415.0,15.0,520,520000.0,0.4685600697994232,0.4656825793763766,-0.002877490423046636,0.002877490423046636,0.0061411345279131545,medium,1.4552176778661021
E09B-5,sample_001400,samples/sample_001400.npz,sample_001400_prediction.npz,0.001071264618076384,0.004669508431106806,0.47065860406359333,0.14947498455836936,0.2600752283718431,242,1619,6.690082644628099,134.1245481967926,486.1176606865835,3.6243750098105334,0.5542336702346802,0.3330803275847238,0.6879186034202576,0.04992924057712029,0.0009506916225215981,0.0038982428095055304,1.0321798664514361,1.0321798664514361,30.0,50.0,20.0,110.0,110.0,425.0,365.0,0.001813391331894946,0.04258393279037231,0.01980848936054643,1.6265380674545458,0.7848476031232072,0.22188124796217412,0.01980848936054643,0.03769635368504578,30.0,20.0,20.0,-10.0,10.0,70.0,20.0,20.0,50.0,30.0,30.0,480.0,370.0,370.0,410.0,300.0,300.0,400.0,305.0,65.0,242,242000.0,0.5542336702346802,0.3330803275847238,-0.2211533426499564,0.2211533426499564,0.39902545537573175,medium,1.0321798664514361
E09B-5,sample_001887,samples/sample_001887.npz,sample_001887_prediction.npz,0.0004493279557209462,0.0025329862255603075,0.8091190890298682,0.33507853403141363,0.5019607843137255,320,955,2.984375,185.7793426513672,381.8541785579049,2.055417858133404,0.5805604457855225,0.49922171803191306,0.626029372215271,0.011060812900794683,0.000414672557534906,0.0007393947892699162,0.44381633128897846,0.44381633128897846,20.0,70.0,50.0,40.0,160.0,380.0,240.0,0.0005899386082738842,0.02428865184142348,0.011068708376717378,0.687903335581224,0.9497430222265978,0.1273225013776823,0.011068708376717378,0.021619951506538372,20.0,50.0,20.0,0.0,0.0,90.0,20.0,20.0,70.0,20.0,20.0,410.0,370.0,370.0,270.0,110.0,110.0,345.0,195.0,57.0087712549569,320,320000.0,0.5805604457855225,0.49922171803191306,-0.0813387277536094,0.0813387277536094,0.1401038054591451,medium,0.44381633128897846
E09B-5,sample_001331,samples/sample_001331.npz,sample_001331_prediction.npz,0.0004710851062554866,0.002798784291371703,0.38354907006392125,0.08005822416302766,0.14824797843665768,110,1374,12.49090909090909,28.615364134311676,301.79701601403696,10.546677463110203,0.26013967394828796,0.27015750015323814,0.3580310642719269,0.001190706563640612,0.0004702789986202661,0.0038569953758470347,4.479809063150462,4.479809063150462,20.0,40.0,20.0,50.0,110.0,375.0,195.0,0.0013008561746536017,0.036067383806614,0.015906258281690525,4.778138537814148,0.6518791416456423,0.15530325790456698,0.015906258281690525,0.03237046681976881,20.0,20.0,20.0,0.0,0.0,60.0,20.0,20.0,40.0,20.0,20.0,320.0,270.0,270.0,380.0,270.0,270.0,430.0,250.0,77.78174593052023,110,110000.0,0.26013967394828796,0.27015750015323814,0.010017826204950175,0.010017826204950175,0.03850941324290879,small,4.479809063150462
E09B-5,sample_001596,samples/sample_001596.npz,sample_001596_prediction.npz,0.0020293239504098892,0.006115267518907785,0.6090652152537223,0.14157303370786517,0.24803149606299213,252,1780,7.063492063492063,230.43040251731873,700.5878092889245,3.0403445102530235,0.9144063591957092,0.6544898443278813,0.7074258327484131,0.06815850752538805,0.0018593677069283492,0.007726827050498091,3.2766337347891863,3.2766337347891863,80.0,100.0,20.0,140.0,90.0,390.0,355.0,0.001692741101991999,0.0411429350191743,0.023606349890009093,1.7010052131635083,0.9714296042326129,0.17962538249345716,0.023606349890009093,0.033696904113916265,80.0,20.0,60.0,-20.0,20.0,150.0,50.0,50.0,90.0,70.0,70.0,390.0,250.0,250.0,200.0,110.0,110.0,345.0,320.0,57.0087712549569,252,252000.0,0.9144063591957092,0.6544898443278813,-0.25991651486782796,0.25991651486782796,0.28424618032670346,medium,3.2766337347891863
E09B-5,sample_002009,samples/sample_002009.npz,sample_002009_prediction.npz,0.00030154871637932956,0.0023091984912753105,0.7970666940117564,0.4368794326241135,0.6080947680157947,616,1410,2.288961038961039,175.44790244102478,372.8800854079725,2.1253037523963147,0.28481802344322205,0.290448644041241,0.46727803349494934,0.004090214170527003,0.00027765822300795245,0.0018193511784808391,2.124229550704939,2.124229550704939,80.0,120.0,40.0,140.0,110.0,360.0,135.0,0.0002689767988485171,0.016400512152018824,0.009271650345882844,0.983043375588699,0.9892422689166895,0.06560794876006959,0.009271650345882844,0.013528240784085994,80.0,40.0,70.0,-10.0,10.0,150.0,30.0,30.0,80.0,40.0,40.0,300.0,160.0,160.0,150.0,40.0,40.0,310.0,135.0,50.0,616,616000.0,0.28481802344322205,0.290448644041241,0.005630620598018943,0.005630620598018943,0.019769186408743533,large,2.124229550704939
E09B-5,sample_002116,samples/sample_002116.npz,sample_002116_prediction.npz,0.0022095111198723316,0.00471500912681222,0.8467537722379984,0.46473029045643155,0.6345609065155807,672,1446,2.1517857142857144,638.236249923706,1042.0749005426599,1.632741638644355,0.9497563242912292,0.9056856681903204,0.9589491486549377,0.0036982695896370906,0.0021992641895404244,0.0012874064929229165,2.6484385219227136,2.6484385219227136,40.0,110.0,70.0,60.0,160.0,190.0,340.0,0.002164257252100044,0.04652157834919237,0.02051370933489719,0.5769841399419177,0.9951826195263082,0.3887587235907316,0.02051370933489719,0.04175458036459469,40.0,70.0,0.0,-40.0,40.0,150.0,40.0,40.0,150.0,80.0,80.0,280.0,220.0,220.0,290.0,130.0,130.0,140.0,305.0,61.032778078668514,672,672000.0,0.9497563242912292,0.9056856681903204,-0.04407065610090888,0.04407065610090888,0.04640206648141807,large,2.6484385219227136
E09B-5,sample_000238,samples/sample_000238.npz,sample_000238_prediction.npz,0.0016987636918202043,0.005581642035394907,0.9302577108221037,0.6354609929078014,0.777103209019948,1344,2115,1.5736607142857142,988.6517601013184,1511.2029953732558,1.528549339980324,0.7356039881706238,0.8505254529327864,0.9587953686714172,0.020524754704389008,0.001437809347142197,0.0006618885588331467,4.3821024069920185,4.3821024069920185,50.0,120.0,70.0,160.0,120.0,350.0,150.0,0.002245655739584637,0.04738835025177219,0.02516203029475206,0.44121537480152173,0.9990277765598943,0.21388222942538027,0.02516203029475206,0.04015629428907275,50.0,70.0,30.0,-20.0,20.0,150.0,30.0,30.0,120.0,50.0,50.0,460.0,300.0,300.0,220.0,100.0,100.0,340.0,130.0,22.360679774997898,1344,1344000.0,0.7356039881706238,0.8505254529327864,0.11492146476216258,0.11492146476216258,0.1562273541337931,large,4.3821024069920185
E09B-5,sample_000737,samples/sample_000737.npz,sample_000737_prediction.npz,0.00017967779422178864,0.0017232982208952308,0.8043615867675461,0.345821325648415,0.5139186295503212,240,694,2.8916666666666666,93.02326440811157,244.60735039464203,2.6295287738076025,0.3875969350337982,0.36546580754220487,0.5362736582756042,0.0043519291095188315,0.00016946670067074517,0.0012589729234083467,1.5682485002410615,1.5682485002410615,40.0,70.0,30.0,50.0,160.0,375.0,160.0,0.0002777666168017968,0.01666633183402385,0.00811870680654997,1.1351107190398528,0.9627745879518719,0.07529277869053108,0.00811870680654997,0.014555178342812428,40.0,30.0,30.0,-10.0,10.0,90.0,20.0,20.0,60.0,30.0,30.0,330.0,280.0,280.0,250.0,90.0,90.0,355.0,125.0,40.311288741492746,240,240000.0,0.3875969350337982,0.36546580754220487,-0.02213112749159335,0.02213112749159335,0.057098303653158475,medium,1.5682485002410615
E09B-5,sample_000271,samples/sample_000271.npz,sample_000271_prediction.npz,0.0013213683851063251,0.004838113207370043,0.7269839641966372,0.23142857142857143,0.37587006960556846,405,1750,4.320987654320987,286.7427536845207,664.0444890260852,2.315819599600687,0.7080067992210388,0.5868684001174974,0.7284797430038452,0.019520494009406215,0.0012460800325510646,0.0040269640863868994,2.195329528940661,2.195329528940661,80.0,110.0,30.0,90.0,150.0,365.0,435.0,0.0010618339157006636,0.032585793157458416,0.018537777090702815,1.1399548220934959,0.9870457186819739,0.13706880769448304,0.018537777090702815,0.026798968939794634,80.0,30.0,60.0,-20.0,20.0,150.0,40.0,40.0,90.0,60.0,60.0,310.0,220.0,220.0,230.0,80.0,80.0,325.0,415.0,44.721359549995796,405,405000.0,0.7080067992210388,0.5868684001174974,-0.1211383991035414,0.1211383991035414,0.1710977906381972,medium,2.195329528940661
E09B-5,sample_001280,samples/sample_001280.npz,sample_001280_prediction.npz,0.0005498488317243755,0.0030911320354789495,0.42201272081702956,0.14075067024128687,0.24676850763807284,210,1492,7.104761904761904,63.227905333042145,339.5481407628119,5.370225993954731,0.3010852634906769,0.23548902663446608,0.542739748954773,0.005107290285329735,0.0005400922768722351,0.005712130197599131,5.857314765277991,5.857314765277991,20.0,40.0,20.0,70.0,150.0,415.0,485.0,0.0011708919200658953,0.03421829802994145,0.015647702869979425,2.3388560933834777,0.7438124220410787,0.14394456963775384,0.015647702869979425,0.030430926948726567,20.0,20.0,20.0,0.0,0.0,50.0,10.0,10.0,30.0,10.0,10.0,340.0,270.0,270.0,340.0,190.0,190.0,430.0,470.0,21.213203435596427,210,210000.0,0.3010852634906769,0.23548902663446608,-0.0655962368562108,0.0655962368562108,0.2178659828638275,medium,5.857314765277991
E09B-5,sample_000473,samples/sample_000473.npz,sample_000473_prediction.npz,0.0010050417622551322,0.0050031812861561775,0.8655642471726178,0.4243281471004243,0.5958291956305859,900,2121,2.3566666666666665,463.0685806274414,932.2653029584062,2.0132337670053535,0.5145206451416016,0.5669594478607177,0.7241700291633606,0.008042700931047517,0.0009400147600956836,0.0017293275087977755,3.127167544058537,3.127167544058537,50.0,90.0,40.0,150.0,150.0,445.0,245.0,0.0018883458437521379,0.043455101469817535,0.024250603727235184,0.7710291095913188,0.9896474217169937,0.17938813329601416,0.024250603727235184,0.03605903579710285,50.0,40.0,30.0,-20.0,20.0,120.0,30.0,30.0,90.0,50.0,50.0,480.0,330.0,330.0,240.0,90.0,90.0,400.0,210.0,57.0087712549569,900,900000.0,0.5145206451416016,0.5669594478607177,0.05243880271911616,0.05243880271911616,0.10191778155895852,large,3.127167544058537
E09B-5,sample_001502,samples/sample_001502.npz,sample_001502_prediction.npz,0.0004987613647244871,0.002195053966715932,0.780876303758308,0.3111111111111111,0.4745762711864407,252,810,3.2142857142857144,71.70944917201996,285.9214591854147,3.9872215236172432,0.28456130623817444,0.48909179032558486,0.6585795283317566,0.05532730233045651,0.0003578484732134844,0.0010867604266801953,-2.1699076285322434,2.1699076285322434,70.0,140.0,70.0,60.0,60.0,160.0,450.0,0.00038361905820147644,0.01958619560306382,0.010009571214608779,2.770963573006848,0.9872744013609301,0.09956831227984653,0.010009571214608779,0.016835306421361974,70.0,70.0,60.0,-10.0,10.0,160.0,20.0,20.0,100.0,30.0,30.0,260.0,200.0,200.0,120.0,60.0,60.0,130.0,440.0,31.622776601683793,252,252000.0,0.28456130623817444,0.48909179032558486,0.20453048408741042,0.20453048408741042,0.7187571873043794,medium,-2.1699076285322434
E09B-5,sample_000960,samples/sample_000960.npz,sample_000960_prediction.npz,0.0009581492631696165,0.0035218673292547464,0.7345474281252611,0.2785714285714286,0.43575418994413406,390,1400,3.58974358974359,203.0231523513794,539.8394446064533,2.6590043468152538,0.5205721855163574,0.5330708761245776,0.7988913059234619,0.0021486305686697718,0.0009534074728265921,0.006136535276544054,0.6536959492425751,0.6536959492425751,70.0,90.0,20.0,130.0,150.0,165.0,265.0,0.0010787269151018909,0.03284397836897794,0.017055512779652456,1.4520417472837255,0.9907171322131805,0.14697924487395603,0.017055512779652456,0.028068423520479426,70.0,20.0,50.0,-20.0,20.0,120.0,30.0,30.0,70.0,50.0,50.0,330.0,200.0,200.0,220.0,70.0,70.0,165.0,240.0,25.0,390,390000.0,0.5205721855163574,0.5330708761245776,0.012498690608220175,0.012498690608220175,0.024009524434776858,medium,0.6536959492425751
E09B-5,sample_001604,samples/sample_001604.npz,sample_001604_prediction.npz,0.0008239761809818447,0.002517242217436433,0.8350721563119405,0.3755868544600939,0.5460750853242321,320,852,2.6625,209.39214706420898,448.7219488960128,2.1429741047471786,0.6543504595756531,0.7507547228597105,0.8574827313423157,0.017428883880845993,0.0007697471550642738,0.0004138721939627511,-3.472584221686006,3.472584221686006,70.0,150.0,80.0,50.0,80.0,265.0,500.0,0.0005202681277874927,0.022809386834974164,0.011359109565691583,1.1554774695950456,0.9996297068717498,0.13044436310896,0.011359109565691583,0.019779756258915492,70.0,80.0,50.0,-20.0,20.0,160.0,10.0,10.0,110.0,30.0,30.0,240.0,190.0,190.0,110.0,30.0,30.0,260.0,505.0,7.0710678118654755,320,320000.0,0.6543504595756531,0.7507547228597105,0.09640426328405738,0.09640426328405738,0.14732818151694374,medium,-3.472584221686006
E09B-5,sample_001049,samples/sample_001049.npz,sample_001049_prediction.npz,0.00035655417013913393,0.0022854653652757406,0.901381357230528,0.6017191977077364,0.7513416815742398,630,1047,1.661904761904762,164.42838996648788,377.67075449501044,2.2968707202690695,0.2609974443912506,0.39913626749600684,0.593904972076416,0.03404332155543756,0.00013927361128284407,0.0009667227705806971,-0.33112594643402815,0.33112594643402815,50.0,110.0,60.0,70.0,150.0,215.0,405.0,0.0004702683549931777,0.021685671651880595,0.010999053217718373,1.110351617949226,0.990887721864876,0.11250193504470127,0.010999053217718373,0.018689279903382493,50.0,60.0,40.0,-10.0,10.0,120.0,10.0,10.0,80.0,20.0,20.0,340.0,270.0,270.0,220.0,70.0,70.0,170.0,380.0,51.478150704935004,630,630000.0,0.2609974443912506,0.39913626749600684,0.13813882310475623,0.13813882310475623,0.5292727039031001,large,-0.33112594643402815
E09B-5,sample_001954,samples/sample_001954.npz,sample_001954_prediction.npz,0.0004765802586916834,0.002240771660581231,0.614290743655042,0.16374269005847952,0.2814070351758794,140,855,6.107142857142857,69.94698226451874,275.8516417132982,3.943724700947199,0.49962130188941956,0.4488572667751993,0.544700026512146,0.004034155031755513,0.00047150646478079914,0.004325977988392848,2.608858081469563,2.608858081469563,80.0,100.0,20.0,100.0,70.0,400.0,495.0,0.00036091302340278164,0.01899771100429685,0.010108559779976631,2.4950566961384095,0.9533569338251275,0.08580634410500815,0.010108559779976631,0.016085087583765915,80.0,20.0,60.0,-20.0,20.0,140.0,40.0,40.0,80.0,60.0,60.0,290.0,190.0,190.0,150.0,80.0,80.0,365.0,465.0,46.09772228646444,140,140000.0,0.49962130188941956,0.4488572667751993,-0.05076403511422023,0.05076403511422023,0.10160502549079814,small,2.608858081469563
E09B-5,sample_001051,samples/sample_001051.npz,sample_001051_prediction.npz,0.00048066521412692964,0.002554528648033738,0.8604583592590734,0.3271375464684015,0.49299719887955185,264,807,3.0568181818181817,169.32887077331543,416.6527682584704,2.460612690296939,0.64139723777771,0.70537553998557,0.8684646487236023,0.008995100658874898,0.00045773772570604094,0.0012120265228093903,3.3457763498689275,3.3457763498689275,40.0,80.0,40.0,110.0,60.0,165.0,520.0,0.0006487292144610039,0.02547016322014847,0.012911116069926155,0.9578311429656118,0.9659500358935534,0.13605620954879294,0.012911116069926155,0.02195523391562701,40.0,40.0,30.0,-10.0,10.0,110.0,30.0,30.0,80.0,40.0,40.0,290.0,180.0,180.0,280.0,220.0,220.0,215.0,420.0,111.80339887498948,264,264000.0,0.64139723777771,0.70537553998557,0.06397830220786005,0.06397830220786005,0.09974832824277474,medium,3.3457763498689275
E09B-5,sample_000519,samples/sample_000519.npz,sample_000519_prediction.npz,0.0009656673646531999,0.004382691811770201,0.9229677577192218,0.5910723447922012,0.7429861335053208,1152,1949,1.6918402777777777,485.49850845336914,913.0006656717982,1.8805426788648714,0.42143967747688293,0.5788608102593571,0.7469411492347717,0.033976685609118325,0.0005742323184532401,0.000751997036786947,1.3743917678001338,1.3743917678001338,70.0,130.0,60.0,160.0,120.0,190.0,260.0,0.0014698133114387048,0.03833814434005257,0.020666608244113156,0.8377643921071044,0.9995238960732202,0.177445836450697,0.020666608244113156,0.03229093704312495,70.0,60.0,50.0,-20.0,20.0,150.0,20.0,20.0,100.0,40.0,40.0,210.0,50.0,50.0,200.0,80.0,80.0,205.0,240.0,25.0,1152,1152000.0,0.42143967747688293,0.5788608102593571,0.15742113278247416,0.15742113278247416,0.37353182719989414,large,1.3743917678001338
E09B-5,sample_002133,samples/sample_002133.npz,sample_002133_prediction.npz,0.00017412049055565149,0.0016083973459899426,0.8792299214727194,0.5247813411078717,0.6883365200764818,360,686,1.9055555555555554,119.72476601600647,268.2728801782389,2.2407467486081574,0.33256879448890686,0.3887931970672475,0.56953364610672,0.009710182543974922,0.00013907003787893112,0.0006330646154246587,-0.2943618320797796,0.2943618320797796,20.0,80.0,60.0,120.0,50.0,250.0,245.0,0.0003891192893385512,0.019726106796287786,0.00835271854872282,0.8766164893249428,0.9687542589377962,0.11840166955229586,0.00835271854872282,0.017870405204817627,20.0,60.0,20.0,0.0,0.0,100.0,20.0,20.0,80.0,20.0,20.0,240.0,120.0,120.0,120.0,70.0,70.0,290.0,210.0,53.150729063673246,360,360000.0,0.33256879448890686,0.3887931970672475,0.05622440257834066,0.05622440257834066,0.16906096876812077,medium,-0.2943618320797796
E09B-5,sample_000492,samples/sample_000492.npz,sample_000492_prediction.npz,0.00019434548448771238,0.0023722415789961815,0.7501607260645333,0.45047489823609227,0.6211412535079514,336,733,2.181547619047619,69.23460531234741,295.19067697875784,4.26362908616326,0.20605537295341492,0.2622456901174571,0.4264152944087982,0.008339605448049523,0.00016640976216536393,0.0014248965866711268,-2.633519061872896,2.633519061872896,30.0,90.0,60.0,40.0,140.0,390.0,410.0,0.0005309963812450792,0.023043358723178337,0.012448876830650012,2.116043665581718,0.9265089165147532,0.12305870142036801,0.012448876830650012,0.01939128275541318,30.0,60.0,20.0,-10.0,10.0,100.0,10.0,10.0,80.0,20.0,20.0,320.0,280.0,280.0,370.0,230.0,230.0,330.0,305.0,120.93386622447825,336,336000.0,0.20605537295341492,0.2622456901174571,0.05619031716404216,0.05619031716404216,0.27269522924182954,medium,-2.633519061872896
E09B-5,sample_000901,samples/sample_000901.npz,sample_000901_prediction.npz,0.0027377083897590637,0.0051315524615347385,0.7383630171010339,0.31421838177533384,0.4781829049611476,400,1273,3.1825,387.03465461730957,835.4676148096046,2.15863774688521,0.9675866365432739,0.8975626266002655,0.9448042511940002,0.005733725879863006,0.002725467926697522,0.0033031969164367208,4.095299813342976,4.095299813342976,70.0,110.0,40.0,100.0,100.0,200.0,200.0,0.0019393664750685072,0.04403823878254565,0.021766940172540928,1.05445523183572,0.9978832262881843,0.2432470357213558,0.021766940172540928,0.03828272182843758,70.0,40.0,40.0,-30.0,30.0,150.0,40.0,40.0,110.0,70.0,70.0,300.0,200.0,200.0,130.0,30.0,30.0,180.0,205.0,20.615528128088304,400,400000.0,0.9675866365432739,0.8975626266002655,-0.07002400994300839,0.07002400994300839,0.07236975718595165,medium,4.095299813342976
E09B-5,sample_000728,samples/sample_000728.npz,sample_000728_prediction.npz,0.0004083920211996883,0.002149388659745455,0.841716976144106,0.3146067415730337,0.47863247863247865,280,890,3.1785714285714284,104.24670338630676,315.50460334634477,3.0265187588443934,0.3723096549510956,0.533971548293318,0.6829063892364502,0.032237214124073536,0.0003174747706797926,0.001057256375877969,-0.6697860189940172,0.6697860189940172,60.0,100.0,40.0,70.0,100.0,335.0,470.0,0.0004316211168897554,0.020775493180421864,0.010902627123279463,1.6295199035575574,0.9706449447726024,0.10194807912319578,0.010902627123279463,0.01768484771493626,60.0,40.0,50.0,-10.0,10.0,110.0,10.0,10.0,60.0,20.0,20.0,330.0,260.0,260.0,210.0,110.0,110.0,295.0,435.0,53.150729063673246,280,280000.0,0.3723096549510956,0.533971548293318,0.16166189334222247,0.16166189334222247,0.43421354024100567,medium,-0.6697860189940172
E09B-5,sample_000044,samples/sample_000044.npz,sample_000044_prediction.npz,0.0018579127499833703,0.004435144830495119,0.8633151067315482,0.4528052805280528,0.62335302135393,686,1515,2.2084548104956268,557.6774952411652,984.7509083032746,1.7658071496634868,0.8129409551620483,0.8787839934881505,0.9572296142578125,0.0076402698231791,0.0018172778125150912,0.0006162936265560495,-0.7597178755824956,0.7597178755824956,70.0,140.0,70.0,70.0,140.0,275.0,260.0,0.0015888729699521929,0.03986066946191688,0.02102734447935424,0.7571438686118235,0.9995608625197714,0.20950709909885284,0.02102734447935424,0.03386330985150098,70.0,70.0,50.0,-20.0,20.0,160.0,20.0,20.0,110.0,40.0,40.0,250.0,180.0,180.0,180.0,40.0,40.0,275.0,270.0,10.0,686,686000.0,0.8129409551620483,0.8787839934881505,0.06584303832610217,0.06584303832610217,0.08099362925192677,large,-0.7597178755824956
E09B-5,sample_000653,samples/sample_000653.npz,sample_000653_prediction.npz,0.0005920754629187286,0.003693534294143319,0.4849367414491685,0.15605749486652978,0.2699822380106572,312,1940,6.217948717948718,65.11785006523132,423.15247567113556,6.498256242293714,0.20871105790138245,0.24022052740274127,0.41497349739074707,0.004307960750940729,0.0005802442857300426,0.0039246816959476105,4.772332895071813,4.772332895071813,20.0,40.0,20.0,120.0,130.0,300.0,235.0,0.001669827803471422,0.040863526566749256,0.020835688777797606,2.904277859059827,0.7117019871614996,0.16261451670335433,0.020835688777797606,0.03515255149524969,20.0,20.0,20.0,0.0,0.0,50.0,10.0,10.0,30.0,10.0,10.0,480.0,360.0,360.0,450.0,320.0,320.0,320.0,245.0,22.360679774997898,312,312000.0,0.20871105790138245,0.24022052740274127,0.03150946950135883,0.03150946950135883,0.15097173009514087,medium,4.772332895071813
E09B-5,sample_001330,samples/sample_001330.npz,sample_001330_prediction.npz,0.0007335435948334634,0.004234717693179846,0.9584731676409194,0.7300884955752213,0.8439897698209718,1320,1808,1.3696969696969696,743.6322569847107,1105.0369180833168,1.4859991719079457,0.5633577704429626,0.681581926774798,0.8974691033363342,0.0326581455061093,0.0002990340168304942,0.00037186307371626335,-0.5490330954557834,0.5490330954557834,50.0,130.0,80.0,150.0,110.0,365.0,405.0,0.0010460022062432051,0.032341957365676015,0.01825597948876432,0.4096694648580275,0.9978649060937335,0.16064880950207505,0.01825597948876432,0.02669684286856822,50.0,80.0,40.0,-10.0,10.0,150.0,20.0,20.0,110.0,30.0,30.0,480.0,330.0,330.0,400.0,290.0,290.0,270.0,280.0,157.00318468107582,1320,1320000.0,0.5633577704429626,0.681581926774798,0.11822415633183536,0.11822415633183536,0.20985626281302,large,-0.5490330954557834
E09B-5,sample_000517,samples/sample_000517.npz,sample_000517_prediction.npz,0.0006741467514075339,0.0027182884514331818,0.6067876728113658,0.20149253731343283,0.33540372670807456,162,804,4.962962962962963,96.17286157608032,326.95943749573036,3.399705822801993,0.5936596393585205,0.4812150095348005,0.7284218668937683,0.014132067779516042,0.0006519322063124216,0.0037504208976056022,1.280100287523645,1.280100287523645,50.0,70.0,20.0,90.0,90.0,235.0,195.0,0.0006675690158095576,0.025837356981888795,0.012351637342129315,1.7442377010544055,0.9083332520972102,0.14653380420996126,0.012351637342129315,0.022693745190648328,50.0,20.0,40.0,-10.0,10.0,90.0,20.0,20.0,50.0,30.0,30.0,350.0,260.0,260.0,260.0,170.0,170.0,205.0,130.0,71.58910531638176,162,162000.0,0.5936596393585205,0.4812150095348005,-0.11244462982372,0.11244462982372,0.1894092546786946,small,1.280100287523645
E09B-5,sample_001265,samples/sample_001265.npz,sample_001265_prediction.npz,0.0014816387556493282,0.004774198401719332,0.9146377579503199,0.5682074408117249,0.7246585190510424,1008,1774,1.7599206349206349,680.8959245681763,1142.5161130101028,1.677959981526818,0.675491988658905,0.8091317639937476,0.9239348769187927,0.024445868927895992,0.0012437261840203358,0.000884376516018161,3.548074161530451,3.548074161530451,60.0,120.0,60.0,120.0,140.0,180.0,480.0,0.001877832230079239,0.04333396162456462,0.021921875364208396,0.6089149276281114,0.9991775314077566,0.2158155048417817,0.021921875364208396,0.03737998944081381,60.0,60.0,40.0,-20.0,20.0,150.0,30.0,30.0,110.0,50.0,50.0,310.0,190.0,190.0,240.0,100.0,100.0,165.0,450.0,33.54101966249684,1008,1008000.0,0.675491988658905,0.8091317639937476,0.13363977533484261,0.13363977533484261,0.1978406518190774,large,3.548074161530451
E09B-5,sample_001292,samples/sample_001292.npz,sample_001292_prediction.npz,0.00027895907987840474,0.002213411033153534,0.8696966798099632,0.49261083743842365,0.6600660066006601,400,812,2.03,147.53621816635132,344.8978954123941,2.337716797264736,0.3688405454158783,0.4426979848742485,0.670823872089386,0.019739517909155128,0.0001994503616733436,0.0013247441943800766,-2.2642579845785065,2.2642579845785065,30.0,80.0,50.0,100.0,80.0,360.0,420.0,0.0005505226056470706,0.02346321814344892,0.011030120850240157,0.9381931576040012,0.9827468160401607,0.16279456254360714,0.011030120850240157,0.02070891208335599,30.0,50.0,20.0,-10.0,10.0,100.0,20.0,20.0,80.0,30.0,30.0,430.0,330.0,330.0,340.0,260.0,260.0,315.0,390.0,54.08326913195984,400,400000.0,0.3688405454158783,0.4426979848742485,0.0738574394583702,0.0738574394583702,0.20024219239534477,medium,-2.2642579845785065
E09B-5,sample_001298,samples/sample_001298.npz,sample_001298_prediction.npz,0.0006646806723438203,0.0030256544705480337,0.6816199931782903,0.19938962360122076,0.3324851569126378,196,983,5.01530612244898,110.08473920822144,396.62345042511475,3.6028922199190148,0.5616568326950073,0.537309044934049,0.6629828810691833,0.0016870431888458045,0.000662638217379323,0.004038277048244219,1.1962019103463604,1.1962019103463604,50.0,70.0,20.0,70.0,140.0,235.0,210.0,0.0009677916366980149,0.03110934966690906,0.015392271756949252,1.9072445731913923,0.94896352730446,0.1527659904210825,0.015392271756949252,0.02703460017936713,50.0,20.0,30.0,-20.0,20.0,100.0,30.0,30.0,70.0,50.0,50.0,370.0,300.0,300.0,230.0,90.0,90.0,205.0,185.0,39.05124837953327,196,196000.0,0.5616568326950073,0.537309044934049,-0.02434778776095836,0.02434778776095836,0.04334993601721173,medium,1.1962019103463604
E09B-5,sample_001513,samples/sample_001513.npz,sample_001513_prediction.npz,0.0010674461955204606,0.003444012487307191,0.7268463691811287,0.2540220152413209,0.4051316677920324,300,1181,3.9366666666666665,185.75980067253113,511.12172715139735,2.751519571516091,0.6191993355751038,0.6269187265634537,0.7541600465774536,0.0038962095425425086,0.0010587870322611112,0.0014129786628646942,-1.6844891479613295,1.6844891479613295,80.0,130.0,50.0,50.0,120.0,355.0,490.0,0.0008680791701084778,0.029463183298966147,0.015561775311761956,1.6714525175774932,0.9949748934467147,0.1446938089699759,0.015561775311761956,0.025018199760468655,80.0,50.0,60.0,-20.0,20.0,150.0,20.0,20.0,90.0,40.0,40.0,250.0,200.0,200.0,180.0,60.0,60.0,315.0,480.0,41.23105625617661,300,300000.0,0.6191993355751038,0.6269187265634537,0.00771939098834995,0.00771939098834995,0.012466730089721894,medium,-1.6844891479613295
E09B-5,sample_000392,samples/sample_000392.npz,sample_000392_prediction.npz,0.001242708065547049,0.003443353809416294,0.6829067265272143,0.2564102564102564,0.40816326530612246,180,702,3.9,178.24459075927734,423.8120989799441,2.377699638315029,0.9902477264404297,0.7321145723263423,0.8009909391403198,0.0689158414278597,0.0011185676776434429,0.0029410949452938796,5.100064768485922,5.100064768485922,50.0,90.0,40.0,50.0,90.0,175.0,355.0,0.0007019961506134522,0.026495209956017562,0.012585504948156285,1.0536044965030464,0.9931009817287919,0.16656052639771457,0.012585504948156285,0.02331525714662796,50.0,40.0,30.0,-20.0,20.0,130.0,40.0,40.0,100.0,60.0,60.0,270.0,220.0,220.0,170.0,80.0,80.0,145.0,375.0,36.05551275463989,180,180000.0,0.9902477264404297,0.7321145723263423,-0.25813315411408744,0.25813315411408744,0.26067533125471504,small,5.100064768485922
E09B-5,sample_001800,samples/sample_001800.npz,sample_001800_prediction.npz,0.0005354814347811043,0.0031080786138772964,0.8366519267229936,0.30139103554868624,0.46318289786223277,390,1294,3.317948717948718,191.56806975603104,490.8403969966286,2.562224475204724,0.49120017886161804,0.5529087937031036,0.7167682647705078,0.009149711076044596,0.0005011701824791514,0.0005993704368711272,1.20765203285562,1.20765203285562,20.0,70.0,50.0,60.0,130.0,210.0,405.0,0.0013829747905645302,0.03718836902264645,0.0168636403446034,0.9963158310203789,0.9417685737302315,0.1769209557037103,0.0168636403446034,0.033145021117694205,20.0,50.0,20.0,0.0,0.0,90.0,20.0,20.0,70.0,20.0,20.0,370.0,310.0,310.0,280.0,150.0,150.0,185.0,370.0,43.01162633521314,390,390000.0,0.49120017886161804,0.5529087937031036,0.0617086148414856,0.0617086148414856,0.1256282417984833,medium,1.20765203285562
E09B-5,sample_002073,samples/sample_002073.npz,sample_002073_prediction.npz,0.00024094704713206738,0.0018501008162274957,0.6978045075523316,0.3877139979859013,0.5587808417997098,385,993,2.5792207792207793,95.07418975234032,257.4380958748312,2.7077600823676145,0.24694594740867615,0.24233463189818644,0.4298395812511444,0.0032125031627449705,0.00022926342997017205,0.001428958687159593,-0.00016811479433442855,0.00016811479433442855,80.0,130.0,50.0,70.0,110.0,395.0,165.0,0.00019209413225787926,0.013859802749602149,0.00768558661481489,1.5370833344295263,0.9899870910158695,0.05842726689168312,0.00768558661481489,0.011533685041826721,80.0,50.0,70.0,-10.0,10.0,150.0,20.0,20.0,80.0,30.0,30.0,250.0,180.0,180.0,170.0,60.0,60.0,365.0,155.0,31.622776601683793,385,385000.0,0.24694594740867615,0.24233463189818644,-0.004611315510489711,0.004611315510489711,0.018673379980025936,medium,-0.00016811479433442855
E09B-5,sample_000911,samples/sample_000911.npz,sample_000911_prediction.npz,0.0003111259138677269,0.0033020300325006247,0.8274909265679375,0.44680851063829785,0.6176470588235294,546,1222,2.238095238095238,161.15512830018997,467.94605709805285,2.9036994480646707,0.29515591263771057,0.341212283260438,0.49250707030296326,0.008677899104546416,0.00026439562423373247,0.0019387171737486931,-2.960987436195424,2.960987436195424,30.0,90.0,60.0,70.0,130.0,465.0,325.0,0.0008368419792009127,0.02892822115514386,0.016649021562159506,1.1569559795762208,0.9365771615093755,0.14748841786147893,0.016649021562159506,0.02365696642056332,30.0,60.0,20.0,-10.0,10.0,110.0,20.0,20.0,90.0,30.0,30.0,400.0,330.0,330.0,340.0,210.0,210.0,440.0,220.0,107.93516572461452,546,546000.0,0.29515591263771057,0.341212283260438,0.04605637062272744,0.04605637062272744,0.15604081995558522,medium,-2.960987436195424
E09B-5,sample_000923,samples/sample_000923.npz,sample_000923_prediction.npz,0.00028732497594319284,0.001876829075627029,0.6803160807069971,0.22753792298716452,0.37072243346007605,195,857,4.394871794871795,79.86865639686584,237.33357995599263,2.9715484229093145,0.40958285331726074,0.3489798243229206,0.5040174722671509,0.009304873018318633,0.0002694018064640744,0.002977634984497355,0.7870300838791451,0.7870300838791451,80.0,110.0,30.0,50.0,130.0,295.0,465.0,0.00020735403289442363,0.01439979280734357,0.007742968648285256,1.7544025045637817,0.9875065809125473,0.06404765240601773,0.007742968648285256,0.012140859500302904,80.0,30.0,70.0,-10.0,10.0,140.0,30.0,30.0,70.0,40.0,40.0,250.0,200.0,200.0,170.0,40.0,40.0,275.0,455.0,22.360679774997898,195,195000.0,0.40958285331726074,0.3489798243229206,-0.06060302899434017,0.06060302899434017,0.14796280777749596,medium,0.7870300838791451
E09B-5,sample_000595,samples/sample_000595.npz,sample_000595_prediction.npz,0.0005963992443867028,0.0031096076127141714,0.9263517570426733,0.5669291338582677,0.7236180904522613,648,1143,1.7638888888888888,405.7768020629883,700.6643762657162,1.726723589676654,0.6261987686157227,0.7108043813503083,0.8270558714866638,0.012384442044179949,0.0005181792035658381,0.0006887404651230804,4.400647942161257,4.400647942161257,40.0,100.0,60.0,120.0,90.0,190.0,245.0,0.0008734102892908966,0.029553515684109338,0.014995099795759914,0.5386860092880501,0.9943787782880296,0.1562355146674319,0.014995099795759914,0.025466787614579458,40.0,60.0,30.0,-10.0,10.0,130.0,30.0,30.0,100.0,40.0,40.0,320.0,200.0,200.0,200.0,110.0,110.0,160.0,200.0,54.08326913195984,648,648000.0,0.6261987686157227,0.7108043813503083,0.08460561273458567,0.08460561273458567,0.1351098356862233,large,4.400647942161257
E09B-5,sample_001302,samples/sample_001302.npz,sample_001302_prediction.npz,0.0011511034099385142,0.0037491207476705313,0.8912974895662509,0.4819672131147541,0.6504424778761062,588,1220,2.074829931972789,388.9803864955902,756.4807546367331,1.9447786595412546,0.6615312695503235,0.8120379465169647,0.925960123538971,0.02727269735399546,0.000993918322296984,0.0009564648123098846,3.292730992946062,3.292730992946062,60.0,120.0,60.0,70.0,140.0,525.0,280.0,0.0012470849504978064,0.03531408997125377,0.017559308478307844,0.8426725457157715,0.998362739483069,0.18882985425436466,0.017559308478307844,0.03063911937803423,60.0,60.0,40.0,-20.0,20.0,150.0,30.0,30.0,110.0,50.0,50.0,220.0,150.0,150.0,200.0,60.0,60.0,510.0,270.0,18.027756377319946,588,588000.0,0.6615312695503235,0.8120379465169647,0.15050667696664122,0.15050667696664122,0.22751256651699667,medium,3.292730992946062
E09B-5,sample_001319,samples/sample_001319.npz,sample_001319_prediction.npz,0.0008250483660958707,0.003454724093899131,0.5345963395482861,0.1079136690647482,0.19480519480519481,150,1390,9.266666666666667,78.23321521282196,400.40006400908635,5.118031553731453,0.5215547680854797,0.46423998395601906,0.6144965291023254,0.004702021035765043,0.0008191235324975723,0.000511143411820092,3.3643026874463686,3.3643026874463686,20.0,50.0,30.0,50.0,100.0,295.0,360.0,0.0016331587223277582,0.04041235853458392,0.018602744675994657,2.103414250501418,0.7507817181251989,0.1748645367792457,0.018602744675994657,0.035876128732731334,20.0,30.0,20.0,0.0,0.0,80.0,30.0,30.0,60.0,30.0,30.0,350.0,300.0,300.0,370.0,270.0,270.0,335.0,405.0,60.207972893961475,150,150000.0,0.5215547680854797,0.46423998395601906,-0.05731478412946067,0.05731478412946067,0.10989216787309117,small,3.3643026874463686
E09B-5,sample_002162,samples/sample_002162.npz,sample_002162_prediction.npz,0.00016548560233786702,0.0019372730748727918,0.8947650003325416,0.687192118226601,0.8145985401459854,560,810,1.4464285714285714,161.06433391571045,324.64509153190386,2.015623717798379,0.2876148819923401,0.33065600460395217,0.5086373686790466,0.010643821981976722,0.00010545259486784997,0.000776764789322671,-2.0984482853713544,2.0984482853713544,30.0,100.0,70.0,100.0,80.0,170.0,140.0,0.000330360036073194,0.018175809089919327,0.00861355560729303,0.7480994367760363,0.9808055546368882,0.10850190994602704,0.00861355560729303,0.01600520839830787,30.0,70.0,20.0,-10.0,10.0,110.0,10.0,10.0,90.0,20.0,20.0,280.0,180.0,180.0,270.0,190.0,190.0,220.0,135.0,50.24937810560445,560,560000.0,0.2876148819923401,0.33065600460395217,0.04304112261161208,0.04304112261161208,0.14964845460520493,medium,-2.0984482853713544
E09B-5,sample_001201,samples/sample_001201.npz,sample_001201_prediction.npz,0.0011417351197451353,0.003196672536432743,0.4101140209081568,0.08879492600422834,0.16310679611650486,84,946,11.261904761904763,47.15975260734558,354.5014101180307,7.517032862102287,0.5614256262779236,0.5205598973802158,0.8220435380935669,0.0021367045869027696,0.0011408841258492173,0.003886514219383569,-1.6885032040119512,1.6885032040119512,70.0,90.0,20.0,60.0,70.0,270.0,175.0,0.0009752976336652303,0.031229755581259844,0.01567185460913342,5.323731652111919,0.8854938935827638,0.14540656632160365,0.01567185460913342,0.02701278598692504,70.0,20.0,50.0,-20.0,20.0,110.0,20.0,20.0,60.0,40.0,40.0,330.0,270.0,270.0,140.0,70.0,70.0,235.0,160.0,38.07886552931954,84,84000.0,0.5614256262779236,0.5205598973802158,-0.04086572889770779,0.04086572889770779,0.07278921193646752,small,-1.6885032040119512
E09B-5,sample_000860,samples/sample_000860.npz,sample_000860_prediction.npz,0.0013500320492312312,0.00683025224134326,0.7659027434011787,0.22353306426575598,0.36538949505201723,720,3221,4.473611111111111,286.3914728164673,950.4113579390772,3.3185742179835924,0.3977659344673157,0.49799894992676047,0.7478296160697937,0.015132713766433771,0.0012483397916810508,0.0005572962318185661,3.201234096756984,3.201234096756984,20.0,50.0,30.0,160.0,150.0,230.0,285.0,0.004455688818315854,0.06675094619790684,0.03816092979780588,1.2955325074468593,0.8970785703691575,0.21659850446803613,0.03816092979780588,0.054767072728810186,20.0,30.0,20.0,0.0,0.0,80.0,30.0,30.0,60.0,30.0,30.0,480.0,320.0,320.0,520.0,370.0,370.0,240.0,260.0,26.92582403567252,720,720000.0,0.3977659344673157,0.49799894992676047,0.1002330154594448,0.1002330154594448,0.2519899437685027,large,3.201234096756984
E09B-5,sample_001867,samples/sample_001867.npz,sample_001867_prediction.npz,0.00038658862467855215,0.002032281132414937,0.6718719063854641,0.27432590855803046,0.43054277828886844,234,853,3.6452991452991452,69.58212214708328,268.10960895526244,3.8531392932875783,0.29735949635505676,0.36152491737634707,0.7012478709220886,0.00695497838476447,0.00037091611466776194,0.001103550897910085,-0.4609366123102774,0.4609366123102774,60.0,90.0,30.0,60.0,130.0,330.0,315.0,0.00039673368143768034,0.019918174651249555,0.010528179078956394,2.2667242748560303,0.9487671144243394,0.08718674497919887,0.010528179078956394,0.016908315312860276,60.0,30.0,50.0,-10.0,10.0,100.0,10.0,10.0,50.0,20.0,20.0,310.0,250.0,250.0,220.0,90.0,90.0,295.0,290.0,43.01162633521314,234,234000.0,0.29735949635505676,0.36152491737634707,0.0641654210212903,0.0641654210212903,0.21578399818337982,medium,-0.4609366123102774
E09B-5,sample_000363,samples/sample_000363.npz,sample_000363_prediction.npz,0.0003954459971282631,0.0016510450514033437,0.39450461671008913,0.07326007326007326,0.13651877133105803,40,546,13.65,32.65535354614258,160.02530704839566,4.900431006581421,0.8163838386535645,0.37970402613282206,0.6610336899757385,0.19094351209861046,0.00031788024742455734,0.0055243798416198765,-2.122147146593562,2.122147146593562,80.0,100.0,20.0,40.0,50.0,260.0,325.0,0.00015947859890882586,0.01262848363457885,0.0064687506673348485,3.4177794498191663,0.9274077051052094,0.060533560070712644,0.0064687506673348485,0.010845914609320911,80.0,20.0,60.0,-20.0,20.0,120.0,20.0,20.0,60.0,40.0,40.0,280.0,240.0,240.0,110.0,60.0,60.0,210.0,325.0,50.0,40,40000.0,0.8163838386535645,0.37970402613282206,-0.4366798125207424,0.4366798125207424,0.5348952194361715,small,-2.122147146593562
E09B-5,sample_000263,samples/sample_000263.npz,sample_000263_prediction.npz,0.0006784011493436992,0.003164524445310235,0.5525306886155338,0.15632754342431762,0.2703862660944206,189,1209,6.396825396825397,76.96506553888321,376.47875231685833,4.891553715713514,0.40722256898880005,0.3943873717986717,0.6511287093162537,0.0033757021700925403,0.0006732053138714491,0.0011907220903439482,-0.9632774339094752,0.9632774339094752,30.0,60.0,30.0,70.0,90.0,225.0,195.0,0.001371349615073998,0.037031737942932116,0.01684004294962343,2.403916499099621,0.7585007023551471,0.17515625157003423,0.01684004294962343,0.0329812457091729,30.0,30.0,20.0,-10.0,10.0,80.0,20.0,20.0,60.0,30.0,30.0,340.0,270.0,270.0,260.0,170.0,170.0,270.0,140.0,71.06335201775947,189,189000.0,0.40722256898880005,0.3943873717986717,-0.012835197190128322,0.012835197190128322,0.03151887485509511,small,-0.9632774339094752
E09B-5,sample_000442,samples/sample_000442.npz,sample_000442_prediction.npz,0.0007269668858498335,0.003349477658048272,0.5632164438514804,0.11063829787234042,0.19923371647509577,104,940,9.038461538461538,94.6843991279602,335.20192637317444,3.540202287392345,0.910426914691925,0.4837463687245662,0.5809817910194397,0.18407337551996253,0.0005327914826682542,0.007236332212585926,4.854473161982618,4.854473161982618,30.0,50.0,20.0,130.0,40.0,385.0,210.0,0.0007516084704687295,0.027415478665686825,0.013475242987833487,1.3757246977264987,0.9358522735093427,0.12650561374862343,0.013475242987833487,0.023875223493981662,30.0,20.0,20.0,-10.0,10.0,90.0,40.0,40.0,70.0,50.0,50.0,430.0,300.0,300.0,310.0,270.0,270.0,375.0,155.0,55.90169943749474,104,104000.0,0.910426914691925,0.4837463687245662,-0.4266805459673588,0.4266805459673588,0.4686598551534927,small,4.854473161982618
E09B-5,sample_001230,samples/sample_001230.npz,sample_001230_prediction.npz,0.000633103190921247,0.003598460229113698,0.8271970771170779,0.3758675920982381,0.546371750097012,704,1873,2.6605113636363638,288.421838760376,614.1364369584309,2.1292993609567206,0.40969011187553406,0.4371199364858595,0.668186366558075,0.006372732081433885,0.0005917025831853413,0.0010385501759827462,2.2276026337736496,2.2276026337736496,20.0,60.0,40.0,110.0,160.0,475.0,420.0,0.0013214642866384906,0.036351950245323714,0.01820187661519728,0.6937876480259251,0.9583038134950898,0.16460639641363214,0.01820187661519728,0.03146674394219435,20.0,40.0,20.0,0.0,0.0,80.0,20.0,20.0,60.0,20.0,20.0,430.0,320.0,320.0,410.0,250.0,250.0,425.0,315.0,116.29703349613007,704,704000.0,0.40969011187553406,0.4371199364858595,0.02742982461032545,0.02742982461032545,0.06695261568494669,large,2.2276026337736496
E09B-5,sample_001272,samples/sample_001272.npz,sample_001272_prediction.npz,0.0021731113083660603,0.005277056712657213,0.7522619285575799,0.31007751937984496,0.47337278106508873,480,1548,3.225,406.4982604980469,839.2918950384333,2.064687543828901,0.8468713760375977,0.7573274318128824,0.8350402116775513,0.010583642673331532,0.002131842655029389,0.0019289376029845307,2.2023460607583587,2.2023460607583587,80.0,130.0,50.0,60.0,160.0,320.0,200.0,0.0014378806954420621,0.037919397350723576,0.02068396597101429,1.0092621090300333,0.9989512543190736,0.1826401779925464,0.02068396597101429,0.03178135061875101,80.0,50.0,50.0,-30.0,30.0,160.0,30.0,30.0,110.0,60.0,60.0,190.0,130.0,130.0,190.0,30.0,30.0,305.0,205.0,15.811388300841896,480,480000.0,0.8468713760375977,0.7573274318128824,-0.08954394422471523,0.08954394422471523,0.10573499914907956,medium,2.2023460607583587
E09B-5,sample_001600,samples/sample_001600.npz,sample_001600_prediction.npz,0.0010924349771812558,0.0034423740580677986,0.8778543521480201,0.49122807017543857,0.6588235294117647,756,1539,2.0357142857142856,485.2165160179138,813.3224980097662,1.676205304560859,0.6418207883834839,0.6883398461594152,0.8022035956382751,0.00509914702484706,0.0010613828046775516,0.0005518770748000843,-0.5390576597013421,0.5390576597013421,80.0,150.0,70.0,120.0,90.0,380.0,275.0,0.0007920907388031586,0.02814410664425429,0.01567335605424505,0.667168767851388,0.9998058246728516,0.13650137052886313,0.01567335605424505,0.02337598444558044,80.0,70.0,60.0,-20.0,20.0,220.0,70.0,70.0,160.0,90.0,90.0,210.0,90.0,90.0,130.0,40.0,40.0,395.0,285.0,18.027756377319946,756,756000.0,0.6418207883834839,0.6883398461594152,0.04651905777593135,0.04651905777593135,0.072479823991205,large,-0.5390576597013421
E09B-5,sample_000593,samples/sample_000593.npz,sample_000593_prediction.npz,0.0026966973673552275,0.006670617964118719,0.8882190308192913,0.536995006808897,0.6987595983461311,1183,2203,1.8622147083685545,860.1984516978264,1511.116206825933,1.7567064946970672,0.7271330952644348,0.8751939259034944,0.9527696371078491,0.026002625696483667,0.0024128153330595947,0.0007361351925769067,1.9528058796357612,1.9528058796357612,70.0,140.0,70.0,130.0,130.0,225.0,205.0,0.003269240301643741,0.057177270848159066,0.030938792635036304,0.7220135568859514,0.9996257784005808,0.27362076069370134,0.030938792635036304,0.04808358776058588,70.0,70.0,50.0,-20.0,20.0,160.0,20.0,20.0,110.0,40.0,40.0,210.0,80.0,80.0,210.0,80.0,80.0,255.0,195.0,31.622776601683793,1183,1183000.0,0.7271330952644348,0.8751939259034944,0.14806083063905962,0.14806083063905962,0.20362273647469542,large,1.9528058796357612
E09B-5,sample_000367,samples/sample_000367.npz,sample_000367_prediction.npz,0.00016519964265171438,0.0015954290283843875,0.42083746814033357,0.14769975786924938,0.25738396624472576,64,410,6.40625,18.23250961303711,167.2746077901238,9.174524590433482,0.28488296270370483,0.23232525191269815,0.3708323836326599,0.007950317233438782,0.00016012789801442807,0.006315978357372363,6.440374714977466,6.440374714977466,40.0,60.0,20.0,40.0,80.0,310.0,490.0,0.00023773763413804404,0.015418742949347202,0.008171471273950619,4.421975462581211,0.7794283102331612,0.07356800759043111,0.008171471273950619,0.013075346701217672,40.0,20.0,30.0,-10.0,10.0,80.0,20.0,20.0,50.0,30.0,30.0,340.0,300.0,300.0,270.0,190.0,190.0,270.0,405.0,93.94147114027967,64,64000.0,0.28488296270370483,0.23232525191269815,-0.052557710791006684,0.052557710791006684,0.18448878196226082,small,6.440374714977466
E09B-5,sample_000985,samples/sample_000985.npz,sample_000985_prediction.npz,0.0018571168184280396,0.006363548804074526,0.8817698870543491,0.489777373920945,0.6575175358340958,1078,2201,2.041743970315399,707.4556195735931,1328.4277928623396,1.8777542450832845,0.6562668085098267,0.7517492752072984,0.857222318649292,0.0126885748676293,0.0017370222404992843,0.0008878802154729283,1.1311626642437176,1.1311626642437176,30.0,100.0,70.0,110.0,140.0,475.0,280.0,0.005003437454356445,0.07073498041532524,0.03268869435643335,0.7194156243647953,0.9938521524720437,0.43570894346662326,0.03268869435643335,0.0627286753855693,30.0,70.0,0.0,-30.0,30.0,140.0,40.0,40.0,140.0,70.0,70.0,360.0,250.0,250.0,480.0,340.0,340.0,450.0,310.0,39.05124837953327,1078,1078000.0,0.6562668085098267,0.7517492752072984,0.09548246669747174,0.09548246669747174,0.1454933655936098,large,1.1311626642437176
E09B-5,sample_000252,samples/sample_000252.npz,sample_000252_prediction.npz,0.0002972451038658619,0.0027809524908661842,0.4858972538912857,0.13157894736842105,0.23255813953488372,120,912,7.6,49.82417106628418,285.91719393260416,5.738523849242386,0.41520142555236816,0.2598441805690527,0.34953203797340393,0.025061594098456194,0.00026697825715794545,0.0037347256278037803,2.3562392709352693,2.3562392709352693,40.0,60.0,20.0,150.0,40.0,285.0,330.0,0.0005557547646860028,0.023574451524606098,0.013114000544918172,2.743153983614892,0.7504226510264244,0.0936427765906283,0.013114000544918172,0.01959024640972871,40.0,20.0,20.0,-20.0,20.0,80.0,20.0,20.0,60.0,40.0,40.0,460.0,310.0,310.0,340.0,300.0,300.0,270.0,260.0,71.58910531638176,120,120000.0,0.41520142555236816,0.2598441805690527,-0.1553572449833155,0.1553572449833155,0.37417319744659866,small,2.3562392709352693
E09B-5,sample_000452,samples/sample_000452.npz,sample_000452_prediction.npz,0.0010056750616058707,0.004720818717032671,0.8710697669123537,0.3831982313927782,0.554075652637187,520,1357,2.6096153846153847,301.9148325920105,765.3084738632929,2.5348488754028344,0.5806054472923279,0.7275434965124497,0.8783228993415833,0.028048134868545675,0.0008618675181911385,0.0013064124277399208,-1.2121910972140313,1.2121910972140313,50.0,90.0,40.0,130.0,100.0,245.0,400.0,0.001979025176372297,0.044486235808082225,0.024586330721716954,1.1292802665129749,0.9781769200114852,0.20673883392435438,0.024586330721716954,0.03707475580519249,50.0,40.0,40.0,-10.0,10.0,110.0,20.0,20.0,70.0,30.0,30.0,420.0,290.0,290.0,250.0,150.0,150.0,230.0,355.0,47.43416490252569,520,520000.0,0.5806054472923279,0.7275434965124497,0.14693804922012177,0.14693804922012177,0.2530772832142242,medium,-1.2121910972140313
E09B-5,sample_001622,samples/sample_001622.npz,sample_001622_prediction.npz,0.0004773832333739847,0.003632333129644394,0.9198390971006514,0.6507503410641201,0.7884297520661157,960,1460,1.5208333333333333,321.500244140625,656.3817169021927,2.041621208272208,0.3348960876464844,0.4473957826616243,0.6386379599571228,0.02277812302524301,0.0002574548399000545,0.0003990378487982948,2.005096358728167,2.005096358728167,30.0,110.0,80.0,80.0,150.0,170.0,295.0,0.001285861343491221,0.03585890884412437,0.01740930960013353,0.8257441527824111,0.9927840814968714,0.2329943636704656,0.01740930960013353,0.03134927882325077,30.0,80.0,0.0,-30.0,30.0,140.0,30.0,30.0,140.0,60.0,60.0,280.0,200.0,200.0,330.0,180.0,180.0,140.0,305.0,31.622776601683793,960,960000.0,0.3348960876464844,0.4473957826616243,0.1124996950151399,0.1124996950151399,0.3359241841424387,large,2.005096358728167
E09B-5,sample_001585,samples/sample_001585.npz,sample_001585_prediction.npz,0.0006392526556737721,0.0029907755088061094,0.6434789998403284,0.12217194570135746,0.21774193548387097,108,884,8.185185185185185,87.97479701042175,339.70780398364104,3.8614218563459515,0.8145814538002014,0.618876835262334,0.6695055961608887,0.03917418108395584,0.0005968703445356628,0.0025720821673110516,3.1122978463627646,3.1122978463627646,30.0,60.0,30.0,60.0,60.0,420.0,460.0,0.0010552697610543035,0.03248491590037295,0.013999427350289669,1.7351196265178328,0.9390562836414313,0.19751787502108809,0.013999427350289669,0.029313576972424656,30.0,30.0,20.0,-10.0,10.0,90.0,30.0,30.0,70.0,40.0,40.0,360.0,300.0,300.0,250.0,190.0,190.0,450.0,435.0,39.05124837953327,108,108000.0,0.8145814538002014,0.618876835262334,-0.19570461853786747,0.19570461853786747,0.24025174845911657,small,3.1122978463627646
E09B-5,sample_000222,samples/sample_000222.npz,sample_000222_prediction.npz,0.0023156420793384314,0.00546529283747077,0.8633855057041664,0.4566683964711988,0.6270039187744924,880,1927,2.1897727272727274,741.6331243515015,1259.0431626675154,1.6976630645623432,0.8427649140357971,0.8729782038791614,0.9503642916679382,0.003694787687578562,0.00230318484368911,0.0016249906869467388,3.5189402603610347,3.5189402603610347,60.0,110.0,50.0,160.0,110.0,470.0,245.0,0.0023852607668631578,0.04883913151217124,0.0255139986330972,0.6092606556075693,0.9983500818331839,0.23787918548474907,0.0255139986330972,0.04164488732862021,60.0,50.0,40.0,-20.0,20.0,150.0,40.0,40.0,110.0,60.0,60.0,390.0,230.0,230.0,210.0,100.0,100.0,415.0,225.0,58.52349955359813,880,880000.0,0.8427649140357971,0.8729782038791614,0.030213289843364244,0.030213289843364244,0.03585019895842616,large,3.5189402603610347
E09B-5,sample_001459,samples/sample_001459.npz,sample_001459_prediction.npz,0.0008735975716263056,0.003186071291565895,0.5429110362229111,0.11795543905635648,0.21101992966002345,90,763,8.477777777777778,68.3198869228363,357.4708391686079,5.232310170131755,0.7591098546981812,0.6254841632313198,0.7551360726356506,0.018990817260150786,0.0008569955217154288,0.0028450471588437522,0.8956893099699741,0.8956893099699741,50.0,70.0,20.0,50.0,90.0,295.0,495.0,0.000993243253729181,0.03151576198871259,0.015622869057236683,2.886462100268887,0.8911893311811275,0.17521598959315365,0.015622869057236683,0.027370955703986986,50.0,20.0,40.0,-10.0,10.0,90.0,20.0,20.0,50.0,30.0,30.0,350.0,300.0,300.0,320.0,230.0,230.0,275.0,410.0,87.32124598286491,90,90000.0,0.7591098546981812,0.6254841632313198,-0.13362569146686132,0.13362569146686132,0.17602945165293674,small,0.8956893099699741
E09B-5,sample_001967,samples/sample_001967.npz,sample_001967_prediction.npz,0.00045249550021253526,0.0025451891124248505,0.40481628297203004,0.06417112299465241,0.12060301507537688,72,1122,15.583333333333334,34.3732488155365,265.2331694622234,7.716267114743591,0.47740623354911804,0.34308438520464635,0.4726283550262451,0.021054860914686738,0.0004373947983406926,0.0008982619818120305,2.298279953652404,2.298279953652404,20.0,40.0,20.0,90.0,40.0,195.0,120.0,0.000905452668519141,0.030090740577778094,0.013289933102493863,3.0983795312145057,0.6706038838493609,0.1264996000964057,0.013289933102493863,0.02699685808849576,20.0,20.0,20.0,0.0,0.0,60.0,20.0,20.0,40.0,20.0,20.0,420.0,330.0,330.0,320.0,280.0,280.0,220.0,160.0,47.16990566028302,72,72000.0,0.47740623354911804,0.34308438520464635,-0.1343218483444717,0.1343218483444717,0.28135755024793146,small,2.298279953652404
E09B-5,sample_001694,samples/sample_001694.npz,sample_001694_prediction.npz,0.0004195532819721848,0.002153624314814806,0.898070536398074,0.41611624834874505,0.5876865671641791,315,757,2.403174603174603,200.4263225197792,406.40061461881584,2.027680843062467,0.6362740397453308,0.7191193508723426,0.8482856750488281,0.014166065743480402,0.00037536309473267,0.0007877626343277992,-0.09015975836176437,0.09015975836176437,50.0,100.0,50.0,90.0,70.0,305.0,215.0,0.00046978210336344977,0.02167445739490264,0.010789963837125108,0.8203937983523226,0.9930160107934046,0.12475019041582647,0.010789963837125108,0.018797839869436648,50.0,50.0,40.0,-10.0,10.0,120.0,20.0,20.0,80.0,30.0,30.0,320.0,230.0,230.0,280.0,210.0,210.0,250.0,220.0,55.226805085936306,315,315000.0,0.6362740397453308,0.7191193508723426,0.08284531112701177,0.08284531112701177,0.13020382091994617,medium,-0.09015975836176437
E09B-5,sample_001125,samples/sample_001125.npz,sample_001125_prediction.npz,0.0010934571037068963,0.0033130089286714792,0.5840074420979141,0.10355987055016182,0.187683284457478,96,927,9.65625,81.36629676818848,389.9547974626661,4.792583820960197,0.8475655913352966,0.758536617582043,0.7917155623435974,0.008278211577645448,0.0010864337765867178,0.004164414496119887,1.4789775988004834,1.4789775988004834,60.0,80.0,20.0,80.0,60.0,450.0,180.0,0.0010572839816151154,0.03251590351835722,0.015997686305986202,2.8610993874197175,0.9425155362448098,0.16127836430871997,0.015997686305986202,0.028308267599243462,60.0,20.0,40.0,-20.0,20.0,110.0,30.0,30.0,70.0,50.0,50.0,380.0,300.0,300.0,170.0,110.0,110.0,410.0,155.0,47.16990566028302,96,96000.0,0.8475655913352966,0.758536617582043,-0.08902897375325358,0.08902897375325358,0.10504080706366684,small,1.4789775988004834
E09B-5,sample_001461,samples/sample_001461.npz,sample_001461_prediction.npz,0.00044078161590732634,0.0023334550205618143,0.9455815640886397,0.47337278106508873,0.642570281124498,320,676,2.1125,154.81274604797363,383.68417947617206,2.478375904250645,0.4837898313999176,0.7468016056343914,0.8752511143684387,0.07716218410893098,0.00019022186261410715,0.00044153138759488175,-3.503758460507356,3.503758460507356,40.0,120.0,80.0,50.0,80.0,365.0,240.0,0.0006757594480608746,0.025995373589561558,0.012039815596376206,1.2808418184885026,0.9908974785070158,0.19826958811636813,0.012039815596376206,0.023039146869320723,40.0,80.0,30.0,-10.0,10.0,140.0,20.0,20.0,110.0,30.0,30.0,310.0,260.0,260.0,130.0,50.0,50.0,335.0,225.0,33.54101966249684,320,320000.0,0.4837898313999176,0.7468016056343914,0.26301177423447375,0.26301177423447375,0.5436488267506785,medium,-3.503758460507356
E09B-6,sample_000796,samples/sample_000796.npz,sample_000796_prediction.npz,0.0003199049679096788,0.0025899868924170732,0.8547260483588481,0.5664830841856806,0.7232546459065796,720,1271,1.7652777777777777,233.237042427063,444.45003477787134,1.9055722459559916,0.32394033670425415,0.343672515762349,0.578628659248352,0.009227518382386366,0.0002541822971414147,0.0021169550967612715,2.4824429117803177,2.4824429117803177,40.0,70.0,30.0,150.0,160.0,175.0,170.0,0.0005299356911296114,0.023020332124659093,0.011025196237475419,0.7016628346185524,0.9909511482851642,0.1318855209509035,0.011025196237475419,0.020208432374995578,40.0,30.0,20.0,-20.0,20.0,100.0,30.0,30.0,80.0,50.0,50.0,430.0,280.0,280.0,260.0,100.0,100.0,215.0,130.0,56.568542494923804,720,720000.0,0.32394033670425415,0.343672515762349,0.019732179058094823,0.019732179058094823,0.060913004100843396,large,2.4824429117803177
E09B-6,sample_001763,samples/sample_001763.npz,sample_001763_prediction.npz,0.0005082738935016096,0.002207835204899311,0.8009846382188979,0.45307443365695793,0.623608017817372,280,618,2.2071428571428573,142.34578132629395,331.64113555234394,2.3298276384611305,0.5083777904510498,0.5614924894911902,0.8041008114814758,0.029147226301514083,0.00042646833333084686,0.0010512816772326485,-3.8365341495614302,3.8365341495614302,40.0,110.0,70.0,80.0,50.0,510.0,495.0,0.0004158210931289437,0.02039169176721107,0.009749091337985181,1.040362826237404,0.991150540156968,0.13556711253713877,0.009749091337985181,0.017910229233948013,40.0,70.0,30.0,-10.0,10.0,130.0,20.0,20.0,100.0,30.0,30.0,250.0,170.0,170.0,340.0,290.0,290.0,515.0,420.0,75.16648189186454,280,280000.0,0.5083777904510498,0.5614924894911902,0.053114699040140434,0.053114699040140434,0.10447879517516942,medium,-3.8365341495614302
E09B-6,sample_000998,samples/sample_000998.npz,sample_000998_prediction.npz,0.00017454748740419745,0.001954040490090847,0.8534871423640761,0.5480427046263345,0.7080459770114943,462,843,1.8246753246753247,163.88124418258667,299.03830938222575,1.8247256473660596,0.3547213077545166,0.30470079457734056,0.5242841839790344,0.007883456428964111,0.00013814680954372097,0.002033930211119571,4.307888915744272,4.307888915744272,80.0,110.0,30.0,110.0,140.0,235.0,380.0,8.748445133309346e-05,0.00935331231880415,0.006421115748063237,0.5746822596338287,0.991596606506798,0.03486997886692984,0.006421115748063237,0.00680100903418513,80.0,30.0,80.0,0.0,0.0,140.0,30.0,30.0,60.0,30.0,30.0,160.0,50.0,50.0,170.0,30.0,30.0,220.0,375.0,15.811388300841896,462,462000.0,0.3547213077545166,0.30470079457734056,-0.05002051317717604,0.05002051317717604,0.14101355651234948,medium,4.307888915744272
E09B-6,sample_001629,samples/sample_001629.npz,sample_001629_prediction.npz,0.0010477480245754123,0.003425397677347064,0.8411466679626922,0.4790874524714829,0.6478149100257069,504,1052,2.0873015873015874,287.289128780365,597.0493817981826,2.078217802159273,0.5700181126594543,0.6828770062161816,0.911214292049408,0.03684029524082057,0.0008632957228862212,0.0007947915153566622,-2.290463268451475,2.290463268451475,70.0,130.0,60.0,60.0,140.0,440.0,210.0,0.0007448444520768221,0.02729183856168034,0.015152768495011222,0.9651638533540403,0.9983778872157852,0.13971221546663365,0.015152768495011222,0.02269885589657367,70.0,60.0,60.0,-10.0,10.0,150.0,20.0,20.0,90.0,30.0,30.0,130.0,70.0,70.0,170.0,30.0,30.0,425.0,205.0,15.811388300841896,504,504000.0,0.5700181126594543,0.6828770062161816,0.11285889355672729,0.11285889355672729,0.19799176736714072,medium,-2.290463268451475
E09B-6,sample_001922,samples/sample_001922.npz,sample_001922_prediction.npz,0.002313234144821763,0.005403320770710707,0.8396637201111952,0.4528985507246377,0.6234413965087282,750,1656,2.208,600.9497344493866,1111.465043238769,1.8495141598775084,0.8012663125991821,0.8515165195862452,0.9568713903427124,0.008625837074449423,0.002264702385880864,0.00166234412768316,5.731331453359402,5.731331453359402,60.0,110.0,50.0,150.0,100.0,455.0,270.0,0.0021300377152321044,0.04615233163375502,0.024914368365584645,0.6993160362702613,0.9981348678450689,0.23601572399320803,0.024914368365584645,0.03884986440357366,60.0,50.0,40.0,-20.0,20.0,150.0,40.0,40.0,110.0,60.0,60.0,200.0,50.0,50.0,130.0,30.0,30.0,440.0,265.0,15.811388300841896,750,750000.0,0.8012663125991821,0.8515165195862452,0.05025020698706306,0.05025020698706306,0.06271349013046522,large,5.731331453359402
E09B-6,sample_001409,samples/sample_001409.npz,sample_001409_prediction.npz,0.001684985589236021,0.0031669156160205603,0.6854226079905522,0.3150492264416315,0.47914438502673795,224,711,3.174107142857143,206.4456329345703,463.8382240153611,2.246781476662998,0.9216322898864746,0.8035826023801097,0.9782845377922058,0.035522364294112575,0.001607705969699995,0.00044337040930140934,-1.7305392620163502,1.7305392620163502,20.0,90.0,70.0,40.0,80.0,480.0,290.0,0.001429337115682841,0.03780657503243108,0.014289125937784955,0.9630364369487067,0.9813116539975595,0.29674053861330607,0.014289125937784955,0.035002257007469714,20.0,70.0,0.0,-20.0,20.0,120.0,30.0,30.0,120.0,50.0,50.0,350.0,310.0,310.0,360.0,280.0,280.0,465.0,290.0,15.0,224,224000.0,0.9216322898864746,0.8035826023801097,-0.11804968750636491,0.11804968750636491,0.12808762106295787,medium,-1.7305392620163502
E09B-6,sample_000992,samples/sample_000992.npz,sample_000992_prediction.npz,0.0012065175687894225,0.004474859684705734,0.7855924604689377,0.4885654885654886,0.6564245810055865,728,1420,1.9505494505494505,443.7051453590393,668.8902561784026,1.5075107042924802,0.6094850897789001,0.4937168630454075,0.817840576171875,0.05711745450187465,0.0007893744378127541,0.0011931040996210859,-8.913116294936806,8.913116294936806,20.0,100.0,80.0,70.0,130.0,395.0,215.0,0.0005996726854411608,0.024488215235928503,0.012959932243987834,0.3444457601861418,0.9795546409858014,0.13836706318118563,0.012959932243987834,0.020777700586744562,20.0,80.0,0.0,-20.0,20.0,110.0,10.0,10.0,110.0,30.0,30.0,480.0,410.0,410.0,370.0,240.0,240.0,370.0,185.0,39.05124837953327,728,728000.0,0.6094850897789001,0.4937168630454075,-0.11576822673349263,0.11576822673349263,0.1899443131176339,large,-8.913116294936806
E09B-6,sample_002128,samples/sample_002128.npz,sample_002128_prediction.npz,0.0005093268118798733,0.002121386583894491,0.7996297172692296,0.3384615384615385,0.5057471264367817,220,650,2.9545454545454546,101.6027420759201,303.52465264047436,2.987366742658118,0.46183064579963684,0.6060019020329822,0.8186318874359131,0.04218527068154491,0.00041584869974688275,0.0014118035799306292,-1.3829752956873023,1.3829752956873023,60.0,100.0,40.0,50.0,110.0,295.0,285.0,0.00044587364912068483,0.021115720426276838,0.010561334605081399,1.6938441554325405,0.9922325665304119,0.12472809619292086,0.010561334605081399,0.018284743927115717,60.0,40.0,50.0,-10.0,10.0,110.0,10.0,10.0,60.0,20.0,20.0,430.0,380.0,380.0,160.0,50.0,50.0,315.0,280.0,20.615528128088304,220,220000.0,0.46183064579963684,0.6060019020329822,0.14417125623334537,0.14417125623334537,0.312173428819822,medium,-1.3829752956873023
E09B-6,sample_001888,samples/sample_001888.npz,sample_001888_prediction.npz,0.0016308036865666509,0.004079754929989576,0.7909370126772068,0.38969072164948454,0.5608308605341247,378,970,2.566137566137566,311.36883294582367,686.3201868409878,2.2042032285241713,0.8237270712852478,0.8431521795256428,0.96342933177948,0.012205995014501,0.0015899829136330308,0.0005752438798180801,-2.2680851678566114,2.2680851678566114,70.0,140.0,70.0,90.0,60.0,355.0,480.0,0.0008908905790327667,0.029847790186758663,0.018005570530511942,0.9843512604547873,0.9957038442185729,0.15216997959169987,0.018005570530511942,0.023805251708468166,70.0,70.0,60.0,-10.0,10.0,160.0,20.0,20.0,100.0,30.0,30.0,340.0,250.0,250.0,340.0,280.0,280.0,420.0,360.0,136.4734406395618,378,378000.0,0.8237270712852478,0.8431521795256428,0.019425108240395006,0.019425108240395006,0.023581971404783783,medium,-2.2680851678566114
E09B-6,sample_001536,samples/sample_001536.npz,sample_001536_prediction.npz,0.0014551457716152072,0.0044095260091125965,0.7338254625554219,0.2587800369685767,0.4111600587371512,280,1082,3.8642857142857143,223.28286409378052,637.2524307936843,2.854014047965783,0.7974388003349304,0.772092061809131,0.8629065752029419,0.0039865538295113315,0.001447914910732126,0.0020098868199467253,-1.688738606256841,1.688738606256841,40.0,80.0,40.0,70.0,100.0,455.0,380.0,0.0024379249288447482,0.04937534737948431,0.022644407610554047,1.4032390030305422,0.9887052469867489,0.36421540618172155,0.022644407610554047,0.04387659664116885,40.0,40.0,20.0,-20.0,20.0,110.0,30.0,30.0,90.0,50.0,50.0,420.0,350.0,350.0,310.0,210.0,210.0,430.0,285.0,98.2344135219425,280,280000.0,0.7974388003349304,0.772092061809131,-0.025346738525799384,0.025346738525799384,0.03178518340862466,medium,-1.688738606256841
E09B-6,sample_000503,samples/sample_000503.npz,sample_000503_prediction.npz,0.0007133421604521573,0.0020385191310197115,0.6674460076655571,0.17045454545454544,0.2912621359223301,90,528,5.866666666666666,83.0135428905487,257.9983173489502,3.1079063531731754,0.9223726987838745,0.7812071449226803,0.8405086398124695,0.02153821736627602,0.0006942589443521939,0.0055337894557944125,1.663976186876539,1.663976186876539,70.0,90.0,20.0,90.0,50.0,415.0,505.0,0.0003616446329584846,0.019016956458868087,0.0088118330259257,1.8584811430677208,0.9935607755770305,0.11558029136548911,0.0088118330259257,0.016852187741705518,70.0,20.0,50.0,-20.0,20.0,120.0,30.0,30.0,70.0,50.0,50.0,170.0,80.0,80.0,100.0,50.0,50.0,395.0,500.0,20.615528128088304,90,90000.0,0.9223726987838745,0.7812071449226803,-0.14116555386119423,0.14116555386119423,0.1530461103709135,small,1.663976186876539
E09B-6,sample_001208,samples/sample_001208.npz,sample_001208_prediction.npz,0.00040382659062743187,0.0015310667222365737,0.7426341782828184,0.34325396825396826,0.5110782865583456,180,497,2.761111111111111,107.92141556739807,214.07063805827738,1.9835788562705425,0.5995634198188782,0.5124217978782124,0.8293127417564392,0.04353031734127506,0.00032471476507275616,0.002052530361631697,-4.836648424034891,4.836648424034891,20.0,70.0,50.0,40.0,90.0,250.0,475.0,0.0001843877585729629,0.013578945414610183,0.006170354384298793,0.5839112906350268,0.9625681970145992,0.12540598142329512,0.006170354384298793,0.012096052469509528,20.0,50.0,20.0,0.0,0.0,80.0,10.0,10.0,60.0,10.0,10.0,490.0,450.0,450.0,370.0,280.0,280.0,355.0,365.0,152.0690632574555,180,180000.0,0.5995634198188782,0.5124217978782124,-0.08714162194066577,0.08714162194066577,0.1453417921443412,small,-4.836648424034891
E09B-6,sample_000155,samples/sample_000155.npz,sample_000155_prediction.npz,0.0002786486584227532,0.001561156939715147,0.8536988336240308,0.46421663442940037,0.6340819022457067,240,517,2.154166666666667,82.30671644210815,232.4911544396924,2.8246923761467153,0.3429446518421173,0.49490295350551605,0.7344679832458496,0.041628696090241994,0.0001774493321497823,0.001493738795351961,2.2611215376069964,2.2611215376069964,70.0,110.0,40.0,60.0,100.0,340.0,440.0,0.0001963497108805786,0.014012484108129386,0.007491998287566793,1.543281084640489,0.9942218934386668,0.07439012041367024,0.007491998287566793,0.011841438786721606,70.0,40.0,70.0,0.0,0.0,130.0,20.0,20.0,60.0,20.0,20.0,110.0,50.0,50.0,140.0,40.0,40.0,325.0,430.0,18.027756377319946,240,240000.0,0.3429446518421173,0.49490295350551605,0.15195830166339874,0.15195830166339874,0.4430986191129067,medium,2.2611215376069964
E09B-6,sample_000172,samples/sample_000172.npz,sample_000172_prediction.npz,0.0003310147440060973,0.0015432654181495309,0.7068128408369015,0.266173752310536,0.42043795620437957,144,541,3.7569444444444446,66.12655019760132,208.59248897085095,3.1544438405984994,0.45921215415000916,0.47501914265255135,0.6341931223869324,0.0094453645658216,0.00031764405846832183,0.0064796711967797516,4.8071603541303745,4.8071603541303745,60.0,80.0,20.0,90.0,80.0,445.0,390.0,0.0002456408055485475,0.015672932257511596,0.007449487120881479,1.7360950105023223,0.9801452549285945,0.09206580469817494,0.007449487120881479,0.01378934179663295,60.0,20.0,50.0,-10.0,10.0,100.0,20.0,20.0,50.0,30.0,30.0,260.0,170.0,170.0,110.0,30.0,30.0,370.0,385.0,75.16648189186454,144,144000.0,0.45921215415000916,0.47501914265255135,0.015806988502542196,0.015806988502542196,0.034421973285529775,small,4.8071603541303745
E09B-6,sample_000676,samples/sample_000676.npz,sample_000676_prediction.npz,0.0003133016580250114,0.001978202722966671,0.728464984412924,0.32558139534883723,0.49122807017543857,196,602,3.0714285714285716,93.86811804771423,259.51284099499605,2.7646537119566275,0.47891896963119507,0.4161778370640716,0.608782172203064,0.011609673906173151,0.0002907338140853367,0.0003437429210017433,1.5090829862573258,1.5090829862573258,80.0,150.0,70.0,70.0,40.0,265.0,450.0,0.00015023805609484412,0.012257163460395072,0.007663815710393167,1.448923823899229,0.9873653140502128,0.04971054276983371,0.007663815710393167,0.009565771524136199,80.0,70.0,80.0,0.0,0.0,240.0,90.0,90.0,160.0,90.0,90.0,120.0,50.0,50.0,100.0,60.0,60.0,260.0,440.0,11.180339887498949,196,196000.0,0.47891896963119507,0.4161778370640716,-0.06274113256712349,0.06274113256712349,0.131005736973499,medium,1.5090829862573258
E09B-6,sample_000167,samples/sample_000167.npz,sample_000167_prediction.npz,0.00029305965290404856,0.001981860725209117,0.8114118569029879,0.4758364312267658,0.6448362720403022,385,806,2.0935064935064935,162.68452391028404,309.2660643604978,1.9010171153775475,0.42255720496177673,0.3743681702327419,0.582608163356781,0.009462939666872347,0.0002570053463746155,0.00035600082964801753,2.1806669570913613,2.1806669570913613,80.0,150.0,70.0,50.0,110.0,445.0,445.0,0.00010282197310383317,0.01014011701627911,0.0066392542050209905,0.7055016774619695,0.9937966996165564,0.03824700241225096,0.0066392542050209905,0.007664351029600893,80.0,70.0,80.0,0.0,0.0,240.0,90.0,90.0,160.0,90.0,90.0,100.0,50.0,50.0,140.0,30.0,30.0,440.0,440.0,7.0710678118654755,385,385000.0,0.42255720496177673,0.3743681702327419,-0.04818903472903485,0.04818903472903485,0.11404144613601817,medium,2.1806669570913613
E09B-6,sample_000352,samples/sample_000352.npz,sample_000352_prediction.npz,0.0011341782519593835,0.004657616373151541,0.8681680341427777,0.5693745506829619,0.7256069628950985,792,1391,1.7563131313131313,481.7146625518799,865.1235946679185,1.795925393021945,0.6082255840301514,0.6539813071639851,0.8655321598052979,0.024943873099511706,0.0009407940714193394,0.0005037320711793662,0.1692169829032082,0.1692169829032082,40.0,120.0,80.0,90.0,110.0,345.0,285.0,0.001126357877731369,0.033561255604213754,0.019601040743573946,0.5614174321138675,0.9953287672808712,0.17510584561415837,0.019601040743573946,0.027242560076103775,40.0,80.0,30.0,-10.0,10.0,150.0,30.0,30.0,120.0,40.0,40.0,390.0,300.0,300.0,290.0,180.0,180.0,255.0,205.0,120.41594578792295,792,792000.0,0.6082255840301514,0.6539813071639851,0.04575572313383369,0.04575572313383369,0.07522821192533963,large,0.1692169829032082
E09B-6,sample_001467,samples/sample_001467.npz,sample_001467_prediction.npz,0.0012681138468906283,0.00396120548248291,0.8083250728986842,0.5447470817120622,0.7052896725440806,560,1028,1.8357142857142856,347.71613597869873,661.2568692367881,1.9017146482879848,0.6209216713905334,0.6491555814498238,0.889160692691803,0.036204101095259504,0.0010679566857329749,0.0009073340777796842,-5.178562618995059,5.178562618995059,70.0,150.0,80.0,50.0,140.0,355.0,200.0,0.0005724833785846677,0.02392662488912023,0.015039902776043014,0.7522103186475844,0.9983198493199652,0.11337635523121498,0.015039902776043014,0.01860872653009446,70.0,80.0,60.0,-10.0,10.0,160.0,10.0,10.0,100.0,20.0,20.0,90.0,40.0,40.0,170.0,30.0,30.0,355.0,195.0,5.0,560,560000.0,0.6209216713905334,0.6491555814498238,0.028233910059290324,0.028233910059290324,0.04547096898077566,medium,-5.178562618995059
E09B-6,sample_002010,samples/sample_002010.npz,sample_002010_prediction.npz,0.001121455687098205,0.003338236128911376,0.6601888239595598,0.199288256227758,0.3323442136498516,168,843,5.017857142857143,156.31246948242188,399.28998583560866,2.554434634407147,0.9304313659667969,0.6769062631896564,0.7953819036483765,0.06924046602705532,0.0010048420768131823,0.007909419256127514,-1.3377354985677243,1.3377354985677243,80.0,100.0,20.0,60.0,140.0,170.0,470.0,0.0005411694103180512,0.023263048173402624,0.011943203104532915,1.3998943972739142,0.9987324645344676,0.12456736759656709,0.011943203104532915,0.019963198890005744,80.0,20.0,60.0,-20.0,20.0,130.0,30.0,30.0,70.0,50.0,50.0,110.0,50.0,50.0,190.0,50.0,50.0,165.0,465.0,7.0710678118654755,168,168000.0,0.9304313659667969,0.6769062631896564,-0.25352510277714047,0.25352510277714047,0.272481251224486,small,-1.3377354985677243
E09B-6,sample_002098,samples/sample_002098.npz,sample_002098_prediction.npz,0.000978541444055736,0.005025989841669798,0.875607139374702,0.4864864864864865,0.6545454545454545,810,1665,2.0555555555555554,470.3172558546066,898.9081992526004,1.911280498563055,0.580638587474823,0.6216102754628217,0.8535201549530029,0.018301709208668877,0.0008346170653869215,0.0006373202122103484,1.4020837722763986,1.4020837722763986,40.0,100.0,60.0,150.0,90.0,325.0,305.0,0.0012918996306829809,0.03594300530955892,0.02228398232450245,0.583868718571328,0.9920392347659065,0.1674134251460877,0.02228398232450245,0.028201485110615068,40.0,60.0,30.0,-10.0,10.0,130.0,30.0,30.0,100.0,40.0,40.0,480.0,330.0,330.0,300.0,210.0,210.0,240.0,220.0,120.20815280171308,810,810000.0,0.580638587474823,0.6216102754628217,0.04097168798799866,0.04097168798799866,0.0705631504206138,large,1.4020837722763986
E09B-6,sample_001451,samples/sample_001451.npz,sample_001451_prediction.npz,0.00024664835655130446,0.001904388889670372,0.7338583343483842,0.5480427046263345,0.7080459770114943,392,478,1.219387755102041,94.30146908760071,235.92489855192642,2.5018157281597126,0.2405649721622467,0.26793666352156775,0.604885458946228,0.02995709088587627,0.0001276997839568558,0.004061757903271862,-7.229705831830479,7.229705831830479,20.0,90.0,70.0,80.0,70.0,390.0,335.0,0.00024585594583542117,0.015679794189829826,0.008022111493459537,0.9084161813872664,0.9707988221972363,0.10494793247637615,0.008022111493459537,0.01347225567683176,20.0,70.0,20.0,0.0,0.0,80.0,-10.0,10.0,60.0,-10.0,10.0,220.0,140.0,140.0,320.0,250.0,250.0,400.0,230.0,105.47511554864494,392,392000.0,0.2405649721622467,0.26793666352156775,0.02737169135932105,0.02737169135932105,0.11378086806777704,medium,-7.229705831830479
E09B-6,sample_000316,samples/sample_000316.npz,sample_000316_prediction.npz,5.2822124416707084e-05,0.0003945300413761288,0.7598870551068765,0.49673202614379086,0.6637554585152838,80,149,1.8625,23.076975345611572,55.17629344284697,2.3909673003719507,0.28846219182014465,0.29776967912912367,0.48869118094444275,0.011573552307126093,4.3438894008574506e-05,0.002535435983954779,-0.8896906674857803,0.8896906674857803,20.0,60.0,40.0,50.0,40.0,475.0,350.0,2.8655868823189407e-05,0.005353117673205905,0.0018461571222352577,0.9183199205281914,0.9769948856100427,0.0506197358691198,0.0018461571222352577,0.005024696279697853,20.0,40.0,20.0,0.0,0.0,60.0,0.0,0.0,40.0,0.0,0.0,130.0,80.0,80.0,180.0,140.0,140.0,475.0,300.0,50.0,80,80000.0,0.28846219182014465,0.29776967912912367,0.009307487308979012,0.009307487308979012,0.032265882922993955,small,-0.8896906674857803
E09B-6,sample_001723,samples/sample_001723.npz,sample_001723_prediction.npz,0.00045747202238999307,0.0029291303362697363,0.822834374201057,0.4205607476635514,0.5921052631578947,360,856,2.3777777777777778,184.5861268043518,433.9971098760081,2.3511902946856575,0.5127392411231995,0.5116016687618361,0.6955846548080444,0.01607744947160264,0.00040005971551266125,0.0010905042204870697,-1.8199561180778971,1.8199561180778971,30.0,90.0,60.0,50.0,120.0,255.0,300.0,0.0007068143146966164,0.026585979664037515,0.01362596280497637,0.8981210389433377,0.9861822471508208,0.171688682147692,0.01362596280497637,0.02282865419454281,30.0,60.0,20.0,-10.0,10.0,110.0,20.0,20.0,90.0,30.0,30.0,320.0,270.0,270.0,330.0,210.0,210.0,260.0,215.0,85.14693182963201,360,360000.0,0.5127392411231995,0.5116016687618361,-0.0011375723613633593,0.0011375723613633593,0.002218617710771286,medium,-1.8199561180778971
E09B-6,sample_001111,samples/sample_001111.npz,sample_001111_prediction.npz,0.00161411939188838,0.0051999338902533054,0.7716534688352924,0.2726628895184136,0.4284919309961046,385,1412,3.6675324675324674,306.5526646375656,786.9914249235821,2.5672307427307306,0.7962406873703003,0.7791021792919605,0.8962182402610779,0.006740162039051238,0.001593964749201372,0.0011936689404490471,-1.0722892183159232,1.0722892183159232,40.0,90.0,50.0,70.0,110.0,375.0,255.0,0.0027406645736497612,0.0523513569418192,0.025636386204403144,1.1625891955567986,0.9887658896801967,0.36787960526689256,0.025636386204403144,0.04564471794225976,40.0,50.0,20.0,-20.0,20.0,130.0,40.0,40.0,110.0,60.0,60.0,440.0,370.0,370.0,320.0,210.0,210.0,300.0,160.0,121.03718436910205,385,385000.0,0.7962406873703003,0.7791021792919605,-0.01713850807833983,0.01713850807833983,0.02152428072338557,medium,-1.0722892183159232
E09B-6,sample_000562,samples/sample_000562.npz,sample_000562_prediction.npz,0.00035354122519493103,0.0017672838876023889,0.7386514027878663,0.26174496644295303,0.4148936170212766,156,596,3.8205128205128207,97.30296850204468,232.02981561201662,2.3846118898946114,0.6237369775772095,0.4988781194656323,0.6375174522399902,0.01983448711007278,0.00032257749464638955,0.00227582191022389,2.2220610410491304,2.2220610410491304,50.0,80.0,30.0,40.0,130.0,490.0,495.0,0.00022186907043687766,0.01489527006928299,0.007057901380578544,1.0619682146596647,0.9707859994183633,0.08589304834930084,0.007057901380578544,0.013116977492505854,50.0,30.0,40.0,-10.0,10.0,100.0,20.0,20.0,60.0,30.0,30.0,180.0,140.0,140.0,270.0,140.0,140.0,430.0,435.0,84.8528137423857,156,156000.0,0.6237369775772095,0.4988781194656323,-0.12485885811157715,0.12485885811157715,0.20017870127977375,small,2.2220610410491304
E09B-6,sample_002168,samples/sample_002168.npz,sample_002168_prediction.npz,0.00044586058356799185,0.0016234718495979905,0.6880036542876379,0.20045558086560364,0.33396584440227706,88,439,4.988636363636363,75.48128128051758,195.86638381530892,2.5949000930097337,0.8577418327331543,0.6349652233448896,0.7268747687339783,0.052054474019660575,0.00039962010315988043,0.005572305205430814,2.7487913494922367,2.7487913494922367,30.0,50.0,20.0,110.0,40.0,415.0,420.0,0.0003250332032295169,0.018028677245697115,0.006838862813569024,1.0935046135746953,0.9867178498964918,0.13430883574207292,0.006838862813569024,0.01668122173723195,30.0,20.0,20.0,-10.0,10.0,80.0,30.0,30.0,60.0,40.0,40.0,350.0,240.0,240.0,220.0,180.0,180.0,425.0,350.0,70.71067811865476,88,88000.0,0.8577418327331543,0.6349652233448896,-0.2227766093882647,0.2227766093882647,0.25972454751145513,small,2.7487913494922367
E09B-6,sample_001196,samples/sample_001196.npz,sample_001196_prediction.npz,0.0005910886102356017,0.0021082127932459116,0.6599014686504169,0.1859504132231405,0.313588850174216,90,484,5.377777777777778,88.26255083084106,233.9040580555868,2.6500940189670463,0.9806950092315674,0.6384492807918125,0.7282701730728149,0.12086717912303134,0.0004808716932717955,0.0027953187832269887,-0.9167296416344186,0.9167296416344186,50.0,80.0,30.0,60.0,50.0,110.0,525.0,0.0002612890545019539,0.016164437958121336,0.007468795012987624,1.1915021388152753,0.9874974377369643,0.10932889082562733,0.007468795012987624,0.01433548588489156,50.0,30.0,30.0,-20.0,20.0,100.0,20.0,20.0,70.0,40.0,40.0,160.0,100.0,100.0,220.0,170.0,170.0,80.0,460.0,71.58910531638176,90,90000.0,0.9806950092315674,0.6384492807918125,-0.34224572843975487,0.34224572843975487,0.3489828389235147,small,-0.9167296416344186
E09B-6,sample_001899,samples/sample_001899.npz,sample_001899_prediction.npz,0.00014659207954537123,0.001814342220313847,0.8457798818080053,0.5789473684210527,0.7333333333333333,462,798,1.7272727272727273,150.69104826450348,262.3551487227327,1.7410134957866148,0.3261711001396179,0.2583961951268184,0.4300430119037628,0.00797530866799931,0.00010962566649347782,0.002116310043820646,5.082016621363593,5.082016621363593,80.0,110.0,30.0,110.0,140.0,165.0,350.0,5.566331652396149e-05,0.007460785248481656,0.005173214415018559,0.4990201210883872,0.9906134003606409,0.02565765928239444,0.005173214415018559,0.005375980760773394,80.0,30.0,80.0,0.0,0.0,140.0,30.0,30.0,60.0,30.0,30.0,150.0,40.0,40.0,170.0,30.0,30.0,155.0,345.0,11.180339887498949,462,462000.0,0.3261711001396179,0.2583961951268184,-0.06777490501279954,0.06777490501279954,0.20778942396732392,medium,5.082016621363593
E09B-6,sample_000775,samples/sample_000775.npz,sample_000775_prediction.npz,0.0008786266553215683,0.0032147280871868134,0.7653999838494726,0.6172043010752688,0.7632978723404256,640,864,1.35,211.01202011108398,438.297239669275,2.077119774686486,0.3297062814235687,0.4244713041742216,0.8477949500083923,0.07049286231118393,0.0004224389629048359,0.0022938676318931023,-6.16449008192663,6.16449008192663,60.0,140.0,80.0,160.0,50.0,440.0,325.0,0.0003940529301158159,0.019850766486859288,0.011306583870321501,0.9521134327311436,0.9965532512660048,0.0981739251876762,0.011306583870321501,0.016316068500076896,60.0,80.0,60.0,0.0,0.0,140.0,0.0,0.0,80.0,0.0,0.0,340.0,180.0,180.0,290.0,240.0,240.0,470.0,215.0,114.0175425099138,640,640000.0,0.3297062814235687,0.4244713041742216,0.09476502275065285,0.09476502275065285,0.2874225578641908,large,-6.16449008192663
E09B-6,sample_001971,samples/sample_001971.npz,sample_001971_prediction.npz,0.001276490860618651,0.004042502958327532,0.6329509252031714,0.14532243415077203,0.253766851704996,160,1101,6.88125,147.76297569274902,473.9790319309631,3.207698205242777,0.9235185980796814,0.7010868098586798,0.7777778506278992,0.052229707133631134,0.0011934240041624063,0.008592087621353155,1.4837613943779857,1.4837613943779857,50.0,70.0,20.0,160.0,50.0,240.0,195.0,0.0013253428549307121,0.03640525861645144,0.017325026214082356,1.6776732564217482,0.9851136248787462,0.21773029265875854,0.017325026214082356,0.03201853090964779,50.0,20.0,30.0,-20.0,20.0,110.0,40.0,40.0,80.0,60.0,60.0,400.0,240.0,240.0,240.0,190.0,190.0,260.0,120.0,77.62087348130012,160,160000.0,0.9235185980796814,0.7010868098586798,-0.22243178822100163,0.22243178822100163,0.24085252715377387,small,1.4837613943779857
E09B-6,sample_002064,samples/sample_002064.npz,sample_002064_prediction.npz,0.0016363640315830708,0.005440149921923876,0.8143869267130801,0.4283324037925265,0.5997657165169855,768,1793,2.3346354166666665,498.9137878417969,948.6868489344652,1.9015045726402917,0.6496273279190063,0.6451584587339312,0.8660417199134827,0.016825989653545034,0.0015167607875145811,0.0023968522603388374,7.544485106381629,7.544485106381629,80.0,120.0,40.0,160.0,120.0,170.0,440.0,0.0010705389782636801,0.03271909195353197,0.02036545250124877,0.7024701903719314,0.9974189460406265,0.14758518653447678,0.02036545250124877,0.025608344786086045,80.0,40.0,60.0,-20.0,20.0,160.0,40.0,40.0,100.0,60.0,60.0,190.0,30.0,30.0,150.0,30.0,30.0,175.0,435.0,7.0710678118654755,768,768000.0,0.6496273279190063,0.6451584587339312,-0.004468869185075164,0.004468869185075164,0.006879127452027895,large,7.544485106381629
E09B-6,sample_001548,samples/sample_001548.npz,sample_001548_prediction.npz,0.0009961690520867705,0.004207076039165258,0.8274293845527381,0.29954614220877457,0.4610011641443539,396,1322,3.3383838383838382,281.8826107978821,681.2534539524378,2.4167984396913225,0.7118247747421265,0.7317046217545115,0.8512711524963379,0.004516512551894936,0.000981930646759799,0.0012005780246838052,0.6514722955313914,0.6514722955313914,50.0,90.0,40.0,90.0,110.0,455.0,335.0,0.0014141967751576726,0.037605807731754315,0.02089591998632288,0.9933275408316095,0.9853099633906094,0.20368652637027218,0.02089591998632288,0.03126591279785167,50.0,40.0,30.0,-20.0,20.0,120.0,30.0,30.0,90.0,50.0,50.0,450.0,360.0,360.0,350.0,240.0,240.0,415.0,225.0,117.04699910719626,396,396000.0,0.7118247747421265,0.7317046217545115,0.019879847012384988,0.019879847012384988,0.027928006607506575,medium,0.6514722955313914
E09B-6,sample_000381,samples/sample_000381.npz,sample_000381_prediction.npz,0.0002749286650214344,0.002958916826173663,0.8174331330346793,0.5590631364562119,0.7171783148269105,600,931,1.5516666666666667,171.90202474594116,405.35779421219064,2.3580745765576663,0.2865033745765686,0.3008086405321956,0.5323304533958435,0.01585916909773104,0.00017922589978727052,0.0017251875623847338,-1.5760589447324733,1.5760589447324733,30.0,70.0,40.0,100.0,150.0,440.0,425.0,0.0005471588786308735,0.023391427460308478,0.013101217027683597,0.8339541939936012,0.95355763050433,0.11776805420156872,0.013101217027683597,0.019378260784301743,30.0,40.0,20.0,-10.0,10.0,80.0,10.0,10.0,60.0,20.0,20.0,390.0,290.0,290.0,430.0,280.0,280.0,445.0,295.0,130.09611831257686,600,600000.0,0.2865033745765686,0.3008086405321956,0.014305265955626978,0.014305265955626978,0.04993053215086605,medium,-1.5760589447324733
E09B-6,sample_000114,samples/sample_000114.npz,sample_000114_prediction.npz,0.0011099491966888309,0.004643160384148359,0.760288527393257,0.3026481715006305,0.46466602129719264,480,1586,3.3041666666666667,322.79139518737793,641.8466679949523,1.9884255824798713,0.6724820733070374,0.5357823093111317,0.7778108716011047,0.03415262773148125,0.0009478163672484403,0.008120092959763266,8.786716019797595,8.786716019797595,80.0,100.0,20.0,150.0,160.0,485.0,350.0,0.0006033803315484045,0.024563801243871124,0.014884654313634822,0.7666516680641319,0.9958528918827002,0.10903823803459006,0.014884654313634822,0.019540404231028513,80.0,20.0,60.0,-20.0,20.0,160.0,60.0,60.0,100.0,80.0,80.0,190.0,40.0,40.0,190.0,30.0,30.0,485.0,345.0,5.0,480,480000.0,0.6724820733070374,0.5357823093111317,-0.13669976399590567,0.13669976399590567,0.20327644322719693,medium,8.786716019797595
E09B-6,sample_000761,samples/sample_000761.npz,sample_000761_prediction.npz,0.0015179552137851715,0.0031678760424256325,0.7032107489493139,0.2832369942196532,0.44144144144144143,196,692,3.5306122448979593,195.83123445510864,449.5600495698403,2.295650389074656,0.9991389513015747,0.8519805849206691,0.9553220868110657,0.028330209427665225,0.0014643897099608524,0.0005959961921281165,0.7913984924649213,0.7913984924649213,50.0,120.0,70.0,70.0,40.0,155.0,200.0,0.0007040739356122537,0.02653439156288031,0.012520262026495796,1.1031285833269044,0.9965031285012338,0.17812834172760206,0.012520262026495796,0.023394806568983236,50.0,70.0,40.0,-10.0,10.0,140.0,20.0,20.0,100.0,30.0,30.0,200.0,130.0,130.0,210.0,170.0,170.0,110.0,185.0,47.43416490252569,196,196000.0,0.9991389513015747,0.8519805849206691,-0.14715836638090563,0.14715836638090563,0.14728518609869323,medium,0.7913984924649213
E09B-6,sample_001580,samples/sample_001580.npz,sample_001580_prediction.npz,0.0016642902046442032,0.004729615990072489,0.7945380558367754,0.35767511177347244,0.5268935236004391,480,1342,2.7958333333333334,401.34976387023926,779.5801427240459,1.9423959172331609,0.8361453413963318,0.7591900996242961,0.916206419467926,0.022090757791957148,0.0015640621514761502,0.000638479454646863,-5.629039671302792,5.629039671302792,40.0,120.0,80.0,120.0,50.0,500.0,525.0,0.0015679587185778324,0.03959745848634521,0.019414885287953078,0.78243893750703,0.9929816122225587,0.2792677076610227,0.019414885287953078,0.034511171348325105,40.0,80.0,0.0,-40.0,40.0,140.0,20.0,20.0,140.0,60.0,60.0,480.0,360.0,360.0,320.0,270.0,270.0,400.0,470.0,114.12712210513327,480,480000.0,0.8361453413963318,0.7591900996242961,-0.07695524177203572,0.07695524177203572,0.0920357238892503,medium,-5.629039671302792
E09B-6,sample_001591,samples/sample_001591.npz,sample_001591_prediction.npz,0.0005336315371096134,0.0034986387472599745,0.8616364175701777,0.7014276846679082,0.8245165997811018,1320,1421,1.0765151515151514,381.7951512336731,590.8796631552055,1.5476353255035573,0.28923875093460083,0.3331445100108712,0.6926812529563904,0.0294975514799012,0.00013941834134390164,0.0011071226001816115,0.7084048655110422,0.7084048655110422,70.0,150.0,80.0,110.0,150.0,395.0,325.0,0.00016841574814995593,0.012977509319971839,0.009642692613186057,0.3827046628617524,0.9973231247213451,0.04610743539373688,0.009642692613186057,0.008685287981268266,70.0,80.0,70.0,0.0,0.0,160.0,10.0,10.0,90.0,10.0,10.0,230.0,120.0,120.0,360.0,210.0,210.0,445.0,230.0,107.35455276791944,1320,1320000.0,0.28923875093460083,0.3331445100108712,0.04390575907627037,0.04390575907627037,0.15179763753784778,large,0.7084048655110422
E09B-6,sample_000709,samples/sample_000709.npz,sample_000709_prediction.npz,0.0011144352611154318,0.0031922953203320503,0.7047667834540295,0.22641509433962265,0.36923076923076925,180,795,4.416666666666667,170.6106162071228,413.35359676421615,2.422789425145744,0.9478367567062378,0.7504134376843771,0.8799011707305908,0.04507537554893367,0.0010337926057377657,0.0033888691328552664,1.4644467024268977,1.4644467024268977,80.0,110.0,30.0,120.0,50.0,480.0,315.0,0.0004723115696526256,0.02173273037730477,0.011739380072454994,1.2317052960241255,0.9976275029080958,0.11155481005639176,0.011739380072454994,0.018289300838661718,80.0,30.0,60.0,-20.0,20.0,140.0,30.0,30.0,80.0,50.0,50.0,280.0,160.0,160.0,290.0,240.0,240.0,500.0,215.0,101.9803902718557,180,180000.0,0.9478367567062378,0.7504134376843771,-0.19742331902186072,0.19742331902186072,0.20828831296637293,small,1.4644467024268977
E09B-6,sample_000703,samples/sample_000703.npz,sample_000703_prediction.npz,0.0009466474875807762,0.004054173361510038,0.7889475904659058,0.44293015332197616,0.6139315230224321,520,1174,2.2576923076923077,243.65123629570007,594.2689790271298,2.4390148314532376,0.4685600697994232,0.5375273531159529,0.7591476440429688,0.03418160105237,0.0007699092397648289,0.001120262608420146,-7.361243632807074,7.361243632807074,30.0,110.0,80.0,130.0,50.0,465.0,415.0,0.0016677497416288892,0.0408380917971064,0.019097309199752784,1.1808203021463943,0.9923385199861392,0.2874879861926317,0.019097309199752784,0.03609768029884922,30.0,80.0,20.0,-10.0,10.0,130.0,20.0,20.0,110.0,30.0,30.0,410.0,280.0,280.0,330.0,280.0,280.0,435.0,365.0,58.309518948453004,520,520000.0,0.4685600697994232,0.5375273531159529,0.06896728331652968,0.06896728331652968,0.1471898434411036,medium,-7.361243632807074
E09B-6,sample_001400,samples/sample_001400.npz,sample_001400_prediction.npz,0.00033881724812090397,0.0021508398931473494,0.7757001451092949,0.3151041666666667,0.4792079207920792,242,768,3.1735537190082646,134.1245481967926,285.08346311549326,2.125512942621123,0.5542336702346802,0.42928066369423196,0.49513453245162964,0.016397605236833243,0.00029918694150123093,0.004658565334865475,-0.4317162910535828,0.4317162910535828,30.0,50.0,20.0,110.0,110.0,425.0,365.0,0.0003316682828965978,0.01821176221282822,0.008661295399726328,0.6956173977733809,0.9834398737188996,0.09751874704471697,0.008661295399726328,0.0160203072659446,30.0,20.0,20.0,-10.0,10.0,60.0,10.0,10.0,40.0,20.0,20.0,410.0,300.0,300.0,280.0,170.0,170.0,435.0,290.0,75.66372975210778,242,242000.0,0.5542336702346802,0.42928066369423196,-0.12495300654044822,0.12495300654044822,0.22545185045783872,medium,-0.4317162910535828
E09B-6,sample_001887,samples/sample_001887.npz,sample_001887_prediction.npz,0.0005115331732667983,0.002204018412157893,0.8047101808417582,0.37054631828978624,0.5407279029462738,320,834,2.60625,185.7793426513672,330.6735311273528,1.7799262631039314,0.5805604457855225,0.5348459486616776,0.8472932577133179,0.051197418015892546,0.00034600125527488746,0.0021917870977483773,-5.8359586293595385,5.8359586293595385,20.0,70.0,50.0,40.0,160.0,380.0,240.0,0.0002747443547278111,0.016575414164593627,0.00842316373209433,0.4694489742332267,0.9722281915926757,0.09167129327399332,0.00842316373209433,0.014275666971113533,20.0,50.0,20.0,0.0,0.0,80.0,10.0,10.0,60.0,10.0,10.0,480.0,440.0,440.0,400.0,240.0,240.0,390.0,200.0,41.23105625617661,320,320000.0,0.5805604457855225,0.5348459486616776,-0.0457144971238449,0.0457144971238449,0.07874201119918062,medium,-5.8359586293595385
E09B-6,sample_001331,samples/sample_001331.npz,sample_001331_prediction.npz,0.00021866797760594636,0.001285185688175261,0.5078057207289766,0.20040485829959515,0.33389544688026984,110,483,4.390909090909091,28.615364134311676,148.98531091280748,5.206479645463062,0.26013967394828796,0.2610537024257197,0.4733995199203491,0.0063894413347068526,0.00021175526501224142,0.0029054798149873036,4.041402405778108,4.041402405778108,20.0,40.0,20.0,50.0,110.0,375.0,195.0,0.0002774231657425397,0.016656024908198827,0.006931388351376576,2.2065585607033404,0.7542746468103628,0.10146267295322339,0.006931388351376576,0.015145263987958112,20.0,20.0,20.0,0.0,0.0,50.0,10.0,10.0,30.0,10.0,10.0,490.0,440.0,440.0,260.0,150.0,150.0,375.0,130.0,65.0,110,110000.0,0.26013967394828796,0.2610537024257197,0.0009140284774317164,0.0009140284774317164,0.003513606608169318,small,4.041402405778108
E09B-6,sample_001596,samples/sample_001596.npz,sample_001596_prediction.npz,0.001368207042105496,0.00408893870189786,0.7206132984316238,0.23863636363636365,0.3853211009174312,252,1056,4.190476190476191,230.43040251731873,543.2277571377956,2.3574482846158618,0.9144063591957092,0.7374983206391335,0.8773037195205688,0.03664564703282346,0.0012775417940934617,0.008134915471358915,3.3808459192357816,3.3808459192357816,80.0,100.0,20.0,140.0,90.0,390.0,355.0,0.0007615937483029301,0.02759698802954645,0.015499426891555276,1.1409643109805427,0.9979295023970884,0.14113153462228661,0.015499426891555276,0.022833342163079487,80.0,20.0,60.0,-20.0,20.0,140.0,40.0,40.0,80.0,60.0,60.0,190.0,50.0,50.0,120.0,30.0,30.0,385.0,350.0,7.0710678118654755,252,252000.0,0.9144063591957092,0.7374983206391335,-0.17690803855657578,0.17690803855657578,0.19346763807742984,medium,3.3808459192357816
E09B-6,sample_002009,samples/sample_002009.npz,sample_002009_prediction.npz,0.00025474565336480737,0.0021584536880254745,0.7753900954592023,0.5661764705882353,0.7230046948356808,616,1088,1.7662337662337662,175.44790244102478,318.91686197810105,1.8177296937779126,0.28481802344322205,0.24326747866323242,0.4523753225803375,0.006674260909852707,0.00021426552333346825,0.0019292663315792046,9.479070090043479,9.479070090043479,80.0,120.0,40.0,140.0,110.0,360.0,135.0,8.952368173989638e-05,0.00946169550027353,0.0063795210212380694,0.5671321113125334,0.9871418774546433,0.03706462574894091,0.0063795210212380694,0.006987516960943849,80.0,40.0,80.0,0.0,0.0,160.0,40.0,40.0,80.0,40.0,40.0,170.0,30.0,30.0,130.0,20.0,20.0,355.0,135.0,5.0,616,616000.0,0.28481802344322205,0.24326747866323242,-0.04155054477998962,0.04155054477998962,0.1458845345448184,large,9.479070090043479
E09B-6,sample_002116,samples/sample_002116.npz,sample_002116_prediction.npz,0.0025140915531665087,0.005501403007656336,0.8290404278934435,0.4673157162726008,0.6369668246445498,672,1438,2.1398809523809526,638.236249923706,1104.1326175611293,1.729974782367996,0.9497563242912292,0.8995108431471246,0.9844993948936462,0.008183702627143805,0.002475067634974537,0.0007136746326124359,-0.6985062850432371,0.6985062850432371,40.0,110.0,70.0,60.0,160.0,190.0,340.0,0.0026349708263154457,0.051331966904799645,0.024292532697613074,0.6366450113489535,0.9979582104208046,0.34445199250779135,0.024292532697613074,0.045219947826715214,40.0,70.0,20.0,-20.0,20.0,140.0,30.0,30.0,120.0,50.0,50.0,300.0,240.0,240.0,360.0,200.0,200.0,150.0,250.0,98.48857801796105,672,672000.0,0.9497563242912292,0.8995108431471246,-0.05024548114410465,0.05024548114410465,0.052903549951721716,large,-0.6985062850432371
E09B-6,sample_000238,samples/sample_000238.npz,sample_000238_prediction.npz,0.0022747796028852463,0.006677433382719755,0.9053817255273297,0.5785622040464916,0.7330242705208617,1344,2323,1.728422619047619,988.6517601013184,1620.8697883306795,1.6394749432950695,0.7356039881706238,0.8442156740153829,0.9784072041511536,0.020301202820328816,0.0020249083782023993,0.0006545141937105686,2.3808248041283093,2.3808248041283093,50.0,120.0,70.0,160.0,120.0,350.0,150.0,0.003605452781655676,0.06004542265365176,0.03098715060732171,0.5590606872889816,0.9994828470803893,0.3169973408202186,0.03098715060732171,0.0514319869234588,50.0,70.0,30.0,-20.0,20.0,160.0,40.0,40.0,130.0,60.0,60.0,230.0,70.0,70.0,150.0,30.0,30.0,335.0,145.0,15.811388300841896,1344,1344000.0,0.7356039881706238,0.8442156740153829,0.10861168584475911,0.10861168584475911,0.14764966964747692,large,2.3808248041283093
E09B-6,sample_000737,samples/sample_000737.npz,sample_000737_prediction.npz,0.00019628946029115468,0.001646346994675696,0.7986980457411473,0.39408866995073893,0.5653710247349824,240,609,2.5375,93.02326440811157,234.5750903502813,2.5216819882943873,0.3875969350337982,0.3758925364042322,0.5347377061843872,0.008644347767873647,0.00017561385470529946,0.0016106979700819934,1.6303629355574785,1.6303629355574785,40.0,70.0,30.0,50.0,160.0,375.0,160.0,0.00026075704347899235,0.016147973355161084,0.007487945915360092,1.0998063538368796,0.971245499394675,0.09730601817238096,0.007487945915360092,0.014306911247632538,40.0,30.0,30.0,-10.0,10.0,90.0,20.0,20.0,60.0,30.0,30.0,190.0,140.0,140.0,250.0,90.0,90.0,325.0,125.0,61.032778078668514,240,240000.0,0.3875969350337982,0.3758925364042322,-0.011704398629566015,0.011704398629566015,0.03019734567443212,medium,1.6303629355574785
E09B-6,sample_000271,samples/sample_000271.npz,sample_000271_prediction.npz,0.0010265138698741794,0.003850936656817794,0.7949107777207882,0.354020979020979,0.5229180116204003,405,1144,2.8246913580246913,286.7427536845207,603.9901880486535,2.1063834405146777,0.7080067992210388,0.6505771544244554,0.8204169869422913,0.016031417941081906,0.0009644399814704556,0.0032684296005726023,0.27396932436953136,0.27396932436953136,80.0,110.0,30.0,90.0,150.0,365.0,435.0,0.0006870843522062469,0.026212293913472108,0.015532154394068994,0.9169895205682675,0.9979664216195927,0.12465131087266129,0.015532154394068994,0.02111484151219351,80.0,30.0,60.0,-20.0,20.0,140.0,30.0,30.0,80.0,50.0,50.0,130.0,40.0,40.0,190.0,40.0,40.0,365.0,435.0,0.0,405,405000.0,0.7080067992210388,0.6505771544244554,-0.05742964479658341,0.05742964479658341,0.08111453853235377,medium,0.27396932436953136
E09B-6,sample_001280,samples/sample_001280.npz,sample_001280_prediction.npz,0.0002653363917488605,0.0016437043668702245,0.6889752678243969,0.2604298356510746,0.41323971915747243,210,787,3.7476190476190476,63.227905333042145,220.87888227268525,3.493376557538062,0.3010852634906769,0.33395288201669854,0.5076581835746765,0.004410645325638405,0.0002564620993919023,0.0012018028904469983,2.6330554534690336,2.6330554534690336,20.0,40.0,20.0,70.0,150.0,415.0,485.0,0.00039757043144401753,0.0199391682736271,0.009183979650126406,1.3628627926779167,0.8580292195968896,0.09576875211825614,0.009183979650126406,0.01769816231223122,20.0,20.0,20.0,0.0,0.0,50.0,10.0,10.0,30.0,10.0,10.0,410.0,340.0,340.0,290.0,140.0,140.0,435.0,455.0,36.05551275463989,210,210000.0,0.3010852634906769,0.33395288201669854,0.03286761852602166,0.03286761852602166,0.10916382338001543,medium,2.6330554534690336
E09B-6,sample_000473,samples/sample_000473.npz,sample_000473_prediction.npz,0.0010389292147010565,0.00507982587441802,0.8665242408755899,0.4265402843601896,0.5980066445182725,900,2110,2.3444444444444446,463.0685806274414,944.5730973325624,2.039812539327759,0.5145206451416016,0.5764109265142017,0.7795901298522949,0.009451037811750773,0.000961202454609822,0.001675785416882774,4.1187453208835905,4.1187453208835905,50.0,90.0,40.0,150.0,150.0,445.0,245.0,0.0020766511717420113,0.04557028825607768,0.024625467310422606,0.8085591240031419,0.9946562625971435,0.2170695911145451,0.024625467310422606,0.03834367655149046,50.0,40.0,30.0,-20.0,20.0,130.0,40.0,40.0,100.0,60.0,60.0,460.0,310.0,310.0,340.0,190.0,190.0,410.0,170.0,82.76472678623425,900,900000.0,0.5145206451416016,0.5764109265142017,0.06189028137260011,0.06189028137260011,0.12028726535466278,large,4.1187453208835905
E09B-6,sample_001502,samples/sample_001502.npz,sample_001502_prediction.npz,0.0002849568845704198,0.0016309950733557343,0.7576748460655994,0.4243614931237721,0.5958620689655172,252,473,1.876984126984127,71.70944917201996,210.31684569407335,2.932902819955506,0.28456130623817444,0.3736652100942881,0.6551687717437744,0.04078342522892644,0.00018087319999364853,0.0015987485661881297,3.4012093398338834,3.4012093398338834,70.0,140.0,70.0,60.0,60.0,160.0,450.0,0.00012640495837710464,0.011242995969807365,0.006360401981438624,1.5906066147386826,0.9883042866165476,0.051375073329822635,0.006360401981438624,0.009270935498190906,70.0,70.0,80.0,10.0,10.0,160.0,20.0,20.0,80.0,10.0,10.0,160.0,100.0,100.0,110.0,50.0,50.0,140.0,435.0,25.0,252,252000.0,0.28456130623817444,0.3736652100942881,0.08910390385611366,0.08910390385611366,0.3131272660856243,medium,3.4012093398338834
E09B-6,sample_000960,samples/sample_000960.npz,sample_000960_prediction.npz,0.0006193847511895001,0.002985682338476181,0.8088951741041741,0.3448275862068966,0.5128205128205128,390,1131,2.9,203.0231523513794,474.9712168330967,2.339492867350651,0.5205721855163574,0.5432954343465658,0.7079014182090759,0.007988730691533314,0.0005900320176479942,0.006119352642865092,4.683876438406173,4.683876438406173,70.0,90.0,20.0,130.0,150.0,165.0,265.0,0.0006115616744932112,0.024729773037640505,0.01348362694241557,1.0933103915761382,0.9977967751310262,0.11965032639305165,0.01348362694241557,0.020730496351293093,70.0,20.0,50.0,-20.0,20.0,130.0,40.0,40.0,80.0,60.0,60.0,400.0,270.0,270.0,180.0,30.0,30.0,250.0,260.0,85.14693182963201,390,390000.0,0.5205721855163574,0.5432954343465658,0.022723248830208376,0.022723248830208376,0.04365052429312777,medium,4.683876438406173
E09B-6,sample_001604,samples/sample_001604.npz,sample_001604_prediction.npz,0.001124885049648583,0.003127529053017497,0.7982128238013465,0.39215686274509803,0.5633802816901409,320,816,2.55,209.39214706420898,503.7436674251483,2.405742882375995,0.6543504595756531,0.7661698646843433,0.9304553866386414,0.030063631137800455,0.0010303756846652295,0.0007676678409560413,-4.979490821010316,4.979490821010316,70.0,150.0,80.0,50.0,80.0,265.0,500.0,0.0006309207148442608,0.02511813517847734,0.014003601732198633,1.272433997764069,0.99809533001692,0.13395727124174028,0.014003601732198633,0.020852334482503974,70.0,80.0,60.0,-10.0,10.0,160.0,10.0,10.0,100.0,20.0,20.0,140.0,90.0,90.0,130.0,50.0,50.0,240.0,495.0,25.495097567963924,320,320000.0,0.6543504595756531,0.7661698646843433,0.11181940510869026,0.11181940510869026,0.17088611075662002,medium,-4.979490821010316
E09B-6,sample_001049,samples/sample_001049.npz,sample_001049_prediction.npz,0.0005204948829486966,0.0026446778792887926,0.8207628735892741,0.6511363636363636,0.7887130075705437,630,823,1.3063492063492064,164.42838996648788,379.67521809296875,2.3090612160731507,0.2609974443912506,0.3762338119366812,0.7014452815055847,0.050715527916381356,0.00019673550563657882,0.0023100792844998274,-2.1369634416847276,2.1369634416847276,50.0,110.0,60.0,70.0,150.0,215.0,405.0,0.0003991010317954709,0.019977513153430056,0.011113390952897022,1.0228903401564398,0.990771175460271,0.10621569462230357,0.011113390952897022,0.016601011213885054,50.0,60.0,50.0,0.0,0.0,120.0,10.0,10.0,70.0,10.0,10.0,480.0,410.0,410.0,270.0,120.0,120.0,240.0,355.0,55.90169943749474,630,630000.0,0.2609974443912506,0.3762338119366812,0.1152363675454306,0.1152363675454306,0.441522972817636,large,-2.1369634416847276
E09B-6,sample_001954,samples/sample_001954.npz,sample_001954_prediction.npz,0.00023792032152414322,0.0015558894956484437,0.736527261151564,0.2616822429906542,0.4148148148148148,140,535,3.8214285714285716,69.94698226451874,204.49995211676153,2.9236422429691586,0.49962130188941956,0.440073513346059,0.6004540920257568,0.007751647648255064,0.00022720434225527677,0.005063326003349733,6.200656401439431,6.200656401439431,80.0,100.0,20.0,100.0,70.0,400.0,495.0,0.0001372175611033478,0.011713989973674547,0.006447043984559826,1.5384521385605021,0.9851949715223733,0.055454585909018445,0.006447043984559826,0.009780244627027422,80.0,20.0,70.0,-10.0,10.0,130.0,30.0,30.0,60.0,40.0,40.0,170.0,70.0,70.0,110.0,40.0,40.0,385.0,485.0,18.027756377319946,140,140000.0,0.49962130188941956,0.440073513346059,-0.05954778854336057,0.05954778854336057,0.11918584799761038,small,6.200656401439431
E09B-6,sample_001051,samples/sample_001051.npz,sample_001051_prediction.npz,0.0013504530070349574,0.0038339432794600725,0.7579890890519071,0.2730093071354705,0.4289195775792039,264,967,3.662878787878788,169.32887077331543,546.1586580679776,3.2254314079678306,0.64139723777771,0.8031764836473898,0.8947572708129883,0.030970342756122267,0.001270693267893078,0.0018202607031348658,-0.7744187725131795,0.7744187725131795,40.0,80.0,40.0,110.0,60.0,165.0,520.0,0.0022690669514573224,0.047634724219389815,0.02002912182039997,1.7913517848137248,0.9923088994135212,0.37157623121366823,0.02002912182039997,0.04321922292870269,40.0,40.0,20.0,-20.0,20.0,110.0,30.0,30.0,90.0,50.0,50.0,330.0,220.0,220.0,270.0,210.0,210.0,165.0,425.0,95.0,264,264000.0,0.64139723777771,0.8031764836473898,0.16177924586967984,0.16177924586967984,0.25222940845552555,medium,-0.7744187725131795
E09B-6,sample_000519,samples/sample_000519.npz,sample_000519_prediction.npz,0.0009235527249984443,0.00412348285317421,0.8867776157753758,0.7191650853889943,0.8366445916114791,1152,1566,1.359375,485.49850845336914,784.9689533629535,1.6168308237724436,0.42143967747688293,0.5129669369586433,0.8526897430419922,0.0462658616556231,0.0003858968470595769,0.0009171756628142696,0.06737975648739791,0.06737975648739791,70.0,130.0,60.0,160.0,120.0,190.0,260.0,0.0005682741844454789,0.023838502143496323,0.014314389672590078,0.5209184899469946,0.9985063224582634,0.11348205825780627,0.014314389672590078,0.01906233020243657,70.0,60.0,60.0,-10.0,10.0,160.0,30.0,30.0,100.0,40.0,40.0,190.0,30.0,30.0,150.0,30.0,30.0,195.0,255.0,7.0710678118654755,1152,1152000.0,0.42143967747688293,0.5129669369586433,0.09152725948176033,0.09152725948176033,0.2171776042296844,large,0.06737975648739791
E09B-6,sample_002133,samples/sample_002133.npz,sample_002133_prediction.npz,0.00029727150104008615,0.0015825927257537842,0.8187157632439356,0.6623134328358209,0.7968574635241302,360,531,1.475,119.72476601600647,246.70061710951933,2.0605646209952666,0.33256879448890686,0.39678515354171395,0.6772231459617615,0.0303756170370838,0.00018671644450928853,0.002045081612565664,-2.806279061488361,2.806279061488361,20.0,80.0,60.0,120.0,50.0,250.0,245.0,0.0002924468085433155,0.0171010762393282,0.007110744660827939,0.7599616878997745,0.9887497625226592,0.1288000924872919,0.007110744660827939,0.01555262418088415,20.0,60.0,20.0,0.0,0.0,80.0,0.0,0.0,60.0,0.0,0.0,390.0,270.0,270.0,260.0,210.0,210.0,345.0,160.0,127.47548783981962,360,360000.0,0.33256879448890686,0.39678515354171395,0.06421635905280709,0.06421635905280709,0.1930919560612867,medium,-2.806279061488361
E09B-6,sample_000492,samples/sample_000492.npz,sample_000492_prediction.npz,0.00010960478539345786,0.0011634253896772861,0.7698976070244598,0.5668202764976958,0.7235294117647059,336,344,1.0238095238095237,69.23460531234741,146.89538395440772,2.1217046488775195,0.20605537295341492,0.21624794938335462,0.5344077348709106,0.019686999279816958,4.246036571244342e-05,0.003732226156129831,-6.32319302833961,6.32319302833961,30.0,90.0,60.0,40.0,140.0,390.0,410.0,8.088157086107975e-05,0.008993418196719184,0.004377164450535875,0.8258546783786798,0.9529235449909774,0.05867470277407014,0.004377164450535875,0.007856335165587371,30.0,60.0,20.0,-10.0,10.0,80.0,-10.0,10.0,60.0,0.0,0.0,130.0,90.0,90.0,300.0,160.0,160.0,355.0,340.0,78.26237921249263,336,336000.0,0.20605537295341492,0.21624794938335462,0.010192576429939704,0.010192576429939704,0.049465230068249884,medium,-6.32319302833961
E09B-6,sample_000901,samples/sample_000901.npz,sample_000901_prediction.npz,0.0022704738657921553,0.004899662919342518,0.7675042302460295,0.3225806451612903,0.4878048780487805,400,1240,3.1,387.03465461730957,808.1987918155485,2.0881819810545794,0.9675866365432739,0.891971245855093,0.9637851715087891,0.007366423149164083,0.0022496536643536787,0.00233031851967656,3.1126220847606874,3.1126220847606874,70.0,110.0,40.0,100.0,100.0,200.0,200.0,0.0014564494819453745,0.038163457416033136,0.020482209639073427,0.9137889808896137,0.9991883620786943,0.20330029560967394,0.020482209639073427,0.03220137528501574,70.0,40.0,50.0,-20.0,20.0,140.0,30.0,30.0,90.0,50.0,50.0,160.0,60.0,60.0,140.0,40.0,40.0,190.0,200.0,10.0,400,400000.0,0.9675866365432739,0.891971245855093,-0.0756153906881809,0.0756153906881809,0.0781484446274689,medium,3.1126220847606874
E09B-6,sample_000728,samples/sample_000728.npz,sample_000728_prediction.npz,0.00047029732377268374,0.0020664718467742205,0.8572806183891482,0.4375,0.6086956521739131,280,640,2.2857142857142856,104.24670338630676,305.8702375337789,2.93409985733857,0.3723096549510956,0.581027722039393,0.7921192646026611,0.06670938209941728,0.00028108910121986766,0.0013434018021635727,-0.2486049706652409,0.2486049706652409,60.0,100.0,40.0,70.0,100.0,335.0,470.0,0.0004308356601104248,0.02075658112769116,0.010384669694182743,1.6280365420761143,0.9902010322636282,0.12229991253196995,0.010384669694182743,0.017972042050171905,60.0,40.0,50.0,-10.0,10.0,110.0,10.0,10.0,60.0,20.0,20.0,450.0,380.0,380.0,140.0,40.0,40.0,345.0,460.0,14.142135623730951,280,280000.0,0.3723096549510956,0.581027722039393,0.20871806708829743,0.20871806708829743,0.5606034232867623,medium,-0.2486049706652409
E09B-6,sample_000044,samples/sample_000044.npz,sample_000044_prediction.npz,0.0018876719987019897,0.004582712892442942,0.8545257797394413,0.4971014492753623,0.6640851887705711,686,1380,2.011661807580175,557.6774952411652,975.2311147346625,1.7487367215937737,0.8129409551620483,0.8560907533582376,0.9700859785079956,0.011240592844068064,0.0018219454060523386,0.0003622105771079435,-1.2258197031804912,1.2258197031804912,70.0,140.0,70.0,70.0,140.0,275.0,260.0,0.0011724863573465577,0.034241588125356534,0.020195719609316567,0.6504107645611621,0.9993951860638968,0.1669947205735552,0.020195719609316567,0.027651749796503367,70.0,70.0,60.0,-10.0,10.0,160.0,20.0,20.0,100.0,30.0,30.0,120.0,50.0,50.0,180.0,40.0,40.0,270.0,260.0,5.0,686,686000.0,0.8129409551620483,0.8560907533582376,0.04314979819618925,0.04314979819618925,0.05307863741172684,large,-1.2258197031804912
E09B-6,sample_000653,samples/sample_000653.npz,sample_000653_prediction.npz,0.00012252586020622402,0.0011016171192750335,0.7540735869764017,0.4699828473413379,0.6394399066511085,312,545,1.7467948717948718,65.11785006523132,156.9505704543094,2.410254182180237,0.20871105790138245,0.2252986335566115,0.3658434748649597,0.007170763754573946,0.00010008474607826858,0.0037590265363364552,4.853386137870622,4.853386137870622,20.0,40.0,20.0,120.0,130.0,300.0,235.0,0.00013355550329506073,0.011556621621177217,0.00525658651878274,0.8213593666491792,0.9326148739780783,0.06491349091037982,0.00525658651878274,0.010291928947753784,20.0,20.0,20.0,0.0,0.0,50.0,10.0,10.0,30.0,10.0,10.0,330.0,210.0,210.0,290.0,160.0,160.0,295.0,155.0,80.15609770940699,312,312000.0,0.20871105790138245,0.2252986335566115,0.01658757565522906,0.01658757565522906,0.079476266480652,medium,4.853386137870622
E09B-6,sample_001330,samples/sample_001330.npz,sample_001330_prediction.npz,0.001307509490288794,0.005074129439890385,0.8882467728813159,0.7037433155080214,0.8261142498430634,1320,1866,1.4136363636363636,743.6322569847107,1054.8442743613823,1.418502579001317,0.5633577704429626,0.6034623791548339,0.8822869658470154,0.044156902776365234,0.0007243083127863022,0.0006787673505084156,-5.500098880020516,5.500098880020516,50.0,130.0,80.0,150.0,110.0,365.0,405.0,0.0009400986114124384,0.03066102756615372,0.016349202608900125,0.38837744459938245,0.9973264343081332,0.1570201477409271,0.016349202608900125,0.025938430666976972,50.0,80.0,40.0,-10.0,10.0,140.0,10.0,10.0,100.0,20.0,20.0,260.0,110.0,110.0,430.0,320.0,320.0,320.0,265.0,147.05441169852742,1320,1320000.0,0.5633577704429626,0.6034623791548339,0.04010460871187127,0.04010460871187127,0.07118852497647706,large,-5.500098880020516
E09B-6,sample_000517,samples/sample_000517.npz,sample_000517_prediction.npz,0.00040206770063377917,0.0021967056673020124,0.7069066559454277,0.21657754010695188,0.35604395604395606,162,748,4.617283950617284,96.17286157608032,275.40474089815797,2.863642990182746,0.5936596393585205,0.4803477420851036,0.589374840259552,0.017196120026059244,0.0003743463041356499,0.005532868213538586,3.0693592046745195,3.0693592046745195,50.0,70.0,20.0,90.0,90.0,235.0,195.0,0.00037659552100230946,0.01940606917957136,0.009367713007166559,1.3100719828272405,0.9627235109717932,0.10849328875282319,0.009367713007166559,0.016995336831545055,50.0,20.0,40.0,-10.0,10.0,90.0,20.0,20.0,50.0,30.0,30.0,370.0,280.0,280.0,250.0,160.0,160.0,235.0,125.0,70.0,162,162000.0,0.5936596393585205,0.4803477420851036,-0.1133118972734169,0.1133118972734169,0.19087013797309207,small,3.0693592046745195
E09B-6,sample_001265,samples/sample_001265.npz,sample_001265_prediction.npz,0.0015476347180083394,0.005345734301954508,0.8988926250878203,0.5609348914858097,0.718716577540107,1008,1797,1.7827380952380953,680.8959245681763,1161.6140559865898,1.7060082371961394,0.675491988658905,0.7745034045111092,0.9493312239646912,0.026458958637010192,0.0012895499025351038,0.000643884962273957,2.8936609479220436,2.8936609479220436,60.0,120.0,60.0,120.0,140.0,180.0,480.0,0.0015596305629719542,0.039492158246567814,0.02283384243412984,0.5549311389742656,0.9988610126650476,0.1873184979958632,0.02283384243412984,0.03222182804660974,60.0,60.0,50.0,-10.0,10.0,150.0,30.0,30.0,100.0,40.0,40.0,150.0,30.0,30.0,170.0,30.0,30.0,175.0,475.0,7.0710678118654755,1008,1008000.0,0.675491988658905,0.7745034045111092,0.09901141585220419,0.09901141585220419,0.146576743343437,large,2.8936609479220436
E09B-6,sample_001292,samples/sample_001292.npz,sample_001292_prediction.npz,0.00047315869596786797,0.002865898422896862,0.8470130077051828,0.4489337822671156,0.6196746707978311,400,891,2.2275,147.53621816635132,417.40947729677043,2.829200060056638,0.3688405454158783,0.501040683798492,0.6943724751472473,0.03381846328408846,0.0003369219616036623,0.0015570067849207314,-3.0147780100968546,3.0147780100968546,30.0,80.0,50.0,100.0,80.0,360.0,420.0,0.0010205854188004683,0.03194660261750017,0.015140015032461101,1.2774072082179884,0.9808219331319881,0.22352643198141053,0.015140015032461101,0.028131216888313246,30.0,50.0,20.0,-10.0,10.0,90.0,10.0,10.0,70.0,20.0,20.0,280.0,180.0,180.0,300.0,220.0,220.0,350.0,320.0,100.4987562112089,400,400000.0,0.3688405454158783,0.501040683798492,0.13220013838261369,0.13220013838261369,0.3584208407282183,medium,-3.0147780100968546
E09B-6,sample_001298,samples/sample_001298.npz,sample_001298_prediction.npz,0.000365859450539574,0.002138634445145726,0.7440287908460597,0.2726008344923505,0.4284153005464481,196,719,3.6683673469387754,110.08473920822144,281.24574000847406,2.554811339258456,0.5616568326950073,0.46445393790395895,0.6201624870300293,0.016564432339424534,0.00033349792975608265,0.006238700479684076,3.953342056086427,3.953342056086427,50.0,70.0,20.0,70.0,140.0,235.0,210.0,0.0003227679283188163,0.017965743188602477,0.008909417254537961,1.1014394889861665,0.963653955117228,0.1027383043365169,0.008909417254537961,0.015600968319413941,50.0,20.0,30.0,-20.0,20.0,90.0,20.0,20.0,60.0,40.0,40.0,230.0,160.0,160.0,280.0,140.0,140.0,155.0,150.0,100.0,196,196000.0,0.5616568326950073,0.46445393790395895,-0.09720289479104838,0.09720289479104838,0.1730645638630231,medium,3.953342056086427
E09B-6,sample_001513,samples/sample_001513.npz,sample_001513_prediction.npz,0.0005589654901996255,0.002400829456746578,0.7965255572612296,0.3671970624235006,0.5371530886302597,300,817,2.723333333333333,185.75980067253113,373.94805278363816,2.0130730730210944,0.6191993355751038,0.5589033568402132,0.7540875673294067,0.01749547706572927,0.0005071211690594365,0.0010187525784878086,0.6895903789308875,0.6895903789308875,80.0,130.0,50.0,50.0,120.0,355.0,490.0,0.00022848035946768262,0.015115566792802796,0.00887352362035189,0.8575092485450315,0.9964994460607296,0.07189730330599264,0.00887352362035189,0.012236867982729067,80.0,50.0,70.0,-10.0,10.0,160.0,30.0,30.0,90.0,40.0,40.0,100.0,50.0,50.0,160.0,40.0,40.0,350.0,490.0,5.0,300,300000.0,0.6191993355751038,0.5589033568402132,-0.060295978734890565,0.060295978734890565,0.09737733112857509,medium,0.6895903789308875
E09B-6,sample_000392,samples/sample_000392.npz,sample_000392_prediction.npz,0.0011509753530845046,0.003215244971215725,0.7273332416692155,0.2542372881355932,0.40540540540540543,180,708,3.933333333333333,178.24459075927734,433.565537020749,2.43241904381989,0.9902477264404297,0.8214963502354092,0.9069395661354065,0.03139494863229871,0.0010954954476669841,0.0015033902116482895,0.06058729397271634,0.06058729397271634,50.0,90.0,40.0,50.0,90.0,175.0,355.0,0.0007938266861333755,0.028174930099884463,0.013379703908700554,1.1203999927222774,0.993215673767665,0.1971465537717822,0.013379703908700554,0.024795366693172307,50.0,40.0,30.0,-20.0,20.0,120.0,30.0,30.0,90.0,50.0,50.0,180.0,130.0,130.0,240.0,150.0,150.0,130.0,290.0,79.05694150420949,180,180000.0,0.9902477264404297,0.8214963502354092,-0.16875137620502045,0.16875137620502045,0.17041329325907018,small,0.06058729397271634
E09B-6,sample_001800,samples/sample_001800.npz,sample_001800_prediction.npz,0.0005652736290358007,0.0026580803096294403,0.7997721548236265,0.37886340977068794,0.549530007230658,390,993,2.546153846153846,191.56806975603104,398.06705029295114,2.077940498121133,0.49120017886161804,0.5037884449634032,0.805666983127594,0.03589682967047459,0.00042454497519778337,0.0018478497661828933,-4.601351081271517,4.601351081271517,20.0,70.0,50.0,60.0,130.0,210.0,405.0,0.0005047565744575593,0.022466788254166623,0.011910989824383628,0.6019090752858186,0.9666850613805916,0.14981416181742413,0.011910989824383628,0.01904953794350375,20.0,50.0,20.0,0.0,0.0,80.0,10.0,10.0,60.0,10.0,10.0,610.0,550.0,550.0,390.0,260.0,260.0,305.0,295.0,145.34441853748632,390,390000.0,0.49120017886161804,0.5037884449634032,0.012588266101785206,0.012588266101785206,0.02562756823696434,medium,-4.601351081271517
E09B-6,sample_002073,samples/sample_002073.npz,sample_002073_prediction.npz,0.00019828994118142873,0.0016895672306418419,0.7369882190506467,0.554904831625183,0.7137476459510358,385,677,1.7584415584415585,95.07418975234032,237.55291678888847,2.4986057457622555,0.24694594740867615,0.24596734555897776,0.430724173784256,0.005444524837793813,0.00017766269986705543,0.0012481579000094777,7.5211109626380335,7.5211109626380335,80.0,130.0,50.0,70.0,110.0,395.0,165.0,0.00010769094842042814,0.010377424941690888,0.006425166070708497,1.150879793915122,0.9858008748435811,0.04096358711037537,0.006425166070708497,0.00814912200081975,80.0,50.0,80.0,0.0,0.0,160.0,30.0,30.0,80.0,30.0,30.0,100.0,30.0,30.0,130.0,20.0,20.0,390.0,155.0,11.180339887498949,385,385000.0,0.24694594740867615,0.24596734555897776,-0.0009786018496983906,0.0009786018496983906,0.003962818017332681,medium,7.5211109626380335
E09B-6,sample_000911,samples/sample_000911.npz,sample_000911_prediction.npz,0.00037609811988659203,0.0032403450459241867,0.7860486114785695,0.5185546875,0.6829581993569132,546,1009,1.847985347985348,161.15512830018997,427.63819991169515,2.6535810831605477,0.29515591263771057,0.3287178795620963,0.6813032031059265,0.023275043717219474,0.0002482024580712843,0.0024894838677146096,-3.0474395436332316,3.0474395436332316,30.0,90.0,60.0,70.0,130.0,465.0,325.0,0.0006788259199090069,0.026054287937094096,0.014400750408872324,1.0420158246426303,0.9281181133985714,0.14581438616254494,0.014400750408872324,0.021712768307389333,30.0,60.0,20.0,-10.0,10.0,100.0,10.0,10.0,80.0,20.0,20.0,320.0,250.0,250.0,330.0,200.0,200.0,480.0,235.0,91.2414379544733,546,546000.0,0.29515591263771057,0.3287178795620963,0.03356196692438573,0.03356196692438573,0.11370928206876683,medium,-3.0474395436332316
E09B-6,sample_000923,samples/sample_000923.npz,sample_000923_prediction.npz,0.00019905208318959922,0.0017330144764855504,0.7221465151214809,0.3113964686998395,0.4749082007343941,195,622,3.18974358974359,79.86865639686584,213.2073569809536,2.6694746925693886,0.40958285331726074,0.31557932824660573,0.45807433128356934,0.013288836124737484,0.00017303501424159034,0.0026317728130602273,7.804097982743102,7.804097982743102,80.0,110.0,30.0,50.0,130.0,295.0,465.0,0.00010972257929320286,0.010474854619191756,0.006362936662154292,1.2762066388538313,0.976640991472439,0.041417950022972536,0.006362936662154292,0.008320794212490514,80.0,30.0,80.0,0.0,0.0,150.0,40.0,40.0,70.0,40.0,40.0,100.0,50.0,50.0,220.0,90.0,90.0,290.0,430.0,35.35533905932738,195,195000.0,0.40958285331726074,0.31557932824660573,-0.09400352507065501,0.09400352507065501,0.22951040139817663,medium,7.804097982743102
E09B-6,sample_000595,samples/sample_000595.npz,sample_000595_prediction.npz,0.0016284026205539703,0.005776798352599144,0.8158553116231397,0.3602001111728738,0.5296281160604822,648,1799,2.7762345679012346,405.7768020629883,943.1807627731583,2.324383153442935,0.6261987686157227,0.6960927121525193,0.8786100149154663,0.01780684127440149,0.0015210500112963388,0.0009320035496443841,-1.0927360537329633,1.0927360537329633,40.0,100.0,60.0,120.0,90.0,190.0,245.0,0.0038578813337285882,0.06211184535761748,0.0281591710463092,1.1321421946155106,0.9946199100258537,0.4200892373980235,0.0281591710463092,0.055361922109996235,40.0,60.0,0.0,-40.0,40.0,140.0,40.0,40.0,140.0,80.0,80.0,340.0,220.0,220.0,290.0,200.0,200.0,190.0,155.0,90.0,648,648000.0,0.6261987686157227,0.6960927121525193,0.06989394353679668,0.06989394353679668,0.11161622641210951,large,-1.0927360537329633
E09B-6,sample_001302,samples/sample_001302.npz,sample_001302_prediction.npz,0.0012657982297241688,0.0037867140490561724,0.867656806151094,0.48877805486284287,0.6566164154103853,588,1203,2.045918367346939,388.9803864955902,742.5279393311143,1.9089084311440783,0.6615312695503235,0.7787863100771191,0.95379239320755,0.028517419057340183,0.0011018134375336557,0.0006206146521893209,0.14793462798566281,0.14793462798566281,60.0,120.0,60.0,70.0,140.0,525.0,280.0,0.00111404062790384,0.03337724715886318,0.017197706318122057,0.7964551785204946,0.9986293154890961,0.18070058656321675,0.017197706318122057,0.028605585561205783,60.0,60.0,50.0,-10.0,10.0,140.0,20.0,20.0,90.0,30.0,30.0,150.0,80.0,80.0,360.0,220.0,220.0,495.0,180.0,104.4030650891055,588,588000.0,0.6615312695503235,0.7787863100771191,0.11725504052679558,0.11725504052679558,0.17724791846423193,medium,0.14793462798566281
E09B-6,sample_001319,samples/sample_001319.npz,sample_001319_prediction.npz,0.0003074330452363938,0.0015454553067684174,0.7738843600676774,0.25728987993138935,0.4092769440654843,150,583,3.8866666666666667,78.23321521282196,223.7557567566217,2.8601119888518842,0.5215547680854797,0.5475610371430715,0.7252354621887207,0.006518313869999991,0.00029794150477141415,0.0010224571001133688,0.8432311575733138,0.8432311575733138,20.0,50.0,30.0,50.0,100.0,295.0,360.0,0.00030694704327598817,0.01751990420281995,0.008447541520412055,0.9118897660005277,0.9316162580009527,0.1378536820043758,0.008447541520412055,0.01534881381530516,20.0,30.0,20.0,0.0,0.0,70.0,20.0,20.0,50.0,20.0,20.0,580.0,530.0,530.0,420.0,320.0,320.0,340.0,290.0,83.21658488546619,150,150000.0,0.5215547680854797,0.5475610371430715,0.026006269057591735,0.026006269057591735,0.04986296866397253,small,0.8432311575733138
E09B-6,sample_002162,samples/sample_002162.npz,sample_002162_prediction.npz,0.00024740732624195516,0.0017910912865772843,0.7981933720348878,0.6201550387596899,0.7655502392344498,560,694,1.2392857142857143,161.06433391571045,261.7504649225414,1.625129900326182,0.2876148819923401,0.27699093971667543,0.5946297645568848,0.020337708729511312,0.0001323049358206792,0.0017577777332610782,-4.717366767720442,4.717366767720442,30.0,100.0,70.0,100.0,80.0,170.0,140.0,0.00015474120402420746,0.012439501759484077,0.005332643470603051,0.5119983497849261,0.9897894701918272,0.08555361698366981,0.005332643470603051,0.01123851047246218,30.0,70.0,20.0,-10.0,10.0,100.0,0.0,0.0,80.0,10.0,10.0,220.0,120.0,120.0,200.0,120.0,120.0,140.0,100.0,50.0,560,560000.0,0.2876148819923401,0.27699093971667543,-0.010623942275664655,0.010623942275664655,0.03693808262657145,medium,-4.717366767720442
E09B-6,sample_001201,samples/sample_001201.npz,sample_001201_prediction.npz,0.00023962173145264387,0.0011124596931040287,0.7127074904435651,0.2198952879581152,0.3605150214592275,84,382,4.5476190476190474,47.15975260734558,148.56505807004942,3.1502510054921067,0.5614256262779236,0.5375304594635963,0.6830174922943115,0.007407398259190287,0.00023349168588014533,0.004640666346134014,3.8142054960553793,3.8142054960553793,70.0,90.0,20.0,60.0,70.0,270.0,175.0,0.00011485955019061307,0.010717254787986198,0.005116841858016553,1.8269687827075989,0.9922815090775355,0.06350515616813919,0.005116841858016553,0.009416872070420345,70.0,20.0,60.0,-10.0,10.0,110.0,20.0,20.0,50.0,30.0,30.0,130.0,70.0,70.0,110.0,40.0,40.0,255.0,165.0,18.027756377319946,84,84000.0,0.5614256262779236,0.5375304594635963,-0.02389516681432724,0.02389516681432724,0.04256158909728565,small,3.8142054960553793
E09B-6,sample_000860,samples/sample_000860.npz,sample_000860_prediction.npz,0.00040330327465198934,0.002802203642204404,0.8857480113181349,0.501412429378531,0.6679209783631233,720,1406,1.9527777777777777,286.3914728164673,532.820855662082,1.860463408432338,0.3977659344673157,0.4411484582371486,0.6968575716018677,0.011697132356150695,0.0003199745087254612,0.0008590373739084438,3.168816614840871,3.168816614840871,20.0,50.0,30.0,160.0,150.0,230.0,285.0,0.00058654940112514,0.0242187819909495,0.013947891852144944,0.4700490576870285,0.9806837265490255,0.10250566025107255,0.013947891852144944,0.019799134173140213,20.0,30.0,20.0,0.0,0.0,80.0,30.0,30.0,60.0,30.0,30.0,550.0,390.0,390.0,380.0,230.0,230.0,275.0,200.0,96.17692030835673,720,720000.0,0.3977659344673157,0.4411484582371486,0.043382523769832926,0.043382523769832926,0.10906545787519584,large,3.168816614840871
E09B-6,sample_001867,samples/sample_001867.npz,sample_001867_prediction.npz,0.00023522072297055274,0.0016588801518082619,0.8086137910543736,0.4013722126929674,0.572827417380661,234,583,2.4914529914529915,69.58212214708328,226.57745327583712,3.2562596006614424,0.29735949635505676,0.40565696807625967,0.5973175168037415,0.024812467750879072,0.00017657818214042014,0.0017673888068790503,2.3037611734000762,2.3037611734000762,60.0,90.0,30.0,60.0,130.0,330.0,315.0,0.00026843466279896996,0.016383975793407717,0.008249530654407687,1.8645260572228706,0.9791196665593824,0.09114086326090637,0.008249530654407687,0.014155560984325482,60.0,30.0,50.0,-10.0,10.0,110.0,20.0,20.0,60.0,30.0,30.0,230.0,170.0,170.0,160.0,30.0,30.0,265.0,310.0,65.19202405202648,234,234000.0,0.29735949635505676,0.40565696807625967,0.10829747172120291,0.10829747172120291,0.36419711846663966,medium,2.3037611734000762
E09B-6,sample_000363,samples/sample_000363.npz,sample_000363_prediction.npz,0.00019868434173986316,0.0011426436249166727,0.5876803228125361,0.13559322033898305,0.23880597014925373,40,295,7.375,32.65535354614258,112.87584909944033,3.456580218613919,0.8163838386535645,0.415059519559145,0.500174343585968,0.16345871307606752,0.00013222663990975606,0.004710815198281269,4.326899628024449,4.326899628024449,80.0,100.0,20.0,40.0,50.0,260.0,325.0,5.3554455629084947e-05,0.007318090982564029,0.004016787500887373,1.9805719907359562,0.9698844211157315,0.03475690989840968,0.004016787500887373,0.006117178581813671,80.0,20.0,70.0,-10.0,10.0,140.0,40.0,40.0,70.0,50.0,50.0,110.0,70.0,70.0,190.0,140.0,140.0,265.0,265.0,60.207972893961475,40,40000.0,0.8163838386535645,0.415059519559145,-0.40132431909441946,0.40132431909441946,0.49158778027295436,small,4.326899628024449
E09B-6,sample_000263,samples/sample_000263.npz,sample_000263_prediction.npz,0.0002130351640516892,0.0013653584755957127,0.8367589662958479,0.4153846153846154,0.5869565217391305,189,455,2.4074074074074074,76.96506553888321,208.5862228484481,2.7101415608237103,0.40722256898880005,0.4918838852927798,0.6266281008720398,0.013077853923878703,0.000188253543718542,0.0016412178594825567,-0.12221738981785535,0.12221738981785535,30.0,60.0,30.0,70.0,90.0,225.0,195.0,0.00037908759520656975,0.019470171935721824,0.007348747831662008,1.263906858185176,0.9916639674628339,0.1542855770227607,0.007348747831662008,0.0180300721161401,30.0,30.0,20.0,-10.0,10.0,80.0,20.0,20.0,60.0,30.0,30.0,230.0,160.0,160.0,240.0,150.0,150.0,265.0,130.0,76.32168761236873,189,189000.0,0.40722256898880005,0.4918838852927798,0.08466131630397977,0.08466131630397977,0.20789937186980478,small,-0.12221738981785535
E09B-6,sample_000442,samples/sample_000442.npz,sample_000442_prediction.npz,0.0008031113538891077,0.0022682701237499714,0.6369691610669979,0.1863799283154122,0.31419939577039274,104,558,5.365384615384615,94.6843991279602,273.6561139740482,2.8901922227358554,0.910426914691925,0.6988484366581991,0.7938799858093262,0.047945736698739555,0.0007531843072449657,0.006865561510833423,4.172337670596804,4.172337670596804,30.0,50.0,20.0,130.0,40.0,385.0,210.0,0.0007439495486910563,0.0272754385609298,0.010096638249982774,1.368697403651653,0.9910481925001469,0.21211014493579822,0.010096638249982774,0.02533786582844027,30.0,20.0,20.0,-10.0,10.0,80.0,30.0,30.0,60.0,40.0,40.0,380.0,250.0,250.0,250.0,210.0,210.0,420.0,125.0,91.92388155425118,104,104000.0,0.910426914691925,0.6988484366581991,-0.21157847803372598,0.21157847803372598,0.23239479701159868,small,4.172337670596804
E09B-6,sample_001230,samples/sample_001230.npz,sample_001230_prediction.npz,0.0003892810782417655,0.0021561449393630028,0.8644668581145806,0.6067307692307692,0.7552363853979653,704,967,1.3735795454545454,288.421838760376,395.5032996198975,1.3712668268108712,0.40969011187553406,0.4026717729396875,0.7352041006088257,0.03106066099960977,0.00016804488873139615,0.0016878876794556314,-2.915131266100005,2.915131266100005,20.0,60.0,40.0,110.0,160.0,475.0,420.0,0.00015941970121101,0.012626151480598116,0.006298238925298063,0.24097380966431314,0.9860137341371686,0.06016768122408739,0.006282302927473475,0.01095227698419229,20.0,40.0,20.0,0.0,0.0,80.0,20.0,20.0,60.0,20.0,20.0,430.0,320.0,320.0,320.0,160.0,160.0,425.0,360.0,78.10249675906654,704,704000.0,0.40969011187553406,0.4026717729396875,-0.00701833893584658,0.00701833893584658,0.017130847761292287,large,-2.915131266100005
E09B-6,sample_001272,samples/sample_001272.npz,sample_001272_prediction.npz,0.001976481406018138,0.005355433095246553,0.765408984077089,0.34959941733430444,0.5180787911494873,480,1373,2.8604166666666666,406.4982604980469,837.3036473833963,2.0597963847557947,0.8468713760375977,0.7499753536656499,0.8937773108482361,0.01806380002783896,0.0018975446174128582,0.001232856280509285,1.841241899795989,1.841241899795989,80.0,130.0,50.0,60.0,160.0,320.0,200.0,0.001044186534916555,0.03231387526924858,0.020288219669114347,0.8600656176977172,0.9986379449870967,0.14935675414261257,0.020288219669114347,0.025151037306129484,80.0,50.0,70.0,-10.0,10.0,160.0,30.0,30.0,90.0,40.0,40.0,120.0,60.0,60.0,200.0,40.0,40.0,320.0,200.0,0.0,480,480000.0,0.8468713760375977,0.7499753536656499,-0.09689602237194772,0.09689602237194772,0.11441645698938575,medium,1.841241899795989
E09B-6,sample_001600,samples/sample_001600.npz,sample_001600_prediction.npz,0.0012187921674922109,0.004059006925672293,0.8556438267963973,0.5579335793357934,0.7162482235907153,756,1355,1.7923280423280423,485.2165160179138,841.7736184666585,1.7348412320646993,0.6418207883834839,0.6601643352991059,0.8559304475784302,0.008512352260422762,0.0011622669181623527,0.0005773191082614923,0.8909377686770057,0.8909377686770057,80.0,150.0,70.0,120.0,90.0,380.0,275.0,0.0005792374538459531,0.024067352447786048,0.016382422725771114,0.5705274671176174,0.9981377827928661,0.1032529644563277,0.016382422725771114,0.017631043062737134,80.0,70.0,70.0,-10.0,10.0,160.0,10.0,10.0,90.0,20.0,20.0,160.0,40.0,40.0,130.0,40.0,40.0,380.0,275.0,0.0,756,756000.0,0.6418207883834839,0.6601643352991059,0.01834354691562201,0.01834354691562201,0.028580481105672535,large,0.8909377686770057
E09B-6,sample_000593,samples/sample_000593.npz,sample_000593_prediction.npz,0.002538649132475257,0.00680256774649024,0.8883819986054687,0.5773548072230357,0.7320544554455446,1183,2049,1.732037193575655,860.1984516978264,1505.4496055853047,1.7501189436157512,0.7271330952644348,0.8576797450233695,0.9690751433372498,0.02698497400312028,0.0022408764063902324,0.0005030523500704541,3.090824922641545,3.090824922641545,70.0,140.0,70.0,130.0,130.0,225.0,205.0,0.0024188196141156095,0.04918149666404642,0.03003314113469875,0.621045859878183,0.9989698972272222,0.22017140290483772,0.03003314113469875,0.038946502380815595,70.0,70.0,60.0,-10.0,10.0,160.0,20.0,20.0,100.0,30.0,30.0,160.0,30.0,30.0,170.0,40.0,40.0,230.0,205.0,5.0,1183,1183000.0,0.7271330952644348,0.8576797450233695,0.1305466497589347,0.1305466497589347,0.17953611327711486,large,3.090824922641545
E09B-6,sample_000367,samples/sample_000367.npz,sample_000367_prediction.npz,2.5819028451223858e-05,0.0005924043362028897,0.7794842092227824,0.49612403100775193,0.6632124352331606,64,129,2.015625,18.23250961303711,70.61161263656739,3.872841102800063,0.28488296270370483,0.24071221495978534,0.3208278715610504,0.0030450939426091596,2.3852075058916884e-05,0.002786158243510302,4.18991077118217,4.18991077118217,40.0,60.0,20.0,40.0,80.0,310.0,490.0,2.935650639327252e-05,0.00541816448562357,0.0028644405003975535,1.5538874009616168,0.9343316318829149,0.031051858860938746,0.0028644405003975535,0.004599074582234424,40.0,20.0,30.0,-10.0,10.0,70.0,10.0,10.0,40.0,20.0,20.0,130.0,90.0,90.0,190.0,110.0,110.0,275.0,445.0,57.0087712549569,64,64000.0,0.28488296270370483,0.24071221495978534,-0.04417074774391949,0.04417074774391949,0.1550487516863537,small,4.18991077118217
E09B-6,sample_000985,samples/sample_000985.npz,sample_000985_prediction.npz,0.0021822790149599314,0.007189644500613213,0.861800972569337,0.47551830613145124,0.6445440956651719,1078,2267,2.102968460111317,707.4556195735931,1356.6654737752142,1.9176686653403379,0.6562668085098267,0.7463674989834788,0.9127092957496643,0.02576703351502757,0.0019207813861030327,0.0006535351057382791,-2.9748658506947763,2.9748658506947763,30.0,100.0,70.0,110.0,140.0,475.0,280.0,0.005218522177394957,0.07223933954151959,0.035011709695331676,0.7347158259579172,0.9952954046167243,0.3969891931797145,0.035011709695331676,0.06318783396829468,30.0,70.0,0.0,-30.0,30.0,130.0,30.0,30.0,130.0,60.0,60.0,480.0,370.0,370.0,360.0,220.0,220.0,400.0,180.0,125.0,1078,1078000.0,0.6562668085098267,0.7463674989834788,0.0901006904736521,0.0901006904736521,0.13729277377023247,large,-2.9748658506947763
E09B-6,sample_000252,samples/sample_000252.npz,sample_000252_prediction.npz,0.00012183179933344945,0.001636757981032133,0.7168460821587007,0.3225806451612903,0.4878048780487805,120,372,3.1,49.82417106628418,183.41313457799103,3.6812079489287477,0.41520142555236816,0.30149482426544033,0.4258576035499573,0.015741204255538738,0.00010274188179919909,0.0021442035038569756,-0.23595299897247202,0.23595299897247202,40.0,60.0,20.0,150.0,40.0,285.0,330.0,0.00016749488282882366,0.012941981410465079,0.007443553296232118,1.505945867921114,0.8619260765737479,0.04847558801029413,0.007443553296232118,0.01058718079353402,40.0,20.0,30.0,-10.0,10.0,70.0,10.0,10.0,40.0,20.0,20.0,380.0,230.0,230.0,230.0,190.0,190.0,340.0,245.0,101.24228365658294,120,120000.0,0.41520142555236816,0.30149482426544033,-0.11370660128692783,0.11370660128692783,0.2738588894189294,small,-0.23595299897247202
E09B-6,sample_000452,samples/sample_000452.npz,sample_000452_prediction.npz,0.0008463121484965086,0.0038097677752375603,0.8526044202199028,0.40310077519379844,0.574585635359116,520,1290,2.480769230769231,301.9148325920105,671.2718466921926,2.2233814779127097,0.5806054472923279,0.6447166536289912,0.816924512386322,0.008058646517862532,0.0008079580430455953,0.0013258319641609312,1.4716134791478481,1.4716134791478481,50.0,90.0,40.0,130.0,100.0,245.0,400.0,0.0012939077123120663,0.03597092871072509,0.01936272915721053,0.9131197374489213,0.9948810104164204,0.18731611474110588,0.01936272915721053,0.03031488795784301,50.0,40.0,40.0,-10.0,10.0,120.0,30.0,30.0,80.0,40.0,40.0,390.0,260.0,260.0,270.0,170.0,170.0,205.0,325.0,85.0,520,520000.0,0.5806054472923279,0.6447166536289912,0.06411120633666334,0.06411120633666334,0.11042129665790772,medium,1.4716134791478481
E09B-6,sample_001622,samples/sample_001622.npz,sample_001622_prediction.npz,0.0004684926534537226,0.0038039665669202805,0.8298827085231981,0.6251819505094615,0.7693685624720108,960,1273,1.3260416666666666,321.500244140625,551.6570546862762,1.7158837815531487,0.3348960876464844,0.32758056499248295,0.6160650849342346,0.02646805605950566,0.0002120867609261091,0.001583136191243454,-5.413617705273296,5.413617705273296,30.0,110.0,80.0,80.0,150.0,170.0,295.0,0.00043931817860110283,0.020959918382500987,0.012182912383208745,0.48265634970604177,0.9781219950256912,0.11257375217436316,0.012182912383208745,0.017055639081082884,30.0,80.0,20.0,-10.0,10.0,110.0,0.0,0.0,90.0,10.0,10.0,320.0,240.0,240.0,380.0,230.0,230.0,160.0,190.0,105.47511554864494,960,960000.0,0.3348960876464844,0.32758056499248295,-0.007315522654001427,0.007315522654001427,0.021844156811182812,large,-5.413617705273296
E09B-6,sample_001585,samples/sample_001585.npz,sample_001585_prediction.npz,0.00054457678925246,0.0017003639368340373,0.7122225339085659,0.2488479262672811,0.3985239852398524,108,434,4.018518518518518,87.97479701042175,231.7018056716492,2.633729358241101,0.8145814538002014,0.7061296773177607,0.801819384098053,0.014752922667007505,0.0005289498354240142,0.0026746455646729744,1.2098791664458517,1.2098791664458517,30.0,60.0,30.0,60.0,60.0,420.0,460.0,0.00048250404269673165,0.02196597465847422,0.00807830633793977,1.1732705069146998,0.9913537571881194,0.18803916651151426,0.00807830633793977,0.020426576056870958,30.0,30.0,20.0,-10.0,10.0,80.0,20.0,20.0,60.0,30.0,30.0,280.0,220.0,220.0,200.0,140.0,140.0,480.0,410.0,78.10249675906654,108,108000.0,0.8145814538002014,0.7061296773177607,-0.10845177648244075,0.10845177648244075,0.13313803791688283,small,1.2098791664458517
E09B-6,sample_000222,samples/sample_000222.npz,sample_000222_prediction.npz,0.002739181974902749,0.006265278905630112,0.8390687429271723,0.44154540893125943,0.6126000696136443,880,1993,2.264772727272727,741.6331243515015,1324.8720715447816,1.7864251582657877,0.8427649140357971,0.8572373484684662,0.9548527598381042,0.004368643002511483,0.0027244637830688124,0.0018657419938940538,5.754157848390065,5.754157848390065,60.0,110.0,50.0,160.0,110.0,470.0,245.0,0.002696209203129697,0.05192503445477621,0.02814508663180727,0.6477568202964168,0.9987843533711488,0.25115055111692786,0.02814508663180727,0.0436355738087373,60.0,50.0,40.0,-20.0,20.0,150.0,40.0,40.0,110.0,60.0,60.0,230.0,70.0,70.0,140.0,30.0,30.0,455.0,240.0,15.811388300841896,880,880000.0,0.8427649140357971,0.8572373484684662,0.014472434432669101,0.014472434432669101,0.017172564011195147,large,5.754157848390065
E09B-6,sample_001459,samples/sample_001459.npz,sample_001459_prediction.npz,0.0004190707113593817,0.0021405143197625875,0.6277204999308011,0.16574585635359115,0.2843601895734597,90,543,6.033333333333333,68.3198869228363,233.05486558837876,3.411230259376774,0.7591098546981812,0.5052980452775955,0.5738134980201721,0.06621325635814587,0.00035877916095938437,0.004703589814505548,1.9532948286485734,1.9532948286485734,50.0,70.0,20.0,50.0,90.0,295.0,495.0,0.0002901103244659354,0.017032625295765047,0.008841868130978814,1.5599821892903976,0.9343452525982148,0.09406336513327987,0.008841868130978814,0.01455787389766502,50.0,20.0,40.0,-10.0,10.0,90.0,20.0,20.0,50.0,30.0,30.0,210.0,160.0,160.0,240.0,150.0,150.0,225.0,430.0,95.524865872714,90,90000.0,0.7591098546981812,0.5052980452775955,-0.2538118094205857,0.2538118094205857,0.33435451779439773,small,1.9532948286485734
E09B-6,sample_001967,samples/sample_001967.npz,sample_001967_prediction.npz,0.00019609583250712603,0.0009661368676461279,0.6274528584726733,0.20630372492836677,0.342042755344418,72,349,4.847222222222222,34.3732488155365,120.1991865653769,3.4968817527381235,0.47740623354911804,0.4139747983879513,0.5219519138336182,0.004775532305902984,0.00019273928414912297,0.0025314822880171542,3.9509876413302365,3.9509876413302365,20.0,40.0,20.0,90.0,40.0,195.0,120.0,0.00013684011281617586,0.01169786787479564,0.004858428763896744,1.2045045647326118,0.8943012930843763,0.09574170710234722,0.004858428763896744,0.010641230321833874,20.0,20.0,20.0,0.0,0.0,50.0,10.0,10.0,30.0,10.0,10.0,460.0,370.0,370.0,240.0,200.0,200.0,230.0,120.0,35.0,72,72000.0,0.47740623354911804,0.4139747983879513,-0.06343143516116673,0.06343143516116673,0.13286679289796197,small,3.9509876413302365
E09B-6,sample_001694,samples/sample_001694.npz,sample_001694_prediction.npz,0.0007073087035678327,0.002784168580546975,0.8219250273111537,0.39424280350438046,0.5655296229802513,315,799,2.5365079365079364,200.4263225197792,450.9197260859515,2.2498029221758142,0.6362740397453308,0.6761800515273261,0.8158133625984192,0.016452450156430525,0.0006566935949224319,0.000825067494688774,-0.48826815606878426,0.48826815606878426,50.0,100.0,50.0,90.0,70.0,305.0,215.0,0.0006347470033786798,0.02519418590426529,0.0129756800369033,0.9536180534445896,0.9940766665062372,0.1491392759440322,0.0129756800369033,0.021595803549731344,50.0,50.0,40.0,-10.0,10.0,120.0,20.0,20.0,80.0,30.0,30.0,280.0,190.0,190.0,210.0,140.0,140.0,230.0,165.0,90.13878188659973,315,315000.0,0.6362740397453308,0.6761800515273261,0.039906011781995265,0.039906011781995265,0.06271827748617197,medium,-0.48826815606878426
E09B-6,sample_001125,samples/sample_001125.npz,sample_001125_prediction.npz,0.0006945639033801854,0.0019716203678399324,0.6659412600500386,0.17843866171003717,0.3028391167192429,96,538,5.604166666666667,81.36629676818848,256.044367276269,3.146811117700687,0.8475655913352966,0.7478775021930536,0.7962759137153625,0.011409685272371814,0.0006840897219036625,0.0073619652441308595,3.422163317665195,3.422163317665195,60.0,80.0,20.0,80.0,60.0,450.0,180.0,0.0004261591475016259,0.020643622441364935,0.009032553362099915,1.8164482339470656,0.992316688736659,0.13799967118631604,0.009032553362099915,0.018562654100705626,60.0,20.0,40.0,-20.0,20.0,110.0,30.0,30.0,70.0,50.0,50.0,270.0,190.0,190.0,140.0,80.0,80.0,375.0,150.0,80.77747210701756,96,96000.0,0.8475655913352966,0.7478775021930536,-0.09968808914224303,0.09968808914224303,0.11761696104863047,small,3.422163317665195
E09B-6,sample_001461,samples/sample_001461.npz,sample_001461_prediction.npz,0.0004717840056400746,0.0021567882504314184,0.7845687472402663,0.49324324324324326,0.6606334841628959,320,564,1.7625,154.81274604797363,301.7578958189571,1.9491799191098118,0.4837898313999176,0.4828521311515942,0.8067928552627563,0.05177306125419724,0.00030424229114460265,0.001912891048947863,-7.937766575265215,7.937766575265215,40.0,120.0,80.0,50.0,80.0,365.0,240.0,0.0002362767548563585,0.015371296459842237,0.007831631496642465,0.7573732011320663,0.9873548579941559,0.09734964306296376,0.007831631496642465,0.013226575632307714,40.0,80.0,40.0,0.0,0.0,120.0,0.0,0.0,80.0,0.0,0.0,260.0,210.0,210.0,210.0,130.0,130.0,300.0,185.0,85.14693182963201,320,320000.0,0.4837898313999176,0.4828521311515942,-0.0009377002483234032,0.0009377002483234032,0.0019382388538635225,medium,-7.937766575265215
E09B-7,sample_000796,samples/sample_000796.npz,sample_000796_prediction.npz,0.0011374132009223104,0.004712225403636694,0.7728320628082731,0.37079233557742103,0.5409897997733283,720,1927,2.676388888888889,233.237042427063,684.6838297263414,2.9355707078152182,0.32394033670425415,0.4549439169311275,0.718529999256134,0.027921976650398164,0.0009397898177445132,0.0022791874775471583,3.392910312906558,3.392910312906558,40.0,70.0,30.0,150.0,160.0,175.0,170.0,0.0024379245803130374,0.04937534385007397,0.0243877779755212,1.5049671541879053,0.9512689323251259,0.23092660125817982,0.0243877779755212,0.04293204940053201,40.0,30.0,20.0,-20.0,20.0,100.0,30.0,30.0,80.0,50.0,50.0,370.0,220.0,220.0,340.0,180.0,180.0,275.0,250.0,128.06248474865697,720,720000.0,0.32394033670425415,0.4549439169311275,0.13100358022687336,0.13100358022687336,0.40440650756770347,large,3.392910312906558
E09B-7,sample_001763,samples/sample_001763.npz,sample_001763_prediction.npz,0.00046957991435192525,0.0017243413021788,0.8048627935638697,0.41297935103244837,0.5845511482254697,280,678,2.4214285714285713,142.34578132629395,284.29800496074745,1.9972351994686917,0.5083777904510498,0.5489784514265401,0.7808637022972107,0.025045535042688753,0.00039938007071679344,0.0009836352093134197,-4.724352215020588,4.724352215020588,40.0,110.0,70.0,80.0,50.0,510.0,495.0,0.0003618584940483245,0.019022578533109662,0.007231033535890319,0.9705120983071643,0.9923588813589811,0.14209720430379175,0.007231033535890319,0.017594619860944825,40.0,70.0,30.0,-10.0,10.0,120.0,10.0,10.0,90.0,20.0,20.0,110.0,30.0,30.0,190.0,140.0,140.0,505.0,545.0,50.24937810560445,280,280000.0,0.5083777904510498,0.5489784514265401,0.04060066097549031,0.04060066097549031,0.07986316817551775,medium,-4.724352215020588
E09B-7,sample_000998,samples/sample_000998.npz,sample_000998_prediction.npz,0.00036532312515191734,0.0021206431556493044,0.7899791961718334,0.3921901528013582,0.5634146341463414,462,1178,2.54978354978355,163.88124418258667,349.4741513134139,2.132484123223099,0.3547213077545166,0.36015077883547003,0.5225464701652527,0.004613577166550674,0.0003452632887930302,0.0029233582112914817,2.603111907070172,2.603111907070172,80.0,110.0,30.0,110.0,140.0,235.0,380.0,0.0002972096578692912,0.01723976965824344,0.00915036271345324,1.0592386360121833,0.9964680973555591,0.0848194718545115,0.00915036271345324,0.014610972591909683,80.0,30.0,60.0,-20.0,20.0,140.0,30.0,30.0,80.0,50.0,50.0,140.0,30.0,30.0,220.0,80.0,80.0,240.0,410.0,30.4138126514911,462,462000.0,0.3547213077545166,0.36015077883547003,0.00542947108095343,0.00542947108095343,0.015306300924868241,medium,2.603111907070172
E09B-7,sample_001629,samples/sample_001629.npz,sample_001629_prediction.npz,0.0012593172723427415,0.0037205684930086136,0.8273926921643509,0.3952941176470588,0.5666104553119731,504,1275,2.5297619047619047,287.289128780365,650.1887878224601,2.263186186622241,0.5700181126594543,0.7047318719209187,0.7976611256599426,0.023455503335196592,0.0011449320345482054,0.0008155809570534253,1.5867341172163236,1.5867341172163236,70.0,130.0,60.0,60.0,140.0,440.0,210.0,0.0010918102657979762,0.03304255234993169,0.017505713710629534,1.1685353142712247,0.9936258390791128,0.16114334743076947,0.017505713710629534,0.028024279710270054,70.0,60.0,50.0,-20.0,20.0,160.0,30.0,30.0,110.0,50.0,50.0,120.0,60.0,60.0,280.0,140.0,140.0,430.0,260.0,50.99019513592785,504,504000.0,0.5700181126594543,0.7047318719209187,0.13471375926146434,0.13471375926146434,0.23633241868920457,medium,1.5867341172163236
E09B-7,sample_001922,samples/sample_001922.npz,sample_001922_prediction.npz,0.0015792837366461754,0.004473647568374872,0.8479174537857437,0.4411764705882353,0.6122448979591837,750,1700,2.2666666666666666,600.9497344493866,916.4860468079677,1.525062736981967,0.8012663125991821,0.7187543414433797,0.8272149562835693,0.010413550856946528,0.0015113653594595303,0.0016489385155653645,2.5770767666313787,2.5770767666313787,60.0,110.0,50.0,150.0,100.0,455.0,270.0,0.0010076238185967787,0.0317430908796982,0.015695269826319847,0.4809822539219591,0.998756592002439,0.1657694167302456,0.015695269826319847,0.027591345086381572,60.0,50.0,40.0,-20.0,20.0,140.0,30.0,30.0,100.0,50.0,50.0,170.0,20.0,20.0,180.0,80.0,80.0,455.0,300.0,30.0,750,750000.0,0.8012663125991821,0.7187543414433797,-0.08251197115580244,0.08251197115580244,0.10297696266319567,large,2.5770767666313787
E09B-7,sample_001409,samples/sample_001409.npz,sample_001409_prediction.npz,0.0010161868995055556,0.0022540034260600805,0.7841049649451792,0.35,0.5185185185185185,224,640,2.857142857142857,206.4456329345703,390.68748119973344,1.8924473026927902,0.9216322898864746,0.8383533413122807,0.9299343824386597,0.010970300778957288,0.0009934531862024988,0.0005939608966099384,-0.10790565694293264,0.10790565694293264,20.0,90.0,70.0,40.0,80.0,480.0,290.0,0.0008548168655026253,0.029237251332890807,0.01010462298849161,0.744752422710808,0.9874535150590285,0.309467325504846,0.01010462298849161,0.027435623917874952,20.0,70.0,0.0,-20.0,20.0,120.0,30.0,30.0,120.0,50.0,50.0,230.0,190.0,190.0,270.0,190.0,190.0,475.0,375.0,85.14693182963201,224,224000.0,0.9216322898864746,0.8383533413122807,-0.08327894857419393,0.08327894857419393,0.09036027653116638,medium,-0.10790565694293264
E09B-7,sample_000992,samples/sample_000992.npz,sample_000992_prediction.npz,0.0006845166790299118,0.002772141247987747,0.959473591143755,0.7229394240317776,0.839193083573487,728,1007,1.3832417582417582,443.7051453590393,711.2908958764583,1.6030711009692997,0.6094850897789001,0.8024774236747851,0.9239488244056702,0.044110001732532544,0.0003605255667181279,0.00018899378890006383,-0.11962042522920768,0.11962042522920768,20.0,100.0,80.0,70.0,130.0,395.0,215.0,0.0014800572899783717,0.038471512707175574,0.014657013012272017,0.5411316958898602,0.997507030796752,0.2805420689750999,0.014657013012272017,0.03557006128103325,20.0,80.0,0.0,-20.0,20.0,120.0,20.0,20.0,120.0,40.0,40.0,90.0,20.0,20.0,290.0,160.0,160.0,395.0,285.0,70.0,728,728000.0,0.6094850897789001,0.8024774236747851,0.192992333895885,0.192992333895885,0.31664816273995455,large,-0.11962042522920768
E09B-7,sample_002128,samples/sample_002128.npz,sample_002128_prediction.npz,0.00041815254371613264,0.0017540263943374157,0.7664666048993791,0.2956989247311828,0.45643153526970953,220,744,3.381818181818182,101.6027420759201,264.9794608773054,2.6079951728006137,0.46183064579963684,0.512855059585788,0.6498158574104309,0.011350815908179528,0.00039363083894684213,0.0013132503639247891,-0.909005224902458,0.909005224902458,60.0,100.0,40.0,50.0,110.0,295.0,285.0,0.00032016539194892733,0.01789316606833255,0.008605902349628772,1.4353398394739467,0.966614501938476,0.09588811837932754,0.008605902349628772,0.01568769698514034,60.0,40.0,50.0,-10.0,10.0,120.0,20.0,20.0,70.0,30.0,30.0,110.0,60.0,60.0,260.0,150.0,150.0,295.0,350.0,65.0,220,220000.0,0.46183064579963684,0.512855059585788,0.05102441378615119,0.05102441378615119,0.11048295354632638,medium,-0.909005224902458
E09B-7,sample_001888,samples/sample_001888.npz,sample_001888_prediction.npz,0.0019132760353386402,0.0037087902892380953,0.7547060220124565,0.3387096774193548,0.5060240963855421,378,1116,2.9523809523809526,311.36883294582367,656.5339114378293,2.1085408749053003,0.8237270712852478,0.8138035605193445,0.913152813911438,0.003879526037987689,0.0019056863324830773,0.0005851306570818274,0.7186215015468065,0.7186215015468065,70.0,140.0,70.0,90.0,60.0,355.0,480.0,0.001043385593816283,0.03230147974654231,0.016401754790253464,1.065271569657754,0.9993762698605817,0.17704488437020238,0.016401754790253464,0.027827469047987115,70.0,70.0,50.0,-20.0,20.0,160.0,20.0,20.0,110.0,40.0,40.0,130.0,40.0,40.0,180.0,120.0,120.0,355.0,510.0,30.0,378,378000.0,0.8237270712852478,0.8138035605193445,-0.009923510765903254,0.009923510765903254,0.012047085875689097,medium,0.7186215015468065
E09B-7,sample_001536,samples/sample_001536.npz,sample_001536_prediction.npz,0.0009819221450015903,0.0030906165484339,0.7707631847174564,0.2616822429906542,0.4148148148148148,280,1070,3.8214285714285716,223.28286409378052,473.4333700105741,2.12033006622366,0.7974388003349304,0.7016921107258115,0.8119779825210571,0.013280025281888921,0.0009467932430907273,0.0017338859834774647,0.7098508947108186,0.7098508947108186,40.0,80.0,40.0,70.0,100.0,455.0,380.0,0.0009398242822027765,0.03065655365827634,0.01336030549300143,0.8712540584507643,0.9618949781219999,0.1773905351501307,0.01336030549300143,0.027592145971932887,40.0,40.0,20.0,-20.0,20.0,100.0,20.0,20.0,80.0,40.0,40.0,170.0,100.0,100.0,290.0,190.0,190.0,485.0,465.0,90.13878188659973,280,280000.0,0.7974388003349304,0.7016921107258115,-0.09574668960911892,0.09574668960911892,0.12006775889122095,medium,0.7098508947108186
E09B-7,sample_000503,samples/sample_000503.npz,sample_000503_prediction.npz,0.000994072062894702,0.0028064765501767397,0.5453635331828155,0.11029411764705882,0.1986754966887417,90,816,9.066666666666666,83.0135428905487,310.95160636153923,3.7457937046672156,0.9223726987838745,0.6559848361545139,0.7152261734008789,0.07209750628999735,0.0009289152206648414,0.005357506889279696,-1.216785157817057,1.216785157817057,70.0,90.0,20.0,90.0,50.0,415.0,505.0,0.0006400800826733091,0.02529980400464219,0.011157765552162954,2.4724886323232065,0.9444064319651064,0.13455113569983967,0.011157765552162954,0.022706482566797418,70.0,20.0,50.0,-20.0,20.0,110.0,20.0,20.0,60.0,40.0,40.0,150.0,60.0,60.0,180.0,130.0,130.0,405.0,550.0,46.09772228646444,90,90000.0,0.9223726987838745,0.6559848361545139,-0.26638786262936065,0.26638786262936065,0.28880718497044244,small,-1.216785157817057
E09B-7,sample_001208,samples/sample_001208.npz,sample_001208_prediction.npz,0.00034928147215396166,0.0013756259577348828,0.8503477093164773,0.40268456375838924,0.5741626794258373,180,447,2.4833333333333334,107.92141556739807,238.06043445005508,2.205868345948296,0.5995634198188782,0.6906559050083161,0.8588436841964722,0.018189654112775195,0.0003165548350169848,0.0006216266582306378,1.5964443229128236,1.5964443229128236,20.0,70.0,50.0,40.0,90.0,250.0,475.0,0.0003889350114818558,0.01972143533016438,0.007251057460482158,0.84804588318187,0.9820196056812097,0.148560242047255,0.007251057460482158,0.0183400429984949,20.0,50.0,20.0,0.0,0.0,90.0,20.0,20.0,70.0,20.0,20.0,80.0,40.0,40.0,230.0,140.0,140.0,260.0,525.0,50.99019513592785,180,180000.0,0.5995634198188782,0.6906559050083161,0.09109248518943791,0.09109248518943791,0.15193135901612542,small,1.5964443229128236
E09B-7,sample_000155,samples/sample_000155.npz,sample_000155_prediction.npz,0.0004643335996661335,0.00188661168795079,0.7511689325147278,0.3195739014647137,0.4843592330978809,240,751,3.129166666666667,82.30671644210815,265.26827003835797,3.2229237358161282,0.3429446518421173,0.4740853911886613,0.6229901909828186,0.026447261839162847,0.00040074345966358704,0.0017956517740539202,-0.8823045399328748,0.8823045399328748,70.0,110.0,40.0,60.0,100.0,340.0,440.0,0.0003342112818632449,0.01828144638323907,0.009116956581866611,2.013448164180542,0.9754232255027807,0.09356012618048257,0.009116956581866611,0.01584589487998718,70.0,40.0,60.0,-10.0,10.0,130.0,20.0,20.0,70.0,30.0,30.0,120.0,60.0,60.0,260.0,160.0,160.0,330.0,500.0,60.8276253029822,240,240000.0,0.3429446518421173,0.4740853911886613,0.13114073934654397,0.13114073934654397,0.38239622237036,medium,-0.8823045399328748
E09B-7,sample_000172,samples/sample_000172.npz,sample_000172_prediction.npz,0.0005134938401170075,0.0019157775677740574,0.6168717268300439,0.19328859060402684,0.32395950506186727,144,745,5.173611111111111,66.12655019760132,249.76294039911434,3.7770447672344214,0.45921215415000916,0.4646556019369099,0.7140014171600342,0.0022811243689806163,0.0005109008201405995,0.003659374586591308,1.9454764702856124,1.9454764702856124,60.0,80.0,20.0,90.0,80.0,445.0,390.0,0.0004330829600770572,0.020810645354651,0.00955748510722302,2.3052009012689503,0.9098230922801865,0.10372442943681423,0.00955748510722302,0.01848614179601215,60.0,20.0,50.0,-10.0,10.0,100.0,20.0,20.0,50.0,30.0,30.0,140.0,50.0,50.0,230.0,150.0,150.0,450.0,455.0,65.19202405202648,144,144000.0,0.45921215415000916,0.4646556019369099,0.005443447786900757,0.005443447786900757,0.011853884392446995,small,1.9454764702856124
E09B-7,sample_000676,samples/sample_000676.npz,sample_000676_prediction.npz,0.0003986871743109077,0.0016852077096700668,0.6697919718616038,0.2804005722460658,0.43798882681564244,196,699,3.566326530612245,93.86811804771423,227.4276146514092,2.4228419550907065,0.47891896963119507,0.3973054248003327,0.5112199783325195,0.009324623680304449,0.000380854954052062,0.0004366712588151143,-1.4706279939789368,1.4706279939789368,80.0,150.0,70.0,70.0,40.0,265.0,450.0,0.00013880493555530648,0.011781550643073537,0.006298784604144518,1.3927014569384157,0.9981832483445184,0.05920118442355843,0.006298784604144518,0.009956417431280111,80.0,70.0,70.0,-10.0,10.0,160.0,10.0,10.0,90.0,20.0,20.0,110.0,40.0,40.0,160.0,120.0,120.0,265.0,460.0,10.0,196,196000.0,0.47891896963119507,0.3973054248003327,-0.08161354483086236,0.08161354483086236,0.17041201122960561,medium,-1.4706279939789368
E09B-7,sample_000167,samples/sample_000167.npz,sample_000167_prediction.npz,0.0005746220704168081,0.00232356577180326,0.8258690729628574,0.3983402489626556,0.56973293768546,385,963,2.501298701298701,162.68452391028404,384.8772105722272,2.365788713771423,0.42255720496177673,0.5367126022840475,0.7207449674606323,0.023335965943161216,0.00048512849801715235,0.00045426838793652976,0.5312955192187445,0.5312955192187445,80.0,150.0,70.0,50.0,110.0,445.0,445.0,0.0003599600135711006,0.01897261219682468,0.010210960050115108,1.3200251741874771,0.9991535549011255,0.09415551158915436,0.010210960050115108,0.01599050682205082,80.0,70.0,60.0,-20.0,20.0,160.0,10.0,10.0,100.0,30.0,30.0,90.0,40.0,40.0,200.0,90.0,90.0,445.0,450.0,5.0,385,385000.0,0.42255720496177673,0.5367126022840475,0.11415539732227076,0.11415539732227076,0.2701537116911707,medium,0.5312955192187445
E09B-7,sample_000352,samples/sample_000352.npz,sample_000352_prediction.npz,0.0007948044221848249,0.00310832099057734,0.9047587943161647,0.5450791465932553,0.7055679287305122,792,1453,1.8345959595959596,481.7146625518799,744.8717448407776,1.5462924480953621,0.6082255840301514,0.6605997312287188,0.8430438041687012,0.01562903169047456,0.0006743196693091656,0.0004161203778187512,-2.455503999622138,2.455503999622138,40.0,120.0,80.0,90.0,110.0,345.0,285.0,0.001057622983672272,0.032521115965973124,0.014062223856657795,0.5440178290826988,0.9916813992228606,0.23320362243507464,0.014062223856657795,0.029323656727589693,40.0,80.0,20.0,-20.0,20.0,140.0,20.0,20.0,120.0,40.0,40.0,110.0,20.0,20.0,270.0,160.0,160.0,345.0,355.0,70.0,792,792000.0,0.6082255840301514,0.6605997312287188,0.05237414719856748,0.05237414719856748,0.08610974048729123,large,-2.455503999622138
E09B-7,sample_001467,samples/sample_001467.npz,sample_001467_prediction.npz,0.0014542416902258992,0.0038416197057813406,0.834650634455523,0.4357976653696498,0.6070460704607046,560,1285,2.294642857142857,347.71613597869873,706.8514465731731,2.0328405082025736,0.6209216713905334,0.7449416636356285,0.8957245349884033,0.028501404270371254,0.0012992817210278288,0.0003556127599962473,-1.2651271723079134,1.2651271723079134,70.0,150.0,80.0,50.0,140.0,355.0,200.0,0.001012250181572823,0.0318158793933599,0.017307335609181795,1.000234378540146,0.9957442115463022,0.15461119350861063,0.017307335609181795,0.026696559997197597,70.0,80.0,60.0,-10.0,10.0,160.0,10.0,10.0,100.0,20.0,20.0,100.0,50.0,50.0,260.0,120.0,120.0,350.0,240.0,40.311288741492746,560,560000.0,0.6209216713905334,0.7449416636356285,0.12401999224509508,0.12401999224509508,0.19973532566089444,medium,-1.2651271723079134
E09B-7,sample_002010,samples/sample_002010.npz,sample_002010_prediction.npz,0.0016878825845196843,0.004387790337204933,0.5670167682069799,0.1390728476821192,0.2441860465116279,168,1208,7.190476190476191,156.31246948242188,496.58782119580485,3.176891919372105,0.9304313659667969,0.6594135395827747,0.7315083742141724,0.07500315596910373,0.0015623734744851835,0.009019728325676052,2.6858032486719594,2.6858032486719594,80.0,100.0,20.0,60.0,140.0,170.0,470.0,0.0010873703311112543,0.03297529880245597,0.016159058250589966,1.9843459764129154,0.9861283568206402,0.16753436778075942,0.016159058250589966,0.02874465459116346,80.0,20.0,50.0,-30.0,30.0,140.0,40.0,40.0,90.0,70.0,70.0,130.0,70.0,70.0,250.0,110.0,110.0,155.0,515.0,47.43416490252569,168,168000.0,0.9304313659667969,0.6594135395827747,-0.27101782638402216,0.27101782638402216,0.291281911054677,small,2.6858032486719594
E09B-7,sample_002098,samples/sample_002098.npz,sample_002098_prediction.npz,0.0009743340197019279,0.004113640636205673,0.8892986894167706,0.4492512479201331,0.6199770378874856,810,1803,2.225925925925926,470.3172558546066,847.0777358622277,1.8010773054095475,0.580638587474823,0.6550777994188262,0.8098368048667908,0.01554846127005361,0.0008532491363211612,0.0007740919645778725,-1.0001651442166946,1.0001651442166946,40.0,100.0,60.0,150.0,90.0,325.0,305.0,0.0018567001008793456,0.04308944303282819,0.02038211127156012,0.6999575486482426,0.9880931553369632,0.2242035603513186,0.02038211127156012,0.037964057225131874,40.0,60.0,20.0,-20.0,20.0,130.0,30.0,30.0,110.0,50.0,50.0,190.0,40.0,40.0,270.0,180.0,180.0,315.0,385.0,80.62257748298549,810,810000.0,0.580638587474823,0.6550777994188262,0.07443921194400316,0.07443921194400316,0.12820231646631805,large,-1.0001651442166946
E09B-7,sample_001451,samples/sample_001451.npz,sample_001451_prediction.npz,0.00048549450002610683,0.0022141379304230213,0.7744699049644062,0.46002460024600245,0.6301600673967986,392,795,2.0280612244897958,94.30146908760071,291.9442869600102,3.0958614938311353,0.2405649721622467,0.38824052813139803,0.6852018237113953,0.05622511398019384,0.00026233557969637525,0.002828538394996126,-3.1279245783136957,3.1279245783136957,20.0,90.0,70.0,80.0,70.0,390.0,335.0,0.0007433794545279557,0.027264985870672217,0.011106280079524099,1.5796096587976096,0.9416574905465432,0.17630994453224735,0.011106280079524099,0.024900401549435337,20.0,70.0,20.0,0.0,0.0,90.0,0.0,0.0,70.0,0.0,0.0,200.0,120.0,120.0,260.0,190.0,190.0,420.0,420.0,90.13878188659973,392,392000.0,0.2405649721622467,0.38824052813139803,0.14767555596915133,0.14767555596915133,0.6138697360709396,medium,-3.1279245783136957
E09B-7,sample_000316,samples/sample_000316.npz,sample_000316_prediction.npz,0.00025595887564122677,0.0015428332844749093,0.573516557805123,0.14414414414414414,0.25196850393700787,80,555,6.9375,23.076975345611572,173.76907728769763,7.529976293914202,0.28846219182014465,0.38654171731323006,0.5295064449310303,0.01673071662065004,0.00024254076529187682,0.0025067353215482324,-1.712640244895276,1.712640244895276,20.0,60.0,40.0,50.0,40.0,475.0,350.0,0.0005217166720996832,0.02284111801334784,0.008605712372671447,3.9183621506737274,0.7261395582223011,0.1314825359289397,0.008605712372671447,0.02115793909289212,20.0,40.0,20.0,0.0,0.0,70.0,10.0,10.0,50.0,10.0,10.0,210.0,160.0,160.0,250.0,210.0,210.0,535.0,435.0,104.04326023342406,80,80000.0,0.28846219182014465,0.38654171731323006,0.0980795254930854,0.0980795254930854,0.34000825159866255,small,-1.712640244895276
E09B-7,sample_001723,samples/sample_001723.npz,sample_001723_prediction.npz,0.00031347296317107975,0.0016346379416063428,0.8750137741641719,0.4433497536945813,0.6143344709897611,360,812,2.2555555555555555,184.5861268043518,321.5440986230452,1.7419732684670237,0.5127392411231995,0.528824279208978,0.7090194225311279,0.008930812649038156,0.00028179932307673345,0.0007952703021284333,0.13493829395476808,0.13493829395476808,30.0,90.0,60.0,50.0,120.0,255.0,300.0,0.00033199252656972936,0.018220662078248677,0.007533486365588979,0.6155259336968507,0.9815736154602154,0.12572378923029098,0.007533486365588979,0.016590331815524797,30.0,60.0,20.0,-10.0,10.0,110.0,20.0,20.0,90.0,30.0,30.0,90.0,40.0,40.0,280.0,160.0,160.0,255.0,370.0,70.0,360,360000.0,0.5127392411231995,0.528824279208978,0.016085038085778547,0.016085038085778547,0.03137079590503525,medium,0.13493829395476808
E09B-7,sample_001111,samples/sample_001111.npz,sample_001111_prediction.npz,0.0008260586182586849,0.0025280758272856474,0.848959146393389,0.39609053497942387,0.5674281503316139,385,972,2.5246753246753246,306.5526646375656,503.2461634982883,1.6416303674713497,0.7962406873703003,0.7319136498810409,0.853731095790863,0.0084100628358729,0.000796239639240998,0.0011960375087345894,2.0350749337665235,2.0350749337665235,40.0,90.0,50.0,70.0,110.0,375.0,255.0,0.0006430346453386275,0.025358127796401442,0.010564802560547655,0.5631388968276165,0.998020227614965,0.1777465384780137,0.010564802560547655,0.02305253982092371,40.0,50.0,20.0,-20.0,20.0,120.0,30.0,30.0,100.0,50.0,50.0,100.0,30.0,30.0,260.0,150.0,150.0,370.0,320.0,65.19202405202648,385,385000.0,0.7962406873703003,0.7319136498810409,-0.06432703748925939,0.06432703748925939,0.08078843308260057,medium,2.0350749337665235
E09B-7,sample_000562,samples/sample_000562.npz,sample_000562_prediction.npz,0.0003707503492478281,0.0013999691000208259,0.7815373504936632,0.2553191489361702,0.4067796610169492,156,611,3.9166666666666665,97.30296850204468,225.12869781623866,2.3136878687468605,0.6237369775772095,0.6054482223131717,0.7090423703193665,0.002820326567629593,0.00036685690262436006,0.002262112370643346,1.6087471231421517,1.6087471231421517,50.0,80.0,30.0,40.0,130.0,490.0,495.0,0.00027480005236961625,0.016577094207659442,0.006529632276342734,1.1818749883734456,0.9912625219164589,0.11676484926988462,0.006529632276342734,0.015236927338061288,50.0,30.0,30.0,-20.0,20.0,100.0,20.0,20.0,70.0,40.0,40.0,80.0,40.0,40.0,220.0,90.0,90.0,490.0,530.0,35.0,156,156000.0,0.6237369775772095,0.6054482223131717,-0.018288755264037726,0.018288755264037726,0.02932126188041152,small,1.6087471231421517
E09B-7,sample_002168,samples/sample_002168.npz,sample_002168_prediction.npz,0.0005381167284213006,0.002520910697057843,0.5780265460541734,0.1070559610705596,0.1934065934065934,88,822,9.340909090909092,75.48128128051758,256.5845447505312,3.3993135834163177,0.8577418327331543,0.47869431058114226,0.5576055645942688,0.14516222037513388,0.00040853580530327623,0.005522599614350497,0.21848532267548393,0.21848532267548393,30.0,50.0,20.0,110.0,40.0,415.0,420.0,0.0005921863170294105,0.024334878611355564,0.010232956296382437,1.4759985810189447,0.8964693730238449,0.13381115280117084,0.010232956296382437,0.022078788971901006,30.0,20.0,20.0,-10.0,10.0,70.0,20.0,20.0,50.0,30.0,30.0,300.0,190.0,190.0,280.0,240.0,240.0,490.0,500.0,109.65856099730654,88,88000.0,0.8577418327331543,0.47869431058114226,-0.37904752215201204,0.37904752215201204,0.4419132980190494,small,0.21848532267548393
E09B-7,sample_001196,samples/sample_001196.npz,sample_001196_prediction.npz,0.0006092287949286401,0.0017129802145063877,0.6569414248645423,0.19955654101995565,0.33271719038817005,90,451,5.011111111111111,88.26255083084106,197.1902940172794,2.234133187417198,0.9806950092315674,0.6503335217634837,0.7220325469970703,0.11253072906173038,0.0005066677846329135,0.003540491645409033,-1.0593083316321241,1.0593083316321241,50.0,80.0,30.0,60.0,50.0,110.0,525.0,0.00027067531427428466,0.016452213050963223,0.005524236460922994,1.2127144221935908,0.9955845150154371,0.1421499462984842,0.005524236460922994,0.01549703603267714,50.0,30.0,30.0,-20.0,20.0,100.0,20.0,20.0,70.0,40.0,40.0,90.0,30.0,30.0,150.0,100.0,100.0,105.0,565.0,40.311288741492746,90,90000.0,0.9806950092315674,0.6503335217634837,-0.3303614874680837,0.3303614874680837,0.3368646565530516,small,-1.0593083316321241
E09B-7,sample_001899,samples/sample_001899.npz,sample_001899_prediction.npz,0.00031797654810361564,0.002039319835603237,0.7985464807442941,0.3921901528013582,0.5634146341463414,462,1178,2.54978354978355,150.69104826450348,338.4793698279369,2.246181002296926,0.3261711001396179,0.3449898889828554,0.4540998339653015,0.003121208463569992,0.0003047399670536146,0.0029906901472651834,2.665198943781405,2.665198943781405,80.0,110.0,30.0,110.0,140.0,165.0,350.0,0.0003052587875137264,0.017471656690586798,0.009124820997449724,1.168604637042153,0.9958844543010483,0.08698114072847071,0.009124820997449724,0.014899544599692536,80.0,30.0,60.0,-20.0,20.0,140.0,30.0,30.0,80.0,50.0,50.0,140.0,30.0,30.0,220.0,80.0,80.0,170.0,380.0,30.4138126514911,462,462000.0,0.3261711001396179,0.3449898889828554,0.018818788843237455,0.018818788843237455,0.057696064535398904,medium,2.665198943781405
E09B-7,sample_000775,samples/sample_000775.npz,sample_000775_prediction.npz,0.0009663815726526082,0.003062450559809804,0.7836135664210764,0.5702247191011236,0.7262969588550984,640,1037,1.6203125,211.01202011108398,452.0868849594976,2.142469821015426,0.3297062814235687,0.45982782603095984,0.7386854887008667,0.062701301400675,0.000561827776888692,0.0017305466949189535,-3.1970340072830083,3.1970340072830083,60.0,140.0,80.0,160.0,50.0,440.0,325.0,0.0005555894076917368,0.023570944140864126,0.0120238105860585,1.1305463974667358,0.998375990990272,0.11933195044012435,0.0120238105860585,0.020273563739074695,60.0,80.0,60.0,0.0,0.0,140.0,0.0,0.0,80.0,0.0,0.0,180.0,20.0,20.0,170.0,120.0,120.0,440.0,365.0,40.0,640,640000.0,0.3297062814235687,0.45982782603095984,0.13012154460739112,0.13012154460739112,0.394658979639596,large,-3.1970340072830083
E09B-7,sample_001971,samples/sample_001971.npz,sample_001971_prediction.npz,0.0016258131945505738,0.004419821780174971,0.576911945207343,0.1353637901861252,0.23845007451564829,160,1182,7.3875,147.76297569274902,506.4882240160696,3.4277072564458635,0.9235185980796814,0.6867657095193863,0.7680173516273499,0.05738046750458934,0.0015349187817523952,0.004614642803242217,1.7380855951646694,1.7380855951646694,50.0,70.0,20.0,160.0,50.0,240.0,195.0,0.0017556281567046013,0.04190021666655915,0.019558809865817466,1.930898875911213,0.8937926346125168,0.1895571926476265,0.019558809865817466,0.03705510913946149,50.0,20.0,30.0,-20.0,20.0,100.0,30.0,30.0,70.0,50.0,50.0,200.0,40.0,40.0,240.0,190.0,190.0,250.0,280.0,85.58621384311844,160,160000.0,0.9235185980796814,0.6867657095193863,-0.23675288856029508,0.23675288856029508,0.25635963266206796,small,1.7380855951646694
E09B-7,sample_002064,samples/sample_002064.npz,sample_002064_prediction.npz,0.0015911408700048923,0.00476145138964057,0.8081132459616074,0.4014636696288552,0.5729205520328235,768,1913,2.4908854166666665,498.9137878417969,891.4710507610641,1.7868238410836328,0.6496273279190063,0.6210703242492551,0.7802810668945312,0.010514254294763237,0.0015208800038471765,0.0026965976427765857,2.5514474760900328,2.5514474760900328,80.0,120.0,40.0,160.0,120.0,170.0,440.0,0.001252690039133647,0.03539336151220518,0.018403229968470772,0.7598860455752187,0.9980974408753457,0.17620295706085226,0.018403229968470772,0.030232617582029286,80.0,40.0,50.0,-30.0,30.0,160.0,40.0,40.0,110.0,70.0,70.0,200.0,40.0,40.0,220.0,100.0,100.0,170.0,480.0,40.0,768,768000.0,0.6496273279190063,0.6210703242492551,-0.028557003669751224,0.028557003669751224,0.043959055357522814,large,2.5514474760900328
E09B-7,sample_001548,samples/sample_001548.npz,sample_001548_prediction.npz,0.0008965397137217224,0.0028292920906096697,0.838599208840768,0.35515695067264574,0.5241561879549967,396,1115,2.8156565656565657,281.8826107978821,545.9837133622283,1.9369187471933638,0.7118247747421265,0.7271455037172394,0.8326034545898438,0.0037414588092249883,0.0008850330421260553,0.0017727998982003774,-0.970164021187216,0.970164021187216,50.0,90.0,40.0,90.0,110.0,455.0,335.0,0.001148183736115054,0.033884859983701485,0.014095495474820306,0.8950416616264344,0.995235036831925,0.23123515674774398,0.014095495474820306,0.030813969939531876,50.0,40.0,30.0,-20.0,20.0,120.0,30.0,30.0,90.0,50.0,50.0,140.0,50.0,50.0,270.0,160.0,160.0,460.0,405.0,70.178344238091,396,396000.0,0.7118247747421265,0.7271455037172394,0.01532072897511294,0.01532072897511294,0.02152317468953395,medium,-0.970164021187216
E09B-7,sample_000381,samples/sample_000381.npz,sample_000381_prediction.npz,0.0007038833573460579,0.0030911059584468603,0.7765392797206851,0.44742729306487694,0.6182380216383307,600,1341,2.235,171.90202474594116,474.5281495357491,2.7604570117022624,0.2865033745765686,0.3973912525177002,0.6289029121398926,0.018482654061620852,0.0005947039902120184,0.0014843093023063445,2.6273409932409706,2.6273409932409706,30.0,70.0,40.0,100.0,150.0,440.0,425.0,0.0013681054405361743,0.03698790938315079,0.016255371267048388,1.3186977241758762,0.9225941424604195,0.18065805142575955,0.016255371267048388,0.03322451422529142,30.0,40.0,20.0,-10.0,10.0,90.0,20.0,20.0,70.0,30.0,30.0,270.0,170.0,170.0,300.0,150.0,150.0,505.0,490.0,91.92388155425118,600,600000.0,0.2865033745765686,0.3973912525177002,0.11088787794113159,0.11088787794113159,0.3870386451992613,medium,2.6273409932409706
E09B-7,sample_000114,samples/sample_000114.npz,sample_000114_prediction.npz,0.0017097106901928782,0.005746359471231699,0.6920843444092726,0.23369036027263876,0.3788476716653512,480,2054,4.279166666666667,322.79139518737793,778.3039330690847,2.411166916693319,0.6724820733070374,0.558756470742325,0.6979485154151917,0.015417940281567849,0.00164244750061556,0.00839669400790771,4.172593934438936,4.172593934438936,80.0,100.0,20.0,150.0,160.0,485.0,350.0,0.0016442309370324076,0.04054911758635948,0.022023238537154457,1.265563433260054,0.9964666214747534,0.1782050725083159,0.022023238537154457,0.0340471423377646,80.0,20.0,50.0,-30.0,30.0,160.0,60.0,60.0,110.0,90.0,90.0,230.0,80.0,80.0,290.0,130.0,130.0,485.0,395.0,45.0,480,480000.0,0.6724820733070374,0.558756470742325,-0.11372560256471231,0.11372560256471231,0.1691132107142256,medium,4.172593934438936
E09B-7,sample_000761,samples/sample_000761.npz,sample_000761_prediction.npz,0.001217566430568695,0.0027721847873181105,0.7314755681589451,0.2776203966005666,0.43458980044345896,196,706,3.6020408163265305,195.83123445510864,396.62461798196296,2.0253389051320267,0.9991389513015747,0.8161709235638989,0.9081693887710571,0.03717461073543698,0.0011457314842103728,0.0005898622081965079,1.9546827024872044,1.9546827024872044,50.0,120.0,70.0,70.0,40.0,155.0,200.0,0.00047890062108533983,0.021883798141212597,0.009960845610397293,0.9097869526844099,0.994680537492272,0.13914755153658787,0.009960845610397293,0.01948543496592182,50.0,70.0,40.0,-10.0,10.0,150.0,30.0,30.0,110.0,40.0,40.0,100.0,30.0,30.0,210.0,170.0,170.0,150.0,265.0,65.19202405202648,196,196000.0,0.9991389513015747,0.8161709235638989,-0.18296802773767584,0.18296802773767584,0.18312570789010282,medium,1.9546827024872044
E09B-7,sample_001580,samples/sample_001580.npz,sample_001580_prediction.npz,0.0013234055368229747,0.0030886295717209578,0.827099481699262,0.4485981308411215,0.6193548387096774,480,1070,2.2291666666666665,401.34976387023926,630.0072400575511,1.5697212176789503,0.8361453413963318,0.7603709333886702,0.8847644329071045,0.010640178811219496,0.0012776902576950454,0.000425611815493032,-1.966930042685732,1.966930042685732,40.0,120.0,80.0,120.0,50.0,500.0,525.0,0.0008975601044401732,0.0299593074759777,0.01136212884195343,0.5919907389519435,0.9996065213887433,0.21935739200748305,0.01136212884195343,0.027721149554429073,40.0,80.0,20.0,-20.0,20.0,140.0,20.0,20.0,120.0,40.0,40.0,150.0,30.0,30.0,160.0,110.0,110.0,495.0,560.0,35.35533905932738,480,480000.0,0.8361453413963318,0.7603709333886702,-0.07577440800766155,0.07577440800766155,0.09062348883164391,medium,-1.966930042685732
E09B-7,sample_001591,samples/sample_001591.npz,sample_001591_prediction.npz,0.0009131396654993296,0.003966761287301779,0.9093266584282511,0.723404255319149,0.8395061728395061,1320,1758,1.3318181818181818,381.7951512336731,726.8589851376731,1.9037931277781155,0.28923875093460083,0.4508815127862335,0.7092930674552917,0.0500434838700335,0.0002444514873453744,0.00057530793480043,-2.6725997166442,2.6725997166442,70.0,150.0,80.0,110.0,150.0,395.0,325.0,0.000978851565198188,0.031286603605987465,0.016891739667114394,0.922636908970812,0.998523990734411,0.15586226284108884,0.016891739667114394,0.026334781111993732,70.0,80.0,60.0,-10.0,10.0,160.0,10.0,10.0,100.0,20.0,20.0,140.0,30.0,30.0,230.0,80.0,80.0,400.0,355.0,30.4138126514911,1320,1320000.0,0.28923875093460083,0.4508815127862335,0.16164276185163268,0.16164276185163268,0.5588558287204793,large,-2.6725997166442
E09B-7,sample_000709,samples/sample_000709.npz,sample_000709_prediction.npz,0.0016243670834228396,0.003922404255717993,0.6199766531836858,0.17307692307692307,0.29508196721311475,180,1040,5.777777777777778,170.6106162071228,475.69166079779285,2.7881715181211173,0.9478367567062378,0.7242061807049646,0.7961267828941345,0.05229820137842841,0.0015314102972155354,0.0038007647192680686,2.150347883425823,2.150347883425823,80.0,110.0,30.0,120.0,50.0,480.0,315.0,0.0008660067997053718,0.029427993470594827,0.014813941101744785,1.667835323947466,0.9960115458975412,0.15412428217213398,0.014813941101744785,0.025427425129953846,80.0,30.0,60.0,-20.0,20.0,140.0,30.0,30.0,80.0,50.0,50.0,160.0,40.0,40.0,190.0,140.0,140.0,480.0,355.0,40.0,180,180000.0,0.9478367567062378,0.7242061807049646,-0.22363057600127323,0.22363057600127323,0.23593785999436911,small,2.150347883425823
E09B-7,sample_000703,samples/sample_000703.npz,sample_000703_prediction.npz,0.000493480998557061,0.0023760090116411448,0.8603841767200449,0.5128205128205128,0.6779661016949152,520,1014,1.95,243.65123629570007,428.5569805351612,1.7588951611764274,0.4685600697994232,0.5119650666816876,0.7483766674995422,0.024358416224248013,0.00036657102095606956,0.0007937425832454775,-5.240686488866146,5.240686488866146,30.0,110.0,80.0,130.0,50.0,465.0,415.0,0.0005774964923636711,0.02403115670049345,0.01000310105268088,0.6948531742615517,0.9875382973267897,0.14495165132245785,0.01000310105268088,0.021850273721249487,30.0,80.0,20.0,-10.0,10.0,120.0,10.0,10.0,100.0,20.0,20.0,160.0,30.0,30.0,210.0,160.0,160.0,460.0,485.0,70.178344238091,520,520000.0,0.4685600697994232,0.5119650666816876,0.0434049968822644,0.0434049968822644,0.09263486088527519,medium,-5.240686488866146
E09B-7,sample_001400,samples/sample_001400.npz,sample_001400_prediction.npz,0.00043276508222334087,0.0024969622027128935,0.7351898265528534,0.275626423690205,0.43214285714285716,242,878,3.628099173553719,134.1245481967926,322.60966977563726,2.405299209674072,0.5542336702346802,0.4365141299391581,0.5205333232879639,0.015283075842170509,0.00039611710286955714,0.005277506108998241,3.257611366314471,3.257611366314471,30.0,50.0,20.0,110.0,110.0,425.0,365.0,0.0005703658076177022,0.023882332541393485,0.010599597273610676,0.9122107910842713,0.9569618005806473,0.11511635369476253,0.010599597273610676,0.021401269711280386,30.0,20.0,20.0,-10.0,10.0,70.0,20.0,20.0,50.0,30.0,30.0,270.0,160.0,160.0,260.0,150.0,150.0,495.0,430.0,95.524865872714,242,242000.0,0.5542336702346802,0.4365141299391581,-0.11771954029552206,0.11771954029552206,0.21240055705326574,medium,3.257611366314471
E09B-7,sample_001887,samples/sample_001887.npz,sample_001887_prediction.npz,0.0004409824905451387,0.002168544800952077,0.8984010306351464,0.43360433604336046,0.6049149338374291,320,738,2.30625,185.7793426513672,391.21047671414277,2.105780282839556,0.5805604457855225,0.7072095733135939,0.8737038373947144,0.028127396142173806,0.000350563131836599,0.0007238475559327041,2.0561102447038664,2.0561102447038664,20.0,70.0,50.0,40.0,160.0,380.0,240.0,0.0007916497473806544,0.028136271028347988,0.011575858153893876,0.7968756280745305,0.9815212987274765,0.20364302352720037,0.011575858153893876,0.025644673041034915,20.0,50.0,0.0,-20.0,20.0,100.0,30.0,30.0,100.0,50.0,50.0,240.0,200.0,200.0,350.0,190.0,190.0,450.0,325.0,110.11357772772621,320,320000.0,0.5805604457855225,0.7072095733135939,0.12664912752807145,0.12664912752807145,0.2181497696707703,medium,2.0561102447038664
E09B-7,sample_001331,samples/sample_001331.npz,sample_001331_prediction.npz,0.0006630641873925924,0.0028450710233300924,0.3099436488054697,0.09628217349857007,0.17565217391304347,110,1040,9.454545454545455,28.615364134311676,301.2660383921975,10.528121780248814,0.26013967394828796,0.252388004145839,0.5882060527801514,0.005409597550213682,0.0006577469676048438,0.00048611098815585016,1.5508192190609371,1.5508192190609371,20.0,40.0,20.0,50.0,110.0,375.0,195.0,0.0014185487211395152,0.037663625969090064,0.015954447809744816,4.989605669256379,0.410546062565201,0.21943252709894265,0.015954447809744816,0.03411750747381238,20.0,20.0,20.0,0.0,0.0,60.0,20.0,20.0,40.0,20.0,20.0,290.0,240.0,240.0,350.0,240.0,240.0,485.0,265.0,130.38404810405297,110,110000.0,0.26013967394828796,0.252388004145839,-0.007751669802448957,0.007751669802448957,0.029798106858509702,small,1.5508192190609371
E09B-7,sample_001596,samples/sample_001596.npz,sample_001596_prediction.npz,0.0016003362834453583,0.00436799181625247,0.67534058211884,0.1990521327014218,0.33201581027667987,252,1266,5.023809523809524,230.43040251731873,550.1569297442063,2.387518850525193,0.9144063591957092,0.6968180172973208,0.7720730304718018,0.04896183777411066,0.0014786143627158934,0.008118778695330063,1.4250754551615898,1.4250754551615898,80.0,100.0,20.0,140.0,90.0,390.0,355.0,0.0009790819841161598,0.03129028577875504,0.016139983763177695,1.2936592687476791,0.9944812183645662,0.15597934405709318,0.016139983763177695,0.026806396778390792,80.0,20.0,60.0,-20.0,20.0,140.0,40.0,40.0,80.0,60.0,60.0,180.0,40.0,40.0,220.0,130.0,130.0,390.0,410.0,55.0,252,252000.0,0.9144063591957092,0.6968180172973208,-0.21758834189838838,0.21758834189838838,0.2379558493991381,medium,1.4250754551615898
E09B-7,sample_002009,samples/sample_002009.npz,sample_002009_prediction.npz,0.0003443211317062378,0.0022093350999057293,0.799925581220713,0.4620015048908954,0.6320123520329387,616,1327,2.154220779220779,175.44790244102478,373.5272125085942,2.1289921812211574,0.28481802344322205,0.3116689904701787,0.46824461221694946,0.004740849973156596,0.0003165975411966623,0.0017468385580921037,3.5213555929041718,3.5213555929041718,80.0,120.0,40.0,140.0,110.0,360.0,135.0,0.0002998838242637489,0.01731715404631341,0.009287629052171035,1.0379867050177407,0.9975249004241844,0.07906071123609232,0.009287629052171035,0.014615873933946526,80.0,40.0,70.0,-10.0,10.0,150.0,30.0,30.0,80.0,40.0,40.0,170.0,30.0,30.0,210.0,100.0,100.0,365.0,155.0,20.615528128088304,616,616000.0,0.28481802344322205,0.3116689904701787,0.026850967026956662,0.026850967026956662,0.0942741147570296,large,3.5213555929041718
E09B-7,sample_002116,samples/sample_002116.npz,sample_002116_prediction.npz,0.0021225058007985353,0.00489040045067668,0.8384891502761936,0.4397905759162304,0.610909090909091,672,1528,2.2738095238095237,638.236249923706,979.3177511650847,1.534412611759597,0.9497563242912292,0.8458393313700244,0.9397073984146118,0.013484218615899012,0.0020443034125670373,0.0009624794269274539,2.012493152146604,2.012493152146604,40.0,110.0,70.0,60.0,160.0,190.0,340.0,0.0016325151420928145,0.04040439508386203,0.0175478342549651,0.5011157397186696,0.9946607611516105,0.2968588881468266,0.0175478342549651,0.03639489875041677,40.0,70.0,0.0,-40.0,40.0,150.0,40.0,40.0,150.0,80.0,80.0,120.0,60.0,60.0,340.0,180.0,180.0,210.0,420.0,82.46211251235322,672,672000.0,0.9497563242912292,0.8458393313700244,-0.10391699292120482,0.10391699292120482,0.10941437320646907,large,2.012493152146604
E09B-7,sample_000238,samples/sample_000238.npz,sample_000238_prediction.npz,0.0025395683478564024,0.006544657051563263,0.9003237600553681,0.5628140703517588,0.7202572347266881,1344,2388,1.7767857142857142,988.6517601013184,1620.8842131605224,1.6394895337003315,0.7356039881706238,0.8600728009893958,0.949637234210968,0.020286511099380542,0.0022935712424003627,0.0006731397109022825,1.161565037267195,1.161565037267195,50.0,120.0,70.0,160.0,120.0,350.0,150.0,0.004309620357624618,0.06564769879915532,0.03162394989423826,0.6112214051900555,0.9991486734489251,0.318702130954716,0.03162394989423826,0.057528655040000085,50.0,70.0,20.0,-30.0,30.0,150.0,30.0,30.0,130.0,60.0,60.0,180.0,20.0,20.0,250.0,130.0,130.0,350.0,205.0,55.0,1344,1344000.0,0.7356039881706238,0.8600728009893958,0.12446881281877198,0.12446881281877198,0.16920627786197015,large,1.161565037267195
E09B-7,sample_000737,samples/sample_000737.npz,sample_000737_prediction.npz,0.00041072943713515997,0.0018494953401386738,0.7949284089621983,0.32,0.48484848484848486,240,750,3.125,93.02326440811157,273.2102265917972,2.9370096645197226,0.3875969350337982,0.5124552400161823,0.7264438271522522,0.022174210765997657,0.00035746593380409986,0.002089685954805616,2.7695267464914295,2.7695267464914295,40.0,70.0,30.0,50.0,160.0,375.0,160.0,0.0004922100639731413,0.022185807715139453,0.009862470163582495,1.5110312454358292,0.9501381629865059,0.12934585881979802,0.009862470163582495,0.019873141328073586,40.0,30.0,30.0,-10.0,10.0,90.0,20.0,20.0,60.0,30.0,30.0,220.0,170.0,170.0,310.0,150.0,150.0,450.0,235.0,106.06601717798213,240,240000.0,0.3875969350337982,0.5124552400161823,0.12485830498238404,0.12485830498238404,0.32213439709345604,medium,2.7695267464914295
E09B-7,sample_000271,samples/sample_000271.npz,sample_000271_prediction.npz,0.0012986701913177967,0.004199147690087557,0.7398174608904551,0.2659225213394616,0.42012448132780084,405,1523,3.7604938271604937,286.7427536845207,619.5545808244331,2.160663426933807,0.7080067992210388,0.6093097940639213,0.7219855189323425,0.012113775500763308,0.001253929065350413,0.00415978622578849,2.409159093093848,2.409159093093848,80.0,110.0,30.0,90.0,150.0,365.0,435.0,0.0009244733989717392,0.030405154151422076,0.01620853441736544,1.0636691248829213,0.9962617654093813,0.14537096216786827,0.01620853441736544,0.0257246343222371,80.0,30.0,60.0,-20.0,20.0,150.0,40.0,40.0,90.0,60.0,60.0,160.0,70.0,70.0,280.0,130.0,130.0,350.0,480.0,47.43416490252569,405,405000.0,0.7080067992210388,0.6093097940639213,-0.09869700515711755,0.09869700515711755,0.13940121092863186,medium,2.409159093093848
E09B-7,sample_001280,samples/sample_001280.npz,sample_001280_prediction.npz,0.0001991323078982532,0.001409947988577187,0.6308445300535337,0.3409090909090909,0.5084745762711864,210,616,2.933333333333333,63.227905333042145,176.92037429633132,2.798137521153573,0.3010852634906769,0.2444198547019845,0.4950588643550873,0.0053913707088890156,0.00018801675326416862,0.002130487520656752,3.5953957802783663,3.5953957802783663,20.0,40.0,20.0,70.0,150.0,415.0,485.0,0.0002622155129734431,0.016193069905778925,0.0063919136064548064,1.1068130912465624,0.8332952654882613,0.11213193822087551,0.0063919136064548064,0.014878136759052224,20.0,20.0,20.0,0.0,0.0,60.0,20.0,20.0,40.0,20.0,20.0,270.0,200.0,200.0,260.0,110.0,110.0,505.0,510.0,93.40770846134703,210,210000.0,0.3010852634906769,0.2444198547019845,-0.05666540878869239,0.05666540878869239,0.18820386003530537,medium,3.5953957802783663
E09B-7,sample_000473,samples/sample_000473.npz,sample_000473_prediction.npz,0.0008678890881128609,0.003871525637805462,0.8843207273345333,0.4830917874396135,0.6514657980456026,900,1863,2.07,463.0685806274414,819.1793654028974,1.7690238545075516,0.5145206451416016,0.5744660768740707,0.7608434557914734,0.010313885466410953,0.0007806093267616307,0.0013859263206818632,2.780656461373951,2.780656461373951,50.0,90.0,40.0,150.0,150.0,445.0,245.0,0.00141672917638516,0.03763946301935191,0.01855666274011587,0.6678415347266736,0.9946207709245102,0.20446946279710898,0.01855666274011587,0.032747205137763365,50.0,40.0,30.0,-20.0,20.0,140.0,50.0,50.0,110.0,70.0,70.0,180.0,30.0,30.0,320.0,170.0,170.0,440.0,320.0,75.16648189186454,900,900000.0,0.5145206451416016,0.5744660768740707,0.059945431732469134,0.059945431732469134,0.11650733998432952,large,2.780656461373951
E09B-7,sample_001502,samples/sample_001502.npz,sample_001502_prediction.npz,0.0007332626264542341,0.0024625251535326242,0.6897739695279005,0.3013205282112845,0.46309963099630996,252,832,3.3015873015873014,71.70944917201996,310.5513360748956,4.3306891861619325,0.28456130623817444,0.476671380094356,0.642741858959198,0.053153468971759425,0.0005985392522193133,0.0012183547165887162,-2.8287487815812966,2.8287487815812966,70.0,140.0,70.0,60.0,60.0,160.0,450.0,0.000521486239004432,0.022836073195810876,0.011286035982603297,3.2307410922727446,0.9902339113879493,0.12314518656509643,0.011286035982603297,0.01985224498145778,70.0,70.0,60.0,-10.0,10.0,150.0,10.0,10.0,90.0,20.0,20.0,120.0,60.0,60.0,200.0,140.0,140.0,160.0,490.0,40.0,252,252000.0,0.28456130623817444,0.476671380094356,0.19211007385618156,0.19211007385618156,0.6751096148518088,medium,-2.8287487815812966
E09B-7,sample_000960,samples/sample_000960.npz,sample_000960_prediction.npz,0.0006804559379816055,0.002896909834817052,0.7508899905179078,0.29191616766467066,0.4519119351100811,390,1336,3.4256410256410255,203.0231523513794,443.13316286557404,2.1826730485330446,0.5205721855163574,0.46821488180221654,0.6044333577156067,0.006828992403884997,0.0006559657896440374,0.004912806465721985,2.8725068124543327,2.8725068124543327,70.0,90.0,20.0,130.0,150.0,165.0,265.0,0.0005253556472742886,0.02292063802066357,0.01209489148461636,1.0133280111954297,0.9879085126780132,0.09972563668916143,0.01209489148461636,0.01946970074884674,70.0,20.0,50.0,-20.0,20.0,130.0,40.0,40.0,80.0,60.0,60.0,160.0,30.0,30.0,280.0,130.0,130.0,160.0,320.0,55.226805085936306,390,390000.0,0.5205721855163574,0.46821488180221654,-0.05235730371414088,0.05235730371414088,0.10057645254751266,medium,2.8725068124543327
E09B-7,sample_001604,samples/sample_001604.npz,sample_001604_prediction.npz,0.0015054793329909444,0.0033594751730561256,0.7757803906198664,0.3470715835140998,0.5152979066022544,320,922,2.88125,209.39214706420898,532.861743452261,2.5448029017480858,0.6543504595756531,0.8144842533394694,0.929870069026947,0.03668907418358785,0.0013905753918373787,0.00041766765140494066,0.9817180162333159,0.9817180162333159,70.0,150.0,80.0,50.0,80.0,265.0,500.0,0.0008416389203785967,0.029011013777160505,0.014934102014052274,1.4696393652380446,0.9989572239827708,0.1551282050412185,0.014934102014052274,0.024871902167153934,70.0,80.0,50.0,-20.0,20.0,160.0,10.0,10.0,110.0,30.0,30.0,100.0,50.0,50.0,180.0,100.0,100.0,260.0,520.0,20.615528128088304,320,320000.0,0.6543504595756531,0.8144842533394694,0.1601337937638163,0.1601337937638163,0.2447217563928407,medium,0.9817180162333159
E09B-7,sample_001049,samples/sample_001049.npz,sample_001049_prediction.npz,0.000347953726304695,0.00182109244633466,0.8631883189091651,0.6670341786108048,0.8002645502645502,630,882,1.4,164.42838996648788,309.6818080133897,1.8833840559802713,0.2609974443912506,0.36120516514139517,0.6127894520759583,0.033583806823712856,0.00013358152346193913,0.001729464594535592,-1.9882783369771602,1.9882783369771602,50.0,110.0,60.0,70.0,150.0,215.0,405.0,0.000252273625587334,0.015883123924069032,0.007501040702866702,0.8132490720271841,0.9849706168096892,0.08394792601553108,0.007501040702866702,0.014000286209976958,50.0,60.0,50.0,0.0,0.0,120.0,10.0,10.0,70.0,10.0,10.0,110.0,40.0,40.0,290.0,140.0,140.0,215.0,465.0,60.0,630,630000.0,0.2609974443912506,0.36120516514139517,0.10020772075014456,0.10020772075014456,0.3839413867973636,large,-1.9882783369771602
E09B-7,sample_001954,samples/sample_001954.npz,sample_001954_prediction.npz,0.00044503703247755766,0.0019844796042889357,0.6198350663022056,0.17789072426937738,0.30204962243797195,140,787,5.621428571428571,69.94698226451874,247.9518161437365,3.5448536608206522,0.49962130188941956,0.4393831542560032,0.5384770035743713,0.0046257708571277485,0.0004390745176553816,0.005401134792947568,3.7857872550856655,3.7857872550856655,80.0,100.0,20.0,100.0,70.0,400.0,495.0,0.00029907685145469647,0.017293838540205483,0.008545776206913547,2.271279294748554,0.9914804737710425,0.08828560778178718,0.008545776206913547,0.015034844877019744,80.0,20.0,60.0,-20.0,20.0,130.0,30.0,30.0,70.0,50.0,50.0,160.0,60.0,60.0,190.0,120.0,120.0,400.0,535.0,40.0,140,140000.0,0.49962130188941956,0.4393831542560032,-0.06023814763341634,0.06023814763341634,0.12056761272110203,small,3.7857872550856655
E09B-7,sample_001051,samples/sample_001051.npz,sample_001051_prediction.npz,0.000666271720547229,0.002220054855570197,0.7995959238963881,0.30275229357798167,0.4647887323943662,264,872,3.303030303030303,169.32887077331543,374.99079847467254,2.2145709515578216,0.64139723777771,0.6634035379146085,0.7703225016593933,0.006497540320034279,0.0006505694257490892,0.001524095176551338,0.06444679405052511,0.06444679405052511,40.0,80.0,40.0,110.0,60.0,165.0,520.0,0.0008153598028431487,0.02855450582383013,0.010642422024306939,1.0738209533114251,0.9840074617812185,0.194995537135498,0.010642422024306939,0.026497144304616964,40.0,40.0,20.0,-20.0,20.0,100.0,20.0,20.0,80.0,40.0,40.0,150.0,40.0,40.0,160.0,100.0,100.0,165.0,560.0,40.0,264,264000.0,0.64139723777771,0.6634035379146085,0.022006300136898527,0.022006300136898527,0.0343099390529731,medium,0.06444679405052511
E09B-7,sample_000519,samples/sample_000519.npz,sample_000519_prediction.npz,0.0010104650864377618,0.004288555588573217,0.9138497338035577,0.6021955044432828,0.7517128874388255,1152,1913,1.6605902777777777,485.49850845336914,884.4887523508927,1.8218155915011334,0.42143967747688293,0.571580261651737,0.7625080347061157,0.03721201047057243,0.0005811976575990296,0.0006193405385680298,0.3371639831575095,0.3371639831575095,70.0,130.0,60.0,160.0,120.0,190.0,260.0,0.0013471591351601059,0.03670366650840357,0.019476302448689583,0.8020478139937129,0.9984932143582058,0.17893925807028094,0.019476302448689583,0.031110010898218507,70.0,60.0,50.0,-20.0,20.0,150.0,20.0,20.0,100.0,40.0,40.0,190.0,30.0,30.0,200.0,80.0,80.0,195.0,280.0,20.615528128088304,1152,1152000.0,0.42143967747688293,0.571580261651737,0.1501405841748541,0.1501405841748541,0.3562564044129179,large,0.3371639831575095
E09B-7,sample_002133,samples/sample_002133.npz,sample_002133_prediction.npz,0.00029483184334822,0.001975567312911153,0.8291685091902232,0.4368932038834951,0.6081081081081081,360,824,2.2888888888888888,119.72476601600647,298.04383141944976,2.4894083432963496,0.33256879448890686,0.4067560762580898,0.6176618337631226,0.018972150639612606,0.0002261820438694751,0.0012676642616668953,-2.837962221839483,2.837962221839483,20.0,80.0,60.0,120.0,50.0,250.0,245.0,0.0006009609811536323,0.024514505525374816,0.010185237379013976,1.0894100895385552,0.9535561516796938,0.12859736934267868,0.010185237379013976,0.02229847350575301,20.0,60.0,20.0,0.0,0.0,90.0,10.0,10.0,70.0,10.0,10.0,170.0,50.0,50.0,230.0,180.0,180.0,255.0,325.0,80.15609770940699,360,360000.0,0.33256879448890686,0.4067560762580898,0.07418728176918293,0.07418728176918293,0.22307349035315915,medium,-2.837962221839483
E09B-7,sample_000492,samples/sample_000492.npz,sample_000492_prediction.npz,0.00021205015946179628,0.00120068178512156,0.8174787163643447,0.5742049469964664,0.7295173961840629,336,555,1.6517857142857142,69.23460531234741,176.3219737386993,2.546731839420969,0.20605537295341492,0.31717629947499,0.6234825253486633,0.03148889757662749,0.0001047802500203517,0.0022675928047937873,-0.39599817438427465,0.39599817438427465,30.0,90.0,60.0,40.0,140.0,390.0,410.0,0.00018635736842950262,0.013651277172100148,0.0057807939001694965,1.2535802151995719,0.9613463992445904,0.08198743475567574,0.0057807939001694965,0.012366882805026728,30.0,60.0,30.0,0.0,0.0,90.0,0.0,0.0,60.0,0.0,0.0,130.0,90.0,90.0,280.0,140.0,140.0,415.0,470.0,65.0,336,336000.0,0.20605537295341492,0.31717629947499,0.11112092652157507,0.11112092652157507,0.539277015342363,medium,-0.39599817438427465
E09B-7,sample_000901,samples/sample_000901.npz,sample_000901_prediction.npz,0.0019663451239466667,0.004850251134485006,0.7545015113997507,0.2969561989606533,0.4579278763594734,400,1347,3.3675,387.03465461730957,703.7505483224948,1.818314044819439,0.9675866365432739,0.7674826633930206,0.844689130783081,0.04144553633236589,0.0018050476385503519,0.00288093769759074,2.0089539412997937,2.0089539412997937,70.0,110.0,40.0,100.0,100.0,200.0,200.0,0.0009572442982245236,0.030939364864594806,0.015639870955851547,0.7408147113293888,0.9962478051344001,0.16159586640846035,0.015639870955851547,0.026695294242784343,70.0,40.0,50.0,-20.0,20.0,150.0,40.0,40.0,100.0,60.0,60.0,150.0,50.0,50.0,250.0,150.0,150.0,195.0,265.0,65.19202405202648,400,400000.0,0.9675866365432739,0.7674826633930206,-0.2001039731502533,0.2001039731502533,0.20680729310723994,medium,2.0089539412997937
E09B-7,sample_000728,samples/sample_000728.npz,sample_000728_prediction.npz,0.0005776414764113724,0.0021568122319877148,0.741116572114553,0.3218390804597701,0.48695652173913045,280,870,3.107142857142857,104.24670338630676,310.9056041017523,2.982402263116467,0.3723096549510956,0.4829357012574162,0.634406566619873,0.023345010670904647,0.0005126077882217047,0.0015988792601506485,-1.8557401385544097,1.8557401385544097,60.0,100.0,40.0,70.0,100.0,335.0,470.0,0.0005128148530869004,0.022645415719012543,0.01033599858305683,1.7761867464711036,0.9414648854145176,0.1158169899338864,0.01033599858305683,0.02014899467412574,60.0,40.0,50.0,-10.0,10.0,110.0,10.0,10.0,60.0,20.0,20.0,140.0,70.0,70.0,230.0,130.0,130.0,330.0,525.0,55.226805085936306,280,280000.0,0.3723096549510956,0.4829357012574162,0.11062604630632061,0.11062604630632061,0.29713450842646505,medium,-1.8557401385544097
E09B-7,sample_000044,samples/sample_000044.npz,sample_000044_prediction.npz,0.00211158930324018,0.004360391292721033,0.8371284923268012,0.4519104084321476,0.6225045372050817,686,1518,2.2128279883381925,557.6774952411652,970.01284427457,1.739379574309507,0.8129409551620483,0.844230262687533,0.9455655813217163,0.004117676884905803,0.002097491765266648,0.0007187419486689902,-0.6990602569168516,0.6990602569168516,70.0,140.0,70.0,70.0,140.0,275.0,260.0,0.0015070276665053162,0.03882045422847749,0.020311643196553115,0.7373852294151658,0.999559683136757,0.2043308906235386,0.020311643196553115,0.033082696642825746,70.0,70.0,50.0,-20.0,20.0,160.0,20.0,20.0,110.0,40.0,40.0,110.0,40.0,40.0,280.0,140.0,140.0,275.0,310.0,50.0,686,686000.0,0.8129409551620483,0.844230262687533,0.031289307525484644,0.031289307525484644,0.03848902841811871,large,-0.6990602569168516
E09B-7,sample_000653,samples/sample_000653.npz,sample_000653_prediction.npz,0.00040550043922849,0.002649744739755988,0.4955475026288335,0.24167312161115415,0.38927011852776044,312,1291,4.137820512820513,65.11785006523132,311.2796933697824,4.780251391253862,0.20871105790138245,0.20516175509263307,0.5111732482910156,0.002720210310311836,0.0003981305524954048,0.0016363263884184985,3.3158129526647144,3.3158129526647144,20.0,40.0,20.0,120.0,130.0,300.0,235.0,0.0009968797184144711,0.03157340207222641,0.014446638790569805,2.244004379401156,0.6468010221786654,0.17137746852000563,0.014446638790569805,0.028074442934264518,20.0,20.0,20.0,0.0,0.0,50.0,10.0,10.0,30.0,10.0,10.0,310.0,190.0,190.0,350.0,220.0,220.0,395.0,325.0,130.86252328302402,312,312000.0,0.20871105790138245,0.20516175509263307,-0.003549302808749377,0.003549302808749377,0.017005820604035507,medium,3.3158129526647144
E09B-7,sample_001330,samples/sample_001330.npz,sample_001330_prediction.npz,0.001142052817158401,0.0046123624779284,0.9522096660887654,0.6878582595101616,0.8150663785118863,1320,1919,1.4537878787878789,743.6322569847107,1177.780489800384,1.5838211410786065,0.5633577704429626,0.7364896116891142,0.8999149799346924,0.04177577365965908,0.0005890077387477061,0.00026007360599384445,0.3808754696608645,0.3808754696608645,50.0,130.0,80.0,150.0,110.0,365.0,405.0,0.0019330917975878088,0.04396693982514372,0.02194401576168234,0.5569209218217407,0.9985060330732121,0.22038418344969957,0.02194401576168234,0.03809923844171752,50.0,80.0,30.0,-20.0,20.0,150.0,20.0,20.0,120.0,40.0,40.0,180.0,30.0,30.0,260.0,150.0,150.0,360.0,470.0,65.19202405202648,1320,1320000.0,0.5633577704429626,0.7364896116891142,0.17313184124615155,0.17313184124615155,0.30732129799154045,large,0.3808754696608645
E09B-7,sample_000517,samples/sample_000517.npz,sample_000517_prediction.npz,0.000999966636300087,0.0026826963294297457,0.5890013519377657,0.17900552486187846,0.3036551077788191,162,905,5.58641975308642,96.17286157608032,349.0295334003293,3.629189437440409,0.5936596393585205,0.5685906465406771,0.93418949842453,0.0026514230119001475,0.0009972406617048768,0.0020734168931582095,1.8165620864001255,1.8165620864001255,50.0,70.0,20.0,90.0,90.0,235.0,195.0,0.0009421718606032759,0.030694818139276797,0.013797608326232088,2.0721569571943634,0.8320653150089257,0.1695349410820933,0.013797608326232088,0.02741893260284154,50.0,20.0,40.0,-10.0,10.0,90.0,20.0,20.0,50.0,30.0,30.0,170.0,80.0,80.0,260.0,170.0,170.0,255.0,270.0,77.62087348130012,162,162000.0,0.5936596393585205,0.5685906465406771,-0.02506899281784336,0.02506899281784336,0.04222788809583162,small,1.8165620864001255
E09B-7,sample_001265,samples/sample_001265.npz,sample_001265_prediction.npz,0.0013672643108293414,0.004144832957535982,0.8937990734815476,0.5419354838709678,0.702928870292887,1008,1860,1.8452380952380953,680.8959245681763,1053.614231698822,1.547393946243728,0.675491988658905,0.7251099236309528,0.8878247737884521,0.009347497038908333,0.0012845880012114339,0.0009088187784200511,2.350793570994284,2.350793570994284,60.0,120.0,60.0,120.0,140.0,180.0,480.0,0.0013416559853746703,0.03662862248808533,0.017850855102531777,0.514693653090943,0.9996828358901031,0.18975715427261353,0.017850855102531777,0.03198441741665909,60.0,60.0,40.0,-20.0,20.0,150.0,30.0,30.0,110.0,50.0,50.0,140.0,20.0,20.0,200.0,60.0,60.0,180.0,500.0,20.0,1008,1008000.0,0.675491988658905,0.7251099236309528,0.049617934972047806,0.049617934972047806,0.07345451286632915,large,2.350793570994284
E09B-7,sample_001292,samples/sample_001292.npz,sample_001292_prediction.npz,0.0005586750339716673,0.0025900222826749086,0.838520571629379,0.38424591738712777,0.5551700208188758,400,1041,2.6025,147.53621816635132,395.99352789622856,2.684042825672368,0.3688405454158783,0.5209192035347223,0.7228019833564758,0.03981927395365954,0.0003982705188771109,0.0014685382104931454,-1.2148865184629827,1.2148865184629827,30.0,80.0,50.0,100.0,80.0,360.0,420.0,0.0010766033971059317,0.032811635087357835,0.013679330929279268,1.3119961354215803,0.9565650938723822,0.19485819734677334,0.013679330929279268,0.029824139592504514,30.0,50.0,20.0,-10.0,10.0,90.0,10.0,10.0,70.0,20.0,20.0,210.0,110.0,110.0,270.0,190.0,190.0,395.0,505.0,91.92388155425118,400,400000.0,0.3688405454158783,0.5209192035347223,0.15207865811884402,0.15207865811884402,0.4123154572048769,medium,-1.2148865184629827
E09B-7,sample_001298,samples/sample_001298.npz,sample_001298_prediction.npz,0.001140271662734449,0.003122842637822032,0.6411065845957629,0.1932938856015779,0.3239669421487603,196,1014,5.173469387755102,110.08473920822144,414.4986393395366,3.765268849440856,0.5616568326950073,0.6302820327026504,0.8468495607376099,0.00835211017956995,0.0011258638496277043,0.004055626881968405,3.2173949153818597,3.2173949153818597,50.0,70.0,20.0,70.0,140.0,235.0,210.0,0.0012123717794813571,0.034819129504933884,0.016508075407435128,2.1346828687380786,0.9035489109434836,0.17021080380177578,0.016508075407435128,0.0306570583361123,50.0,20.0,30.0,-20.0,20.0,100.0,30.0,30.0,70.0,50.0,50.0,150.0,80.0,80.0,310.0,170.0,170.0,255.0,285.0,77.62087348130012,196,196000.0,0.5616568326950073,0.6302820327026504,0.06862520000764305,0.06862520000764305,0.12218350425536108,medium,3.2173949153818597
E09B-7,sample_001513,samples/sample_001513.npz,sample_001513_prediction.npz,0.000948723463807255,0.002865403890609741,0.7509095045933546,0.27347310847766637,0.4294917680744452,300,1097,3.6566666666666667,185.75980067253113,460.283981494004,2.477844936458675,0.6191993355751038,0.6349106819430987,0.7175841331481934,0.0024373170854203935,0.0009441667931013981,0.001404408211567185,2.5541044521403222,2.5541044521403222,80.0,130.0,50.0,50.0,120.0,355.0,490.0,0.0006043725382503857,0.024583989469782682,0.01279544134236347,1.3946548366621574,0.9989676543447245,0.12658668256777453,0.01279544134236347,0.020991646412430863,80.0,50.0,60.0,-20.0,20.0,160.0,30.0,30.0,100.0,50.0,50.0,90.0,40.0,40.0,200.0,80.0,80.0,355.0,510.0,20.0,300,300000.0,0.6191993355751038,0.6349106819430987,0.015711346367994983,0.015711346367994983,0.025373648622220343,medium,2.5541044521403222
E09B-7,sample_000392,samples/sample_000392.npz,sample_000392_prediction.npz,0.001075644395314157,0.0028966746758669615,0.7023210214750509,0.24759284731774414,0.39691289966923926,180,727,4.038888888888889,178.24459075927734,358.9552875284941,2.0138355166876845,0.9902477264404297,0.7012366291549471,0.7850708961486816,0.08501543951233446,0.0009216640786734187,0.0026745582931299986,3.374736767459069,3.374736767459069,50.0,90.0,40.0,50.0,90.0,175.0,355.0,0.0005194820253453704,0.022792148326679747,0.009405876417136458,0.9063491099643146,0.9978098149192918,0.17324660515134643,0.009405876417136458,0.02076081679922364,50.0,40.0,30.0,-20.0,20.0,130.0,40.0,40.0,100.0,60.0,60.0,90.0,40.0,40.0,240.0,150.0,150.0,175.0,410.0,55.0,180,180000.0,0.9902477264404297,0.7012366291549471,-0.2890110972854826,0.2890110972854826,0.29185737020005026,small,3.374736767459069
E09B-7,sample_001800,samples/sample_001800.npz,sample_001800_prediction.npz,0.0004253233491908759,0.0021886671893298626,0.8597935863488433,0.46875,0.6382978723404256,390,832,2.1333333333333333,191.56806975603104,386.6094318101972,2.018130851882354,0.49120017886161804,0.5446817912734472,0.7394815683364868,0.014872766043233142,0.0003677779143954915,0.0007215380913012339,0.8623024195521793,0.8623024195521793,20.0,70.0,50.0,60.0,130.0,210.0,405.0,0.0006300030275404927,0.025099861106000022,0.010937082518424467,0.6724518884141395,0.9806438736835562,0.14358667842925787,0.010937082518424467,0.022591663363410553,20.0,50.0,20.0,0.0,0.0,90.0,20.0,20.0,70.0,20.0,20.0,210.0,150.0,150.0,320.0,190.0,190.0,265.0,480.0,93.00537618869137,390,390000.0,0.49120017886161804,0.5446817912734472,0.05348161241182914,0.05348161241182914,0.10887946444925073,medium,0.8623024195521793
E09B-7,sample_002073,samples/sample_002073.npz,sample_002073_prediction.npz,0.00020500586833804846,0.0013866564258933067,0.8127782228667664,0.468557336621455,0.6381192275398825,385,806,2.0935064935064935,95.07418975234032,222.73600268986092,2.3427599358991973,0.24694594740867615,0.30827188802423416,0.4479072690010071,0.0099090679919145,0.00016685123702694647,0.0009636744032334674,2.8857032747778106,2.8857032747778106,80.0,130.0,50.0,70.0,110.0,395.0,165.0,0.00013111100139241003,0.01145037123382513,0.006002349300867133,1.2698719537728687,0.9992710859969951,0.058927587919106544,0.006002349300867133,0.009751041188652106,80.0,50.0,70.0,-10.0,10.0,160.0,30.0,30.0,90.0,40.0,40.0,110.0,40.0,40.0,170.0,60.0,60.0,405.0,175.0,14.142135623730951,385,385000.0,0.24694594740867615,0.30827188802423416,0.06132594061555802,0.06132594061555802,0.24833750567312773,medium,2.8857032747778106
E09B-7,sample_000911,samples/sample_000911.npz,sample_000911_prediction.npz,0.0005870077875442803,0.0024188023526221514,0.85441122839813,0.5517241379310345,0.7111111111111111,546,984,1.8021978021978022,161.15512830018997,386.0292826738072,2.395389378827184,0.29515591263771057,0.4612247681197448,0.7077996730804443,0.05208271413129188,0.00029939292493879504,0.0015887328490532965,-1.7129744109055665,1.7129744109055665,30.0,90.0,60.0,70.0,130.0,465.0,325.0,0.000812271108310684,0.028500370318834175,0.012261903141068843,1.139844502835897,0.9559607076430972,0.1619071022632893,0.012261903141068843,0.02572774455077106,30.0,60.0,20.0,-10.0,10.0,100.0,10.0,10.0,80.0,20.0,20.0,180.0,110.0,110.0,290.0,160.0,160.0,500.0,395.0,78.26237921249263,546,546000.0,0.29515591263771057,0.4612247681197448,0.1660688554820342,0.1660688554820342,0.5626479036043421,medium,-1.7129744109055665
E09B-7,sample_000923,samples/sample_000923.npz,sample_000923_prediction.npz,0.00022575222828891128,0.0012722498504444957,0.7554136812476777,0.31001589825119236,0.4733009708737864,195,629,3.2256410256410257,79.86865639686584,192.5835776197082,2.4112535042878904,0.40958285331726074,0.38851547623291993,0.48912864923477173,0.002975588856497037,0.0002202866918759004,0.0028627870483398862,1.6373847803721304,1.6373847803721304,80.0,110.0,30.0,50.0,130.0,295.0,465.0,0.00011824280435400312,0.010873950724276946,0.0054936415346172884,1.3248306166909314,0.9982496790763074,0.05777945568652999,0.0054936415346172884,0.009384173221074455,80.0,30.0,60.0,-20.0,20.0,140.0,30.0,30.0,80.0,50.0,50.0,80.0,30.0,30.0,240.0,110.0,110.0,300.0,500.0,35.35533905932738,195,195000.0,0.40958285331726074,0.38851547623291993,-0.02106737708434081,0.02106737708434081,0.05143617930710134,medium,1.6373847803721304
E09B-7,sample_000595,samples/sample_000595.npz,sample_000595_prediction.npz,0.0008789033745415509,0.003438762156292796,0.8835336071098758,0.44505494505494503,0.6159695817490495,648,1456,2.246913580246914,405.7768020629883,714.6124701260244,1.7610973976158841,0.6261987686157227,0.6825332454417223,0.8532119393348694,0.013545687636042782,0.0007948524303611094,0.0007307372300451176,-0.5896743537942655,0.5896743537942655,40.0,100.0,60.0,120.0,90.0,190.0,245.0,0.0013714580525906572,0.03703320202994412,0.01650423964185174,0.6750218155397076,0.9914829671090186,0.2218056558566427,0.01650423964185174,0.03315219640438605,40.0,60.0,20.0,-20.0,20.0,130.0,30.0,30.0,110.0,50.0,50.0,150.0,30.0,30.0,260.0,170.0,170.0,185.0,320.0,75.16648189186454,648,648000.0,0.6261987686157227,0.6825332454417223,0.05633447682599968,0.05633447682599968,0.08996261195232448,large,-0.5896743537942655
E09B-7,sample_001302,samples/sample_001302.npz,sample_001302_prediction.npz,0.0013614996569231153,0.0039639160968363285,0.8485060836418277,0.4146685472496474,0.5862412761714856,588,1418,2.4115646258503403,388.9803864955902,775.6059444718206,1.9939461510114302,0.6615312695503235,0.753104668085267,0.8385246992111206,0.011339592216062266,0.0013014572212291851,0.0009787901027965785,1.8786085075244188,1.8786085075244188,60.0,120.0,60.0,70.0,140.0,525.0,280.0,0.0014020926738281213,0.03744452795573902,0.01865859375826555,0.8935095232886646,0.994987861109435,0.19451617001744548,0.01865859375826555,0.03246458921335883,60.0,60.0,40.0,-20.0,20.0,150.0,30.0,30.0,110.0,50.0,50.0,190.0,120.0,120.0,300.0,160.0,160.0,545.0,350.0,72.80109889280519,588,588000.0,0.6615312695503235,0.753104668085267,0.0915733985349435,0.0915733985349435,0.13842640968006034,medium,1.8786085075244188
E09B-7,sample_001319,samples/sample_001319.npz,sample_001319_prediction.npz,0.0005754018784500659,0.002680467441678047,0.6737726815964977,0.15772870662460567,0.2724795640326976,150,951,6.34,78.23321521282196,335.0767890231568,4.283050212261245,0.5215547680854797,0.5586870429913203,0.7250142693519592,0.009452289339885163,0.0005618361396721202,0.002217074685980672,-0.9630549695248121,0.9630549695248121,20.0,50.0,30.0,50.0,100.0,295.0,360.0,0.0011229528735455959,0.033510489007855374,0.014983267887874489,1.744180312071455,0.7848284823241145,0.17722658165274852,0.014983267887874489,0.02997423154887853,20.0,30.0,20.0,0.0,0.0,70.0,20.0,20.0,50.0,20.0,20.0,280.0,230.0,230.0,340.0,240.0,240.0,400.0,440.0,132.00378782444085,150,150000.0,0.5215547680854797,0.5586870429913203,0.03713227490584059,0.03713227490584059,0.07119535124210546,small,-0.9630549695248121
E09B-7,sample_002162,samples/sample_002162.npz,sample_002162_prediction.npz,0.0003595474408939481,0.0019082877552136779,0.8697684365654164,0.6320645905420992,0.7745583038869258,560,855,1.5267857142857142,161.06433391571045,323.4832312334108,2.008410076700772,0.2876148819923401,0.3986548146898193,0.6599752902984619,0.03493601473518944,0.00016145015474473433,0.0015276328894310756,-4.532419329406416,4.532419329406416,30.0,100.0,70.0,100.0,80.0,170.0,140.0,0.0004746168435930223,0.021785702733513608,0.008823805014042306,0.8966793095197517,0.9855568561848599,0.14446327401939274,0.008823805014042306,0.019918767749717455,30.0,70.0,20.0,-10.0,10.0,100.0,0.0,0.0,80.0,10.0,10.0,300.0,200.0,200.0,240.0,160.0,160.0,260.0,210.0,114.0175425099138,560,560000.0,0.2876148819923401,0.3986548146898193,0.1110399326974792,0.1110399326974792,0.3860715826952114,medium,-4.532419329406416
E09B-7,sample_001201,samples/sample_001201.npz,sample_001201_prediction.npz,0.0007481816573999822,0.002335597528144717,0.5157705922036256,0.10951760104302477,0.19741480611045828,84,767,9.130952380952381,47.15975260734558,274.0391274185077,5.8108686383529395,0.5614256262779236,0.5638700386597997,0.6842315793037415,0.001838053703551538,0.000747249561012026,0.003988696163139138,-0.9338391679803664,0.9338391679803664,70.0,90.0,20.0,60.0,70.0,270.0,175.0,0.0006169471302632763,0.02483842044622154,0.011847363836067923,4.234201730267881,0.903388060156724,0.12793321425388682,0.011847363836067923,0.021830874934347138,70.0,20.0,50.0,-20.0,20.0,110.0,20.0,20.0,60.0,40.0,40.0,130.0,70.0,70.0,250.0,180.0,180.0,275.0,245.0,70.178344238091,84,84000.0,0.5614256262779236,0.5638700386597997,0.0024444123818760932,0.0024444123818760932,0.004353938023958371,small,-0.9338391679803664
E09B-7,sample_000860,samples/sample_000860.npz,sample_000860_prediction.npz,0.0008701638435013592,0.004537089262157679,0.8191818644606709,0.3755868544600939,0.5460750853242321,720,1917,2.6625,286.3914728164673,719.3201877979575,2.511667616091805,0.3977659344673157,0.4795620222679443,0.7168287634849548,0.014800474571902169,0.0007673824235471653,0.0018197269978104268,4.7553397801665085,4.7553397801665085,20.0,50.0,30.0,160.0,150.0,230.0,285.0,0.0021860348729805393,0.04675505184448563,0.024795817438160984,0.9074431600161167,0.9599134711254069,0.19150941791803638,0.024795817438160984,0.03963839439929335,20.0,30.0,20.0,0.0,0.0,90.0,40.0,40.0,70.0,40.0,40.0,390.0,230.0,230.0,390.0,240.0,240.0,335.0,365.0,132.00378782444085,720,720000.0,0.3977659344673157,0.4795620222679443,0.08179608780062864,0.08179608780062864,0.20563874558581588,large,4.7553397801665085
E09B-7,sample_001867,samples/sample_001867.npz,sample_001867_prediction.npz,0.00043820860446430743,0.0018830728949978948,0.6558553342792536,0.28023952095808385,0.43779232927970063,234,835,3.5683760683760686,69.58212214708328,253.96965857952827,3.6499268884424803,0.29735949635505676,0.36849960149862826,0.629233717918396,0.007269929613523953,0.00042190781495244744,0.0009067809890430644,0.6555790048111447,0.6555790048111447,60.0,90.0,30.0,60.0,130.0,330.0,315.0,0.00039219992039061407,0.01980403798195242,0.009709468357359568,2.253735315602638,0.8734513493761187,0.10190004240576,0.009709468357359568,0.017260537205082794,60.0,30.0,50.0,-10.0,10.0,100.0,10.0,10.0,50.0,20.0,20.0,120.0,60.0,60.0,310.0,180.0,180.0,330.0,395.0,80.0,234,234000.0,0.29735949635505676,0.36849960149862826,0.0711401051435715,0.0711401051435715,0.2392393921014311,medium,0.6555790048111447
E09B-7,sample_000363,samples/sample_000363.npz,sample_000363_prediction.npz,0.0003819052071776241,0.0015143429627642035,0.38734104262180336,0.07905138339920949,0.14652014652014653,40,506,12.65,32.65535354614258,144.94555107852418,4.438645898404181,0.8163838386535645,0.35918682888150216,0.4999576807022095,0.21018107057844934,0.0002965029280441088,0.00675583235962839,-2.8458214664506443,2.8458214664506443,80.0,100.0,20.0,40.0,50.0,260.0,325.0,0.00013832164704941639,0.011761022364123639,0.005777079246933886,3.1830092755475876,0.9537666173020771,0.06361042049876561,0.005777079246933886,0.010244364422650249,80.0,20.0,60.0,-20.0,20.0,120.0,20.0,20.0,60.0,40.0,40.0,90.0,50.0,50.0,220.0,170.0,170.0,265.0,380.0,55.226805085936306,40,40000.0,0.8163838386535645,0.35918682888150216,-0.4571970097720623,0.4571970097720623,0.5600270217574402,small,-2.8458214664506443
E09B-7,sample_000263,samples/sample_000263.npz,sample_000263_prediction.npz,0.00043457429273985326,0.0020471932366490364,0.7903212761742275,0.26961483594864477,0.4247191011235955,189,701,3.708994708994709,76.96506553888321,277.7662164079588,3.6089908384165494,0.40722256898880005,0.5742201024577731,0.6868983507156372,0.03416691155064723,0.0003695953108975988,0.0013295506433571053,3.1532666666364477,3.1532666666364477,30.0,60.0,30.0,70.0,90.0,225.0,195.0,0.0007562505839056979,0.027500010616465186,0.01132302151828761,1.7851641029705634,0.9399748864170449,0.1759559901264356,0.01132302151828761,0.02506072160976402,30.0,30.0,20.0,-10.0,10.0,80.0,20.0,20.0,60.0,30.0,30.0,170.0,100.0,100.0,250.0,160.0,160.0,265.0,265.0,80.62257748298549,189,189000.0,0.40722256898880005,0.5742201024577731,0.16699753346897306,0.16699753346897306,0.41008909178009245,small,3.1532666666364477
E09B-7,sample_000442,samples/sample_000442.npz,sample_000442_prediction.npz,0.0007022817735560238,0.0027889537159353495,0.6036948643892025,0.12440191387559808,0.22127659574468084,104,836,8.038461538461538,94.6843991279602,294.9296969458394,3.114871083960303,0.910426914691925,0.5550420648203447,0.6280136108398438,0.1273501784053123,0.000568153643027414,0.006596569395832826,3.789115017392369,3.789115017392369,30.0,50.0,20.0,130.0,40.0,385.0,210.0,0.000687822471203834,0.026226369767923162,0.011398048773053839,1.3160545202005713,0.9285104257759105,0.14988581889792957,0.011398048773053839,0.02362005409331062,30.0,20.0,20.0,-10.0,10.0,90.0,40.0,40.0,70.0,50.0,50.0,210.0,80.0,80.0,260.0,220.0,220.0,405.0,310.0,101.9803902718557,104,104000.0,0.910426914691925,0.5550420648203447,-0.35538484987158037,0.35538484987158037,0.39034967457199715,small,3.789115017392369
E09B-7,sample_001230,samples/sample_001230.npz,sample_001230_prediction.npz,0.00039876310620456934,0.002447349252179265,0.869840450610636,0.5407066052227343,0.7018943170488534,704,1302,1.8494318181818181,288.421838760376,476.67673489103265,1.6527068024382887,0.40969011187553406,0.4173802289349789,0.649215579032898,0.008785943524656191,0.0003382654191156838,0.0007867237652085215,2.847698587937728,2.847698587937728,20.0,60.0,40.0,110.0,160.0,475.0,420.0,0.0005186249910312085,0.022773339479119185,0.010337523452015525,0.4346358731316355,0.9784436864660513,0.1153395239192766,0.010337523452015525,0.020291885075325984,20.0,40.0,20.0,0.0,0.0,80.0,20.0,20.0,60.0,20.0,20.0,230.0,120.0,120.0,310.0,150.0,150.0,525.0,485.0,82.00609733428362,704,704000.0,0.40969011187553406,0.4173802289349789,0.007690117059444834,0.007690117059444834,0.018770570332390962,large,2.847698587937728
E09B-7,sample_001272,samples/sample_001272.npz,sample_001272_prediction.npz,0.0022896185982972383,0.00545473163947463,0.7328937821003422,0.2912621359223301,0.45112781954887216,480,1648,3.433333333333333,406.4982604980469,830.043432176298,2.0419360003147817,0.8468713760375977,0.7294996959467729,0.8340626955032349,0.014993093753174947,0.0022272855650945574,0.0017923632593757467,2.0543182408959666,2.0543182408959666,80.0,130.0,50.0,60.0,160.0,320.0,200.0,0.0013718433491552429,0.03703840370689918,0.020362880752785376,0.9858135954689046,0.9970110735348501,0.175808954250336,0.020362880752785376,0.030938591380395553,80.0,50.0,50.0,-30.0,30.0,160.0,30.0,30.0,110.0,60.0,60.0,100.0,40.0,40.0,280.0,120.0,120.0,320.0,240.0,40.0,480,480000.0,0.8468713760375977,0.7294996959467729,-0.11737168009082477,0.11737168009082477,0.138594458865751,medium,2.0543182408959666
E09B-7,sample_001600,samples/sample_001600.npz,sample_001600_prediction.npz,0.0012325759744271636,0.0038135668728500605,0.8797858013572474,0.4880568108457069,0.6559652928416486,756,1549,2.048941798941799,485.2165160179138,849.7384123504012,1.7512561594647564,0.6418207883834839,0.7269528825131674,0.858352541923523,0.012287266535356424,0.0011469017855354601,0.0005127122173401205,-2.1699640808577527,2.1699640808577527,80.0,150.0,70.0,120.0,90.0,380.0,275.0,0.0010648669912346161,0.03263229981528449,0.017626151348886503,0.7735634154287535,0.9993103572181523,0.16799036592903072,0.017626151348886503,0.0274624430788807,80.0,70.0,50.0,-30.0,30.0,160.0,10.0,10.0,110.0,40.0,40.0,160.0,40.0,40.0,180.0,90.0,90.0,380.0,300.0,25.0,756,756000.0,0.6418207883834839,0.7269528825131674,0.08513209412968348,0.08513209412968348,0.13264153432004072,large,-2.1699640808577527
E09B-7,sample_000593,samples/sample_000593.npz,sample_000593_prediction.npz,0.0016349498182535172,0.004620935767889023,0.9062022282376737,0.5638703527168732,0.7211216092654679,1183,2098,1.7734573119188504,860.1984516978264,1279.1771434375373,1.4870721295914298,0.7271330952644348,0.7852315094293625,0.9149397611618042,0.009932279831027015,0.0015338825874416683,0.0005564851926184338,-1.3688004712513333,1.3688004712513333,70.0,140.0,70.0,130.0,130.0,225.0,205.0,0.001603789593196638,0.04004734189926515,0.020485489516149435,0.5057031113867371,0.9987788894646102,0.20633135691341686,0.020485489516149435,0.03441125270141106,70.0,70.0,50.0,-20.0,20.0,160.0,20.0,20.0,110.0,40.0,40.0,160.0,30.0,30.0,180.0,50.0,50.0,230.0,220.0,15.811388300841896,1183,1183000.0,0.7271330952644348,0.7852315094293625,0.05809841416492767,0.05809841416492767,0.07990065992498822,large,-1.3688004712513333
E09B-7,sample_000367,samples/sample_000367.npz,sample_000367_prediction.npz,0.000500026682857424,0.0014395244652405381,0.3295357948349339,0.13389121338912133,0.23616236162361623,64,478,7.46875,18.23250961303711,158.41896526435227,8.688818414283197,0.28488296270370483,0.3066907140891999,0.7514963150024414,0.002922936069674812,0.0004984482640058317,0.002620275603974155,3.1156268459645204,3.1156268459645204,40.0,60.0,20.0,40.0,80.0,310.0,490.0,0.0003976565403523395,0.019941327447096882,0.007480602268162007,5.719017493971064,0.7178475037426242,0.16045430820068182,0.007480602268162007,0.018485051529760717,40.0,20.0,30.0,-10.0,10.0,80.0,20.0,20.0,50.0,30.0,30.0,260.0,220.0,220.0,220.0,140.0,140.0,410.0,530.0,107.70329614269008,64,64000.0,0.28488296270370483,0.3066907140891999,0.021807751385495067,0.021807751385495067,0.07654986166433694,small,3.1156268459645204
E09B-7,sample_000985,samples/sample_000985.npz,sample_000985_prediction.npz,0.0015051914379000664,0.004877392668277025,0.915468502880327,0.5614583333333333,0.7191460973982655,1078,1920,1.7810760667903525,707.4556195735931,1174.7392816761046,1.66051304021609,0.6562668085098267,0.7902244033917425,0.9011877775192261,0.024729535769707635,0.001247689935227185,0.0004985554477605606,2.2868574322645685,2.2868574322645685,30.0,100.0,70.0,110.0,140.0,475.0,280.0,0.003275520583652155,0.05723216389105129,0.024673158874333058,0.5820841778378211,0.9974780151365076,0.3458433348124411,0.024673158874333058,0.0516406411154439,30.0,70.0,20.0,-10.0,10.0,130.0,30.0,30.0,110.0,40.0,40.0,150.0,40.0,40.0,290.0,150.0,150.0,465.0,345.0,65.76473218982953,1078,1078000.0,0.6562668085098267,0.7902244033917425,0.13395759488191583,0.13395759488191583,0.20412063073262984,large,2.2868574322645685
E09B-7,sample_000252,samples/sample_000252.npz,sample_000252_prediction.npz,0.0010795050766319036,0.0028935999143868685,0.36962190037697357,0.1377726750861079,0.24217961654894046,120,871,7.258333333333334,49.82417106628418,323.59581718362443,6.49475566293165,0.41520142555236816,0.3754124574363232,0.8098146319389343,0.003659586904320607,0.0010763516984128188,0.0019674535999532022,1.1694811870779276,1.1694811870779276,40.0,60.0,20.0,150.0,40.0,285.0,330.0,0.001499764148027157,0.038726788506499694,0.015391214172482326,4.506299714049915,0.7470984770204633,0.2409322127634662,0.015391214172482326,0.03553694801645094,40.0,20.0,30.0,-10.0,10.0,70.0,10.0,10.0,40.0,20.0,20.0,370.0,220.0,220.0,250.0,210.0,210.0,375.0,395.0,111.01801655587259,120,120000.0,0.41520142555236816,0.3754124574363232,-0.03978896811604499,0.03978896811604499,0.09583051903810605,small,1.1694811870779276
E09B-7,sample_000452,samples/sample_000452.npz,sample_000452_prediction.npz,0.000648411747533828,0.0027552125975489616,0.8809211645812709,0.40310077519379844,0.574585635359116,520,1290,2.480769230769231,301.9148325920105,563.8889831411788,1.8677087783334723,0.5806054472923279,0.6426238864660263,0.8060842752456665,0.009330786863152763,0.0006022402770786315,0.0009027041395223644,0.5352338911855696,0.5352338911855696,50.0,90.0,40.0,130.0,100.0,245.0,400.0,0.0008202532023172834,0.028640062889548328,0.013781979812382765,0.7270261748462321,0.9844610060378213,0.14137620521804073,0.013781979812382765,0.025105980059905195,50.0,40.0,30.0,-20.0,20.0,110.0,20.0,20.0,80.0,40.0,40.0,170.0,40.0,40.0,270.0,170.0,170.0,255.0,475.0,75.66372975210778,520,520000.0,0.5806054472923279,0.6426238864660263,0.062018439173698425,0.062018439173698425,0.10681684001230682,medium,0.5352338911855696
E09B-7,sample_001622,samples/sample_001622.npz,sample_001622_prediction.npz,0.0002996614493895322,0.0021297745406627655,0.9198727057700783,0.715137956748695,0.8339130434782609,960,1340,1.3958333333333333,321.500244140625,482.2448397015445,1.499982810248223,0.3348960876464844,0.3911873994084696,0.6577215194702148,0.016090909043828157,0.00014392922359631854,0.0005625777623671731,1.3394399846379486,1.3394399846379486,30.0,110.0,80.0,80.0,150.0,170.0,295.0,0.00034228047284144887,0.018500823571977784,0.00838835553562563,0.42602932935375276,0.9964231017077461,0.10733587770268321,0.00838835553562563,0.01648987459774597,30.0,80.0,20.0,-10.0,10.0,130.0,20.0,20.0,110.0,30.0,30.0,100.0,20.0,20.0,300.0,150.0,150.0,170.0,360.0,65.0,960,960000.0,0.3348960876464844,0.3911873994084696,0.05629131176198521,0.05629131176198521,0.16808590436985396,large,1.3394399846379486
E09B-7,sample_001585,samples/sample_001585.npz,sample_001585_prediction.npz,0.00046809748164378107,0.001813332550227642,0.7134776934101151,0.2084942084942085,0.3450479233226837,108,518,4.796296296296297,87.97479701042175,228.6686360786744,2.5992516476234173,0.8145814538002014,0.6406740369620146,0.7026618123054504,0.031717667566072326,0.0004337279028329214,0.003068534479540979,5.35311879643136,5.35311879643136,30.0,60.0,30.0,60.0,60.0,420.0,460.0,0.00040130406930223973,0.02003257520395817,0.007677699654113977,1.0700016743981546,0.9774109804449747,0.1489246893697237,0.007677699654113977,0.018502891593571474,30.0,30.0,20.0,-10.0,10.0,100.0,40.0,40.0,80.0,50.0,50.0,110.0,50.0,50.0,210.0,150.0,150.0,425.0,515.0,55.226805085936306,108,108000.0,0.8145814538002014,0.6406740369620146,-0.17390741683818678,0.17390741683818678,0.21349297363310996,small,5.35311879643136
E09B-7,sample_000222,samples/sample_000222.npz,sample_000222_prediction.npz,0.003150980919599533,0.006538160145282745,0.8040842081875026,0.4137282557592854,0.5853009644163618,880,2127,2.4170454545454545,741.6331243515015,1311.9905419317504,1.769056018201696,0.8427649140357971,0.8057854724201289,0.8986005783081055,0.004142790744462334,0.003142022437602752,0.0021122882344386386,4.2904969383848055,4.2904969383848055,60.0,110.0,50.0,160.0,110.0,470.0,245.0,0.003055453649026152,0.05527615805232987,0.027962034832741813,0.6895615718726957,0.9990200360673672,0.2641246902044371,0.027962034832741813,0.04768205382571818,60.0,50.0,20.0,-40.0,40.0,150.0,40.0,40.0,130.0,80.0,80.0,190.0,30.0,30.0,260.0,150.0,150.0,465.0,310.0,65.19202405202648,880,880000.0,0.8427649140357971,0.8057854724201289,-0.03697944161566824,0.03697944161566824,0.04387871516694098,large,4.2904969383848055
E09B-7,sample_001459,samples/sample_001459.npz,sample_001459_prediction.npz,0.000497183355037123,0.0016230997862294316,0.676348310864165,0.16853932584269662,0.28846153846153844,90,534,5.933333333333334,68.3198869228363,212.2244070442844,3.1063342842469956,0.7591098546981812,0.6721504767735799,0.7204942107200623,0.009065386467845906,0.0004893317567333862,0.0057195960173740575,2.7289866034925936,2.7289866034925936,50.0,70.0,20.0,50.0,90.0,295.0,495.0,0.00036922426086655533,0.01921520910285796,0.007533184236084903,1.7598804320201973,0.9803341772011153,0.14172460906807177,0.007533184236084903,0.01767697361348252,50.0,20.0,30.0,-20.0,20.0,90.0,20.0,20.0,60.0,40.0,40.0,130.0,80.0,80.0,200.0,110.0,110.0,315.0,540.0,49.24428900898052,90,90000.0,0.7591098546981812,0.6721504767735799,-0.08695937792460129,0.08695937792460129,0.1145544052503125,small,2.7289866034925936
E09B-7,sample_001967,samples/sample_001967.npz,sample_001967_prediction.npz,0.0013430864783003926,0.004031146876513958,0.29637967833462625,0.05750798722044728,0.10876132930513595,72,1252,17.38888888888889,34.3732488155365,421.57246311440724,12.264550999434743,0.47740623354911804,0.42151594741476905,0.7801784873008728,0.006767574625362964,0.0013391105801938857,0.00035037039952532214,0.9663451351834027,0.9663451351834027,20.0,40.0,20.0,90.0,40.0,195.0,120.0,0.00291878821120595,0.05402581060202568,0.022789191112441314,5.562922763363517,0.4724666425403879,0.290940167187111,0.022789191112441314,0.04898408904579706,20.0,20.0,20.0,0.0,0.0,60.0,20.0,20.0,40.0,20.0,20.0,350.0,260.0,260.0,320.0,280.0,280.0,295.0,210.0,134.5362404707371,72,72000.0,0.47740623354911804,0.42151594741476905,-0.05589028613434899,0.05589028613434899,0.1170707087732207,small,0.9663451351834027
E09B-7,sample_001694,samples/sample_001694.npz,sample_001694_prediction.npz,0.0006298603839240968,0.0022028631065040827,0.8048826120220545,0.3624856156501726,0.5320945945945946,315,869,2.7587301587301587,200.4263225197792,385.78541812878575,1.9248241113175852,0.6362740397453308,0.6003980729315016,0.7259244322776794,0.007408477340167946,0.0006080694996920017,0.0009357356321181222,-0.6506532012361959,0.6506532012361959,50.0,100.0,50.0,90.0,70.0,305.0,215.0,0.0005035649542518407,0.022440252989925063,0.009858317255148644,0.849379712302338,0.99217986584909,0.15296111725839212,0.009858317255148644,0.02015883268318578,50.0,50.0,30.0,-20.0,20.0,130.0,30.0,30.0,100.0,50.0,50.0,120.0,30.0,30.0,210.0,140.0,140.0,300.0,275.0,60.207972893961475,315,315000.0,0.6362740397453308,0.6003980729315016,-0.03587596681382921,0.03587596681382921,0.05638445791091617,medium,-0.6506532012361959
E09B-7,sample_001125,samples/sample_001125.npz,sample_001125_prediction.npz,0.0010708182817324996,0.002850688761100173,0.5812008980285696,0.11779141104294479,0.21075740944017562,96,815,8.489583333333334,81.36629676818848,341.8556544823572,4.201440498838229,0.8475655913352966,0.7447284342100223,0.7883765697479248,0.011210293396255714,0.0010609067079785693,0.005348921911656996,1.711776534964585,1.711776534964585,60.0,80.0,20.0,80.0,60.0,450.0,180.0,0.0008735140675737516,0.02955527140077979,0.013675183531800864,2.600591087744338,0.9370336555848439,0.161626927210585,0.013675183531800864,0.026201210333595546,60.0,20.0,50.0,-10.0,10.0,110.0,30.0,30.0,60.0,40.0,40.0,170.0,90.0,90.0,240.0,180.0,180.0,465.0,260.0,81.39410298049853,96,96000.0,0.8475655913352966,0.7447284342100223,-0.1028371571252743,0.1028371571252743,0.1213323879314869,small,1.711776534964585
E09B-7,sample_001461,samples/sample_001461.npz,sample_001461_prediction.npz,0.0004082993546035141,0.0017566513270139694,0.8933145147014353,0.4685212298682284,0.638085742771685,320,683,2.134375,154.81274604797363,323.1847195201439,2.0875846968052287,0.4837898313999176,0.6362331683747471,0.7956573367118835,0.03351223179550418,0.0003001872023402404,0.0004958663882015005,-2.0581765088993507,2.0581765088993507,40.0,120.0,80.0,50.0,80.0,365.0,240.0,0.0004612519141187737,0.02147677615748634,0.008908541313076206,1.058201873269915,0.9966480986775138,0.17882824394236557,0.008908541313076206,0.019542001069286333,40.0,80.0,20.0,-20.0,20.0,140.0,20.0,20.0,120.0,40.0,40.0,80.0,30.0,30.0,220.0,140.0,140.0,360.0,300.0,60.207972893961475,320,320000.0,0.4837898313999176,0.6362331683747471,0.15244333697482948,0.15244333697482948,0.31510240001058326,medium,-2.0581765088993507
E09B-8,sample_000796,samples/sample_000796.npz,sample_000796_prediction.npz,0.00039079555426724255,0.0028660318348556757,0.8130816069241625,0.5294117647058824,0.6923076923076923,720,1282,1.7805555555555554,233.237042427063,454.538843485385,1.9488278480787486,0.32394033670425415,0.3239555847184319,0.5550442337989807,0.011135528215679764,0.00031151815699841556,0.003909079968291004,5.636945966345564,5.636945966345564,40.0,70.0,30.0,150.0,160.0,175.0,170.0,0.0005189394459298509,0.02278024244668724,0.011480206594483518,0.6943448687831275,0.9928285137071222,0.1275545354440567,0.011480206594483518,0.019675982884670033,40.0,30.0,20.0,-20.0,20.0,100.0,30.0,30.0,80.0,50.0,50.0,180.0,30.0,30.0,190.0,30.0,30.0,170.0,155.0,15.811388300841896,720,720000.0,0.32394033670425415,0.3239555847184319,1.5248014177737801e-05,1.5248014177737801e-05,4.7070439985554157e-05,large,5.636945966345564
E09B-8,sample_001763,samples/sample_001763.npz,sample_001763_prediction.npz,0.0005727994139306247,0.002262616064399481,0.7965510249773144,0.4354587869362364,0.6067172264355363,280,643,2.2964285714285713,142.34578132629395,334.6709974826424,2.3511128630885696,0.5083777904510498,0.5834817962987082,0.8405892252922058,0.042172527089190476,0.0004539721789107197,0.001589612179573839,-0.9253209553764918,0.9253209553764918,40.0,110.0,70.0,80.0,50.0,510.0,495.0,0.0004904424084293085,0.022145934354398066,0.009694457629606641,1.1298624517096996,0.9938249531797397,0.1592606461410972,0.009694457629606641,0.01991130080374133,40.0,70.0,0.0,-40.0,40.0,130.0,20.0,20.0,130.0,60.0,60.0,150.0,70.0,70.0,190.0,140.0,140.0,505.0,445.0,50.24937810560445,280,280000.0,0.5083777904510498,0.5834817962987082,0.07510400584765842,0.07510400584765842,0.14773266507379015,medium,-0.9253209553764918
E09B-8,sample_000998,samples/sample_000998.npz,sample_000998_prediction.npz,0.00035699689760804176,0.003167911432683468,0.7904375792251637,0.4165915238954013,0.5881604073838319,462,1109,2.4004329004329006,163.88124418258667,436.13479132226644,2.6612855760135137,0.3547213077545166,0.3554115809532471,0.5966408252716064,0.011393625037911873,0.00030488304385542953,0.002240918935366209,3.181413332292564,3.181413332292564,80.0,110.0,30.0,110.0,140.0,235.0,380.0,0.0004216032484845647,0.020532979532560895,0.013137680995171739,1.261578644291,0.9855481001333973,0.07733543532596293,0.013137680995171739,0.015779879167904548,80.0,30.0,70.0,-10.0,10.0,150.0,40.0,40.0,80.0,50.0,50.0,260.0,150.0,150.0,380.0,240.0,240.0,270.0,440.0,69.46221994724903,462,462000.0,0.3547213077545166,0.3554115809532471,0.0006902731987304955,0.0006902731987304955,0.001945959218238438,medium,3.181413332292564
E09B-8,sample_001629,samples/sample_001629.npz,sample_001629_prediction.npz,0.0017068738816305995,0.00592590169981122,0.7596738087120994,0.345679012345679,0.5137614678899083,504,1458,2.892857142857143,287.289128780365,833.7804448228115,2.9022345828485694,0.5700181126594543,0.6662049373345715,0.8611939549446106,0.035934180361604506,0.0015304878265177187,0.0012357893963086005,-3.8141682428584858,3.8141682428584858,70.0,130.0,60.0,60.0,140.0,440.0,210.0,0.0020936410158537795,0.04575632214081218,0.02665889964596882,1.6181521846879938,0.996211015960787,0.2299716692891013,0.02665889964596882,0.03718795618906668,70.0,60.0,50.0,-20.0,20.0,160.0,30.0,30.0,110.0,50.0,50.0,470.0,410.0,410.0,480.0,340.0,340.0,405.0,270.0,69.46221994724903,504,504000.0,0.5700181126594543,0.6662049373345715,0.09618682467511719,0.09618682467511719,0.16874345312704483,medium,-3.8141682428584858
E09B-8,sample_001922,samples/sample_001922.npz,sample_001922_prediction.npz,0.002434449503198266,0.007674382533878088,0.8055617169323852,0.352112676056338,0.5208333333333334,750,2130,2.84,600.9497344493866,1275.502023697553,2.1224770568643607,0.8012663125991821,0.7686988251209259,0.8905229568481445,0.010068843922462309,0.0023757557014603566,0.00124230065213805,2.953628233605343,2.953628233605343,60.0,110.0,50.0,150.0,100.0,455.0,270.0,0.002956661720605737,0.054375193982235476,0.032979527157747345,0.8239116807540083,0.9967938628459008,0.24884758225092107,0.032979527157747345,0.04323207731600626,60.0,50.0,0.0,-60.0,60.0,150.0,40.0,40.0,150.0,100.0,100.0,540.0,390.0,390.0,560.0,460.0,460.0,370.0,360.0,123.79418403139947,750,750000.0,0.8012663125991821,0.7686988251209259,-0.03256748747825622,0.03256748747825622,0.040645022717368966,large,2.953628233605343
E09B-8,sample_001409,samples/sample_001409.npz,sample_001409_prediction.npz,0.0008340461645275354,0.0017042305553331971,0.8098981307513818,0.47558386411889597,0.6446043165467625,224,471,2.1026785714285716,206.4456329345703,327.0494695166805,1.5841917548352,0.9216322898864746,0.8262201860280973,0.9623714685440063,0.030514171053475453,0.0007662611553173208,0.0005151218819646879,-0.5788315227791117,0.5788315227791117,20.0,90.0,70.0,40.0,80.0,480.0,290.0,0.00033041887880939377,0.018177427728075107,0.006684542364495376,0.4630285927017076,0.9932822845868485,0.14504950091486585,0.006684542364495376,0.01690372066104561,20.0,70.0,20.0,0.0,0.0,110.0,20.0,20.0,90.0,20.0,20.0,70.0,30.0,30.0,130.0,50.0,50.0,475.0,295.0,7.0710678118654755,224,224000.0,0.9216322898864746,0.8262201860280973,-0.09541210385837728,0.09541210385837728,0.10352513134075415,medium,-0.5788315227791117
E09B-8,sample_000992,samples/sample_000992.npz,sample_000992_prediction.npz,0.001065174350515008,0.0032960560638457537,0.8754830843941857,0.6632173095014111,0.7975113122171946,728,1040,1.4285714285714286,443.7051453590393,658.6926600274892,1.4845278828003794,0.6094850897789001,0.678783967014124,0.9564858078956604,0.06256971780498796,0.0006062981020129273,0.000628521372603418,1.8579755931681845,1.8579755931681845,20.0,100.0,80.0,70.0,130.0,395.0,215.0,0.0006706520815017579,0.025896951200899264,0.011495347758477437,0.36426072529000897,0.9950442158815034,0.20289877327106143,0.011495347758477437,0.023205798012855015,20.0,80.0,0.0,-20.0,20.0,130.0,30.0,30.0,130.0,50.0,50.0,340.0,270.0,270.0,180.0,50.0,50.0,270.0,220.0,125.09996003196804,728,728000.0,0.6094850897789001,0.678783967014124,0.06929887723522388,0.06929887723522388,0.11370069325299341,large,1.8579755931681845
E09B-8,sample_002128,samples/sample_002128.npz,sample_002128_prediction.npz,0.0005525368615053594,0.0025353815872222185,0.7884407810744724,0.2921646746347942,0.4522096608427544,220,753,3.422727272727273,101.6027420759201,348.90871051737,3.4340481702418693,0.46183064579963684,0.6084940722042864,0.7798978686332703,0.03212010315735179,0.00048173161472271804,0.0010812924716932704,-0.057208349815965676,0.057208349815965676,60.0,100.0,40.0,50.0,110.0,295.0,285.0,0.0006687699981676683,0.02586058773824888,0.012943855095974855,2.0744641675579736,0.9933720277593018,0.1466644820606398,0.012943855095974855,0.02238809088381754,60.0,40.0,50.0,-10.0,10.0,120.0,20.0,20.0,70.0,30.0,30.0,140.0,90.0,90.0,190.0,80.0,80.0,300.0,265.0,20.615528128088304,220,220000.0,0.46183064579963684,0.6084940722042864,0.14666342640464958,0.14666342640464958,0.31756971465310435,medium,-0.057208349815965676
E09B-8,sample_001888,samples/sample_001888.npz,sample_001888_prediction.npz,0.0020453259348869324,0.005364545155316591,0.7492951870508493,0.3,0.46153846153846156,378,1260,3.3333333333333335,311.36883294582367,809.4671873612773,2.5997052425029317,0.8237270712852478,0.8266606483825301,0.9460001587867737,0.011303210441525742,0.0020095900802418426,0.000799367843333728,-1.9144168081787285,1.9144168081787285,70.0,140.0,70.0,90.0,60.0,355.0,480.0,0.001628950568213107,0.04036025976394487,0.023601373985178097,1.3310423425767228,0.9963072260015783,0.22422518420184834,0.023601373985178097,0.03274027663635214,70.0,70.0,50.0,-20.0,20.0,160.0,20.0,20.0,110.0,40.0,40.0,520.0,430.0,430.0,230.0,170.0,170.0,320.0,435.0,57.0087712549569,378,378000.0,0.8237270712852478,0.8266606483825301,0.0029335770972822584,0.0029335770972822584,0.0035613459840588293,medium,-1.9144168081787285
E09B-8,sample_001536,samples/sample_001536.npz,sample_001536_prediction.npz,0.0008737302850931883,0.0027351684402674437,0.8043645383781551,0.32634032634032634,0.492091388400703,280,858,3.0642857142857145,223.28286409378052,461.861305634241,2.0685031406631174,0.7974388003349304,0.7475635941539492,0.8343627452850342,0.005748513963917569,0.0008598057677166506,0.001488595275708781,0.4254204082039692,0.4254204082039692,40.0,80.0,40.0,70.0,100.0,455.0,380.0,0.0010753868092544373,0.0327930908768057,0.01295292245823793,0.9319740840421691,0.9978900188091433,0.2562508197648923,0.01295292245823793,0.030126543264126945,40.0,40.0,20.0,-20.0,20.0,100.0,20.0,20.0,80.0,40.0,40.0,110.0,40.0,40.0,150.0,50.0,50.0,455.0,375.0,5.0,280,280000.0,0.7974388003349304,0.7475635941539492,-0.04987520618098118,0.04987520618098118,0.06254424309430794,medium,0.4254204082039692
E09B-8,sample_000503,samples/sample_000503.npz,sample_000503_prediction.npz,0.0007673068321309984,0.0025433399714529514,0.627568348945635,0.14285714285714285,0.25,90,630,7.0,83.0135428905487,296.52254859664794,3.5719779962602676,0.9223726987838745,0.71953101489279,0.808753490447998,0.044803833886992606,0.0007269531427644107,0.006722841268416021,1.1694895644344143,1.1694895644344143,70.0,90.0,20.0,90.0,50.0,415.0,505.0,0.0005271159616252038,0.022959006111441405,0.010681483013601816,2.2437281177973585,0.9938597630554417,0.13641389407530807,0.010681483013601816,0.02032293980346691,70.0,20.0,50.0,-20.0,20.0,130.0,40.0,40.0,80.0,60.0,60.0,180.0,90.0,90.0,160.0,110.0,110.0,420.0,470.0,35.35533905932738,90,90000.0,0.9223726987838745,0.71953101489279,-0.20284168389108448,0.20284168389108448,0.2199129312462589,small,1.1694895644344143
E09B-8,sample_001208,samples/sample_001208.npz,sample_001208_prediction.npz,0.0003276538336649537,0.0011719847097992897,0.8160899419581694,0.48128342245989303,0.6498194945848376,180,374,2.077777777777778,107.92141556739807,197.81505355864965,1.8329545856921423,0.5995634198188782,0.5980358563363553,0.8396496772766113,0.030266030022506937,0.0002727344653367326,0.001061666577716341,-1.8726337869175893,1.8726337869175893,20.0,70.0,50.0,40.0,90.0,250.0,475.0,0.00022439228838906422,0.014979729249524646,0.00511212934212823,0.6441467118677785,0.981324639757864,0.14384735120188946,0.00511212934212823,0.014080426910375117,20.0,50.0,20.0,0.0,0.0,80.0,10.0,10.0,60.0,10.0,10.0,450.0,410.0,410.0,320.0,230.0,230.0,325.0,480.0,75.16648189186454,180,180000.0,0.5995634198188782,0.5980358563363553,-0.00152756348252292,0.00152756348252292,0.002547792997418657,small,-1.8726337869175893
E09B-8,sample_000155,samples/sample_000155.npz,sample_000155_prediction.npz,0.0004587433359120041,0.0021382092963904142,0.789012599400938,0.3755868544600939,0.5460750853242321,240,639,2.6625,82.30671644210815,283.6217293140264,3.445912333454787,0.3429446518421173,0.512714402222385,0.8033167719841003,0.057724327242378116,0.00031859261568739156,0.001693489545051353,-1.4356112214034198,1.4356112214034198,70.0,110.0,40.0,60.0,100.0,340.0,440.0,0.0004149272809349534,0.020369763890014863,0.010192716746085882,2.2434474192777105,0.9941436920790114,0.11595240878718341,0.010192716746085882,0.01763620725295022,70.0,40.0,60.0,-10.0,10.0,140.0,30.0,30.0,80.0,40.0,40.0,130.0,70.0,70.0,190.0,90.0,90.0,345.0,425.0,15.811388300841896,240,240000.0,0.3429446518421173,0.512714402222385,0.16976975038026765,0.16976975038026765,0.4950354218045225,medium,-1.4356112214034198
E09B-8,sample_000172,samples/sample_000172.npz,sample_000172_prediction.npz,0.00034361888538114727,0.0019609550945460796,0.7105633741446077,0.26865671641791045,0.4235294117647059,144,536,3.7222222222222223,66.12655019760132,251.50942902138885,3.8034560742972516,0.45921215415000916,0.48800639280428487,0.6620511412620544,0.008928422950369011,0.0003310250513803622,0.005739261114531383,3.514294318430572,3.514294318430572,60.0,80.0,20.0,90.0,80.0,445.0,390.0,0.0003724219272170897,0.01929823637582175,0.009628350283052109,2.1376709433234,0.9828569220965522,0.10683844404430867,0.009628350283052109,0.01672473611283419,60.0,20.0,50.0,-10.0,10.0,110.0,30.0,30.0,60.0,40.0,40.0,140.0,50.0,50.0,160.0,80.0,80.0,450.0,360.0,30.4138126514911,144,144000.0,0.45921215415000916,0.48800639280428487,0.028794238654275717,0.028794238654275717,0.06270356390625847,small,3.514294318430572
E09B-8,sample_000676,samples/sample_000676.npz,sample_000676_prediction.npz,0.00048586915363557637,0.0027589043602347374,0.7148258926097534,0.25688073394495414,0.40875912408759124,196,763,3.892857142857143,93.86811804771423,349.8747907890388,3.7273016447521985,0.47891896963119507,0.5036213154695472,0.7289316654205322,0.015195597619563574,0.00045648214905105787,0.0018905069587248644,-8.284440594368832,8.284440594368832,80.0,150.0,70.0,70.0,40.0,265.0,450.0,0.00044861194431018497,0.02118046138095639,0.012242002875273791,2.5037501698664717,0.9911406188785357,0.09465589293806553,0.012242002875273791,0.017284250342782394,80.0,70.0,70.0,-10.0,10.0,160.0,10.0,10.0,90.0,20.0,20.0,190.0,120.0,120.0,260.0,220.0,220.0,285.0,510.0,63.245553203367585,196,196000.0,0.47891896963119507,0.5036213154695472,0.02470234583835218,0.02470234583835218,0.0515793848328349,medium,-8.284440594368832
E09B-8,sample_000167,samples/sample_000167.npz,sample_000167_prediction.npz,0.0007020236807875335,0.004244237672537565,0.7658725092257342,0.3112368633791431,0.4747225647348952,385,1237,3.212987012987013,162.68452391028404,563.5995408026239,3.464370963235773,0.42255720496177673,0.49610591674005833,0.7273800373077393,0.019327797454771277,0.0006287904831826879,0.0011173314799715786,-3.573294527003469,3.573294527003469,80.0,150.0,70.0,50.0,110.0,445.0,445.0,0.0008727045243494902,0.029541572814416807,0.01853342496879088,2.0553637736109436,0.9825022476655926,0.11610589654956421,0.01853342496879088,0.02300471002372534,80.0,70.0,70.0,-10.0,10.0,240.0,90.0,90.0,170.0,100.0,100.0,370.0,320.0,320.0,320.0,210.0,210.0,435.0,480.0,36.40054944640259,385,385000.0,0.42255720496177673,0.49610591674005833,0.0735487117782816,0.0735487117782816,0.1740562246120844,medium,-3.573294527003469
E09B-8,sample_000352,samples/sample_000352.npz,sample_000352_prediction.npz,0.0020115398801863194,0.00648348918184638,0.8375224618098625,0.42903575297941493,0.6004548900682335,792,1846,2.330808080808081,481.7146625518799,1095.440033779745,2.2740433682808394,0.6082255840301514,0.7411424900320444,0.9263652563095093,0.033797835624404145,0.0017533689743364344,0.0006073724809320313,2.419792562464508,2.419792562464508,40.0,120.0,80.0,90.0,110.0,345.0,285.0,0.0032664232651398264,0.05715263130547732,0.03096193135064858,0.9560573026368869,0.9951042987043989,0.36727777412356555,0.03096193135064858,0.048039380430825195,40.0,80.0,0.0,-40.0,40.0,150.0,30.0,30.0,150.0,70.0,70.0,510.0,420.0,420.0,530.0,420.0,420.0,285.0,365.0,100.0,792,792000.0,0.6082255840301514,0.7411424900320444,0.132916906001893,0.132916906001893,0.21853225101314375,large,2.419792562464508
E09B-8,sample_001467,samples/sample_001467.npz,sample_001467_prediction.npz,0.002152170753106475,0.008235998451709747,0.7334887616443987,0.3022126281705343,0.46415250725238294,560,1853,3.3089285714285714,347.71613597869873,1105.2761763573885,3.1786738146230245,0.6209216713905334,0.6624337956841503,0.8842143416404724,0.025618758374934193,0.002017724729729107,0.0011336541718416889,-3.9649492762092393,3.9649492762092393,70.0,150.0,80.0,50.0,140.0,355.0,200.0,0.0026993900346853074,0.05195565450155842,0.0357940633967942,1.6333929089151225,0.9859872593232302,0.209707394434468,0.0357940633967942,0.037658665141393224,70.0,80.0,50.0,-20.0,20.0,240.0,90.0,90.0,190.0,110.0,110.0,540.0,490.0,490.0,530.0,390.0,390.0,320.0,265.0,73.824115301167,560,560000.0,0.6209216713905334,0.6624337956841503,0.04151212429361684,0.04151212429361684,0.06685565379068155,medium,-3.9649492762092393
E09B-8,sample_002010,samples/sample_002010.npz,sample_002010_prediction.npz,0.001548739499412477,0.004558193497359753,0.6075893013336559,0.1486725663716814,0.2588597842835131,168,1130,6.726190476190476,156.31246948242188,529.9211576022042,3.3901400147849143,0.9304313659667969,0.7087647856346199,0.8045692443847656,0.052950127034136235,0.0014607448755921087,0.00820655963931506,0.823191926877783,0.823191926877783,80.0,100.0,20.0,60.0,140.0,170.0,470.0,0.0013067589743353358,0.03614912134942336,0.018123037224381494,2.1753362700461083,0.9975233003548841,0.19004718229634304,0.018123037224381494,0.0312780193762172,80.0,20.0,50.0,-30.0,30.0,150.0,50.0,50.0,100.0,80.0,80.0,220.0,160.0,160.0,210.0,70.0,70.0,200.0,455.0,33.54101966249684,168,168000.0,0.9304313659667969,0.7087647856346199,-0.221666580332177,0.221666580332177,0.2382406574415585,small,0.823191926877783
E09B-8,sample_002098,samples/sample_002098.npz,sample_002098_prediction.npz,0.0015961526660248637,0.005814664531499147,0.8415637545293323,0.43618739903069464,0.6074240719910011,810,1857,2.2925925925925927,470.3172558546066,1000.1138632163477,2.1264664452913924,0.580638587474823,0.6730867433327216,0.8592222929000854,0.02642464000351044,0.0013898724680656764,0.0006971403091008231,4.565214194962593,4.565214194962593,40.0,100.0,60.0,150.0,90.0,325.0,305.0,0.0025821493435095252,0.05081485357166274,0.027304026696412218,0.8254513829255665,0.9945422361039437,0.2690161923382024,0.027304026696412218,0.042856031893668524,40.0,60.0,0.0,-40.0,40.0,130.0,30.0,30.0,130.0,70.0,70.0,410.0,260.0,260.0,200.0,110.0,110.0,215.0,280.0,112.80514172678478,810,810000.0,0.580638587474823,0.6730867433327216,0.09244815585789856,0.09244815585789856,0.15921807102065397,large,4.565214194962593
E09B-8,sample_001451,samples/sample_001451.npz,sample_001451_prediction.npz,0.00024344499979633838,0.0015112533001229167,0.784276406087507,0.642292490118577,0.7821901323706378,392,439,1.1198979591836735,94.30146908760071,202.68275846786148,2.149306478773737,0.2405649721622467,0.3031367651395956,0.5984483361244202,0.03769815620468589,9.34914919948506e-05,0.002688326711683439,-4.5029730398532095,4.5029730398532095,20.0,90.0,70.0,80.0,70.0,390.0,335.0,0.00021784944626768442,0.014759723786971232,0.006133618849488618,0.8551114739495652,0.9905320400779111,0.11963329023103131,0.006133618849488618,0.013424908419683254,20.0,70.0,20.0,0.0,0.0,80.0,-10.0,10.0,60.0,-10.0,10.0,110.0,30.0,30.0,130.0,60.0,60.0,385.0,315.0,20.615528128088304,392,392000.0,0.2405649721622467,0.3031367651395956,0.06257179297734888,0.06257179297734888,0.26010350723524267,medium,-4.5029730398532095
E09B-8,sample_000316,samples/sample_000316.npz,sample_000316_prediction.npz,0.00016014017455745488,0.0011037293588742614,0.5447115438003578,0.20833333333333334,0.3448275862068966,80,384,4.8,23.076975345611572,126.67304381020871,5.489152798973608,0.28846219182014465,0.2883010318502784,0.4491797983646393,0.005665269655396435,0.000155656439311918,0.0010660067338432683,-0.6361367507147264,0.6361367507147264,20.0,60.0,40.0,50.0,40.0,475.0,350.0,0.00022024079872273202,0.0148405120775104,0.005957325493242181,2.5458692865713153,0.8489682065209491,0.08936116371620897,0.005957325493242181,0.013592316641775926,20.0,40.0,20.0,0.0,0.0,60.0,0.0,0.0,40.0,0.0,0.0,220.0,170.0,170.0,280.0,240.0,240.0,450.0,360.0,26.92582403567252,80,80000.0,0.28846219182014465,0.2883010318502784,-0.00016115996986626469,0.00016115996986626469,0.0005586866301242954,small,-0.6361367507147264
E09B-8,sample_001723,samples/sample_001723.npz,sample_001723_prediction.npz,0.0004575581115204841,0.0019347582710906863,0.8077018482242871,0.5785123966942148,0.7329842931937173,360,595,1.6527777777777777,184.5861268043518,307.76906819846056,1.6673466935284575,0.5127392411231995,0.4838836490176618,0.7345758080482483,0.04073489814230161,0.0003095159557699671,0.0011964582046181992,-2.8467632268767744,2.8467632268767744,30.0,90.0,60.0,50.0,120.0,255.0,300.0,0.00028355588324599826,0.016839117650458955,0.0068180559186756225,0.5688549389653198,0.9907721667597451,0.14707948579068153,0.0068180559186756225,0.015397077538799714,30.0,60.0,20.0,-10.0,10.0,90.0,0.0,0.0,70.0,10.0,10.0,90.0,40.0,40.0,150.0,30.0,30.0,255.0,295.0,5.0,360,360000.0,0.5127392411231995,0.4838836490176618,-0.028855592105537675,0.028855592105537675,0.05627732342530877,medium,-2.8467632268767744
E09B-8,sample_001111,samples/sample_001111.npz,sample_001111_prediction.npz,0.0013184566050767899,0.0038380688056349754,0.793068064803134,0.3401060070671378,0.5075807514831905,385,1132,2.9402597402597404,306.5526646375656,642.005332630501,2.094274187404432,0.7962406873703003,0.7548608830996922,0.8740791082382202,0.010389931262520195,0.0012827889806853944,0.0010555936117464472,0.8270376907267547,0.8270376907267547,40.0,90.0,50.0,70.0,110.0,375.0,255.0,0.0017689818056024625,0.04205926539542105,0.018038483887613265,0.9340282731566053,0.9969081592911373,0.3031246149300717,0.018038483887613265,0.03799466942399657,40.0,50.0,20.0,-20.0,20.0,120.0,30.0,30.0,100.0,50.0,50.0,350.0,280.0,280.0,160.0,50.0,50.0,255.0,250.0,120.10412149464314,385,385000.0,0.7962406873703003,0.7548608830996922,-0.041379804270608056,0.041379804270608056,0.05196896482051279,medium,0.8270376907267547
E09B-8,sample_000562,samples/sample_000562.npz,sample_000562_prediction.npz,0.00029519779491238296,0.0016641467809677124,0.7684734657134721,0.308300395256917,0.47129909365558914,156,506,3.2435897435897436,97.30296850204468,219.9980531021222,2.2609593159277486,0.6237369775772095,0.49380719250975513,0.6608771085739136,0.025430821779992216,0.00025524633720735545,0.0018732337333827592,3.1669963285070963,3.1669963285070963,50.0,80.0,30.0,40.0,130.0,490.0,495.0,0.00017148000528810506,0.013095037429809242,0.006251907929480198,0.9336194278822779,0.9884335435594241,0.07682738641019582,0.006251907929480198,0.01150624406700152,50.0,30.0,40.0,-10.0,10.0,100.0,20.0,20.0,60.0,30.0,30.0,90.0,50.0,50.0,170.0,40.0,40.0,485.0,495.0,5.0,156,156000.0,0.6237369775772095,0.49380719250975513,-0.12992978506745434,0.12992978506745434,0.2083086136277225,small,3.1669963285070963
E09B-8,sample_002168,samples/sample_002168.npz,sample_002168_prediction.npz,0.00039763597305864096,0.0014149426715448499,0.7043738984587887,0.22916666666666666,0.3728813559322034,88,384,4.363636363636363,75.48128128051758,172.17540752678002,2.281034510886345,0.8577418327331543,0.616830391640013,0.7401369214057922,0.0622892799662244,0.00034218204240228065,0.0079092267842973,3.072836717679756,3.072836717679756,30.0,50.0,20.0,110.0,40.0,415.0,420.0,0.0001910409162381802,0.01382175517936055,0.005471362262497362,0.83833954373652,0.9785378108935722,0.10440647753116472,0.005471362262497362,0.012692718827371066,30.0,20.0,20.0,-10.0,10.0,80.0,30.0,30.0,60.0,40.0,40.0,220.0,110.0,110.0,280.0,240.0,240.0,450.0,420.0,35.0,88,88000.0,0.8577418327331543,0.616830391640013,-0.24091144109314133,0.24091144109314133,0.2808670766651176,small,3.072836717679756
E09B-8,sample_001196,samples/sample_001196.npz,sample_001196_prediction.npz,0.0005557587719522417,0.0018812725320458412,0.7012715918695978,0.20594965675057209,0.3415559772296015,90,437,4.855555555555555,88.26255083084106,226.89167563277078,2.5706448940912474,0.9806950092315674,0.7234312196572622,0.8503493666648865,0.07273730194403352,0.0004896140832149346,0.002698531644889214,3.91857407425519,3.91857407425519,50.0,80.0,30.0,60.0,50.0,110.0,525.0,0.000263657932188848,0.016237546988041265,0.006868746852996264,1.1968911022758042,0.9916836543544898,0.12143736164426813,0.006868746852996264,0.014713199817113267,50.0,30.0,30.0,-20.0,20.0,120.0,40.0,40.0,90.0,60.0,60.0,120.0,60.0,60.0,110.0,60.0,60.0,110.0,525.0,0.0,90,90000.0,0.9806950092315674,0.7234312196572622,-0.2572637895743052,0.2572637895743052,0.2623280297672633,small,3.91857407425519
E09B-8,sample_001899,samples/sample_001899.npz,sample_001899_prediction.npz,0.00034563863300718367,0.003072537248954177,0.7886764556178204,0.4034934497816594,0.5749844430616055,462,1145,2.4783549783549783,150.69104826450348,423.60926630114926,2.8111110193991125,0.3261711001396179,0.3467248666757371,0.5717323422431946,0.009871772449523272,0.00030065718923929,0.002266980921356624,3.4960727306105355,3.4960727306105355,80.0,110.0,30.0,110.0,140.0,165.0,350.0,0.0004508191763061545,0.02123250282717877,0.013053212025864494,1.4201516032088652,0.984945050447191,0.07888801091061623,0.013053212025864494,0.01674612886950238,80.0,30.0,70.0,-10.0,10.0,150.0,40.0,40.0,80.0,50.0,50.0,260.0,150.0,150.0,360.0,220.0,220.0,200.0,400.0,61.032778078668514,462,462000.0,0.3261711001396179,0.3467248666757371,0.020553766536119178,0.020553766536119178,0.06301529021829683,medium,3.4960727306105355
E09B-8,sample_000775,samples/sample_000775.npz,sample_000775_prediction.npz,0.001170449540950358,0.003944346681237221,0.753807246672073,0.5279329608938548,0.6910420475319927,640,1001,1.5640625,211.01202011108398,523.277313755248,2.4798459987245125,0.3297062814235687,0.46401587758300594,0.8680342435836792,0.08543305434983554,0.0006182700116457273,0.0023818273888712286,-5.769260861895319,5.769260861895319,60.0,140.0,80.0,160.0,50.0,440.0,325.0,0.0007710565151861741,0.027767904407538103,0.015422745767430274,1.3318475537311256,0.9921579123737695,0.14919841184211768,0.015422745767430274,0.023091024840387348,60.0,80.0,50.0,-10.0,10.0,160.0,20.0,20.0,110.0,30.0,30.0,310.0,150.0,150.0,190.0,140.0,140.0,485.0,285.0,60.207972893961475,640,640000.0,0.3297062814235687,0.46401587758300594,0.13430959615943722,0.13430959615943722,0.407361350774181,large,-5.769260861895319
E09B-8,sample_001971,samples/sample_001971.npz,sample_001971_prediction.npz,0.0009242983651347458,0.0033853219356387854,0.6900654379260628,0.19536019536019536,0.3268641470888662,160,819,5.11875,147.76297569274902,402.5443796972552,2.724257398106857,0.9235185980796814,0.6797396078705787,0.820745050907135,0.0635712147011131,0.0008221677652935531,0.008786511279695092,5.300923407446561,5.300923407446561,50.0,70.0,20.0,160.0,50.0,240.0,195.0,0.0007675226273693549,0.02770419873176907,0.013467388718586479,1.276699989761334,0.9898736207631755,0.1574644349795175,0.013467388718586479,0.024210577615411087,50.0,20.0,20.0,-30.0,30.0,100.0,30.0,30.0,80.0,60.0,60.0,200.0,40.0,40.0,170.0,120.0,120.0,240.0,145.0,50.0,160,160000.0,0.9235185980796814,0.6797396078705787,-0.24377899020910265,0.24377899020910265,0.26396760251066365,small,5.300923407446561
E09B-8,sample_002064,samples/sample_002064.npz,sample_002064_prediction.npz,0.0016957055777311325,0.00717979297041893,0.76553696928696,0.3252858958068615,0.49089165867689355,768,2361,3.07421875,498.9137878417969,1018.1877190458915,2.040808941060482,0.6496273279190063,0.5408868913073093,0.7829035520553589,0.02913052567797363,0.0014796834794326887,0.0018299583041943516,2.77682286944561,2.77682286944561,80.0,120.0,40.0,160.0,120.0,170.0,440.0,0.001332213492554431,0.036499499894579804,0.024407419798812176,0.783634542053909,0.9862296264952616,0.12913179787645868,0.024407419798812176,0.027138374146565645,80.0,40.0,60.0,-20.0,20.0,240.0,120.0,120.0,180.0,140.0,140.0,400.0,240.0,240.0,310.0,190.0,190.0,260.0,405.0,96.56603957913983,768,768000.0,0.6496273279190063,0.5408868913073093,-0.10874043661169708,0.10874043661169708,0.16738895046184776,large,2.77682286944561
E09B-8,sample_001548,samples/sample_001548.npz,sample_001548_prediction.npz,0.0010657856473699212,0.003916391171514988,0.788804352442136,0.3142857142857143,0.4782608695652174,396,1260,3.1818181818181817,281.8826107978821,615.5571000718338,2.183735627853986,0.7118247747421265,0.657233910804445,0.8057291507720947,0.010507215408393082,0.0010275987248004478,0.0013887173040486973,2.2438972350688715,2.2438972350688715,50.0,90.0,40.0,90.0,110.0,455.0,335.0,0.0012471188698382433,0.03531457022021142,0.0174310767841303,0.932806321900837,0.9930238496060645,0.2093824429261964,0.0174310767841303,0.030712805667734055,50.0,40.0,30.0,-20.0,20.0,120.0,30.0,30.0,90.0,50.0,50.0,460.0,370.0,370.0,220.0,110.0,110.0,390.0,300.0,73.824115301167,396,396000.0,0.7118247747421265,0.657233910804445,-0.05459086393768142,0.05459086393768142,0.07669143569421015,medium,2.2438972350688715
E09B-8,sample_000381,samples/sample_000381.npz,sample_000381_prediction.npz,0.00019277552200946957,0.0017680117161944509,0.867831851989097,0.6777251184834123,0.807909604519774,600,816,1.36,171.90202474594116,298.1174257371467,1.7342287048552383,0.2865033745765686,0.3089461120140428,0.5393906235694885,0.013758809898265438,0.00010946654342395853,0.0013952945221074222,0.9889500291273023,0.9889500291273023,30.0,70.0,40.0,100.0,150.0,440.0,425.0,0.0002557075226747901,0.015990857471530104,0.006965076278680685,0.570108116598053,0.9915436980171659,0.11272043589715686,0.006965076278680685,0.014394277859863263,30.0,40.0,20.0,-10.0,10.0,80.0,10.0,10.0,60.0,20.0,20.0,130.0,30.0,30.0,160.0,10.0,10.0,435.0,420.0,7.0710678118654755,600,600000.0,0.2865033745765686,0.3089461120140428,0.022442737437474214,0.022442737437474214,0.0783332394274342,medium,0.9889500291273023
E09B-8,sample_000114,samples/sample_000114.npz,sample_000114_prediction.npz,0.0014249893138185143,0.006578777451068163,0.7109967805116983,0.23880597014925373,0.3855421686746988,480,2010,4.1875,322.79139518737793,827.0983440167505,2.562330831454247,0.6724820733070374,0.526020102451245,0.7369765043258667,0.033761004931933875,0.0012663240256742087,0.0066864895593603925,7.126101947914933,7.126101947914933,80.0,100.0,20.0,150.0,160.0,485.0,350.0,0.001345290430623933,0.03667820102763947,0.023817011895773357,1.1447496957111791,0.9877938156904664,0.11903909025837967,0.023817011895773357,0.02789337510916389,80.0,20.0,60.0,-20.0,20.0,160.0,60.0,60.0,100.0,80.0,80.0,380.0,230.0,230.0,440.0,280.0,280.0,450.0,420.0,78.26237921249263,480,480000.0,0.6724820733070374,0.526020102451245,-0.14646197085579238,0.14646197085579238,0.21779312292377162,medium,7.126101947914933
E09B-8,sample_000761,samples/sample_000761.npz,sample_000761_prediction.npz,0.0017161291325464845,0.003993507008999586,0.6557158254158488,0.2209695603156708,0.3619575253924284,196,887,4.525510204081633,195.83123445510864,504.5941086907196,2.5766783837865774,0.9991389513015747,0.7853255969833355,0.9152058959007263,0.05669921644937835,0.0016062841721340225,0.0009576527298049697,0.7342844833269027,0.7342844833269027,50.0,120.0,70.0,70.0,40.0,155.0,200.0,0.001043383214021685,0.032301442909283246,0.015291207280759942,1.3428853219223615,0.9970730579517201,0.24365905898741008,0.015291207280759942,0.028452806433083525,50.0,70.0,0.0,-50.0,50.0,160.0,40.0,40.0,160.0,90.0,90.0,260.0,190.0,190.0,190.0,150.0,150.0,200.0,155.0,63.63961030678928,196,196000.0,0.9991389513015747,0.7853255969833355,-0.21381335431823922,0.21381335431823922,0.21399761668755415,medium,0.7342844833269027
E09B-8,sample_001580,samples/sample_001580.npz,sample_001580_prediction.npz,0.002667306223884225,0.005450294818729162,0.7582726280781913,0.32498307379823965,0.4905467552376086,480,1477,3.0770833333333334,401.34976387023926,929.2467837853679,2.315304174654513,0.8361453413963318,0.8620180225620667,0.9511157870292664,0.003001407474921073,0.00266566697643597,0.0006708771107453087,2.4124287751354814,2.4124287751354814,40.0,120.0,80.0,120.0,50.0,500.0,525.0,0.0035372984383308503,0.05947519178893709,0.025463695719316396,1.1752195128232823,0.9961888758668459,0.461936912198481,0.025463695719316396,0.05374847568671058,40.0,80.0,0.0,-40.0,40.0,160.0,40.0,40.0,160.0,80.0,80.0,400.0,280.0,280.0,190.0,140.0,140.0,390.0,515.0,110.45361017187261,480,480000.0,0.8361453413963318,0.8620180225620667,0.025872681165734934,0.025872681165734934,0.030942803702677473,medium,2.4124287751354814
E09B-8,sample_001591,samples/sample_001591.npz,sample_001591_prediction.npz,0.001446933951228857,0.00931983720511198,0.7074904573264593,0.4088967971530249,0.5804496084869917,1320,2639,1.9992424242424243,381.7951512336731,1134.0899124360237,2.9704146550093764,0.28923875093460083,0.32958927332797566,0.7068434357643127,0.03688524604407694,0.0009646011124154585,0.0015869785235397272,-0.536736147159985,0.536736147159985,70.0,150.0,80.0,110.0,150.0,395.0,325.0,0.002039954398159972,0.045165854338869445,0.03484399834980198,1.3319337810853185,0.9593840819887753,0.12255193317731405,0.03484399834980198,0.028737609106516997,70.0,80.0,70.0,0.0,0.0,240.0,90.0,90.0,170.0,90.0,90.0,560.0,450.0,450.0,510.0,360.0,360.0,360.0,385.0,69.46221994724903,1320,1320000.0,0.28923875093460083,0.32958927332797566,0.04035052239337483,0.04035052239337483,0.1395059350207829,large,-0.536736147159985
E09B-8,sample_000709,samples/sample_000709.npz,sample_000709_prediction.npz,0.0012760803801938891,0.00370910856872797,0.6662570055499862,0.19607843137254902,0.32786885245901637,180,918,5.1,170.6106162071228,452.333118660036,2.651260095742809,0.9478367567062378,0.7175652614898151,0.852022647857666,0.0651546919802571,0.0011589006220726415,0.0036430122887338625,0.7333149931838676,0.7333149931838676,80.0,110.0,30.0,120.0,50.0,480.0,315.0,0.0006540631887305392,0.02557465911269472,0.01366297443476359,1.4494471024226796,0.9977395299847386,0.1341105017823506,0.01366297443476359,0.021619119277286384,80.0,30.0,60.0,-20.0,20.0,150.0,40.0,40.0,90.0,60.0,60.0,260.0,140.0,140.0,170.0,120.0,120.0,510.0,285.0,42.42640687119285,180,180000.0,0.9478367567062378,0.7175652614898151,-0.23027149521642265,0.23027149521642265,0.24294425552415086,small,0.7333149931838676
E09B-8,sample_000703,samples/sample_000703.npz,sample_000703_prediction.npz,0.0005738372565247118,0.0024898466654121876,0.8187198646391808,0.6081258191349934,0.756316218418908,520,707,1.3596153846153847,243.65123629570007,376.65931790713887,1.5458953692728958,0.4685600697994232,0.4714646343464175,0.864590585231781,0.060957079991094607,0.00025272866255628395,0.0017267484006085723,-2.9020475208178453,2.9020475208178453,30.0,110.0,80.0,130.0,50.0,465.0,415.0,0.00022253192448753962,0.014917503963047559,0.007145017440506125,0.4313348337731089,0.9958499424366561,0.09881082863900598,0.007145017440506125,0.01309506205645483,30.0,80.0,20.0,-10.0,10.0,120.0,10.0,10.0,100.0,20.0,20.0,180.0,50.0,50.0,180.0,130.0,130.0,460.0,380.0,35.35533905932738,520,520000.0,0.4685600697994232,0.4714646343464175,0.0029045645469942816,0.0029045645469942816,0.006198916071183018,medium,-2.9020475208178453
E09B-8,sample_001400,samples/sample_001400.npz,sample_001400_prediction.npz,0.0005139745189808309,0.002356325276196003,0.7275144365514218,0.3032581453634085,0.4653846153846154,242,798,3.2975206611570247,134.1245481967926,328.81831341774927,2.4515893461597695,0.5542336702346802,0.4782769747755744,0.5752528309822083,0.008004992311228946,0.0004954880062599685,0.00838975517828372,4.922734355023415,4.922734355023415,30.0,50.0,20.0,110.0,110.0,425.0,365.0,0.0007193411878522224,0.026820536680913422,0.01098244384923614,1.0244385861638794,0.9864960552382207,0.17289120983993428,0.01098244384923614,0.024468900975536226,30.0,20.0,20.0,-10.0,10.0,70.0,20.0,20.0,50.0,30.0,30.0,250.0,140.0,140.0,180.0,70.0,70.0,375.0,350.0,52.20153254455275,242,242000.0,0.5542336702346802,0.4782769747755744,-0.07595669545910577,0.07595669545910577,0.1370481432983732,medium,4.922734355023415
E09B-8,sample_001887,samples/sample_001887.npz,sample_001887_prediction.npz,0.0004894729354418814,0.0014656884595751762,0.8049140912374182,0.6235059760956175,0.7680981595092025,320,495,1.546875,185.7793426513672,262.3715961271179,1.412275403619462,0.5805604457855225,0.5210785531089641,0.7989135980606079,0.04508549826338977,0.00034382954903148047,0.0012321437574919177,-2.904857622496685,2.904857622496685,20.0,70.0,50.0,40.0,160.0,380.0,240.0,0.00016944870587761978,0.01301724647833096,0.004457182532184253,0.36867452878776197,0.9939750583793449,0.10160856311404282,0.004457182532184253,0.01223038142301422,20.0,50.0,20.0,0.0,0.0,70.0,0.0,0.0,50.0,0.0,0.0,150.0,110.0,110.0,230.0,70.0,70.0,335.0,215.0,51.478150704935004,320,320000.0,0.5805604457855225,0.5210785531089641,-0.059481892676558346,0.059481892676558346,0.1024559856055589,medium,-2.904857622496685
E09B-8,sample_001331,samples/sample_001331.npz,sample_001331_prediction.npz,0.00038975116331130266,0.0017483661649748683,0.37217023966183976,0.15360983102918588,0.2663115845539281,110,641,5.827272727272727,28.615364134311676,192.13578800127777,6.714427504729689,0.26013967394828796,0.23742447636135364,0.44683733582496643,0.006811586659551968,0.00038255718874277516,0.004105154206417623,5.27384466505621,5.27384466505621,20.0,40.0,20.0,50.0,110.0,375.0,195.0,0.0005741780632772696,0.02396201292206624,0.00952830622265218,3.174441983383601,0.7427284034530635,0.13892140087398117,0.00952830622265218,0.02198611934390963,20.0,20.0,20.0,0.0,0.0,60.0,20.0,20.0,40.0,20.0,20.0,230.0,180.0,180.0,270.0,160.0,160.0,345.0,225.0,42.42640687119285,110,110000.0,0.26013967394828796,0.23742447636135364,-0.022715197586934327,0.022715197586934327,0.08731923601722429,small,5.27384466505621
E09B-8,sample_001596,samples/sample_001596.npz,sample_001596_prediction.npz,0.001380682340823114,0.004683356266468763,0.6938521625765582,0.21780466724286948,0.35770049680624555,252,1157,4.591269841269841,230.43040251731873,565.4787590119264,2.4540110716051284,0.9144063591957092,0.6657073800525968,0.8143287301063538,0.07100285609205305,0.0012017488443895376,0.0069059144385303665,-0.18494898189288733,0.18494898189288733,80.0,100.0,20.0,140.0,90.0,390.0,355.0,0.0008909850723331129,0.029849373064322688,0.01679995763157381,1.2340864638950175,0.9957672889951986,0.14957663247037778,0.01679995763157381,0.024672788571834303,80.0,20.0,50.0,-30.0,30.0,130.0,30.0,30.0,80.0,60.0,60.0,300.0,160.0,160.0,220.0,130.0,130.0,440.0,320.0,61.032778078668514,252,252000.0,0.9144063591957092,0.6657073800525968,-0.24869897914311245,0.24869897914311245,0.27197861939834095,medium,-0.18494898189288733
E09B-8,sample_002009,samples/sample_002009.npz,sample_002009_prediction.npz,0.00034561092616058886,0.003519796533510089,0.7796332337047072,0.48451151707704526,0.6527554842161584,616,1253,2.034090909090909,175.44790244102478,474.58699192359154,2.7050023700518144,0.28481802344322205,0.2923016517737566,0.5474569201469421,0.009561858905918093,0.00028749522333518967,0.0018122451508669026,0.9192185092832119,0.9192185092832119,80.0,120.0,40.0,140.0,110.0,360.0,135.0,0.0004681756988397605,0.021637368112590784,0.014184804252635137,1.2969394608593505,0.9757267718970726,0.07094374458002531,0.014184804252635137,0.016339125654519726,80.0,40.0,70.0,-10.0,10.0,140.0,20.0,20.0,70.0,30.0,30.0,390.0,250.0,250.0,370.0,260.0,260.0,345.0,195.0,61.84658438426491,616,616000.0,0.28481802344322205,0.2923016517737566,0.007483628330534564,0.007483628330534564,0.026275122058862302,large,0.9192185092832119
E09B-8,sample_002116,samples/sample_002116.npz,sample_002116_prediction.npz,0.0038977095391601324,0.007770357187837362,0.755953644950403,0.3323442136498516,0.49888641425389757,672,2022,3.0089285714285716,638.236249923706,1296.772322085103,2.031806125459213,0.9497563242912292,0.8715969419018144,0.9669876098632812,0.009750443324198171,0.003857425492965563,0.0008720862723371027,0.929898990878371,0.929898990878371,40.0,110.0,70.0,60.0,160.0,190.0,340.0,0.00607058108011995,0.07791393379954545,0.034037219112611504,0.9663280068743124,0.9980908324908206,0.5113569517304822,0.034037219112611504,0.07008600998202154,40.0,70.0,0.0,-40.0,40.0,160.0,50.0,50.0,160.0,90.0,90.0,260.0,200.0,200.0,320.0,160.0,160.0,250.0,290.0,78.10249675906654,672,672000.0,0.9497563242912292,0.8715969419018144,-0.07815938238941489,0.07815938238941489,0.08229414260309618,large,0.929898990878371
E09B-8,sample_000238,samples/sample_000238.npz,sample_000238_prediction.npz,0.005097720306366682,0.014227728359401226,0.7889877635966538,0.3300589390962672,0.4963072378138848,1344,4072,3.0297619047619047,988.6517601013184,2317.9890027707775,2.344596041110802,0.7356039881706238,0.7867091032454655,0.9512742161750793,0.014228545204045307,0.004971154711056864,0.0010508506285297002,5.896707413606038,5.896707413606038,50.0,120.0,70.0,160.0,120.0,350.0,150.0,0.010555216226694353,0.10273858197724141,0.06400264931121273,0.9565608786300855,0.9881035542364697,0.550057709360394,0.06400264931121273,0.08036713947777584,50.0,70.0,0.0,-50.0,50.0,240.0,120.0,120.0,240.0,170.0,170.0,520.0,360.0,360.0,480.0,360.0,360.0,270.0,300.0,170.0,1344,1344000.0,0.7356039881706238,0.7867091032454655,0.05110511507484172,0.05110511507484172,0.06947367863235111,large,5.896707413606038
E09B-8,sample_000737,samples/sample_000737.npz,sample_000737_prediction.npz,0.0001452827564207837,0.0017777597531676292,0.8139851465281475,0.49581589958158995,0.6629370629370629,240,475,1.9791666666666667,93.02326440811157,233.44800467563041,2.5095658184112692,0.3875969350337982,0.3317434160814931,0.5528749227523804,0.01177608051653594,0.00011681774889840652,0.002096359274291015,2.582436156266823,2.582436156266823,40.0,70.0,30.0,50.0,160.0,375.0,160.0,0.00016359294236146144,0.012790345670131884,0.0075290674575720015,0.8711250090888415,0.9629439041695014,0.0822291656473371,0.0075290674575720015,0.010339539911465679,40.0,30.0,20.0,-20.0,20.0,80.0,10.0,10.0,60.0,30.0,30.0,70.0,20.0,20.0,180.0,20.0,20.0,375.0,150.0,10.0,240,240000.0,0.3875969350337982,0.3317434160814931,-0.055853518952305115,0.055853518952305115,0.14410206558376093,medium,2.582436156266823
E09B-8,sample_000271,samples/sample_000271.npz,sample_000271_prediction.npz,0.0016306298784911633,0.0060510821640491486,0.7034779550516227,0.25030902348578493,0.4003954522985665,405,1618,3.995061728395062,286.7427536845207,796.4161939511976,2.777458832760699,0.7080067992210388,0.616988425269539,0.7943884134292603,0.025746259312471487,0.001530865545856087,0.0036450666307064894,1.7657814177631082,1.7657814177631082,80.0,110.0,30.0,90.0,150.0,365.0,435.0,0.0016584304153071903,0.04072383104899624,0.024725299532622303,1.4246493051159157,0.9938344990490915,0.176569804664501,0.024725299532622303,0.03235876972830236,80.0,30.0,50.0,-30.0,30.0,160.0,50.0,50.0,110.0,80.0,80.0,490.0,400.0,400.0,290.0,140.0,140.0,335.0,405.0,42.42640687119285,405,405000.0,0.7080067992210388,0.616988425269539,-0.09101837395149981,0.09101837395149981,0.12855579078003174,medium,1.7657814177631082
E09B-8,sample_001280,samples/sample_001280.npz,sample_001280_prediction.npz,0.0006059475708752871,0.0025088877882808447,0.49447387588721925,0.21413721413721415,0.3527397260273973,210,958,4.561904761904762,63.227905333042145,299.21507649822223,4.732326255664459,0.3010852634906769,0.30426180584320156,0.5244231224060059,0.005263662796416707,0.0005959762935944695,0.0031768010985138615,4.4459800077978,4.4459800077978,20.0,40.0,20.0,70.0,150.0,415.0,485.0,0.0010379783474226767,0.03221767135319802,0.013566471758372231,2.202111188964428,0.7803041107294878,0.19581491046310454,0.013566471758372231,0.029222066857975074,20.0,20.0,20.0,0.0,0.0,60.0,20.0,20.0,40.0,20.0,20.0,390.0,320.0,320.0,340.0,190.0,190.0,445.0,470.0,33.54101966249684,210,210000.0,0.3010852634906769,0.30426180584320156,0.0031765423525246805,0.0031765423525246805,0.010550308293727044,medium,4.4459800077978
E09B-8,sample_000473,samples/sample_000473.npz,sample_000473_prediction.npz,0.0014587644254788756,0.006078741047531366,0.8347023485479508,0.40632054176072235,0.5778491171749599,900,2215,2.4611111111111112,463.0685806274414,1030.5335231494466,2.225444710053769,0.5145206451416016,0.5949572781059477,0.7977359294891357,0.017473664803338385,0.0013107889118219795,0.0015542880969239552,5.03327171762497,5.03327171762497,50.0,90.0,40.0,150.0,150.0,445.0,245.0,0.0026802299106008214,0.05177093692991099,0.028927756823961034,0.9185779817244828,0.9900379449023284,0.24018362095258988,0.028927756823961034,0.04293500664649532,50.0,40.0,30.0,-20.0,20.0,140.0,50.0,50.0,110.0,70.0,70.0,520.0,370.0,370.0,290.0,140.0,140.0,380.0,185.0,88.45903006477066,900,900000.0,0.5145206451416016,0.5949572781059477,0.08043663296434611,0.08043663296434611,0.15633314955167463,large,5.03327171762497
E09B-8,sample_001502,samples/sample_001502.npz,sample_001502_prediction.npz,0.0003810014750342816,0.001920434646308422,0.7684889579066042,0.4482758620689655,0.6190476190476191,252,546,2.1666666666666665,71.70944917201996,247.85839450822124,3.456425859772636,0.28456130623817444,0.4296320395928527,0.8090858459472656,0.05898523719982756,0.00023038481393670233,0.002777246265522297,-5.952900929379254,5.952900929379254,70.0,140.0,70.0,60.0,60.0,160.0,450.0,0.0002645501457740068,0.01626499756452508,0.00843221190315252,2.3010959698214166,0.9949278111492141,0.08414065036154386,0.00843221190315252,0.013908556653885398,70.0,70.0,70.0,0.0,0.0,160.0,20.0,20.0,90.0,20.0,20.0,140.0,80.0,80.0,140.0,80.0,80.0,160.0,440.0,10.0,252,252000.0,0.28456130623817444,0.4296320395928527,0.14507073335467824,0.14507073335467824,0.5098048475826709,medium,-5.952900929379254
E09B-8,sample_000960,samples/sample_000960.npz,sample_000960_prediction.npz,0.0011002698447555304,0.0044625322334468365,0.7373784308354392,0.2554027504911591,0.40688575899843504,390,1527,3.9153846153846152,203.0231523513794,639.6600333283297,3.1506753092930375,0.5205721855163574,0.5726957195844405,0.7135108113288879,0.005527987092988062,0.0010826339001712092,0.006937640496963,2.489344071233731,2.489344071233731,70.0,90.0,20.0,130.0,150.0,165.0,265.0,0.0017375383759735848,0.041683790326379686,0.02203726782208859,1.8428523810043027,0.9939350453870985,0.19734235859275884,0.02203726782208859,0.03538215938733988,70.0,20.0,50.0,-20.0,20.0,130.0,40.0,40.0,80.0,60.0,60.0,290.0,160.0,160.0,230.0,80.0,80.0,185.0,245.0,28.284271247461902,390,390000.0,0.5205721855163574,0.5726957195844405,0.05212353406808312,0.05212353406808312,0.1001273896652423,medium,2.489344071233731
E09B-8,sample_001604,samples/sample_001604.npz,sample_001604_prediction.npz,0.0014449279988184571,0.004235720727592707,0.7592353222347181,0.32454361054766734,0.4900459418070444,320,986,3.08125,209.39214706420898,617.2102716214358,2.947628553768884,0.6543504595756531,0.7671297112479806,0.9100631475448608,0.023900829646086696,0.0013715905913497465,0.0008425129737935686,-1.958519771521651,1.958519771521651,70.0,150.0,80.0,50.0,80.0,265.0,500.0,0.001071858101422597,0.032739244056981476,0.018841941764501657,1.6585039814139508,0.9938614563913182,0.1644345114349426,0.018841941764501657,0.026773855381056446,70.0,80.0,60.0,-10.0,10.0,160.0,10.0,10.0,100.0,20.0,20.0,400.0,350.0,350.0,210.0,130.0,130.0,260.0,465.0,35.35533905932738,320,320000.0,0.6543504595756531,0.7671297112479806,0.1127792516723275,0.1127792516723275,0.1723529800001439,medium,-1.958519771521651
E09B-8,sample_001049,samples/sample_001049.npz,sample_001049_prediction.npz,0.00063911615870893,0.003096792148426175,0.8048876757360824,0.5860696517412936,0.739021329987453,630,964,1.53015873015873,164.42838996648788,424.0552764646075,2.578966299864848,0.2609974443912506,0.39174721466879997,0.7176171541213989,0.05482689016415274,0.000289603489527468,0.0021591102428428397,-0.7864085877079958,0.7864085877079958,50.0,110.0,60.0,70.0,150.0,215.0,405.0,0.0006376013674926772,0.025250769641590676,0.013373098340973636,1.292892070676169,0.9936881702495404,0.12434301786414284,0.013373098340973636,0.021418720976177016,50.0,60.0,50.0,0.0,0.0,120.0,10.0,10.0,70.0,10.0,10.0,210.0,140.0,140.0,230.0,80.0,80.0,245.0,385.0,36.05551275463989,630,630000.0,0.2609974443912506,0.39174721466879997,0.13074977027754936,0.13074977027754936,0.5009618794640293,large,-0.7864085877079958
E09B-8,sample_001954,samples/sample_001954.npz,sample_001954_prediction.npz,0.00028049599495716393,0.001743465312756598,0.7610235389070447,0.24866785079928952,0.39829302987197723,140,563,4.021428571428571,69.94698226451874,229.87452384664218,3.2864108844227893,0.49962130188941956,0.5196780934929848,0.7397669553756714,0.015229009003999858,0.00025917666955504467,0.00484375530163431,1.236470553754458,1.236470553754458,80.0,100.0,20.0,100.0,70.0,400.0,495.0,0.0002356201046870665,0.015349921976579115,0.007788989941175217,2.0159757985687596,0.9925251281931685,0.07978925742164741,0.007788989941175217,0.013226932387494,80.0,20.0,60.0,-20.0,20.0,140.0,40.0,40.0,80.0,60.0,60.0,170.0,70.0,70.0,260.0,190.0,190.0,405.0,510.0,15.811388300841896,140,140000.0,0.49962130188941956,0.5196780934929848,0.020056791603565216,0.020056791603565216,0.04014398811202881,small,1.236470553754458
E09B-8,sample_001051,samples/sample_001051.npz,sample_001051_prediction.npz,0.000649713387247175,0.0023871175944805145,0.8185909992590574,0.3424124513618677,0.5101449275362319,264,771,2.9204545454545454,169.32887077331543,397.1932504728298,2.345691249571739,0.64139723777771,0.6970380501765193,0.817202091217041,0.008743478668201876,0.0006279187673850673,0.0013148636891071493,-0.17134893102301163,0.17134893102301163,40.0,80.0,40.0,110.0,60.0,165.0,520.0,0.001043236194934259,0.03229916709350659,0.01207138753981218,1.2146427122044312,0.9980725202470587,0.2508404857165242,0.01207138753981218,0.029958601399229675,40.0,40.0,20.0,-20.0,20.0,100.0,20.0,20.0,80.0,40.0,40.0,150.0,40.0,40.0,120.0,60.0,60.0,165.0,510.0,10.0,264,264000.0,0.64139723777771,0.6970380501765193,0.05564081239880936,0.05564081239880936,0.08674937951337558,medium,-0.17134893102301163
E09B-8,sample_000519,samples/sample_000519.npz,sample_000519_prediction.npz,0.0013595825294032693,0.007220778614282608,0.8014473527417046,0.5112917795844625,0.6766288105200239,1152,2194,1.9045138888888888,485.49850845336914,1056.712612519966,2.1765517177102933,0.42143967747688293,0.45705833529225653,0.7827652096748352,0.03437352677700052,0.0009681128067002428,0.0012748466899770439,0.48726260823364953,0.48726260823364953,70.0,130.0,60.0,160.0,120.0,190.0,260.0,0.0013694690619426432,0.03700633813203683,0.027024769020265575,0.808661788486899,0.9857003499038076,0.12393694197316973,0.027024769020265575,0.02528103877106195,70.0,60.0,60.0,-10.0,10.0,160.0,30.0,30.0,100.0,40.0,40.0,390.0,230.0,230.0,490.0,370.0,370.0,275.0,315.0,101.24228365658294,1152,1152000.0,0.42143967747688293,0.45705833529225653,0.0356186578153736,0.0356186578153736,0.0845166217585846,large,0.48726260823364953
E09B-8,sample_002133,samples/sample_002133.npz,sample_002133_prediction.npz,0.0002299570624018088,0.0011020993115380406,0.8941136907530647,0.8225419664268585,0.9026315789473685,360,400,1.1111111111111112,119.72476601600647,199.04838928702128,1.6625498291674232,0.33256879448890686,0.44655930638934177,0.7207308411598206,0.05041240823457593,4.5507958375382116e-05,0.0013461850138905068,-2.5008693197660037,2.5008693197660037,20.0,80.0,60.0,120.0,50.0,250.0,245.0,0.0001627205876999078,0.012756198011159429,0.004522964992105536,0.5668778757590812,0.9988658356916713,0.11035865637907344,0.004522964992105536,0.011927421153799153,20.0,60.0,20.0,0.0,0.0,80.0,0.0,0.0,60.0,0.0,0.0,140.0,20.0,20.0,170.0,120.0,120.0,250.0,195.0,50.0,360,360000.0,0.33256879448890686,0.44655930638934177,0.11399051190043491,0.11399051190043491,0.3427576904069307,medium,-2.5008693197660037
E09B-8,sample_000492,samples/sample_000492.npz,sample_000492_prediction.npz,0.00012635817984119058,0.0015941564925014973,0.7455000349829385,0.5671981776765376,0.7238372093023255,336,352,1.0476190476190477,69.23460531234741,189.21632885706785,2.7329733159224454,0.20605537295341492,0.2151660511236904,0.5448721051216125,0.019695755378857097,5.9241183398802436e-05,0.002885606658782705,-2.836863059030385,2.836863059030385,30.0,90.0,60.0,40.0,140.0,390.0,410.0,0.00013187298531946868,0.011483596358261147,0.006490318568709488,1.0545247168136846,0.9410677285033506,0.07733231221798817,0.006490318568709488,0.009473581698393354,30.0,60.0,20.0,-10.0,10.0,80.0,-10.0,10.0,60.0,0.0,0.0,60.0,20.0,20.0,280.0,140.0,140.0,390.0,460.0,50.0,336,336000.0,0.20605537295341492,0.2151660511236904,0.009110678170275471,0.009110678170275471,0.044214708113120726,medium,-2.836863059030385
E09B-8,sample_000901,samples/sample_000901.npz,sample_000901_prediction.npz,0.0027554817497730255,0.006990398745983839,0.7076473839342144,0.24875621890547264,0.398406374501992,400,1608,4.02,387.03465461730957,948.8854491363757,2.4516808451548364,0.9675866365432739,0.810919966250658,0.8912026286125183,0.03007145944034275,0.0026438783918759897,0.002272058128251726,1.046623158122415,1.046623158122415,70.0,110.0,40.0,100.0,100.0,200.0,200.0,0.0024830288599204968,0.04982999959783761,0.027513424765126006,1.1931336318367272,0.9977019121402061,0.2575176931486709,0.027513424765126006,0.041545641379262005,70.0,40.0,50.0,-20.0,20.0,150.0,40.0,40.0,100.0,60.0,60.0,400.0,300.0,300.0,510.0,410.0,410.0,210.0,265.0,65.76473218982953,400,400000.0,0.9675866365432739,0.810919966250658,-0.15666667029261594,0.15666667029261594,0.1619148760180394,medium,1.046623158122415
E09B-8,sample_000728,samples/sample_000728.npz,sample_000728_prediction.npz,0.0004845653020311147,0.0024542061146348715,0.8361804800247743,0.36222509702457956,0.5318138651471985,280,773,2.7607142857142857,104.24670338630676,343.60307098083035,3.2960569477918287,0.3723096549510956,0.5600108272262982,0.7686680555343628,0.04897108882874097,0.0003460662618552916,0.0010686862741571843,-0.32489069029502105,0.32489069029502105,60.0,100.0,40.0,70.0,100.0,335.0,470.0,0.0006361771671264384,0.02522255274801578,0.01229481654679629,1.9783237569615901,0.9927041971582501,0.14246215848175914,0.01229481654679629,0.022023048226961283,60.0,40.0,50.0,-10.0,10.0,120.0,20.0,20.0,70.0,30.0,30.0,140.0,70.0,70.0,190.0,90.0,90.0,340.0,445.0,25.495097567963924,280,280000.0,0.3723096549510956,0.5600108272262982,0.18770117227520267,0.18770117227520267,0.5041533835587959,medium,-0.32489069029502105
E09B-8,sample_000044,samples/sample_000044.npz,sample_000044_prediction.npz,0.003583086421713233,0.010364835150539875,0.7502566214494949,0.28441127694859036,0.44286636539703034,686,2412,3.5160349854227406,557.6774952411652,1521.9001407909054,2.7289968732426013,0.8129409551620483,0.8147734465734604,0.9342496395111084,0.012141077149498783,0.0035229457314589724,0.0008203551265227906,-1.9860172084987084,1.9860172084987084,70.0,140.0,70.0,70.0,140.0,275.0,260.0,0.004796759035186452,0.06925863870439883,0.045844724510704406,1.3155512526837363,0.9944424009668003,0.31840033729417483,0.045844724510704406,0.051913584635662285,70.0,70.0,0.0,-70.0,70.0,240.0,100.0,100.0,240.0,170.0,170.0,540.0,470.0,470.0,600.0,460.0,460.0,270.0,340.0,80.15609770940699,686,686000.0,0.8129409551620483,0.8147734465734604,0.0018324914114120627,0.0018324914114120627,0.0022541506855768894,large,-1.9860172084987084
E09B-8,sample_000653,samples/sample_000653.npz,sample_000653_prediction.npz,0.0008580914582125843,0.004011697135865688,0.4494121093000153,0.18696186961869618,0.3150259067357513,312,1618,5.185897435897436,65.11785006523132,456.3168470631698,7.007553944211269,0.20871105790138245,0.26218791603325653,0.4487757980823517,0.005786054494873224,0.0008424010783845716,0.0043387391392556915,5.68839943226061,5.68839943226061,20.0,40.0,20.0,120.0,130.0,300.0,235.0,0.002284334349408184,0.04779471047519991,0.022762321501879207,3.3968952529478256,0.7523907836774424,0.20713379900082213,0.022762321501879207,0.04202631400983522,20.0,20.0,20.0,0.0,0.0,60.0,20.0,20.0,40.0,20.0,20.0,290.0,170.0,170.0,360.0,230.0,230.0,265.0,240.0,35.35533905932738,312,312000.0,0.20871105790138245,0.26218791603325653,0.05347685813187408,0.05347685813187408,0.25622436429382817,medium,5.68839943226061
E09B-8,sample_001330,samples/sample_001330.npz,sample_001330_prediction.npz,0.00257427291944623,0.008733286522328854,0.855328512595457,0.5032405642394205,0.6695409586609181,1320,2623,1.987121212121212,743.6322569847107,1512.695825359817,2.0341987738583516,0.5633577704429626,0.6948038885087678,0.9219583868980408,0.04919876023523622,0.0019396907877025297,0.0005892016973932868,0.9954719648666526,0.9954719648666526,50.0,130.0,80.0,150.0,110.0,365.0,405.0,0.004063387822544094,0.06374470819247739,0.03774634854273527,0.8074421778954533,0.9950529315446345,0.3086501000598878,0.03774634854273527,0.051367314454178366,50.0,80.0,0.0,-50.0,50.0,240.0,110.0,110.0,240.0,160.0,160.0,570.0,420.0,420.0,310.0,200.0,200.0,315.0,355.0,70.71067811865476,1320,1320000.0,0.5633577704429626,0.6948038885087678,0.1314461180658052,0.1314461180658052,0.23332618268928892,large,0.9954719648666526
E09B-8,sample_000517,samples/sample_000517.npz,sample_000517_prediction.npz,0.0003109325480181724,0.0021644721273332834,0.7407061897038347,0.2983425414364641,0.4595744680851064,162,543,3.3518518518518516,96.17286157608032,263.0282895389181,2.73495334576108,0.5936596393585205,0.4519562086573354,0.5981254577636719,0.025804389558573174,0.0002688512629205918,0.007354414770613487,5.023214959517674,5.023214959517674,50.0,70.0,20.0,90.0,90.0,235.0,195.0,0.00025029332385504647,0.015820661296388545,0.008843864087824786,1.0680269622050127,0.9741740873353507,0.07894439368841558,0.008843864087824786,0.01311790348535655,50.0,20.0,40.0,-10.0,10.0,90.0,20.0,20.0,50.0,30.0,30.0,130.0,40.0,40.0,170.0,80.0,80.0,235.0,165.0,30.0,162,162000.0,0.5936596393585205,0.4519562086573354,-0.14170343070118513,0.14170343070118513,0.2386947356810426,small,5.023214959517674
E09B-8,sample_001265,samples/sample_001265.npz,sample_001265_prediction.npz,0.00263608037494123,0.008032752200961113,0.8304117650486151,0.39598898938261895,0.5673239436619718,1008,2542,2.5218253968253967,680.8959245681763,1420.0435438717209,2.0855515397192477,0.675491988658905,0.7511911654164867,0.9160324931144714,0.02129962295759827,0.0024427237401687106,0.0008270770814304051,1.2371888211061588,1.2371888211061588,60.0,120.0,60.0,120.0,140.0,180.0,480.0,0.004160003159401906,0.0644980864786073,0.03592308676960307,0.906306420828364,0.9970981480659692,0.3017645143883567,0.03592308676960307,0.05356804081115414,60.0,60.0,0.0,-60.0,60.0,160.0,40.0,40.0,160.0,100.0,100.0,360.0,240.0,240.0,290.0,150.0,150.0,240.0,415.0,88.45903006477066,1008,1008000.0,0.675491988658905,0.7511911654164867,0.07569917675758164,0.07569917675758164,0.11206524729904167,large,1.2371888211061588
E09B-8,sample_001292,samples/sample_001292.npz,sample_001292_prediction.npz,0.0003080274036619812,0.0018723085522651672,0.8863211257936849,0.6376811594202898,0.7787610619469026,400,617,1.5425,147.53621816635132,313.1016479865587,2.1222019371103005,0.3688405454158783,0.4813586796633899,0.6987850666046143,0.032612230096580125,0.00017604424757807085,0.0007670016643008207,-0.15016294645371886,0.15016294645371886,30.0,80.0,50.0,100.0,80.0,360.0,420.0,0.000490495107016209,0.022147124125181786,0.009137001318576624,0.8855682194922389,0.9931624321543369,0.17711550766044948,0.009137001318576624,0.02017449662124282,30.0,50.0,20.0,-10.0,10.0,80.0,0.0,0.0,60.0,10.0,10.0,120.0,20.0,20.0,120.0,40.0,40.0,360.0,410.0,10.0,400,400000.0,0.3688405454158783,0.4813586796633899,0.11251813424751161,0.11251813424751161,0.3050590170900116,medium,-0.15016294645371886
E09B-8,sample_001298,samples/sample_001298.npz,sample_001298_prediction.npz,0.0003321885596960783,0.0022922076750546694,0.7092148728644441,0.33793103448275863,0.5051546391752577,196,580,2.9591836734693877,110.08473920822144,253.23196908003032,2.3003367306075995,0.5616568326950073,0.35199880725419036,0.5193374752998352,0.050750299551921806,0.0002314633844625464,0.008485919214828172,6.175716356971932,6.175716356971932,50.0,70.0,20.0,70.0,140.0,235.0,210.0,0.00014415583483857065,0.01200649136253263,0.007502287508327693,0.7360911024963543,0.9736830679969258,0.04726390789820209,0.007502287508327693,0.009373980850255717,50.0,20.0,40.0,-10.0,10.0,90.0,20.0,20.0,50.0,30.0,30.0,100.0,30.0,30.0,210.0,70.0,70.0,230.0,185.0,25.495097567963924,196,196000.0,0.5616568326950073,0.35199880725419036,-0.20965802544081696,0.20965802544081696,0.3732849192536506,medium,6.175716356971932
E09B-8,sample_001513,samples/sample_001513.npz,sample_001513_prediction.npz,0.0012512569082900882,0.004575213883072138,0.6976856210141612,0.23715415019762845,0.38338658146964855,300,1265,4.216666666666667,185.75980067253113,614.941127356461,3.3104101378775557,0.6191993355751038,0.6241335418323676,0.7789257168769836,0.009511199569775235,0.0012259723612234263,0.0014434839089227782,3.0900835234988335,3.0900835234988335,80.0,130.0,50.0,50.0,120.0,355.0,490.0,0.0011133109870788405,0.033366315155840036,0.019895794126303483,1.8928779997601224,0.990324552053269,0.14688333084868938,0.019895794126303483,0.026785599921647977,80.0,50.0,70.0,-10.0,10.0,240.0,110.0,110.0,170.0,120.0,120.0,380.0,330.0,330.0,240.0,120.0,120.0,340.0,470.0,25.0,300,300000.0,0.6191993355751038,0.6241335418323676,0.004934206257263818,0.004934206257263818,0.007968687906748149,medium,3.0900835234988335
E09B-8,sample_000392,samples/sample_000392.npz,sample_000392_prediction.npz,0.0014590808423236012,0.0037103204522281885,0.6784069543545848,0.21660649819494585,0.3560830860534125,180,831,4.616666666666666,178.24459075927734,477.2589686767101,2.6775509239506587,0.9902477264404297,0.8076783931917615,0.8927223086357117,0.035944172072024494,0.0013958208332940283,0.002085389527442699,5.503238359640946,5.503238359640946,50.0,90.0,40.0,50.0,90.0,175.0,355.0,0.0011175416673717823,0.0334296525164678,0.015401427620933968,1.3293584865473151,0.996305407628503,0.23991370442617316,0.015401427620933968,0.029670485243907196,50.0,40.0,0.0,-50.0,50.0,130.0,40.0,40.0,130.0,90.0,90.0,120.0,70.0,70.0,150.0,60.0,60.0,180.0,355.0,5.0,180,180000.0,0.9902477264404297,0.8076783931917615,-0.1825693332486682,0.1825693332486682,0.18436733392454904,small,5.503238359640946
E09B-8,sample_001800,samples/sample_001800.npz,sample_001800_prediction.npz,0.00042434586794115603,0.001494097989052534,0.8394154482548972,0.6526138279932546,0.789795918367347,390,590,1.5128205128205128,191.56806975603104,287.30121695974907,1.4997343624417039,0.49120017886161804,0.5060258026688527,0.789394199848175,0.03345878035780846,0.000292766868685553,0.00111356623521585,-1.9619506034977405,1.9619506034977405,20.0,70.0,50.0,60.0,130.0,210.0,405.0,0.0002383312055938532,0.015437979323533673,0.005506542197009992,0.4135998325077206,0.9955126883450774,0.10989790635839403,0.005506542197009992,0.01442252400332208,20.0,50.0,20.0,0.0,0.0,80.0,10.0,10.0,60.0,10.0,10.0,370.0,310.0,310.0,260.0,130.0,130.0,345.0,350.0,145.7737973711325,390,390000.0,0.49120017886161804,0.5060258026688527,0.014825623807234622,0.014825623807234622,0.030182447900556096,medium,-1.9619506034977405
E09B-8,sample_002073,samples/sample_002073.npz,sample_002073_prediction.npz,0.0002433474437566474,0.0023623632732778788,0.7632063079447312,0.47435897435897434,0.6434782608695652,385,765,1.9870129870129871,95.07418975234032,304.4335226667391,3.2020627623518116,0.24694594740867615,0.29012633519513265,0.49576878547668457,0.014861488491306425,0.00018587154824656734,0.0024451986240501735,-3.9864460253125884,3.9864460253125884,80.0,130.0,50.0,70.0,110.0,395.0,165.0,0.0002962884859280755,0.01721303244428696,0.010051248597691053,1.9089640583714442,0.9885507964658306,0.07066913717739585,0.010051248597691053,0.013973578194417103,80.0,50.0,70.0,-10.0,10.0,160.0,30.0,30.0,90.0,40.0,40.0,170.0,100.0,100.0,280.0,170.0,170.0,415.0,210.0,49.24428900898052,385,385000.0,0.24694594740867615,0.29012633519513265,0.0431803877864565,0.0431803877864565,0.17485764896961986,medium,-3.9864460253125884
E09B-8,sample_000911,samples/sample_000911.npz,sample_000911_prediction.npz,0.00022349065693560988,0.0017725230427458882,0.8263869628471303,0.6118143459915611,0.7591623036649214,546,600,1.098901098901099,161.15512830018997,260.5862390610958,1.6169900505784192,0.29515591263771057,0.29554246106861337,0.588297963142395,0.026285584787438115,7.792811424859926e-05,0.0015295069817522359,-1.2263962452608013,1.2263962452608013,30.0,90.0,60.0,70.0,130.0,465.0,325.0,0.00011858046930297416,0.01088946597877849,0.005420872183093872,0.4355135668720292,0.9915365502563922,0.08942646732004689,0.005420872183093872,0.009444290025064521,30.0,60.0,20.0,-10.0,10.0,90.0,0.0,0.0,70.0,10.0,10.0,90.0,20.0,20.0,230.0,100.0,100.0,465.0,285.0,40.0,546,546000.0,0.29515591263771057,0.29554246106861337,0.0003865484309028,0.0003865484309028,0.0013096414957381162,medium,-1.2263962452608013
E09B-8,sample_000923,samples/sample_000923.npz,sample_000923_prediction.npz,0.0002830903686117381,0.0020220568403601646,0.733337224641046,0.2932330827067669,0.45348837209302323,195,665,3.41025641025641,79.86865639686584,257.1051522657332,3.2190995049194586,0.40958285331726074,0.4073287072472083,0.6422780156135559,0.015940913132550975,0.0002519691480686238,0.0027949693968373434,-0.758300166450951,0.758300166450951,80.0,110.0,30.0,50.0,130.0,295.0,465.0,0.0002567093884760067,0.016022153053694334,0.008729314672860054,1.952063187434924,0.990784546298299,0.07568690891503153,0.008729314672860054,0.013435343457396125,80.0,30.0,60.0,-20.0,20.0,140.0,30.0,30.0,80.0,50.0,50.0,140.0,90.0,90.0,290.0,160.0,160.0,300.0,495.0,30.4138126514911,195,195000.0,0.40958285331726074,0.4073287072472083,-0.0022541460700524207,0.0022541460700524207,0.005503516692155984,medium,-0.758300166450951
E09B-8,sample_000595,samples/sample_000595.npz,sample_000595_prediction.npz,0.0015315869823098183,0.00480297626927495,0.8414424053826537,0.4199611147116008,0.5915107256960292,648,1543,2.381172839506173,405.7768020629883,860.8864099877201,2.121576210396783,0.6261987686157227,0.7340492557872225,0.8747356534004211,0.023275765940081926,0.001387302659548924,0.0006654888850948125,2.1315962302225557,2.1315962302225557,40.0,100.0,60.0,120.0,90.0,190.0,245.0,0.0028054703704276356,0.05296669114101461,0.02364328886483937,0.9654491120759452,0.9966436647046651,0.32640773672966106,0.02364328886483937,0.047396890848255,40.0,60.0,0.0,-40.0,40.0,130.0,30.0,30.0,130.0,70.0,70.0,180.0,60.0,60.0,160.0,70.0,70.0,190.0,240.0,5.0,648,648000.0,0.6261987686157227,0.7340492557872225,0.10785048717149981,0.10785048717149981,0.1722304363675363,large,2.1315962302225557
E09B-8,sample_001302,samples/sample_001302.npz,sample_001302_prediction.npz,0.002137835370376706,0.0061765615828335285,0.7793579226602166,0.3342808413871518,0.5010651896037495,588,1759,2.991496598639456,388.9803864955902,973.7469218356904,2.5033316733740496,0.6615312695503235,0.7396293738160004,0.8842764496803284,0.01824625746220677,0.002040904063047757,0.000806544147812645,-0.9366045702754775,0.9366045702754775,60.0,120.0,60.0,70.0,140.0,525.0,280.0,0.002835411927812693,0.053248586157875526,0.028590695678624975,1.2706294198703227,0.9960496938473434,0.27317558922775376,0.028590695678624975,0.044921977343221973,60.0,60.0,0.0,-60.0,60.0,160.0,40.0,40.0,160.0,100.0,100.0,420.0,350.0,350.0,200.0,60.0,60.0,430.0,280.0,95.0,588,588000.0,0.6615312695503235,0.7396293738160004,0.07809810426567687,0.07809810426567687,0.11805655735482336,medium,-0.9366045702754775
E09B-8,sample_001319,samples/sample_001319.npz,sample_001319_prediction.npz,0.0003108903474640101,0.0013934480957686901,0.770208242430775,0.2857142857142857,0.4444444444444444,150,525,3.5,78.23321521282196,209.58758645949737,2.6790102629598587,0.5215547680854797,0.5446111444632212,0.7095550298690796,0.006518485855264622,0.000301403844463904,0.0008858317821190485,2.5760118673899584,2.5760118673899584,20.0,50.0,30.0,50.0,100.0,295.0,360.0,0.000282199069916062,0.016798781798572835,0.007579780717395975,0.8743562194209296,0.9518352400630273,0.11644798773917855,0.007579780717395975,0.014991530748801276,20.0,30.0,20.0,0.0,0.0,70.0,20.0,20.0,50.0,20.0,20.0,440.0,390.0,390.0,440.0,340.0,340.0,370.0,400.0,85.0,150,150000.0,0.5215547680854797,0.5446111444632212,0.023056376377741494,0.023056376377741494,0.04420700909777262,small,2.5760118673899584
E09B-8,sample_002162,samples/sample_002162.npz,sample_002162_prediction.npz,0.00039419709355570376,0.002254966413602233,0.7814928409652027,0.5918097754293263,0.7435684647302905,560,645,1.1517857142857142,161.06433391571045,297.0192338793799,1.8441030776858303,0.2876148819923401,0.3272560742775178,0.6773737072944641,0.04444453100700769,0.00014182164324501634,0.002316991432397465,-4.125376531026063,4.125376531026063,30.0,100.0,70.0,100.0,80.0,170.0,140.0,0.0002899755178960648,0.01702866753143254,0.0072551984170865095,0.7008841546633786,0.9888549247375521,0.14021577302636273,0.0072551984170865095,0.015405765603330793,30.0,70.0,20.0,-10.0,10.0,90.0,-10.0,10.0,70.0,0.0,0.0,140.0,40.0,40.0,110.0,30.0,30.0,170.0,135.0,5.0,560,560000.0,0.2876148819923401,0.3272560742775178,0.03964119228517771,0.03964119228517771,0.13782733358781293,medium,-4.125376531026063
E09B-8,sample_001201,samples/sample_001201.npz,sample_001201_prediction.npz,0.0003005310718435794,0.0015649929409846663,0.6835462844217519,0.17073170731707318,0.2916666666666667,84,492,5.857142857142857,47.15975260734558,194.04252703369977,4.114578985375674,0.5614256262779236,0.5550019297571409,0.7395607233047485,0.008486539398254807,0.00029353020775029854,0.005403177534159358,1.298936614797853,1.298936614797853,70.0,90.0,20.0,60.0,70.0,270.0,175.0,0.00025304503164218434,0.01590738921514729,0.007517454588312588,2.711730203804786,0.9919817059217382,0.09282378477510755,0.007517454588312588,0.014019019514746473,70.0,20.0,60.0,-10.0,10.0,120.0,30.0,30.0,60.0,40.0,40.0,180.0,120.0,120.0,230.0,160.0,160.0,250.0,185.0,22.360679774997898,84,84000.0,0.5614256262779236,0.5550019297571409,-0.0064236965207826735,0.0064236965207826735,0.011441758658880204,small,1.298936614797853
E09B-8,sample_000860,samples/sample_000860.npz,sample_000860_prediction.npz,0.0005898202653042972,0.0028599847573786974,0.8488925029685084,0.5017470300489169,0.6682177757096324,720,1429,1.9847222222222223,286.3914728164673,544.4032765442287,1.9009060262527688,0.3977659344673157,0.44990400695985755,0.7169249653816223,0.010248852600867692,0.000518553444452065,0.0006535363098484085,2.219818044923805,2.219818044923805,20.0,50.0,30.0,160.0,150.0,230.0,285.0,0.000994592269900481,0.03153715697237912,0.01480515145339243,0.6120873841853155,0.9713030626081975,0.17914609474895243,0.01480515145339243,0.027846000796211173,20.0,30.0,20.0,0.0,0.0,70.0,20.0,20.0,50.0,20.0,20.0,550.0,390.0,390.0,500.0,350.0,350.0,315.0,330.0,96.17692030835673,720,720000.0,0.3977659344673157,0.44990400695985755,0.052138072492541876,0.052138072492541876,0.13107726925475577,large,2.219818044923805
E09B-8,sample_001867,samples/sample_001867.npz,sample_001867_prediction.npz,0.00018054935208056122,0.0015701885567978024,0.8068046720534906,0.42935779816513764,0.6007702182284981,234,545,2.3290598290598292,69.58212214708328,216.0813707094861,3.105415069875728,0.29735949635505676,0.364572600230702,0.5635955333709717,0.014781491061953277,0.00014571076539007512,0.0017445029519010124,3.108475498789872,3.108475498789872,60.0,90.0,30.0,60.0,130.0,330.0,315.0,0.00021187176458511116,0.014555815490212533,0.007681119616327711,1.6564781105541877,0.9850319194838589,0.06859858260745469,0.007681119616327711,0.01236414841486371,60.0,30.0,60.0,0.0,0.0,100.0,10.0,10.0,40.0,10.0,10.0,140.0,80.0,80.0,210.0,80.0,80.0,330.0,295.0,20.0,234,234000.0,0.29735949635505676,0.364572600230702,0.06721310387564522,0.06721310387564522,0.2260331507805307,medium,3.108475498789872
E09B-8,sample_000363,samples/sample_000363.npz,sample_000363_prediction.npz,0.00022581395751331002,0.001284513040445745,0.5488329179676653,0.1038961038961039,0.18823529411764706,40,385,9.625,32.65535354614258,126.3471542777852,3.869109979141842,0.8163838386535645,0.40912162363529203,0.49075552821159363,0.16763523269874994,0.00015766716727108376,0.0041270377788275485,3.9408046333994093,3.9408046333994093,80.0,100.0,20.0,40.0,50.0,260.0,325.0,8.289171966949644e-05,0.009104488984533752,0.004715297488923049,2.464043685121516,0.9905526391088522,0.047276530823204335,0.004715297488923049,0.007788304646099332,80.0,20.0,70.0,-10.0,10.0,130.0,30.0,30.0,60.0,40.0,40.0,140.0,100.0,100.0,170.0,120.0,120.0,250.0,335.0,14.142135623730951,40,40000.0,0.8163838386535645,0.40912162363529203,-0.4072622150182724,0.4072622150182724,0.4988611921690621,small,3.9408046333994093
E09B-8,sample_000263,samples/sample_000263.npz,sample_000263_prediction.npz,0.000153124172356911,0.0013539241626858711,0.8398786910723752,0.42,0.5915492957746479,189,450,2.380952380952381,76.96506553888321,204.31739343491006,2.654677053860075,0.40722256898880005,0.43413689527562055,0.5544666051864624,0.0053597881736944745,0.0001430945084491046,0.002095149209440167,2.903386975692918,2.903386975692918,30.0,60.0,30.0,70.0,90.0,225.0,195.0,0.0002552202754204925,0.01597561502479615,0.007083456243357429,1.0370575801911848,0.9804527138826591,0.11698297238816621,0.007083456243357429,0.014319389758957368,30.0,30.0,20.0,-10.0,10.0,80.0,20.0,20.0,60.0,30.0,30.0,200.0,130.0,130.0,180.0,90.0,90.0,170.0,170.0,60.41522986797286,189,189000.0,0.40722256898880005,0.43413689527562055,0.0269143262868205,0.0269143262868205,0.06609242300507351,small,2.903386975692918
E09B-8,sample_000442,samples/sample_000442.npz,sample_000442_prediction.npz,0.0007196829537861049,0.002361907623708248,0.626115033949212,0.18118466898954705,0.30678466076696165,104,574,5.519230769230769,94.6843991279602,266.5130671812637,2.814751634227382,0.910426914691925,0.620252429579313,0.7056205868721008,0.08625534811283453,0.000629095269293965,0.007909884658873286,4.017858356241817,4.017858356241817,30.0,50.0,20.0,130.0,40.0,385.0,210.0,0.0006132858278687082,0.024764608373013055,0.009728299967413562,1.242702481460576,0.9814009121190169,0.1687243018761227,0.009728299967413562,0.022773800903949468,30.0,20.0,20.0,-10.0,10.0,80.0,30.0,30.0,60.0,40.0,40.0,290.0,160.0,160.0,280.0,240.0,240.0,395.0,220.0,14.142135623730951,104,104000.0,0.910426914691925,0.620252429579313,-0.290174485112612,0.290174485112612,0.31872353555233235,small,4.017858356241817
E09B-8,sample_001230,samples/sample_001230.npz,sample_001230_prediction.npz,0.0005441060638986528,0.0024164144415408373,0.918522141953354,0.6619585687382298,0.796600566572238,704,1061,1.5071022727272727,288.421838760376,518.8450658548339,1.7989104711515833,0.40969011187553406,0.5513768771515143,0.753998339176178,0.03082539775567147,0.0003256836367044457,0.000387516445418617,1.7079612009022824,1.7079612009022824,20.0,60.0,40.0,110.0,160.0,475.0,420.0,0.0011504587023293716,0.03391841243822257,0.013053421184089607,0.6473428641786523,0.9937473949985154,0.1952205579628533,0.013053421184089607,0.0313060201514043,20.0,40.0,20.0,0.0,0.0,80.0,20.0,20.0,60.0,20.0,20.0,310.0,200.0,200.0,310.0,150.0,150.0,465.0,375.0,46.09772228646444,704,704000.0,0.40969011187553406,0.5513768771515143,0.14168676527598023,0.14168676527598023,0.3458388698407869,large,1.7079612009022824
E09B-8,sample_001272,samples/sample_001272.npz,sample_001272_prediction.npz,0.002980893710628152,0.01030393410474062,0.6675181318529229,0.2206896551724138,0.3615819209039548,480,2175,4.53125,406.4982604980469,1264.3507212897202,3.110347187563906,0.8468713760375977,0.6855715844159325,0.8708035945892334,0.041959357572726425,0.002789635478019221,0.001476714647096647,0.337196866085435,0.337196866085435,80.0,130.0,50.0,60.0,160.0,320.0,200.0,0.003320916626233258,0.057627394754866876,0.04029866694030058,1.5338098712450496,0.9851868452075552,0.22469231057707995,0.04029866694030058,0.04119385960392621,80.0,50.0,50.0,-30.0,30.0,240.0,110.0,110.0,190.0,140.0,140.0,560.0,500.0,500.0,550.0,390.0,390.0,290.0,275.0,80.77747210701756,480,480000.0,0.8468713760375977,0.6855715844159325,-0.1612997916216652,0.1612997916216652,0.19046551363722575,medium,0.337196866085435
E09B-8,sample_001600,samples/sample_001600.npz,sample_001600_prediction.npz,0.00244135526008904,0.012068216688930988,0.7406936309480874,0.23954372623574144,0.38650306748466257,756,3156,4.174603174603175,485.2165160179138,1568.6768588157606,3.232942010485575,0.6418207883834839,0.6179140244645102,0.7950059175491333,0.021701592564899976,0.0022920878730785257,0.0007600368930228029,-1.4484861696733304,1.4484861696733304,80.0,150.0,70.0,120.0,90.0,380.0,275.0,0.004014217178363538,0.06335785017157336,0.04945355431438236,1.501926473168445,0.9667719760934229,0.20030606306152138,0.04945355431438236,0.03960508987539317,80.0,70.0,70.0,-10.0,10.0,240.0,90.0,90.0,170.0,100.0,100.0,610.0,490.0,490.0,560.0,470.0,470.0,335.0,360.0,96.17692030835673,756,756000.0,0.6418207883834839,0.6179140244645102,-0.023906763918973728,0.023906763918973728,0.037248347750134865,large,-1.4484861696733304
E09B-8,sample_000593,samples/sample_000593.npz,sample_000593_prediction.npz,0.004675545729696751,0.015424503944814205,0.7901919726196497,0.2864760058167717,0.4453654860587792,1183,4125,3.4868977176669484,860.1984516978264,2299.1751044360044,2.6728426445060225,0.7271330952644348,0.8000666840995456,0.9608335494995117,0.02607867739401467,0.0044148406225699545,0.0007510994470001704,1.3865584691250916,1.3865584691250916,70.0,140.0,70.0,130.0,130.0,225.0,205.0,0.009152378335854148,0.0956680633014704,0.0664170933378992,1.2080611340845233,0.9903325178563755,0.42101347804173495,0.0664170933378992,0.06885599500696316,70.0,70.0,0.0,-70.0,70.0,240.0,100.0,100.0,240.0,170.0,170.0,610.0,480.0,480.0,640.0,510.0,510.0,305.0,320.0,140.089257261219,1183,1183000.0,0.7271330952644348,0.8000666840995456,0.07293358883511081,0.07293358883511081,0.10030294221250817,large,1.3865584691250916
E09B-8,sample_000367,samples/sample_000367.npz,sample_000367_prediction.npz,8.785497630015016e-05,0.001025271019898355,0.5604799282933369,0.24701195219123506,0.3961661341853035,64,249,3.890625,18.23250961303711,112.01544432410486,6.1437205684514495,0.28488296270370483,0.24697611085139215,0.4197876453399658,0.007528680320539242,8.300753675772789e-05,0.00784573812547394,7.471399242012211,7.471399242012211,40.0,60.0,20.0,40.0,80.0,310.0,490.0,0.00013600037199394875,0.011661919738788667,0.0049841584271882716,3.344547807880687,0.8946905834339743,0.06580452600245097,0.0049841584271882716,0.010543174890261325,40.0,20.0,30.0,-10.0,10.0,80.0,20.0,20.0,50.0,30.0,30.0,110.0,70.0,70.0,200.0,120.0,120.0,285.0,540.0,55.90169943749474,64,64000.0,0.28488296270370483,0.24697611085139215,-0.037906851852312684,0.037906851852312684,0.1330611402400292,small,7.471399242012211
E09B-8,sample_000985,samples/sample_000985.npz,sample_000985_prediction.npz,0.002138304291293025,0.006659474689513445,0.8625046314638547,0.5087305332704106,0.6743822333437598,1078,2119,1.9656771799628943,707.4556195735931,1286.4517739939663,1.81842046115819,0.6562668085098267,0.7426822000841484,0.9250799417495728,0.03017938956125321,0.0018273969392064088,0.0004776472670879871,2.2008770977534056,2.2008770977534056,30.0,100.0,70.0,110.0,140.0,475.0,280.0,0.003975469428220172,0.06305132376263144,0.03032546674641267,0.64126839627841,0.9971887026194795,0.34692249173563283,0.03032546674641267,0.055279611927295504,30.0,70.0,0.0,-30.0,30.0,130.0,30.0,30.0,130.0,60.0,60.0,410.0,300.0,300.0,460.0,320.0,320.0,345.0,410.0,183.84776310850236,1078,1078000.0,0.6562668085098267,0.7426822000841484,0.08641539157432176,0.08641539157432176,0.13167722404024004,large,2.2008770977534056
E09B-8,sample_000252,samples/sample_000252.npz,sample_000252_prediction.npz,0.0003281667304690927,0.0026867035776376724,0.6020678521546491,0.13513513513513514,0.23809523809523808,120,888,7.4,49.82417106628418,305.28203004530366,6.127187337229716,0.41520142555236816,0.38919288106262684,0.46644020080566406,0.004078206459807193,0.00032358342968406183,0.005943205328911782,3.4410350704908694,3.4410350704908694,40.0,60.0,20.0,150.0,40.0,285.0,330.0,0.0008169970974899916,0.0285831610828822,0.014247245656997717,3.3259739725853312,0.9167447963264758,0.14125577093195293,0.014247245656997717,0.024779287493371386,40.0,20.0,20.0,-20.0,20.0,80.0,20.0,20.0,60.0,40.0,40.0,330.0,180.0,180.0,260.0,220.0,220.0,305.0,340.0,22.360679774997898,120,120000.0,0.41520142555236816,0.38919288106262684,-0.026008544489741325,0.026008544489741325,0.06264078803472446,small,3.4410350704908694
E09B-8,sample_000452,samples/sample_000452.npz,sample_000452_prediction.npz,0.0008472266490571201,0.003723161993548274,0.837527360368627,0.3857566765578635,0.556745182012848,520,1348,2.5923076923076924,301.9148325920105,640.8291388310957,2.122549373707232,0.5806054472923279,0.6124690136657311,0.796393871307373,0.009676068758074273,0.0008002762725166678,0.001194544366419785,2.7233809905043387,2.7233809905043387,50.0,90.0,40.0,130.0,100.0,245.0,400.0,0.0012298753095955509,0.035069578121151544,0.017761829454481785,0.8902390100615457,0.9932508161537125,0.18596548331945267,0.017761829454481785,0.030238927296209667,50.0,40.0,30.0,-20.0,20.0,110.0,20.0,20.0,80.0,40.0,40.0,280.0,150.0,150.0,220.0,120.0,120.0,290.0,360.0,60.207972893961475,520,520000.0,0.5806054472923279,0.6124690136657311,0.03186356637340326,0.03186356637340326,0.05487989567097592,medium,2.7233809905043387
E09B-8,sample_001622,samples/sample_001622.npz,sample_001622_prediction.npz,0.0007059791241772473,0.003674879902973771,0.7665253238335783,0.5587349397590361,0.7169082125603865,960,1110,1.15625,321.500244140625,489.0474023863696,1.5211416205720174,0.3348960876464844,0.3232655645712839,0.6807402968406677,0.04419037116577925,0.0002771390386881147,0.0019385120157759557,-3.0694308646906165,3.0694308646906165,30.0,110.0,80.0,80.0,150.0,170.0,295.0,0.00030812375037345537,0.017553454086687764,0.008907684668769874,0.404213695855164,0.9931392086709091,0.1238686002310403,0.008907684668769874,0.015125372862022854,30.0,80.0,20.0,-10.0,10.0,110.0,0.0,0.0,90.0,10.0,10.0,220.0,140.0,140.0,340.0,190.0,190.0,120.0,350.0,74.33034373659252,960,960000.0,0.3348960876464844,0.3232655645712839,-0.01163052307520046,0.01163052307520046,0.03472875170604446,large,-3.0694308646906165
E09B-8,sample_001585,samples/sample_001585.npz,sample_001585_prediction.npz,0.00048207727377302945,0.0014372345758602023,0.7343069299710966,0.29916897506925205,0.4605543710021322,108,361,3.3425925925925926,87.97479701042175,206.07648124696894,2.3424490678001395,0.8145814538002014,0.7075459212064743,0.8318397998809814,0.015652715054052076,0.0004653919570397944,0.0032386166766609054,4.219632071994717,4.219632071994717,30.0,60.0,30.0,60.0,60.0,420.0,460.0,0.0003436043744713752,0.01853656857326553,0.006533229228250191,0.9900953426632518,0.993932904077482,0.16235765785052508,0.006533229228250191,0.017347083049392267,30.0,30.0,20.0,-10.0,10.0,80.0,20.0,20.0,60.0,30.0,30.0,90.0,30.0,30.0,180.0,120.0,120.0,415.0,410.0,50.24937810560445,108,108000.0,0.8145814538002014,0.7075459212064743,-0.10703553259372711,0.10703553259372711,0.1313994224817946,small,4.219632071994717
E09B-8,sample_000222,samples/sample_000222.npz,sample_000222_prediction.npz,0.003528158413246274,0.010111245326697826,0.7880320845072881,0.3254437869822485,0.49107142857142855,880,2704,3.0727272727272728,741.6331243515015,1644.7314327158365,2.2177157124070233,0.8427649140357971,0.8047902187840505,0.9166314601898193,0.007760696258292886,0.0034899271456788608,0.0016533375206373082,5.64843479776458,5.64843479776458,60.0,110.0,50.0,160.0,110.0,470.0,245.0,0.0048968456153241965,0.06997746505357419,0.04340729902104469,0.8729581160891732,0.9951934917093387,0.3125886833799729,0.04340729902104469,0.05488763072880637,60.0,50.0,0.0,-60.0,60.0,160.0,50.0,50.0,160.0,110.0,110.0,540.0,380.0,380.0,480.0,370.0,370.0,370.0,400.0,184.45866745696716,880,880000.0,0.8427649140357971,0.8047902187840505,-0.03797469525174657,0.03797469525174657,0.04505965378873564,large,5.64843479776458
E09B-8,sample_001459,samples/sample_001459.npz,sample_001459_prediction.npz,0.00030460982816293836,0.0016766457119956613,0.7091880018654473,0.25139664804469275,0.4017857142857143,90,358,3.977777777777778,68.3198869228363,192.522756247857,2.8179606981097796,0.7591098546981812,0.5334536168310378,0.6815016269683838,0.05969528996027652,0.00025018620073169175,0.007262213637100851,4.6588581408847745,4.6588581408847745,50.0,70.0,20.0,50.0,90.0,295.0,495.0,0.00016128515481804903,0.012699809243372478,0.006465313337845821,1.1631487150705124,0.9760392964000401,0.07474105656286772,0.006465313337845821,0.010930913880436618,50.0,20.0,30.0,-20.0,20.0,100.0,30.0,30.0,70.0,50.0,50.0,90.0,40.0,40.0,120.0,30.0,30.0,295.0,490.0,5.0,90,90000.0,0.7591098546981812,0.5334536168310378,-0.2256562378671434,0.2256562378671434,0.29726427139700795,small,4.6588581408847745
E09B-8,sample_001967,samples/sample_001967.npz,sample_001967_prediction.npz,0.0011296019656583667,0.0032244492322206497,0.3868456400713536,0.07717041800643087,0.14328358208955225,72,933,12.958333333333334,34.3732488155365,350.3498657894891,10.192515338588917,0.47740623354911804,0.5216794949438837,0.6990100741386414,0.004282733632831986,0.001127290878109838,0.0016738580422073393,2.658810338860441,2.658810338860441,20.0,40.0,20.0,90.0,40.0,195.0,120.0,0.002120472671284074,0.046048590328956585,0.01819059539023749,4.7415253655101814,0.7583986217329521,0.23232487339228614,0.01819059539023749,0.042303367603924204,20.0,20.0,20.0,0.0,0.0,60.0,20.0,20.0,40.0,20.0,20.0,310.0,220.0,220.0,360.0,320.0,320.0,185.0,180.0,60.8276253029822,72,72000.0,0.47740623354911804,0.5216794949438837,0.04427326139476562,0.04427326139476562,0.09273708276833917,small,2.658810338860441
E09B-8,sample_001694,samples/sample_001694.npz,sample_001694_prediction.npz,0.0009831358911469579,0.0033801142126321793,0.7962087558920312,0.3372591006423983,0.5044035228182546,315,934,2.965079365079365,200.4263225197792,522.4526759022493,2.6067068902623345,0.6362740397453308,0.721103604823824,0.86052006483078,0.017703511502818632,0.0009293858968585958,0.001025022766740306,1.9284205155923217,1.9284205155923217,50.0,100.0,50.0,90.0,70.0,305.0,215.0,0.001177216076322082,0.0343105825704269,0.01670055686494212,1.298680222797797,0.9965936564303117,0.23213831591913542,0.01670055686494212,0.029971778004031,50.0,50.0,0.0,-50.0,50.0,130.0,30.0,30.0,130.0,80.0,80.0,240.0,150.0,150.0,200.0,130.0,130.0,350.0,180.0,57.0087712549569,315,315000.0,0.6362740397453308,0.721103604823824,0.08482956507849315,0.08482956507849315,0.13332237334788363,medium,1.9284205155923217
E09B-8,sample_001125,samples/sample_001125.npz,sample_001125_prediction.npz,0.0006431785295717418,0.0023568712640553713,0.6511096613857482,0.17943925233644858,0.30427892234548337,96,535,5.572916666666667,81.36629676818848,281.1321108598495,3.455142018577928,0.8475655913352966,0.6812944315994779,0.7753739356994629,0.03287661005496753,0.0006116698196091043,0.006708719224577672,4.432287789084043,4.432287789084043,60.0,80.0,20.0,80.0,60.0,450.0,180.0,0.0004469073539992726,0.02114018339559221,0.010240223099460207,1.8601410146552544,0.9875024497039923,0.1307225521995981,0.010240223099460207,0.018494463627598236,60.0,20.0,40.0,-20.0,20.0,120.0,40.0,40.0,80.0,60.0,60.0,140.0,60.0,60.0,110.0,50.0,50.0,450.0,175.0,5.0,96,96000.0,0.8475655913352966,0.6812944315994779,-0.16627115973581874,0.16627115973581874,0.19617497623265587,small,4.432287789084043
E09B-8,sample_001461,samples/sample_001461.npz,sample_001461_prediction.npz,0.000731054984498769,0.0027614303398877382,0.7940366287042964,0.4740740740740741,0.6432160804020101,320,675,2.109375,154.81274604797363,398.1438930114992,2.571777215863878,0.4837898313999176,0.6009652822045609,0.86780846118927,0.05447481520605977,0.0005555364914500201,0.0018637350451113453,-2.0279182213739375,2.0279182213739375,40.0,120.0,80.0,50.0,80.0,365.0,240.0,0.0006172089022675618,0.02484368938518516,0.012697261836562909,1.2240961331235387,0.9937080173746894,0.17182522072544526,0.012697261836562909,0.02135388592554819,40.0,80.0,0.0,-40.0,40.0,140.0,20.0,20.0,140.0,60.0,60.0,200.0,150.0,150.0,200.0,120.0,120.0,410.0,210.0,54.08326913195984,320,320000.0,0.4837898313999176,0.6009652822045609,0.11717545080464331,0.11717545080464331,0.24220321139363093,medium,-2.0279182213739375
